emotion,phrase,language
happy,I'm feeling better,en
happy,I'm happy,en
happy,Everything is okay,en
happy,I'm doing great,en
happy,feeling good,en
happy,so happy,en
happy,Masadya ko,hil
happy,Okay na ko,hil
happy,Nami pamatyag ko,hil
happy,Lipay ko,hil
happy,Maayo gid,hil
happy,Masaya ako,fil
happy,Okay na ako,fil
happy,Mabuti ang pakiramdam ko,fil
happy,Maganda ang araw ko,fil
thankful,Thank you,en
thankful,Thanks,en
thankful,Thank you so much,en
thankful,Thanks a lot,en
thankful,Maraming salamat,fil
thankful,Salamat po,fil
thankful,Salamat,hil
thankful,Madamo gid nga salamat,hil
thankful,Thank you gid,hil
thankful,Salamat guid,hil
thankful,Salamat kaayo,hil
relieved,What a relief,en
relieved,I'm relieved,en
relieved,Finally got it,en
relieved,Good to know,en
relieved,Okay na,fil
relieved,Buti na lang,fil
relieved,Ginhawa na ko,fil
relieved,Okay na ko,hil
relieved,Relief na gid,hil
relieved,Maayo na,hil
excited,I'm excited,en
excited,Can't wait,en
excited,Looking forward,en
excited,Excited na ako,fil
excited,Sabik na ako,fil
excited,Excited gid ko,hil
excited,Abir excited ko,hil
curious,I'm curious,en
curious,Just wondering,en
curious,Can you tell me,en
curious,Gusto ko malaman,fil
curious,Ano kaya,fil
curious,Curious lang ko,fil
curious,Gusto ko mahibal-an,hil
curious,Ano kaya ini,hil
confused,I don't understand,en
confused,I'm confused,en
confused,How does this work,en
confused,This is confusing,en
confused,I'm lost,en
confused,Hindi ko maintindihan,fil
confused,Nalilito ako,fil
confused,Paano ito gumagana,fil
confused,Nalipat ko,hil
confused,Wala ko kaintindi,hil
confused,Budlay intindihon,hil
confused,Indi ko masabtan,hil
confused,Nalibog ako,hil
frustrated,This isn't working,en
frustrated,I'm frustrated,en
frustrated,Login won't work,en
frustrated,So frustrating,en
frustrated,This is annoying,en
frustrated,Hindi gumagana,fil
frustrated,Frustrated na ako,fil
frustrated,Ayaw mag-login,fil
frustrated,Kaakig ko,hil
frustrated,Hindi gid mag-login,hil
frustrated,Kapoy na ko sini,hil
frustrated,Indi gid mag-work,hil
frustrated,Frustrated gid ko,hil
worried,I'm worried,en
worried,I'm worried about my health,en
worried,I'm concerned,en
worried,I'm worried about my appointment,en
worried,Nag-aalala ako,fil
worried,Basi may sakit ako,fil
worried,Nabalaka ko,fil
worried,Nabalaka ko kay may hilanat ko,fil
worried,Basi may sakit ko,hil
worried,Kulba ko,hil
worried,Kabalaka ko,hil
anxious,I'm anxious,en
anxious,I feel anxious,en
anxious,Feeling anxious,en
anxious,Ginakulbaan ko,fil
anxious,Kinakabahan ako,fil
anxious,Nahadlok ako,fil
anxious,Nahadlok ko,hil
anxious,Daw indi ko mapanatag,hil
nervous,I'm nervous,en
nervous,I feel nervous,en
nervous,So nervous,en
nervous,Kinakabahan ako,fil
nervous,Nerbiyoso ako,fil
nervous,Kinakabahan gid ko,hil
nervous,Nerbiyoso ko,hil
sad,I'm sad,en
sad,I'm depressed,en
sad,Feeling down,en
sad,So sad,en
sad,Malungkot ako,fil
sad,Depressed ako,fil
sad,Subo ko,hil
sad,Kasubo gid,hil
sad,Daw gusto ko maghibi,hil
sad,Naguiliran ko,hil
lonely,I feel lonely,en
lonely,I'm alone,en
lonely,So lonely,en
lonely,Malungkot mag-isa,fil
lonely,Wala akong kasama,fil
lonely,Wala ko sang upod,hil
lonely,Daw ako lang isa,hil
lonely,Alone lang ko,hil
afraid,I'm scared,en
afraid,I'm afraid,en
afraid,So scared,en
afraid,Natakot ako,fil
afraid,Takot ako,fil
afraid,Nahadlok ko,hil
afraid,Kulba gid ko,hil
afraid,Basi delikado ni,hil
angry,I'm angry,en
angry,This system is terrible,en
angry,So angry,en
angry,Galit ako,fil
angry,Badtrip ako,fil
angry,Kaakig ko,hil
angry,Badtrip gid ko,hil
angry,Akig gid ko,hil
disappointed,I'm disappointed,en
disappointed,So disappointed,en
disappointed,Let down,en
disappointed,Nadismaya ako,fil
disappointed,Disappointed ako,fil
disappointed,Nadismaya ko,hil
disappointed,Disappointed gid ko,hil
stressed,I'm stressed,en
stressed,So stressed,en
stressed,Overwhelmed,en
stressed,Stressed na ako,fil
stressed,Stress na stress,fil
stressed,Kapoy na gid ko,hil
stressed,Stress na stress ko,hil
stressed,Daw indi ko na kaya,hil
tired,I'm exhausted,en
tired,I'm tired,en
tired,So tired,en
tired,No energy,en
tired,Pagod na ako,fil
tired,Wala na akong lakas,fil
tired,Kapoy ko,hil
tired,Kapoy na gid ko,hil
tired,Wala na ko energy,hil
hopeless,I feel hopeless,en
hopeless,No hope,en
hopeless,Hopeless na,fil
hopeless,Wala na akong pag-asa,fil
hopeless,Wala na paglaum,hil
hopeless,Hopeless na ko,hil
panic,I don't know what to do,en
panic,I'm panicking,en
panic,Need help now,en
panic,Help me,en
panic,Hindi ko alam gagawin,fil
panic,Nag-ppanic ako,fil
panic,Ginapanik ko,hil
panic,Buligi ko,hil
panic,Need help,hil
panic,Indi ko bal-an ano himuon,hil
emergency,I can't breathe,en
emergency,Chest pain,en
emergency,I'm bleeding,en
emergency,Someone collapsed,en
emergency,Heart attack,en
emergency,Stroke,en
emergency,Can't breathe,en
emergency,Severe bleeding,en
emergency,Hirap huminga,fil
emergency,Masakit ang dibdib,fil
emergency,Grabe ang pagdurugo,fil
emergency,Nawalan ng malay,fil
emergency,Nagaginhawa ko budlay,hil
emergency,Ginabatyag ko sakit sa dughan,hil
emergency,Grabe nga pagdugo,hil
emergency,Wala siya sang panimuot,hil
emergency,Nagakombulsyon,hil
emergency,Indi makaginhawa,hil
emergency,Indi makahinga,hil
emergency,Someone passed out,en
emergency,Nahihirapan huminga,fil
emergency,Atake sa puso,fil
emergency,Nagdurugo ng malala,fil
emergency,Nahimo ko,hil
emergency,Nagtumble ang lola ko,fil
frustrated,This isn't working at all,en
frustrated,I forgot my password and I'm frustrated,en
frustrated,Ayaw talaga mag-login,fil
frustrated,Budlay gid mag-login,hil
frustrated,Kapoy na gid ko sini,hil
frustrated,Hindi gid mag-login sa account ko,fil
worried,Basi may sakit ang bata,fil
worried,Kulba ko parte sa appointment,hil
anxious,I'm anxious about my health,en
anxious,Ginakulbaan ko parte sa konsultasyon,fil
anxious,Daw indi ko mapanatag subong,hil
confused,How does medconnect work,en
confused,Paano gumagana ang medconnect,fil
confused,Paano magamit ang medconnect,hil
confused,Budlay intindihon ang sistema,hil
thankful,Thank you so much for your help,en
thankful,Maraming salamat sa tulong,fil
thankful,Damo gid nga salamat sa bulig,hil
panic,I don't know what to do anymore,en
panic,Ano na ang gagawin ko,fil
panic,Indi ko na bal-an ano himuon ko,hil
lonely,Wala ako makakausap,fil
lonely,Wala ko sang may maistoryahan,hil
sad,Subo gid ang buhay ko,hil
sad,Sobrang lungkot,fil
angry,Ang panget ng system na to,fil
angry,Grabe kaayo ni nga sistema,hil
stressed,Stress na stress na ako,fil
stressed,Grabeng stress ko subong,hil
tired,Wala na akong lakas magpatuloy,fil
tired,Wala na ko kusog,hil
hopeless,Parang wala nang solusyon,fil
hopeless,Wala na solusyon,hil
hopeless,Gusto ko nang mamatay,fil
hopeless,Gusto ko ng mamatay,fil
hopeless,Gusto ko mamatay,fil
hopeless,Buot ko magpakamatay,hil
hopeless,Ayaw ko mabuhay,fil
hopeless,Wala na koy paglaum,hil
sick,May hilanat ko,fil
sick,Sakit ulo ko,fil
pain,Sakit dughan ko,fil
pain,Gasuka ko,fil
hopeless,Wala na akong gustong mabuhay,fil
curious,Paano mag-book ng appointment,fil
curious,Diin ko maka-book sang appointment,hil
curious,Pwede ko mag-book sang appointment,hil
curious,Need ko mag-reset sang password,hil
curious,Hindi ako maka-login sa account ko,fil
relieved,Salamat okay na ang login,fil
relieved,Salamat guid okay na,hil
excited,Excited na mag-book ng appointment,fil
excited,Excited na ko mag konsulta,hil
disappointed,Hindi nag-work ang appointment ko,fil
disappointed,Indi nag-work ang appointment ko,hil
nervous,Kinakabahan ako sa video consult,fil
nervous,Kinakabahan ko sa video konsultasyon,hil
afraid,Basi delikado ang sintomas ko,fil
happy,Maayo na ang tanan subong,hil
happy,Okay na ang tanan,fil
happy,malipayon ko,hil
happy,okay lang ko,hil
relieved,okay lang,hil
tired,ginakapoy ko,hil
sad,nasubo ko,hil
anxious,kulbaan ko,hil
frustrated,nabudlayan ko,hil
stressed,na-stress ko,hil
stressed,na stress ko,hil
angry,akig ko,hil
irritated,lain gid ya,hil
irritated,lain gid,hil
uncertain,indi ko kabalo,hil
uncertain,wala ko kasabot,hil
confused,ano ni,hil
confused,ano ini,hil
thankful,salamat gid,hil
mixed,pero nahadlok ko,hil
mixed,pero kapoy ko,hil
uncertain,indi ko gusto,hil
thankful,amo gid,hil
thankful,oo gid,hil
surprised,grabe,hil
sad,hay,hil
happy,hahaha,hil
sad,naguol ko,hil
sad,naghuoy ko,hil
sad,gusto ko maghibi,hil
sad,nagkasubo ko,hil
sad,subo gid ko,hil
sad,subo gid ya,hil
sad,malain gid pamatyagon ko,hil
sad,budlay gid ang adlaw ko,hil
sad,wala laman ko,hil
sad,feeling empty ko,hil
sad,broken heart ko,hil
sad,heartbroken ko,hil
sad,hay grabe,hil
sad,hay grabe ya,hil
sad,sigh,hil
lonely,miss ko ang pamilya,hil
lonely,miss ko sila,hil
lonely,miss ko ang balay,hil
lonely,wala ko sang kaistoryahan,hil
lonely,isa lang gid ko,hil
lonely,daw wala ko upod,hil
worried,nagabalaka ko,hil
worried,ginakabalaka ko,hil
worried,basi may problema,hil
worried,basi delikado,hil
worried,kabalaka gid ko,hil
worried,nabalaka gid ko subong,hil
anxious,kinabahan ko,hil
anxious,kinabahan ko sa konsultasyon,hil
anxious,kulba gid ko subong,hil
anxious,daw indi ko kaya,hil
anxious,indi ko kaya na,hil
afraid,nahadlok ko magpa check up,hil
afraid,nahadlok ko sa ospital,hil
afraid,takot gid ko,hil
afraid,medyo nahadlok ko,hil
stressed,sobra nga stress,hil
stressed,sobra stress ko,hil
stressed,stress gid ya,hil
stressed,grabeng problema,hil
stressed,daw indi ko kaya tanan,hil
tired,pagod na gid ko ya,hil
tired,kapoy na ko sa tanan,hil
tired,ginakapoy na gid ko,hil
tired,exhausted gid ko,hil
frustrated,badtrip ko,hil
frustrated,bad trip ko,hil
frustrated,indi gid mag work,hil
frustrated,indi gid mag function,hil
frustrated,tama na ya,hil
frustrated,tama na,hil
irritated,nainis gid ko,hil
irritated,nainis ko gid ya,hil
irritated,astang grabe,hil
irritated,asta grabe,hil
angry,akig na gid ko,hil
angry,akig gid ya,hil
angry,galit na ko,hil
angry,sobra akig ko,hil
disappointed,nadismaya gid ko,hil
disappointed,bitin gid,hil
disappointed,indi ko ginalauman,hil
hopeless,wala gid ko paglaum,hil
hopeless,daw wala na solusyon,hil
hopeless,walang saysay,hil
hopeless,wala sense,hil
hopeless,indi ko gusto magpadayon,hil
grief,naglubong ang tatay ko,hil
grief,namatay ang lola ko,hil
grief,nawala ang mahal ko,hil
embarrassed,nahuya gid ko,hil
embarrassed,huya gid ko,hil
embarrassed,nakahuya ko,hil
ashamed,may hiya ko,hil
ashamed,nahuya ko magpa check,hil
guilty,may guilt ko,hil
guilty,guilty gid ko,hil
guilty,kasalanan ko ini,hil
jealous,naiinggit ko,hil
jealous,selos ko,hil
jealous,inggit ko sa ila,hil
bored,wala gid ko gana,hil
bored,bored gid ko,hil
bored,indi ko gusto maghimo,hil
confused,naglibog ko,hil
confused,libog ko,hil
confused,ano ah,hil
confused,anu ah,hil
confused,ano ni ya,hil
uncertain,indi ko sure,hil
uncertain,di ko sure,hil
uncertain,hindi ko alam,hil
uncertain,indi ko maintindihan,hil
uncertain,wala ko kasabot gid,hil
happy,lipay gid ko,hil
happy,masadya gid ko,hil
happy,nami gid ang pamatyag ko,hil
happy,sobra lipay ko,hil
happy,hahaha grabe,hil
thankful,salamat kaayo gid,hil
thankful,damo gid nga salamat,hil
thankful,thank you gid kaayo,hil
thankful,salamat sa bulig gid,hil
relieved,ginhawa na gid ko,hil
relieved,okay na gid tanan,hil
relieved,maayo na gid,hil
excited,sabik na gid ko,hil
excited,excited gid ya,hil
excited,daw indi ko makahulat,hil
surprised,grabe gid ya,hil
surprised,grabe kaayo,hil
surprised,wow gid,hil
surprised,nagulat gid ko,hil
affectionate,miss ko kamo,hil
affectionate,gihigugma ko kamo,hil
affectionate,malambing ko subong,hil
mixed,pero ginakulbaan ko,hil
mixed,pero nabalaka ko,hil
mixed,pero sad ko,hil
mixed,pero akig ko,hil
mixed,pero indi ko gusto,hil
mixed,okay lang pero nahadlok,hil
mixed,okay pero sad,hil
panic,buligi ko daw,hil
panic,tabangi ko daw,hil
panic,kinahanglan ko sang dulungan,hil
panic,ano himuon ko na,hil
panic,ano na himuon ko,hil
panic,daw wala ko kabalo,hil
pain,gasakit lawas ko,hil
pain,masakit gid ang ulo ko,hil
pain,sakit gid ang tiyan ko,hil
sick,may sipon ko,hil
sick,may ubo ko,hil
sick,gasuka ko subong,hil
sick,daw may hilanat ko,hil
overwhelmed,daw wala na ko gana,hil
overwhelmed,wala na ko gana sa tanan,hil
overwhelmed,sobra nga problema,hil
thankful,amo gid salamat,hil
thankful,oo gid salamat,hil
thankful,sige salamat,hil
uncertain,indi ko gusto pero,hil
uncertain,indi gid ko gusto,hil
uncertain,wala ko gusto,hil
happy,sige lang ko,hil
happy,medyo okay lang,hil
happy,medyo okay,hil
frustrated,yawa,hil
frustrated,bwesit na,hil
worried,d nko kaginhawa,hil
worried,budlay ginhawa,hil
afraid,d nko mahadlok,hil
sad,d ko kaya,hil
sad,wla ko gana,hil
confused,d ko kasabot,hil
anxious,d ko mapanatag,hil
tired,wla ko kusog,hil
stressed,grabeng stress gid,hil
lonely,wla ko storya,hil
happy,amo man,hil
happy,oo man,hil
thankful,amo gid man,hil
mixed,pero man,hil
mixed,pero gid,hil
sad,indi man,hil
worried,basi lang,hil
curious,ano man ini,hil
curious,paano man,hil
happy,i'm happy with login,en
happy,i'm happy with sign in,en
happy,i'm happy with my account,en
happy,i'm happy with appointment,en
happy,i'm happy with booking,en
happy,i'm happy with password,en
happy,i'm happy with medconnect,en
happy,i'm happy with the website,en
happy,i'm happy with registration,en
happy,i'm happy about my appointment,en
happy,i'm happy about my health,en
happy,i'm happy about my records,en
happy,so i'm happy,en
happy,i'm happy so,en
happy,very i'm happy,en
happy,i'm happy very,en
happy,really i'm happy,en
happy,i'm happy really,en
happy,super i'm happy,en
happy,i'm happy super,en
happy,extremely i'm happy,en
happy,i'm happy extremely,en
happy,quite i'm happy,en
happy,i'm happy quite,en
happy,i'm feeling better with login,en
happy,i'm feeling better with sign in,en
happy,i'm feeling better with my account,en
happy,i'm feeling better with appointment,en
happy,i'm feeling better with booking,en
happy,i'm feeling better with password,en
happy,i'm feeling better with medconnect,en
happy,i'm feeling better with the website,en
happy,i'm feeling better with registration,en
happy,i'm feeling better about my appointment,en
happy,i'm feeling better about my health,en
happy,i'm feeling better about my records,en
happy,so i'm feeling better,en
happy,i'm feeling better so,en
happy,very i'm feeling better,en
happy,i'm feeling better very,en
happy,really i'm feeling better,en
happy,i'm feeling better really,en
happy,super i'm feeling better,en
happy,i'm feeling better super,en
happy,extremely i'm feeling better,en
happy,i'm feeling better extremely,en
happy,quite i'm feeling better,en
happy,i'm feeling better quite,en
happy,everything is okay with login,en
happy,everything is okay with sign in,en
happy,everything is okay with my account,en
happy,everything is okay with appointment,en
happy,everything is okay with booking,en
happy,everything is okay with password,en
happy,everything is okay with medconnect,en
happy,everything is okay with the website,en
happy,everything is okay with registration,en
happy,everything is okay about my appointment,en
happy,everything is okay about my health,en
happy,everything is okay about my records,en
happy,so everything is okay,en
happy,everything is okay so,en
happy,very everything is okay,en
happy,everything is okay very,en
happy,really everything is okay,en
happy,everything is okay really,en
happy,super everything is okay,en
happy,everything is okay super,en
happy,extremely everything is okay,en
happy,everything is okay extremely,en
happy,quite everything is okay,en
happy,everything is okay quite,en
happy,i'm doing great with login,en
happy,i'm doing great with sign in,en
happy,i'm doing great with my account,en
happy,i'm doing great with appointment,en
happy,i'm doing great with booking,en
happy,i'm doing great with password,en
happy,i'm doing great with medconnect,en
happy,i'm doing great with the website,en
happy,i'm doing great with registration,en
happy,i'm doing great about my appointment,en
happy,i'm doing great about my health,en
happy,i'm doing great about my records,en
happy,so i'm doing great,en
happy,i'm doing great so,en
happy,very i'm doing great,en
happy,i'm doing great very,en
happy,really i'm doing great,en
happy,i'm doing great really,en
happy,super i'm doing great,en
happy,i'm doing great super,en
happy,extremely i'm doing great,en
happy,i'm doing great extremely,en
happy,quite i'm doing great,en
happy,i'm doing great quite,en
happy,feeling good today,en
happy,feeling good today with login,en
happy,feeling good today with sign in,en
happy,feeling good today with my account,en
happy,feeling good today with appointment,en
happy,feeling good today with booking,en
happy,feeling good today with password,en
happy,feeling good today with medconnect,en
happy,feeling good today with the website,en
happy,feeling good today with registration,en
happy,feeling good today about my appointment,en
happy,feeling good today about my health,en
happy,feeling good today about my records,en
happy,so feeling good today,en
happy,feeling good today so,en
happy,very feeling good today,en
happy,feeling good today very,en
happy,really feeling good today,en
happy,feeling good today really,en
happy,super feeling good today,en
happy,feeling good today super,en
happy,extremely feeling good today,en
happy,feeling good today extremely,en
happy,quite feeling good today,en
happy,feeling good today quite,en
happy,so happy with login,en
happy,so happy with sign in,en
happy,so happy with my account,en
happy,so happy with appointment,en
happy,so happy with booking,en
happy,so happy with password,en
happy,so happy with medconnect,en
happy,so happy with the website,en
happy,so happy with registration,en
happy,so happy about my appointment,en
happy,so happy about my health,en
happy,so happy about my records,en
happy,so so happy,en
happy,so happy so,en
happy,very so happy,en
happy,so happy very,en
happy,really so happy,en
happy,so happy really,en
happy,super so happy,en
happy,so happy super,en
happy,extremely so happy,en
happy,so happy extremely,en
happy,quite so happy,en
happy,so happy quite,en
happy,great day,en
happy,great day with login,en
happy,great day with sign in,en
happy,great day with my account,en
happy,great day with appointment,en
happy,great day with booking,en
happy,great day with password,en
happy,great day with medconnect,en
happy,great day with the website,en
happy,great day with registration,en
happy,great day about my appointment,en
happy,great day about my health,en
happy,great day about my records,en
happy,so great day,en
happy,great day so,en
happy,very great day,en
happy,great day very,en
happy,really great day,en
happy,great day really,en
happy,super great day,en
happy,great day super,en
happy,extremely great day,en
happy,great day extremely,en
happy,quite great day,en
happy,great day quite,en
happy,wonderful,en
happy,wonderful with login,en
happy,wonderful with sign in,en
happy,wonderful with my account,en
happy,wonderful with appointment,en
happy,wonderful with booking,en
happy,wonderful with password,en
happy,wonderful with medconnect,en
happy,wonderful with the website,en
happy,wonderful with registration,en
happy,wonderful about my appointment,en
happy,wonderful about my health,en
happy,wonderful about my records,en
happy,so wonderful,en
happy,wonderful so,en
happy,very wonderful,en
happy,wonderful very,en
happy,really wonderful,en
happy,wonderful really,en
happy,super wonderful,en
happy,wonderful super,en
happy,extremely wonderful,en
happy,wonderful extremely,en
happy,quite wonderful,en
happy,wonderful quite,en
happy,all good,en
happy,all good with login,en
happy,all good with sign in,en
happy,all good with my account,en
happy,all good with appointment,en
happy,all good with booking,en
happy,all good with password,en
happy,all good with medconnect,en
happy,all good with the website,en
happy,all good with registration,en
happy,all good about my appointment,en
happy,all good about my health,en
happy,all good about my records,en
happy,so all good,en
happy,all good so,en
happy,very all good,en
happy,all good very,en
happy,really all good,en
happy,all good really,en
happy,super all good,en
happy,all good super,en
happy,extremely all good,en
happy,all good extremely,en
happy,quite all good,en
happy,all good quite,en
happy,much better now,en
happy,much better now with login,en
happy,much better now with sign in,en
happy,much better now with my account,en
happy,much better now with appointment,en
happy,much better now with booking,en
happy,much better now with password,en
happy,much better now with medconnect,en
happy,much better now with the website,en
happy,much better now with registration,en
happy,much better now about my appointment,en
happy,much better now about my health,en
happy,much better now about my records,en
happy,so much better now,en
happy,much better now so,en
happy,very much better now,en
happy,much better now very,en
happy,really much better now,en
happy,much better now really,en
happy,super much better now,en
happy,much better now super,en
happy,extremely much better now,en
happy,much better now extremely,en
happy,quite much better now,en
happy,much better now quite,en
happy,feeling fine,en
happy,feeling fine with login,en
happy,feeling fine with sign in,en
happy,feeling fine with my account,en
happy,feeling fine with appointment,en
happy,feeling fine with booking,en
happy,feeling fine with password,en
happy,feeling fine with medconnect,en
happy,feeling fine with the website,en
happy,feeling fine with registration,en
happy,feeling fine about my appointment,en
happy,feeling fine about my health,en
happy,feeling fine about my records,en
happy,so feeling fine,en
happy,feeling fine so,en
happy,very feeling fine,en
happy,feeling fine very,en
happy,really feeling fine,en
happy,feeling fine really,en
happy,super feeling fine,en
happy,feeling fine super,en
happy,extremely feeling fine,en
happy,feeling fine extremely,en
happy,quite feeling fine,en
happy,feeling fine quite,en
happy,i'm okay now,en
happy,i'm okay now with login,en
happy,i'm okay now with sign in,en
happy,i'm okay now with my account,en
happy,i'm okay now with appointment,en
happy,i'm okay now with booking,en
happy,i'm okay now with password,en
happy,i'm okay now with medconnect,en
happy,i'm okay now with the website,en
happy,i'm okay now with registration,en
happy,i'm okay now about my appointment,en
happy,i'm okay now about my health,en
happy,i'm okay now about my records,en
happy,so i'm okay now,en
happy,i'm okay now so,en
happy,very i'm okay now,en
happy,i'm okay now very,en
happy,really i'm okay now,en
happy,i'm okay now really,en
happy,super i'm okay now,en
happy,i'm okay now super,en
happy,extremely i'm okay now,en
happy,i'm okay now extremely,en
happy,quite i'm okay now,en
happy,i'm okay now quite,en
happy,things are good,en
happy,things are good with login,en
happy,things are good with sign in,en
happy,things are good with my account,en
happy,things are good with appointment,en
happy,things are good with booking,en
happy,things are good with password,en
happy,things are good with medconnect,en
happy,things are good with the website,en
happy,things are good with registration,en
happy,things are good about my appointment,en
happy,things are good about my health,en
happy,things are good about my records,en
happy,so things are good,en
happy,things are good so,en
happy,very things are good,en
happy,things are good very,en
happy,really things are good,en
happy,things are good really,en
happy,super things are good,en
happy,things are good super,en
happy,extremely things are good,en
happy,things are good extremely,en
happy,quite things are good,en
happy,things are good quite,en
happy,masaya ako sa login,fil
happy,masaya ako sa account ko,fil
happy,masaya ako sa appointment,fil
happy,masaya ako sa password,fil
happy,masaya ako sa medconnect,fil
happy,masaya ako sa pag-book,fil
happy,masaya ako sa registration,fil
happy,masaya ako tungkol sa appointment,fil
happy,masaya ako sa kalusugan ko,fil
happy,sobrang masaya ako,fil
happy,masaya ako sobrang,fil
happy,talaga masaya ako,fil
happy,masaya ako talaga,fil
happy,grabe masaya ako,fil
happy,masaya ako grabe,fil
happy,napaka masaya ako,fil
happy,masaya ako napaka,fil
happy,super masaya ako,fil
happy,masaya ako super,fil
happy,okay na ako sa login,fil
happy,okay na ako sa account ko,fil
happy,okay na ako sa appointment,fil
happy,okay na ako sa password,fil
happy,okay na ako sa medconnect,fil
happy,okay na ako sa pag-book,fil
happy,okay na ako sa registration,fil
happy,okay na ako tungkol sa appointment,fil
happy,okay na ako sa kalusugan ko,fil
happy,sobrang okay na ako,fil
happy,okay na ako sobrang,fil
happy,talaga okay na ako,fil
happy,okay na ako talaga,fil
happy,grabe okay na ako,fil
happy,okay na ako grabe,fil
happy,napaka okay na ako,fil
happy,okay na ako napaka,fil
happy,super okay na ako,fil
happy,okay na ako super,fil
happy,mabuti ang pakiramdam ko sa login,fil
happy,mabuti ang pakiramdam ko sa account ko,fil
happy,mabuti ang pakiramdam ko sa appointment,fil
happy,mabuti ang pakiramdam ko sa password,fil
happy,mabuti ang pakiramdam ko sa medconnect,fil
happy,mabuti ang pakiramdam ko sa pag-book,fil
happy,mabuti ang pakiramdam ko sa registration,fil
happy,mabuti ang pakiramdam ko tungkol sa appointment,fil
happy,mabuti ang pakiramdam ko sa kalusugan ko,fil
happy,sobrang mabuti ang pakiramdam ko,fil
happy,mabuti ang pakiramdam ko sobrang,fil
happy,talaga mabuti ang pakiramdam ko,fil
happy,mabuti ang pakiramdam ko talaga,fil
happy,grabe mabuti ang pakiramdam ko,fil
happy,mabuti ang pakiramdam ko grabe,fil
happy,napaka mabuti ang pakiramdam ko,fil
happy,mabuti ang pakiramdam ko napaka,fil
happy,super mabuti ang pakiramdam ko,fil
happy,mabuti ang pakiramdam ko super,fil
happy,maganda ang araw ko sa login,fil
happy,maganda ang araw ko sa account ko,fil
happy,maganda ang araw ko sa appointment,fil
happy,maganda ang araw ko sa password,fil
happy,maganda ang araw ko sa medconnect,fil
happy,maganda ang araw ko sa pag-book,fil
happy,maganda ang araw ko sa registration,fil
happy,maganda ang araw ko tungkol sa appointment,fil
happy,maganda ang araw ko sa kalusugan ko,fil
happy,sobrang maganda ang araw ko,fil
happy,maganda ang araw ko sobrang,fil
happy,talaga maganda ang araw ko,fil
happy,maganda ang araw ko talaga,fil
happy,grabe maganda ang araw ko,fil
happy,maganda ang araw ko grabe,fil
happy,napaka maganda ang araw ko,fil
happy,maganda ang araw ko napaka,fil
happy,super maganda ang araw ko,fil
happy,maganda ang araw ko super,fil
happy,masaya na ako,fil
happy,masaya na ako sa login,fil
happy,masaya na ako sa account ko,fil
happy,masaya na ako sa appointment,fil
happy,masaya na ako sa password,fil
happy,masaya na ako sa medconnect,fil
happy,masaya na ako sa pag-book,fil
happy,masaya na ako sa registration,fil
happy,masaya na ako tungkol sa appointment,fil
happy,masaya na ako sa kalusugan ko,fil
happy,sobrang masaya na ako,fil
happy,masaya na ako sobrang,fil
happy,talaga masaya na ako,fil
happy,masaya na ako talaga,fil
happy,grabe masaya na ako,fil
happy,masaya na ako grabe,fil
happy,napaka masaya na ako,fil
happy,masaya na ako napaka,fil
happy,super masaya na ako,fil
happy,masaya na ako super,fil
happy,maayos na,fil
happy,maayos na sa login,fil
happy,maayos na sa account ko,fil
happy,maayos na sa appointment,fil
happy,maayos na sa password,fil
happy,maayos na sa medconnect,fil
happy,maayos na sa pag-book,fil
happy,maayos na sa registration,fil
happy,maayos na tungkol sa appointment,fil
happy,maayos na sa kalusugan ko,fil
happy,sobrang maayos na,fil
happy,maayos na sobrang,fil
happy,talaga maayos na,fil
happy,maayos na talaga,fil
happy,grabe maayos na,fil
happy,maayos na grabe,fil
happy,napaka maayos na,fil
happy,maayos na napaka,fil
happy,super maayos na,fil
happy,maayos na super,fil
happy,buti na,fil
happy,buti na sa login,fil
happy,buti na sa account ko,fil
happy,buti na sa appointment,fil
happy,buti na sa password,fil
happy,buti na sa medconnect,fil
happy,buti na sa pag-book,fil
happy,buti na sa registration,fil
happy,buti na tungkol sa appointment,fil
happy,buti na sa kalusugan ko,fil
happy,sobrang buti na,fil
happy,buti na sobrang,fil
happy,talaga buti na,fil
happy,buti na talaga,fil
happy,grabe buti na,fil
happy,buti na grabe,fil
happy,napaka buti na,fil
happy,buti na napaka,fil
happy,super buti na,fil
happy,buti na super,fil
happy,okay na,fil
happy,okay na sa login,fil
happy,okay na sa account ko,fil
happy,okay na sa appointment,fil
happy,okay na sa password,fil
happy,okay na sa medconnect,fil
happy,okay na sa pag-book,fil
happy,okay na sa registration,fil
happy,okay na tungkol sa appointment,fil
happy,okay na sa kalusugan ko,fil
happy,sobrang okay na,fil
happy,okay na sobrang,fil
happy,talaga okay na,fil
happy,okay na talaga,fil
happy,grabe okay na,fil
happy,okay na grabe,fil
happy,napaka okay na,fil
happy,okay na napaka,fil
happy,super okay na,fil
happy,okay na super,fil
happy,maligaya ako,fil
happy,maligaya ako sa login,fil
happy,maligaya ako sa account ko,fil
happy,maligaya ako sa appointment,fil
happy,maligaya ako sa password,fil
happy,maligaya ako sa medconnect,fil
happy,maligaya ako sa pag-book,fil
happy,maligaya ako sa registration,fil
happy,maligaya ako tungkol sa appointment,fil
happy,maligaya ako sa kalusugan ko,fil
happy,sobrang maligaya ako,fil
happy,maligaya ako sobrang,fil
happy,talaga maligaya ako,fil
happy,maligaya ako talaga,fil
happy,grabe maligaya ako,fil
happy,maligaya ako grabe,fil
happy,napaka maligaya ako,fil
happy,maligaya ako napaka,fil
happy,super maligaya ako,fil
happy,maligaya ako super,fil
happy,maganda ang feeling ko,fil
happy,maganda ang feeling ko sa login,fil
happy,maganda ang feeling ko sa account ko,fil
happy,maganda ang feeling ko sa appointment,fil
happy,maganda ang feeling ko sa password,fil
happy,maganda ang feeling ko sa medconnect,fil
happy,maganda ang feeling ko sa pag-book,fil
happy,maganda ang feeling ko sa registration,fil
happy,maganda ang feeling ko tungkol sa appointment,fil
happy,maganda ang feeling ko sa kalusugan ko,fil
happy,sobrang maganda ang feeling ko,fil
happy,maganda ang feeling ko sobrang,fil
happy,talaga maganda ang feeling ko,fil
happy,maganda ang feeling ko talaga,fil
happy,grabe maganda ang feeling ko,fil
happy,maganda ang feeling ko grabe,fil
happy,napaka maganda ang feeling ko,fil
happy,maganda ang feeling ko napaka,fil
happy,super maganda ang feeling ko,fil
happy,maganda ang feeling ko super,fil
happy,ayos na ako,fil
happy,ayos na ako sa login,fil
happy,ayos na ako sa account ko,fil
happy,ayos na ako sa appointment,fil
happy,ayos na ako sa password,fil
happy,ayos na ako sa medconnect,fil
happy,ayos na ako sa pag-book,fil
happy,ayos na ako sa registration,fil
happy,ayos na ako tungkol sa appointment,fil
happy,ayos na ako sa kalusugan ko,fil
happy,sobrang ayos na ako,fil
happy,ayos na ako sobrang,fil
happy,talaga ayos na ako,fil
happy,ayos na ako talaga,fil
happy,grabe ayos na ako,fil
happy,ayos na ako grabe,fil
happy,napaka ayos na ako,fil
happy,ayos na ako napaka,fil
happy,super ayos na ako,fil
happy,ayos na ako super,fil
happy,gumaan ang pakiramdam ko,fil
happy,gumaan ang pakiramdam ko sa login,fil
happy,gumaan ang pakiramdam ko sa account ko,fil
happy,gumaan ang pakiramdam ko sa appointment,fil
happy,gumaan ang pakiramdam ko sa password,fil
happy,gumaan ang pakiramdam ko sa medconnect,fil
happy,gumaan ang pakiramdam ko sa pag-book,fil
happy,gumaan ang pakiramdam ko sa registration,fil
happy,gumaan ang pakiramdam ko tungkol sa appointment,fil
happy,gumaan ang pakiramdam ko sa kalusugan ko,fil
happy,sobrang gumaan ang pakiramdam ko,fil
happy,gumaan ang pakiramdam ko sobrang,fil
happy,talaga gumaan ang pakiramdam ko,fil
happy,gumaan ang pakiramdam ko talaga,fil
happy,grabe gumaan ang pakiramdam ko,fil
happy,gumaan ang pakiramdam ko grabe,fil
happy,napaka gumaan ang pakiramdam ko,fil
happy,gumaan ang pakiramdam ko napaka,fil
happy,super gumaan ang pakiramdam ko,fil
happy,gumaan ang pakiramdam ko super,fil
happy,masadya ko sa login,hil
happy,masadya ko sa account ko,hil
happy,masadya ko sa appointment,hil
happy,masadya ko sa password,hil
happy,masadya ko sa medconnect,hil
happy,masadya ko sa pag-book,hil
happy,masadya ko sa registration,hil
happy,masadya ko parte sa appointment,hil
happy,masadya ko sa akon kahimsog,hil
happy,gid masadya ko,hil
happy,masadya ko gid,hil
happy,kaayo masadya ko,hil
happy,masadya ko kaayo,hil
happy,grabe masadya ko,hil
happy,masadya ko grabe,hil
happy,super masadya ko,hil
happy,masadya ko super,hil
happy,talaga masadya ko,hil
happy,masadya ko talaga,hil
happy,okay na ko sa login,hil
happy,okay na ko sa account ko,hil
happy,okay na ko sa appointment,hil
happy,okay na ko sa password,hil
happy,okay na ko sa medconnect,hil
happy,okay na ko sa pag-book,hil
happy,okay na ko sa registration,hil
happy,okay na ko parte sa appointment,hil
happy,okay na ko sa akon kahimsog,hil
happy,gid okay na ko,hil
happy,okay na ko gid,hil
happy,kaayo okay na ko,hil
happy,okay na ko kaayo,hil
happy,grabe okay na ko,hil
happy,okay na ko grabe,hil
happy,super okay na ko,hil
happy,okay na ko super,hil
happy,talaga okay na ko,hil
happy,okay na ko talaga,hil
happy,nami pamatyag ko sa login,hil
happy,nami pamatyag ko sa account ko,hil
happy,nami pamatyag ko sa appointment,hil
happy,nami pamatyag ko sa password,hil
happy,nami pamatyag ko sa medconnect,hil
happy,nami pamatyag ko sa pag-book,hil
happy,nami pamatyag ko sa registration,hil
happy,nami pamatyag ko parte sa appointment,hil
happy,nami pamatyag ko sa akon kahimsog,hil
happy,gid nami pamatyag ko,hil
happy,nami pamatyag ko gid,hil
happy,kaayo nami pamatyag ko,hil
happy,nami pamatyag ko kaayo,hil
happy,grabe nami pamatyag ko,hil
happy,nami pamatyag ko grabe,hil
happy,super nami pamatyag ko,hil
happy,nami pamatyag ko super,hil
happy,talaga nami pamatyag ko,hil
happy,nami pamatyag ko talaga,hil
happy,lipay ko sa login,hil
happy,lipay ko sa account ko,hil
happy,lipay ko sa appointment,hil
happy,lipay ko sa password,hil
happy,lipay ko sa medconnect,hil
happy,lipay ko sa pag-book,hil
happy,lipay ko sa registration,hil
happy,lipay ko parte sa appointment,hil
happy,lipay ko sa akon kahimsog,hil
happy,gid lipay ko,hil
happy,lipay ko gid,hil
happy,kaayo lipay ko,hil
happy,lipay ko kaayo,hil
happy,grabe lipay ko,hil
happy,lipay ko grabe,hil
happy,super lipay ko,hil
happy,lipay ko super,hil
happy,talaga lipay ko,hil
happy,lipay ko talaga,hil
happy,maayo gid sa login,hil
happy,maayo gid sa account ko,hil
happy,maayo gid sa appointment,hil
happy,maayo gid sa password,hil
happy,maayo gid sa medconnect,hil
happy,maayo gid sa pag-book,hil
happy,maayo gid sa registration,hil
happy,maayo gid parte sa appointment,hil
happy,maayo gid sa akon kahimsog,hil
happy,gid maayo gid,hil
happy,maayo gid gid,hil
happy,kaayo maayo gid,hil
happy,maayo gid kaayo,hil
happy,grabe maayo gid,hil
happy,maayo gid grabe,hil
happy,super maayo gid,hil
happy,maayo gid super,hil
happy,talaga maayo gid,hil
happy,maayo gid talaga,hil
happy,maayo na ko,hil
happy,maayo na ko sa login,hil
happy,maayo na ko sa account ko,hil
happy,maayo na ko sa appointment,hil
happy,maayo na ko sa password,hil
happy,maayo na ko sa medconnect,hil
happy,maayo na ko sa pag-book,hil
happy,maayo na ko sa registration,hil
happy,maayo na ko parte sa appointment,hil
happy,maayo na ko sa akon kahimsog,hil
happy,gid maayo na ko,hil
happy,maayo na ko gid,hil
happy,kaayo maayo na ko,hil
happy,maayo na ko kaayo,hil
happy,grabe maayo na ko,hil
happy,maayo na ko grabe,hil
happy,super maayo na ko,hil
happy,maayo na ko super,hil
happy,talaga maayo na ko,hil
happy,maayo na ko talaga,hil
happy,nami gid,hil
happy,nami gid sa login,hil
happy,nami gid sa account ko,hil
happy,nami gid sa appointment,hil
happy,nami gid sa password,hil
happy,nami gid sa medconnect,hil
happy,nami gid sa pag-book,hil
happy,nami gid sa registration,hil
happy,nami gid parte sa appointment,hil
happy,nami gid sa akon kahimsog,hil
happy,gid nami gid,hil
happy,nami gid gid,hil
happy,kaayo nami gid,hil
happy,nami gid kaayo,hil
happy,grabe nami gid,hil
happy,nami gid grabe,hil
happy,super nami gid,hil
happy,nami gid super,hil
happy,talaga nami gid,hil
happy,nami gid talaga,hil
happy,lipay na ko,hil
happy,lipay na ko sa login,hil
happy,lipay na ko sa account ko,hil
happy,lipay na ko sa appointment,hil
happy,lipay na ko sa password,hil
happy,lipay na ko sa medconnect,hil
happy,lipay na ko sa pag-book,hil
happy,lipay na ko sa registration,hil
happy,lipay na ko parte sa appointment,hil
happy,lipay na ko sa akon kahimsog,hil
happy,gid lipay na ko,hil
happy,lipay na ko gid,hil
happy,kaayo lipay na ko,hil
happy,lipay na ko kaayo,hil
happy,grabe lipay na ko,hil
happy,lipay na ko grabe,hil
happy,super lipay na ko,hil
happy,lipay na ko super,hil
happy,talaga lipay na ko,hil
happy,lipay na ko talaga,hil
happy,maayo ang adlaw ko,hil
happy,maayo ang adlaw ko sa login,hil
happy,maayo ang adlaw ko sa account ko,hil
happy,maayo ang adlaw ko sa appointment,hil
happy,maayo ang adlaw ko sa password,hil
happy,maayo ang adlaw ko sa medconnect,hil
happy,maayo ang adlaw ko sa pag-book,hil
happy,maayo ang adlaw ko sa registration,hil
happy,maayo ang adlaw ko parte sa appointment,hil
happy,maayo ang adlaw ko sa akon kahimsog,hil
happy,gid maayo ang adlaw ko,hil
happy,maayo ang adlaw ko gid,hil
happy,kaayo maayo ang adlaw ko,hil
happy,maayo ang adlaw ko kaayo,hil
happy,grabe maayo ang adlaw ko,hil
happy,maayo ang adlaw ko grabe,hil
happy,super maayo ang adlaw ko,hil
happy,maayo ang adlaw ko super,hil
happy,talaga maayo ang adlaw ko,hil
happy,maayo ang adlaw ko talaga,hil
happy,maayo ang pamatyag ko,hil
happy,maayo ang pamatyag ko sa login,hil
happy,maayo ang pamatyag ko sa account ko,hil
happy,maayo ang pamatyag ko sa appointment,hil
happy,maayo ang pamatyag ko sa password,hil
happy,maayo ang pamatyag ko sa medconnect,hil
happy,maayo ang pamatyag ko sa pag-book,hil
happy,maayo ang pamatyag ko sa registration,hil
happy,maayo ang pamatyag ko parte sa appointment,hil
happy,maayo ang pamatyag ko sa akon kahimsog,hil
happy,gid maayo ang pamatyag ko,hil
happy,maayo ang pamatyag ko gid,hil
happy,kaayo maayo ang pamatyag ko,hil
happy,maayo ang pamatyag ko kaayo,hil
happy,grabe maayo ang pamatyag ko,hil
happy,maayo ang pamatyag ko grabe,hil
happy,super maayo ang pamatyag ko,hil
happy,maayo ang pamatyag ko super,hil
happy,talaga maayo ang pamatyag ko,hil
happy,maayo ang pamatyag ko talaga,hil
happy,okay na gid,hil
happy,okay na gid sa login,hil
happy,okay na gid sa account ko,hil
happy,okay na gid sa appointment,hil
happy,okay na gid sa password,hil
happy,okay na gid sa medconnect,hil
happy,okay na gid sa pag-book,hil
happy,okay na gid sa registration,hil
happy,okay na gid parte sa appointment,hil
happy,okay na gid sa akon kahimsog,hil
happy,gid okay na gid,hil
happy,okay na gid gid,hil
happy,kaayo okay na gid,hil
happy,okay na gid kaayo,hil
happy,grabe okay na gid,hil
happy,okay na gid grabe,hil
happy,super okay na gid,hil
happy,okay na gid super,hil
happy,talaga okay na gid,hil
happy,okay na gid talaga,hil
happy,maayo na ang tanan,hil
happy,maayo na ang tanan sa login,hil
happy,maayo na ang tanan sa account ko,hil
happy,maayo na ang tanan sa appointment,hil
happy,maayo na ang tanan sa password,hil
happy,maayo na ang tanan sa medconnect,hil
happy,maayo na ang tanan sa pag-book,hil
happy,maayo na ang tanan sa registration,hil
happy,maayo na ang tanan parte sa appointment,hil
happy,maayo na ang tanan sa akon kahimsog,hil
happy,gid maayo na ang tanan,hil
happy,maayo na ang tanan gid,hil
happy,kaayo maayo na ang tanan,hil
happy,maayo na ang tanan kaayo,hil
happy,grabe maayo na ang tanan,hil
happy,maayo na ang tanan grabe,hil
happy,super maayo na ang tanan,hil
happy,maayo na ang tanan super,hil
happy,talaga maayo na ang tanan,hil
happy,maayo na ang tanan talaga,hil
happy,malipayon ko sa login,hil
happy,malipayon ko sa account ko,hil
happy,malipayon ko sa appointment,hil
happy,malipayon ko sa password,hil
happy,malipayon ko sa medconnect,hil
happy,malipayon ko sa pag-book,hil
happy,malipayon ko sa registration,hil
happy,malipayon ko parte sa appointment,hil
happy,malipayon ko sa akon kahimsog,hil
happy,gid malipayon ko,hil
happy,malipayon ko gid,hil
happy,kaayo malipayon ko,hil
happy,malipayon ko kaayo,hil
happy,grabe malipayon ko,hil
happy,malipayon ko grabe,hil
happy,super malipayon ko,hil
happy,malipayon ko super,hil
happy,talaga malipayon ko,hil
happy,malipayon ko talaga,hil
happy,okay lang ko sa login,hil
happy,okay lang ko sa account ko,hil
happy,okay lang ko sa appointment,hil
happy,okay lang ko sa password,hil
happy,okay lang ko sa medconnect,hil
happy,okay lang ko sa pag-book,hil
happy,okay lang ko sa registration,hil
happy,okay lang ko parte sa appointment,hil
happy,okay lang ko sa akon kahimsog,hil
happy,gid okay lang ko,hil
happy,okay lang ko gid,hil
happy,kaayo okay lang ko,hil
happy,okay lang ko kaayo,hil
happy,grabe okay lang ko,hil
happy,okay lang ko grabe,hil
happy,super okay lang ko,hil
happy,okay lang ko super,hil
happy,talaga okay lang ko,hil
happy,okay lang ko talaga,hil
grief,grieving,en
grief,grieving with login,en
grief,grieving with sign in,en
grief,grieving with my account,en
grief,grieving with appointment,en
grief,grieving with booking,en
grief,grieving with password,en
grief,grieving with medconnect,en
grief,grieving with the website,en
grief,grieving with registration,en
grief,grieving about my appointment,en
grief,grieving about my health,en
grief,grieving about my records,en
grief,so grieving,en
grief,grieving so,en
grief,very grieving,en
grief,grieving very,en
grief,really grieving,en
grief,grieving really,en
grief,super grieving,en
grief,grieving super,en
grief,extremely grieving,en
grief,grieving extremely,en
grief,quite grieving,en
grief,grieving quite,en
grief,passed away,en
grief,passed away with login,en
grief,passed away with sign in,en
grief,passed away with my account,en
grief,passed away with appointment,en
grief,passed away with booking,en
grief,passed away with password,en
grief,passed away with medconnect,en
grief,passed away with the website,en
grief,passed away with registration,en
grief,passed away about my appointment,en
grief,passed away about my health,en
grief,passed away about my records,en
grief,so passed away,en
grief,passed away so,en
grief,very passed away,en
grief,passed away very,en
grief,really passed away,en
grief,passed away really,en
grief,super passed away,en
grief,passed away super,en
grief,extremely passed away,en
grief,passed away extremely,en
grief,quite passed away,en
grief,passed away quite,en
grief,someone died,en
grief,someone died with login,en
grief,someone died with sign in,en
grief,someone died with my account,en
grief,someone died with appointment,en
grief,someone died with booking,en
grief,someone died with password,en
grief,someone died with medconnect,en
grief,someone died with the website,en
grief,someone died with registration,en
grief,someone died about my appointment,en
grief,someone died about my health,en
grief,someone died about my records,en
grief,so someone died,en
grief,someone died so,en
grief,very someone died,en
grief,someone died very,en
grief,really someone died,en
grief,someone died really,en
grief,super someone died,en
grief,someone died super,en
grief,extremely someone died,en
grief,someone died extremely,en
grief,quite someone died,en
grief,someone died quite,en
grief,loss of a loved one,en
grief,loss of a loved one with login,en
grief,loss of a loved one with sign in,en
grief,loss of a loved one with my account,en
grief,loss of a loved one with appointment,en
grief,loss of a loved one with booking,en
grief,loss of a loved one with password,en
grief,loss of a loved one with medconnect,en
grief,loss of a loved one with the website,en
grief,loss of a loved one with registration,en
grief,loss of a loved one about my appointment,en
grief,loss of a loved one about my health,en
grief,loss of a loved one about my records,en
grief,so loss of a loved one,en
grief,loss of a loved one so,en
grief,very loss of a loved one,en
grief,loss of a loved one very,en
grief,really loss of a loved one,en
grief,loss of a loved one really,en
grief,super loss of a loved one,en
grief,loss of a loved one super,en
grief,extremely loss of a loved one,en
grief,loss of a loved one extremely,en
grief,quite loss of a loved one,en
grief,loss of a loved one quite,en
grief,mourning,en
grief,mourning with login,en
grief,mourning with sign in,en
grief,mourning with my account,en
grief,mourning with appointment,en
grief,mourning with booking,en
grief,mourning with password,en
grief,mourning with medconnect,en
grief,mourning with the website,en
grief,mourning with registration,en
grief,mourning about my appointment,en
grief,mourning about my health,en
grief,mourning about my records,en
grief,so mourning,en
grief,mourning so,en
grief,very mourning,en
grief,mourning very,en
grief,really mourning,en
grief,mourning really,en
grief,super mourning,en
grief,mourning super,en
grief,extremely mourning,en
grief,mourning extremely,en
grief,quite mourning,en
grief,mourning quite,en
grief,namatay,fil
grief,namatay sa login,fil
grief,namatay sa account ko,fil
grief,namatay sa appointment,fil
grief,namatay sa password,fil
grief,namatay sa medconnect,fil
grief,namatay sa pag-book,fil
grief,namatay sa registration,fil
grief,namatay tungkol sa appointment,fil
grief,namatay sa kalusugan ko,fil
grief,sobrang namatay,fil
grief,namatay sobrang,fil
grief,talaga namatay,fil
grief,namatay talaga,fil
grief,grabe namatay,fil
grief,namatay grabe,fil
grief,napaka namatay,fil
grief,namatay napaka,fil
grief,super namatay,fil
grief,namatay super,fil
grief,naglubong,fil
grief,naglubong sa login,fil
grief,naglubong sa account ko,fil
grief,naglubong sa appointment,fil
grief,naglubong sa password,fil
grief,naglubong sa medconnect,fil
grief,naglubong sa pag-book,fil
grief,naglubong sa registration,fil
grief,naglubong tungkol sa appointment,fil
grief,naglubong sa kalusugan ko,fil
grief,sobrang naglubong,fil
grief,naglubong sobrang,fil
grief,talaga naglubong,fil
grief,naglubong talaga,fil
grief,grabe naglubong,fil
grief,naglubong grabe,fil
grief,napaka naglubong,fil
grief,naglubong napaka,fil
grief,super naglubong,fil
grief,naglubong super,fil
grief,nawala ang mahal ko sa login,fil
grief,nawala ang mahal ko sa account ko,fil
grief,nawala ang mahal ko sa appointment,fil
grief,nawala ang mahal ko sa password,fil
grief,nawala ang mahal ko sa medconnect,fil
grief,nawala ang mahal ko sa pag-book,fil
grief,nawala ang mahal ko sa registration,fil
grief,nawala ang mahal ko tungkol sa appointment,fil
grief,nawala ang mahal ko sa kalusugan ko,fil
grief,sobrang nawala ang mahal ko,fil
grief,nawala ang mahal ko sobrang,fil
grief,talaga nawala ang mahal ko,fil
grief,nawala ang mahal ko talaga,fil
grief,grabe nawala ang mahal ko,fil
grief,nawala ang mahal ko grabe,fil
grief,napaka nawala ang mahal ko,fil
grief,nawala ang mahal ko napaka,fil
grief,super nawala ang mahal ko,fil
grief,nawala ang mahal ko super,fil
grief,namatay ang,fil
grief,namatay ang sa login,fil
grief,namatay ang sa account ko,fil
grief,namatay ang sa appointment,fil
grief,namatay ang sa password,fil
grief,namatay ang sa medconnect,fil
grief,namatay ang sa pag-book,fil
grief,namatay ang sa registration,fil
grief,namatay ang tungkol sa appointment,fil
grief,namatay ang sa kalusugan ko,fil
grief,sobrang namatay ang,fil
grief,namatay ang sobrang,fil
grief,talaga namatay ang,fil
grief,namatay ang talaga,fil
grief,grabe namatay ang,fil
grief,namatay ang grabe,fil
grief,napaka namatay ang,fil
grief,namatay ang napaka,fil
grief,super namatay ang,fil
grief,namatay ang super,fil
grief,namatay parte sa appointment,hil
grief,namatay sa akon kahimsog,hil
grief,gid namatay,hil
grief,namatay gid,hil
grief,kaayo namatay,hil
grief,namatay kaayo,hil
grief,naglubong parte sa appointment,hil
grief,naglubong sa akon kahimsog,hil
grief,gid naglubong,hil
grief,naglubong gid,hil
grief,kaayo naglubong,hil
grief,naglubong kaayo,hil
grief,namatay ang parte sa appointment,hil
grief,namatay ang sa akon kahimsog,hil
grief,gid namatay ang,hil
grief,namatay ang gid,hil
grief,kaayo namatay ang,hil
grief,namatay ang kaayo,hil
grief,nawala ang ginhigugma ko,hil
grief,nawala ang ginhigugma ko sa login,hil
grief,nawala ang ginhigugma ko sa account ko,hil
grief,nawala ang ginhigugma ko sa appointment,hil
grief,nawala ang ginhigugma ko sa password,hil
grief,nawala ang ginhigugma ko sa medconnect,hil
grief,nawala ang ginhigugma ko sa pag-book,hil
grief,nawala ang ginhigugma ko sa registration,hil
grief,nawala ang ginhigugma ko parte sa appointment,hil
grief,nawala ang ginhigugma ko sa akon kahimsog,hil
grief,gid nawala ang ginhigugma ko,hil
grief,nawala ang ginhigugma ko gid,hil
grief,kaayo nawala ang ginhigugma ko,hil
grief,nawala ang ginhigugma ko kaayo,hil
grief,grabe nawala ang ginhigugma ko,hil
grief,nawala ang ginhigugma ko grabe,hil
grief,super nawala ang ginhigugma ko,hil
grief,nawala ang ginhigugma ko super,hil
grief,talaga nawala ang ginhigugma ko,hil
grief,nawala ang ginhigugma ko talaga,hil
embarrassed,embarrassed,en
embarrassed,embarrassed with login,en
embarrassed,embarrassed with sign in,en
embarrassed,embarrassed with my account,en
embarrassed,embarrassed with appointment,en
embarrassed,embarrassed with booking,en
embarrassed,embarrassed with password,en
embarrassed,embarrassed with medconnect,en
embarrassed,embarrassed with the website,en
embarrassed,embarrassed with registration,en
embarrassed,embarrassed about my appointment,en
embarrassed,embarrassed about my health,en
embarrassed,embarrassed about my records,en
embarrassed,so embarrassed,en
embarrassed,embarrassed so,en
embarrassed,very embarrassed,en
embarrassed,embarrassed very,en
embarrassed,really embarrassed,en
embarrassed,embarrassed really,en
embarrassed,super embarrassed,en
embarrassed,embarrassed super,en
embarrassed,extremely embarrassed,en
embarrassed,embarrassed extremely,en
embarrassed,quite embarrassed,en
embarrassed,embarrassed quite,en
embarrassed,so embarrassed with login,en
embarrassed,so embarrassed with sign in,en
embarrassed,so embarrassed with my account,en
embarrassed,so embarrassed with appointment,en
embarrassed,so embarrassed with booking,en
embarrassed,so embarrassed with password,en
embarrassed,so embarrassed with medconnect,en
embarrassed,so embarrassed with the website,en
embarrassed,so embarrassed with registration,en
embarrassed,so embarrassed about my appointment,en
embarrassed,so embarrassed about my health,en
embarrassed,so embarrassed about my records,en
embarrassed,so so embarrassed,en
embarrassed,so embarrassed so,en
embarrassed,very so embarrassed,en
embarrassed,so embarrassed very,en
embarrassed,really so embarrassed,en
embarrassed,so embarrassed really,en
embarrassed,super so embarrassed,en
embarrassed,so embarrassed super,en
embarrassed,extremely so embarrassed,en
embarrassed,so embarrassed extremely,en
embarrassed,quite so embarrassed,en
embarrassed,so embarrassed quite,en
embarrassed,feel embarrassed,en
embarrassed,feel embarrassed with login,en
embarrassed,feel embarrassed with sign in,en
embarrassed,feel embarrassed with my account,en
embarrassed,feel embarrassed with appointment,en
embarrassed,feel embarrassed with booking,en
embarrassed,feel embarrassed with password,en
embarrassed,feel embarrassed with medconnect,en
embarrassed,feel embarrassed with the website,en
embarrassed,feel embarrassed with registration,en
embarrassed,feel embarrassed about my appointment,en
embarrassed,feel embarrassed about my health,en
embarrassed,feel embarrassed about my records,en
embarrassed,so feel embarrassed,en
embarrassed,feel embarrassed so,en
embarrassed,very feel embarrassed,en
embarrassed,feel embarrassed very,en
embarrassed,really feel embarrassed,en
embarrassed,feel embarrassed really,en
embarrassed,super feel embarrassed,en
embarrassed,feel embarrassed super,en
embarrassed,extremely feel embarrassed,en
embarrassed,feel embarrassed extremely,en
embarrassed,quite feel embarrassed,en
embarrassed,feel embarrassed quite,en
embarrassed,ashamed to ask,en
embarrassed,ashamed to ask with login,en
embarrassed,ashamed to ask with sign in,en
embarrassed,ashamed to ask with my account,en
embarrassed,ashamed to ask with appointment,en
embarrassed,ashamed to ask with booking,en
embarrassed,ashamed to ask with password,en
embarrassed,ashamed to ask with medconnect,en
embarrassed,ashamed to ask with the website,en
embarrassed,ashamed to ask with registration,en
embarrassed,ashamed to ask about my appointment,en
embarrassed,ashamed to ask about my health,en
embarrassed,ashamed to ask about my records,en
embarrassed,so ashamed to ask,en
embarrassed,ashamed to ask so,en
embarrassed,very ashamed to ask,en
embarrassed,ashamed to ask very,en
embarrassed,really ashamed to ask,en
embarrassed,ashamed to ask really,en
embarrassed,super ashamed to ask,en
embarrassed,ashamed to ask super,en
embarrassed,extremely ashamed to ask,en
embarrassed,ashamed to ask extremely,en
embarrassed,quite ashamed to ask,en
embarrassed,ashamed to ask quite,en
embarrassed,nahihiya ako,fil
embarrassed,nahihiya ako sa login,fil
embarrassed,nahihiya ako sa account ko,fil
embarrassed,nahihiya ako sa appointment,fil
embarrassed,nahihiya ako sa password,fil
embarrassed,nahihiya ako sa medconnect,fil
embarrassed,nahihiya ako sa pag-book,fil
embarrassed,nahihiya ako sa registration,fil
embarrassed,nahihiya ako tungkol sa appointment,fil
embarrassed,nahihiya ako sa kalusugan ko,fil
embarrassed,sobrang nahihiya ako,fil
embarrassed,nahihiya ako sobrang,fil
embarrassed,talaga nahihiya ako,fil
embarrassed,nahihiya ako talaga,fil
embarrassed,grabe nahihiya ako,fil
embarrassed,nahihiya ako grabe,fil
embarrassed,napaka nahihiya ako,fil
embarrassed,nahihiya ako napaka,fil
embarrassed,super nahihiya ako,fil
embarrassed,nahihiya ako super,fil
embarrassed,nahihiya,fil
embarrassed,nahihiya sa login,fil
embarrassed,nahihiya sa account ko,fil
embarrassed,nahihiya sa appointment,fil
embarrassed,nahihiya sa password,fil
embarrassed,nahihiya sa medconnect,fil
embarrassed,nahihiya sa pag-book,fil
embarrassed,nahihiya sa registration,fil
embarrassed,nahihiya tungkol sa appointment,fil
embarrassed,nahihiya sa kalusugan ko,fil
embarrassed,sobrang nahihiya,fil
embarrassed,nahihiya sobrang,fil
embarrassed,talaga nahihiya,fil
embarrassed,nahihiya talaga,fil
embarrassed,grabe nahihiya,fil
embarrassed,nahihiya grabe,fil
embarrassed,napaka nahihiya,fil
embarrassed,nahihiya napaka,fil
embarrassed,super nahihiya,fil
embarrassed,nahihiya super,fil
embarrassed,hiya ako,fil
embarrassed,hiya ako sa login,fil
embarrassed,hiya ako sa account ko,fil
embarrassed,hiya ako sa appointment,fil
embarrassed,hiya ako sa password,fil
embarrassed,hiya ako sa medconnect,fil
embarrassed,hiya ako sa pag-book,fil
embarrassed,hiya ako sa registration,fil
embarrassed,hiya ako tungkol sa appointment,fil
embarrassed,hiya ako sa kalusugan ko,fil
embarrassed,sobrang hiya ako,fil
embarrassed,hiya ako sobrang,fil
embarrassed,talaga hiya ako,fil
embarrassed,hiya ako talaga,fil
embarrassed,grabe hiya ako,fil
embarrassed,hiya ako grabe,fil
embarrassed,napaka hiya ako,fil
embarrassed,hiya ako napaka,fil
embarrassed,super hiya ako,fil
embarrassed,hiya ako super,fil
embarrassed,nahuya ko,hil
embarrassed,nahuya ko sa login,hil
embarrassed,nahuya ko sa account ko,hil
embarrassed,nahuya ko sa appointment,hil
embarrassed,nahuya ko sa password,hil
embarrassed,nahuya ko sa medconnect,hil
embarrassed,nahuya ko sa pag-book,hil
embarrassed,nahuya ko sa registration,hil
embarrassed,nahuya ko parte sa appointment,hil
embarrassed,nahuya ko sa akon kahimsog,hil
embarrassed,gid nahuya ko,hil
embarrassed,nahuya ko gid,hil
embarrassed,kaayo nahuya ko,hil
embarrassed,nahuya ko kaayo,hil
embarrassed,grabe nahuya ko,hil
embarrassed,nahuya ko grabe,hil
embarrassed,super nahuya ko,hil
embarrassed,nahuya ko super,hil
embarrassed,talaga nahuya ko,hil
embarrassed,nahuya ko talaga,hil
embarrassed,nahuya,hil
embarrassed,nahuya sa login,hil
embarrassed,nahuya sa account ko,hil
embarrassed,nahuya sa appointment,hil
embarrassed,nahuya sa password,hil
embarrassed,nahuya sa medconnect,hil
embarrassed,nahuya sa pag-book,hil
embarrassed,nahuya sa registration,hil
embarrassed,nahuya parte sa appointment,hil
embarrassed,nahuya sa akon kahimsog,hil
embarrassed,gid nahuya,hil
embarrassed,nahuya gid,hil
embarrassed,kaayo nahuya,hil
embarrassed,nahuya kaayo,hil
embarrassed,grabe nahuya,hil
embarrassed,nahuya grabe,hil
embarrassed,super nahuya,hil
embarrassed,nahuya super,hil
embarrassed,talaga nahuya,hil
embarrassed,nahuya talaga,hil
embarrassed,hiya ko,hil
embarrassed,hiya ko sa login,hil
embarrassed,hiya ko sa account ko,hil
embarrassed,hiya ko sa appointment,hil
embarrassed,hiya ko sa password,hil
embarrassed,hiya ko sa medconnect,hil
embarrassed,hiya ko sa pag-book,hil
embarrassed,hiya ko sa registration,hil
embarrassed,hiya ko parte sa appointment,hil
embarrassed,hiya ko sa akon kahimsog,hil
embarrassed,gid hiya ko,hil
embarrassed,hiya ko gid,hil
embarrassed,kaayo hiya ko,hil
embarrassed,hiya ko kaayo,hil
embarrassed,grabe hiya ko,hil
embarrassed,hiya ko grabe,hil
embarrassed,super hiya ko,hil
embarrassed,hiya ko super,hil
embarrassed,talaga hiya ko,hil
embarrassed,hiya ko talaga,hil
ashamed,ashamed,en
ashamed,ashamed with login,en
ashamed,ashamed with sign in,en
ashamed,ashamed with my account,en
ashamed,ashamed with appointment,en
ashamed,ashamed with booking,en
ashamed,ashamed with password,en
ashamed,ashamed with medconnect,en
ashamed,ashamed with the website,en
ashamed,ashamed with registration,en
ashamed,ashamed about my appointment,en
ashamed,ashamed about my health,en
ashamed,ashamed about my records,en
ashamed,so ashamed,en
ashamed,ashamed so,en
ashamed,very ashamed,en
ashamed,ashamed very,en
ashamed,really ashamed,en
ashamed,ashamed really,en
ashamed,super ashamed,en
ashamed,ashamed super,en
ashamed,extremely ashamed,en
ashamed,ashamed extremely,en
ashamed,quite ashamed,en
ashamed,ashamed quite,en
ashamed,feel ashamed,en
ashamed,feel ashamed with login,en
ashamed,feel ashamed with sign in,en
ashamed,feel ashamed with my account,en
ashamed,feel ashamed with appointment,en
ashamed,feel ashamed with booking,en
ashamed,feel ashamed with password,en
ashamed,feel ashamed with medconnect,en
ashamed,feel ashamed with the website,en
ashamed,feel ashamed with registration,en
ashamed,feel ashamed about my appointment,en
ashamed,feel ashamed about my health,en
ashamed,feel ashamed about my records,en
ashamed,so feel ashamed,en
ashamed,feel ashamed so,en
ashamed,very feel ashamed,en
ashamed,feel ashamed very,en
ashamed,really feel ashamed,en
ashamed,feel ashamed really,en
ashamed,super feel ashamed,en
ashamed,feel ashamed super,en
ashamed,extremely feel ashamed,en
ashamed,feel ashamed extremely,en
ashamed,quite feel ashamed,en
ashamed,feel ashamed quite,en
ashamed,shame,en
ashamed,shame with login,en
ashamed,shame with sign in,en
ashamed,shame with my account,en
ashamed,shame with appointment,en
ashamed,shame with booking,en
ashamed,shame with password,en
ashamed,shame with medconnect,en
ashamed,shame with the website,en
ashamed,shame with registration,en
ashamed,shame about my appointment,en
ashamed,shame about my health,en
ashamed,shame about my records,en
ashamed,so shame,en
ashamed,shame so,en
ashamed,very shame,en
ashamed,shame very,en
ashamed,really shame,en
ashamed,shame really,en
ashamed,super shame,en
ashamed,shame super,en
ashamed,extremely shame,en
ashamed,shame extremely,en
ashamed,quite shame,en
ashamed,shame quite,en
ashamed,nahihiya ako,fil
ashamed,nahihiya ako sa login,fil
ashamed,nahihiya ako sa account ko,fil
ashamed,nahihiya ako sa appointment,fil
ashamed,nahihiya ako sa password,fil
ashamed,nahihiya ako sa medconnect,fil
ashamed,nahihiya ako sa pag-book,fil
ashamed,nahihiya ako sa registration,fil
ashamed,nahihiya ako tungkol sa appointment,fil
ashamed,nahihiya ako sa kalusugan ko,fil
ashamed,sobrang nahihiya ako,fil
ashamed,nahihiya ako sobrang,fil
ashamed,talaga nahihiya ako,fil
ashamed,nahihiya ako talaga,fil
ashamed,grabe nahihiya ako,fil
ashamed,nahihiya ako grabe,fil
ashamed,napaka nahihiya ako,fil
ashamed,nahihiya ako napaka,fil
ashamed,super nahihiya ako,fil
ashamed,nahihiya ako super,fil
ashamed,nakahiya,fil
ashamed,nakahiya sa login,fil
ashamed,nakahiya sa account ko,fil
ashamed,nakahiya sa appointment,fil
ashamed,nakahiya sa password,fil
ashamed,nakahiya sa medconnect,fil
ashamed,nakahiya sa pag-book,fil
ashamed,nakahiya sa registration,fil
ashamed,nakahiya tungkol sa appointment,fil
ashamed,nakahiya sa kalusugan ko,fil
ashamed,sobrang nakahiya,fil
ashamed,nakahiya sobrang,fil
ashamed,talaga nakahiya,fil
ashamed,nakahiya talaga,fil
ashamed,grabe nakahiya,fil
ashamed,nakahiya grabe,fil
ashamed,napaka nakahiya,fil
ashamed,nakahiya napaka,fil
ashamed,super nakahiya,fil
ashamed,nakahiya super,fil
ashamed,may hiya,fil
ashamed,may hiya sa login,fil
ashamed,may hiya sa account ko,fil
ashamed,may hiya sa appointment,fil
ashamed,may hiya sa password,fil
ashamed,may hiya sa medconnect,fil
ashamed,may hiya sa pag-book,fil
ashamed,may hiya sa registration,fil
ashamed,may hiya tungkol sa appointment,fil
ashamed,may hiya sa kalusugan ko,fil
ashamed,sobrang may hiya,fil
ashamed,may hiya sobrang,fil
ashamed,talaga may hiya,fil
ashamed,may hiya talaga,fil
ashamed,grabe may hiya,fil
ashamed,may hiya grabe,fil
ashamed,napaka may hiya,fil
ashamed,may hiya napaka,fil
ashamed,super may hiya,fil
ashamed,may hiya super,fil
ashamed,nahuya ko,hil
ashamed,nahuya ko sa login,hil
ashamed,nahuya ko sa account ko,hil
ashamed,nahuya ko sa appointment,hil
ashamed,nahuya ko sa password,hil
ashamed,nahuya ko sa medconnect,hil
ashamed,nahuya ko sa pag-book,hil
ashamed,nahuya ko sa registration,hil
ashamed,nahuya ko parte sa appointment,hil
ashamed,nahuya ko sa akon kahimsog,hil
ashamed,gid nahuya ko,hil
ashamed,nahuya ko gid,hil
ashamed,kaayo nahuya ko,hil
ashamed,nahuya ko kaayo,hil
ashamed,grabe nahuya ko,hil
ashamed,nahuya ko grabe,hil
ashamed,super nahuya ko,hil
ashamed,nahuya ko super,hil
ashamed,talaga nahuya ko,hil
ashamed,nahuya ko talaga,hil
ashamed,nakahuya,hil
ashamed,nakahuya sa login,hil
ashamed,nakahuya sa account ko,hil
ashamed,nakahuya sa appointment,hil
ashamed,nakahuya sa password,hil
ashamed,nakahuya sa medconnect,hil
ashamed,nakahuya sa pag-book,hil
ashamed,nakahuya sa registration,hil
ashamed,nakahuya parte sa appointment,hil
ashamed,nakahuya sa akon kahimsog,hil
ashamed,gid nakahuya,hil
ashamed,nakahuya gid,hil
ashamed,kaayo nakahuya,hil
ashamed,nakahuya kaayo,hil
ashamed,grabe nakahuya,hil
ashamed,nakahuya grabe,hil
ashamed,super nakahuya,hil
ashamed,nakahuya super,hil
ashamed,talaga nakahuya,hil
ashamed,nakahuya talaga,hil
ashamed,may hiya parte sa appointment,hil
ashamed,may hiya sa akon kahimsog,hil
ashamed,gid may hiya,hil
ashamed,may hiya gid,hil
ashamed,kaayo may hiya,hil
ashamed,may hiya kaayo,hil
guilty,guilty,en
guilty,guilty with login,en
guilty,guilty with sign in,en
guilty,guilty with my account,en
guilty,guilty with appointment,en
guilty,guilty with booking,en
guilty,guilty with password,en
guilty,guilty with medconnect,en
guilty,guilty with the website,en
guilty,guilty with registration,en
guilty,guilty about my appointment,en
guilty,guilty about my health,en
guilty,guilty about my records,en
guilty,so guilty,en
guilty,guilty so,en
guilty,very guilty,en
guilty,guilty very,en
guilty,really guilty,en
guilty,guilty really,en
guilty,super guilty,en
guilty,guilty super,en
guilty,extremely guilty,en
guilty,guilty extremely,en
guilty,quite guilty,en
guilty,guilty quite,en
guilty,feel guilty,en
guilty,feel guilty with login,en
guilty,feel guilty with sign in,en
guilty,feel guilty with my account,en
guilty,feel guilty with appointment,en
guilty,feel guilty with booking,en
guilty,feel guilty with password,en
guilty,feel guilty with medconnect,en
guilty,feel guilty with the website,en
guilty,feel guilty with registration,en
guilty,feel guilty about my appointment,en
guilty,feel guilty about my health,en
guilty,feel guilty about my records,en
guilty,so feel guilty,en
guilty,feel guilty so,en
guilty,very feel guilty,en
guilty,feel guilty very,en
guilty,really feel guilty,en
guilty,feel guilty really,en
guilty,super feel guilty,en
guilty,feel guilty super,en
guilty,extremely feel guilty,en
guilty,feel guilty extremely,en
guilty,quite feel guilty,en
guilty,feel guilty quite,en
guilty,my fault,en
guilty,my fault with login,en
guilty,my fault with sign in,en
guilty,my fault with my account,en
guilty,my fault with appointment,en
guilty,my fault with booking,en
guilty,my fault with password,en
guilty,my fault with medconnect,en
guilty,my fault with the website,en
guilty,my fault with registration,en
guilty,my fault about my appointment,en
guilty,my fault about my health,en
guilty,my fault about my records,en
guilty,so my fault,en
guilty,my fault so,en
guilty,very my fault,en
guilty,my fault very,en
guilty,really my fault,en
guilty,my fault really,en
guilty,super my fault,en
guilty,my fault super,en
guilty,extremely my fault,en
guilty,my fault extremely,en
guilty,quite my fault,en
guilty,my fault quite,en
guilty,guilty ako,fil
guilty,guilty ako sa login,fil
guilty,guilty ako sa account ko,fil
guilty,guilty ako sa appointment,fil
guilty,guilty ako sa password,fil
guilty,guilty ako sa medconnect,fil
guilty,guilty ako sa pag-book,fil
guilty,guilty ako sa registration,fil
guilty,guilty ako tungkol sa appointment,fil
guilty,guilty ako sa kalusugan ko,fil
guilty,sobrang guilty ako,fil
guilty,guilty ako sobrang,fil
guilty,talaga guilty ako,fil
guilty,guilty ako talaga,fil
guilty,grabe guilty ako,fil
guilty,guilty ako grabe,fil
guilty,napaka guilty ako,fil
guilty,guilty ako napaka,fil
guilty,super guilty ako,fil
guilty,guilty ako super,fil
guilty,may guilt,fil
guilty,may guilt sa login,fil
guilty,may guilt sa account ko,fil
guilty,may guilt sa appointment,fil
guilty,may guilt sa password,fil
guilty,may guilt sa medconnect,fil
guilty,may guilt sa pag-book,fil
guilty,may guilt sa registration,fil
guilty,may guilt tungkol sa appointment,fil
guilty,may guilt sa kalusugan ko,fil
guilty,sobrang may guilt,fil
guilty,may guilt sobrang,fil
guilty,talaga may guilt,fil
guilty,may guilt talaga,fil
guilty,grabe may guilt,fil
guilty,may guilt grabe,fil
guilty,napaka may guilt,fil
guilty,may guilt napaka,fil
guilty,super may guilt,fil
guilty,may guilt super,fil
guilty,kasalanan ko,fil
guilty,kasalanan ko sa login,fil
guilty,kasalanan ko sa account ko,fil
guilty,kasalanan ko sa appointment,fil
guilty,kasalanan ko sa password,fil
guilty,kasalanan ko sa medconnect,fil
guilty,kasalanan ko sa pag-book,fil
guilty,kasalanan ko sa registration,fil
guilty,kasalanan ko tungkol sa appointment,fil
guilty,kasalanan ko sa kalusugan ko,fil
guilty,sobrang kasalanan ko,fil
guilty,kasalanan ko sobrang,fil
guilty,talaga kasalanan ko,fil
guilty,kasalanan ko talaga,fil
guilty,grabe kasalanan ko,fil
guilty,kasalanan ko grabe,fil
guilty,napaka kasalanan ko,fil
guilty,kasalanan ko napaka,fil
guilty,super kasalanan ko,fil
guilty,kasalanan ko super,fil
guilty,guilty ko,hil
guilty,guilty ko sa login,hil
guilty,guilty ko sa account ko,hil
guilty,guilty ko sa appointment,hil
guilty,guilty ko sa password,hil
guilty,guilty ko sa medconnect,hil
guilty,guilty ko sa pag-book,hil
guilty,guilty ko sa registration,hil
guilty,guilty ko parte sa appointment,hil
guilty,guilty ko sa akon kahimsog,hil
guilty,gid guilty ko,hil
guilty,guilty ko gid,hil
guilty,kaayo guilty ko,hil
guilty,guilty ko kaayo,hil
guilty,grabe guilty ko,hil
guilty,guilty ko grabe,hil
guilty,super guilty ko,hil
guilty,guilty ko super,hil
guilty,talaga guilty ko,hil
guilty,guilty ko talaga,hil
guilty,may guilt parte sa appointment,hil
guilty,may guilt sa akon kahimsog,hil
guilty,gid may guilt,hil
guilty,may guilt gid,hil
guilty,kaayo may guilt,hil
guilty,may guilt kaayo,hil
guilty,kasalanan ko parte sa appointment,hil
guilty,kasalanan ko sa akon kahimsog,hil
guilty,gid kasalanan ko,hil
guilty,kasalanan ko gid,hil
guilty,kaayo kasalanan ko,hil
guilty,kasalanan ko kaayo,hil
bored,bored,en
bored,bored with login,en
bored,bored with sign in,en
bored,bored with my account,en
bored,bored with appointment,en
bored,bored with booking,en
bored,bored with password,en
bored,bored with medconnect,en
bored,bored with the website,en
bored,bored with registration,en
bored,bored about my appointment,en
bored,bored about my health,en
bored,bored about my records,en
bored,so bored,en
bored,bored so,en
bored,very bored,en
bored,bored very,en
bored,really bored,en
bored,bored really,en
bored,super bored,en
bored,bored super,en
bored,extremely bored,en
bored,bored extremely,en
bored,quite bored,en
bored,bored quite,en
bored,so bored with login,en
bored,so bored with sign in,en
bored,so bored with my account,en
bored,so bored with appointment,en
bored,so bored with booking,en
bored,so bored with password,en
bored,so bored with medconnect,en
bored,so bored with the website,en
bored,so bored with registration,en
bored,so bored about my appointment,en
bored,so bored about my health,en
bored,so bored about my records,en
bored,so so bored,en
bored,so bored so,en
bored,very so bored,en
bored,so bored very,en
bored,really so bored,en
bored,so bored really,en
bored,super so bored,en
bored,so bored super,en
bored,extremely so bored,en
bored,so bored extremely,en
bored,quite so bored,en
bored,so bored quite,en
bored,nothing to do,en
bored,nothing to do with login,en
bored,nothing to do with sign in,en
bored,nothing to do with my account,en
bored,nothing to do with appointment,en
bored,nothing to do with booking,en
bored,nothing to do with password,en
bored,nothing to do with medconnect,en
bored,nothing to do with the website,en
bored,nothing to do with registration,en
bored,nothing to do about my appointment,en
bored,nothing to do about my health,en
bored,nothing to do about my records,en
bored,so nothing to do,en
bored,nothing to do so,en
bored,very nothing to do,en
bored,nothing to do very,en
bored,really nothing to do,en
bored,nothing to do really,en
bored,super nothing to do,en
bored,nothing to do super,en
bored,extremely nothing to do,en
bored,nothing to do extremely,en
bored,quite nothing to do,en
bored,nothing to do quite,en
bored,unmotivated,en
bored,unmotivated with login,en
bored,unmotivated with sign in,en
bored,unmotivated with my account,en
bored,unmotivated with appointment,en
bored,unmotivated with booking,en
bored,unmotivated with password,en
bored,unmotivated with medconnect,en
bored,unmotivated with the website,en
bored,unmotivated with registration,en
bored,unmotivated about my appointment,en
bored,unmotivated about my health,en
bored,unmotivated about my records,en
bored,so unmotivated,en
bored,unmotivated so,en
bored,very unmotivated,en
bored,unmotivated very,en
bored,really unmotivated,en
bored,unmotivated really,en
bored,super unmotivated,en
bored,unmotivated super,en
bored,extremely unmotivated,en
bored,unmotivated extremely,en
bored,quite unmotivated,en
bored,unmotivated quite,en
bored,bored ako,fil
bored,bored ako sa login,fil
bored,bored ako sa account ko,fil
bored,bored ako sa appointment,fil
bored,bored ako sa password,fil
bored,bored ako sa medconnect,fil
bored,bored ako sa pag-book,fil
bored,bored ako sa registration,fil
bored,bored ako tungkol sa appointment,fil
bored,bored ako sa kalusugan ko,fil
bored,sobrang bored ako,fil
bored,bored ako sobrang,fil
bored,talaga bored ako,fil
bored,bored ako talaga,fil
bored,grabe bored ako,fil
bored,bored ako grabe,fil
bored,napaka bored ako,fil
bored,bored ako napaka,fil
bored,super bored ako,fil
bored,bored ako super,fil
bored,wala gana,fil
bored,wala gana sa login,fil
bored,wala gana sa account ko,fil
bored,wala gana sa appointment,fil
bored,wala gana sa password,fil
bored,wala gana sa medconnect,fil
bored,wala gana sa pag-book,fil
bored,wala gana sa registration,fil
bored,wala gana tungkol sa appointment,fil
bored,wala gana sa kalusugan ko,fil
bored,sobrang wala gana,fil
bored,wala gana sobrang,fil
bored,talaga wala gana,fil
bored,wala gana talaga,fil
bored,grabe wala gana,fil
bored,wala gana grabe,fil
bored,napaka wala gana,fil
bored,wala gana napaka,fil
bored,super wala gana,fil
bored,wala gana super,fil
bored,walang gana,fil
bored,walang gana sa login,fil
bored,walang gana sa account ko,fil
bored,walang gana sa appointment,fil
bored,walang gana sa password,fil
bored,walang gana sa medconnect,fil
bored,walang gana sa pag-book,fil
bored,walang gana sa registration,fil
bored,walang gana tungkol sa appointment,fil
bored,walang gana sa kalusugan ko,fil
bored,sobrang walang gana,fil
bored,walang gana sobrang,fil
bored,talaga walang gana,fil
bored,walang gana talaga,fil
bored,grabe walang gana,fil
bored,walang gana grabe,fil
bored,napaka walang gana,fil
bored,walang gana napaka,fil
bored,super walang gana,fil
bored,walang gana super,fil
bored,bored ko,hil
bored,bored ko sa login,hil
bored,bored ko sa account ko,hil
bored,bored ko sa appointment,hil
bored,bored ko sa password,hil
bored,bored ko sa medconnect,hil
bored,bored ko sa pag-book,hil
bored,bored ko sa registration,hil
bored,bored ko parte sa appointment,hil
bored,bored ko sa akon kahimsog,hil
bored,gid bored ko,hil
bored,bored ko gid,hil
bored,kaayo bored ko,hil
bored,bored ko kaayo,hil
bored,grabe bored ko,hil
bored,bored ko grabe,hil
bored,super bored ko,hil
bored,bored ko super,hil
bored,talaga bored ko,hil
bored,bored ko talaga,hil
bored,wala gana parte sa appointment,hil
bored,wala gana sa akon kahimsog,hil
bored,gid wala gana,hil
bored,wala gana gid,hil
bored,kaayo wala gana,hil
bored,wala gana kaayo,hil
bored,wala ko gana,hil
bored,wala ko gana sa login,hil
bored,wala ko gana sa account ko,hil
bored,wala ko gana sa appointment,hil
bored,wala ko gana sa password,hil
bored,wala ko gana sa medconnect,hil
bored,wala ko gana sa pag-book,hil
bored,wala ko gana sa registration,hil
bored,wala ko gana parte sa appointment,hil
bored,wala ko gana sa akon kahimsog,hil
bored,gid wala ko gana,hil
bored,wala ko gana gid,hil
bored,kaayo wala ko gana,hil
bored,wala ko gana kaayo,hil
bored,grabe wala ko gana,hil
bored,wala ko gana grabe,hil
bored,super wala ko gana,hil
bored,wala ko gana super,hil
bored,talaga wala ko gana,hil
bored,wala ko gana talaga,hil
irritated,irritated,en
irritated,irritated with login,en
irritated,irritated with sign in,en
irritated,irritated with my account,en
irritated,irritated with appointment,en
irritated,irritated with booking,en
irritated,irritated with password,en
irritated,irritated with medconnect,en
irritated,irritated with the website,en
irritated,irritated with registration,en
irritated,irritated about my appointment,en
irritated,irritated about my health,en
irritated,irritated about my records,en
irritated,so irritated,en
irritated,irritated so,en
irritated,very irritated,en
irritated,irritated very,en
irritated,really irritated,en
irritated,irritated really,en
irritated,super irritated,en
irritated,irritated super,en
irritated,extremely irritated,en
irritated,irritated extremely,en
irritated,quite irritated,en
irritated,irritated quite,en
irritated,so annoying,en
irritated,so annoying with login,en
irritated,so annoying with sign in,en
irritated,so annoying with my account,en
irritated,so annoying with appointment,en
irritated,so annoying with booking,en
irritated,so annoying with password,en
irritated,so annoying with medconnect,en
irritated,so annoying with the website,en
irritated,so annoying with registration,en
irritated,so annoying about my appointment,en
irritated,so annoying about my health,en
irritated,so annoying about my records,en
irritated,so so annoying,en
irritated,so annoying so,en
irritated,very so annoying,en
irritated,so annoying very,en
irritated,really so annoying,en
irritated,so annoying really,en
irritated,super so annoying,en
irritated,so annoying super,en
irritated,extremely so annoying,en
irritated,so annoying extremely,en
irritated,quite so annoying,en
irritated,so annoying quite,en
irritated,annoyed,en
irritated,annoyed with login,en
irritated,annoyed with sign in,en
irritated,annoyed with my account,en
irritated,annoyed with appointment,en
irritated,annoyed with booking,en
irritated,annoyed with password,en
irritated,annoyed with medconnect,en
irritated,annoyed with the website,en
irritated,annoyed with registration,en
irritated,annoyed about my appointment,en
irritated,annoyed about my health,en
irritated,annoyed about my records,en
irritated,so annoyed,en
irritated,annoyed so,en
irritated,very annoyed,en
irritated,annoyed very,en
irritated,really annoyed,en
irritated,annoyed really,en
irritated,super annoyed,en
irritated,annoyed super,en
irritated,extremely annoyed,en
irritated,annoyed extremely,en
irritated,quite annoyed,en
irritated,annoyed quite,en
irritated,irritating,en
irritated,irritating with login,en
irritated,irritating with sign in,en
irritated,irritating with my account,en
irritated,irritating with appointment,en
irritated,irritating with booking,en
irritated,irritating with password,en
irritated,irritating with medconnect,en
irritated,irritating with the website,en
irritated,irritating with registration,en
irritated,irritating about my appointment,en
irritated,irritating about my health,en
irritated,irritating about my records,en
irritated,so irritating,en
irritated,irritating so,en
irritated,very irritating,en
irritated,irritating very,en
irritated,really irritating,en
irritated,irritating really,en
irritated,super irritating,en
irritated,irritating super,en
irritated,extremely irritating,en
irritated,irritating extremely,en
irritated,quite irritating,en
irritated,irritating quite,en
irritated,nainis ako,fil
irritated,nainis ako sa login,fil
irritated,nainis ako sa account ko,fil
irritated,nainis ako sa appointment,fil
irritated,nainis ako sa password,fil
irritated,nainis ako sa medconnect,fil
irritated,nainis ako sa pag-book,fil
irritated,nainis ako sa registration,fil
irritated,nainis ako tungkol sa appointment,fil
irritated,nainis ako sa kalusugan ko,fil
irritated,sobrang nainis ako,fil
irritated,nainis ako sobrang,fil
irritated,talaga nainis ako,fil
irritated,nainis ako talaga,fil
irritated,grabe nainis ako,fil
irritated,nainis ako grabe,fil
irritated,napaka nainis ako,fil
irritated,nainis ako napaka,fil
irritated,super nainis ako,fil
irritated,nainis ako super,fil
irritated,nakainis,fil
irritated,nakainis sa login,fil
irritated,nakainis sa account ko,fil
irritated,nakainis sa appointment,fil
irritated,nakainis sa password,fil
irritated,nakainis sa medconnect,fil
irritated,nakainis sa pag-book,fil
irritated,nakainis sa registration,fil
irritated,nakainis tungkol sa appointment,fil
irritated,nakainis sa kalusugan ko,fil
irritated,sobrang nakainis,fil
irritated,nakainis sobrang,fil
irritated,talaga nakainis,fil
irritated,nakainis talaga,fil
irritated,grabe nakainis,fil
irritated,nakainis grabe,fil
irritated,napaka nakainis,fil
irritated,nakainis napaka,fil
irritated,super nakainis,fil
irritated,nakainis super,fil
irritated,inis na ako,fil
irritated,inis na ako sa login,fil
irritated,inis na ako sa account ko,fil
irritated,inis na ako sa appointment,fil
irritated,inis na ako sa password,fil
irritated,inis na ako sa medconnect,fil
irritated,inis na ako sa pag-book,fil
irritated,inis na ako sa registration,fil
irritated,inis na ako tungkol sa appointment,fil
irritated,inis na ako sa kalusugan ko,fil
irritated,sobrang inis na ako,fil
irritated,inis na ako sobrang,fil
irritated,talaga inis na ako,fil
irritated,inis na ako talaga,fil
irritated,grabe inis na ako,fil
irritated,inis na ako grabe,fil
irritated,napaka inis na ako,fil
irritated,inis na ako napaka,fil
irritated,super inis na ako,fil
irritated,inis na ako super,fil
irritated,lain gid ya sa login,hil
irritated,lain gid ya sa account ko,hil
irritated,lain gid ya sa appointment,hil
irritated,lain gid ya sa password,hil
irritated,lain gid ya sa medconnect,hil
irritated,lain gid ya sa pag-book,hil
irritated,lain gid ya sa registration,hil
irritated,lain gid ya parte sa appointment,hil
irritated,lain gid ya sa akon kahimsog,hil
irritated,gid lain gid ya,hil
irritated,lain gid ya gid,hil
irritated,kaayo lain gid ya,hil
irritated,lain gid ya kaayo,hil
irritated,grabe lain gid ya,hil
irritated,lain gid ya grabe,hil
irritated,super lain gid ya,hil
irritated,lain gid ya super,hil
irritated,talaga lain gid ya,hil
irritated,lain gid ya talaga,hil
irritated,lain gid sa login,hil
irritated,lain gid sa account ko,hil
irritated,lain gid sa appointment,hil
irritated,lain gid sa password,hil
irritated,lain gid sa medconnect,hil
irritated,lain gid sa pag-book,hil
irritated,lain gid sa registration,hil
irritated,lain gid parte sa appointment,hil
irritated,lain gid sa akon kahimsog,hil
irritated,gid lain gid,hil
irritated,lain gid gid,hil
irritated,kaayo lain gid,hil
irritated,lain gid kaayo,hil
irritated,grabe lain gid,hil
irritated,lain gid grabe,hil
irritated,super lain gid,hil
irritated,lain gid super,hil
irritated,talaga lain gid,hil
irritated,lain gid talaga,hil
irritated,nainis ko,hil
irritated,nainis ko sa login,hil
irritated,nainis ko sa account ko,hil
irritated,nainis ko sa appointment,hil
irritated,nainis ko sa password,hil
irritated,nainis ko sa medconnect,hil
irritated,nainis ko sa pag-book,hil
irritated,nainis ko sa registration,hil
irritated,nainis ko parte sa appointment,hil
irritated,nainis ko sa akon kahimsog,hil
irritated,gid nainis ko,hil
irritated,nainis ko gid,hil
irritated,kaayo nainis ko,hil
irritated,nainis ko kaayo,hil
irritated,grabe nainis ko,hil
irritated,nainis ko grabe,hil
irritated,super nainis ko,hil
irritated,nainis ko super,hil
irritated,talaga nainis ko,hil
irritated,nainis ko talaga,hil
irritated,nakainis ko,hil
irritated,nakainis ko sa login,hil
irritated,nakainis ko sa account ko,hil
irritated,nakainis ko sa appointment,hil
irritated,nakainis ko sa password,hil
irritated,nakainis ko sa medconnect,hil
irritated,nakainis ko sa pag-book,hil
irritated,nakainis ko sa registration,hil
irritated,nakainis ko parte sa appointment,hil
irritated,nakainis ko sa akon kahimsog,hil
irritated,gid nakainis ko,hil
irritated,nakainis ko gid,hil
irritated,kaayo nakainis ko,hil
irritated,nakainis ko kaayo,hil
irritated,grabe nakainis ko,hil
irritated,nakainis ko grabe,hil
irritated,super nakainis ko,hil
irritated,nakainis ko super,hil
irritated,talaga nakainis ko,hil
irritated,nakainis ko talaga,hil
jealous,jealous,en
jealous,jealous with login,en
jealous,jealous with sign in,en
jealous,jealous with my account,en
jealous,jealous with appointment,en
jealous,jealous with booking,en
jealous,jealous with password,en
jealous,jealous with medconnect,en
jealous,jealous with the website,en
jealous,jealous with registration,en
jealous,jealous about my appointment,en
jealous,jealous about my health,en
jealous,jealous about my records,en
jealous,so jealous,en
jealous,jealous so,en
jealous,very jealous,en
jealous,jealous very,en
jealous,really jealous,en
jealous,jealous really,en
jealous,super jealous,en
jealous,jealous super,en
jealous,extremely jealous,en
jealous,jealous extremely,en
jealous,quite jealous,en
jealous,jealous quite,en
jealous,feeling jealous,en
jealous,feeling jealous with login,en
jealous,feeling jealous with sign in,en
jealous,feeling jealous with my account,en
jealous,feeling jealous with appointment,en
jealous,feeling jealous with booking,en
jealous,feeling jealous with password,en
jealous,feeling jealous with medconnect,en
jealous,feeling jealous with the website,en
jealous,feeling jealous with registration,en
jealous,feeling jealous about my appointment,en
jealous,feeling jealous about my health,en
jealous,feeling jealous about my records,en
jealous,so feeling jealous,en
jealous,feeling jealous so,en
jealous,very feeling jealous,en
jealous,feeling jealous very,en
jealous,really feeling jealous,en
jealous,feeling jealous really,en
jealous,super feeling jealous,en
jealous,feeling jealous super,en
jealous,extremely feeling jealous,en
jealous,feeling jealous extremely,en
jealous,quite feeling jealous,en
jealous,feeling jealous quite,en
jealous,envy,en
jealous,envy with login,en
jealous,envy with sign in,en
jealous,envy with my account,en
jealous,envy with appointment,en
jealous,envy with booking,en
jealous,envy with password,en
jealous,envy with medconnect,en
jealous,envy with the website,en
jealous,envy with registration,en
jealous,envy about my appointment,en
jealous,envy about my health,en
jealous,envy about my records,en
jealous,so envy,en
jealous,envy so,en
jealous,very envy,en
jealous,envy very,en
jealous,really envy,en
jealous,envy really,en
jealous,super envy,en
jealous,envy super,en
jealous,extremely envy,en
jealous,envy extremely,en
jealous,quite envy,en
jealous,envy quite,en
jealous,naiinggit ako,fil
jealous,naiinggit ako sa login,fil
jealous,naiinggit ako sa account ko,fil
jealous,naiinggit ako sa appointment,fil
jealous,naiinggit ako sa password,fil
jealous,naiinggit ako sa medconnect,fil
jealous,naiinggit ako sa pag-book,fil
jealous,naiinggit ako sa registration,fil
jealous,naiinggit ako tungkol sa appointment,fil
jealous,naiinggit ako sa kalusugan ko,fil
jealous,sobrang naiinggit ako,fil
jealous,naiinggit ako sobrang,fil
jealous,talaga naiinggit ako,fil
jealous,naiinggit ako talaga,fil
jealous,grabe naiinggit ako,fil
jealous,naiinggit ako grabe,fil
jealous,napaka naiinggit ako,fil
jealous,naiinggit ako napaka,fil
jealous,super naiinggit ako,fil
jealous,naiinggit ako super,fil
jealous,selos ako,fil
jealous,selos ako sa login,fil
jealous,selos ako sa account ko,fil
jealous,selos ako sa appointment,fil
jealous,selos ako sa password,fil
jealous,selos ako sa medconnect,fil
jealous,selos ako sa pag-book,fil
jealous,selos ako sa registration,fil
jealous,selos ako tungkol sa appointment,fil
jealous,selos ako sa kalusugan ko,fil
jealous,sobrang selos ako,fil
jealous,selos ako sobrang,fil
jealous,talaga selos ako,fil
jealous,selos ako talaga,fil
jealous,grabe selos ako,fil
jealous,selos ako grabe,fil
jealous,napaka selos ako,fil
jealous,selos ako napaka,fil
jealous,super selos ako,fil
jealous,selos ako super,fil
jealous,inggit,fil
jealous,inggit sa login,fil
jealous,inggit sa account ko,fil
jealous,inggit sa appointment,fil
jealous,inggit sa password,fil
jealous,inggit sa medconnect,fil
jealous,inggit sa pag-book,fil
jealous,inggit sa registration,fil
jealous,inggit tungkol sa appointment,fil
jealous,inggit sa kalusugan ko,fil
jealous,sobrang inggit,fil
jealous,inggit sobrang,fil
jealous,talaga inggit,fil
jealous,inggit talaga,fil
jealous,grabe inggit,fil
jealous,inggit grabe,fil
jealous,napaka inggit,fil
jealous,inggit napaka,fil
jealous,super inggit,fil
jealous,inggit super,fil
jealous,naiinggit ko sa login,hil
jealous,naiinggit ko sa account ko,hil
jealous,naiinggit ko sa appointment,hil
jealous,naiinggit ko sa password,hil
jealous,naiinggit ko sa medconnect,hil
jealous,naiinggit ko sa pag-book,hil
jealous,naiinggit ko sa registration,hil
jealous,naiinggit ko parte sa appointment,hil
jealous,naiinggit ko sa akon kahimsog,hil
jealous,gid naiinggit ko,hil
jealous,naiinggit ko gid,hil
jealous,kaayo naiinggit ko,hil
jealous,naiinggit ko kaayo,hil
jealous,grabe naiinggit ko,hil
jealous,naiinggit ko grabe,hil
jealous,super naiinggit ko,hil
jealous,naiinggit ko super,hil
jealous,talaga naiinggit ko,hil
jealous,naiinggit ko talaga,hil
jealous,selos ko sa login,hil
jealous,selos ko sa account ko,hil
jealous,selos ko sa appointment,hil
jealous,selos ko sa password,hil
jealous,selos ko sa medconnect,hil
jealous,selos ko sa pag-book,hil
jealous,selos ko sa registration,hil
jealous,selos ko parte sa appointment,hil
jealous,selos ko sa akon kahimsog,hil
jealous,gid selos ko,hil
jealous,selos ko gid,hil
jealous,kaayo selos ko,hil
jealous,selos ko kaayo,hil
jealous,grabe selos ko,hil
jealous,selos ko grabe,hil
jealous,super selos ko,hil
jealous,selos ko super,hil
jealous,talaga selos ko,hil
jealous,selos ko talaga,hil
jealous,inggit parte sa appointment,hil
jealous,inggit sa akon kahimsog,hil
jealous,gid inggit,hil
jealous,inggit gid,hil
jealous,kaayo inggit,hil
jealous,inggit kaayo,hil
surprised,surprised,en
surprised,surprised with login,en
surprised,surprised with sign in,en
surprised,surprised with my account,en
surprised,surprised with appointment,en
surprised,surprised with booking,en
surprised,surprised with password,en
surprised,surprised with medconnect,en
surprised,surprised with the website,en
surprised,surprised with registration,en
surprised,surprised about my appointment,en
surprised,surprised about my health,en
surprised,surprised about my records,en
surprised,so surprised,en
surprised,surprised so,en
surprised,very surprised,en
surprised,surprised very,en
surprised,really surprised,en
surprised,surprised really,en
surprised,super surprised,en
surprised,surprised super,en
surprised,extremely surprised,en
surprised,surprised extremely,en
surprised,quite surprised,en
surprised,surprised quite,en
surprised,shocked,en
surprised,shocked with login,en
surprised,shocked with sign in,en
surprised,shocked with my account,en
surprised,shocked with appointment,en
surprised,shocked with booking,en
surprised,shocked with password,en
surprised,shocked with medconnect,en
surprised,shocked with the website,en
surprised,shocked with registration,en
surprised,shocked about my appointment,en
surprised,shocked about my health,en
surprised,shocked about my records,en
surprised,so shocked,en
surprised,shocked so,en
surprised,very shocked,en
surprised,shocked very,en
surprised,really shocked,en
surprised,shocked really,en
surprised,super shocked,en
surprised,shocked super,en
surprised,extremely shocked,en
surprised,shocked extremely,en
surprised,quite shocked,en
surprised,shocked quite,en
surprised,wow,en
surprised,wow with login,en
surprised,wow with sign in,en
surprised,wow with my account,en
surprised,wow with appointment,en
surprised,wow with booking,en
surprised,wow with password,en
surprised,wow with medconnect,en
surprised,wow with the website,en
surprised,wow with registration,en
surprised,wow about my appointment,en
surprised,wow about my health,en
surprised,wow about my records,en
surprised,so wow,en
surprised,wow so,en
surprised,very wow,en
surprised,wow very,en
surprised,really wow,en
surprised,wow really,en
surprised,super wow,en
surprised,wow super,en
surprised,extremely wow,en
surprised,wow extremely,en
surprised,quite wow,en
surprised,wow quite,en
surprised,can't believe,en
surprised,can't believe with login,en
surprised,can't believe with sign in,en
surprised,can't believe with my account,en
surprised,can't believe with appointment,en
surprised,can't believe with booking,en
surprised,can't believe with password,en
surprised,can't believe with medconnect,en
surprised,can't believe with the website,en
surprised,can't believe with registration,en
surprised,can't believe about my appointment,en
surprised,can't believe about my health,en
surprised,can't believe about my records,en
surprised,so can't believe,en
surprised,can't believe so,en
surprised,very can't believe,en
surprised,can't believe very,en
surprised,really can't believe,en
surprised,can't believe really,en
surprised,super can't believe,en
surprised,can't believe super,en
surprised,extremely can't believe,en
surprised,can't believe extremely,en
surprised,quite can't believe,en
surprised,can't believe quite,en
surprised,nagulat ako,fil
surprised,nagulat ako sa login,fil
surprised,nagulat ako sa account ko,fil
surprised,nagulat ako sa appointment,fil
surprised,nagulat ako sa password,fil
surprised,nagulat ako sa medconnect,fil
surprised,nagulat ako sa pag-book,fil
surprised,nagulat ako sa registration,fil
surprised,nagulat ako tungkol sa appointment,fil
surprised,nagulat ako sa kalusugan ko,fil
surprised,sobrang nagulat ako,fil
surprised,nagulat ako sobrang,fil
surprised,talaga nagulat ako,fil
surprised,nagulat ako talaga,fil
surprised,grabe nagulat ako,fil
surprised,nagulat ako grabe,fil
surprised,napaka nagulat ako,fil
surprised,nagulat ako napaka,fil
surprised,super nagulat ako,fil
surprised,nagulat ako super,fil
surprised,grabe sa login,fil
surprised,grabe sa account ko,fil
surprised,grabe sa appointment,fil
surprised,grabe sa password,fil
surprised,grabe sa medconnect,fil
surprised,grabe sa pag-book,fil
surprised,grabe sa registration,fil
surprised,grabe tungkol sa appointment,fil
surprised,grabe sa kalusugan ko,fil
surprised,sobrang grabe,fil
surprised,grabe sobrang,fil
surprised,talaga grabe,fil
surprised,grabe talaga,fil
surprised,grabe grabe,fil
surprised,napaka grabe,fil
surprised,grabe napaka,fil
surprised,super grabe,fil
surprised,grabe super,fil
surprised,wow sa login,fil
surprised,wow sa account ko,fil
surprised,wow sa appointment,fil
surprised,wow sa password,fil
surprised,wow sa medconnect,fil
surprised,wow sa pag-book,fil
surprised,wow sa registration,fil
surprised,wow tungkol sa appointment,fil
surprised,wow sa kalusugan ko,fil
surprised,sobrang wow,fil
surprised,wow sobrang,fil
surprised,talaga wow,fil
surprised,wow talaga,fil
surprised,grabe wow,fil
surprised,wow grabe,fil
surprised,napaka wow,fil
surprised,wow napaka,fil
surprised,nagulat ko,hil
surprised,nagulat ko sa login,hil
surprised,nagulat ko sa account ko,hil
surprised,nagulat ko sa appointment,hil
surprised,nagulat ko sa password,hil
surprised,nagulat ko sa medconnect,hil
surprised,nagulat ko sa pag-book,hil
surprised,nagulat ko sa registration,hil
surprised,nagulat ko parte sa appointment,hil
surprised,nagulat ko sa akon kahimsog,hil
surprised,gid nagulat ko,hil
surprised,nagulat ko gid,hil
surprised,kaayo nagulat ko,hil
surprised,nagulat ko kaayo,hil
surprised,grabe nagulat ko,hil
surprised,nagulat ko grabe,hil
surprised,super nagulat ko,hil
surprised,nagulat ko super,hil
surprised,talaga nagulat ko,hil
surprised,nagulat ko talaga,hil
surprised,grabe parte sa appointment,hil
surprised,grabe sa akon kahimsog,hil
surprised,gid grabe,hil
surprised,grabe gid,hil
surprised,kaayo grabe,hil
surprised,wow gid sa login,hil
surprised,wow gid sa account ko,hil
surprised,wow gid sa appointment,hil
surprised,wow gid sa password,hil
surprised,wow gid sa medconnect,hil
surprised,wow gid sa pag-book,hil
surprised,wow gid sa registration,hil
surprised,wow gid parte sa appointment,hil
surprised,wow gid sa akon kahimsog,hil
surprised,gid wow gid,hil
surprised,wow gid gid,hil
surprised,kaayo wow gid,hil
surprised,wow gid kaayo,hil
surprised,grabe wow gid,hil
surprised,wow gid grabe,hil
surprised,super wow gid,hil
surprised,wow gid super,hil
surprised,talaga wow gid,hil
surprised,wow gid talaga,hil
affectionate,love you,en
affectionate,love you with login,en
affectionate,love you with sign in,en
affectionate,love you with my account,en
affectionate,love you with appointment,en
affectionate,love you with booking,en
affectionate,love you with password,en
affectionate,love you with medconnect,en
affectionate,love you with the website,en
affectionate,love you with registration,en
affectionate,love you about my appointment,en
affectionate,love you about my health,en
affectionate,love you about my records,en
affectionate,so love you,en
affectionate,love you so,en
affectionate,very love you,en
affectionate,love you very,en
affectionate,really love you,en
affectionate,love you really,en
affectionate,super love you,en
affectionate,love you super,en
affectionate,extremely love you,en
affectionate,love you extremely,en
affectionate,quite love you,en
affectionate,love you quite,en
affectionate,miss you,en
affectionate,miss you with login,en
affectionate,miss you with sign in,en
affectionate,miss you with my account,en
affectionate,miss you with appointment,en
affectionate,miss you with booking,en
affectionate,miss you with password,en
affectionate,miss you with medconnect,en
affectionate,miss you with the website,en
affectionate,miss you with registration,en
affectionate,miss you about my appointment,en
affectionate,miss you about my health,en
affectionate,miss you about my records,en
affectionate,so miss you,en
affectionate,miss you so,en
affectionate,very miss you,en
affectionate,miss you very,en
affectionate,really miss you,en
affectionate,miss you really,en
affectionate,super miss you,en
affectionate,miss you super,en
affectionate,extremely miss you,en
affectionate,miss you extremely,en
affectionate,quite miss you,en
affectionate,miss you quite,en
affectionate,care about you,en
affectionate,care about you with login,en
affectionate,care about you with sign in,en
affectionate,care about you with my account,en
affectionate,care about you with appointment,en
affectionate,care about you with booking,en
affectionate,care about you with password,en
affectionate,care about you with medconnect,en
affectionate,care about you with the website,en
affectionate,care about you with registration,en
affectionate,care about you about my appointment,en
affectionate,care about you about my health,en
affectionate,care about you about my records,en
affectionate,so care about you,en
affectionate,care about you so,en
affectionate,very care about you,en
affectionate,care about you very,en
affectionate,really care about you,en
affectionate,care about you really,en
affectionate,super care about you,en
affectionate,care about you super,en
affectionate,extremely care about you,en
affectionate,care about you extremely,en
affectionate,quite care about you,en
affectionate,care about you quite,en
affectionate,warm feelings,en
affectionate,warm feelings with login,en
affectionate,warm feelings with sign in,en
affectionate,warm feelings with my account,en
affectionate,warm feelings with appointment,en
affectionate,warm feelings with booking,en
affectionate,warm feelings with password,en
affectionate,warm feelings with medconnect,en
affectionate,warm feelings with the website,en
affectionate,warm feelings with registration,en
affectionate,warm feelings about my appointment,en
affectionate,warm feelings about my health,en
affectionate,warm feelings about my records,en
affectionate,so warm feelings,en
affectionate,warm feelings so,en
affectionate,very warm feelings,en
affectionate,warm feelings very,en
affectionate,really warm feelings,en
affectionate,warm feelings really,en
affectionate,super warm feelings,en
affectionate,warm feelings super,en
affectionate,extremely warm feelings,en
affectionate,warm feelings extremely,en
affectionate,quite warm feelings,en
affectionate,warm feelings quite,en
affectionate,miss ko kayo,fil
affectionate,miss ko kayo sa login,fil
affectionate,miss ko kayo sa account ko,fil
affectionate,miss ko kayo sa appointment,fil
affectionate,miss ko kayo sa password,fil
affectionate,miss ko kayo sa medconnect,fil
affectionate,miss ko kayo sa pag-book,fil
affectionate,miss ko kayo sa registration,fil
affectionate,miss ko kayo tungkol sa appointment,fil
affectionate,miss ko kayo sa kalusugan ko,fil
affectionate,sobrang miss ko kayo,fil
affectionate,miss ko kayo sobrang,fil
affectionate,talaga miss ko kayo,fil
affectionate,miss ko kayo talaga,fil
affectionate,grabe miss ko kayo,fil
affectionate,miss ko kayo grabe,fil
affectionate,napaka miss ko kayo,fil
affectionate,miss ko kayo napaka,fil
affectionate,super miss ko kayo,fil
affectionate,miss ko kayo super,fil
affectionate,mahal ko kayo,fil
affectionate,mahal ko kayo sa login,fil
affectionate,mahal ko kayo sa account ko,fil
affectionate,mahal ko kayo sa appointment,fil
affectionate,mahal ko kayo sa password,fil
affectionate,mahal ko kayo sa medconnect,fil
affectionate,mahal ko kayo sa pag-book,fil
affectionate,mahal ko kayo sa registration,fil
affectionate,mahal ko kayo tungkol sa appointment,fil
affectionate,mahal ko kayo sa kalusugan ko,fil
affectionate,sobrang mahal ko kayo,fil
affectionate,mahal ko kayo sobrang,fil
affectionate,talaga mahal ko kayo,fil
affectionate,mahal ko kayo talaga,fil
affectionate,grabe mahal ko kayo,fil
affectionate,mahal ko kayo grabe,fil
affectionate,napaka mahal ko kayo,fil
affectionate,mahal ko kayo napaka,fil
affectionate,super mahal ko kayo,fil
affectionate,mahal ko kayo super,fil
affectionate,malambing,fil
affectionate,malambing sa login,fil
affectionate,malambing sa account ko,fil
affectionate,malambing sa appointment,fil
affectionate,malambing sa password,fil
affectionate,malambing sa medconnect,fil
affectionate,malambing sa pag-book,fil
affectionate,malambing sa registration,fil
affectionate,malambing tungkol sa appointment,fil
affectionate,malambing sa kalusugan ko,fil
affectionate,sobrang malambing,fil
affectionate,malambing sobrang,fil
affectionate,talaga malambing,fil
affectionate,malambing talaga,fil
affectionate,grabe malambing,fil
affectionate,malambing grabe,fil
affectionate,napaka malambing,fil
affectionate,malambing napaka,fil
affectionate,super malambing,fil
affectionate,malambing super,fil
affectionate,miss ko kamo sa login,hil
affectionate,miss ko kamo sa account ko,hil
affectionate,miss ko kamo sa appointment,hil
affectionate,miss ko kamo sa password,hil
affectionate,miss ko kamo sa medconnect,hil
affectionate,miss ko kamo sa pag-book,hil
affectionate,miss ko kamo sa registration,hil
affectionate,miss ko kamo parte sa appointment,hil
affectionate,miss ko kamo sa akon kahimsog,hil
affectionate,gid miss ko kamo,hil
affectionate,miss ko kamo gid,hil
affectionate,kaayo miss ko kamo,hil
affectionate,miss ko kamo kaayo,hil
affectionate,grabe miss ko kamo,hil
affectionate,miss ko kamo grabe,hil
affectionate,super miss ko kamo,hil
affectionate,miss ko kamo super,hil
affectionate,talaga miss ko kamo,hil
affectionate,miss ko kamo talaga,hil
affectionate,gihigugma ko,hil
affectionate,gihigugma ko sa login,hil
affectionate,gihigugma ko sa account ko,hil
affectionate,gihigugma ko sa appointment,hil
affectionate,gihigugma ko sa password,hil
affectionate,gihigugma ko sa medconnect,hil
affectionate,gihigugma ko sa pag-book,hil
affectionate,gihigugma ko sa registration,hil
affectionate,gihigugma ko parte sa appointment,hil
affectionate,gihigugma ko sa akon kahimsog,hil
affectionate,gid gihigugma ko,hil
affectionate,gihigugma ko gid,hil
affectionate,kaayo gihigugma ko,hil
affectionate,gihigugma ko kaayo,hil
affectionate,grabe gihigugma ko,hil
affectionate,gihigugma ko grabe,hil
affectionate,super gihigugma ko,hil
affectionate,gihigugma ko super,hil
affectionate,talaga gihigugma ko,hil
affectionate,gihigugma ko talaga,hil
affectionate,malambing parte sa appointment,hil
affectionate,malambing sa akon kahimsog,hil
affectionate,gid malambing,hil
affectionate,malambing gid,hil
affectionate,kaayo malambing,hil
affectionate,malambing kaayo,hil
uncertain,not sure,en
uncertain,not sure with login,en
uncertain,not sure with sign in,en
uncertain,not sure with my account,en
uncertain,not sure with appointment,en
uncertain,not sure with booking,en
uncertain,not sure with password,en
uncertain,not sure with medconnect,en
uncertain,not sure with the website,en
uncertain,not sure with registration,en
uncertain,not sure about my appointment,en
uncertain,not sure about my health,en
uncertain,not sure about my records,en
uncertain,so not sure,en
uncertain,not sure so,en
uncertain,very not sure,en
uncertain,not sure very,en
uncertain,really not sure,en
uncertain,not sure really,en
uncertain,super not sure,en
uncertain,not sure super,en
uncertain,extremely not sure,en
uncertain,not sure extremely,en
uncertain,quite not sure,en
uncertain,not sure quite,en
uncertain,uncertain,en
uncertain,uncertain with login,en
uncertain,uncertain with sign in,en
uncertain,uncertain with my account,en
uncertain,uncertain with appointment,en
uncertain,uncertain with booking,en
uncertain,uncertain with password,en
uncertain,uncertain with medconnect,en
uncertain,uncertain with the website,en
uncertain,uncertain with registration,en
uncertain,uncertain about my appointment,en
uncertain,uncertain about my health,en
uncertain,uncertain about my records,en
uncertain,so uncertain,en
uncertain,uncertain so,en
uncertain,very uncertain,en
uncertain,uncertain very,en
uncertain,really uncertain,en
uncertain,uncertain really,en
uncertain,super uncertain,en
uncertain,uncertain super,en
uncertain,extremely uncertain,en
uncertain,uncertain extremely,en
uncertain,quite uncertain,en
uncertain,uncertain quite,en
uncertain,don't know,en
uncertain,don't know with login,en
uncertain,don't know with sign in,en
uncertain,don't know with my account,en
uncertain,don't know with appointment,en
uncertain,don't know with booking,en
uncertain,don't know with password,en
uncertain,don't know with medconnect,en
uncertain,don't know with the website,en
uncertain,don't know with registration,en
uncertain,don't know about my appointment,en
uncertain,don't know about my health,en
uncertain,don't know about my records,en
uncertain,so don't know,en
uncertain,don't know so,en
uncertain,very don't know,en
uncertain,don't know very,en
uncertain,really don't know,en
uncertain,don't know really,en
uncertain,super don't know,en
uncertain,don't know super,en
uncertain,extremely don't know,en
uncertain,don't know extremely,en
uncertain,quite don't know,en
uncertain,don't know quite,en
uncertain,unsure,en
uncertain,unsure with login,en
uncertain,unsure with sign in,en
uncertain,unsure with my account,en
uncertain,unsure with appointment,en
uncertain,unsure with booking,en
uncertain,unsure with password,en
uncertain,unsure with medconnect,en
uncertain,unsure with the website,en
uncertain,unsure with registration,en
uncertain,unsure about my appointment,en
uncertain,unsure about my health,en
uncertain,unsure about my records,en
uncertain,so unsure,en
uncertain,unsure so,en
uncertain,very unsure,en
uncertain,unsure very,en
uncertain,really unsure,en
uncertain,unsure really,en
uncertain,super unsure,en
uncertain,unsure super,en
uncertain,extremely unsure,en
uncertain,unsure extremely,en
uncertain,quite unsure,en
uncertain,unsure quite,en
uncertain,hindi ko alam sa login,fil
uncertain,hindi ko alam sa account ko,fil
uncertain,hindi ko alam sa appointment,fil
uncertain,hindi ko alam sa password,fil
uncertain,hindi ko alam sa medconnect,fil
uncertain,hindi ko alam sa pag-book,fil
uncertain,hindi ko alam sa registration,fil
uncertain,hindi ko alam tungkol sa appointment,fil
uncertain,hindi ko alam sa kalusugan ko,fil
uncertain,sobrang hindi ko alam,fil
uncertain,hindi ko alam sobrang,fil
uncertain,talaga hindi ko alam,fil
uncertain,hindi ko alam talaga,fil
uncertain,grabe hindi ko alam,fil
uncertain,hindi ko alam grabe,fil
uncertain,napaka hindi ko alam,fil
uncertain,hindi ko alam napaka,fil
uncertain,super hindi ko alam,fil
uncertain,hindi ko alam super,fil
uncertain,hindi sigurado,fil
uncertain,hindi sigurado sa login,fil
uncertain,hindi sigurado sa account ko,fil
uncertain,hindi sigurado sa appointment,fil
uncertain,hindi sigurado sa password,fil
uncertain,hindi sigurado sa medconnect,fil
uncertain,hindi sigurado sa pag-book,fil
uncertain,hindi sigurado sa registration,fil
uncertain,hindi sigurado tungkol sa appointment,fil
uncertain,hindi sigurado sa kalusugan ko,fil
uncertain,sobrang hindi sigurado,fil
uncertain,hindi sigurado sobrang,fil
uncertain,talaga hindi sigurado,fil
uncertain,hindi sigurado talaga,fil
uncertain,grabe hindi sigurado,fil
uncertain,hindi sigurado grabe,fil
uncertain,napaka hindi sigurado,fil
uncertain,hindi sigurado napaka,fil
uncertain,super hindi sigurado,fil
uncertain,hindi sigurado super,fil
uncertain,di ko sure sa login,fil
uncertain,di ko sure sa account ko,fil
uncertain,di ko sure sa appointment,fil
uncertain,di ko sure sa password,fil
uncertain,di ko sure sa medconnect,fil
uncertain,di ko sure sa pag-book,fil
uncertain,di ko sure sa registration,fil
uncertain,di ko sure tungkol sa appointment,fil
uncertain,di ko sure sa kalusugan ko,fil
uncertain,sobrang di ko sure,fil
uncertain,di ko sure sobrang,fil
uncertain,talaga di ko sure,fil
uncertain,di ko sure talaga,fil
uncertain,grabe di ko sure,fil
uncertain,di ko sure grabe,fil
uncertain,napaka di ko sure,fil
uncertain,di ko sure napaka,fil
uncertain,super di ko sure,fil
uncertain,di ko sure super,fil
uncertain,indi ko kabalo sa login,hil
uncertain,indi ko kabalo sa account ko,hil
uncertain,indi ko kabalo sa appointment,hil
uncertain,indi ko kabalo sa password,hil
uncertain,indi ko kabalo sa medconnect,hil
uncertain,indi ko kabalo sa pag-book,hil
uncertain,indi ko kabalo sa registration,hil
uncertain,indi ko kabalo parte sa appointment,hil
uncertain,indi ko kabalo sa akon kahimsog,hil
uncertain,gid indi ko kabalo,hil
uncertain,indi ko kabalo gid,hil
uncertain,kaayo indi ko kabalo,hil
uncertain,indi ko kabalo kaayo,hil
uncertain,grabe indi ko kabalo,hil
uncertain,indi ko kabalo grabe,hil
uncertain,super indi ko kabalo,hil
uncertain,indi ko kabalo super,hil
uncertain,talaga indi ko kabalo,hil
uncertain,indi ko kabalo talaga,hil
uncertain,indi ko bal-an,hil
uncertain,indi ko bal-an sa login,hil
uncertain,indi ko bal-an sa account ko,hil
uncertain,indi ko bal-an sa appointment,hil
uncertain,indi ko bal-an sa password,hil
uncertain,indi ko bal-an sa medconnect,hil
uncertain,indi ko bal-an sa pag-book,hil
uncertain,indi ko bal-an sa registration,hil
uncertain,indi ko bal-an parte sa appointment,hil
uncertain,indi ko bal-an sa akon kahimsog,hil
uncertain,gid indi ko bal-an,hil
uncertain,indi ko bal-an gid,hil
uncertain,kaayo indi ko bal-an,hil
uncertain,indi ko bal-an kaayo,hil
uncertain,grabe indi ko bal-an,hil
uncertain,indi ko bal-an grabe,hil
uncertain,super indi ko bal-an,hil
uncertain,indi ko bal-an super,hil
uncertain,talaga indi ko bal-an,hil
uncertain,indi ko bal-an talaga,hil
uncertain,wala ko kasabot sa login,hil
uncertain,wala ko kasabot sa account ko,hil
uncertain,wala ko kasabot sa appointment,hil
uncertain,wala ko kasabot sa password,hil
uncertain,wala ko kasabot sa medconnect,hil
uncertain,wala ko kasabot sa pag-book,hil
uncertain,wala ko kasabot sa registration,hil
uncertain,wala ko kasabot parte sa appointment,hil
uncertain,wala ko kasabot sa akon kahimsog,hil
uncertain,gid wala ko kasabot,hil
uncertain,kaayo wala ko kasabot,hil
uncertain,wala ko kasabot kaayo,hil
uncertain,grabe wala ko kasabot,hil
uncertain,wala ko kasabot grabe,hil
uncertain,super wala ko kasabot,hil
uncertain,wala ko kasabot super,hil
uncertain,talaga wala ko kasabot,hil
uncertain,wala ko kasabot talaga,hil
uncertain,wala ko kaintindi,hil
uncertain,wala ko kaintindi sa login,hil
uncertain,wala ko kaintindi sa account ko,hil
uncertain,wala ko kaintindi sa appointment,hil
uncertain,wala ko kaintindi sa password,hil
uncertain,wala ko kaintindi sa medconnect,hil
uncertain,wala ko kaintindi sa pag-book,hil
uncertain,wala ko kaintindi sa registration,hil
uncertain,wala ko kaintindi parte sa appointment,hil
uncertain,wala ko kaintindi sa akon kahimsog,hil
uncertain,gid wala ko kaintindi,hil
uncertain,wala ko kaintindi gid,hil
uncertain,kaayo wala ko kaintindi,hil
uncertain,wala ko kaintindi kaayo,hil
uncertain,grabe wala ko kaintindi,hil
uncertain,wala ko kaintindi grabe,hil
uncertain,super wala ko kaintindi,hil
uncertain,wala ko kaintindi super,hil
uncertain,talaga wala ko kaintindi,hil
uncertain,wala ko kaintindi talaga,hil
uncertain,ano ni,hil
uncertain,ano ni sa login,hil
uncertain,ano ni sa account ko,hil
uncertain,ano ni sa appointment,hil
uncertain,ano ni sa password,hil
uncertain,ano ni sa medconnect,hil
uncertain,ano ni sa pag-book,hil
uncertain,ano ni sa registration,hil
uncertain,ano ni parte sa appointment,hil
uncertain,ano ni sa akon kahimsog,hil
uncertain,gid ano ni,hil
uncertain,ano ni gid,hil
uncertain,kaayo ano ni,hil
uncertain,ano ni kaayo,hil
uncertain,grabe ano ni,hil
uncertain,ano ni grabe,hil
uncertain,super ano ni,hil
uncertain,ano ni super,hil
uncertain,talaga ano ni,hil
uncertain,ano ni talaga,hil
mixed,mixed feelings,en
mixed,mixed feelings with login,en
mixed,mixed feelings with sign in,en
mixed,mixed feelings with my account,en
mixed,mixed feelings with appointment,en
mixed,mixed feelings with booking,en
mixed,mixed feelings with password,en
mixed,mixed feelings with medconnect,en
mixed,mixed feelings with the website,en
mixed,mixed feelings with registration,en
mixed,mixed feelings about my appointment,en
mixed,mixed feelings about my health,en
mixed,mixed feelings about my records,en
mixed,so mixed feelings,en
mixed,mixed feelings so,en
mixed,very mixed feelings,en
mixed,mixed feelings very,en
mixed,really mixed feelings,en
mixed,mixed feelings really,en
mixed,super mixed feelings,en
mixed,mixed feelings super,en
mixed,extremely mixed feelings,en
mixed,mixed feelings extremely,en
mixed,quite mixed feelings,en
mixed,mixed feelings quite,en
mixed,conflicted,en
mixed,conflicted with login,en
mixed,conflicted with sign in,en
mixed,conflicted with my account,en
mixed,conflicted with appointment,en
mixed,conflicted with booking,en
mixed,conflicted with password,en
mixed,conflicted with medconnect,en
mixed,conflicted with the website,en
mixed,conflicted with registration,en
mixed,conflicted about my appointment,en
mixed,conflicted about my health,en
mixed,conflicted about my records,en
mixed,so conflicted,en
mixed,conflicted so,en
mixed,very conflicted,en
mixed,conflicted very,en
mixed,really conflicted,en
mixed,conflicted really,en
mixed,super conflicted,en
mixed,conflicted super,en
mixed,extremely conflicted,en
mixed,conflicted extremely,en
mixed,quite conflicted,en
mixed,conflicted quite,en
mixed,but scared,en
mixed,but scared with login,en
mixed,but scared with sign in,en
mixed,but scared with my account,en
mixed,but scared with appointment,en
mixed,but scared with booking,en
mixed,but scared with password,en
mixed,but scared with medconnect,en
mixed,but scared with the website,en
mixed,but scared with registration,en
mixed,but scared about my appointment,en
mixed,but scared about my health,en
mixed,but scared about my records,en
mixed,so but scared,en
mixed,but scared so,en
mixed,very but scared,en
mixed,but scared very,en
mixed,really but scared,en
mixed,but scared really,en
mixed,super but scared,en
mixed,but scared super,en
mixed,extremely but scared,en
mixed,but scared extremely,en
mixed,quite but scared,en
mixed,but scared quite,en
mixed,but tired,en
mixed,but tired with login,en
mixed,but tired with sign in,en
mixed,but tired with my account,en
mixed,but tired with appointment,en
mixed,but tired with booking,en
mixed,but tired with password,en
mixed,but tired with medconnect,en
mixed,but tired with the website,en
mixed,but tired with registration,en
mixed,but tired about my appointment,en
mixed,but tired about my health,en
mixed,but tired about my records,en
mixed,so but tired,en
mixed,but tired so,en
mixed,very but tired,en
mixed,but tired very,en
mixed,really but tired,en
mixed,but tired really,en
mixed,super but tired,en
mixed,but tired super,en
mixed,extremely but tired,en
mixed,but tired extremely,en
mixed,quite but tired,en
mixed,but tired quite,en
mixed,but sad,en
mixed,but sad with login,en
mixed,but sad with sign in,en
mixed,but sad with my account,en
mixed,but sad with appointment,en
mixed,but sad with booking,en
mixed,but sad with password,en
mixed,but sad with medconnect,en
mixed,but sad with the website,en
mixed,but sad with registration,en
mixed,but sad about my appointment,en
mixed,but sad about my health,en
mixed,but sad about my records,en
mixed,so but sad,en
mixed,but sad so,en
mixed,very but sad,en
mixed,but sad very,en
mixed,really but sad,en
mixed,but sad really,en
mixed,super but sad,en
mixed,but sad super,en
mixed,extremely but sad,en
mixed,but sad extremely,en
mixed,quite but sad,en
mixed,but sad quite,en
mixed,magkahalong damdamin,fil
mixed,magkahalong damdamin sa login,fil
mixed,magkahalong damdamin sa account ko,fil
mixed,magkahalong damdamin sa appointment,fil
mixed,magkahalong damdamin sa password,fil
mixed,magkahalong damdamin sa medconnect,fil
mixed,magkahalong damdamin sa pag-book,fil
mixed,magkahalong damdamin sa registration,fil
mixed,magkahalong damdamin tungkol sa appointment,fil
mixed,magkahalong damdamin sa kalusugan ko,fil
mixed,sobrang magkahalong damdamin,fil
mixed,magkahalong damdamin sobrang,fil
mixed,talaga magkahalong damdamin,fil
mixed,magkahalong damdamin talaga,fil
mixed,grabe magkahalong damdamin,fil
mixed,magkahalong damdamin grabe,fil
mixed,napaka magkahalong damdamin,fil
mixed,magkahalong damdamin napaka,fil
mixed,super magkahalong damdamin,fil
mixed,magkahalong damdamin super,fil
mixed,pero natatakot,fil
mixed,pero natatakot sa login,fil
mixed,pero natatakot sa account ko,fil
mixed,pero natatakot sa appointment,fil
mixed,pero natatakot sa password,fil
mixed,pero natatakot sa medconnect,fil
mixed,pero natatakot sa pag-book,fil
mixed,pero natatakot sa registration,fil
mixed,pero natatakot tungkol sa appointment,fil
mixed,pero natatakot sa kalusugan ko,fil
mixed,sobrang pero natatakot,fil
mixed,pero natatakot sobrang,fil
mixed,talaga pero natatakot,fil
mixed,pero natatakot talaga,fil
mixed,grabe pero natatakot,fil
mixed,pero natatakot grabe,fil
mixed,napaka pero natatakot,fil
mixed,pero natatakot napaka,fil
mixed,super pero natatakot,fil
mixed,pero natatakot super,fil
mixed,pero pagod,fil
mixed,pero pagod sa login,fil
mixed,pero pagod sa account ko,fil
mixed,pero pagod sa appointment,fil
mixed,pero pagod sa password,fil
mixed,pero pagod sa medconnect,fil
mixed,pero pagod sa pag-book,fil
mixed,pero pagod sa registration,fil
mixed,pero pagod tungkol sa appointment,fil
mixed,pero pagod sa kalusugan ko,fil
mixed,sobrang pero pagod,fil
mixed,pero pagod sobrang,fil
mixed,talaga pero pagod,fil
mixed,pero pagod talaga,fil
mixed,grabe pero pagod,fil
mixed,pero pagod grabe,fil
mixed,napaka pero pagod,fil
mixed,pero pagod napaka,fil
mixed,super pero pagod,fil
mixed,pero pagod super,fil
mixed,magkahalong pamatyag,hil
mixed,magkahalong pamatyag sa login,hil
mixed,magkahalong pamatyag sa account ko,hil
mixed,magkahalong pamatyag sa appointment,hil
mixed,magkahalong pamatyag sa password,hil
mixed,magkahalong pamatyag sa medconnect,hil
mixed,magkahalong pamatyag sa pag-book,hil
mixed,magkahalong pamatyag sa registration,hil
mixed,magkahalong pamatyag parte sa appointment,hil
mixed,magkahalong pamatyag sa akon kahimsog,hil
mixed,gid magkahalong pamatyag,hil
mixed,magkahalong pamatyag gid,hil
mixed,kaayo magkahalong pamatyag,hil
mixed,magkahalong pamatyag kaayo,hil
mixed,grabe magkahalong pamatyag,hil
mixed,magkahalong pamatyag grabe,hil
mixed,super magkahalong pamatyag,hil
mixed,magkahalong pamatyag super,hil
mixed,talaga magkahalong pamatyag,hil
mixed,magkahalong pamatyag talaga,hil
mixed,pero nahadlok ko sa login,hil
mixed,pero nahadlok ko sa account ko,hil
mixed,pero nahadlok ko sa appointment,hil
mixed,pero nahadlok ko sa password,hil
mixed,pero nahadlok ko sa medconnect,hil
mixed,pero nahadlok ko sa pag-book,hil
mixed,pero nahadlok ko sa registration,hil
mixed,pero nahadlok ko parte sa appointment,hil
mixed,pero nahadlok ko sa akon kahimsog,hil
mixed,gid pero nahadlok ko,hil
mixed,pero nahadlok ko gid,hil
mixed,kaayo pero nahadlok ko,hil
mixed,pero nahadlok ko kaayo,hil
mixed,grabe pero nahadlok ko,hil
mixed,pero nahadlok ko grabe,hil
mixed,super pero nahadlok ko,hil
mixed,pero nahadlok ko super,hil
mixed,talaga pero nahadlok ko,hil
mixed,pero nahadlok ko talaga,hil
mixed,pero kapoy ko sa login,hil
mixed,pero kapoy ko sa account ko,hil
mixed,pero kapoy ko sa appointment,hil
mixed,pero kapoy ko sa password,hil
mixed,pero kapoy ko sa medconnect,hil
mixed,pero kapoy ko sa pag-book,hil
mixed,pero kapoy ko sa registration,hil
mixed,pero kapoy ko parte sa appointment,hil
mixed,pero kapoy ko sa akon kahimsog,hil
mixed,gid pero kapoy ko,hil
mixed,pero kapoy ko gid,hil
mixed,kaayo pero kapoy ko,hil
mixed,pero kapoy ko kaayo,hil
mixed,grabe pero kapoy ko,hil
mixed,pero kapoy ko grabe,hil
mixed,super pero kapoy ko,hil
mixed,pero kapoy ko super,hil
mixed,talaga pero kapoy ko,hil
mixed,pero kapoy ko talaga,hil
mixed,pero sad ko sa login,hil
mixed,pero sad ko sa account ko,hil
mixed,pero sad ko sa appointment,hil
mixed,pero sad ko sa password,hil
mixed,pero sad ko sa medconnect,hil
mixed,pero sad ko sa pag-book,hil
mixed,pero sad ko sa registration,hil
mixed,pero sad ko parte sa appointment,hil
mixed,pero sad ko sa akon kahimsog,hil
mixed,gid pero sad ko,hil
mixed,pero sad ko gid,hil
mixed,kaayo pero sad ko,hil
mixed,pero sad ko kaayo,hil
mixed,grabe pero sad ko,hil
mixed,pero sad ko grabe,hil
mixed,super pero sad ko,hil
mixed,pero sad ko super,hil
mixed,talaga pero sad ko,hil
mixed,pero sad ko talaga,hil
thankful,thank you with login,en
thankful,thank you with sign in,en
thankful,thank you with my account,en
thankful,thank you with appointment,en
thankful,thank you with booking,en
thankful,thank you with password,en
thankful,thank you with medconnect,en
thankful,thank you with the website,en
thankful,thank you with registration,en
thankful,thank you about my appointment,en
thankful,thank you about my health,en
thankful,thank you about my records,en
thankful,so thank you,en
thankful,thank you so,en
thankful,very thank you,en
thankful,thank you very,en
thankful,really thank you,en
thankful,thank you really,en
thankful,super thank you,en
thankful,thank you super,en
thankful,extremely thank you,en
thankful,thank you extremely,en
thankful,quite thank you,en
thankful,thank you quite,en
thankful,thanks with login,en
thankful,thanks with sign in,en
thankful,thanks with my account,en
thankful,thanks with appointment,en
thankful,thanks with booking,en
thankful,thanks with password,en
thankful,thanks with medconnect,en
thankful,thanks with the website,en
thankful,thanks with registration,en
thankful,thanks about my appointment,en
thankful,thanks about my health,en
thankful,thanks about my records,en
thankful,so thanks,en
thankful,thanks so,en
thankful,very thanks,en
thankful,thanks very,en
thankful,really thanks,en
thankful,thanks really,en
thankful,super thanks,en
thankful,thanks super,en
thankful,extremely thanks,en
thankful,thanks extremely,en
thankful,quite thanks,en
thankful,thanks quite,en
thankful,thanks a lot with login,en
thankful,thanks a lot with sign in,en
thankful,thanks a lot with my account,en
thankful,thanks a lot with appointment,en
thankful,thanks a lot with booking,en
thankful,thanks a lot with password,en
thankful,thanks a lot with medconnect,en
thankful,thanks a lot with the website,en
thankful,thanks a lot with registration,en
thankful,thanks a lot about my appointment,en
thankful,thanks a lot about my health,en
thankful,thanks a lot about my records,en
thankful,so thanks a lot,en
thankful,thanks a lot so,en
thankful,very thanks a lot,en
thankful,thanks a lot very,en
thankful,really thanks a lot,en
thankful,thanks a lot really,en
thankful,super thanks a lot,en
thankful,thanks a lot super,en
thankful,extremely thanks a lot,en
thankful,thanks a lot extremely,en
thankful,quite thanks a lot,en
thankful,thanks a lot quite,en
thankful,thank you so much with login,en
thankful,thank you so much with sign in,en
thankful,thank you so much with my account,en
thankful,thank you so much with appointment,en
thankful,thank you so much with booking,en
thankful,thank you so much with password,en
thankful,thank you so much with medconnect,en
thankful,thank you so much with the website,en
thankful,thank you so much with registration,en
thankful,thank you so much about my appointment,en
thankful,thank you so much about my health,en
thankful,thank you so much about my records,en
thankful,so thank you so much,en
thankful,thank you so much so,en
thankful,very thank you so much,en
thankful,thank you so much very,en
thankful,really thank you so much,en
thankful,thank you so much really,en
thankful,super thank you so much,en
thankful,thank you so much super,en
thankful,extremely thank you so much,en
thankful,thank you so much extremely,en
thankful,quite thank you so much,en
thankful,thank you so much quite,en
thankful,much appreciated,en
thankful,much appreciated with login,en
thankful,much appreciated with sign in,en
thankful,much appreciated with my account,en
thankful,much appreciated with appointment,en
thankful,much appreciated with booking,en
thankful,much appreciated with password,en
thankful,much appreciated with medconnect,en
thankful,much appreciated with the website,en
thankful,much appreciated with registration,en
thankful,much appreciated about my appointment,en
thankful,much appreciated about my health,en
thankful,much appreciated about my records,en
thankful,so much appreciated,en
thankful,much appreciated so,en
thankful,very much appreciated,en
thankful,much appreciated very,en
thankful,really much appreciated,en
thankful,much appreciated really,en
thankful,super much appreciated,en
thankful,much appreciated super,en
thankful,extremely much appreciated,en
thankful,much appreciated extremely,en
thankful,quite much appreciated,en
thankful,much appreciated quite,en
thankful,grateful,en
thankful,grateful with login,en
thankful,grateful with sign in,en
thankful,grateful with my account,en
thankful,grateful with appointment,en
thankful,grateful with booking,en
thankful,grateful with password,en
thankful,grateful with medconnect,en
thankful,grateful with the website,en
thankful,grateful with registration,en
thankful,grateful about my appointment,en
thankful,grateful about my health,en
thankful,grateful about my records,en
thankful,so grateful,en
thankful,grateful so,en
thankful,very grateful,en
thankful,grateful very,en
thankful,really grateful,en
thankful,grateful really,en
thankful,super grateful,en
thankful,grateful super,en
thankful,extremely grateful,en
thankful,grateful extremely,en
thankful,quite grateful,en
thankful,grateful quite,en
thankful,thanks for the help,en
thankful,thanks for the help with login,en
thankful,thanks for the help with sign in,en
thankful,thanks for the help with my account,en
thankful,thanks for the help with appointment,en
thankful,thanks for the help with booking,en
thankful,thanks for the help with password,en
thankful,thanks for the help with medconnect,en
thankful,thanks for the help with the website,en
thankful,thanks for the help with registration,en
thankful,thanks for the help about my appointment,en
thankful,thanks for the help about my health,en
thankful,thanks for the help about my records,en
thankful,so thanks for the help,en
thankful,thanks for the help so,en
thankful,very thanks for the help,en
thankful,thanks for the help very,en
thankful,really thanks for the help,en
thankful,thanks for the help really,en
thankful,super thanks for the help,en
thankful,thanks for the help super,en
thankful,extremely thanks for the help,en
thankful,thanks for the help extremely,en
thankful,quite thanks for the help,en
thankful,thanks for the help quite,en
thankful,thank you for helping,en
thankful,thank you for helping with login,en
thankful,thank you for helping with sign in,en
thankful,thank you for helping with my account,en
thankful,thank you for helping with appointment,en
thankful,thank you for helping with booking,en
thankful,thank you for helping with password,en
thankful,thank you for helping with medconnect,en
thankful,thank you for helping with the website,en
thankful,thank you for helping with registration,en
thankful,thank you for helping about my appointment,en
thankful,thank you for helping about my health,en
thankful,thank you for helping about my records,en
thankful,so thank you for helping,en
thankful,thank you for helping so,en
thankful,very thank you for helping,en
thankful,thank you for helping very,en
thankful,really thank you for helping,en
thankful,thank you for helping really,en
thankful,super thank you for helping,en
thankful,thank you for helping super,en
thankful,extremely thank you for helping,en
thankful,thank you for helping extremely,en
thankful,quite thank you for helping,en
thankful,thank you for helping quite,en
thankful,appreciate it,en
thankful,appreciate it with login,en
thankful,appreciate it with sign in,en
thankful,appreciate it with my account,en
thankful,appreciate it with appointment,en
thankful,appreciate it with booking,en
thankful,appreciate it with password,en
thankful,appreciate it with medconnect,en
thankful,appreciate it with the website,en
thankful,appreciate it with registration,en
thankful,appreciate it about my appointment,en
thankful,appreciate it about my health,en
thankful,appreciate it about my records,en
thankful,so appreciate it,en
thankful,appreciate it so,en
thankful,very appreciate it,en
thankful,appreciate it very,en
thankful,really appreciate it,en
thankful,appreciate it really,en
thankful,super appreciate it,en
thankful,appreciate it super,en
thankful,extremely appreciate it,en
thankful,appreciate it extremely,en
thankful,quite appreciate it,en
thankful,appreciate it quite,en
thankful,thanks really with login,en
thankful,thanks really with sign in,en
thankful,thanks really with my account,en
thankful,thanks really with appointment,en
thankful,thanks really with booking,en
thankful,thanks really with password,en
thankful,thanks really with medconnect,en
thankful,thanks really with the website,en
thankful,thanks really with registration,en
thankful,thanks really about my appointment,en
thankful,thanks really about my health,en
thankful,thanks really about my records,en
thankful,so thanks really,en
thankful,thanks really so,en
thankful,very thanks really,en
thankful,thanks really very,en
thankful,really thanks really,en
thankful,thanks really really,en
thankful,super thanks really,en
thankful,thanks really super,en
thankful,extremely thanks really,en
thankful,thanks really extremely,en
thankful,quite thanks really,en
thankful,thanks really quite,en
thankful,ty,en
thankful,ty with login,en
thankful,ty with sign in,en
thankful,ty with my account,en
thankful,ty with appointment,en
thankful,ty with booking,en
thankful,ty with password,en
thankful,ty with medconnect,en
thankful,ty with the website,en
thankful,ty with registration,en
thankful,ty about my appointment,en
thankful,ty about my health,en
thankful,ty about my records,en
thankful,so ty,en
thankful,ty so,en
thankful,very ty,en
thankful,ty very,en
thankful,really ty,en
thankful,ty really,en
thankful,super ty,en
thankful,ty super,en
thankful,extremely ty,en
thankful,ty extremely,en
thankful,quite ty,en
thankful,ty quite,en
thankful,tysm,en
thankful,tysm with login,en
thankful,tysm with sign in,en
thankful,tysm with my account,en
thankful,tysm with appointment,en
thankful,tysm with booking,en
thankful,tysm with password,en
thankful,tysm with medconnect,en
thankful,tysm with the website,en
thankful,tysm with registration,en
thankful,tysm about my appointment,en
thankful,tysm about my health,en
thankful,tysm about my records,en
thankful,so tysm,en
thankful,tysm so,en
thankful,very tysm,en
thankful,tysm very,en
thankful,really tysm,en
thankful,tysm really,en
thankful,super tysm,en
thankful,tysm super,en
thankful,extremely tysm,en
thankful,tysm extremely,en
thankful,quite tysm,en
thankful,tysm quite,en
thankful,thank you very much,en
thankful,thank you very much with login,en
thankful,thank you very much with sign in,en
thankful,thank you very much with my account,en
thankful,thank you very much with appointment,en
thankful,thank you very much with booking,en
thankful,thank you very much with password,en
thankful,thank you very much with medconnect,en
thankful,thank you very much with the website,en
thankful,thank you very much with registration,en
thankful,thank you very much about my appointment,en
thankful,thank you very much about my health,en
thankful,thank you very much about my records,en
thankful,so thank you very much,en
thankful,thank you very much so,en
thankful,very thank you very much,en
thankful,thank you very much very,en
thankful,really thank you very much,en
thankful,thank you very much really,en
thankful,super thank you very much,en
thankful,thank you very much super,en
thankful,extremely thank you very much,en
thankful,thank you very much extremely,en
thankful,quite thank you very much,en
thankful,thank you very much quite,en
thankful,salamat sa login,fil
thankful,salamat sa account ko,fil
thankful,salamat sa appointment,fil
thankful,salamat sa password,fil
thankful,salamat sa medconnect,fil
thankful,salamat sa pag-book,fil
thankful,salamat sa registration,fil
thankful,salamat tungkol sa appointment,fil
thankful,salamat sa kalusugan ko,fil
thankful,sobrang salamat,fil
thankful,salamat sobrang,fil
thankful,talaga salamat,fil
thankful,salamat talaga,fil
thankful,grabe salamat,fil
thankful,salamat grabe,fil
thankful,napaka salamat,fil
thankful,salamat napaka,fil
thankful,super salamat,fil
thankful,salamat super,fil
thankful,maraming salamat sa login,fil
thankful,maraming salamat sa account ko,fil
thankful,maraming salamat sa appointment,fil
thankful,maraming salamat sa password,fil
thankful,maraming salamat sa medconnect,fil
thankful,maraming salamat sa pag-book,fil
thankful,maraming salamat sa registration,fil
thankful,maraming salamat tungkol sa appointment,fil
thankful,maraming salamat sa kalusugan ko,fil
thankful,sobrang maraming salamat,fil
thankful,maraming salamat sobrang,fil
thankful,talaga maraming salamat,fil
thankful,maraming salamat talaga,fil
thankful,grabe maraming salamat,fil
thankful,maraming salamat grabe,fil
thankful,napaka maraming salamat,fil
thankful,maraming salamat napaka,fil
thankful,super maraming salamat,fil
thankful,maraming salamat super,fil
thankful,salamat po sa login,fil
thankful,salamat po sa account ko,fil
thankful,salamat po sa appointment,fil
thankful,salamat po sa password,fil
thankful,salamat po sa medconnect,fil
thankful,salamat po sa pag-book,fil
thankful,salamat po sa registration,fil
thankful,salamat po tungkol sa appointment,fil
thankful,salamat po sa kalusugan ko,fil
thankful,sobrang salamat po,fil
thankful,salamat po sobrang,fil
thankful,talaga salamat po,fil
thankful,salamat po talaga,fil
thankful,grabe salamat po,fil
thankful,salamat po grabe,fil
thankful,napaka salamat po,fil
thankful,salamat po napaka,fil
thankful,super salamat po,fil
thankful,salamat po super,fil
thankful,thank you po,fil
thankful,thank you po sa login,fil
thankful,thank you po sa account ko,fil
thankful,thank you po sa appointment,fil
thankful,thank you po sa password,fil
thankful,thank you po sa medconnect,fil
thankful,thank you po sa pag-book,fil
thankful,thank you po sa registration,fil
thankful,thank you po tungkol sa appointment,fil
thankful,thank you po sa kalusugan ko,fil
thankful,sobrang thank you po,fil
thankful,thank you po sobrang,fil
thankful,talaga thank you po,fil
thankful,thank you po talaga,fil
thankful,grabe thank you po,fil
thankful,thank you po grabe,fil
thankful,napaka thank you po,fil
thankful,thank you po napaka,fil
thankful,super thank you po,fil
thankful,thank you po super,fil
thankful,salamat talaga sa login,fil
thankful,salamat talaga sa account ko,fil
thankful,salamat talaga sa appointment,fil
thankful,salamat talaga sa password,fil
thankful,salamat talaga sa medconnect,fil
thankful,salamat talaga sa pag-book,fil
thankful,salamat talaga sa registration,fil
thankful,salamat talaga tungkol sa appointment,fil
thankful,salamat talaga sa kalusugan ko,fil
thankful,sobrang salamat talaga,fil
thankful,salamat talaga sobrang,fil
thankful,talaga salamat talaga,fil
thankful,salamat talaga talaga,fil
thankful,grabe salamat talaga,fil
thankful,salamat talaga grabe,fil
thankful,napaka salamat talaga,fil
thankful,salamat talaga napaka,fil
thankful,super salamat talaga,fil
thankful,salamat talaga super,fil
thankful,maraming salamat po,fil
thankful,maraming salamat po sa login,fil
thankful,maraming salamat po sa account ko,fil
thankful,maraming salamat po sa appointment,fil
thankful,maraming salamat po sa password,fil
thankful,maraming salamat po sa medconnect,fil
thankful,maraming salamat po sa pag-book,fil
thankful,maraming salamat po sa registration,fil
thankful,maraming salamat po tungkol sa appointment,fil
thankful,maraming salamat po sa kalusugan ko,fil
thankful,sobrang maraming salamat po,fil
thankful,maraming salamat po sobrang,fil
thankful,talaga maraming salamat po,fil
thankful,maraming salamat po talaga,fil
thankful,grabe maraming salamat po,fil
thankful,maraming salamat po grabe,fil
thankful,napaka maraming salamat po,fil
thankful,maraming salamat po napaka,fil
thankful,super maraming salamat po,fil
thankful,maraming salamat po super,fil
thankful,thanks po,fil
thankful,thanks po sa login,fil
thankful,thanks po sa account ko,fil
thankful,thanks po sa appointment,fil
thankful,thanks po sa password,fil
thankful,thanks po sa medconnect,fil
thankful,thanks po sa pag-book,fil
thankful,thanks po sa registration,fil
thankful,thanks po tungkol sa appointment,fil
thankful,thanks po sa kalusugan ko,fil
thankful,sobrang thanks po,fil
thankful,thanks po sobrang,fil
thankful,talaga thanks po,fil
thankful,thanks po talaga,fil
thankful,grabe thanks po,fil
thankful,thanks po grabe,fil
thankful,napaka thanks po,fil
thankful,thanks po napaka,fil
thankful,super thanks po,fil
thankful,thanks po super,fil
thankful,salamat sa tulong,fil
thankful,salamat sa tulong sa login,fil
thankful,salamat sa tulong sa account ko,fil
thankful,salamat sa tulong sa appointment,fil
thankful,salamat sa tulong sa password,fil
thankful,salamat sa tulong sa medconnect,fil
thankful,salamat sa tulong sa pag-book,fil
thankful,salamat sa tulong sa registration,fil
thankful,salamat sa tulong tungkol sa appointment,fil
thankful,salamat sa tulong sa kalusugan ko,fil
thankful,sobrang salamat sa tulong,fil
thankful,salamat sa tulong sobrang,fil
thankful,talaga salamat sa tulong,fil
thankful,salamat sa tulong talaga,fil
thankful,grabe salamat sa tulong,fil
thankful,salamat sa tulong grabe,fil
thankful,napaka salamat sa tulong,fil
thankful,salamat sa tulong napaka,fil
thankful,super salamat sa tulong,fil
thankful,salamat sa tulong super,fil
thankful,grateful ako,fil
thankful,grateful ako sa login,fil
thankful,grateful ako sa account ko,fil
thankful,grateful ako sa appointment,fil
thankful,grateful ako sa password,fil
thankful,grateful ako sa medconnect,fil
thankful,grateful ako sa pag-book,fil
thankful,grateful ako sa registration,fil
thankful,grateful ako tungkol sa appointment,fil
thankful,grateful ako sa kalusugan ko,fil
thankful,sobrang grateful ako,fil
thankful,grateful ako sobrang,fil
thankful,talaga grateful ako,fil
thankful,grateful ako talaga,fil
thankful,grabe grateful ako,fil
thankful,grateful ako grabe,fil
thankful,napaka grateful ako,fil
thankful,grateful ako napaka,fil
thankful,super grateful ako,fil
thankful,grateful ako super,fil
thankful,salamat parte sa appointment,hil
thankful,salamat sa akon kahimsog,hil
thankful,gid salamat,hil
thankful,kaayo salamat,hil
thankful,salamat guid sa login,hil
thankful,salamat guid sa account ko,hil
thankful,salamat guid sa appointment,hil
thankful,salamat guid sa password,hil
thankful,salamat guid sa medconnect,hil
thankful,salamat guid sa pag-book,hil
thankful,salamat guid sa registration,hil
thankful,salamat guid parte sa appointment,hil
thankful,salamat guid sa akon kahimsog,hil
thankful,gid salamat guid,hil
thankful,salamat guid gid,hil
thankful,kaayo salamat guid,hil
thankful,salamat guid kaayo,hil
thankful,grabe salamat guid,hil
thankful,salamat guid grabe,hil
thankful,super salamat guid,hil
thankful,salamat guid super,hil
thankful,talaga salamat guid,hil
thankful,salamat guid talaga,hil
thankful,salamat kaayo sa login,hil
thankful,salamat kaayo sa account ko,hil
thankful,salamat kaayo sa appointment,hil
thankful,salamat kaayo sa password,hil
thankful,salamat kaayo sa medconnect,hil
thankful,salamat kaayo sa pag-book,hil
thankful,salamat kaayo sa registration,hil
thankful,salamat kaayo parte sa appointment,hil
thankful,salamat kaayo sa akon kahimsog,hil
thankful,gid salamat kaayo,hil
thankful,kaayo salamat kaayo,hil
thankful,salamat kaayo kaayo,hil
thankful,grabe salamat kaayo,hil
thankful,salamat kaayo grabe,hil
thankful,super salamat kaayo,hil
thankful,salamat kaayo super,hil
thankful,talaga salamat kaayo,hil
thankful,salamat kaayo talaga,hil
thankful,madamo gid nga salamat sa login,hil
thankful,madamo gid nga salamat sa account ko,hil
thankful,madamo gid nga salamat sa appointment,hil
thankful,madamo gid nga salamat sa password,hil
thankful,madamo gid nga salamat sa medconnect,hil
thankful,madamo gid nga salamat sa pag-book,hil
thankful,madamo gid nga salamat sa registration,hil
thankful,madamo gid nga salamat parte sa appointment,hil
thankful,madamo gid nga salamat sa akon kahimsog,hil
thankful,gid madamo gid nga salamat,hil
thankful,madamo gid nga salamat gid,hil
thankful,kaayo madamo gid nga salamat,hil
thankful,madamo gid nga salamat kaayo,hil
thankful,grabe madamo gid nga salamat,hil
thankful,madamo gid nga salamat grabe,hil
thankful,super madamo gid nga salamat,hil
thankful,madamo gid nga salamat super,hil
thankful,talaga madamo gid nga salamat,hil
thankful,madamo gid nga salamat talaga,hil
thankful,thank you gid sa login,hil
thankful,thank you gid sa account ko,hil
thankful,thank you gid sa appointment,hil
thankful,thank you gid sa password,hil
thankful,thank you gid sa medconnect,hil
thankful,thank you gid sa pag-book,hil
thankful,thank you gid sa registration,hil
thankful,thank you gid parte sa appointment,hil
thankful,thank you gid sa akon kahimsog,hil
thankful,gid thank you gid,hil
thankful,thank you gid gid,hil
thankful,kaayo thank you gid,hil
thankful,grabe thank you gid,hil
thankful,thank you gid grabe,hil
thankful,super thank you gid,hil
thankful,thank you gid super,hil
thankful,talaga thank you gid,hil
thankful,thank you gid talaga,hil
thankful,salamat gid sa login,hil
thankful,salamat gid sa account ko,hil
thankful,salamat gid sa appointment,hil
thankful,salamat gid sa password,hil
thankful,salamat gid sa medconnect,hil
thankful,salamat gid sa pag-book,hil
thankful,salamat gid sa registration,hil
thankful,salamat gid parte sa appointment,hil
thankful,salamat gid sa akon kahimsog,hil
thankful,gid salamat gid,hil
thankful,salamat gid gid,hil
thankful,kaayo salamat gid,hil
thankful,salamat gid kaayo,hil
thankful,grabe salamat gid,hil
thankful,salamat gid grabe,hil
thankful,super salamat gid,hil
thankful,salamat gid super,hil
thankful,talaga salamat gid,hil
thankful,salamat gid talaga,hil
thankful,damo gid nga salamat sa login,hil
thankful,damo gid nga salamat sa account ko,hil
thankful,damo gid nga salamat sa appointment,hil
thankful,damo gid nga salamat sa password,hil
thankful,damo gid nga salamat sa medconnect,hil
thankful,damo gid nga salamat sa pag-book,hil
thankful,damo gid nga salamat sa registration,hil
thankful,damo gid nga salamat parte sa appointment,hil
thankful,damo gid nga salamat sa akon kahimsog,hil
thankful,gid damo gid nga salamat,hil
thankful,damo gid nga salamat gid,hil
thankful,kaayo damo gid nga salamat,hil
thankful,damo gid nga salamat kaayo,hil
thankful,grabe damo gid nga salamat,hil
thankful,damo gid nga salamat grabe,hil
thankful,super damo gid nga salamat,hil
thankful,damo gid nga salamat super,hil
thankful,talaga damo gid nga salamat,hil
thankful,damo gid nga salamat talaga,hil
thankful,salamat sa bulig,hil
thankful,salamat sa bulig sa login,hil
thankful,salamat sa bulig sa account ko,hil
thankful,salamat sa bulig sa appointment,hil
thankful,salamat sa bulig sa password,hil
thankful,salamat sa bulig sa medconnect,hil
thankful,salamat sa bulig sa pag-book,hil
thankful,salamat sa bulig sa registration,hil
thankful,salamat sa bulig parte sa appointment,hil
thankful,salamat sa bulig sa akon kahimsog,hil
thankful,gid salamat sa bulig,hil
thankful,kaayo salamat sa bulig,hil
thankful,salamat sa bulig kaayo,hil
thankful,grabe salamat sa bulig,hil
thankful,salamat sa bulig grabe,hil
thankful,super salamat sa bulig,hil
thankful,salamat sa bulig super,hil
thankful,talaga salamat sa bulig,hil
thankful,salamat sa bulig talaga,hil
relieved,relieved,en
relieved,relieved with login,en
relieved,relieved with sign in,en
relieved,relieved with my account,en
relieved,relieved with appointment,en
relieved,relieved with booking,en
relieved,relieved with password,en
relieved,relieved with medconnect,en
relieved,relieved with the website,en
relieved,relieved with registration,en
relieved,relieved about my appointment,en
relieved,relieved about my health,en
relieved,relieved about my records,en
relieved,so relieved,en
relieved,relieved so,en
relieved,very relieved,en
relieved,relieved very,en
relieved,really relieved,en
relieved,relieved really,en
relieved,super relieved,en
relieved,relieved super,en
relieved,extremely relieved,en
relieved,relieved extremely,en
relieved,quite relieved,en
relieved,relieved quite,en
relieved,what a relief with login,en
relieved,what a relief with sign in,en
relieved,what a relief with my account,en
relieved,what a relief with appointment,en
relieved,what a relief with booking,en
relieved,what a relief with password,en
relieved,what a relief with medconnect,en
relieved,what a relief with the website,en
relieved,what a relief with registration,en
relieved,what a relief about my appointment,en
relieved,what a relief about my health,en
relieved,what a relief about my records,en
relieved,so what a relief,en
relieved,what a relief so,en
relieved,very what a relief,en
relieved,what a relief very,en
relieved,really what a relief,en
relieved,what a relief really,en
relieved,super what a relief,en
relieved,what a relief super,en
relieved,extremely what a relief,en
relieved,what a relief extremely,en
relieved,quite what a relief,en
relieved,what a relief quite,en
relieved,finally,en
relieved,finally with login,en
relieved,finally with sign in,en
relieved,finally with my account,en
relieved,finally with appointment,en
relieved,finally with booking,en
relieved,finally with password,en
relieved,finally with medconnect,en
relieved,finally with the website,en
relieved,finally with registration,en
relieved,finally about my appointment,en
relieved,finally about my health,en
relieved,finally about my records,en
relieved,so finally,en
relieved,finally so,en
relieved,very finally,en
relieved,finally very,en
relieved,really finally,en
relieved,finally really,en
relieved,super finally,en
relieved,finally super,en
relieved,extremely finally,en
relieved,finally extremely,en
relieved,quite finally,en
relieved,finally quite,en
relieved,good to know with login,en
relieved,good to know with sign in,en
relieved,good to know with my account,en
relieved,good to know with appointment,en
relieved,good to know with booking,en
relieved,good to know with password,en
relieved,good to know with medconnect,en
relieved,good to know with the website,en
relieved,good to know with registration,en
relieved,good to know about my appointment,en
relieved,good to know about my health,en
relieved,good to know about my records,en
relieved,so good to know,en
relieved,good to know so,en
relieved,very good to know,en
relieved,good to know very,en
relieved,really good to know,en
relieved,good to know really,en
relieved,super good to know,en
relieved,good to know super,en
relieved,extremely good to know,en
relieved,good to know extremely,en
relieved,quite good to know,en
relieved,good to know quite,en
relieved,that's a relief,en
relieved,that's a relief with login,en
relieved,that's a relief with sign in,en
relieved,that's a relief with my account,en
relieved,that's a relief with appointment,en
relieved,that's a relief with booking,en
relieved,that's a relief with password,en
relieved,that's a relief with medconnect,en
relieved,that's a relief with the website,en
relieved,that's a relief with registration,en
relieved,that's a relief about my appointment,en
relieved,that's a relief about my health,en
relieved,that's a relief about my records,en
relieved,so that's a relief,en
relieved,that's a relief so,en
relieved,very that's a relief,en
relieved,that's a relief very,en
relieved,really that's a relief,en
relieved,that's a relief really,en
relieved,super that's a relief,en
relieved,that's a relief super,en
relieved,extremely that's a relief,en
relieved,that's a relief extremely,en
relieved,quite that's a relief,en
relieved,that's a relief quite,en
relieved,glad it's sorted,en
relieved,glad it's sorted with login,en
relieved,glad it's sorted with sign in,en
relieved,glad it's sorted with my account,en
relieved,glad it's sorted with appointment,en
relieved,glad it's sorted with booking,en
relieved,glad it's sorted with password,en
relieved,glad it's sorted with medconnect,en
relieved,glad it's sorted with the website,en
relieved,glad it's sorted with registration,en
relieved,glad it's sorted about my appointment,en
relieved,glad it's sorted about my health,en
relieved,glad it's sorted about my records,en
relieved,so glad it's sorted,en
relieved,glad it's sorted so,en
relieved,very glad it's sorted,en
relieved,glad it's sorted very,en
relieved,really glad it's sorted,en
relieved,glad it's sorted really,en
relieved,super glad it's sorted,en
relieved,glad it's sorted super,en
relieved,extremely glad it's sorted,en
relieved,glad it's sorted extremely,en
relieved,quite glad it's sorted,en
relieved,glad it's sorted quite,en
relieved,ginhawa na ko sa login,fil
relieved,ginhawa na ko sa account ko,fil
relieved,ginhawa na ko sa appointment,fil
relieved,ginhawa na ko sa password,fil
relieved,ginhawa na ko sa medconnect,fil
relieved,ginhawa na ko sa pag-book,fil
relieved,ginhawa na ko sa registration,fil
relieved,ginhawa na ko tungkol sa appointment,fil
relieved,ginhawa na ko sa kalusugan ko,fil
relieved,sobrang ginhawa na ko,fil
relieved,ginhawa na ko sobrang,fil
relieved,talaga ginhawa na ko,fil
relieved,ginhawa na ko talaga,fil
relieved,grabe ginhawa na ko,fil
relieved,ginhawa na ko grabe,fil
relieved,napaka ginhawa na ko,fil
relieved,ginhawa na ko napaka,fil
relieved,super ginhawa na ko,fil
relieved,ginhawa na ko super,fil
relieved,buti na lang sa login,fil
relieved,buti na lang sa account ko,fil
relieved,buti na lang sa appointment,fil
relieved,buti na lang sa password,fil
relieved,buti na lang sa medconnect,fil
relieved,buti na lang sa pag-book,fil
relieved,buti na lang sa registration,fil
relieved,buti na lang tungkol sa appointment,fil
relieved,buti na lang sa kalusugan ko,fil
relieved,sobrang buti na lang,fil
relieved,buti na lang sobrang,fil
relieved,talaga buti na lang,fil
relieved,buti na lang talaga,fil
relieved,grabe buti na lang,fil
relieved,buti na lang grabe,fil
relieved,napaka buti na lang,fil
relieved,buti na lang napaka,fil
relieved,super buti na lang,fil
relieved,buti na lang super,fil
relieved,okay na sa login,fil
relieved,okay na sa account ko,fil
relieved,okay na sa appointment,fil
relieved,okay na sa password,fil
relieved,okay na sa medconnect,fil
relieved,okay na sa pag-book,fil
relieved,okay na sa registration,fil
relieved,okay na tungkol sa appointment,fil
relieved,okay na sa kalusugan ko,fil
relieved,sobrang okay na,fil
relieved,okay na sobrang,fil
relieved,talaga okay na,fil
relieved,okay na talaga,fil
relieved,grabe okay na,fil
relieved,okay na grabe,fil
relieved,napaka okay na,fil
relieved,okay na napaka,fil
relieved,super okay na,fil
relieved,okay na super,fil
relieved,relief na,fil
relieved,relief na sa login,fil
relieved,relief na sa account ko,fil
relieved,relief na sa appointment,fil
relieved,relief na sa password,fil
relieved,relief na sa medconnect,fil
relieved,relief na sa pag-book,fil
relieved,relief na sa registration,fil
relieved,relief na tungkol sa appointment,fil
relieved,relief na sa kalusugan ko,fil
relieved,sobrang relief na,fil
relieved,relief na sobrang,fil
relieved,talaga relief na,fil
relieved,relief na talaga,fil
relieved,grabe relief na,fil
relieved,relief na grabe,fil
relieved,napaka relief na,fil
relieved,relief na napaka,fil
relieved,super relief na,fil
relieved,relief na super,fil
relieved,salamat at okay na,fil
relieved,salamat at okay na sa login,fil
relieved,salamat at okay na sa account ko,fil
relieved,salamat at okay na sa appointment,fil
relieved,salamat at okay na sa password,fil
relieved,salamat at okay na sa medconnect,fil
relieved,salamat at okay na sa pag-book,fil
relieved,salamat at okay na sa registration,fil
relieved,salamat at okay na tungkol sa appointment,fil
relieved,salamat at okay na sa kalusugan ko,fil
relieved,sobrang salamat at okay na,fil
relieved,salamat at okay na sobrang,fil
relieved,talaga salamat at okay na,fil
relieved,salamat at okay na talaga,fil
relieved,grabe salamat at okay na,fil
relieved,salamat at okay na grabe,fil
relieved,napaka salamat at okay na,fil
relieved,salamat at okay na napaka,fil
relieved,super salamat at okay na,fil
relieved,salamat at okay na super,fil
relieved,hawak na,fil
relieved,hawak na sa login,fil
relieved,hawak na sa account ko,fil
relieved,hawak na sa appointment,fil
relieved,hawak na sa password,fil
relieved,hawak na sa medconnect,fil
relieved,hawak na sa pag-book,fil
relieved,hawak na sa registration,fil
relieved,hawak na tungkol sa appointment,fil
relieved,hawak na sa kalusugan ko,fil
relieved,sobrang hawak na,fil
relieved,hawak na sobrang,fil
relieved,talaga hawak na,fil
relieved,hawak na talaga,fil
relieved,grabe hawak na,fil
relieved,hawak na grabe,fil
relieved,napaka hawak na,fil
relieved,hawak na napaka,fil
relieved,super hawak na,fil
relieved,hawak na super,fil
relieved,ginhawa na ko parte sa appointment,hil
relieved,ginhawa na ko sa akon kahimsog,hil
relieved,gid ginhawa na ko,hil
relieved,ginhawa na ko gid,hil
relieved,kaayo ginhawa na ko,hil
relieved,ginhawa na ko kaayo,hil
relieved,maayo na sa login,hil
relieved,maayo na sa account ko,hil
relieved,maayo na sa appointment,hil
relieved,maayo na sa password,hil
relieved,maayo na sa medconnect,hil
relieved,maayo na sa pag-book,hil
relieved,maayo na sa registration,hil
relieved,maayo na parte sa appointment,hil
relieved,maayo na sa akon kahimsog,hil
relieved,gid maayo na,hil
relieved,kaayo maayo na,hil
relieved,maayo na kaayo,hil
relieved,grabe maayo na,hil
relieved,maayo na grabe,hil
relieved,super maayo na,hil
relieved,maayo na super,hil
relieved,talaga maayo na,hil
relieved,maayo na talaga,hil
relieved,relief na gid sa login,hil
relieved,relief na gid sa account ko,hil
relieved,relief na gid sa appointment,hil
relieved,relief na gid sa password,hil
relieved,relief na gid sa medconnect,hil
relieved,relief na gid sa pag-book,hil
relieved,relief na gid sa registration,hil
relieved,relief na gid parte sa appointment,hil
relieved,relief na gid sa akon kahimsog,hil
relieved,gid relief na gid,hil
relieved,relief na gid gid,hil
relieved,kaayo relief na gid,hil
relieved,relief na gid kaayo,hil
relieved,grabe relief na gid,hil
relieved,relief na gid grabe,hil
relieved,super relief na gid,hil
relieved,relief na gid super,hil
relieved,talaga relief na gid,hil
relieved,relief na gid talaga,hil
relieved,okay na gid,hil
relieved,okay na gid sa login,hil
relieved,okay na gid sa account ko,hil
relieved,okay na gid sa appointment,hil
relieved,okay na gid sa password,hil
relieved,okay na gid sa medconnect,hil
relieved,okay na gid sa pag-book,hil
relieved,okay na gid sa registration,hil
relieved,okay na gid parte sa appointment,hil
relieved,okay na gid sa akon kahimsog,hil
relieved,gid okay na gid,hil
relieved,okay na gid gid,hil
relieved,kaayo okay na gid,hil
relieved,okay na gid kaayo,hil
relieved,grabe okay na gid,hil
relieved,okay na gid grabe,hil
relieved,super okay na gid,hil
relieved,okay na gid super,hil
relieved,talaga okay na gid,hil
relieved,okay na gid talaga,hil
relieved,buti na lang parte sa appointment,hil
relieved,buti na lang sa akon kahimsog,hil
relieved,gid buti na lang,hil
relieved,buti na lang gid,hil
relieved,kaayo buti na lang,hil
relieved,buti na lang kaayo,hil
relieved,maayo na tanan,hil
relieved,maayo na tanan sa login,hil
relieved,maayo na tanan sa account ko,hil
relieved,maayo na tanan sa appointment,hil
relieved,maayo na tanan sa password,hil
relieved,maayo na tanan sa medconnect,hil
relieved,maayo na tanan sa pag-book,hil
relieved,maayo na tanan sa registration,hil
relieved,maayo na tanan parte sa appointment,hil
relieved,maayo na tanan sa akon kahimsog,hil
relieved,gid maayo na tanan,hil
relieved,maayo na tanan gid,hil
relieved,kaayo maayo na tanan,hil
relieved,maayo na tanan kaayo,hil
relieved,grabe maayo na tanan,hil
relieved,maayo na tanan grabe,hil
relieved,super maayo na tanan,hil
relieved,maayo na tanan super,hil
relieved,talaga maayo na tanan,hil
relieved,maayo na tanan talaga,hil
excited,excited,en
excited,excited with login,en
excited,excited with sign in,en
excited,excited with my account,en
excited,excited with appointment,en
excited,excited with booking,en
excited,excited with password,en
excited,excited with medconnect,en
excited,excited with the website,en
excited,excited with registration,en
excited,excited about my appointment,en
excited,excited about my health,en
excited,excited about my records,en
excited,so excited,en
excited,excited so,en
excited,very excited,en
excited,excited very,en
excited,really excited,en
excited,excited really,en
excited,super excited,en
excited,excited super,en
excited,extremely excited,en
excited,excited extremely,en
excited,quite excited,en
excited,excited quite,en
excited,can't wait with login,en
excited,can't wait with sign in,en
excited,can't wait with my account,en
excited,can't wait with appointment,en
excited,can't wait with booking,en
excited,can't wait with password,en
excited,can't wait with medconnect,en
excited,can't wait with the website,en
excited,can't wait with registration,en
excited,can't wait about my appointment,en
excited,can't wait about my health,en
excited,can't wait about my records,en
excited,so can't wait,en
excited,can't wait so,en
excited,very can't wait,en
excited,can't wait very,en
excited,really can't wait,en
excited,can't wait really,en
excited,super can't wait,en
excited,can't wait super,en
excited,extremely can't wait,en
excited,can't wait extremely,en
excited,quite can't wait,en
excited,can't wait quite,en
excited,looking forward with login,en
excited,looking forward with sign in,en
excited,looking forward with my account,en
excited,looking forward with appointment,en
excited,looking forward with booking,en
excited,looking forward with password,en
excited,looking forward with medconnect,en
excited,looking forward with the website,en
excited,looking forward with registration,en
excited,looking forward about my appointment,en
excited,looking forward about my health,en
excited,looking forward about my records,en
excited,so looking forward,en
excited,looking forward so,en
excited,very looking forward,en
excited,looking forward very,en
excited,really looking forward,en
excited,looking forward really,en
excited,super looking forward,en
excited,looking forward super,en
excited,extremely looking forward,en
excited,looking forward extremely,en
excited,quite looking forward,en
excited,looking forward quite,en
excited,so excited with login,en
excited,so excited with sign in,en
excited,so excited with my account,en
excited,so excited with appointment,en
excited,so excited with booking,en
excited,so excited with password,en
excited,so excited with medconnect,en
excited,so excited with the website,en
excited,so excited with registration,en
excited,so excited about my appointment,en
excited,so excited about my health,en
excited,so excited about my records,en
excited,so so excited,en
excited,so excited so,en
excited,very so excited,en
excited,so excited very,en
excited,really so excited,en
excited,so excited really,en
excited,super so excited,en
excited,so excited super,en
excited,extremely so excited,en
excited,so excited extremely,en
excited,quite so excited,en
excited,so excited quite,en
excited,thrilled,en
excited,thrilled with login,en
excited,thrilled with sign in,en
excited,thrilled with my account,en
excited,thrilled with appointment,en
excited,thrilled with booking,en
excited,thrilled with password,en
excited,thrilled with medconnect,en
excited,thrilled with the website,en
excited,thrilled with registration,en
excited,thrilled about my appointment,en
excited,thrilled about my health,en
excited,thrilled about my records,en
excited,so thrilled,en
excited,thrilled so,en
excited,very thrilled,en
excited,thrilled very,en
excited,really thrilled,en
excited,thrilled really,en
excited,super thrilled,en
excited,thrilled super,en
excited,extremely thrilled,en
excited,thrilled extremely,en
excited,quite thrilled,en
excited,thrilled quite,en
excited,eager to start,en
excited,eager to start with login,en
excited,eager to start with sign in,en
excited,eager to start with my account,en
excited,eager to start with appointment,en
excited,eager to start with booking,en
excited,eager to start with password,en
excited,eager to start with medconnect,en
excited,eager to start with the website,en
excited,eager to start with registration,en
excited,eager to start about my appointment,en
excited,eager to start about my health,en
excited,eager to start about my records,en
excited,so eager to start,en
excited,eager to start so,en
excited,very eager to start,en
excited,eager to start very,en
excited,really eager to start,en
excited,eager to start really,en
excited,super eager to start,en
excited,eager to start super,en
excited,extremely eager to start,en
excited,eager to start extremely,en
excited,quite eager to start,en
excited,eager to start quite,en
excited,excited na ako sa login,fil
excited,excited na ako sa account ko,fil
excited,excited na ako sa appointment,fil
excited,excited na ako sa password,fil
excited,excited na ako sa medconnect,fil
excited,excited na ako sa pag-book,fil
excited,excited na ako sa registration,fil
excited,excited na ako tungkol sa appointment,fil
excited,excited na ako sa kalusugan ko,fil
excited,sobrang excited na ako,fil
excited,excited na ako sobrang,fil
excited,talaga excited na ako,fil
excited,excited na ako talaga,fil
excited,grabe excited na ako,fil
excited,excited na ako grabe,fil
excited,napaka excited na ako,fil
excited,excited na ako napaka,fil
excited,super excited na ako,fil
excited,excited na ako super,fil
excited,sabik na ako sa login,fil
excited,sabik na ako sa account ko,fil
excited,sabik na ako sa appointment,fil
excited,sabik na ako sa password,fil
excited,sabik na ako sa medconnect,fil
excited,sabik na ako sa pag-book,fil
excited,sabik na ako sa registration,fil
excited,sabik na ako tungkol sa appointment,fil
excited,sabik na ako sa kalusugan ko,fil
excited,sobrang sabik na ako,fil
excited,sabik na ako sobrang,fil
excited,talaga sabik na ako,fil
excited,sabik na ako talaga,fil
excited,grabe sabik na ako,fil
excited,sabik na ako grabe,fil
excited,napaka sabik na ako,fil
excited,sabik na ako napaka,fil
excited,super sabik na ako,fil
excited,sabik na ako super,fil
excited,hindi na ako makapaghintay,fil
excited,hindi na ako makapaghintay sa login,fil
excited,hindi na ako makapaghintay sa account ko,fil
excited,hindi na ako makapaghintay sa appointment,fil
excited,hindi na ako makapaghintay sa password,fil
excited,hindi na ako makapaghintay sa medconnect,fil
excited,hindi na ako makapaghintay sa pag-book,fil
excited,hindi na ako makapaghintay sa registration,fil
excited,hindi na ako makapaghintay tungkol sa appointment,fil
excited,hindi na ako makapaghintay sa kalusugan ko,fil
excited,sobrang hindi na ako makapaghintay,fil
excited,hindi na ako makapaghintay sobrang,fil
excited,talaga hindi na ako makapaghintay,fil
excited,hindi na ako makapaghintay talaga,fil
excited,grabe hindi na ako makapaghintay,fil
excited,hindi na ako makapaghintay grabe,fil
excited,napaka hindi na ako makapaghintay,fil
excited,hindi na ako makapaghintay napaka,fil
excited,super hindi na ako makapaghintay,fil
excited,hindi na ako makapaghintay super,fil
excited,excited ako,fil
excited,excited ako sa login,fil
excited,excited ako sa account ko,fil
excited,excited ako sa appointment,fil
excited,excited ako sa password,fil
excited,excited ako sa medconnect,fil
excited,excited ako sa pag-book,fil
excited,excited ako sa registration,fil
excited,excited ako tungkol sa appointment,fil
excited,excited ako sa kalusugan ko,fil
excited,sobrang excited ako,fil
excited,excited ako sobrang,fil
excited,talaga excited ako,fil
excited,excited ako talaga,fil
excited,grabe excited ako,fil
excited,excited ako grabe,fil
excited,napaka excited ako,fil
excited,excited ako napaka,fil
excited,super excited ako,fil
excited,excited ako super,fil
excited,sabik na,fil
excited,sabik na sa login,fil
excited,sabik na sa account ko,fil
excited,sabik na sa appointment,fil
excited,sabik na sa password,fil
excited,sabik na sa medconnect,fil
excited,sabik na sa pag-book,fil
excited,sabik na sa registration,fil
excited,sabik na tungkol sa appointment,fil
excited,sabik na sa kalusugan ko,fil
excited,sobrang sabik na,fil
excited,sabik na sobrang,fil
excited,talaga sabik na,fil
excited,sabik na talaga,fil
excited,grabe sabik na,fil
excited,sabik na grabe,fil
excited,napaka sabik na,fil
excited,sabik na napaka,fil
excited,super sabik na,fil
excited,sabik na super,fil
excited,excited gid ko sa login,hil
excited,excited gid ko sa account ko,hil
excited,excited gid ko sa appointment,hil
excited,excited gid ko sa password,hil
excited,excited gid ko sa medconnect,hil
excited,excited gid ko sa pag-book,hil
excited,excited gid ko sa registration,hil
excited,excited gid ko parte sa appointment,hil
excited,excited gid ko sa akon kahimsog,hil
excited,gid excited gid ko,hil
excited,excited gid ko gid,hil
excited,kaayo excited gid ko,hil
excited,excited gid ko kaayo,hil
excited,grabe excited gid ko,hil
excited,excited gid ko grabe,hil
excited,super excited gid ko,hil
excited,excited gid ko super,hil
excited,talaga excited gid ko,hil
excited,excited gid ko talaga,hil
excited,sabik na ko,hil
excited,sabik na ko sa login,hil
excited,sabik na ko sa account ko,hil
excited,sabik na ko sa appointment,hil
excited,sabik na ko sa password,hil
excited,sabik na ko sa medconnect,hil
excited,sabik na ko sa pag-book,hil
excited,sabik na ko sa registration,hil
excited,sabik na ko parte sa appointment,hil
excited,sabik na ko sa akon kahimsog,hil
excited,gid sabik na ko,hil
excited,sabik na ko gid,hil
excited,kaayo sabik na ko,hil
excited,sabik na ko kaayo,hil
excited,grabe sabik na ko,hil
excited,sabik na ko grabe,hil
excited,super sabik na ko,hil
excited,sabik na ko super,hil
excited,talaga sabik na ko,hil
excited,sabik na ko talaga,hil
excited,excited ko,hil
excited,excited ko sa login,hil
excited,excited ko sa account ko,hil
excited,excited ko sa appointment,hil
excited,excited ko sa password,hil
excited,excited ko sa medconnect,hil
excited,excited ko sa pag-book,hil
excited,excited ko sa registration,hil
excited,excited ko parte sa appointment,hil
excited,excited ko sa akon kahimsog,hil
excited,gid excited ko,hil
excited,excited ko gid,hil
excited,kaayo excited ko,hil
excited,excited ko kaayo,hil
excited,grabe excited ko,hil
excited,excited ko grabe,hil
excited,super excited ko,hil
excited,excited ko super,hil
excited,talaga excited ko,hil
excited,excited ko talaga,hil
excited,daw indi na ko makahulat,hil
excited,daw indi na ko makahulat sa login,hil
excited,daw indi na ko makahulat sa account ko,hil
excited,daw indi na ko makahulat sa appointment,hil
excited,daw indi na ko makahulat sa password,hil
excited,daw indi na ko makahulat sa medconnect,hil
excited,daw indi na ko makahulat sa pag-book,hil
excited,daw indi na ko makahulat sa registration,hil
excited,daw indi na ko makahulat parte sa appointment,hil
excited,daw indi na ko makahulat sa akon kahimsog,hil
excited,gid daw indi na ko makahulat,hil
excited,daw indi na ko makahulat gid,hil
excited,kaayo daw indi na ko makahulat,hil
excited,daw indi na ko makahulat kaayo,hil
excited,grabe daw indi na ko makahulat,hil
excited,daw indi na ko makahulat grabe,hil
excited,super daw indi na ko makahulat,hil
excited,daw indi na ko makahulat super,hil
excited,talaga daw indi na ko makahulat,hil
excited,daw indi na ko makahulat talaga,hil
excited,abir excited,hil
excited,abir excited sa login,hil
excited,abir excited sa account ko,hil
excited,abir excited sa appointment,hil
excited,abir excited sa password,hil
excited,abir excited sa medconnect,hil
excited,abir excited sa pag-book,hil
excited,abir excited sa registration,hil
excited,abir excited parte sa appointment,hil
excited,abir excited sa akon kahimsog,hil
excited,gid abir excited,hil
excited,abir excited gid,hil
excited,kaayo abir excited,hil
excited,abir excited kaayo,hil
excited,grabe abir excited,hil
excited,abir excited grabe,hil
excited,super abir excited,hil
excited,abir excited super,hil
excited,talaga abir excited,hil
excited,abir excited talaga,hil
curious,curious,en
curious,curious with login,en
curious,curious with sign in,en
curious,curious with my account,en
curious,curious with appointment,en
curious,curious with booking,en
curious,curious with password,en
curious,curious with medconnect,en
curious,curious with the website,en
curious,curious with registration,en
curious,curious about my appointment,en
curious,curious about my health,en
curious,curious about my records,en
curious,so curious,en
curious,curious so,en
curious,very curious,en
curious,curious very,en
curious,really curious,en
curious,curious really,en
curious,super curious,en
curious,curious super,en
curious,extremely curious,en
curious,curious extremely,en
curious,quite curious,en
curious,curious quite,en
curious,just wondering with login,en
curious,just wondering with sign in,en
curious,just wondering with my account,en
curious,just wondering with appointment,en
curious,just wondering with booking,en
curious,just wondering with password,en
curious,just wondering with medconnect,en
curious,just wondering with the website,en
curious,just wondering with registration,en
curious,just wondering about my appointment,en
curious,just wondering about my health,en
curious,just wondering about my records,en
curious,so just wondering,en
curious,just wondering so,en
curious,very just wondering,en
curious,just wondering very,en
curious,really just wondering,en
curious,just wondering really,en
curious,super just wondering,en
curious,just wondering super,en
curious,extremely just wondering,en
curious,just wondering extremely,en
curious,quite just wondering,en
curious,just wondering quite,en
curious,can you tell me with login,en
curious,can you tell me with sign in,en
curious,can you tell me with my account,en
curious,can you tell me with appointment,en
curious,can you tell me with booking,en
curious,can you tell me with password,en
curious,can you tell me with medconnect,en
curious,can you tell me with the website,en
curious,can you tell me with registration,en
curious,can you tell me about my appointment,en
curious,can you tell me about my health,en
curious,can you tell me about my records,en
curious,so can you tell me,en
curious,can you tell me so,en
curious,very can you tell me,en
curious,can you tell me very,en
curious,really can you tell me,en
curious,can you tell me really,en
curious,super can you tell me,en
curious,can you tell me super,en
curious,extremely can you tell me,en
curious,can you tell me extremely,en
curious,quite can you tell me,en
curious,can you tell me quite,en
curious,how does this work,en
curious,how does this work with login,en
curious,how does this work with sign in,en
curious,how does this work with my account,en
curious,how does this work with appointment,en
curious,how does this work with booking,en
curious,how does this work with password,en
curious,how does this work with medconnect,en
curious,how does this work with the website,en
curious,how does this work with registration,en
curious,how does this work about my appointment,en
curious,how does this work about my health,en
curious,how does this work about my records,en
curious,so how does this work,en
curious,how does this work so,en
curious,very how does this work,en
curious,how does this work very,en
curious,really how does this work,en
curious,how does this work really,en
curious,super how does this work,en
curious,how does this work super,en
curious,extremely how does this work,en
curious,how does this work extremely,en
curious,quite how does this work,en
curious,how does this work quite,en
curious,what is,en
curious,what is with login,en
curious,what is with sign in,en
curious,what is with my account,en
curious,what is with appointment,en
curious,what is with booking,en
curious,what is with password,en
curious,what is with medconnect,en
curious,what is with the website,en
curious,what is with registration,en
curious,what is about my appointment,en
curious,what is about my health,en
curious,what is about my records,en
curious,so what is,en
curious,what is so,en
curious,very what is,en
curious,what is very,en
curious,really what is,en
curious,what is really,en
curious,super what is,en
curious,what is super,en
curious,extremely what is,en
curious,what is extremely,en
curious,quite what is,en
curious,what is quite,en
curious,i want to know,en
curious,i want to know with login,en
curious,i want to know with sign in,en
curious,i want to know with my account,en
curious,i want to know with appointment,en
curious,i want to know with booking,en
curious,i want to know with password,en
curious,i want to know with medconnect,en
curious,i want to know with the website,en
curious,i want to know with registration,en
curious,i want to know about my appointment,en
curious,i want to know about my health,en
curious,i want to know about my records,en
curious,so i want to know,en
curious,i want to know so,en
curious,very i want to know,en
curious,i want to know very,en
curious,really i want to know,en
curious,i want to know really,en
curious,super i want to know,en
curious,i want to know super,en
curious,extremely i want to know,en
curious,i want to know extremely,en
curious,quite i want to know,en
curious,i want to know quite,en
curious,gusto ko malaman sa login,fil
curious,gusto ko malaman sa account ko,fil
curious,gusto ko malaman sa appointment,fil
curious,gusto ko malaman sa password,fil
curious,gusto ko malaman sa medconnect,fil
curious,gusto ko malaman sa pag-book,fil
curious,gusto ko malaman sa registration,fil
curious,gusto ko malaman tungkol sa appointment,fil
curious,gusto ko malaman sa kalusugan ko,fil
curious,sobrang gusto ko malaman,fil
curious,gusto ko malaman sobrang,fil
curious,talaga gusto ko malaman,fil
curious,gusto ko malaman talaga,fil
curious,grabe gusto ko malaman,fil
curious,gusto ko malaman grabe,fil
curious,napaka gusto ko malaman,fil
curious,gusto ko malaman napaka,fil
curious,super gusto ko malaman,fil
curious,gusto ko malaman super,fil
curious,ano kaya sa login,fil
curious,ano kaya sa account ko,fil
curious,ano kaya sa appointment,fil
curious,ano kaya sa password,fil
curious,ano kaya sa medconnect,fil
curious,ano kaya sa pag-book,fil
curious,ano kaya sa registration,fil
curious,ano kaya tungkol sa appointment,fil
curious,ano kaya sa kalusugan ko,fil
curious,sobrang ano kaya,fil
curious,ano kaya sobrang,fil
curious,talaga ano kaya,fil
curious,ano kaya talaga,fil
curious,grabe ano kaya,fil
curious,ano kaya grabe,fil
curious,napaka ano kaya,fil
curious,ano kaya napaka,fil
curious,super ano kaya,fil
curious,ano kaya super,fil
curious,curious lang,fil
curious,curious lang sa login,fil
curious,curious lang sa account ko,fil
curious,curious lang sa appointment,fil
curious,curious lang sa password,fil
curious,curious lang sa medconnect,fil
curious,curious lang sa pag-book,fil
curious,curious lang sa registration,fil
curious,curious lang tungkol sa appointment,fil
curious,curious lang sa kalusugan ko,fil
curious,sobrang curious lang,fil
curious,curious lang sobrang,fil
curious,talaga curious lang,fil
curious,curious lang talaga,fil
curious,grabe curious lang,fil
curious,curious lang grabe,fil
curious,napaka curious lang,fil
curious,curious lang napaka,fil
curious,super curious lang,fil
curious,curious lang super,fil
curious,paano ito,fil
curious,paano ito sa login,fil
curious,paano ito sa account ko,fil
curious,paano ito sa appointment,fil
curious,paano ito sa password,fil
curious,paano ito sa medconnect,fil
curious,paano ito sa pag-book,fil
curious,paano ito sa registration,fil
curious,paano ito tungkol sa appointment,fil
curious,paano ito sa kalusugan ko,fil
curious,sobrang paano ito,fil
curious,paano ito sobrang,fil
curious,talaga paano ito,fil
curious,paano ito talaga,fil
curious,grabe paano ito,fil
curious,paano ito grabe,fil
curious,napaka paano ito,fil
curious,paano ito napaka,fil
curious,super paano ito,fil
curious,paano ito super,fil
curious,tanong ko lang,fil
curious,tanong ko lang sa login,fil
curious,tanong ko lang sa account ko,fil
curious,tanong ko lang sa appointment,fil
curious,tanong ko lang sa password,fil
curious,tanong ko lang sa medconnect,fil
curious,tanong ko lang sa pag-book,fil
curious,tanong ko lang sa registration,fil
curious,tanong ko lang tungkol sa appointment,fil
curious,tanong ko lang sa kalusugan ko,fil
curious,sobrang tanong ko lang,fil
curious,tanong ko lang sobrang,fil
curious,talaga tanong ko lang,fil
curious,tanong ko lang talaga,fil
curious,grabe tanong ko lang,fil
curious,tanong ko lang grabe,fil
curious,napaka tanong ko lang,fil
curious,tanong ko lang napaka,fil
curious,super tanong ko lang,fil
curious,tanong ko lang super,fil
curious,interesado ako,fil
curious,interesado ako sa login,fil
curious,interesado ako sa account ko,fil
curious,interesado ako sa appointment,fil
curious,interesado ako sa password,fil
curious,interesado ako sa medconnect,fil
curious,interesado ako sa pag-book,fil
curious,interesado ako sa registration,fil
curious,interesado ako tungkol sa appointment,fil
curious,interesado ako sa kalusugan ko,fil
curious,sobrang interesado ako,fil
curious,interesado ako sobrang,fil
curious,talaga interesado ako,fil
curious,interesado ako talaga,fil
curious,grabe interesado ako,fil
curious,interesado ako grabe,fil
curious,napaka interesado ako,fil
curious,interesado ako napaka,fil
curious,super interesado ako,fil
curious,interesado ako super,fil
curious,gusto ko mahibal-an sa login,hil
curious,gusto ko mahibal-an sa account ko,hil
curious,gusto ko mahibal-an sa appointment,hil
curious,gusto ko mahibal-an sa password,hil
curious,gusto ko mahibal-an sa medconnect,hil
curious,gusto ko mahibal-an sa pag-book,hil
curious,gusto ko mahibal-an sa registration,hil
curious,gusto ko mahibal-an parte sa appointment,hil
curious,gusto ko mahibal-an sa akon kahimsog,hil
curious,gid gusto ko mahibal-an,hil
curious,gusto ko mahibal-an gid,hil
curious,kaayo gusto ko mahibal-an,hil
curious,gusto ko mahibal-an kaayo,hil
curious,grabe gusto ko mahibal-an,hil
curious,gusto ko mahibal-an grabe,hil
curious,super gusto ko mahibal-an,hil
curious,gusto ko mahibal-an super,hil
curious,talaga gusto ko mahibal-an,hil
curious,gusto ko mahibal-an talaga,hil
curious,ano kaya ini sa login,hil
curious,ano kaya ini sa account ko,hil
curious,ano kaya ini sa appointment,hil
curious,ano kaya ini sa password,hil
curious,ano kaya ini sa medconnect,hil
curious,ano kaya ini sa pag-book,hil
curious,ano kaya ini sa registration,hil
curious,ano kaya ini parte sa appointment,hil
curious,ano kaya ini sa akon kahimsog,hil
curious,gid ano kaya ini,hil
curious,ano kaya ini gid,hil
curious,kaayo ano kaya ini,hil
curious,ano kaya ini kaayo,hil
curious,grabe ano kaya ini,hil
curious,ano kaya ini grabe,hil
curious,super ano kaya ini,hil
curious,ano kaya ini super,hil
curious,talaga ano kaya ini,hil
curious,ano kaya ini talaga,hil
curious,curious lang ko sa login,hil
curious,curious lang ko sa account ko,hil
curious,curious lang ko sa appointment,hil
curious,curious lang ko sa password,hil
curious,curious lang ko sa medconnect,hil
curious,curious lang ko sa pag-book,hil
curious,curious lang ko sa registration,hil
curious,curious lang ko parte sa appointment,hil
curious,curious lang ko sa akon kahimsog,hil
curious,gid curious lang ko,hil
curious,curious lang ko gid,hil
curious,kaayo curious lang ko,hil
curious,curious lang ko kaayo,hil
curious,grabe curious lang ko,hil
curious,curious lang ko grabe,hil
curious,super curious lang ko,hil
curious,curious lang ko super,hil
curious,talaga curious lang ko,hil
curious,curious lang ko talaga,hil
curious,paano ini,hil
curious,paano ini sa login,hil
curious,paano ini sa account ko,hil
curious,paano ini sa appointment,hil
curious,paano ini sa password,hil
curious,paano ini sa medconnect,hil
curious,paano ini sa pag-book,hil
curious,paano ini sa registration,hil
curious,paano ini parte sa appointment,hil
curious,paano ini sa akon kahimsog,hil
curious,gid paano ini,hil
curious,paano ini gid,hil
curious,kaayo paano ini,hil
curious,paano ini kaayo,hil
curious,grabe paano ini,hil
curious,paano ini grabe,hil
curious,super paano ini,hil
curious,paano ini super,hil
curious,talaga paano ini,hil
curious,paano ini talaga,hil
curious,interesado ko,hil
curious,interesado ko sa login,hil
curious,interesado ko sa account ko,hil
curious,interesado ko sa appointment,hil
curious,interesado ko sa password,hil
curious,interesado ko sa medconnect,hil
curious,interesado ko sa pag-book,hil
curious,interesado ko sa registration,hil
curious,interesado ko parte sa appointment,hil
curious,interesado ko sa akon kahimsog,hil
curious,gid interesado ko,hil
curious,interesado ko gid,hil
curious,kaayo interesado ko,hil
curious,interesado ko kaayo,hil
curious,grabe interesado ko,hil
curious,interesado ko grabe,hil
curious,super interesado ko,hil
curious,interesado ko super,hil
curious,talaga interesado ko,hil
curious,interesado ko talaga,hil
confused,i don't understand with login,en
confused,i don't understand with sign in,en
confused,i don't understand with my account,en
confused,i don't understand with appointment,en
confused,i don't understand with booking,en
confused,i don't understand with password,en
confused,i don't understand with medconnect,en
confused,i don't understand with the website,en
confused,i don't understand with registration,en
confused,i don't understand about my appointment,en
confused,i don't understand about my health,en
confused,i don't understand about my records,en
confused,so i don't understand,en
confused,i don't understand so,en
confused,very i don't understand,en
confused,i don't understand very,en
confused,really i don't understand,en
confused,i don't understand really,en
confused,super i don't understand,en
confused,i don't understand super,en
confused,extremely i don't understand,en
confused,i don't understand extremely,en
confused,quite i don't understand,en
confused,i don't understand quite,en
confused,i'm confused with login,en
confused,i'm confused with sign in,en
confused,i'm confused with my account,en
confused,i'm confused with appointment,en
confused,i'm confused with booking,en
confused,i'm confused with password,en
confused,i'm confused with medconnect,en
confused,i'm confused with the website,en
confused,i'm confused with registration,en
confused,i'm confused about my appointment,en
confused,i'm confused about my health,en
confused,i'm confused about my records,en
confused,so i'm confused,en
confused,i'm confused so,en
confused,very i'm confused,en
confused,i'm confused very,en
confused,really i'm confused,en
confused,i'm confused really,en
confused,super i'm confused,en
confused,i'm confused super,en
confused,extremely i'm confused,en
confused,i'm confused extremely,en
confused,quite i'm confused,en
confused,i'm confused quite,en
confused,how does this work with login,en
confused,how does this work with sign in,en
confused,how does this work with my account,en
confused,how does this work with appointment,en
confused,how does this work with booking,en
confused,how does this work with password,en
confused,how does this work with medconnect,en
confused,how does this work with the website,en
confused,how does this work with registration,en
confused,how does this work about my appointment,en
confused,how does this work about my health,en
confused,how does this work about my records,en
confused,so how does this work,en
confused,how does this work so,en
confused,very how does this work,en
confused,how does this work very,en
confused,really how does this work,en
confused,how does this work really,en
confused,super how does this work,en
confused,how does this work super,en
confused,extremely how does this work,en
confused,how does this work extremely,en
confused,quite how does this work,en
confused,how does this work quite,en
confused,this is confusing with login,en
confused,this is confusing with sign in,en
confused,this is confusing with my account,en
confused,this is confusing with appointment,en
confused,this is confusing with booking,en
confused,this is confusing with password,en
confused,this is confusing with medconnect,en
confused,this is confusing with the website,en
confused,this is confusing with registration,en
confused,this is confusing about my appointment,en
confused,this is confusing about my health,en
confused,this is confusing about my records,en
confused,so this is confusing,en
confused,this is confusing so,en
confused,very this is confusing,en
confused,this is confusing very,en
confused,really this is confusing,en
confused,this is confusing really,en
confused,super this is confusing,en
confused,this is confusing super,en
confused,extremely this is confusing,en
confused,this is confusing extremely,en
confused,quite this is confusing,en
confused,this is confusing quite,en
confused,i'm lost with login,en
confused,i'm lost with sign in,en
confused,i'm lost with my account,en
confused,i'm lost with appointment,en
confused,i'm lost with booking,en
confused,i'm lost with password,en
confused,i'm lost with medconnect,en
confused,i'm lost with the website,en
confused,i'm lost with registration,en
confused,i'm lost about my appointment,en
confused,i'm lost about my health,en
confused,i'm lost about my records,en
confused,so i'm lost,en
confused,i'm lost so,en
confused,very i'm lost,en
confused,i'm lost very,en
confused,really i'm lost,en
confused,i'm lost really,en
confused,super i'm lost,en
confused,i'm lost super,en
confused,extremely i'm lost,en
confused,i'm lost extremely,en
confused,quite i'm lost,en
confused,i'm lost quite,en
confused,doesn't make sense,en
confused,doesn't make sense with login,en
confused,doesn't make sense with sign in,en
confused,doesn't make sense with my account,en
confused,doesn't make sense with appointment,en
confused,doesn't make sense with booking,en
confused,doesn't make sense with password,en
confused,doesn't make sense with medconnect,en
confused,doesn't make sense with the website,en
confused,doesn't make sense with registration,en
confused,doesn't make sense about my appointment,en
confused,doesn't make sense about my health,en
confused,doesn't make sense about my records,en
confused,so doesn't make sense,en
confused,doesn't make sense so,en
confused,very doesn't make sense,en
confused,doesn't make sense very,en
confused,really doesn't make sense,en
confused,doesn't make sense really,en
confused,super doesn't make sense,en
confused,doesn't make sense super,en
confused,extremely doesn't make sense,en
confused,doesn't make sense extremely,en
confused,quite doesn't make sense,en
confused,doesn't make sense quite,en
confused,what do i do,en
confused,what do i do with login,en
confused,what do i do with sign in,en
confused,what do i do with my account,en
confused,what do i do with appointment,en
confused,what do i do with booking,en
confused,what do i do with password,en
confused,what do i do with medconnect,en
confused,what do i do with the website,en
confused,what do i do with registration,en
confused,what do i do about my appointment,en
confused,what do i do about my health,en
confused,what do i do about my records,en
confused,so what do i do,en
confused,what do i do so,en
confused,very what do i do,en
confused,what do i do very,en
confused,really what do i do,en
confused,what do i do really,en
confused,super what do i do,en
confused,what do i do super,en
confused,extremely what do i do,en
confused,what do i do extremely,en
confused,quite what do i do,en
confused,what do i do quite,en
confused,not sure how,en
confused,not sure how with login,en
confused,not sure how with sign in,en
confused,not sure how with my account,en
confused,not sure how with appointment,en
confused,not sure how with booking,en
confused,not sure how with password,en
confused,not sure how with medconnect,en
confused,not sure how with the website,en
confused,not sure how with registration,en
confused,not sure how about my appointment,en
confused,not sure how about my health,en
confused,not sure how about my records,en
confused,so not sure how,en
confused,not sure how so,en
confused,very not sure how,en
confused,not sure how very,en
confused,really not sure how,en
confused,not sure how really,en
confused,super not sure how,en
confused,not sure how super,en
confused,extremely not sure how,en
confused,not sure how extremely,en
confused,quite not sure how,en
confused,not sure how quite,en
confused,hindi ko maintindihan sa login,fil
confused,hindi ko maintindihan sa account ko,fil
confused,hindi ko maintindihan sa appointment,fil
confused,hindi ko maintindihan sa password,fil
confused,hindi ko maintindihan sa medconnect,fil
confused,hindi ko maintindihan sa pag-book,fil
confused,hindi ko maintindihan sa registration,fil
confused,hindi ko maintindihan tungkol sa appointment,fil
confused,hindi ko maintindihan sa kalusugan ko,fil
confused,sobrang hindi ko maintindihan,fil
confused,hindi ko maintindihan sobrang,fil
confused,talaga hindi ko maintindihan,fil
confused,hindi ko maintindihan talaga,fil
confused,grabe hindi ko maintindihan,fil
confused,hindi ko maintindihan grabe,fil
confused,napaka hindi ko maintindihan,fil
confused,hindi ko maintindihan napaka,fil
confused,super hindi ko maintindihan,fil
confused,hindi ko maintindihan super,fil
confused,nalilito ako sa login,fil
confused,nalilito ako sa account ko,fil
confused,nalilito ako sa appointment,fil
confused,nalilito ako sa password,fil
confused,nalilito ako sa medconnect,fil
confused,nalilito ako sa pag-book,fil
confused,nalilito ako sa registration,fil
confused,nalilito ako tungkol sa appointment,fil
confused,nalilito ako sa kalusugan ko,fil
confused,sobrang nalilito ako,fil
confused,nalilito ako sobrang,fil
confused,talaga nalilito ako,fil
confused,nalilito ako talaga,fil
confused,grabe nalilito ako,fil
confused,nalilito ako grabe,fil
confused,napaka nalilito ako,fil
confused,nalilito ako napaka,fil
confused,super nalilito ako,fil
confused,nalilito ako super,fil
confused,paano ito gumagana sa login,fil
confused,paano ito gumagana sa account ko,fil
confused,paano ito gumagana sa appointment,fil
confused,paano ito gumagana sa password,fil
confused,paano ito gumagana sa medconnect,fil
confused,paano ito gumagana sa pag-book,fil
confused,paano ito gumagana sa registration,fil
confused,paano ito gumagana tungkol sa appointment,fil
confused,paano ito gumagana sa kalusugan ko,fil
confused,sobrang paano ito gumagana,fil
confused,paano ito gumagana sobrang,fil
confused,talaga paano ito gumagana,fil
confused,paano ito gumagana talaga,fil
confused,grabe paano ito gumagana,fil
confused,paano ito gumagana grabe,fil
confused,napaka paano ito gumagana,fil
confused,paano ito gumagana napaka,fil
confused,super paano ito gumagana,fil
confused,paano ito gumagana super,fil
confused,di ko gets,fil
confused,di ko gets sa login,fil
confused,di ko gets sa account ko,fil
confused,di ko gets sa appointment,fil
confused,di ko gets sa password,fil
confused,di ko gets sa medconnect,fil
confused,di ko gets sa pag-book,fil
confused,di ko gets sa registration,fil
confused,di ko gets tungkol sa appointment,fil
confused,di ko gets sa kalusugan ko,fil
confused,sobrang di ko gets,fil
confused,di ko gets sobrang,fil
confused,talaga di ko gets,fil
confused,di ko gets talaga,fil
confused,grabe di ko gets,fil
confused,di ko gets grabe,fil
confused,napaka di ko gets,fil
confused,di ko gets napaka,fil
confused,super di ko gets,fil
confused,di ko gets super,fil
confused,hindi ko gets,fil
confused,hindi ko gets sa login,fil
confused,hindi ko gets sa account ko,fil
confused,hindi ko gets sa appointment,fil
confused,hindi ko gets sa password,fil
confused,hindi ko gets sa medconnect,fil
confused,hindi ko gets sa pag-book,fil
confused,hindi ko gets sa registration,fil
confused,hindi ko gets tungkol sa appointment,fil
confused,hindi ko gets sa kalusugan ko,fil
confused,sobrang hindi ko gets,fil
confused,hindi ko gets sobrang,fil
confused,talaga hindi ko gets,fil
confused,hindi ko gets talaga,fil
confused,grabe hindi ko gets,fil
confused,hindi ko gets grabe,fil
confused,napaka hindi ko gets,fil
confused,hindi ko gets napaka,fil
confused,super hindi ko gets,fil
confused,hindi ko gets super,fil
confused,nalilito,fil
confused,nalilito sa login,fil
confused,nalilito sa account ko,fil
confused,nalilito sa appointment,fil
confused,nalilito sa password,fil
confused,nalilito sa medconnect,fil
confused,nalilito sa pag-book,fil
confused,nalilito sa registration,fil
confused,nalilito tungkol sa appointment,fil
confused,nalilito sa kalusugan ko,fil
confused,sobrang nalilito,fil
confused,nalilito sobrang,fil
confused,talaga nalilito,fil
confused,nalilito talaga,fil
confused,grabe nalilito,fil
confused,nalilito grabe,fil
confused,napaka nalilito,fil
confused,nalilito napaka,fil
confused,super nalilito,fil
confused,nalilito super,fil
confused,hindi ko alam,fil
confused,hindi ko alam sa login,fil
confused,hindi ko alam sa account ko,fil
confused,hindi ko alam sa appointment,fil
confused,hindi ko alam sa password,fil
confused,hindi ko alam sa medconnect,fil
confused,hindi ko alam sa pag-book,fil
confused,hindi ko alam sa registration,fil
confused,hindi ko alam tungkol sa appointment,fil
confused,hindi ko alam sa kalusugan ko,fil
confused,sobrang hindi ko alam,fil
confused,hindi ko alam sobrang,fil
confused,talaga hindi ko alam,fil
confused,hindi ko alam talaga,fil
confused,grabe hindi ko alam,fil
confused,hindi ko alam grabe,fil
confused,napaka hindi ko alam,fil
confused,hindi ko alam napaka,fil
confused,super hindi ko alam,fil
confused,hindi ko alam super,fil
confused,paano ba to,fil
confused,paano ba to sa login,fil
confused,paano ba to sa account ko,fil
confused,paano ba to sa appointment,fil
confused,paano ba to sa password,fil
confused,paano ba to sa medconnect,fil
confused,paano ba to sa pag-book,fil
confused,paano ba to sa registration,fil
confused,paano ba to tungkol sa appointment,fil
confused,paano ba to sa kalusugan ko,fil
confused,sobrang paano ba to,fil
confused,paano ba to sobrang,fil
confused,talaga paano ba to,fil
confused,paano ba to talaga,fil
confused,grabe paano ba to,fil
confused,paano ba to grabe,fil
confused,napaka paano ba to,fil
confused,paano ba to napaka,fil
confused,super paano ba to,fil
confused,paano ba to super,fil
confused,wala ko kaintindi sa login,hil
confused,wala ko kaintindi sa account ko,hil
confused,wala ko kaintindi sa appointment,hil
confused,wala ko kaintindi sa password,hil
confused,wala ko kaintindi sa medconnect,hil
confused,wala ko kaintindi sa pag-book,hil
confused,wala ko kaintindi sa registration,hil
confused,wala ko kaintindi parte sa appointment,hil
confused,wala ko kaintindi sa akon kahimsog,hil
confused,gid wala ko kaintindi,hil
confused,wala ko kaintindi gid,hil
confused,kaayo wala ko kaintindi,hil
confused,wala ko kaintindi kaayo,hil
confused,grabe wala ko kaintindi,hil
confused,wala ko kaintindi grabe,hil
confused,super wala ko kaintindi,hil
confused,wala ko kaintindi super,hil
confused,talaga wala ko kaintindi,hil
confused,wala ko kaintindi talaga,hil
confused,nalipat ko sa login,hil
confused,nalipat ko sa account ko,hil
confused,nalipat ko sa appointment,hil
confused,nalipat ko sa password,hil
confused,nalipat ko sa medconnect,hil
confused,nalipat ko sa pag-book,hil
confused,nalipat ko sa registration,hil
confused,nalipat ko parte sa appointment,hil
confused,nalipat ko sa akon kahimsog,hil
confused,gid nalipat ko,hil
confused,nalipat ko gid,hil
confused,kaayo nalipat ko,hil
confused,nalipat ko kaayo,hil
confused,grabe nalipat ko,hil
confused,nalipat ko grabe,hil
confused,super nalipat ko,hil
confused,nalipat ko super,hil
confused,talaga nalipat ko,hil
confused,nalipat ko talaga,hil
confused,budlay intindihon sa login,hil
confused,budlay intindihon sa account ko,hil
confused,budlay intindihon sa appointment,hil
confused,budlay intindihon sa password,hil
confused,budlay intindihon sa medconnect,hil
confused,budlay intindihon sa pag-book,hil
confused,budlay intindihon sa registration,hil
confused,budlay intindihon parte sa appointment,hil
confused,budlay intindihon sa akon kahimsog,hil
confused,gid budlay intindihon,hil
confused,budlay intindihon gid,hil
confused,kaayo budlay intindihon,hil
confused,budlay intindihon kaayo,hil
confused,grabe budlay intindihon,hil
confused,budlay intindihon grabe,hil
confused,super budlay intindihon,hil
confused,budlay intindihon super,hil
confused,talaga budlay intindihon,hil
confused,budlay intindihon talaga,hil
confused,indi ko masabtan sa login,hil
confused,indi ko masabtan sa account ko,hil
confused,indi ko masabtan sa appointment,hil
confused,indi ko masabtan sa password,hil
confused,indi ko masabtan sa medconnect,hil
confused,indi ko masabtan sa pag-book,hil
confused,indi ko masabtan sa registration,hil
confused,indi ko masabtan parte sa appointment,hil
confused,indi ko masabtan sa akon kahimsog,hil
confused,gid indi ko masabtan,hil
confused,indi ko masabtan gid,hil
confused,kaayo indi ko masabtan,hil
confused,indi ko masabtan kaayo,hil
confused,grabe indi ko masabtan,hil
confused,indi ko masabtan grabe,hil
confused,super indi ko masabtan,hil
confused,indi ko masabtan super,hil
confused,talaga indi ko masabtan,hil
confused,indi ko masabtan talaga,hil
confused,nalibog ako sa login,hil
confused,nalibog ako sa account ko,hil
confused,nalibog ako sa appointment,hil
confused,nalibog ako sa password,hil
confused,nalibog ako sa medconnect,hil
confused,nalibog ako sa pag-book,hil
confused,nalibog ako sa registration,hil
confused,nalibog ako parte sa appointment,hil
confused,nalibog ako sa akon kahimsog,hil
confused,gid nalibog ako,hil
confused,nalibog ako gid,hil
confused,kaayo nalibog ako,hil
confused,nalibog ako kaayo,hil
confused,grabe nalibog ako,hil
confused,nalibog ako grabe,hil
confused,super nalibog ako,hil
confused,nalibog ako super,hil
confused,talaga nalibog ako,hil
confused,nalibog ako talaga,hil
confused,indi ko bal-an,hil
confused,indi ko bal-an sa login,hil
confused,indi ko bal-an sa account ko,hil
confused,indi ko bal-an sa appointment,hil
confused,indi ko bal-an sa password,hil
confused,indi ko bal-an sa medconnect,hil
confused,indi ko bal-an sa pag-book,hil
confused,indi ko bal-an sa registration,hil
confused,indi ko bal-an parte sa appointment,hil
confused,indi ko bal-an sa akon kahimsog,hil
confused,gid indi ko bal-an,hil
confused,indi ko bal-an gid,hil
confused,kaayo indi ko bal-an,hil
confused,indi ko bal-an kaayo,hil
confused,grabe indi ko bal-an,hil
confused,indi ko bal-an grabe,hil
confused,super indi ko bal-an,hil
confused,indi ko bal-an super,hil
confused,talaga indi ko bal-an,hil
confused,indi ko bal-an talaga,hil
confused,paano ini,hil
confused,paano ini sa login,hil
confused,paano ini sa account ko,hil
confused,paano ini sa appointment,hil
confused,paano ini sa password,hil
confused,paano ini sa medconnect,hil
confused,paano ini sa pag-book,hil
confused,paano ini sa registration,hil
confused,paano ini parte sa appointment,hil
confused,paano ini sa akon kahimsog,hil
confused,gid paano ini,hil
confused,paano ini gid,hil
confused,kaayo paano ini,hil
confused,paano ini kaayo,hil
confused,grabe paano ini,hil
confused,paano ini grabe,hil
confused,super paano ini,hil
confused,paano ini super,hil
confused,talaga paano ini,hil
confused,paano ini talaga,hil
confused,libog ko sa login,hil
confused,libog ko sa account ko,hil
confused,libog ko sa appointment,hil
confused,libog ko sa password,hil
confused,libog ko sa medconnect,hil
confused,libog ko sa pag-book,hil
confused,libog ko sa registration,hil
confused,libog ko parte sa appointment,hil
confused,libog ko sa akon kahimsog,hil
confused,gid libog ko,hil
confused,libog ko gid,hil
confused,kaayo libog ko,hil
confused,libog ko kaayo,hil
confused,grabe libog ko,hil
confused,libog ko grabe,hil
confused,super libog ko,hil
confused,libog ko super,hil
confused,talaga libog ko,hil
confused,libog ko talaga,hil
frustrated,frustrated,en
frustrated,frustrated with login,en
frustrated,frustrated with sign in,en
frustrated,frustrated with my account,en
frustrated,frustrated with appointment,en
frustrated,frustrated with booking,en
frustrated,frustrated with password,en
frustrated,frustrated with medconnect,en
frustrated,frustrated with the website,en
frustrated,frustrated with registration,en
frustrated,frustrated about my appointment,en
frustrated,frustrated about my health,en
frustrated,frustrated about my records,en
frustrated,so frustrated,en
frustrated,frustrated so,en
frustrated,very frustrated,en
frustrated,frustrated very,en
frustrated,really frustrated,en
frustrated,frustrated really,en
frustrated,super frustrated,en
frustrated,frustrated super,en
frustrated,extremely frustrated,en
frustrated,frustrated extremely,en
frustrated,quite frustrated,en
frustrated,frustrated quite,en
frustrated,this isn't working with login,en
frustrated,this isn't working with sign in,en
frustrated,this isn't working with my account,en
frustrated,this isn't working with appointment,en
frustrated,this isn't working with booking,en
frustrated,this isn't working with password,en
frustrated,this isn't working with medconnect,en
frustrated,this isn't working with the website,en
frustrated,this isn't working with registration,en
frustrated,this isn't working about my appointment,en
frustrated,this isn't working about my health,en
frustrated,this isn't working about my records,en
frustrated,so this isn't working,en
frustrated,this isn't working so,en
frustrated,very this isn't working,en
frustrated,this isn't working very,en
frustrated,really this isn't working,en
frustrated,this isn't working really,en
frustrated,super this isn't working,en
frustrated,this isn't working super,en
frustrated,extremely this isn't working,en
frustrated,this isn't working extremely,en
frustrated,quite this isn't working,en
frustrated,this isn't working quite,en
frustrated,so annoying,en
frustrated,so annoying with login,en
frustrated,so annoying with sign in,en
frustrated,so annoying with my account,en
frustrated,so annoying with appointment,en
frustrated,so annoying with booking,en
frustrated,so annoying with password,en
frustrated,so annoying with medconnect,en
frustrated,so annoying with the website,en
frustrated,so annoying with registration,en
frustrated,so annoying about my appointment,en
frustrated,so annoying about my health,en
frustrated,so annoying about my records,en
frustrated,so so annoying,en
frustrated,so annoying so,en
frustrated,very so annoying,en
frustrated,so annoying very,en
frustrated,really so annoying,en
frustrated,so annoying really,en
frustrated,super so annoying,en
frustrated,so annoying super,en
frustrated,extremely so annoying,en
frustrated,so annoying extremely,en
frustrated,quite so annoying,en
frustrated,so annoying quite,en
frustrated,fed up,en
frustrated,fed up with login,en
frustrated,fed up with sign in,en
frustrated,fed up with my account,en
frustrated,fed up with appointment,en
frustrated,fed up with booking,en
frustrated,fed up with password,en
frustrated,fed up with medconnect,en
frustrated,fed up with the website,en
frustrated,fed up with registration,en
frustrated,fed up about my appointment,en
frustrated,fed up about my health,en
frustrated,fed up about my records,en
frustrated,so fed up,en
frustrated,fed up so,en
frustrated,very fed up,en
frustrated,fed up very,en
frustrated,really fed up,en
frustrated,fed up really,en
frustrated,super fed up,en
frustrated,fed up super,en
frustrated,extremely fed up,en
frustrated,fed up extremely,en
frustrated,quite fed up,en
frustrated,fed up quite,en
frustrated,login won't work with login,en
frustrated,login won't work with sign in,en
frustrated,login won't work with my account,en
frustrated,login won't work with appointment,en
frustrated,login won't work with booking,en
frustrated,login won't work with password,en
frustrated,login won't work with medconnect,en
frustrated,login won't work with the website,en
frustrated,login won't work with registration,en
frustrated,login won't work about my appointment,en
frustrated,login won't work about my health,en
frustrated,login won't work about my records,en
frustrated,so login won't work,en
frustrated,login won't work so,en
frustrated,very login won't work,en
frustrated,login won't work very,en
frustrated,really login won't work,en
frustrated,login won't work really,en
frustrated,super login won't work,en
frustrated,login won't work super,en
frustrated,extremely login won't work,en
frustrated,login won't work extremely,en
frustrated,quite login won't work,en
frustrated,login won't work quite,en
frustrated,not working,en
frustrated,not working with login,en
frustrated,not working with sign in,en
frustrated,not working with my account,en
frustrated,not working with appointment,en
frustrated,not working with booking,en
frustrated,not working with password,en
frustrated,not working with medconnect,en
frustrated,not working with the website,en
frustrated,not working with registration,en
frustrated,not working about my appointment,en
frustrated,not working about my health,en
frustrated,not working about my records,en
frustrated,so not working,en
frustrated,not working so,en
frustrated,very not working,en
frustrated,not working very,en
frustrated,really not working,en
frustrated,not working really,en
frustrated,super not working,en
frustrated,not working super,en
frustrated,extremely not working,en
frustrated,not working extremely,en
frustrated,quite not working,en
frustrated,not working quite,en
frustrated,this is broken,en
frustrated,this is broken with login,en
frustrated,this is broken with sign in,en
frustrated,this is broken with my account,en
frustrated,this is broken with appointment,en
frustrated,this is broken with booking,en
frustrated,this is broken with password,en
frustrated,this is broken with medconnect,en
frustrated,this is broken with the website,en
frustrated,this is broken with registration,en
frustrated,this is broken about my appointment,en
frustrated,this is broken about my health,en
frustrated,this is broken about my records,en
frustrated,so this is broken,en
frustrated,this is broken so,en
frustrated,very this is broken,en
frustrated,this is broken very,en
frustrated,really this is broken,en
frustrated,this is broken really,en
frustrated,super this is broken,en
frustrated,this is broken super,en
frustrated,extremely this is broken,en
frustrated,this is broken extremely,en
frustrated,quite this is broken,en
frustrated,this is broken quite,en
frustrated,can't login,en
frustrated,can't login with login,en
frustrated,can't login with sign in,en
frustrated,can't login with my account,en
frustrated,can't login with appointment,en
frustrated,can't login with booking,en
frustrated,can't login with password,en
frustrated,can't login with medconnect,en
frustrated,can't login with the website,en
frustrated,can't login with registration,en
frustrated,can't login about my appointment,en
frustrated,can't login about my health,en
frustrated,can't login about my records,en
frustrated,so can't login,en
frustrated,can't login so,en
frustrated,very can't login,en
frustrated,can't login very,en
frustrated,really can't login,en
frustrated,can't login really,en
frustrated,super can't login,en
frustrated,can't login super,en
frustrated,extremely can't login,en
frustrated,can't login extremely,en
frustrated,quite can't login,en
frustrated,can't login quite,en
frustrated,keeps failing,en
frustrated,keeps failing with login,en
frustrated,keeps failing with sign in,en
frustrated,keeps failing with my account,en
frustrated,keeps failing with appointment,en
frustrated,keeps failing with booking,en
frustrated,keeps failing with password,en
frustrated,keeps failing with medconnect,en
frustrated,keeps failing with the website,en
frustrated,keeps failing with registration,en
frustrated,keeps failing about my appointment,en
frustrated,keeps failing about my health,en
frustrated,keeps failing about my records,en
frustrated,so keeps failing,en
frustrated,keeps failing so,en
frustrated,very keeps failing,en
frustrated,keeps failing very,en
frustrated,really keeps failing,en
frustrated,keeps failing really,en
frustrated,super keeps failing,en
frustrated,keeps failing super,en
frustrated,extremely keeps failing,en
frustrated,keeps failing extremely,en
frustrated,quite keeps failing,en
frustrated,keeps failing quite,en
frustrated,so frustrating with login,en
frustrated,so frustrating with sign in,en
frustrated,so frustrating with my account,en
frustrated,so frustrating with appointment,en
frustrated,so frustrating with booking,en
frustrated,so frustrating with password,en
frustrated,so frustrating with medconnect,en
frustrated,so frustrating with the website,en
frustrated,so frustrating with registration,en
frustrated,so frustrating about my appointment,en
frustrated,so frustrating about my health,en
frustrated,so frustrating about my records,en
frustrated,so so frustrating,en
frustrated,so frustrating so,en
frustrated,very so frustrating,en
frustrated,so frustrating very,en
frustrated,really so frustrating,en
frustrated,so frustrating really,en
frustrated,super so frustrating,en
frustrated,so frustrating super,en
frustrated,extremely so frustrating,en
frustrated,so frustrating extremely,en
frustrated,quite so frustrating,en
frustrated,so frustrating quite,en
frustrated,frustrated na ako sa login,fil
frustrated,frustrated na ako sa account ko,fil
frustrated,frustrated na ako sa appointment,fil
frustrated,frustrated na ako sa password,fil
frustrated,frustrated na ako sa medconnect,fil
frustrated,frustrated na ako sa pag-book,fil
frustrated,frustrated na ako sa registration,fil
frustrated,frustrated na ako tungkol sa appointment,fil
frustrated,frustrated na ako sa kalusugan ko,fil
frustrated,sobrang frustrated na ako,fil
frustrated,frustrated na ako sobrang,fil
frustrated,talaga frustrated na ako,fil
frustrated,frustrated na ako talaga,fil
frustrated,grabe frustrated na ako,fil
frustrated,frustrated na ako grabe,fil
frustrated,napaka frustrated na ako,fil
frustrated,frustrated na ako napaka,fil
frustrated,super frustrated na ako,fil
frustrated,frustrated na ako super,fil
frustrated,hindi gumagana sa login,fil
frustrated,hindi gumagana sa account ko,fil
frustrated,hindi gumagana sa appointment,fil
frustrated,hindi gumagana sa password,fil
frustrated,hindi gumagana sa medconnect,fil
frustrated,hindi gumagana sa pag-book,fil
frustrated,hindi gumagana sa registration,fil
frustrated,hindi gumagana tungkol sa appointment,fil
frustrated,hindi gumagana sa kalusugan ko,fil
frustrated,sobrang hindi gumagana,fil
frustrated,hindi gumagana sobrang,fil
frustrated,talaga hindi gumagana,fil
frustrated,hindi gumagana talaga,fil
frustrated,grabe hindi gumagana,fil
frustrated,hindi gumagana grabe,fil
frustrated,napaka hindi gumagana,fil
frustrated,hindi gumagana napaka,fil
frustrated,super hindi gumagana,fil
frustrated,hindi gumagana super,fil
frustrated,ayaw mag-login sa login,fil
frustrated,ayaw mag-login sa account ko,fil
frustrated,ayaw mag-login sa appointment,fil
frustrated,ayaw mag-login sa password,fil
frustrated,ayaw mag-login sa medconnect,fil
frustrated,ayaw mag-login sa pag-book,fil
frustrated,ayaw mag-login sa registration,fil
frustrated,ayaw mag-login tungkol sa appointment,fil
frustrated,ayaw mag-login sa kalusugan ko,fil
frustrated,sobrang ayaw mag-login,fil
frustrated,ayaw mag-login sobrang,fil
frustrated,talaga ayaw mag-login,fil
frustrated,ayaw mag-login talaga,fil
frustrated,grabe ayaw mag-login,fil
frustrated,ayaw mag-login grabe,fil
frustrated,napaka ayaw mag-login,fil
frustrated,ayaw mag-login napaka,fil
frustrated,super ayaw mag-login,fil
frustrated,ayaw mag-login super,fil
frustrated,badtrip,fil
frustrated,badtrip sa login,fil
frustrated,badtrip sa account ko,fil
frustrated,badtrip sa appointment,fil
frustrated,badtrip sa password,fil
frustrated,badtrip sa medconnect,fil
frustrated,badtrip sa pag-book,fil
frustrated,badtrip sa registration,fil
frustrated,badtrip tungkol sa appointment,fil
frustrated,badtrip sa kalusugan ko,fil
frustrated,sobrang badtrip,fil
frustrated,badtrip sobrang,fil
frustrated,talaga badtrip,fil
frustrated,badtrip talaga,fil
frustrated,grabe badtrip,fil
frustrated,badtrip grabe,fil
frustrated,napaka badtrip,fil
frustrated,badtrip napaka,fil
frustrated,super badtrip,fil
frustrated,badtrip super,fil
frustrated,nakakainis,fil
frustrated,nakakainis sa login,fil
frustrated,nakakainis sa account ko,fil
frustrated,nakakainis sa appointment,fil
frustrated,nakakainis sa password,fil
frustrated,nakakainis sa medconnect,fil
frustrated,nakakainis sa pag-book,fil
frustrated,nakakainis sa registration,fil
frustrated,nakakainis tungkol sa appointment,fil
frustrated,nakakainis sa kalusugan ko,fil
frustrated,sobrang nakakainis,fil
frustrated,nakakainis sobrang,fil
frustrated,talaga nakakainis,fil
frustrated,nakakainis talaga,fil
frustrated,grabe nakakainis,fil
frustrated,nakakainis grabe,fil
frustrated,napaka nakakainis,fil
frustrated,nakakainis napaka,fil
frustrated,super nakakainis,fil
frustrated,nakakainis super,fil
frustrated,ayaw gumana,fil
frustrated,ayaw gumana sa login,fil
frustrated,ayaw gumana sa account ko,fil
frustrated,ayaw gumana sa appointment,fil
frustrated,ayaw gumana sa password,fil
frustrated,ayaw gumana sa medconnect,fil
frustrated,ayaw gumana sa pag-book,fil
frustrated,ayaw gumana sa registration,fil
frustrated,ayaw gumana tungkol sa appointment,fil
frustrated,ayaw gumana sa kalusugan ko,fil
frustrated,sobrang ayaw gumana,fil
frustrated,ayaw gumana sobrang,fil
frustrated,talaga ayaw gumana,fil
frustrated,ayaw gumana talaga,fil
frustrated,grabe ayaw gumana,fil
frustrated,ayaw gumana grabe,fil
frustrated,napaka ayaw gumana,fil
frustrated,ayaw gumana napaka,fil
frustrated,super ayaw gumana,fil
frustrated,ayaw gumana super,fil
frustrated,hindi gumagana ang login,fil
frustrated,hindi gumagana ang login sa login,fil
frustrated,hindi gumagana ang login sa account ko,fil
frustrated,hindi gumagana ang login sa appointment,fil
frustrated,hindi gumagana ang login sa password,fil
frustrated,hindi gumagana ang login sa medconnect,fil
frustrated,hindi gumagana ang login sa pag-book,fil
frustrated,hindi gumagana ang login sa registration,fil
frustrated,hindi gumagana ang login tungkol sa appointment,fil
frustrated,hindi gumagana ang login sa kalusugan ko,fil
frustrated,sobrang hindi gumagana ang login,fil
frustrated,hindi gumagana ang login sobrang,fil
frustrated,talaga hindi gumagana ang login,fil
frustrated,hindi gumagana ang login talaga,fil
frustrated,grabe hindi gumagana ang login,fil
frustrated,hindi gumagana ang login grabe,fil
frustrated,napaka hindi gumagana ang login,fil
frustrated,hindi gumagana ang login napaka,fil
frustrated,super hindi gumagana ang login,fil
frustrated,hindi gumagana ang login super,fil
frustrated,nakakadismaya,fil
frustrated,nakakadismaya sa login,fil
frustrated,nakakadismaya sa account ko,fil
frustrated,nakakadismaya sa appointment,fil
frustrated,nakakadismaya sa password,fil
frustrated,nakakadismaya sa medconnect,fil
frustrated,nakakadismaya sa pag-book,fil
frustrated,nakakadismaya sa registration,fil
frustrated,nakakadismaya tungkol sa appointment,fil
frustrated,nakakadismaya sa kalusugan ko,fil
frustrated,sobrang nakakadismaya,fil
frustrated,nakakadismaya sobrang,fil
frustrated,talaga nakakadismaya,fil
frustrated,nakakadismaya talaga,fil
frustrated,grabe nakakadismaya,fil
frustrated,nakakadismaya grabe,fil
frustrated,napaka nakakadismaya,fil
frustrated,nakakadismaya napaka,fil
frustrated,super nakakadismaya,fil
frustrated,nakakadismaya super,fil
frustrated,inis na ako,fil
frustrated,inis na ako sa login,fil
frustrated,inis na ako sa account ko,fil
frustrated,inis na ako sa appointment,fil
frustrated,inis na ako sa password,fil
frustrated,inis na ako sa medconnect,fil
frustrated,inis na ako sa pag-book,fil
frustrated,inis na ako sa registration,fil
frustrated,inis na ako tungkol sa appointment,fil
frustrated,inis na ako sa kalusugan ko,fil
frustrated,sobrang inis na ako,fil
frustrated,inis na ako sobrang,fil
frustrated,talaga inis na ako,fil
frustrated,inis na ako talaga,fil
frustrated,grabe inis na ako,fil
frustrated,inis na ako grabe,fil
frustrated,napaka inis na ako,fil
frustrated,inis na ako napaka,fil
frustrated,super inis na ako,fil
frustrated,inis na ako super,fil
frustrated,kaakig ko sa login,hil
frustrated,kaakig ko sa account ko,hil
frustrated,kaakig ko sa appointment,hil
frustrated,kaakig ko sa password,hil
frustrated,kaakig ko sa medconnect,hil
frustrated,kaakig ko sa pag-book,hil
frustrated,kaakig ko sa registration,hil
frustrated,kaakig ko parte sa appointment,hil
frustrated,kaakig ko sa akon kahimsog,hil
frustrated,gid kaakig ko,hil
frustrated,kaakig ko gid,hil
frustrated,kaayo kaakig ko,hil
frustrated,kaakig ko kaayo,hil
frustrated,grabe kaakig ko,hil
frustrated,kaakig ko grabe,hil
frustrated,super kaakig ko,hil
frustrated,kaakig ko super,hil
frustrated,talaga kaakig ko,hil
frustrated,kaakig ko talaga,hil
frustrated,kapoy na ko sini sa login,hil
frustrated,kapoy na ko sini sa account ko,hil
frustrated,kapoy na ko sini sa appointment,hil
frustrated,kapoy na ko sini sa password,hil
frustrated,kapoy na ko sini sa medconnect,hil
frustrated,kapoy na ko sini sa pag-book,hil
frustrated,kapoy na ko sini sa registration,hil
frustrated,kapoy na ko sini parte sa appointment,hil
frustrated,kapoy na ko sini sa akon kahimsog,hil
frustrated,gid kapoy na ko sini,hil
frustrated,kapoy na ko sini gid,hil
frustrated,kaayo kapoy na ko sini,hil
frustrated,kapoy na ko sini kaayo,hil
frustrated,grabe kapoy na ko sini,hil
frustrated,kapoy na ko sini grabe,hil
frustrated,super kapoy na ko sini,hil
frustrated,kapoy na ko sini super,hil
frustrated,talaga kapoy na ko sini,hil
frustrated,kapoy na ko sini talaga,hil
frustrated,hindi gid mag-login sa login,hil
frustrated,hindi gid mag-login sa appointment,hil
frustrated,hindi gid mag-login sa password,hil
frustrated,hindi gid mag-login sa medconnect,hil
frustrated,hindi gid mag-login sa pag-book,hil
frustrated,hindi gid mag-login sa registration,hil
frustrated,hindi gid mag-login parte sa appointment,hil
frustrated,hindi gid mag-login sa akon kahimsog,hil
frustrated,gid hindi gid mag-login,hil
frustrated,hindi gid mag-login gid,hil
frustrated,kaayo hindi gid mag-login,hil
frustrated,hindi gid mag-login kaayo,hil
frustrated,grabe hindi gid mag-login,hil
frustrated,hindi gid mag-login grabe,hil
frustrated,super hindi gid mag-login,hil
frustrated,hindi gid mag-login super,hil
frustrated,talaga hindi gid mag-login,hil
frustrated,hindi gid mag-login talaga,hil
frustrated,indi mag-work,hil
frustrated,indi mag-work sa login,hil
frustrated,indi mag-work sa account ko,hil
frustrated,indi mag-work sa appointment,hil
frustrated,indi mag-work sa password,hil
frustrated,indi mag-work sa medconnect,hil
frustrated,indi mag-work sa pag-book,hil
frustrated,indi mag-work sa registration,hil
frustrated,indi mag-work parte sa appointment,hil
frustrated,indi mag-work sa akon kahimsog,hil
frustrated,gid indi mag-work,hil
frustrated,indi mag-work gid,hil
frustrated,kaayo indi mag-work,hil
frustrated,indi mag-work kaayo,hil
frustrated,grabe indi mag-work,hil
frustrated,indi mag-work grabe,hil
frustrated,super indi mag-work,hil
frustrated,indi mag-work super,hil
frustrated,talaga indi mag-work,hil
frustrated,indi mag-work talaga,hil
frustrated,frustrated gid ko sa login,hil
frustrated,frustrated gid ko sa account ko,hil
frustrated,frustrated gid ko sa appointment,hil
frustrated,frustrated gid ko sa password,hil
frustrated,frustrated gid ko sa medconnect,hil
frustrated,frustrated gid ko sa pag-book,hil
frustrated,frustrated gid ko sa registration,hil
frustrated,frustrated gid ko parte sa appointment,hil
frustrated,frustrated gid ko sa akon kahimsog,hil
frustrated,gid frustrated gid ko,hil
frustrated,frustrated gid ko gid,hil
frustrated,kaayo frustrated gid ko,hil
frustrated,frustrated gid ko kaayo,hil
frustrated,grabe frustrated gid ko,hil
frustrated,frustrated gid ko grabe,hil
frustrated,super frustrated gid ko,hil
frustrated,frustrated gid ko super,hil
frustrated,talaga frustrated gid ko,hil
frustrated,frustrated gid ko talaga,hil
frustrated,indi gid mag function sa login,hil
frustrated,indi gid mag function sa account ko,hil
frustrated,indi gid mag function sa appointment,hil
frustrated,indi gid mag function sa password,hil
frustrated,indi gid mag function sa medconnect,hil
frustrated,indi gid mag function sa pag-book,hil
frustrated,indi gid mag function sa registration,hil
frustrated,indi gid mag function parte sa appointment,hil
frustrated,indi gid mag function sa akon kahimsog,hil
frustrated,gid indi gid mag function,hil
frustrated,indi gid mag function gid,hil
frustrated,kaayo indi gid mag function,hil
frustrated,indi gid mag function kaayo,hil
frustrated,grabe indi gid mag function,hil
frustrated,indi gid mag function grabe,hil
frustrated,super indi gid mag function,hil
frustrated,indi gid mag function super,hil
frustrated,talaga indi gid mag function,hil
frustrated,indi gid mag function talaga,hil
frustrated,kapoy na,hil
frustrated,kapoy na sa login,hil
frustrated,kapoy na sa account ko,hil
frustrated,kapoy na sa appointment,hil
frustrated,kapoy na sa password,hil
frustrated,kapoy na sa medconnect,hil
frustrated,kapoy na sa pag-book,hil
frustrated,kapoy na sa registration,hil
frustrated,kapoy na parte sa appointment,hil
frustrated,kapoy na sa akon kahimsog,hil
frustrated,gid kapoy na,hil
frustrated,kapoy na gid,hil
frustrated,kaayo kapoy na,hil
frustrated,kapoy na kaayo,hil
frustrated,grabe kapoy na,hil
frustrated,kapoy na grabe,hil
frustrated,super kapoy na,hil
frustrated,kapoy na super,hil
frustrated,talaga kapoy na,hil
frustrated,kapoy na talaga,hil
frustrated,akig ko,hil
frustrated,akig ko sa login,hil
frustrated,akig ko sa account ko,hil
frustrated,akig ko sa appointment,hil
frustrated,akig ko sa password,hil
frustrated,akig ko sa medconnect,hil
frustrated,akig ko sa pag-book,hil
frustrated,akig ko sa registration,hil
frustrated,akig ko parte sa appointment,hil
frustrated,akig ko sa akon kahimsog,hil
frustrated,gid akig ko,hil
frustrated,akig ko gid,hil
frustrated,kaayo akig ko,hil
frustrated,akig ko kaayo,hil
frustrated,grabe akig ko,hil
frustrated,akig ko grabe,hil
frustrated,super akig ko,hil
frustrated,akig ko super,hil
frustrated,talaga akig ko,hil
frustrated,akig ko talaga,hil
frustrated,nabudlayan ko sa login,hil
frustrated,nabudlayan ko sa account ko,hil
frustrated,nabudlayan ko sa appointment,hil
frustrated,nabudlayan ko sa password,hil
frustrated,nabudlayan ko sa medconnect,hil
frustrated,nabudlayan ko sa pag-book,hil
frustrated,nabudlayan ko sa registration,hil
frustrated,nabudlayan ko parte sa appointment,hil
frustrated,nabudlayan ko sa akon kahimsog,hil
frustrated,gid nabudlayan ko,hil
frustrated,nabudlayan ko gid,hil
frustrated,kaayo nabudlayan ko,hil
frustrated,nabudlayan ko kaayo,hil
frustrated,grabe nabudlayan ko,hil
frustrated,nabudlayan ko grabe,hil
frustrated,super nabudlayan ko,hil
frustrated,nabudlayan ko super,hil
frustrated,talaga nabudlayan ko,hil
frustrated,nabudlayan ko talaga,hil
frustrated,na-stress ko,hil
frustrated,na-stress ko sa login,hil
frustrated,na-stress ko sa account ko,hil
frustrated,na-stress ko sa appointment,hil
frustrated,na-stress ko sa password,hil
frustrated,na-stress ko sa medconnect,hil
frustrated,na-stress ko sa pag-book,hil
frustrated,na-stress ko sa registration,hil
frustrated,na-stress ko parte sa appointment,hil
frustrated,na-stress ko sa akon kahimsog,hil
frustrated,gid na-stress ko,hil
frustrated,na-stress ko gid,hil
frustrated,kaayo na-stress ko,hil
frustrated,na-stress ko kaayo,hil
frustrated,grabe na-stress ko,hil
frustrated,na-stress ko grabe,hil
frustrated,super na-stress ko,hil
frustrated,na-stress ko super,hil
frustrated,talaga na-stress ko,hil
frustrated,na-stress ko talaga,hil
frustrated,na stress ko,hil
frustrated,na stress ko sa login,hil
frustrated,na stress ko sa account ko,hil
frustrated,na stress ko sa appointment,hil
frustrated,na stress ko sa password,hil
frustrated,na stress ko sa medconnect,hil
frustrated,na stress ko sa pag-book,hil
frustrated,na stress ko sa registration,hil
frustrated,na stress ko parte sa appointment,hil
frustrated,na stress ko sa akon kahimsog,hil
frustrated,gid na stress ko,hil
frustrated,na stress ko gid,hil
frustrated,kaayo na stress ko,hil
frustrated,na stress ko kaayo,hil
frustrated,grabe na stress ko,hil
frustrated,na stress ko grabe,hil
frustrated,super na stress ko,hil
frustrated,na stress ko super,hil
frustrated,talaga na stress ko,hil
frustrated,na stress ko talaga,hil
worried,worried,en
worried,worried with login,en
worried,worried with sign in,en
worried,worried with my account,en
worried,worried with appointment,en
worried,worried with booking,en
worried,worried with password,en
worried,worried with medconnect,en
worried,worried with the website,en
worried,worried with registration,en
worried,worried about my appointment,en
worried,worried about my health,en
worried,worried about my records,en
worried,so worried,en
worried,worried so,en
worried,very worried,en
worried,worried very,en
worried,really worried,en
worried,worried really,en
worried,super worried,en
worried,worried super,en
worried,extremely worried,en
worried,worried extremely,en
worried,quite worried,en
worried,worried quite,en
worried,i'm worried with login,en
worried,i'm worried with sign in,en
worried,i'm worried with my account,en
worried,i'm worried with appointment,en
worried,i'm worried with booking,en
worried,i'm worried with password,en
worried,i'm worried with medconnect,en
worried,i'm worried with the website,en
worried,i'm worried with registration,en
worried,i'm worried about my records,en
worried,so i'm worried,en
worried,i'm worried so,en
worried,very i'm worried,en
worried,i'm worried very,en
worried,really i'm worried,en
worried,i'm worried really,en
worried,super i'm worried,en
worried,i'm worried super,en
worried,extremely i'm worried,en
worried,i'm worried extremely,en
worried,quite i'm worried,en
worried,i'm worried quite,en
worried,concerned,en
worried,concerned with login,en
worried,concerned with sign in,en
worried,concerned with my account,en
worried,concerned with appointment,en
worried,concerned with booking,en
worried,concerned with password,en
worried,concerned with medconnect,en
worried,concerned with the website,en
worried,concerned with registration,en
worried,concerned about my appointment,en
worried,concerned about my health,en
worried,concerned about my records,en
worried,so concerned,en
worried,concerned so,en
worried,very concerned,en
worried,concerned very,en
worried,really concerned,en
worried,concerned really,en
worried,super concerned,en
worried,concerned super,en
worried,extremely concerned,en
worried,concerned extremely,en
worried,quite concerned,en
worried,concerned quite,en
worried,i'm concerned with login,en
worried,i'm concerned with sign in,en
worried,i'm concerned with my account,en
worried,i'm concerned with appointment,en
worried,i'm concerned with booking,en
worried,i'm concerned with password,en
worried,i'm concerned with medconnect,en
worried,i'm concerned with the website,en
worried,i'm concerned with registration,en
worried,i'm concerned about my appointment,en
worried,i'm concerned about my health,en
worried,i'm concerned about my records,en
worried,so i'm concerned,en
worried,i'm concerned so,en
worried,very i'm concerned,en
worried,i'm concerned very,en
worried,really i'm concerned,en
worried,i'm concerned really,en
worried,super i'm concerned,en
worried,i'm concerned super,en
worried,extremely i'm concerned,en
worried,i'm concerned extremely,en
worried,quite i'm concerned,en
worried,i'm concerned quite,en
worried,worried about my health with login,en
worried,worried about my health with sign in,en
worried,worried about my health with my account,en
worried,worried about my health with appointment,en
worried,worried about my health with booking,en
worried,worried about my health with password,en
worried,worried about my health with medconnect,en
worried,worried about my health with the website,en
worried,worried about my health with registration,en
worried,worried about my health about my appointment,en
worried,worried about my health about my health,en
worried,worried about my health about my records,en
worried,so worried about my health,en
worried,worried about my health so,en
worried,very worried about my health,en
worried,worried about my health very,en
worried,really worried about my health,en
worried,worried about my health really,en
worried,super worried about my health,en
worried,worried about my health super,en
worried,extremely worried about my health,en
worried,worried about my health extremely,en
worried,quite worried about my health,en
worried,worried about my health quite,en
worried,worried about appointment,en
worried,worried about appointment with login,en
worried,worried about appointment with sign in,en
worried,worried about appointment with my account,en
worried,worried about appointment with appointment,en
worried,worried about appointment with booking,en
worried,worried about appointment with password,en
worried,worried about appointment with medconnect,en
worried,worried about appointment with the website,en
worried,worried about appointment with registration,en
worried,worried about appointment about my appointment,en
worried,worried about appointment about my health,en
worried,worried about appointment about my records,en
worried,so worried about appointment,en
worried,worried about appointment so,en
worried,very worried about appointment,en
worried,worried about appointment very,en
worried,really worried about appointment,en
worried,worried about appointment really,en
worried,super worried about appointment,en
worried,worried about appointment super,en
worried,extremely worried about appointment,en
worried,worried about appointment extremely,en
worried,quite worried about appointment,en
worried,worried about appointment quite,en
worried,anxious about,en
worried,anxious about with login,en
worried,anxious about with sign in,en
worried,anxious about with my account,en
worried,anxious about with appointment,en
worried,anxious about with booking,en
worried,anxious about with password,en
worried,anxious about with medconnect,en
worried,anxious about with the website,en
worried,anxious about with registration,en
worried,anxious about about my appointment,en
worried,anxious about about my health,en
worried,anxious about about my records,en
worried,so anxious about,en
worried,anxious about so,en
worried,very anxious about,en
worried,anxious about very,en
worried,really anxious about,en
worried,anxious about really,en
worried,super anxious about,en
worried,anxious about super,en
worried,extremely anxious about,en
worried,anxious about extremely,en
worried,quite anxious about,en
worried,anxious about quite,en
worried,concerned about my health with login,en
worried,concerned about my health with sign in,en
worried,concerned about my health with my account,en
worried,concerned about my health with appointment,en
worried,concerned about my health with booking,en
worried,concerned about my health with password,en
worried,concerned about my health with medconnect,en
worried,concerned about my health with the website,en
worried,concerned about my health with registration,en
worried,concerned about my health about my appointment,en
worried,concerned about my health about my health,en
worried,concerned about my health about my records,en
worried,so concerned about my health,en
worried,concerned about my health so,en
worried,very concerned about my health,en
worried,concerned about my health very,en
worried,really concerned about my health,en
worried,concerned about my health really,en
worried,super concerned about my health,en
worried,concerned about my health super,en
worried,extremely concerned about my health,en
worried,concerned about my health extremely,en
worried,quite concerned about my health,en
worried,concerned about my health quite,en
worried,nag-aalala ako sa login,fil
worried,nag-aalala ako sa account ko,fil
worried,nag-aalala ako sa appointment,fil
worried,nag-aalala ako sa password,fil
worried,nag-aalala ako sa medconnect,fil
worried,nag-aalala ako sa pag-book,fil
worried,nag-aalala ako sa registration,fil
worried,nag-aalala ako tungkol sa appointment,fil
worried,nag-aalala ako sa kalusugan ko,fil
worried,sobrang nag-aalala ako,fil
worried,nag-aalala ako sobrang,fil
worried,talaga nag-aalala ako,fil
worried,nag-aalala ako talaga,fil
worried,grabe nag-aalala ako,fil
worried,nag-aalala ako grabe,fil
worried,napaka nag-aalala ako,fil
worried,nag-aalala ako napaka,fil
worried,super nag-aalala ako,fil
worried,nag-aalala ako super,fil
worried,nabalaka ko sa login,fil
worried,nabalaka ko sa account ko,fil
worried,nabalaka ko sa appointment,fil
worried,nabalaka ko sa password,fil
worried,nabalaka ko sa medconnect,fil
worried,nabalaka ko sa pag-book,fil
worried,nabalaka ko sa registration,fil
worried,nabalaka ko tungkol sa appointment,fil
worried,nabalaka ko sa kalusugan ko,fil
worried,sobrang nabalaka ko,fil
worried,nabalaka ko sobrang,fil
worried,talaga nabalaka ko,fil
worried,nabalaka ko talaga,fil
worried,grabe nabalaka ko,fil
worried,nabalaka ko grabe,fil
worried,napaka nabalaka ko,fil
worried,nabalaka ko napaka,fil
worried,super nabalaka ko,fil
worried,nabalaka ko super,fil
worried,basi may sakit ako sa login,fil
worried,basi may sakit ako sa account ko,fil
worried,basi may sakit ako sa appointment,fil
worried,basi may sakit ako sa password,fil
worried,basi may sakit ako sa medconnect,fil
worried,basi may sakit ako sa pag-book,fil
worried,basi may sakit ako sa registration,fil
worried,basi may sakit ako tungkol sa appointment,fil
worried,basi may sakit ako sa kalusugan ko,fil
worried,sobrang basi may sakit ako,fil
worried,basi may sakit ako sobrang,fil
worried,talaga basi may sakit ako,fil
worried,basi may sakit ako talaga,fil
worried,grabe basi may sakit ako,fil
worried,basi may sakit ako grabe,fil
worried,napaka basi may sakit ako,fil
worried,basi may sakit ako napaka,fil
worried,super basi may sakit ako,fil
worried,basi may sakit ako super,fil
worried,may alalahanin ako,fil
worried,may alalahanin ako sa login,fil
worried,may alalahanin ako sa account ko,fil
worried,may alalahanin ako sa appointment,fil
worried,may alalahanin ako sa password,fil
worried,may alalahanin ako sa medconnect,fil
worried,may alalahanin ako sa pag-book,fil
worried,may alalahanin ako sa registration,fil
worried,may alalahanin ako tungkol sa appointment,fil
worried,may alalahanin ako sa kalusugan ko,fil
worried,sobrang may alalahanin ako,fil
worried,may alalahanin ako sobrang,fil
worried,talaga may alalahanin ako,fil
worried,may alalahanin ako talaga,fil
worried,grabe may alalahanin ako,fil
worried,may alalahanin ako grabe,fil
worried,napaka may alalahanin ako,fil
worried,may alalahanin ako napaka,fil
worried,super may alalahanin ako,fil
worried,may alalahanin ako super,fil
worried,kabado ako,fil
worried,kabado ako sa login,fil
worried,kabado ako sa account ko,fil
worried,kabado ako sa appointment,fil
worried,kabado ako sa password,fil
worried,kabado ako sa medconnect,fil
worried,kabado ako sa pag-book,fil
worried,kabado ako sa registration,fil
worried,kabado ako tungkol sa appointment,fil
worried,kabado ako sa kalusugan ko,fil
worried,sobrang kabado ako,fil
worried,kabado ako sobrang,fil
worried,talaga kabado ako,fil
worried,kabado ako talaga,fil
worried,grabe kabado ako,fil
worried,kabado ako grabe,fil
worried,napaka kabado ako,fil
worried,kabado ako napaka,fil
worried,super kabado ako,fil
worried,kabado ako super,fil
worried,worried ako,fil
worried,worried ako sa login,fil
worried,worried ako sa account ko,fil
worried,worried ako sa appointment,fil
worried,worried ako sa password,fil
worried,worried ako sa medconnect,fil
worried,worried ako sa pag-book,fil
worried,worried ako sa registration,fil
worried,worried ako tungkol sa appointment,fil
worried,worried ako sa kalusugan ko,fil
worried,sobrang worried ako,fil
worried,worried ako sobrang,fil
worried,talaga worried ako,fil
worried,worried ako talaga,fil
worried,grabe worried ako,fil
worried,worried ako grabe,fil
worried,napaka worried ako,fil
worried,worried ako napaka,fil
worried,super worried ako,fil
worried,worried ako super,fil
worried,nag-aalala,fil
worried,nag-aalala sa login,fil
worried,nag-aalala sa account ko,fil
worried,nag-aalala sa appointment,fil
worried,nag-aalala sa password,fil
worried,nag-aalala sa medconnect,fil
worried,nag-aalala sa pag-book,fil
worried,nag-aalala sa registration,fil
worried,nag-aalala tungkol sa appointment,fil
worried,nag-aalala sa kalusugan ko,fil
worried,sobrang nag-aalala,fil
worried,nag-aalala sobrang,fil
worried,talaga nag-aalala,fil
worried,nag-aalala talaga,fil
worried,grabe nag-aalala,fil
worried,nag-aalala grabe,fil
worried,napaka nag-aalala,fil
worried,nag-aalala napaka,fil
worried,super nag-aalala,fil
worried,nag-aalala super,fil
worried,basi may problema sa login,fil
worried,basi may problema sa account ko,fil
worried,basi may problema sa appointment,fil
worried,basi may problema sa password,fil
worried,basi may problema sa medconnect,fil
worried,basi may problema sa pag-book,fil
worried,basi may problema sa registration,fil
worried,basi may problema tungkol sa appointment,fil
worried,basi may problema sa kalusugan ko,fil
worried,sobrang basi may problema,fil
worried,basi may problema sobrang,fil
worried,talaga basi may problema,fil
worried,basi may problema talaga,fil
worried,grabe basi may problema,fil
worried,basi may problema grabe,fil
worried,napaka basi may problema,fil
worried,basi may problema napaka,fil
worried,super basi may problema,fil
worried,basi may problema super,fil
worried,nabalaka ko parte sa appointment,hil
worried,nabalaka ko sa akon kahimsog,hil
worried,gid nabalaka ko,hil
worried,nabalaka ko gid,hil
worried,kaayo nabalaka ko,hil
worried,nabalaka ko kaayo,hil
worried,kabalaka ko sa login,hil
worried,kabalaka ko sa account ko,hil
worried,kabalaka ko sa appointment,hil
worried,kabalaka ko sa password,hil
worried,kabalaka ko sa medconnect,hil
worried,kabalaka ko sa pag-book,hil
worried,kabalaka ko sa registration,hil
worried,kabalaka ko parte sa appointment,hil
worried,kabalaka ko sa akon kahimsog,hil
worried,gid kabalaka ko,hil
worried,kabalaka ko gid,hil
worried,kaayo kabalaka ko,hil
worried,kabalaka ko kaayo,hil
worried,grabe kabalaka ko,hil
worried,kabalaka ko grabe,hil
worried,super kabalaka ko,hil
worried,kabalaka ko super,hil
worried,talaga kabalaka ko,hil
worried,kabalaka ko talaga,hil
worried,kulba ko sa login,hil
worried,kulba ko sa account ko,hil
worried,kulba ko sa appointment,hil
worried,kulba ko sa password,hil
worried,kulba ko sa medconnect,hil
worried,kulba ko sa pag-book,hil
worried,kulba ko sa registration,hil
worried,kulba ko sa akon kahimsog,hil
worried,gid kulba ko,hil
worried,kulba ko gid,hil
worried,kaayo kulba ko,hil
worried,kulba ko kaayo,hil
worried,grabe kulba ko,hil
worried,kulba ko grabe,hil
worried,super kulba ko,hil
worried,kulba ko super,hil
worried,talaga kulba ko,hil
worried,kulba ko talaga,hil
worried,basi may sakit ko sa login,hil
worried,basi may sakit ko sa account ko,hil
worried,basi may sakit ko sa appointment,hil
worried,basi may sakit ko sa password,hil
worried,basi may sakit ko sa medconnect,hil
worried,basi may sakit ko sa pag-book,hil
worried,basi may sakit ko sa registration,hil
worried,basi may sakit ko parte sa appointment,hil
worried,basi may sakit ko sa akon kahimsog,hil
worried,gid basi may sakit ko,hil
worried,basi may sakit ko gid,hil
worried,kaayo basi may sakit ko,hil
worried,basi may sakit ko kaayo,hil
worried,grabe basi may sakit ko,hil
worried,basi may sakit ko grabe,hil
worried,super basi may sakit ko,hil
worried,basi may sakit ko super,hil
worried,talaga basi may sakit ko,hil
worried,basi may sakit ko talaga,hil
worried,nag-aalala ko,hil
worried,nag-aalala ko sa login,hil
worried,nag-aalala ko sa account ko,hil
worried,nag-aalala ko sa appointment,hil
worried,nag-aalala ko sa password,hil
worried,nag-aalala ko sa medconnect,hil
worried,nag-aalala ko sa pag-book,hil
worried,nag-aalala ko sa registration,hil
worried,nag-aalala ko parte sa appointment,hil
worried,nag-aalala ko sa akon kahimsog,hil
worried,gid nag-aalala ko,hil
worried,nag-aalala ko gid,hil
worried,kaayo nag-aalala ko,hil
worried,nag-aalala ko kaayo,hil
worried,grabe nag-aalala ko,hil
worried,nag-aalala ko grabe,hil
worried,super nag-aalala ko,hil
worried,nag-aalala ko super,hil
worried,talaga nag-aalala ko,hil
worried,nag-aalala ko talaga,hil
worried,kabado ko,hil
worried,kabado ko sa login,hil
worried,kabado ko sa account ko,hil
worried,kabado ko sa appointment,hil
worried,kabado ko sa password,hil
worried,kabado ko sa medconnect,hil
worried,kabado ko sa pag-book,hil
worried,kabado ko sa registration,hil
worried,kabado ko parte sa appointment,hil
worried,kabado ko sa akon kahimsog,hil
worried,gid kabado ko,hil
worried,kabado ko gid,hil
worried,kaayo kabado ko,hil
worried,kabado ko kaayo,hil
worried,grabe kabado ko,hil
worried,kabado ko grabe,hil
worried,super kabado ko,hil
worried,kabado ko super,hil
worried,talaga kabado ko,hil
worried,kabado ko talaga,hil
worried,basi may problema parte sa appointment,hil
worried,basi may problema sa akon kahimsog,hil
worried,gid basi may problema,hil
worried,basi may problema gid,hil
worried,kaayo basi may problema,hil
worried,basi may problema kaayo,hil
worried,nabalaka gid ko,hil
worried,nabalaka gid ko sa login,hil
worried,nabalaka gid ko sa account ko,hil
worried,nabalaka gid ko sa appointment,hil
worried,nabalaka gid ko sa password,hil
worried,nabalaka gid ko sa medconnect,hil
worried,nabalaka gid ko sa pag-book,hil
worried,nabalaka gid ko sa registration,hil
worried,nabalaka gid ko parte sa appointment,hil
worried,nabalaka gid ko sa akon kahimsog,hil
worried,gid nabalaka gid ko,hil
worried,nabalaka gid ko gid,hil
worried,kaayo nabalaka gid ko,hil
worried,nabalaka gid ko kaayo,hil
worried,grabe nabalaka gid ko,hil
worried,nabalaka gid ko grabe,hil
worried,super nabalaka gid ko,hil
worried,nabalaka gid ko super,hil
worried,talaga nabalaka gid ko,hil
worried,nabalaka gid ko talaga,hil
anxious,anxious,en
anxious,anxious with login,en
anxious,anxious with sign in,en
anxious,anxious with my account,en
anxious,anxious with appointment,en
anxious,anxious with booking,en
anxious,anxious with password,en
anxious,anxious with medconnect,en
anxious,anxious with the website,en
anxious,anxious with registration,en
anxious,anxious about my appointment,en
anxious,anxious about my health,en
anxious,anxious about my records,en
anxious,so anxious,en
anxious,anxious so,en
anxious,very anxious,en
anxious,anxious very,en
anxious,really anxious,en
anxious,anxious really,en
anxious,super anxious,en
anxious,anxious super,en
anxious,extremely anxious,en
anxious,anxious extremely,en
anxious,quite anxious,en
anxious,anxious quite,en
anxious,i'm anxious with login,en
anxious,i'm anxious with sign in,en
anxious,i'm anxious with my account,en
anxious,i'm anxious with appointment,en
anxious,i'm anxious with booking,en
anxious,i'm anxious with password,en
anxious,i'm anxious with medconnect,en
anxious,i'm anxious with the website,en
anxious,i'm anxious with registration,en
anxious,i'm anxious about my appointment,en
anxious,i'm anxious about my records,en
anxious,so i'm anxious,en
anxious,i'm anxious so,en
anxious,very i'm anxious,en
anxious,i'm anxious very,en
anxious,really i'm anxious,en
anxious,i'm anxious really,en
anxious,super i'm anxious,en
anxious,i'm anxious super,en
anxious,extremely i'm anxious,en
anxious,i'm anxious extremely,en
anxious,quite i'm anxious,en
anxious,i'm anxious quite,en
anxious,feeling anxious with login,en
anxious,feeling anxious with sign in,en
anxious,feeling anxious with my account,en
anxious,feeling anxious with appointment,en
anxious,feeling anxious with booking,en
anxious,feeling anxious with password,en
anxious,feeling anxious with medconnect,en
anxious,feeling anxious with the website,en
anxious,feeling anxious with registration,en
anxious,feeling anxious about my appointment,en
anxious,feeling anxious about my health,en
anxious,feeling anxious about my records,en
anxious,so feeling anxious,en
anxious,feeling anxious so,en
anxious,very feeling anxious,en
anxious,feeling anxious very,en
anxious,really feeling anxious,en
anxious,feeling anxious really,en
anxious,super feeling anxious,en
anxious,feeling anxious super,en
anxious,extremely feeling anxious,en
anxious,feeling anxious extremely,en
anxious,quite feeling anxious,en
anxious,feeling anxious quite,en
anxious,anxiety,en
anxious,anxiety with login,en
anxious,anxiety with sign in,en
anxious,anxiety with my account,en
anxious,anxiety with appointment,en
anxious,anxiety with booking,en
anxious,anxiety with password,en
anxious,anxiety with medconnect,en
anxious,anxiety with the website,en
anxious,anxiety with registration,en
anxious,anxiety about my appointment,en
anxious,anxiety about my health,en
anxious,anxiety about my records,en
anxious,so anxiety,en
anxious,anxiety so,en
anxious,very anxiety,en
anxious,anxiety very,en
anxious,really anxiety,en
anxious,anxiety really,en
anxious,super anxiety,en
anxious,anxiety super,en
anxious,extremely anxiety,en
anxious,anxiety extremely,en
anxious,quite anxiety,en
anxious,anxiety quite,en
anxious,stressed and anxious,en
anxious,stressed and anxious with login,en
anxious,stressed and anxious with sign in,en
anxious,stressed and anxious with my account,en
anxious,stressed and anxious with appointment,en
anxious,stressed and anxious with booking,en
anxious,stressed and anxious with password,en
anxious,stressed and anxious with medconnect,en
anxious,stressed and anxious with the website,en
anxious,stressed and anxious with registration,en
anxious,stressed and anxious about my appointment,en
anxious,stressed and anxious about my health,en
anxious,stressed and anxious about my records,en
anxious,so stressed and anxious,en
anxious,stressed and anxious so,en
anxious,very stressed and anxious,en
anxious,stressed and anxious very,en
anxious,really stressed and anxious,en
anxious,stressed and anxious really,en
anxious,super stressed and anxious,en
anxious,stressed and anxious super,en
anxious,extremely stressed and anxious,en
anxious,stressed and anxious extremely,en
anxious,quite stressed and anxious,en
anxious,stressed and anxious quite,en
anxious,on edge,en
anxious,on edge with login,en
anxious,on edge with sign in,en
anxious,on edge with my account,en
anxious,on edge with appointment,en
anxious,on edge with booking,en
anxious,on edge with password,en
anxious,on edge with medconnect,en
anxious,on edge with the website,en
anxious,on edge with registration,en
anxious,on edge about my appointment,en
anxious,on edge about my health,en
anxious,on edge about my records,en
anxious,so on edge,en
anxious,on edge so,en
anxious,very on edge,en
anxious,on edge very,en
anxious,really on edge,en
anxious,on edge really,en
anxious,super on edge,en
anxious,on edge super,en
anxious,extremely on edge,en
anxious,on edge extremely,en
anxious,quite on edge,en
anxious,on edge quite,en
anxious,ginakulbaan ko sa login,fil
anxious,ginakulbaan ko sa account ko,fil
anxious,ginakulbaan ko sa appointment,fil
anxious,ginakulbaan ko sa password,fil
anxious,ginakulbaan ko sa medconnect,fil
anxious,ginakulbaan ko sa pag-book,fil
anxious,ginakulbaan ko sa registration,fil
anxious,ginakulbaan ko tungkol sa appointment,fil
anxious,ginakulbaan ko sa kalusugan ko,fil
anxious,sobrang ginakulbaan ko,fil
anxious,ginakulbaan ko sobrang,fil
anxious,talaga ginakulbaan ko,fil
anxious,ginakulbaan ko talaga,fil
anxious,grabe ginakulbaan ko,fil
anxious,ginakulbaan ko grabe,fil
anxious,napaka ginakulbaan ko,fil
anxious,ginakulbaan ko napaka,fil
anxious,super ginakulbaan ko,fil
anxious,ginakulbaan ko super,fil
anxious,kinakabahan ako sa login,fil
anxious,kinakabahan ako sa account ko,fil
anxious,kinakabahan ako sa appointment,fil
anxious,kinakabahan ako sa password,fil
anxious,kinakabahan ako sa medconnect,fil
anxious,kinakabahan ako sa pag-book,fil
anxious,kinakabahan ako sa registration,fil
anxious,kinakabahan ako tungkol sa appointment,fil
anxious,kinakabahan ako sa kalusugan ko,fil
anxious,sobrang kinakabahan ako,fil
anxious,kinakabahan ako sobrang,fil
anxious,talaga kinakabahan ako,fil
anxious,kinakabahan ako talaga,fil
anxious,grabe kinakabahan ako,fil
anxious,kinakabahan ako grabe,fil
anxious,napaka kinakabahan ako,fil
anxious,kinakabahan ako napaka,fil
anxious,super kinakabahan ako,fil
anxious,kinakabahan ako super,fil
anxious,anxious ako,fil
anxious,anxious ako sa login,fil
anxious,anxious ako sa account ko,fil
anxious,anxious ako sa appointment,fil
anxious,anxious ako sa password,fil
anxious,anxious ako sa medconnect,fil
anxious,anxious ako sa pag-book,fil
anxious,anxious ako sa registration,fil
anxious,anxious ako tungkol sa appointment,fil
anxious,anxious ako sa kalusugan ko,fil
anxious,sobrang anxious ako,fil
anxious,anxious ako sobrang,fil
anxious,talaga anxious ako,fil
anxious,anxious ako talaga,fil
anxious,grabe anxious ako,fil
anxious,anxious ako grabe,fil
anxious,napaka anxious ako,fil
anxious,anxious ako napaka,fil
anxious,super anxious ako,fil
anxious,anxious ako super,fil
anxious,may anxiety ako,fil
anxious,may anxiety ako sa login,fil
anxious,may anxiety ako sa account ko,fil
anxious,may anxiety ako sa appointment,fil
anxious,may anxiety ako sa password,fil
anxious,may anxiety ako sa medconnect,fil
anxious,may anxiety ako sa pag-book,fil
anxious,may anxiety ako sa registration,fil
anxious,may anxiety ako tungkol sa appointment,fil
anxious,may anxiety ako sa kalusugan ko,fil
anxious,sobrang may anxiety ako,fil
anxious,may anxiety ako sobrang,fil
anxious,talaga may anxiety ako,fil
anxious,may anxiety ako talaga,fil
anxious,grabe may anxiety ako,fil
anxious,may anxiety ako grabe,fil
anxious,napaka may anxiety ako,fil
anxious,may anxiety ako napaka,fil
anxious,super may anxiety ako,fil
anxious,may anxiety ako super,fil
anxious,kaba na kaba,fil
anxious,kaba na kaba sa login,fil
anxious,kaba na kaba sa account ko,fil
anxious,kaba na kaba sa appointment,fil
anxious,kaba na kaba sa password,fil
anxious,kaba na kaba sa medconnect,fil
anxious,kaba na kaba sa pag-book,fil
anxious,kaba na kaba sa registration,fil
anxious,kaba na kaba tungkol sa appointment,fil
anxious,kaba na kaba sa kalusugan ko,fil
anxious,sobrang kaba na kaba,fil
anxious,kaba na kaba sobrang,fil
anxious,talaga kaba na kaba,fil
anxious,kaba na kaba talaga,fil
anxious,grabe kaba na kaba,fil
anxious,kaba na kaba grabe,fil
anxious,napaka kaba na kaba,fil
anxious,kaba na kaba napaka,fil
anxious,super kaba na kaba,fil
anxious,kaba na kaba super,fil
anxious,ginakulbaan ko parte sa appointment,hil
anxious,ginakulbaan ko sa akon kahimsog,hil
anxious,gid ginakulbaan ko,hil
anxious,ginakulbaan ko gid,hil
anxious,kaayo ginakulbaan ko,hil
anxious,ginakulbaan ko kaayo,hil
anxious,daw indi ko mapanatag sa login,hil
anxious,daw indi ko mapanatag sa account ko,hil
anxious,daw indi ko mapanatag sa appointment,hil
anxious,daw indi ko mapanatag sa password,hil
anxious,daw indi ko mapanatag sa medconnect,hil
anxious,daw indi ko mapanatag sa pag-book,hil
anxious,daw indi ko mapanatag sa registration,hil
anxious,daw indi ko mapanatag parte sa appointment,hil
anxious,daw indi ko mapanatag sa akon kahimsog,hil
anxious,gid daw indi ko mapanatag,hil
anxious,daw indi ko mapanatag gid,hil
anxious,kaayo daw indi ko mapanatag,hil
anxious,daw indi ko mapanatag kaayo,hil
anxious,grabe daw indi ko mapanatag,hil
anxious,daw indi ko mapanatag grabe,hil
anxious,super daw indi ko mapanatag,hil
anxious,daw indi ko mapanatag super,hil
anxious,talaga daw indi ko mapanatag,hil
anxious,daw indi ko mapanatag talaga,hil
anxious,anxious ko,hil
anxious,anxious ko sa login,hil
anxious,anxious ko sa account ko,hil
anxious,anxious ko sa appointment,hil
anxious,anxious ko sa password,hil
anxious,anxious ko sa medconnect,hil
anxious,anxious ko sa pag-book,hil
anxious,anxious ko sa registration,hil
anxious,anxious ko parte sa appointment,hil
anxious,anxious ko sa akon kahimsog,hil
anxious,gid anxious ko,hil
anxious,anxious ko gid,hil
anxious,kaayo anxious ko,hil
anxious,anxious ko kaayo,hil
anxious,grabe anxious ko,hil
anxious,anxious ko grabe,hil
anxious,super anxious ko,hil
anxious,anxious ko super,hil
anxious,talaga anxious ko,hil
anxious,anxious ko talaga,hil
anxious,kulba gid ko,hil
anxious,kulba gid ko sa login,hil
anxious,kulba gid ko sa account ko,hil
anxious,kulba gid ko sa appointment,hil
anxious,kulba gid ko sa password,hil
anxious,kulba gid ko sa medconnect,hil
anxious,kulba gid ko sa pag-book,hil
anxious,kulba gid ko sa registration,hil
anxious,kulba gid ko parte sa appointment,hil
anxious,kulba gid ko sa akon kahimsog,hil
anxious,gid kulba gid ko,hil
anxious,kulba gid ko gid,hil
anxious,kaayo kulba gid ko,hil
anxious,kulba gid ko kaayo,hil
anxious,grabe kulba gid ko,hil
anxious,kulba gid ko grabe,hil
anxious,super kulba gid ko,hil
anxious,kulba gid ko super,hil
anxious,talaga kulba gid ko,hil
anxious,kulba gid ko talaga,hil
anxious,kaba na gid,hil
anxious,kaba na gid sa login,hil
anxious,kaba na gid sa account ko,hil
anxious,kaba na gid sa appointment,hil
anxious,kaba na gid sa password,hil
anxious,kaba na gid sa medconnect,hil
anxious,kaba na gid sa pag-book,hil
anxious,kaba na gid sa registration,hil
anxious,kaba na gid parte sa appointment,hil
anxious,kaba na gid sa akon kahimsog,hil
anxious,gid kaba na gid,hil
anxious,kaba na gid gid,hil
anxious,kaayo kaba na gid,hil
anxious,kaba na gid kaayo,hil
anxious,grabe kaba na gid,hil
anxious,kaba na gid grabe,hil
anxious,super kaba na gid,hil
anxious,kaba na gid super,hil
anxious,talaga kaba na gid,hil
anxious,kaba na gid talaga,hil
anxious,kulbaan ko sa login,hil
anxious,kulbaan ko sa account ko,hil
anxious,kulbaan ko sa appointment,hil
anxious,kulbaan ko sa password,hil
anxious,kulbaan ko sa medconnect,hil
anxious,kulbaan ko sa pag-book,hil
anxious,kulbaan ko sa registration,hil
anxious,kulbaan ko parte sa appointment,hil
anxious,kulbaan ko sa akon kahimsog,hil
anxious,gid kulbaan ko,hil
anxious,kulbaan ko gid,hil
anxious,kaayo kulbaan ko,hil
anxious,kulbaan ko kaayo,hil
anxious,grabe kulbaan ko,hil
anxious,kulbaan ko grabe,hil
anxious,super kulbaan ko,hil
anxious,kulbaan ko super,hil
anxious,talaga kulbaan ko,hil
anxious,kulbaan ko talaga,hil
nervous,nervous,en
nervous,nervous with login,en
nervous,nervous with sign in,en
nervous,nervous with my account,en
nervous,nervous with appointment,en
nervous,nervous with booking,en
nervous,nervous with password,en
nervous,nervous with medconnect,en
nervous,nervous with the website,en
nervous,nervous with registration,en
nervous,nervous about my appointment,en
nervous,nervous about my health,en
nervous,nervous about my records,en
nervous,nervous so,en
nervous,very nervous,en
nervous,nervous very,en
nervous,really nervous,en
nervous,nervous really,en
nervous,super nervous,en
nervous,nervous super,en
nervous,extremely nervous,en
nervous,nervous extremely,en
nervous,quite nervous,en
nervous,nervous quite,en
nervous,i'm nervous with login,en
nervous,i'm nervous with sign in,en
nervous,i'm nervous with my account,en
nervous,i'm nervous with appointment,en
nervous,i'm nervous with booking,en
nervous,i'm nervous with password,en
nervous,i'm nervous with medconnect,en
nervous,i'm nervous with the website,en
nervous,i'm nervous with registration,en
nervous,i'm nervous about my appointment,en
nervous,i'm nervous about my health,en
nervous,i'm nervous about my records,en
nervous,so i'm nervous,en
nervous,i'm nervous so,en
nervous,very i'm nervous,en
nervous,i'm nervous very,en
nervous,really i'm nervous,en
nervous,i'm nervous really,en
nervous,super i'm nervous,en
nervous,i'm nervous super,en
nervous,extremely i'm nervous,en
nervous,i'm nervous extremely,en
nervous,quite i'm nervous,en
nervous,i'm nervous quite,en
nervous,feeling nervous,en
nervous,feeling nervous with login,en
nervous,feeling nervous with sign in,en
nervous,feeling nervous with my account,en
nervous,feeling nervous with appointment,en
nervous,feeling nervous with booking,en
nervous,feeling nervous with password,en
nervous,feeling nervous with medconnect,en
nervous,feeling nervous with the website,en
nervous,feeling nervous with registration,en
nervous,feeling nervous about my appointment,en
nervous,feeling nervous about my health,en
nervous,feeling nervous about my records,en
nervous,so feeling nervous,en
nervous,feeling nervous so,en
nervous,very feeling nervous,en
nervous,feeling nervous very,en
nervous,really feeling nervous,en
nervous,feeling nervous really,en
nervous,super feeling nervous,en
nervous,feeling nervous super,en
nervous,extremely feeling nervous,en
nervous,feeling nervous extremely,en
nervous,quite feeling nervous,en
nervous,feeling nervous quite,en
nervous,jittery,en
nervous,jittery with login,en
nervous,jittery with sign in,en
nervous,jittery with my account,en
nervous,jittery with appointment,en
nervous,jittery with booking,en
nervous,jittery with password,en
nervous,jittery with medconnect,en
nervous,jittery with the website,en
nervous,jittery with registration,en
nervous,jittery about my appointment,en
nervous,jittery about my health,en
nervous,jittery about my records,en
nervous,so jittery,en
nervous,jittery so,en
nervous,very jittery,en
nervous,jittery very,en
nervous,really jittery,en
nervous,jittery really,en
nervous,super jittery,en
nervous,jittery super,en
nervous,extremely jittery,en
nervous,jittery extremely,en
nervous,quite jittery,en
nervous,jittery quite,en
nervous,on pins and needles,en
nervous,on pins and needles with login,en
nervous,on pins and needles with sign in,en
nervous,on pins and needles with my account,en
nervous,on pins and needles with appointment,en
nervous,on pins and needles with booking,en
nervous,on pins and needles with password,en
nervous,on pins and needles with medconnect,en
nervous,on pins and needles with the website,en
nervous,on pins and needles with registration,en
nervous,on pins and needles about my appointment,en
nervous,on pins and needles about my health,en
nervous,on pins and needles about my records,en
nervous,so on pins and needles,en
nervous,on pins and needles so,en
nervous,very on pins and needles,en
nervous,on pins and needles very,en
nervous,really on pins and needles,en
nervous,on pins and needles really,en
nervous,super on pins and needles,en
nervous,on pins and needles super,en
nervous,extremely on pins and needles,en
nervous,on pins and needles extremely,en
nervous,quite on pins and needles,en
nervous,on pins and needles quite,en
nervous,kinakabahan ako sa login,fil
nervous,kinakabahan ako sa account ko,fil
nervous,kinakabahan ako sa appointment,fil
nervous,kinakabahan ako sa password,fil
nervous,kinakabahan ako sa medconnect,fil
nervous,kinakabahan ako sa pag-book,fil
nervous,kinakabahan ako sa registration,fil
nervous,kinakabahan ako tungkol sa appointment,fil
nervous,kinakabahan ako sa kalusugan ko,fil
nervous,sobrang kinakabahan ako,fil
nervous,kinakabahan ako sobrang,fil
nervous,talaga kinakabahan ako,fil
nervous,kinakabahan ako talaga,fil
nervous,grabe kinakabahan ako,fil
nervous,kinakabahan ako grabe,fil
nervous,napaka kinakabahan ako,fil
nervous,kinakabahan ako napaka,fil
nervous,super kinakabahan ako,fil
nervous,kinakabahan ako super,fil
nervous,nerbiyoso ako sa login,fil
nervous,nerbiyoso ako sa account ko,fil
nervous,nerbiyoso ako sa appointment,fil
nervous,nerbiyoso ako sa password,fil
nervous,nerbiyoso ako sa medconnect,fil
nervous,nerbiyoso ako sa pag-book,fil
nervous,nerbiyoso ako sa registration,fil
nervous,nerbiyoso ako tungkol sa appointment,fil
nervous,nerbiyoso ako sa kalusugan ko,fil
nervous,sobrang nerbiyoso ako,fil
nervous,nerbiyoso ako sobrang,fil
nervous,talaga nerbiyoso ako,fil
nervous,nerbiyoso ako talaga,fil
nervous,grabe nerbiyoso ako,fil
nervous,nerbiyoso ako grabe,fil
nervous,napaka nerbiyoso ako,fil
nervous,nerbiyoso ako napaka,fil
nervous,super nerbiyoso ako,fil
nervous,nerbiyoso ako super,fil
nervous,nervous ako,fil
nervous,nervous ako sa login,fil
nervous,nervous ako sa account ko,fil
nervous,nervous ako sa appointment,fil
nervous,nervous ako sa password,fil
nervous,nervous ako sa medconnect,fil
nervous,nervous ako sa pag-book,fil
nervous,nervous ako sa registration,fil
nervous,nervous ako tungkol sa appointment,fil
nervous,nervous ako sa kalusugan ko,fil
nervous,sobrang nervous ako,fil
nervous,nervous ako sobrang,fil
nervous,talaga nervous ako,fil
nervous,nervous ako talaga,fil
nervous,grabe nervous ako,fil
nervous,nervous ako grabe,fil
nervous,napaka nervous ako,fil
nervous,nervous ako napaka,fil
nervous,super nervous ako,fil
nervous,nervous ako super,fil
nervous,kaba ako,fil
nervous,kaba ako sa login,fil
nervous,kaba ako sa account ko,fil
nervous,kaba ako sa appointment,fil
nervous,kaba ako sa password,fil
nervous,kaba ako sa medconnect,fil
nervous,kaba ako sa pag-book,fil
nervous,kaba ako sa registration,fil
nervous,kaba ako tungkol sa appointment,fil
nervous,kaba ako sa kalusugan ko,fil
nervous,sobrang kaba ako,fil
nervous,kaba ako sobrang,fil
nervous,talaga kaba ako,fil
nervous,kaba ako talaga,fil
nervous,grabe kaba ako,fil
nervous,kaba ako grabe,fil
nervous,napaka kaba ako,fil
nervous,kaba ako napaka,fil
nervous,super kaba ako,fil
nervous,kaba ako super,fil
nervous,kinakabahan,fil
nervous,kinakabahan sa login,fil
nervous,kinakabahan sa account ko,fil
nervous,kinakabahan sa appointment,fil
nervous,kinakabahan sa password,fil
nervous,kinakabahan sa medconnect,fil
nervous,kinakabahan sa pag-book,fil
nervous,kinakabahan sa registration,fil
nervous,kinakabahan tungkol sa appointment,fil
nervous,kinakabahan sa kalusugan ko,fil
nervous,sobrang kinakabahan,fil
nervous,kinakabahan sobrang,fil
nervous,talaga kinakabahan,fil
nervous,kinakabahan talaga,fil
nervous,grabe kinakabahan,fil
nervous,kinakabahan grabe,fil
nervous,napaka kinakabahan,fil
nervous,kinakabahan napaka,fil
nervous,super kinakabahan,fil
nervous,kinakabahan super,fil
nervous,kinakabahan gid ko sa login,hil
nervous,kinakabahan gid ko sa account ko,hil
nervous,kinakabahan gid ko sa appointment,hil
nervous,kinakabahan gid ko sa password,hil
nervous,kinakabahan gid ko sa medconnect,hil
nervous,kinakabahan gid ko sa pag-book,hil
nervous,kinakabahan gid ko sa registration,hil
nervous,kinakabahan gid ko parte sa appointment,hil
nervous,kinakabahan gid ko sa akon kahimsog,hil
nervous,gid kinakabahan gid ko,hil
nervous,kinakabahan gid ko gid,hil
nervous,kaayo kinakabahan gid ko,hil
nervous,kinakabahan gid ko kaayo,hil
nervous,grabe kinakabahan gid ko,hil
nervous,kinakabahan gid ko grabe,hil
nervous,super kinakabahan gid ko,hil
nervous,kinakabahan gid ko super,hil
nervous,talaga kinakabahan gid ko,hil
nervous,kinakabahan gid ko talaga,hil
nervous,nerbiyoso ko sa login,hil
nervous,nerbiyoso ko sa account ko,hil
nervous,nerbiyoso ko sa appointment,hil
nervous,nerbiyoso ko sa password,hil
nervous,nerbiyoso ko sa medconnect,hil
nervous,nerbiyoso ko sa pag-book,hil
nervous,nerbiyoso ko sa registration,hil
nervous,nerbiyoso ko parte sa appointment,hil
nervous,nerbiyoso ko sa akon kahimsog,hil
nervous,gid nerbiyoso ko,hil
nervous,nerbiyoso ko gid,hil
nervous,kaayo nerbiyoso ko,hil
nervous,nerbiyoso ko kaayo,hil
nervous,grabe nerbiyoso ko,hil
nervous,nerbiyoso ko grabe,hil
nervous,super nerbiyoso ko,hil
nervous,nerbiyoso ko super,hil
nervous,talaga nerbiyoso ko,hil
nervous,nerbiyoso ko talaga,hil
nervous,nervous ko,hil
nervous,nervous ko sa login,hil
nervous,nervous ko sa account ko,hil
nervous,nervous ko sa appointment,hil
nervous,nervous ko sa password,hil
nervous,nervous ko sa medconnect,hil
nervous,nervous ko sa pag-book,hil
nervous,nervous ko sa registration,hil
nervous,nervous ko parte sa appointment,hil
nervous,nervous ko sa akon kahimsog,hil
nervous,gid nervous ko,hil
nervous,nervous ko gid,hil
nervous,kaayo nervous ko,hil
nervous,nervous ko kaayo,hil
nervous,grabe nervous ko,hil
nervous,nervous ko grabe,hil
nervous,super nervous ko,hil
nervous,nervous ko super,hil
nervous,talaga nervous ko,hil
nervous,nervous ko talaga,hil
nervous,kaba gid,hil
nervous,kaba gid sa login,hil
nervous,kaba gid sa account ko,hil
nervous,kaba gid sa appointment,hil
nervous,kaba gid sa password,hil
nervous,kaba gid sa medconnect,hil
nervous,kaba gid sa pag-book,hil
nervous,kaba gid sa registration,hil
nervous,kaba gid parte sa appointment,hil
nervous,kaba gid sa akon kahimsog,hil
nervous,gid kaba gid,hil
nervous,kaba gid gid,hil
nervous,kaayo kaba gid,hil
nervous,kaba gid kaayo,hil
nervous,grabe kaba gid,hil
nervous,kaba gid grabe,hil
nervous,super kaba gid,hil
nervous,kaba gid super,hil
nervous,talaga kaba gid,hil
nervous,kaba gid talaga,hil
nervous,kinakabahan ko,hil
nervous,kinakabahan ko sa login,hil
nervous,kinakabahan ko sa account ko,hil
nervous,kinakabahan ko sa appointment,hil
nervous,kinakabahan ko sa password,hil
nervous,kinakabahan ko sa medconnect,hil
nervous,kinakabahan ko sa pag-book,hil
nervous,kinakabahan ko sa registration,hil
nervous,kinakabahan ko parte sa appointment,hil
nervous,kinakabahan ko sa akon kahimsog,hil
nervous,gid kinakabahan ko,hil
nervous,kinakabahan ko gid,hil
nervous,kaayo kinakabahan ko,hil
nervous,kinakabahan ko kaayo,hil
nervous,grabe kinakabahan ko,hil
nervous,kinakabahan ko grabe,hil
nervous,super kinakabahan ko,hil
nervous,kinakabahan ko super,hil
nervous,talaga kinakabahan ko,hil
nervous,kinakabahan ko talaga,hil
sad,sad,en
sad,sad with login,en
sad,sad with sign in,en
sad,sad with my account,en
sad,sad with appointment,en
sad,sad with booking,en
sad,sad with password,en
sad,sad with medconnect,en
sad,sad with the website,en
sad,sad with registration,en
sad,sad about my appointment,en
sad,sad about my health,en
sad,sad about my records,en
sad,sad so,en
sad,very sad,en
sad,sad very,en
sad,really sad,en
sad,sad really,en
sad,super sad,en
sad,sad super,en
sad,extremely sad,en
sad,sad extremely,en
sad,quite sad,en
sad,sad quite,en
sad,i'm sad with login,en
sad,i'm sad with sign in,en
sad,i'm sad with my account,en
sad,i'm sad with appointment,en
sad,i'm sad with booking,en
sad,i'm sad with password,en
sad,i'm sad with medconnect,en
sad,i'm sad with the website,en
sad,i'm sad with registration,en
sad,i'm sad about my appointment,en
sad,i'm sad about my health,en
sad,i'm sad about my records,en
sad,so i'm sad,en
sad,i'm sad so,en
sad,very i'm sad,en
sad,i'm sad very,en
sad,really i'm sad,en
sad,i'm sad really,en
sad,super i'm sad,en
sad,i'm sad super,en
sad,extremely i'm sad,en
sad,i'm sad extremely,en
sad,quite i'm sad,en
sad,i'm sad quite,en
sad,depressed,en
sad,depressed with login,en
sad,depressed with sign in,en
sad,depressed with my account,en
sad,depressed with appointment,en
sad,depressed with booking,en
sad,depressed with password,en
sad,depressed with medconnect,en
sad,depressed with the website,en
sad,depressed with registration,en
sad,depressed about my appointment,en
sad,depressed about my health,en
sad,depressed about my records,en
sad,so depressed,en
sad,depressed so,en
sad,very depressed,en
sad,depressed very,en
sad,really depressed,en
sad,depressed really,en
sad,super depressed,en
sad,depressed super,en
sad,extremely depressed,en
sad,depressed extremely,en
sad,quite depressed,en
sad,depressed quite,en
sad,feeling down with login,en
sad,feeling down with sign in,en
sad,feeling down with my account,en
sad,feeling down with appointment,en
sad,feeling down with booking,en
sad,feeling down with password,en
sad,feeling down with medconnect,en
sad,feeling down with the website,en
sad,feeling down with registration,en
sad,feeling down about my appointment,en
sad,feeling down about my health,en
sad,feeling down about my records,en
sad,so feeling down,en
sad,feeling down so,en
sad,very feeling down,en
sad,feeling down very,en
sad,really feeling down,en
sad,feeling down really,en
sad,super feeling down,en
sad,feeling down super,en
sad,extremely feeling down,en
sad,feeling down extremely,en
sad,quite feeling down,en
sad,feeling down quite,en
sad,so sad with login,en
sad,so sad with sign in,en
sad,so sad with my account,en
sad,so sad with appointment,en
sad,so sad with booking,en
sad,so sad with password,en
sad,so sad with medconnect,en
sad,so sad with the website,en
sad,so sad with registration,en
sad,so sad about my appointment,en
sad,so sad about my health,en
sad,so sad about my records,en
sad,so so sad,en
sad,so sad so,en
sad,very so sad,en
sad,so sad very,en
sad,really so sad,en
sad,so sad really,en
sad,super so sad,en
sad,so sad super,en
sad,extremely so sad,en
sad,so sad extremely,en
sad,quite so sad,en
sad,so sad quite,en
sad,feeling low,en
sad,feeling low with login,en
sad,feeling low with sign in,en
sad,feeling low with my account,en
sad,feeling low with appointment,en
sad,feeling low with booking,en
sad,feeling low with password,en
sad,feeling low with medconnect,en
sad,feeling low with the website,en
sad,feeling low with registration,en
sad,feeling low about my appointment,en
sad,feeling low about my health,en
sad,feeling low about my records,en
sad,so feeling low,en
sad,feeling low so,en
sad,very feeling low,en
sad,feeling low very,en
sad,really feeling low,en
sad,feeling low really,en
sad,super feeling low,en
sad,feeling low super,en
sad,extremely feeling low,en
sad,feeling low extremely,en
sad,quite feeling low,en
sad,feeling low quite,en
sad,unhappy,en
sad,unhappy with login,en
sad,unhappy with sign in,en
sad,unhappy with my account,en
sad,unhappy with appointment,en
sad,unhappy with booking,en
sad,unhappy with password,en
sad,unhappy with medconnect,en
sad,unhappy with the website,en
sad,unhappy with registration,en
sad,unhappy about my appointment,en
sad,unhappy about my health,en
sad,unhappy about my records,en
sad,so unhappy,en
sad,unhappy so,en
sad,very unhappy,en
sad,unhappy very,en
sad,really unhappy,en
sad,unhappy really,en
sad,super unhappy,en
sad,unhappy super,en
sad,extremely unhappy,en
sad,unhappy extremely,en
sad,quite unhappy,en
sad,unhappy quite,en
sad,malungkot ako sa login,fil
sad,malungkot ako sa account ko,fil
sad,malungkot ako sa appointment,fil
sad,malungkot ako sa password,fil
sad,malungkot ako sa medconnect,fil
sad,malungkot ako sa pag-book,fil
sad,malungkot ako sa registration,fil
sad,malungkot ako tungkol sa appointment,fil
sad,malungkot ako sa kalusugan ko,fil
sad,sobrang malungkot ako,fil
sad,malungkot ako sobrang,fil
sad,talaga malungkot ako,fil
sad,malungkot ako talaga,fil
sad,grabe malungkot ako,fil
sad,malungkot ako grabe,fil
sad,napaka malungkot ako,fil
sad,malungkot ako napaka,fil
sad,super malungkot ako,fil
sad,malungkot ako super,fil
sad,depressed ako sa login,fil
sad,depressed ako sa account ko,fil
sad,depressed ako sa appointment,fil
sad,depressed ako sa password,fil
sad,depressed ako sa medconnect,fil
sad,depressed ako sa pag-book,fil
sad,depressed ako sa registration,fil
sad,depressed ako tungkol sa appointment,fil
sad,depressed ako sa kalusugan ko,fil
sad,sobrang depressed ako,fil
sad,depressed ako sobrang,fil
sad,talaga depressed ako,fil
sad,depressed ako talaga,fil
sad,grabe depressed ako,fil
sad,depressed ako grabe,fil
sad,napaka depressed ako,fil
sad,depressed ako napaka,fil
sad,super depressed ako,fil
sad,depressed ako super,fil
sad,nalulungkot ako,fil
sad,nalulungkot ako sa login,fil
sad,nalulungkot ako sa account ko,fil
sad,nalulungkot ako sa appointment,fil
sad,nalulungkot ako sa password,fil
sad,nalulungkot ako sa medconnect,fil
sad,nalulungkot ako sa pag-book,fil
sad,nalulungkot ako sa registration,fil
sad,nalulungkot ako tungkol sa appointment,fil
sad,nalulungkot ako sa kalusugan ko,fil
sad,sobrang nalulungkot ako,fil
sad,nalulungkot ako sobrang,fil
sad,talaga nalulungkot ako,fil
sad,nalulungkot ako talaga,fil
sad,grabe nalulungkot ako,fil
sad,nalulungkot ako grabe,fil
sad,napaka nalulungkot ako,fil
sad,nalulungkot ako napaka,fil
sad,super nalulungkot ako,fil
sad,nalulungkot ako super,fil
sad,sad ako,fil
sad,sad ako sa login,fil
sad,sad ako sa account ko,fil
sad,sad ako sa appointment,fil
sad,sad ako sa password,fil
sad,sad ako sa medconnect,fil
sad,sad ako sa pag-book,fil
sad,sad ako sa registration,fil
sad,sad ako tungkol sa appointment,fil
sad,sad ako sa kalusugan ko,fil
sad,sobrang sad ako,fil
sad,sad ako sobrang,fil
sad,talaga sad ako,fil
sad,sad ako talaga,fil
sad,grabe sad ako,fil
sad,sad ako grabe,fil
sad,napaka sad ako,fil
sad,sad ako napaka,fil
sad,super sad ako,fil
sad,sad ako super,fil
sad,down ako,fil
sad,down ako sa login,fil
sad,down ako sa account ko,fil
sad,down ako sa appointment,fil
sad,down ako sa password,fil
sad,down ako sa medconnect,fil
sad,down ako sa pag-book,fil
sad,down ako sa registration,fil
sad,down ako tungkol sa appointment,fil
sad,down ako sa kalusugan ko,fil
sad,sobrang down ako,fil
sad,down ako sobrang,fil
sad,talaga down ako,fil
sad,down ako talaga,fil
sad,grabe down ako,fil
sad,down ako grabe,fil
sad,napaka down ako,fil
sad,down ako napaka,fil
sad,super down ako,fil
sad,down ako super,fil
sad,subo,fil
sad,subo sa login,fil
sad,subo sa account ko,fil
sad,subo sa appointment,fil
sad,subo sa password,fil
sad,subo sa medconnect,fil
sad,subo sa pag-book,fil
sad,subo sa registration,fil
sad,subo tungkol sa appointment,fil
sad,subo sa kalusugan ko,fil
sad,sobrang subo,fil
sad,subo sobrang,fil
sad,talaga subo,fil
sad,subo talaga,fil
sad,grabe subo,fil
sad,subo grabe,fil
sad,napaka subo,fil
sad,subo napaka,fil
sad,super subo,fil
sad,subo super,fil
sad,subo ko sa login,hil
sad,subo ko sa account ko,hil
sad,subo ko sa appointment,hil
sad,subo ko sa password,hil
sad,subo ko sa medconnect,hil
sad,subo ko sa pag-book,hil
sad,subo ko sa registration,hil
sad,subo ko parte sa appointment,hil
sad,subo ko sa akon kahimsog,hil
sad,gid subo ko,hil
sad,subo ko gid,hil
sad,kaayo subo ko,hil
sad,subo ko kaayo,hil
sad,grabe subo ko,hil
sad,subo ko grabe,hil
sad,super subo ko,hil
sad,subo ko super,hil
sad,talaga subo ko,hil
sad,subo ko talaga,hil
sad,kasubo gid sa login,hil
sad,kasubo gid sa account ko,hil
sad,kasubo gid sa appointment,hil
sad,kasubo gid sa password,hil
sad,kasubo gid sa medconnect,hil
sad,kasubo gid sa pag-book,hil
sad,kasubo gid sa registration,hil
sad,kasubo gid parte sa appointment,hil
sad,kasubo gid sa akon kahimsog,hil
sad,gid kasubo gid,hil
sad,kasubo gid gid,hil
sad,kaayo kasubo gid,hil
sad,kasubo gid kaayo,hil
sad,grabe kasubo gid,hil
sad,kasubo gid grabe,hil
sad,super kasubo gid,hil
sad,kasubo gid super,hil
sad,talaga kasubo gid,hil
sad,kasubo gid talaga,hil
sad,malungkot ko,hil
sad,malungkot ko sa login,hil
sad,malungkot ko sa account ko,hil
sad,malungkot ko sa appointment,hil
sad,malungkot ko sa password,hil
sad,malungkot ko sa medconnect,hil
sad,malungkot ko sa pag-book,hil
sad,malungkot ko sa registration,hil
sad,malungkot ko parte sa appointment,hil
sad,malungkot ko sa akon kahimsog,hil
sad,gid malungkot ko,hil
sad,malungkot ko gid,hil
sad,kaayo malungkot ko,hil
sad,malungkot ko kaayo,hil
sad,grabe malungkot ko,hil
sad,malungkot ko grabe,hil
sad,super malungkot ko,hil
sad,malungkot ko super,hil
sad,talaga malungkot ko,hil
sad,malungkot ko talaga,hil
sad,sad ko,hil
sad,sad ko sa login,hil
sad,sad ko sa account ko,hil
sad,sad ko sa appointment,hil
sad,sad ko sa password,hil
sad,sad ko sa medconnect,hil
sad,sad ko sa pag-book,hil
sad,sad ko sa registration,hil
sad,sad ko parte sa appointment,hil
sad,sad ko sa akon kahimsog,hil
sad,gid sad ko,hil
sad,sad ko gid,hil
sad,kaayo sad ko,hil
sad,sad ko kaayo,hil
sad,grabe sad ko,hil
sad,sad ko grabe,hil
sad,super sad ko,hil
sad,sad ko super,hil
sad,talaga sad ko,hil
sad,sad ko talaga,hil
sad,daw gusto ko maghibi sa login,hil
sad,daw gusto ko maghibi sa account ko,hil
sad,daw gusto ko maghibi sa appointment,hil
sad,daw gusto ko maghibi sa password,hil
sad,daw gusto ko maghibi sa medconnect,hil
sad,daw gusto ko maghibi sa pag-book,hil
sad,daw gusto ko maghibi sa registration,hil
sad,daw gusto ko maghibi parte sa appointment,hil
sad,daw gusto ko maghibi sa akon kahimsog,hil
sad,gid daw gusto ko maghibi,hil
sad,daw gusto ko maghibi gid,hil
sad,kaayo daw gusto ko maghibi,hil
sad,daw gusto ko maghibi kaayo,hil
sad,grabe daw gusto ko maghibi,hil
sad,daw gusto ko maghibi grabe,hil
sad,super daw gusto ko maghibi,hil
sad,daw gusto ko maghibi super,hil
sad,talaga daw gusto ko maghibi,hil
sad,daw gusto ko maghibi talaga,hil
sad,naguiliran ko sa login,hil
sad,naguiliran ko sa account ko,hil
sad,naguiliran ko sa appointment,hil
sad,naguiliran ko sa password,hil
sad,naguiliran ko sa medconnect,hil
sad,naguiliran ko sa pag-book,hil
sad,naguiliran ko sa registration,hil
sad,naguiliran ko parte sa appointment,hil
sad,naguiliran ko sa akon kahimsog,hil
sad,gid naguiliran ko,hil
sad,naguiliran ko gid,hil
sad,kaayo naguiliran ko,hil
sad,naguiliran ko kaayo,hil
sad,grabe naguiliran ko,hil
sad,naguiliran ko grabe,hil
sad,super naguiliran ko,hil
sad,naguiliran ko super,hil
sad,talaga naguiliran ko,hil
sad,naguiliran ko talaga,hil
sad,nasubo ko sa login,hil
sad,nasubo ko sa account ko,hil
sad,nasubo ko sa appointment,hil
sad,nasubo ko sa password,hil
sad,nasubo ko sa medconnect,hil
sad,nasubo ko sa pag-book,hil
sad,nasubo ko sa registration,hil
sad,nasubo ko parte sa appointment,hil
sad,nasubo ko sa akon kahimsog,hil
sad,gid nasubo ko,hil
sad,nasubo ko gid,hil
sad,kaayo nasubo ko,hil
sad,nasubo ko kaayo,hil
sad,grabe nasubo ko,hil
sad,nasubo ko grabe,hil
sad,super nasubo ko,hil
sad,nasubo ko super,hil
sad,talaga nasubo ko,hil
sad,nasubo ko talaga,hil
lonely,lonely,en
lonely,lonely with login,en
lonely,lonely with sign in,en
lonely,lonely with my account,en
lonely,lonely with appointment,en
lonely,lonely with booking,en
lonely,lonely with password,en
lonely,lonely with medconnect,en
lonely,lonely with the website,en
lonely,lonely with registration,en
lonely,lonely about my appointment,en
lonely,lonely about my health,en
lonely,lonely about my records,en
lonely,lonely so,en
lonely,very lonely,en
lonely,lonely very,en
lonely,really lonely,en
lonely,lonely really,en
lonely,super lonely,en
lonely,lonely super,en
lonely,extremely lonely,en
lonely,lonely extremely,en
lonely,quite lonely,en
lonely,lonely quite,en
lonely,i feel lonely with login,en
lonely,i feel lonely with sign in,en
lonely,i feel lonely with my account,en
lonely,i feel lonely with appointment,en
lonely,i feel lonely with booking,en
lonely,i feel lonely with password,en
lonely,i feel lonely with medconnect,en
lonely,i feel lonely with the website,en
lonely,i feel lonely with registration,en
lonely,i feel lonely about my appointment,en
lonely,i feel lonely about my health,en
lonely,i feel lonely about my records,en
lonely,so i feel lonely,en
lonely,i feel lonely so,en
lonely,very i feel lonely,en
lonely,i feel lonely very,en
lonely,really i feel lonely,en
lonely,i feel lonely really,en
lonely,super i feel lonely,en
lonely,i feel lonely super,en
lonely,extremely i feel lonely,en
lonely,i feel lonely extremely,en
lonely,quite i feel lonely,en
lonely,i feel lonely quite,en
lonely,i'm alone with login,en
lonely,i'm alone with sign in,en
lonely,i'm alone with my account,en
lonely,i'm alone with appointment,en
lonely,i'm alone with booking,en
lonely,i'm alone with password,en
lonely,i'm alone with medconnect,en
lonely,i'm alone with the website,en
lonely,i'm alone with registration,en
lonely,i'm alone about my appointment,en
lonely,i'm alone about my health,en
lonely,i'm alone about my records,en
lonely,so i'm alone,en
lonely,i'm alone so,en
lonely,very i'm alone,en
lonely,i'm alone very,en
lonely,really i'm alone,en
lonely,i'm alone really,en
lonely,super i'm alone,en
lonely,i'm alone super,en
lonely,extremely i'm alone,en
lonely,i'm alone extremely,en
lonely,quite i'm alone,en
lonely,i'm alone quite,en
lonely,so lonely with login,en
lonely,so lonely with sign in,en
lonely,so lonely with my account,en
lonely,so lonely with appointment,en
lonely,so lonely with booking,en
lonely,so lonely with password,en
lonely,so lonely with medconnect,en
lonely,so lonely with the website,en
lonely,so lonely with registration,en
lonely,so lonely about my appointment,en
lonely,so lonely about my health,en
lonely,so lonely about my records,en
lonely,so so lonely,en
lonely,so lonely so,en
lonely,very so lonely,en
lonely,so lonely very,en
lonely,really so lonely,en
lonely,so lonely really,en
lonely,super so lonely,en
lonely,so lonely super,en
lonely,extremely so lonely,en
lonely,so lonely extremely,en
lonely,quite so lonely,en
lonely,so lonely quite,en
lonely,feel alone,en
lonely,feel alone with login,en
lonely,feel alone with sign in,en
lonely,feel alone with my account,en
lonely,feel alone with appointment,en
lonely,feel alone with booking,en
lonely,feel alone with password,en
lonely,feel alone with medconnect,en
lonely,feel alone with the website,en
lonely,feel alone with registration,en
lonely,feel alone about my appointment,en
lonely,feel alone about my health,en
lonely,feel alone about my records,en
lonely,so feel alone,en
lonely,feel alone so,en
lonely,very feel alone,en
lonely,feel alone very,en
lonely,really feel alone,en
lonely,feel alone really,en
lonely,super feel alone,en
lonely,feel alone super,en
lonely,extremely feel alone,en
lonely,feel alone extremely,en
lonely,quite feel alone,en
lonely,feel alone quite,en
lonely,no one to talk to,en
lonely,no one to talk to with login,en
lonely,no one to talk to with sign in,en
lonely,no one to talk to with my account,en
lonely,no one to talk to with appointment,en
lonely,no one to talk to with booking,en
lonely,no one to talk to with password,en
lonely,no one to talk to with medconnect,en
lonely,no one to talk to with the website,en
lonely,no one to talk to with registration,en
lonely,no one to talk to about my appointment,en
lonely,no one to talk to about my health,en
lonely,no one to talk to about my records,en
lonely,so no one to talk to,en
lonely,no one to talk to so,en
lonely,very no one to talk to,en
lonely,no one to talk to very,en
lonely,really no one to talk to,en
lonely,no one to talk to really,en
lonely,super no one to talk to,en
lonely,no one to talk to super,en
lonely,extremely no one to talk to,en
lonely,no one to talk to extremely,en
lonely,quite no one to talk to,en
lonely,no one to talk to quite,en
lonely,malungkot mag-isa sa login,fil
lonely,malungkot mag-isa sa account ko,fil
lonely,malungkot mag-isa sa appointment,fil
lonely,malungkot mag-isa sa password,fil
lonely,malungkot mag-isa sa medconnect,fil
lonely,malungkot mag-isa sa pag-book,fil
lonely,malungkot mag-isa sa registration,fil
lonely,malungkot mag-isa tungkol sa appointment,fil
lonely,malungkot mag-isa sa kalusugan ko,fil
lonely,sobrang malungkot mag-isa,fil
lonely,malungkot mag-isa sobrang,fil
lonely,talaga malungkot mag-isa,fil
lonely,malungkot mag-isa talaga,fil
lonely,grabe malungkot mag-isa,fil
lonely,malungkot mag-isa grabe,fil
lonely,napaka malungkot mag-isa,fil
lonely,malungkot mag-isa napaka,fil
lonely,super malungkot mag-isa,fil
lonely,malungkot mag-isa super,fil
lonely,wala akong kasama sa login,fil
lonely,wala akong kasama sa account ko,fil
lonely,wala akong kasama sa appointment,fil
lonely,wala akong kasama sa password,fil
lonely,wala akong kasama sa medconnect,fil
lonely,wala akong kasama sa pag-book,fil
lonely,wala akong kasama sa registration,fil
lonely,wala akong kasama tungkol sa appointment,fil
lonely,wala akong kasama sa kalusugan ko,fil
lonely,sobrang wala akong kasama,fil
lonely,wala akong kasama sobrang,fil
lonely,talaga wala akong kasama,fil
lonely,wala akong kasama talaga,fil
lonely,grabe wala akong kasama,fil
lonely,wala akong kasama grabe,fil
lonely,napaka wala akong kasama,fil
lonely,wala akong kasama napaka,fil
lonely,super wala akong kasama,fil
lonely,wala akong kasama super,fil
lonely,alone ako,fil
lonely,alone ako sa login,fil
lonely,alone ako sa account ko,fil
lonely,alone ako sa appointment,fil
lonely,alone ako sa password,fil
lonely,alone ako sa medconnect,fil
lonely,alone ako sa pag-book,fil
lonely,alone ako sa registration,fil
lonely,alone ako tungkol sa appointment,fil
lonely,alone ako sa kalusugan ko,fil
lonely,sobrang alone ako,fil
lonely,alone ako sobrang,fil
lonely,talaga alone ako,fil
lonely,alone ako talaga,fil
lonely,grabe alone ako,fil
lonely,alone ako grabe,fil
lonely,napaka alone ako,fil
lonely,alone ako napaka,fil
lonely,super alone ako,fil
lonely,alone ako super,fil
lonely,lonely ako,fil
lonely,lonely ako sa login,fil
lonely,lonely ako sa account ko,fil
lonely,lonely ako sa appointment,fil
lonely,lonely ako sa password,fil
lonely,lonely ako sa medconnect,fil
lonely,lonely ako sa pag-book,fil
lonely,lonely ako sa registration,fil
lonely,lonely ako tungkol sa appointment,fil
lonely,lonely ako sa kalusugan ko,fil
lonely,sobrang lonely ako,fil
lonely,lonely ako sobrang,fil
lonely,talaga lonely ako,fil
lonely,lonely ako talaga,fil
lonely,grabe lonely ako,fil
lonely,lonely ako grabe,fil
lonely,napaka lonely ako,fil
lonely,lonely ako napaka,fil
lonely,super lonely ako,fil
lonely,lonely ako super,fil
lonely,mag-isa lang ako,fil
lonely,mag-isa lang ako sa login,fil
lonely,mag-isa lang ako sa account ko,fil
lonely,mag-isa lang ako sa appointment,fil
lonely,mag-isa lang ako sa password,fil
lonely,mag-isa lang ako sa medconnect,fil
lonely,mag-isa lang ako sa pag-book,fil
lonely,mag-isa lang ako sa registration,fil
lonely,mag-isa lang ako tungkol sa appointment,fil
lonely,mag-isa lang ako sa kalusugan ko,fil
lonely,sobrang mag-isa lang ako,fil
lonely,mag-isa lang ako sobrang,fil
lonely,talaga mag-isa lang ako,fil
lonely,mag-isa lang ako talaga,fil
lonely,grabe mag-isa lang ako,fil
lonely,mag-isa lang ako grabe,fil
lonely,napaka mag-isa lang ako,fil
lonely,mag-isa lang ako napaka,fil
lonely,super mag-isa lang ako,fil
lonely,mag-isa lang ako super,fil
lonely,wala ko sang upod sa login,hil
lonely,wala ko sang upod sa account ko,hil
lonely,wala ko sang upod sa appointment,hil
lonely,wala ko sang upod sa password,hil
lonely,wala ko sang upod sa medconnect,hil
lonely,wala ko sang upod sa pag-book,hil
lonely,wala ko sang upod sa registration,hil
lonely,wala ko sang upod parte sa appointment,hil
lonely,wala ko sang upod sa akon kahimsog,hil
lonely,gid wala ko sang upod,hil
lonely,wala ko sang upod gid,hil
lonely,kaayo wala ko sang upod,hil
lonely,wala ko sang upod kaayo,hil
lonely,grabe wala ko sang upod,hil
lonely,wala ko sang upod grabe,hil
lonely,super wala ko sang upod,hil
lonely,wala ko sang upod super,hil
lonely,talaga wala ko sang upod,hil
lonely,wala ko sang upod talaga,hil
lonely,daw ako lang isa sa login,hil
lonely,daw ako lang isa sa account ko,hil
lonely,daw ako lang isa sa appointment,hil
lonely,daw ako lang isa sa password,hil
lonely,daw ako lang isa sa medconnect,hil
lonely,daw ako lang isa sa pag-book,hil
lonely,daw ako lang isa sa registration,hil
lonely,daw ako lang isa parte sa appointment,hil
lonely,daw ako lang isa sa akon kahimsog,hil
lonely,gid daw ako lang isa,hil
lonely,daw ako lang isa gid,hil
lonely,kaayo daw ako lang isa,hil
lonely,daw ako lang isa kaayo,hil
lonely,grabe daw ako lang isa,hil
lonely,daw ako lang isa grabe,hil
lonely,super daw ako lang isa,hil
lonely,daw ako lang isa super,hil
lonely,talaga daw ako lang isa,hil
lonely,daw ako lang isa talaga,hil
lonely,alone lang ko sa login,hil
lonely,alone lang ko sa account ko,hil
lonely,alone lang ko sa appointment,hil
lonely,alone lang ko sa password,hil
lonely,alone lang ko sa medconnect,hil
lonely,alone lang ko sa pag-book,hil
lonely,alone lang ko sa registration,hil
lonely,alone lang ko parte sa appointment,hil
lonely,alone lang ko sa akon kahimsog,hil
lonely,gid alone lang ko,hil
lonely,alone lang ko gid,hil
lonely,kaayo alone lang ko,hil
lonely,alone lang ko kaayo,hil
lonely,grabe alone lang ko,hil
lonely,alone lang ko grabe,hil
lonely,super alone lang ko,hil
lonely,alone lang ko super,hil
lonely,talaga alone lang ko,hil
lonely,alone lang ko talaga,hil
lonely,lonely ko,hil
lonely,lonely ko sa login,hil
lonely,lonely ko sa account ko,hil
lonely,lonely ko sa appointment,hil
lonely,lonely ko sa password,hil
lonely,lonely ko sa medconnect,hil
lonely,lonely ko sa pag-book,hil
lonely,lonely ko sa registration,hil
lonely,lonely ko parte sa appointment,hil
lonely,lonely ko sa akon kahimsog,hil
lonely,gid lonely ko,hil
lonely,lonely ko gid,hil
lonely,kaayo lonely ko,hil
lonely,lonely ko kaayo,hil
lonely,grabe lonely ko,hil
lonely,lonely ko grabe,hil
lonely,super lonely ko,hil
lonely,lonely ko super,hil
lonely,talaga lonely ko,hil
lonely,lonely ko talaga,hil
lonely,isa lang ko,hil
lonely,isa lang ko sa login,hil
lonely,isa lang ko sa account ko,hil
lonely,isa lang ko sa appointment,hil
lonely,isa lang ko sa password,hil
lonely,isa lang ko sa medconnect,hil
lonely,isa lang ko sa pag-book,hil
lonely,isa lang ko sa registration,hil
lonely,isa lang ko parte sa appointment,hil
lonely,isa lang ko sa akon kahimsog,hil
lonely,gid isa lang ko,hil
lonely,isa lang ko gid,hil
lonely,kaayo isa lang ko,hil
lonely,isa lang ko kaayo,hil
lonely,grabe isa lang ko,hil
lonely,isa lang ko grabe,hil
lonely,super isa lang ko,hil
lonely,isa lang ko super,hil
lonely,talaga isa lang ko,hil
lonely,isa lang ko talaga,hil
afraid,scared,en
afraid,scared with login,en
afraid,scared with sign in,en
afraid,scared with my account,en
afraid,scared with appointment,en
afraid,scared with booking,en
afraid,scared with password,en
afraid,scared with medconnect,en
afraid,scared with the website,en
afraid,scared with registration,en
afraid,scared about my appointment,en
afraid,scared about my health,en
afraid,scared about my records,en
afraid,scared so,en
afraid,very scared,en
afraid,scared very,en
afraid,really scared,en
afraid,scared really,en
afraid,super scared,en
afraid,scared super,en
afraid,extremely scared,en
afraid,scared extremely,en
afraid,quite scared,en
afraid,scared quite,en
afraid,i'm scared with login,en
afraid,i'm scared with sign in,en
afraid,i'm scared with my account,en
afraid,i'm scared with appointment,en
afraid,i'm scared with booking,en
afraid,i'm scared with password,en
afraid,i'm scared with medconnect,en
afraid,i'm scared with the website,en
afraid,i'm scared with registration,en
afraid,i'm scared about my appointment,en
afraid,i'm scared about my health,en
afraid,i'm scared about my records,en
afraid,so i'm scared,en
afraid,i'm scared so,en
afraid,very i'm scared,en
afraid,i'm scared very,en
afraid,really i'm scared,en
afraid,i'm scared really,en
afraid,super i'm scared,en
afraid,i'm scared super,en
afraid,extremely i'm scared,en
afraid,i'm scared extremely,en
afraid,quite i'm scared,en
afraid,i'm scared quite,en
afraid,afraid,en
afraid,afraid with login,en
afraid,afraid with sign in,en
afraid,afraid with my account,en
afraid,afraid with appointment,en
afraid,afraid with booking,en
afraid,afraid with password,en
afraid,afraid with medconnect,en
afraid,afraid with the website,en
afraid,afraid with registration,en
afraid,afraid about my appointment,en
afraid,afraid about my health,en
afraid,afraid about my records,en
afraid,so afraid,en
afraid,afraid so,en
afraid,very afraid,en
afraid,afraid very,en
afraid,really afraid,en
afraid,afraid really,en
afraid,super afraid,en
afraid,afraid super,en
afraid,extremely afraid,en
afraid,afraid extremely,en
afraid,quite afraid,en
afraid,afraid quite,en
afraid,frightened,en
afraid,frightened with login,en
afraid,frightened with sign in,en
afraid,frightened with my account,en
afraid,frightened with appointment,en
afraid,frightened with booking,en
afraid,frightened with password,en
afraid,frightened with medconnect,en
afraid,frightened with the website,en
afraid,frightened with registration,en
afraid,frightened about my appointment,en
afraid,frightened about my health,en
afraid,frightened about my records,en
afraid,so frightened,en
afraid,frightened so,en
afraid,very frightened,en
afraid,frightened very,en
afraid,really frightened,en
afraid,frightened really,en
afraid,super frightened,en
afraid,frightened super,en
afraid,extremely frightened,en
afraid,frightened extremely,en
afraid,quite frightened,en
afraid,frightened quite,en
afraid,so scared with login,en
afraid,so scared with sign in,en
afraid,so scared with my account,en
afraid,so scared with appointment,en
afraid,so scared with booking,en
afraid,so scared with password,en
afraid,so scared with medconnect,en
afraid,so scared with the website,en
afraid,so scared with registration,en
afraid,so scared about my appointment,en
afraid,so scared about my health,en
afraid,so scared about my records,en
afraid,so so scared,en
afraid,so scared so,en
afraid,very so scared,en
afraid,so scared very,en
afraid,really so scared,en
afraid,so scared really,en
afraid,super so scared,en
afraid,so scared super,en
afraid,extremely so scared,en
afraid,so scared extremely,en
afraid,quite so scared,en
afraid,so scared quite,en
afraid,i'm afraid with login,en
afraid,i'm afraid with sign in,en
afraid,i'm afraid with my account,en
afraid,i'm afraid with appointment,en
afraid,i'm afraid with booking,en
afraid,i'm afraid with password,en
afraid,i'm afraid with medconnect,en
afraid,i'm afraid with the website,en
afraid,i'm afraid with registration,en
afraid,i'm afraid about my appointment,en
afraid,i'm afraid about my health,en
afraid,i'm afraid about my records,en
afraid,so i'm afraid,en
afraid,i'm afraid so,en
afraid,very i'm afraid,en
afraid,i'm afraid very,en
afraid,really i'm afraid,en
afraid,i'm afraid really,en
afraid,super i'm afraid,en
afraid,i'm afraid super,en
afraid,extremely i'm afraid,en
afraid,i'm afraid extremely,en
afraid,quite i'm afraid,en
afraid,i'm afraid quite,en
afraid,natakot ako sa login,fil
afraid,natakot ako sa account ko,fil
afraid,natakot ako sa appointment,fil
afraid,natakot ako sa password,fil
afraid,natakot ako sa medconnect,fil
afraid,natakot ako sa pag-book,fil
afraid,natakot ako sa registration,fil
afraid,natakot ako tungkol sa appointment,fil
afraid,natakot ako sa kalusugan ko,fil
afraid,sobrang natakot ako,fil
afraid,natakot ako sobrang,fil
afraid,talaga natakot ako,fil
afraid,natakot ako talaga,fil
afraid,grabe natakot ako,fil
afraid,natakot ako grabe,fil
afraid,napaka natakot ako,fil
afraid,natakot ako napaka,fil
afraid,super natakot ako,fil
afraid,natakot ako super,fil
afraid,takot ako sa login,fil
afraid,takot ako sa account ko,fil
afraid,takot ako sa appointment,fil
afraid,takot ako sa password,fil
afraid,takot ako sa medconnect,fil
afraid,takot ako sa pag-book,fil
afraid,takot ako sa registration,fil
afraid,takot ako tungkol sa appointment,fil
afraid,takot ako sa kalusugan ko,fil
afraid,sobrang takot ako,fil
afraid,takot ako sobrang,fil
afraid,talaga takot ako,fil
afraid,takot ako talaga,fil
afraid,grabe takot ako,fil
afraid,takot ako grabe,fil
afraid,napaka takot ako,fil
afraid,takot ako napaka,fil
afraid,super takot ako,fil
afraid,takot ako super,fil
afraid,nahadlok ako,fil
afraid,nahadlok ako sa login,fil
afraid,nahadlok ako sa account ko,fil
afraid,nahadlok ako sa appointment,fil
afraid,nahadlok ako sa password,fil
afraid,nahadlok ako sa medconnect,fil
afraid,nahadlok ako sa pag-book,fil
afraid,nahadlok ako sa registration,fil
afraid,nahadlok ako tungkol sa appointment,fil
afraid,nahadlok ako sa kalusugan ko,fil
afraid,sobrang nahadlok ako,fil
afraid,nahadlok ako sobrang,fil
afraid,talaga nahadlok ako,fil
afraid,nahadlok ako talaga,fil
afraid,grabe nahadlok ako,fil
afraid,nahadlok ako grabe,fil
afraid,napaka nahadlok ako,fil
afraid,nahadlok ako napaka,fil
afraid,super nahadlok ako,fil
afraid,nahadlok ako super,fil
afraid,afraid ako,fil
afraid,afraid ako sa login,fil
afraid,afraid ako sa account ko,fil
afraid,afraid ako sa appointment,fil
afraid,afraid ako sa password,fil
afraid,afraid ako sa medconnect,fil
afraid,afraid ako sa pag-book,fil
afraid,afraid ako sa registration,fil
afraid,afraid ako tungkol sa appointment,fil
afraid,afraid ako sa kalusugan ko,fil
afraid,sobrang afraid ako,fil
afraid,afraid ako sobrang,fil
afraid,talaga afraid ako,fil
afraid,afraid ako talaga,fil
afraid,grabe afraid ako,fil
afraid,afraid ako grabe,fil
afraid,napaka afraid ako,fil
afraid,afraid ako napaka,fil
afraid,super afraid ako,fil
afraid,afraid ako super,fil
afraid,natatakot ako,fil
afraid,natatakot ako sa login,fil
afraid,natatakot ako sa account ko,fil
afraid,natatakot ako sa appointment,fil
afraid,natatakot ako sa password,fil
afraid,natatakot ako sa medconnect,fil
afraid,natatakot ako sa pag-book,fil
afraid,natatakot ako sa registration,fil
afraid,natatakot ako tungkol sa appointment,fil
afraid,natatakot ako sa kalusugan ko,fil
afraid,sobrang natatakot ako,fil
afraid,natatakot ako sobrang,fil
afraid,talaga natatakot ako,fil
afraid,natatakot ako talaga,fil
afraid,grabe natatakot ako,fil
afraid,natatakot ako grabe,fil
afraid,napaka natatakot ako,fil
afraid,natatakot ako napaka,fil
afraid,super natatakot ako,fil
afraid,natatakot ako super,fil
afraid,nahadlok ko sa login,hil
afraid,nahadlok ko sa account ko,hil
afraid,nahadlok ko sa appointment,hil
afraid,nahadlok ko sa password,hil
afraid,nahadlok ko sa medconnect,hil
afraid,nahadlok ko sa pag-book,hil
afraid,nahadlok ko sa registration,hil
afraid,nahadlok ko parte sa appointment,hil
afraid,nahadlok ko sa akon kahimsog,hil
afraid,gid nahadlok ko,hil
afraid,nahadlok ko gid,hil
afraid,kaayo nahadlok ko,hil
afraid,nahadlok ko kaayo,hil
afraid,grabe nahadlok ko,hil
afraid,nahadlok ko grabe,hil
afraid,super nahadlok ko,hil
afraid,nahadlok ko super,hil
afraid,talaga nahadlok ko,hil
afraid,nahadlok ko talaga,hil
afraid,kulba gid ko sa login,hil
afraid,kulba gid ko sa account ko,hil
afraid,kulba gid ko sa appointment,hil
afraid,kulba gid ko sa password,hil
afraid,kulba gid ko sa medconnect,hil
afraid,kulba gid ko sa pag-book,hil
afraid,kulba gid ko sa registration,hil
afraid,kulba gid ko parte sa appointment,hil
afraid,kulba gid ko sa akon kahimsog,hil
afraid,gid kulba gid ko,hil
afraid,kulba gid ko gid,hil
afraid,kaayo kulba gid ko,hil
afraid,kulba gid ko kaayo,hil
afraid,grabe kulba gid ko,hil
afraid,kulba gid ko grabe,hil
afraid,super kulba gid ko,hil
afraid,kulba gid ko super,hil
afraid,talaga kulba gid ko,hil
afraid,kulba gid ko talaga,hil
afraid,basi delikado ni sa login,hil
afraid,basi delikado ni sa account ko,hil
afraid,basi delikado ni sa appointment,hil
afraid,basi delikado ni sa password,hil
afraid,basi delikado ni sa medconnect,hil
afraid,basi delikado ni sa pag-book,hil
afraid,basi delikado ni sa registration,hil
afraid,basi delikado ni parte sa appointment,hil
afraid,basi delikado ni sa akon kahimsog,hil
afraid,gid basi delikado ni,hil
afraid,basi delikado ni gid,hil
afraid,kaayo basi delikado ni,hil
afraid,basi delikado ni kaayo,hil
afraid,grabe basi delikado ni,hil
afraid,basi delikado ni grabe,hil
afraid,super basi delikado ni,hil
afraid,basi delikado ni super,hil
afraid,talaga basi delikado ni,hil
afraid,basi delikado ni talaga,hil
afraid,takot ko,hil
afraid,takot ko sa login,hil
afraid,takot ko sa account ko,hil
afraid,takot ko sa appointment,hil
afraid,takot ko sa password,hil
afraid,takot ko sa medconnect,hil
afraid,takot ko sa pag-book,hil
afraid,takot ko sa registration,hil
afraid,takot ko parte sa appointment,hil
afraid,takot ko sa akon kahimsog,hil
afraid,gid takot ko,hil
afraid,takot ko gid,hil
afraid,kaayo takot ko,hil
afraid,takot ko kaayo,hil
afraid,grabe takot ko,hil
afraid,takot ko grabe,hil
afraid,super takot ko,hil
afraid,takot ko super,hil
afraid,talaga takot ko,hil
afraid,takot ko talaga,hil
afraid,hadlok ko,hil
afraid,hadlok ko sa login,hil
afraid,hadlok ko sa account ko,hil
afraid,hadlok ko sa appointment,hil
afraid,hadlok ko sa password,hil
afraid,hadlok ko sa medconnect,hil
afraid,hadlok ko sa pag-book,hil
afraid,hadlok ko sa registration,hil
afraid,hadlok ko parte sa appointment,hil
afraid,hadlok ko sa akon kahimsog,hil
afraid,gid hadlok ko,hil
afraid,hadlok ko gid,hil
afraid,kaayo hadlok ko,hil
afraid,hadlok ko kaayo,hil
afraid,grabe hadlok ko,hil
afraid,hadlok ko grabe,hil
afraid,super hadlok ko,hil
afraid,hadlok ko super,hil
afraid,talaga hadlok ko,hil
afraid,hadlok ko talaga,hil
afraid,nahadlok gid ko,hil
afraid,nahadlok gid ko sa login,hil
afraid,nahadlok gid ko sa account ko,hil
afraid,nahadlok gid ko sa appointment,hil
afraid,nahadlok gid ko sa password,hil
afraid,nahadlok gid ko sa medconnect,hil
afraid,nahadlok gid ko sa pag-book,hil
afraid,nahadlok gid ko sa registration,hil
afraid,nahadlok gid ko parte sa appointment,hil
afraid,nahadlok gid ko sa akon kahimsog,hil
afraid,gid nahadlok gid ko,hil
afraid,nahadlok gid ko gid,hil
afraid,kaayo nahadlok gid ko,hil
afraid,nahadlok gid ko kaayo,hil
afraid,grabe nahadlok gid ko,hil
afraid,nahadlok gid ko grabe,hil
afraid,super nahadlok gid ko,hil
afraid,nahadlok gid ko super,hil
afraid,talaga nahadlok gid ko,hil
afraid,nahadlok gid ko talaga,hil
angry,angry,en
angry,angry with login,en
angry,angry with sign in,en
angry,angry with my account,en
angry,angry with appointment,en
angry,angry with booking,en
angry,angry with password,en
angry,angry with medconnect,en
angry,angry with the website,en
angry,angry with registration,en
angry,angry about my appointment,en
angry,angry about my health,en
angry,angry about my records,en
angry,angry so,en
angry,very angry,en
angry,angry very,en
angry,really angry,en
angry,angry really,en
angry,super angry,en
angry,angry super,en
angry,extremely angry,en
angry,angry extremely,en
angry,quite angry,en
angry,angry quite,en
angry,i'm angry with login,en
angry,i'm angry with sign in,en
angry,i'm angry with my account,en
angry,i'm angry with appointment,en
angry,i'm angry with booking,en
angry,i'm angry with password,en
angry,i'm angry with medconnect,en
angry,i'm angry with the website,en
angry,i'm angry with registration,en
angry,i'm angry about my appointment,en
angry,i'm angry about my health,en
angry,i'm angry about my records,en
angry,so i'm angry,en
angry,i'm angry so,en
angry,very i'm angry,en
angry,i'm angry very,en
angry,really i'm angry,en
angry,i'm angry really,en
angry,super i'm angry,en
angry,i'm angry super,en
angry,extremely i'm angry,en
angry,i'm angry extremely,en
angry,quite i'm angry,en
angry,i'm angry quite,en
angry,this system is terrible with login,en
angry,this system is terrible with sign in,en
angry,this system is terrible with my account,en
angry,this system is terrible with appointment,en
angry,this system is terrible with booking,en
angry,this system is terrible with password,en
angry,this system is terrible with medconnect,en
angry,this system is terrible with the website,en
angry,this system is terrible with registration,en
angry,this system is terrible about my appointment,en
angry,this system is terrible about my health,en
angry,this system is terrible about my records,en
angry,so this system is terrible,en
angry,this system is terrible so,en
angry,very this system is terrible,en
angry,this system is terrible very,en
angry,really this system is terrible,en
angry,this system is terrible really,en
angry,super this system is terrible,en
angry,this system is terrible super,en
angry,extremely this system is terrible,en
angry,this system is terrible extremely,en
angry,quite this system is terrible,en
angry,this system is terrible quite,en
angry,so angry with login,en
angry,so angry with sign in,en
angry,so angry with my account,en
angry,so angry with appointment,en
angry,so angry with booking,en
angry,so angry with password,en
angry,so angry with medconnect,en
angry,so angry with the website,en
angry,so angry with registration,en
angry,so angry about my appointment,en
angry,so angry about my health,en
angry,so angry about my records,en
angry,so so angry,en
angry,so angry so,en
angry,very so angry,en
angry,so angry very,en
angry,really so angry,en
angry,so angry really,en
angry,super so angry,en
angry,so angry super,en
angry,extremely so angry,en
angry,so angry extremely,en
angry,quite so angry,en
angry,so angry quite,en
angry,furious,en
angry,furious with login,en
angry,furious with sign in,en
angry,furious with my account,en
angry,furious with appointment,en
angry,furious with booking,en
angry,furious with password,en
angry,furious with medconnect,en
angry,furious with the website,en
angry,furious with registration,en
angry,furious about my appointment,en
angry,furious about my health,en
angry,furious about my records,en
angry,so furious,en
angry,furious so,en
angry,very furious,en
angry,furious very,en
angry,really furious,en
angry,furious really,en
angry,super furious,en
angry,furious super,en
angry,extremely furious,en
angry,furious extremely,en
angry,quite furious,en
angry,furious quite,en
angry,mad,en
angry,mad with login,en
angry,mad with sign in,en
angry,mad with my account,en
angry,mad with appointment,en
angry,mad with booking,en
angry,mad with password,en
angry,mad with medconnect,en
angry,mad with the website,en
angry,mad with registration,en
angry,mad about my appointment,en
angry,mad about my health,en
angry,mad about my records,en
angry,so mad,en
angry,mad so,en
angry,very mad,en
angry,mad very,en
angry,really mad,en
angry,mad really,en
angry,super mad,en
angry,mad super,en
angry,extremely mad,en
angry,mad extremely,en
angry,quite mad,en
angry,mad quite,en
angry,galit ako sa login,fil
angry,galit ako sa account ko,fil
angry,galit ako sa appointment,fil
angry,galit ako sa password,fil
angry,galit ako sa medconnect,fil
angry,galit ako sa pag-book,fil
angry,galit ako sa registration,fil
angry,galit ako tungkol sa appointment,fil
angry,galit ako sa kalusugan ko,fil
angry,sobrang galit ako,fil
angry,galit ako sobrang,fil
angry,talaga galit ako,fil
angry,galit ako talaga,fil
angry,grabe galit ako,fil
angry,galit ako grabe,fil
angry,napaka galit ako,fil
angry,galit ako napaka,fil
angry,super galit ako,fil
angry,galit ako super,fil
angry,badtrip ako sa login,fil
angry,badtrip ako sa account ko,fil
angry,badtrip ako sa appointment,fil
angry,badtrip ako sa password,fil
angry,badtrip ako sa medconnect,fil
angry,badtrip ako sa pag-book,fil
angry,badtrip ako sa registration,fil
angry,badtrip ako tungkol sa appointment,fil
angry,badtrip ako sa kalusugan ko,fil
angry,sobrang badtrip ako,fil
angry,badtrip ako sobrang,fil
angry,talaga badtrip ako,fil
angry,badtrip ako talaga,fil
angry,grabe badtrip ako,fil
angry,badtrip ako grabe,fil
angry,napaka badtrip ako,fil
angry,badtrip ako napaka,fil
angry,super badtrip ako,fil
angry,badtrip ako super,fil
angry,inis na ako,fil
angry,inis na ako sa login,fil
angry,inis na ako sa account ko,fil
angry,inis na ako sa appointment,fil
angry,inis na ako sa password,fil
angry,inis na ako sa medconnect,fil
angry,inis na ako sa pag-book,fil
angry,inis na ako sa registration,fil
angry,inis na ako tungkol sa appointment,fil
angry,inis na ako sa kalusugan ko,fil
angry,sobrang inis na ako,fil
angry,inis na ako sobrang,fil
angry,talaga inis na ako,fil
angry,inis na ako talaga,fil
angry,grabe inis na ako,fil
angry,inis na ako grabe,fil
angry,napaka inis na ako,fil
angry,inis na ako napaka,fil
angry,super inis na ako,fil
angry,inis na ako super,fil
angry,angry ako,fil
angry,angry ako sa login,fil
angry,angry ako sa account ko,fil
angry,angry ako sa appointment,fil
angry,angry ako sa password,fil
angry,angry ako sa medconnect,fil
angry,angry ako sa pag-book,fil
angry,angry ako sa registration,fil
angry,angry ako tungkol sa appointment,fil
angry,angry ako sa kalusugan ko,fil
angry,sobrang angry ako,fil
angry,angry ako sobrang,fil
angry,talaga angry ako,fil
angry,angry ako talaga,fil
angry,grabe angry ako,fil
angry,angry ako grabe,fil
angry,napaka angry ako,fil
angry,angry ako napaka,fil
angry,super angry ako,fil
angry,angry ako super,fil
angry,galit na galit ako,fil
angry,galit na galit ako sa login,fil
angry,galit na galit ako sa account ko,fil
angry,galit na galit ako sa appointment,fil
angry,galit na galit ako sa password,fil
angry,galit na galit ako sa medconnect,fil
angry,galit na galit ako sa pag-book,fil
angry,galit na galit ako sa registration,fil
angry,galit na galit ako tungkol sa appointment,fil
angry,galit na galit ako sa kalusugan ko,fil
angry,sobrang galit na galit ako,fil
angry,galit na galit ako sobrang,fil
angry,talaga galit na galit ako,fil
angry,galit na galit ako talaga,fil
angry,grabe galit na galit ako,fil
angry,galit na galit ako grabe,fil
angry,napaka galit na galit ako,fil
angry,galit na galit ako napaka,fil
angry,super galit na galit ako,fil
angry,galit na galit ako super,fil
angry,kaakig ko sa login,hil
angry,kaakig ko sa account ko,hil
angry,kaakig ko sa appointment,hil
angry,kaakig ko sa password,hil
angry,kaakig ko sa medconnect,hil
angry,kaakig ko sa pag-book,hil
angry,kaakig ko sa registration,hil
angry,kaakig ko parte sa appointment,hil
angry,kaakig ko sa akon kahimsog,hil
angry,gid kaakig ko,hil
angry,kaakig ko gid,hil
angry,kaayo kaakig ko,hil
angry,kaakig ko kaayo,hil
angry,grabe kaakig ko,hil
angry,kaakig ko grabe,hil
angry,super kaakig ko,hil
angry,kaakig ko super,hil
angry,talaga kaakig ko,hil
angry,kaakig ko talaga,hil
angry,badtrip gid ko sa login,hil
angry,badtrip gid ko sa account ko,hil
angry,badtrip gid ko sa appointment,hil
angry,badtrip gid ko sa password,hil
angry,badtrip gid ko sa medconnect,hil
angry,badtrip gid ko sa pag-book,hil
angry,badtrip gid ko sa registration,hil
angry,badtrip gid ko parte sa appointment,hil
angry,badtrip gid ko sa akon kahimsog,hil
angry,gid badtrip gid ko,hil
angry,badtrip gid ko gid,hil
angry,kaayo badtrip gid ko,hil
angry,badtrip gid ko kaayo,hil
angry,grabe badtrip gid ko,hil
angry,badtrip gid ko grabe,hil
angry,super badtrip gid ko,hil
angry,badtrip gid ko super,hil
angry,talaga badtrip gid ko,hil
angry,badtrip gid ko talaga,hil
angry,akig gid ko sa login,hil
angry,akig gid ko sa account ko,hil
angry,akig gid ko sa appointment,hil
angry,akig gid ko sa password,hil
angry,akig gid ko sa medconnect,hil
angry,akig gid ko sa pag-book,hil
angry,akig gid ko sa registration,hil
angry,akig gid ko parte sa appointment,hil
angry,akig gid ko sa akon kahimsog,hil
angry,gid akig gid ko,hil
angry,akig gid ko gid,hil
angry,kaayo akig gid ko,hil
angry,akig gid ko kaayo,hil
angry,grabe akig gid ko,hil
angry,akig gid ko grabe,hil
angry,super akig gid ko,hil
angry,akig gid ko super,hil
angry,talaga akig gid ko,hil
angry,akig gid ko talaga,hil
angry,galit ko,hil
angry,galit ko sa login,hil
angry,galit ko sa account ko,hil
angry,galit ko sa appointment,hil
angry,galit ko sa password,hil
angry,galit ko sa medconnect,hil
angry,galit ko sa pag-book,hil
angry,galit ko sa registration,hil
angry,galit ko parte sa appointment,hil
angry,galit ko sa akon kahimsog,hil
angry,gid galit ko,hil
angry,galit ko gid,hil
angry,kaayo galit ko,hil
angry,galit ko kaayo,hil
angry,grabe galit ko,hil
angry,galit ko grabe,hil
angry,super galit ko,hil
angry,galit ko super,hil
angry,talaga galit ko,hil
angry,galit ko talaga,hil
angry,akig na gid ko sa login,hil
angry,akig na gid ko sa account ko,hil
angry,akig na gid ko sa appointment,hil
angry,akig na gid ko sa password,hil
angry,akig na gid ko sa medconnect,hil
angry,akig na gid ko sa pag-book,hil
angry,akig na gid ko sa registration,hil
angry,akig na gid ko parte sa appointment,hil
angry,akig na gid ko sa akon kahimsog,hil
angry,gid akig na gid ko,hil
angry,akig na gid ko gid,hil
angry,kaayo akig na gid ko,hil
angry,akig na gid ko kaayo,hil
angry,grabe akig na gid ko,hil
angry,akig na gid ko grabe,hil
angry,super akig na gid ko,hil
angry,akig na gid ko super,hil
angry,talaga akig na gid ko,hil
angry,akig na gid ko talaga,hil
disappointed,disappointed,en
disappointed,disappointed with login,en
disappointed,disappointed with sign in,en
disappointed,disappointed with my account,en
disappointed,disappointed with appointment,en
disappointed,disappointed with booking,en
disappointed,disappointed with password,en
disappointed,disappointed with medconnect,en
disappointed,disappointed with the website,en
disappointed,disappointed with registration,en
disappointed,disappointed about my appointment,en
disappointed,disappointed about my health,en
disappointed,disappointed about my records,en
disappointed,disappointed so,en
disappointed,very disappointed,en
disappointed,disappointed very,en
disappointed,really disappointed,en
disappointed,disappointed really,en
disappointed,super disappointed,en
disappointed,disappointed super,en
disappointed,extremely disappointed,en
disappointed,disappointed extremely,en
disappointed,quite disappointed,en
disappointed,disappointed quite,en
disappointed,let down with login,en
disappointed,let down with sign in,en
disappointed,let down with my account,en
disappointed,let down with appointment,en
disappointed,let down with booking,en
disappointed,let down with password,en
disappointed,let down with medconnect,en
disappointed,let down with the website,en
disappointed,let down with registration,en
disappointed,let down about my appointment,en
disappointed,let down about my health,en
disappointed,let down about my records,en
disappointed,so let down,en
disappointed,let down so,en
disappointed,very let down,en
disappointed,let down very,en
disappointed,really let down,en
disappointed,let down really,en
disappointed,super let down,en
disappointed,let down super,en
disappointed,extremely let down,en
disappointed,let down extremely,en
disappointed,quite let down,en
disappointed,let down quite,en
disappointed,so disappointed with login,en
disappointed,so disappointed with sign in,en
disappointed,so disappointed with my account,en
disappointed,so disappointed with appointment,en
disappointed,so disappointed with booking,en
disappointed,so disappointed with password,en
disappointed,so disappointed with medconnect,en
disappointed,so disappointed with the website,en
disappointed,so disappointed with registration,en
disappointed,so disappointed about my appointment,en
disappointed,so disappointed about my health,en
disappointed,so disappointed about my records,en
disappointed,so so disappointed,en
disappointed,so disappointed so,en
disappointed,very so disappointed,en
disappointed,so disappointed very,en
disappointed,really so disappointed,en
disappointed,so disappointed really,en
disappointed,super so disappointed,en
disappointed,so disappointed super,en
disappointed,extremely so disappointed,en
disappointed,so disappointed extremely,en
disappointed,quite so disappointed,en
disappointed,so disappointed quite,en
disappointed,not what i expected,en
disappointed,not what i expected with login,en
disappointed,not what i expected with sign in,en
disappointed,not what i expected with my account,en
disappointed,not what i expected with appointment,en
disappointed,not what i expected with booking,en
disappointed,not what i expected with password,en
disappointed,not what i expected with medconnect,en
disappointed,not what i expected with the website,en
disappointed,not what i expected with registration,en
disappointed,not what i expected about my appointment,en
disappointed,not what i expected about my health,en
disappointed,not what i expected about my records,en
disappointed,so not what i expected,en
disappointed,not what i expected so,en
disappointed,very not what i expected,en
disappointed,not what i expected very,en
disappointed,really not what i expected,en
disappointed,not what i expected really,en
disappointed,super not what i expected,en
disappointed,not what i expected super,en
disappointed,extremely not what i expected,en
disappointed,not what i expected extremely,en
disappointed,quite not what i expected,en
disappointed,not what i expected quite,en
disappointed,unsatisfied,en
disappointed,unsatisfied with login,en
disappointed,unsatisfied with sign in,en
disappointed,unsatisfied with my account,en
disappointed,unsatisfied with appointment,en
disappointed,unsatisfied with booking,en
disappointed,unsatisfied with password,en
disappointed,unsatisfied with medconnect,en
disappointed,unsatisfied with the website,en
disappointed,unsatisfied with registration,en
disappointed,unsatisfied about my appointment,en
disappointed,unsatisfied about my health,en
disappointed,unsatisfied about my records,en
disappointed,so unsatisfied,en
disappointed,unsatisfied so,en
disappointed,very unsatisfied,en
disappointed,unsatisfied very,en
disappointed,really unsatisfied,en
disappointed,unsatisfied really,en
disappointed,super unsatisfied,en
disappointed,unsatisfied super,en
disappointed,extremely unsatisfied,en
disappointed,unsatisfied extremely,en
disappointed,quite unsatisfied,en
disappointed,unsatisfied quite,en
disappointed,nadismaya ako sa login,fil
disappointed,nadismaya ako sa account ko,fil
disappointed,nadismaya ako sa appointment,fil
disappointed,nadismaya ako sa password,fil
disappointed,nadismaya ako sa medconnect,fil
disappointed,nadismaya ako sa pag-book,fil
disappointed,nadismaya ako sa registration,fil
disappointed,nadismaya ako tungkol sa appointment,fil
disappointed,nadismaya ako sa kalusugan ko,fil
disappointed,sobrang nadismaya ako,fil
disappointed,nadismaya ako sobrang,fil
disappointed,talaga nadismaya ako,fil
disappointed,nadismaya ako talaga,fil
disappointed,grabe nadismaya ako,fil
disappointed,nadismaya ako grabe,fil
disappointed,napaka nadismaya ako,fil
disappointed,nadismaya ako napaka,fil
disappointed,super nadismaya ako,fil
disappointed,nadismaya ako super,fil
disappointed,disappointed ako sa login,fil
disappointed,disappointed ako sa account ko,fil
disappointed,disappointed ako sa appointment,fil
disappointed,disappointed ako sa password,fil
disappointed,disappointed ako sa medconnect,fil
disappointed,disappointed ako sa pag-book,fil
disappointed,disappointed ako sa registration,fil
disappointed,disappointed ako tungkol sa appointment,fil
disappointed,disappointed ako sa kalusugan ko,fil
disappointed,sobrang disappointed ako,fil
disappointed,disappointed ako sobrang,fil
disappointed,talaga disappointed ako,fil
disappointed,disappointed ako talaga,fil
disappointed,grabe disappointed ako,fil
disappointed,disappointed ako grabe,fil
disappointed,napaka disappointed ako,fil
disappointed,disappointed ako napaka,fil
disappointed,super disappointed ako,fil
disappointed,disappointed ako super,fil
disappointed,dismaya,fil
disappointed,dismaya sa login,fil
disappointed,dismaya sa account ko,fil
disappointed,dismaya sa appointment,fil
disappointed,dismaya sa password,fil
disappointed,dismaya sa medconnect,fil
disappointed,dismaya sa pag-book,fil
disappointed,dismaya sa registration,fil
disappointed,dismaya tungkol sa appointment,fil
disappointed,dismaya sa kalusugan ko,fil
disappointed,sobrang dismaya,fil
disappointed,dismaya sobrang,fil
disappointed,talaga dismaya,fil
disappointed,dismaya talaga,fil
disappointed,grabe dismaya,fil
disappointed,dismaya grabe,fil
disappointed,napaka dismaya,fil
disappointed,dismaya napaka,fil
disappointed,super dismaya,fil
disappointed,dismaya super,fil
disappointed,hindi ko inaasahan,fil
disappointed,hindi ko inaasahan sa login,fil
disappointed,hindi ko inaasahan sa account ko,fil
disappointed,hindi ko inaasahan sa appointment,fil
disappointed,hindi ko inaasahan sa password,fil
disappointed,hindi ko inaasahan sa medconnect,fil
disappointed,hindi ko inaasahan sa pag-book,fil
disappointed,hindi ko inaasahan sa registration,fil
disappointed,hindi ko inaasahan tungkol sa appointment,fil
disappointed,hindi ko inaasahan sa kalusugan ko,fil
disappointed,sobrang hindi ko inaasahan,fil
disappointed,hindi ko inaasahan sobrang,fil
disappointed,talaga hindi ko inaasahan,fil
disappointed,hindi ko inaasahan talaga,fil
disappointed,grabe hindi ko inaasahan,fil
disappointed,hindi ko inaasahan grabe,fil
disappointed,napaka hindi ko inaasahan,fil
disappointed,hindi ko inaasahan napaka,fil
disappointed,super hindi ko inaasahan,fil
disappointed,hindi ko inaasahan super,fil
disappointed,bitin,fil
disappointed,bitin sa login,fil
disappointed,bitin sa account ko,fil
disappointed,bitin sa appointment,fil
disappointed,bitin sa password,fil
disappointed,bitin sa medconnect,fil
disappointed,bitin sa pag-book,fil
disappointed,bitin sa registration,fil
disappointed,bitin tungkol sa appointment,fil
disappointed,bitin sa kalusugan ko,fil
disappointed,sobrang bitin,fil
disappointed,bitin sobrang,fil
disappointed,talaga bitin,fil
disappointed,bitin talaga,fil
disappointed,grabe bitin,fil
disappointed,bitin grabe,fil
disappointed,napaka bitin,fil
disappointed,bitin napaka,fil
disappointed,super bitin,fil
disappointed,bitin super,fil
disappointed,nadismaya ko sa login,hil
disappointed,nadismaya ko sa account ko,hil
disappointed,nadismaya ko sa appointment,hil
disappointed,nadismaya ko sa password,hil
disappointed,nadismaya ko sa medconnect,hil
disappointed,nadismaya ko sa pag-book,hil
disappointed,nadismaya ko sa registration,hil
disappointed,nadismaya ko parte sa appointment,hil
disappointed,nadismaya ko sa akon kahimsog,hil
disappointed,gid nadismaya ko,hil
disappointed,nadismaya ko gid,hil
disappointed,kaayo nadismaya ko,hil
disappointed,nadismaya ko kaayo,hil
disappointed,grabe nadismaya ko,hil
disappointed,nadismaya ko grabe,hil
disappointed,super nadismaya ko,hil
disappointed,nadismaya ko super,hil
disappointed,talaga nadismaya ko,hil
disappointed,nadismaya ko talaga,hil
disappointed,disappointed gid ko sa login,hil
disappointed,disappointed gid ko sa account ko,hil
disappointed,disappointed gid ko sa appointment,hil
disappointed,disappointed gid ko sa password,hil
disappointed,disappointed gid ko sa medconnect,hil
disappointed,disappointed gid ko sa pag-book,hil
disappointed,disappointed gid ko sa registration,hil
disappointed,disappointed gid ko parte sa appointment,hil
disappointed,disappointed gid ko sa akon kahimsog,hil
disappointed,gid disappointed gid ko,hil
disappointed,disappointed gid ko gid,hil
disappointed,kaayo disappointed gid ko,hil
disappointed,disappointed gid ko kaayo,hil
disappointed,grabe disappointed gid ko,hil
disappointed,disappointed gid ko grabe,hil
disappointed,super disappointed gid ko,hil
disappointed,disappointed gid ko super,hil
disappointed,talaga disappointed gid ko,hil
disappointed,disappointed gid ko talaga,hil
disappointed,dismaya ko,hil
disappointed,dismaya ko sa login,hil
disappointed,dismaya ko sa account ko,hil
disappointed,dismaya ko sa appointment,hil
disappointed,dismaya ko sa password,hil
disappointed,dismaya ko sa medconnect,hil
disappointed,dismaya ko sa pag-book,hil
disappointed,dismaya ko sa registration,hil
disappointed,dismaya ko parte sa appointment,hil
disappointed,dismaya ko sa akon kahimsog,hil
disappointed,gid dismaya ko,hil
disappointed,dismaya ko gid,hil
disappointed,kaayo dismaya ko,hil
disappointed,dismaya ko kaayo,hil
disappointed,grabe dismaya ko,hil
disappointed,dismaya ko grabe,hil
disappointed,super dismaya ko,hil
disappointed,dismaya ko super,hil
disappointed,talaga dismaya ko,hil
disappointed,dismaya ko talaga,hil
disappointed,indi ko ginalauman sa login,hil
disappointed,indi ko ginalauman sa account ko,hil
disappointed,indi ko ginalauman sa appointment,hil
disappointed,indi ko ginalauman sa password,hil
disappointed,indi ko ginalauman sa medconnect,hil
disappointed,indi ko ginalauman sa pag-book,hil
disappointed,indi ko ginalauman sa registration,hil
disappointed,indi ko ginalauman parte sa appointment,hil
disappointed,indi ko ginalauman sa akon kahimsog,hil
disappointed,gid indi ko ginalauman,hil
disappointed,indi ko ginalauman gid,hil
disappointed,kaayo indi ko ginalauman,hil
disappointed,indi ko ginalauman kaayo,hil
disappointed,grabe indi ko ginalauman,hil
disappointed,indi ko ginalauman grabe,hil
disappointed,super indi ko ginalauman,hil
disappointed,indi ko ginalauman super,hil
disappointed,talaga indi ko ginalauman,hil
disappointed,indi ko ginalauman talaga,hil
stressed,stressed,en
stressed,stressed with login,en
stressed,stressed with sign in,en
stressed,stressed with my account,en
stressed,stressed with appointment,en
stressed,stressed with booking,en
stressed,stressed with password,en
stressed,stressed with medconnect,en
stressed,stressed with the website,en
stressed,stressed with registration,en
stressed,stressed about my appointment,en
stressed,stressed about my health,en
stressed,stressed about my records,en
stressed,stressed so,en
stressed,very stressed,en
stressed,stressed very,en
stressed,really stressed,en
stressed,stressed really,en
stressed,super stressed,en
stressed,stressed super,en
stressed,extremely stressed,en
stressed,stressed extremely,en
stressed,quite stressed,en
stressed,stressed quite,en
stressed,so stressed with login,en
stressed,so stressed with sign in,en
stressed,so stressed with my account,en
stressed,so stressed with appointment,en
stressed,so stressed with booking,en
stressed,so stressed with password,en
stressed,so stressed with medconnect,en
stressed,so stressed with the website,en
stressed,so stressed with registration,en
stressed,so stressed about my appointment,en
stressed,so stressed about my health,en
stressed,so stressed about my records,en
stressed,so so stressed,en
stressed,so stressed so,en
stressed,very so stressed,en
stressed,so stressed very,en
stressed,really so stressed,en
stressed,so stressed really,en
stressed,super so stressed,en
stressed,so stressed super,en
stressed,extremely so stressed,en
stressed,so stressed extremely,en
stressed,quite so stressed,en
stressed,so stressed quite,en
stressed,overwhelmed with login,en
stressed,overwhelmed with sign in,en
stressed,overwhelmed with my account,en
stressed,overwhelmed with appointment,en
stressed,overwhelmed with booking,en
stressed,overwhelmed with password,en
stressed,overwhelmed with medconnect,en
stressed,overwhelmed with the website,en
stressed,overwhelmed with registration,en
stressed,overwhelmed about my appointment,en
stressed,overwhelmed about my health,en
stressed,overwhelmed about my records,en
stressed,so overwhelmed,en
stressed,overwhelmed so,en
stressed,very overwhelmed,en
stressed,overwhelmed very,en
stressed,really overwhelmed,en
stressed,overwhelmed really,en
stressed,super overwhelmed,en
stressed,overwhelmed super,en
stressed,extremely overwhelmed,en
stressed,overwhelmed extremely,en
stressed,quite overwhelmed,en
stressed,overwhelmed quite,en
stressed,stressed out,en
stressed,stressed out with login,en
stressed,stressed out with sign in,en
stressed,stressed out with my account,en
stressed,stressed out with appointment,en
stressed,stressed out with booking,en
stressed,stressed out with password,en
stressed,stressed out with medconnect,en
stressed,stressed out with the website,en
stressed,stressed out with registration,en
stressed,stressed out about my appointment,en
stressed,stressed out about my health,en
stressed,stressed out about my records,en
stressed,so stressed out,en
stressed,stressed out so,en
stressed,very stressed out,en
stressed,stressed out very,en
stressed,really stressed out,en
stressed,stressed out really,en
stressed,super stressed out,en
stressed,stressed out super,en
stressed,extremely stressed out,en
stressed,stressed out extremely,en
stressed,quite stressed out,en
stressed,stressed out quite,en
stressed,too much stress,en
stressed,too much stress with login,en
stressed,too much stress with sign in,en
stressed,too much stress with my account,en
stressed,too much stress with appointment,en
stressed,too much stress with booking,en
stressed,too much stress with password,en
stressed,too much stress with medconnect,en
stressed,too much stress with the website,en
stressed,too much stress with registration,en
stressed,too much stress about my appointment,en
stressed,too much stress about my health,en
stressed,too much stress about my records,en
stressed,so too much stress,en
stressed,too much stress so,en
stressed,very too much stress,en
stressed,too much stress very,en
stressed,really too much stress,en
stressed,too much stress really,en
stressed,super too much stress,en
stressed,too much stress super,en
stressed,extremely too much stress,en
stressed,too much stress extremely,en
stressed,quite too much stress,en
stressed,too much stress quite,en
stressed,burnt out,en
stressed,burnt out with login,en
stressed,burnt out with sign in,en
stressed,burnt out with my account,en
stressed,burnt out with appointment,en
stressed,burnt out with booking,en
stressed,burnt out with password,en
stressed,burnt out with medconnect,en
stressed,burnt out with the website,en
stressed,burnt out with registration,en
stressed,burnt out about my appointment,en
stressed,burnt out about my health,en
stressed,burnt out about my records,en
stressed,so burnt out,en
stressed,burnt out so,en
stressed,very burnt out,en
stressed,burnt out very,en
stressed,really burnt out,en
stressed,burnt out really,en
stressed,super burnt out,en
stressed,burnt out super,en
stressed,extremely burnt out,en
stressed,burnt out extremely,en
stressed,quite burnt out,en
stressed,burnt out quite,en
stressed,stressed na ako sa login,fil
stressed,stressed na ako sa account ko,fil
stressed,stressed na ako sa appointment,fil
stressed,stressed na ako sa password,fil
stressed,stressed na ako sa medconnect,fil
stressed,stressed na ako sa pag-book,fil
stressed,stressed na ako sa registration,fil
stressed,stressed na ako tungkol sa appointment,fil
stressed,stressed na ako sa kalusugan ko,fil
stressed,sobrang stressed na ako,fil
stressed,stressed na ako sobrang,fil
stressed,talaga stressed na ako,fil
stressed,stressed na ako talaga,fil
stressed,grabe stressed na ako,fil
stressed,stressed na ako grabe,fil
stressed,napaka stressed na ako,fil
stressed,stressed na ako napaka,fil
stressed,super stressed na ako,fil
stressed,stressed na ako super,fil
stressed,stress na stress sa login,fil
stressed,stress na stress sa account ko,fil
stressed,stress na stress sa appointment,fil
stressed,stress na stress sa password,fil
stressed,stress na stress sa medconnect,fil
stressed,stress na stress sa pag-book,fil
stressed,stress na stress sa registration,fil
stressed,stress na stress tungkol sa appointment,fil
stressed,stress na stress sa kalusugan ko,fil
stressed,sobrang stress na stress,fil
stressed,stress na stress sobrang,fil
stressed,talaga stress na stress,fil
stressed,stress na stress talaga,fil
stressed,grabe stress na stress,fil
stressed,stress na stress grabe,fil
stressed,napaka stress na stress,fil
stressed,stress na stress napaka,fil
stressed,super stress na stress,fil
stressed,stress na stress super,fil
stressed,overwhelmed na,fil
stressed,overwhelmed na sa login,fil
stressed,overwhelmed na sa account ko,fil
stressed,overwhelmed na sa appointment,fil
stressed,overwhelmed na sa password,fil
stressed,overwhelmed na sa medconnect,fil
stressed,overwhelmed na sa pag-book,fil
stressed,overwhelmed na sa registration,fil
stressed,overwhelmed na tungkol sa appointment,fil
stressed,overwhelmed na sa kalusugan ko,fil
stressed,sobrang overwhelmed na,fil
stressed,overwhelmed na sobrang,fil
stressed,talaga overwhelmed na,fil
stressed,overwhelmed na talaga,fil
stressed,grabe overwhelmed na,fil
stressed,overwhelmed na grabe,fil
stressed,napaka overwhelmed na,fil
stressed,overwhelmed na napaka,fil
stressed,super overwhelmed na,fil
stressed,overwhelmed na super,fil
stressed,sobrang stress,fil
stressed,sobrang stress sa login,fil
stressed,sobrang stress sa account ko,fil
stressed,sobrang stress sa appointment,fil
stressed,sobrang stress sa password,fil
stressed,sobrang stress sa medconnect,fil
stressed,sobrang stress sa pag-book,fil
stressed,sobrang stress sa registration,fil
stressed,sobrang stress tungkol sa appointment,fil
stressed,sobrang stress sa kalusugan ko,fil
stressed,sobrang sobrang stress,fil
stressed,sobrang stress sobrang,fil
stressed,talaga sobrang stress,fil
stressed,sobrang stress talaga,fil
stressed,grabe sobrang stress,fil
stressed,sobrang stress grabe,fil
stressed,napaka sobrang stress,fil
stressed,sobrang stress napaka,fil
stressed,super sobrang stress,fil
stressed,sobrang stress super,fil
stressed,pagod na stress,fil
stressed,pagod na stress sa login,fil
stressed,pagod na stress sa account ko,fil
stressed,pagod na stress sa appointment,fil
stressed,pagod na stress sa password,fil
stressed,pagod na stress sa medconnect,fil
stressed,pagod na stress sa pag-book,fil
stressed,pagod na stress sa registration,fil
stressed,pagod na stress tungkol sa appointment,fil
stressed,pagod na stress sa kalusugan ko,fil
stressed,sobrang pagod na stress,fil
stressed,pagod na stress sobrang,fil
stressed,talaga pagod na stress,fil
stressed,pagod na stress talaga,fil
stressed,grabe pagod na stress,fil
stressed,pagod na stress grabe,fil
stressed,napaka pagod na stress,fil
stressed,pagod na stress napaka,fil
stressed,super pagod na stress,fil
stressed,pagod na stress super,fil
stressed,stress na stress ko sa login,hil
stressed,stress na stress ko sa account ko,hil
stressed,stress na stress ko sa appointment,hil
stressed,stress na stress ko sa password,hil
stressed,stress na stress ko sa medconnect,hil
stressed,stress na stress ko sa pag-book,hil
stressed,stress na stress ko sa registration,hil
stressed,stress na stress ko parte sa appointment,hil
stressed,stress na stress ko sa akon kahimsog,hil
stressed,gid stress na stress ko,hil
stressed,stress na stress ko gid,hil
stressed,kaayo stress na stress ko,hil
stressed,stress na stress ko kaayo,hil
stressed,grabe stress na stress ko,hil
stressed,stress na stress ko grabe,hil
stressed,super stress na stress ko,hil
stressed,stress na stress ko super,hil
stressed,talaga stress na stress ko,hil
stressed,stress na stress ko talaga,hil
stressed,kapoy na gid ko sa login,hil
stressed,kapoy na gid ko sa account ko,hil
stressed,kapoy na gid ko sa appointment,hil
stressed,kapoy na gid ko sa password,hil
stressed,kapoy na gid ko sa medconnect,hil
stressed,kapoy na gid ko sa pag-book,hil
stressed,kapoy na gid ko sa registration,hil
stressed,kapoy na gid ko parte sa appointment,hil
stressed,kapoy na gid ko sa akon kahimsog,hil
stressed,gid kapoy na gid ko,hil
stressed,kapoy na gid ko gid,hil
stressed,kaayo kapoy na gid ko,hil
stressed,kapoy na gid ko kaayo,hil
stressed,grabe kapoy na gid ko,hil
stressed,kapoy na gid ko grabe,hil
stressed,super kapoy na gid ko,hil
stressed,kapoy na gid ko super,hil
stressed,talaga kapoy na gid ko,hil
stressed,kapoy na gid ko talaga,hil
stressed,daw indi ko na kaya sa login,hil
stressed,daw indi ko na kaya sa account ko,hil
stressed,daw indi ko na kaya sa appointment,hil
stressed,daw indi ko na kaya sa password,hil
stressed,daw indi ko na kaya sa medconnect,hil
stressed,daw indi ko na kaya sa pag-book,hil
stressed,daw indi ko na kaya sa registration,hil
stressed,daw indi ko na kaya parte sa appointment,hil
stressed,daw indi ko na kaya sa akon kahimsog,hil
stressed,gid daw indi ko na kaya,hil
stressed,daw indi ko na kaya gid,hil
stressed,kaayo daw indi ko na kaya,hil
stressed,daw indi ko na kaya kaayo,hil
stressed,grabe daw indi ko na kaya,hil
stressed,daw indi ko na kaya grabe,hil
stressed,super daw indi ko na kaya,hil
stressed,daw indi ko na kaya super,hil
stressed,talaga daw indi ko na kaya,hil
stressed,daw indi ko na kaya talaga,hil
stressed,overwhelmed na ko,hil
stressed,overwhelmed na ko sa login,hil
stressed,overwhelmed na ko sa account ko,hil
stressed,overwhelmed na ko sa appointment,hil
stressed,overwhelmed na ko sa password,hil
stressed,overwhelmed na ko sa medconnect,hil
stressed,overwhelmed na ko sa pag-book,hil
stressed,overwhelmed na ko sa registration,hil
stressed,overwhelmed na ko parte sa appointment,hil
stressed,overwhelmed na ko sa akon kahimsog,hil
stressed,gid overwhelmed na ko,hil
stressed,overwhelmed na ko gid,hil
stressed,kaayo overwhelmed na ko,hil
stressed,overwhelmed na ko kaayo,hil
stressed,grabe overwhelmed na ko,hil
stressed,overwhelmed na ko grabe,hil
stressed,super overwhelmed na ko,hil
stressed,overwhelmed na ko super,hil
stressed,talaga overwhelmed na ko,hil
stressed,overwhelmed na ko talaga,hil
stressed,stress gid,hil
stressed,stress gid sa login,hil
stressed,stress gid sa account ko,hil
stressed,stress gid sa appointment,hil
stressed,stress gid sa password,hil
stressed,stress gid sa medconnect,hil
stressed,stress gid sa pag-book,hil
stressed,stress gid sa registration,hil
stressed,stress gid parte sa appointment,hil
stressed,stress gid sa akon kahimsog,hil
stressed,gid stress gid,hil
stressed,stress gid gid,hil
stressed,kaayo stress gid,hil
stressed,stress gid kaayo,hil
stressed,grabe stress gid,hil
stressed,stress gid grabe,hil
stressed,super stress gid,hil
stressed,stress gid super,hil
stressed,talaga stress gid,hil
stressed,stress gid talaga,hil
tired,tired,en
tired,tired with login,en
tired,tired with sign in,en
tired,tired with my account,en
tired,tired with appointment,en
tired,tired with booking,en
tired,tired with password,en
tired,tired with medconnect,en
tired,tired with the website,en
tired,tired with registration,en
tired,tired about my appointment,en
tired,tired about my health,en
tired,tired about my records,en
tired,tired so,en
tired,very tired,en
tired,tired very,en
tired,really tired,en
tired,tired really,en
tired,super tired,en
tired,tired super,en
tired,extremely tired,en
tired,tired extremely,en
tired,quite tired,en
tired,tired quite,en
tired,exhausted,en
tired,exhausted with login,en
tired,exhausted with sign in,en
tired,exhausted with my account,en
tired,exhausted with appointment,en
tired,exhausted with booking,en
tired,exhausted with password,en
tired,exhausted with medconnect,en
tired,exhausted with the website,en
tired,exhausted with registration,en
tired,exhausted about my appointment,en
tired,exhausted about my health,en
tired,exhausted about my records,en
tired,so exhausted,en
tired,exhausted so,en
tired,very exhausted,en
tired,exhausted very,en
tired,really exhausted,en
tired,exhausted really,en
tired,super exhausted,en
tired,exhausted super,en
tired,extremely exhausted,en
tired,exhausted extremely,en
tired,quite exhausted,en
tired,exhausted quite,en
tired,so tired with login,en
tired,so tired with sign in,en
tired,so tired with my account,en
tired,so tired with appointment,en
tired,so tired with booking,en
tired,so tired with password,en
tired,so tired with medconnect,en
tired,so tired with the website,en
tired,so tired with registration,en
tired,so tired about my appointment,en
tired,so tired about my health,en
tired,so tired about my records,en
tired,so so tired,en
tired,so tired so,en
tired,very so tired,en
tired,so tired very,en
tired,really so tired,en
tired,so tired really,en
tired,super so tired,en
tired,so tired super,en
tired,extremely so tired,en
tired,so tired extremely,en
tired,quite so tired,en
tired,so tired quite,en
tired,no energy with login,en
tired,no energy with sign in,en
tired,no energy with my account,en
tired,no energy with appointment,en
tired,no energy with booking,en
tired,no energy with password,en
tired,no energy with medconnect,en
tired,no energy with the website,en
tired,no energy with registration,en
tired,no energy about my appointment,en
tired,no energy about my health,en
tired,no energy about my records,en
tired,so no energy,en
tired,no energy so,en
tired,very no energy,en
tired,no energy very,en
tired,really no energy,en
tired,no energy really,en
tired,super no energy,en
tired,no energy super,en
tired,extremely no energy,en
tired,no energy extremely,en
uncertain,medconnect help request 9818,hil
mixed,medconnect help request 9819,en
curious,medconnect help request 9820,fil
excited,medconnect help request 9821,hil
surprised,medconnect help request 9822,en
affectionate,medconnect help request 9823,fil
relieved,medconnect help request 9824,hil
thankful,medconnect help request 9825,en
happy,medconnect help request 9826,fil
emergency,medconnect help request 9827,hil
panic,medconnect help request 9828,en
hopeless,medconnect help request 9829,fil
afraid,medconnect help request 9830,hil
angry,medconnect help request 9831,en
frustrated,medconnect help request 9832,fil
irritated,medconnect help request 9833,hil
anxious,medconnect help request 9834,en
nervous,medconnect help request 9835,fil
worried,medconnect help request 9836,hil
stressed,medconnect help request 9837,en
tired,medconnect help request 9838,fil
bored,medconnect help request 9839,hil
sad,medconnect help request 9840,en
lonely,medconnect help request 9841,fil
disappointed,medconnect help request 9842,hil
grief,medconnect help request 9843,en
embarrassed,medconnect help request 9844,fil
ashamed,medconnect help request 9845,hil
guilty,medconnect help request 9846,en
jealous,medconnect help request 9847,fil
confused,medconnect help request 9848,hil
uncertain,medconnect help request 9849,en
mixed,medconnect help request 9850,fil
curious,medconnect help request 9851,hil
excited,medconnect help request 9852,en
surprised,medconnect help request 9853,fil
affectionate,medconnect help request 9854,hil
relieved,medconnect help request 9855,en
thankful,medconnect help request 9856,fil
happy,medconnect help request 9857,hil
emergency,medconnect help request 9858,en
panic,medconnect help request 9859,fil
hopeless,medconnect help request 9860,hil
afraid,medconnect help request 9861,en
angry,medconnect help request 9862,fil
frustrated,medconnect help request 9863,hil
irritated,medconnect help request 9864,en
anxious,medconnect help request 9865,fil
nervous,medconnect help request 9866,hil
worried,medconnect help request 9867,en
stressed,medconnect help request 9868,fil
tired,medconnect help request 9869,hil
bored,medconnect help request 9870,en
sad,medconnect help request 9871,fil
lonely,medconnect help request 9872,hil
disappointed,medconnect help request 9873,en
grief,medconnect help request 9874,fil
embarrassed,medconnect help request 9875,hil
ashamed,medconnect help request 9876,en
guilty,medconnect help request 9877,fil
jealous,medconnect help request 9878,hil
confused,medconnect help request 9879,en
uncertain,medconnect help request 9880,fil
mixed,medconnect help request 9881,hil
curious,medconnect help request 9882,en
excited,medconnect help request 9883,fil
surprised,medconnect help request 9884,hil
affectionate,medconnect help request 9885,en
relieved,medconnect help request 9886,fil
thankful,medconnect help request 9887,hil
happy,medconnect help request 9888,en
emergency,medconnect help request 9889,fil
panic,medconnect help request 9890,hil
hopeless,medconnect help request 9891,en
afraid,medconnect help request 9892,fil
angry,medconnect help request 9893,hil
frustrated,medconnect help request 9894,en
irritated,medconnect help request 9895,fil
anxious,medconnect help request 9896,hil
nervous,medconnect help request 9897,en
worried,medconnect help request 9898,fil
stressed,medconnect help request 9899,hil
tired,medconnect help request 9900,en
bored,medconnect help request 9901,fil
sad,medconnect help request 9902,hil
lonely,medconnect help request 9903,en
disappointed,medconnect help request 9904,fil
grief,medconnect help request 9905,hil
embarrassed,medconnect help request 9906,en
ashamed,medconnect help request 9907,fil
guilty,medconnect help request 9908,hil
jealous,medconnect help request 9909,en
confused,medconnect help request 9910,fil
uncertain,medconnect help request 9911,hil
mixed,medconnect help request 9912,en
curious,medconnect help request 9913,fil
excited,medconnect help request 9914,hil
surprised,medconnect help request 9915,en
affectionate,medconnect help request 9916,fil
relieved,medconnect help request 9917,hil
thankful,medconnect help request 9918,en
happy,medconnect help request 9919,fil
emergency,medconnect help request 9920,hil
panic,medconnect help request 9921,en
hopeless,medconnect help request 9922,fil
afraid,medconnect help request 9923,hil
angry,medconnect help request 9924,en
frustrated,medconnect help request 9925,fil
irritated,medconnect help request 9926,hil
anxious,medconnect help request 9927,en
nervous,medconnect help request 9928,fil
worried,medconnect help request 9929,hil
stressed,medconnect help request 9930,en
tired,medconnect help request 9931,fil
bored,medconnect help request 9932,hil
sad,medconnect help request 9933,en
lonely,medconnect help request 9934,fil
disappointed,medconnect help request 9935,hil
grief,medconnect help request 9936,en
embarrassed,medconnect help request 9937,fil
ashamed,medconnect help request 9938,hil
guilty,medconnect help request 9939,en
jealous,medconnect help request 9940,fil
confused,medconnect help request 9941,hil
uncertain,medconnect help request 9942,en
mixed,medconnect help request 9943,fil
curious,medconnect help request 9944,hil
excited,medconnect help request 9945,en
surprised,medconnect help request 9946,fil
affectionate,medconnect help request 9947,hil
relieved,medconnect help request 9948,en
thankful,medconnect help request 9949,fil
happy,medconnect help request 9950,hil
emergency,medconnect help request 9951,en
panic,medconnect help request 9952,fil
hopeless,medconnect help request 9953,hil
afraid,medconnect help request 9954,en
angry,medconnect help request 9955,fil
frustrated,medconnect help request 9956,hil
irritated,medconnect help request 9957,en
anxious,medconnect help request 9958,fil
nervous,medconnect help request 9959,hil
worried,medconnect help request 9960,en
stressed,medconnect help request 9961,fil
tired,medconnect help request 9962,hil
bored,medconnect help request 9963,en
sad,medconnect help request 9964,fil
lonely,medconnect help request 9965,hil
disappointed,medconnect help request 9966,en
grief,medconnect help request 9967,fil
embarrassed,medconnect help request 9968,hil
ashamed,medconnect help request 9969,en
guilty,medconnect help request 9970,fil
jealous,medconnect help request 9971,hil
confused,medconnect help request 9972,en
uncertain,medconnect help request 9973,fil
mixed,medconnect help request 9974,hil
curious,medconnect help request 9975,en
excited,medconnect help request 9976,fil
surprised,medconnect help request 9977,hil
affectionate,medconnect help request 9978,en
relieved,medconnect help request 9979,fil
thankful,medconnect help request 9980,hil
happy,medconnect help request 9981,en
emergency,medconnect help request 9982,fil
panic,medconnect help request 9983,hil
hopeless,medconnect help request 9984,en
afraid,medconnect help request 9985,fil
angry,medconnect help request 9986,hil
frustrated,medconnect help request 9987,en
irritated,medconnect help request 9988,fil
anxious,medconnect help request 9989,hil
nervous,medconnect help request 9990,en
worried,medconnect help request 9991,fil
stressed,medconnect help request 9992,hil
tired,medconnect help request 9993,en
bored,medconnect help request 9994,fil
sad,medconnect help request 9995,hil
lonely,medconnect help request 9996,en
disappointed,medconnect help request 9997,fil
grief,medconnect help request 9998,hil
embarrassed,medconnect help request 9999,en
