term_id,term,english,concept,language,status
,lagnat,Fever,fever,filipino,active
,may lagnat,Fever,fever,filipino,active
,nilalagnat,Fever,fever,filipino,active
,mataas ang lagnat,Fever,fever,filipino,active
,mainit ang katawan,Fever,fever,filipino,active
,ubo,Cough,cough,filipino,active
,may ubo,Cough,cough,filipino,active
,inuubo,Cough,cough,filipino,active
,umiubo,Cough,cough,filipino,active
,sipon,Runny Nose,runny_nose,filipino,active
,may sipon,Runny Nose,runny_nose,filipino,active
,baradong ilong,Runny Nose,runny_nose,filipino,active
,hirap huminga,Difficulty Breathing,difficulty_breathing,filipino,active
,nahihirapang huminga,Difficulty Breathing,difficulty_breathing,filipino,active
,kapos ang paghinga,Difficulty Breathing,difficulty_breathing,filipino,active
,hindi makahinga,Difficulty Breathing,difficulty_breathing,filipino,active
,sakit sa dibdib,Chest Pain,chest_pain,filipino,active
,masakit ang dibdib,Chest Pain,chest_pain,filipino,active
,pananakit ng dibdib,Chest Pain,chest_pain,filipino,active
,sakit ng tiyan,Abdominal Pain,abdominal_pain,filipino,active
,masakit ang tiyan,Abdominal Pain,abdominal_pain,filipino,active
,sakit sa tiyan,Abdominal Pain,abdominal_pain,filipino,active
,sakit ng ulo,Headache,headache,filipino,active
,masakit ang ulo,Headache,headache,filipino,active
,sumasakit ang ulo,Headache,headache,filipino,active
,nagsusuka,Vomiting,vomiting,filipino,active
,pagsusuka,Vomiting,vomiting,filipino,active
,sumuka,Vomiting,vomiting,filipino,active
,nasusuka,Nausea,nausea,filipino,active
,nakakaramdam ng pagduduwal,Nausea,nausea,filipino,active
,nahihilo,Dizziness,dizziness,filipino,active
,hilo,Dizziness,dizziness,filipino,active
,umaaligid ang paningin,Dizziness,dizziness,filipino,active
,nahihina,Weakness,weakness,filipino,active
,panghihina,Weakness,weakness,filipino,active
,pagod na pagod,Weakness,weakness,filipino,active
,pagtatae,Diarrhea,diarrhea,filipino,active
,nagtatae,Diarrhea,diarrhea,filipino,active
,matubig na dumi,Diarrhea,diarrhea,filipino,active
,masakit ang lalamunan,Sore Throat,sore_throat,filipino,active
,sakit ng lalamunan,Sore Throat,sore_throat,filipino,active
,sakit ng katawan,Body Pain,body_pain,filipino,active
,pananakit ng katawan,Body Pain,body_pain,filipino,active
,nagsusuka ng dugo,Vomiting Blood,vomiting_blood,filipino,active
,may dugo sa suka,Vomiting Blood,vomiting_blood,filipino,active
,umuubo ng dugo,Coughing Blood,coughing_blood,filipino,active
,may dugo sa plema,Coughing Blood,coughing_blood,filipino,active
,nahimatay,Fainting,fainting,filipino,active
,nawalan ng malay,Fainting,fainting,filipino,active
,dumudugo,Bleeding,bleeding,filipino,active
,matinding pagdurugo,Bleeding,bleeding,filipino,active
,buntis at dumudugo,Pregnancy Bleeding,pregnant_bleeding,filipino,active
,may dugo habang buntis,Pregnancy Bleeding,pregnant_bleeding,filipino,active
,may ulo,pain ulo,localized_pain,filipino,active
,may dibdib,pain dibdib,localized_pain,filipino,active
,may tiyan,pain tiyan,localized_pain,filipino,active
,may likod,pain likod,localized_pain,filipino,active
,may lalamunan,pain lalamunan,localized_pain,filipino,active
,may tenga,pain tenga,localized_pain,filipino,active
,may mata,pain mata,localized_pain,filipino,active
,may braso,pain braso,localized_pain,filipino,active
,may binti,pain binti,localized_pain,filipino,active
,may katawan,pain katawan,localized_pain,filipino,active
,masakit ang ulo,pain ulo,localized_pain,filipino,active
,masakit ang dibdib,pain dibdib,localized_pain,filipino,active
,masakit ang tiyan,pain tiyan,localized_pain,filipino,active
,masakit ang likod,pain likod,localized_pain,filipino,active
,masakit ang lalamunan,pain lalamunan,localized_pain,filipino,active
,masakit ang tenga,pain tenga,localized_pain,filipino,active
,masakit ang mata,pain mata,localized_pain,filipino,active
,masakit ang braso,pain braso,localized_pain,filipino,active
,masakit ang binti,pain binti,localized_pain,filipino,active
,masakit ang katawan,pain katawan,localized_pain,filipino,active
,sumasakit ang ulo,pain ulo,localized_pain,filipino,active
,sumasakit ang dibdib,pain dibdib,localized_pain,filipino,active
,sumasakit ang tiyan,pain tiyan,localized_pain,filipino,active
,sumasakit ang likod,pain likod,localized_pain,filipino,active
,sumasakit ang lalamunan,pain lalamunan,localized_pain,filipino,active
,sumasakit ang tenga,pain tenga,localized_pain,filipino,active
,sumasakit ang mata,pain mata,localized_pain,filipino,active
,sumasakit ang braso,pain braso,localized_pain,filipino,active
,sumasakit ang binti,pain binti,localized_pain,filipino,active
,sumasakit ang katawan,pain katawan,localized_pain,filipino,active
,nag ulo,pain ulo,localized_pain,filipino,active
,nag dibdib,pain dibdib,localized_pain,filipino,active
,nag tiyan,pain tiyan,localized_pain,filipino,active
,nag likod,pain likod,localized_pain,filipino,active
,nag lalamunan,pain lalamunan,localized_pain,filipino,active
,nag tenga,pain tenga,localized_pain,filipino,active
,nag mata,pain mata,localized_pain,filipino,active
,nag braso,pain braso,localized_pain,filipino,active
,nag binti,pain binti,localized_pain,filipino,active
,nag katawan,pain katawan,localized_pain,filipino,active
,nang ulo,pain ulo,localized_pain,filipino,active
,nang dibdib,pain dibdib,localized_pain,filipino,active
,nang tiyan,pain tiyan,localized_pain,filipino,active
,nang likod,pain likod,localized_pain,filipino,active
,nang lalamunan,pain lalamunan,localized_pain,filipino,active
,nang tenga,pain tenga,localized_pain,filipino,active
,nang mata,pain mata,localized_pain,filipino,active
,nang braso,pain braso,localized_pain,filipino,active
,nang binti,pain binti,localized_pain,filipino,active
,nang katawan,pain katawan,localized_pain,filipino,active
,lagnat,lagnat,lagnat,filipino,active
,may lagnat,lagnat,lagnat,filipino,active
,ako ay may lagnat,lagnat,lagnat,filipino,active
,meron akong lagnat,lagnat,lagnat,filipino,active
,nakakaranas ng lagnat,lagnat,lagnat,filipino,active
,ubo,ubo,ubo,filipino,active
,may ubo,ubo,ubo,filipino,active
,ako ay may ubo,ubo,ubo,filipino,active
,meron akong ubo,ubo,ubo,filipino,active
,nakakaranas ng ubo,ubo,ubo,filipino,active
,sipon,sipon,sipon,filipino,active
,may sipon,sipon,sipon,filipino,active
,ako ay may sipon,sipon,sipon,filipino,active
,meron akong sipon,sipon,sipon,filipino,active
,nakakaranas ng sipon,sipon,sipon,filipino,active
,hilo,hilo,hilo,filipino,active
,may hilo,hilo,hilo,filipino,active
,ako ay may hilo,hilo,hilo,filipino,active
,meron akong hilo,hilo,hilo,filipino,active
,nakakaranas ng hilo,hilo,hilo,filipino,active
,pagod,pagod,pagod,filipino,active
,may pagod,pagod,pagod,filipino,active
,ako ay may pagod,pagod,pagod,filipino,active
,meron akong pagod,pagod,pagod,filipino,active
,nakakaranas ng pagod,pagod,pagod,filipino,active
,panghihina,panghihina,panghihina,filipino,active
,may panghihina,panghihina,panghihina,filipino,active
,ako ay may panghihina,panghihina,panghihina,filipino,active
,meron akong panghihina,panghihina,panghihina,filipino,active
,nakakaranas ng panghihina,panghihina,panghihina,filipino,active
,pantal,pantal,pantal,filipino,active
,may pantal,pantal,pantal,filipino,active
,ako ay may pantal,pantal,pantal,filipino,active
,meron akong pantal,pantal,pantal,filipino,active
,nakakaranas ng pantal,pantal,pantal,filipino,active
,pamamaga,pamamaga,pamamaga,filipino,active
,may pamamaga,pamamaga,pamamaga,filipino,active
,ako ay may pamamaga,pamamaga,pamamaga,filipino,active
,meron akong pamamaga,pamamaga,pamamaga,filipino,active
,nakakaranas ng pamamaga,pamamaga,pamamaga,filipino,active
,3 ka adlaw may nana akon mata,eye infection,eye_infection,filipino,active
,3 ka adlaw may pilas ko sa kamot,hand wound,hand_wound,filipino,active
,3 ka adlaw na may nana mata ko kag gapula mata ko,eye infection with red eye,eye_infection_with_red_eye,filipino,active
,5 ka adlaw may nana akon mata,eye infection,eye_infection,filipino,active
,5 ka adlaw may pilas ko sa kamot,hand wound,hand_wound,filipino,active
,allergic ako sa,allergy,allergy,filipino,active
,allergic ako sa dust,dust mite allergy,dust_mite_allergy,filipino,active
,allergic ako sa eggs,egg allergy,egg_allergy,filipino,active
,allergic ako sa milk,milk allergy,milk_allergy,filipino,active
,allergic ako sa peanuts,peanut allergy,peanut_allergy,filipino,active
,allergic ako sa penicillin,penicillin allergy,penicillin_allergy,filipino,active
,allergic ako sa seafood,shellfish allergy,shellfish_allergy,filipino,active
,allergic ako sa shrimp,shrimp allergy,shrimp_allergy,filipino,active
,allergic ako sa sulfa drugs,sulfa allergy,sulfa_allergy,filipino,active
,allergy sa gatas sang baka,milk allergy,milk_allergy,filipino,active
,altakolesterol,hyperlipidemia,hyperlipidemia,filipino,active
,ano ang buhaton budlay magginhawa ko,difficulty breathing,difficulty_breathing,filipino,active
,ano ang buhaton gasakit dughan ko,chest pain,chest_pain,filipino,active
,ano ang buhaton ginkagat sang ido ko,dog bite,dog_bite,filipino,active
,ano ang buhaton may nana akon mata,eye infection,eye_infection,filipino,active
,ano ang buhaton nabali kamot ko,hand fracture,hand_fracture,filipino,active
,ano ang buhaton nagdugo ulo ko,head bleeding,head_bleeding,filipino,active
,ano ang buhaton nga budlay magginhawa ko,difficulty breathing,difficulty_breathing,filipino,active
,ano ang buhaton nga gasakit dughan ko,chest pain,chest_pain,filipino,active
,ano ang buhaton nga ginkagat sang ido ko,dog bite,dog_bite,filipino,active
,ano ang buhaton nga may nana akon mata,eye infection,eye_infection,filipino,active
,ano ang buhaton nga nabali kamot ko,hand fracture,hand_fracture,filipino,active
,ano ang buhaton nga nagdugo ulo ko,head bleeding,head_bleeding,filipino,active
,bag-o lang budlay gid gid ko magginhawa subong gid,difficulty breathing,difficulty_breathing,filipino,active
,bag-o lang budlay gid gid ko magginhawa subong gid ko,difficulty breathing,difficulty_breathing,filipino,active
,bag-o lang budlay gid gid ko magginhawa subong ko gid,difficulty breathing,difficulty_breathing,filipino,active
,bag-o lang budlay gid gid ko magginhawa subong man,difficulty breathing,difficulty_breathing,filipino,active
,bag-o lang budlay gid gid ko magginhawa subong na gid,difficulty breathing,difficulty_breathing,filipino,active
,bag-o lang budlay gid ko mag ginhawa subong gid,difficulty breathing,difficulty_breathing,filipino,active
,bag-o lang budlay gid ko mag ginhawa subong gid ko,difficulty breathing,difficulty_breathing,filipino,active
,bag-o lang budlay gid ko mag ginhawa subong ko gid,difficulty breathing,difficulty_breathing,filipino,active
,bag-o lang budlay gid ko mag ginhawa subong man,difficulty breathing,difficulty_breathing,filipino,active
,bag-o lang budlay gid ko mag ginhawa subong na gid,difficulty breathing,difficulty_breathing,filipino,active
,bag-o lang budlay gid ko magginhawa subong gid,difficulty breathing,difficulty_breathing,filipino,active
,bag-o lang budlay gid ko magginhawa subong gid ko,difficulty breathing,difficulty_breathing,filipino,active
,bag-o lang budlay gid ko magginhawa subong ko gid,difficulty breathing,difficulty_breathing,filipino,active
,bag-o lang budlay gid ko magginhawa subong man,difficulty breathing,difficulty_breathing,filipino,active
,bag-o lang budlay gid ko magginhawa subong na gid,difficulty breathing,difficulty_breathing,filipino,active
,bag-o lang budlay gid ku magginhawa subong gid,difficulty breathing,difficulty_breathing,filipino,active
,bag-o lang budlay gid ku magginhawa subong gid ko,difficulty breathing,difficulty_breathing,filipino,active
,bag-o lang budlay gid ku magginhawa subong ko gid,difficulty breathing,difficulty_breathing,filipino,active
,bag-o lang budlay gid ku magginhawa subong man,difficulty breathing,difficulty_breathing,filipino,active
,bag-o lang budlay gid ku magginhawa subong na gid,difficulty breathing,difficulty_breathing,filipino,active
,bag-o lang gahabok dila ko gid gid,swollen tongue,swollen_tongue,filipino,active
,bag-o lang gahabok dila ko gid gid ko,swollen tongue,swollen_tongue,filipino,active
,bag-o lang gahabok dila ko gid ko gid,swollen tongue,swollen_tongue,filipino,active
,bag-o lang gahabok dila ko gid man,swollen tongue,swollen_tongue,filipino,active
,bag-o lang gahabok dila ko gid na gid,swollen tongue,swollen_tongue,filipino,active
,bag-o lang gahabok dila ku gid gid,swollen tongue,swollen_tongue,filipino,active
,bag-o lang gahabok dila ku gid gid ko,swollen tongue,swollen_tongue,filipino,active
,bag-o lang gahabok dila ku gid ko gid,swollen tongue,swollen_tongue,filipino,active
,bag-o lang gahabok dila ku gid man,swollen tongue,swollen_tongue,filipino,active
,bag-o lang gahabok dila ku gid na gid,swollen tongue,swollen_tongue,filipino,active
,bag-o lang gahika ko,cough,cough,filipino,active
,bag-o lang gahubag dila ko gid gid,swollen tongue,swollen_tongue,filipino,active
,bag-o lang gahubag dila ko gid gid ko,swollen tongue,swollen_tongue,filipino,active
,bag-o lang gahubag dila ko gid ko gid,swollen tongue,swollen_tongue,filipino,active
,bag-o lang gahubag dila ko gid man,swollen tongue,swollen_tongue,filipino,active
,bag-o lang gahubag dila ko gid na gid,swollen tongue,swollen_tongue,filipino,active
,bag-o lang gahubag tiyan ko,abdominal swelling,abdominal_swelling,filipino,active
,bag-o lang galuya lawas ko,body weakness,body_weakness,filipino,active
,bag-o lang galuya lawas ko kag kapoy gid gid,body weakness with severe fatigue,body_weakness_with_severe_fatigue,filipino,active
,bag-o lang galuya lawas ko kag kapoy gid gid ko,body weakness with severe fatigue,body_weakness_with_severe_fatigue,filipino,active
,bag-o lang galuya lawas ko kag kapoy gid ko gid,body weakness with severe fatigue,body_weakness_with_severe_fatigue,filipino,active
,bag-o lang galuya lawas ko kag kapoy gid man,body weakness with severe fatigue,body_weakness_with_severe_fatigue,filipino,active
,bag-o lang galuya lawas ko kag kapoy gid na gid,body weakness with severe fatigue,body_weakness_with_severe_fatigue,filipino,active
,bag-o lang gapula mata ko kag gakatol gid,red itchy eyes,red_itchy_eyes,filipino,active
,bag-o lang gapula mata ko kag gakatol gid ko,red itchy eyes,red_itchy_eyes,filipino,active
,bag-o lang gapula mata ko kag gakatol ko gid,red itchy eyes,red_itchy_eyes,filipino,active
,bag-o lang gapula mata ko kag gakatol man,red itchy eyes,red_itchy_eyes,filipino,active
,bag-o lang gapula mata ko kag gakatol na gid,red itchy eyes,red_itchy_eyes,filipino,active
,bag-o lang gasakit ulo ko,head pain,head_pain,filipino,active
,bag-o lang gasakit ulo ko karon gid,head pain,head_pain,filipino,active
,bag-o lang gasakit ulo ko karon gid ko,head pain,head_pain,filipino,active
,bag-o lang gasakit ulo ko karon ko gid,head pain,head_pain,filipino,active
,bag-o lang gasakit ulo ko karon man,head pain,head_pain,filipino,active
,bag-o lang gasakit ulo ko karon na gid,head pain,head_pain,filipino,active
,bag-o lang gin kagat sang ido ko kag nagdugo gid,dog bite with bleeding,dog_bite_with_bleeding,filipino,active
,bag-o lang gin kagat sang ido ko kag nagdugo gid ko,dog bite with bleeding,dog_bite_with_bleeding,filipino,active
,bag-o lang gin kagat sang ido ko kag nagdugo ko gid,dog bite with bleeding,dog_bite_with_bleeding,filipino,active
,bag-o lang gin kagat sang ido ko kag nagdugo man,dog bite with bleeding,dog_bite_with_bleeding,filipino,active
,bag-o lang gin kagat sang ido ko kag nagdugo na gid,dog bite with bleeding,dog_bite_with_bleeding,filipino,active
,bag-o lang ginadudul-om ko,diarrhea,diarrhea,filipino,active
,bag-o lang ginahilanat ko,fever,fever,filipino,active
,bag-o lang ginkagat sang ido ko kag nag dugo gid,dog bite with bleeding,dog_bite_with_bleeding,filipino,active
,bag-o lang ginkagat sang ido ko kag nag dugo gid ko,dog bite with bleeding,dog_bite_with_bleeding,filipino,active
,bag-o lang ginkagat sang ido ko kag nag dugo ko gid,dog bite with bleeding,dog_bite_with_bleeding,filipino,active
,bag-o lang ginkagat sang ido ko kag nag dugo man,dog bite with bleeding,dog_bite_with_bleeding,filipino,active
,bag-o lang ginkagat sang ido ko kag nag dugo na gid,dog bite with bleeding,dog_bite_with_bleeding,filipino,active
,bag-o lang ginkagat sang ido ko kag nagdugo gid,dog bite with bleeding,dog_bite_with_bleeding,filipino,active
,bag-o lang ginkagat sang ido ko kag nagdugo gid ko,dog bite with bleeding,dog_bite_with_bleeding,filipino,active
,bag-o lang ginkagat sang ido ko kag nagdugo ko gid,dog bite with bleeding,dog_bite_with_bleeding,filipino,active
,bag-o lang ginkagat sang ido ko kag nagdugo man,dog bite with bleeding,dog_bite_with_bleeding,filipino,active
,bag-o lang ginkagat sang ido ko kag nagdugo na gid,dog bite with bleeding,dog_bite_with_bleeding,filipino,active
,bag-o lang ginkagat sang ido ku kag nagdugo gid,dog bite with bleeding,dog_bite_with_bleeding,filipino,active
,bag-o lang ginkagat sang ido ku kag nagdugo gid ko,dog bite with bleeding,dog_bite_with_bleeding,filipino,active
,bag-o lang ginkagat sang ido ku kag nagdugo ko gid,dog bite with bleeding,dog_bite_with_bleeding,filipino,active
,bag-o lang ginkagat sang ido ku kag nagdugo man,dog bite with bleeding,dog_bite_with_bleeding,filipino,active
,bag-o lang ginkagat sang ido ku kag nagdugo na gid,dog bite with bleeding,dog_bite_with_bleeding,filipino,active
,bag-o lang ginsumbag ko kag nabun-og ulo gid,physical assault with head bruise,physical_assault_with_head_bruise,filipino,active
,bag-o lang ginsumbag ko kag nabun-og ulo gid ko,physical assault with head bruise,physical_assault_with_head_bruise,filipino,active
,bag-o lang ginsumbag ko kag nabun-og ulo ko gid,physical assault with head bruise,physical_assault_with_head_bruise,filipino,active
,bag-o lang ginsumbag ko kag nabun-og ulo man,physical assault with head bruise,physical_assault_with_head_bruise,filipino,active
,bag-o lang ginsumbag ko kag nabun-og ulo na gid,physical assault with head bruise,physical_assault_with_head_bruise,filipino,active
,bag-o lang ginsumbag ku kag nabun-og ulo gid,physical assault with head bruise,physical_assault_with_head_bruise,filipino,active
,bag-o lang ginsumbag ku kag nabun-og ulo gid ko,physical assault with head bruise,physical_assault_with_head_bruise,filipino,active
,bag-o lang ginsumbag ku kag nabun-og ulo ko gid,physical assault with head bruise,physical_assault_with_head_bruise,filipino,active
,bag-o lang ginsumbag ku kag nabun-og ulo man,physical assault with head bruise,physical_assault_with_head_bruise,filipino,active
,bag-o lang ginsumbag ku kag nabun-og ulo na gid,physical assault with head bruise,physical_assault_with_head_bruise,filipino,active
,bag-o lang may nana akon mata,eye infection,eye_infection,filipino,active
,bag-o lang may nana akon mata subong gid,eye infection,eye_infection,filipino,active
,bag-o lang may nana akon mata subong gid ko,eye infection,eye_infection,filipino,active
,bag-o lang may nana akon mata subong ko gid,eye infection,eye_infection,filipino,active
,bag-o lang may nana akon mata subong man,eye infection,eye_infection,filipino,active
,bag-o lang may nana akon mata subong na gid,eye infection,eye_infection,filipino,active
,bag-o lang may pilas ko sa kamot,hand wound,hand_wound,filipino,active
,bag-o lang may pilas ko sa kamot kag nag dugo gid,bleeding hand wound,bleeding_hand_wound,filipino,active
,bag-o lang may pilas ko sa kamot kag nag dugo gid ko,bleeding hand wound,bleeding_hand_wound,filipino,active
,bag-o lang may pilas ko sa kamot kag nag dugo ko gid,bleeding hand wound,bleeding_hand_wound,filipino,active
,bag-o lang may pilas ko sa kamot kag nag dugo man,bleeding hand wound,bleeding_hand_wound,filipino,active
,bag-o lang may pilas ko sa kamot kag nag dugo na gid,bleeding hand wound,bleeding_hand_wound,filipino,active
,bag-o lang may pilas ko sa kamot kag nagdugo gid,bleeding hand wound,bleeding_hand_wound,filipino,active
,bag-o lang may pilas ko sa kamot kag nagdugo gid ko,bleeding hand wound,bleeding_hand_wound,filipino,active
,bag-o lang may pilas ko sa kamot kag nagdugo ko gid,bleeding hand wound,bleeding_hand_wound,filipino,active
,bag-o lang may pilas ko sa kamot kag nagdugo man,bleeding hand wound,bleeding_hand_wound,filipino,active
,bag-o lang may pilas ko sa kamot kag nagdugo na gid,bleeding hand wound,bleeding_hand_wound,filipino,active
,bag-o lang may pilas ku sa kamot kag nagdugo gid,bleeding hand wound,bleeding_hand_wound,filipino,active
,bag-o lang may pilas ku sa kamot kag nagdugo gid ko,bleeding hand wound,bleeding_hand_wound,filipino,active
,bag-o lang may pilas ku sa kamot kag nagdugo ko gid,bleeding hand wound,bleeding_hand_wound,filipino,active
,bag-o lang may pilas ku sa kamot kag nagdugo man,bleeding hand wound,bleeding_hand_wound,filipino,active
,bag-o lang may pilas ku sa kamot kag nagdugo na gid,bleeding hand wound,bleeding_hand_wound,filipino,active
,bag-o lang nabali kamot ko sang natumba gid,hand fracture,hand_fracture,filipino,active
,bag-o lang nabali kamot ko sang natumba gid ko,hand fracture,hand_fracture,filipino,active
,bag-o lang nabali kamot ko sang natumba ko gid,hand fracture,hand_fracture,filipino,active
,bag-o lang nabali kamot ko sang natumba man,hand fracture,hand_fracture,filipino,active
,bag-o lang nabali kamot ko sang natumba na gid,hand fracture,hand_fracture,filipino,active
,bag-o lang nabali kamot ku sang natumba gid,hand fracture,hand_fracture,filipino,active
,bag-o lang nabali kamot ku sang natumba gid ko,hand fracture,hand_fracture,filipino,active
,bag-o lang nabali kamot ku sang natumba ko gid,hand fracture,hand_fracture,filipino,active
,bag-o lang nabali kamot ku sang natumba man,hand fracture,hand_fracture,filipino,active
,bag-o lang nabali kamot ku sang natumba na gid,hand fracture,hand_fracture,filipino,active
,bag-o lang nabali na kamot ko sang natumba gid,hand fracture,hand_fracture,filipino,active
,bag-o lang nabali na kamot ko sang natumba gid ko,hand fracture,hand_fracture,filipino,active
,bag-o lang nabali na kamot ko sang natumba ko gid,hand fracture,hand_fracture,filipino,active
,bag-o lang nabali na kamot ko sang natumba man,hand fracture,hand_fracture,filipino,active
,bag-o lang nabali na kamot ko sang natumba na gid,hand fracture,hand_fracture,filipino,active
,bag-o lang nabunggo ko sa salakyan kag nag dugo ulo gid,vehicle collision with head bleeding,vehicle_collision_with_head_bleeding,filipino,active
,bag-o lang nabunggo ko sa salakyan kag nag dugo ulo gid ko,vehicle collision with head bleeding,vehicle_collision_with_head_bleeding,filipino,active
,bag-o lang nabunggo ko sa salakyan kag nag dugo ulo ko gid,vehicle collision with head bleeding,vehicle_collision_with_head_bleeding,filipino,active
,bag-o lang nabunggo ko sa salakyan kag nag dugo ulo man,vehicle collision with head bleeding,vehicle_collision_with_head_bleeding,filipino,active
,bag-o lang nabunggo ko sa salakyan kag nag dugo ulo na gid,vehicle collision with head bleeding,vehicle_collision_with_head_bleeding,filipino,active
,bag-o lang nabunggo ko sa salakyan kag nagdugo ulo gid,vehicle collision with head bleeding,vehicle_collision_with_head_bleeding,filipino,active
,bag-o lang nabunggo ko sa salakyan kag nagdugo ulo gid ko,vehicle collision with head bleeding,vehicle_collision_with_head_bleeding,filipino,active
,bag-o lang nabunggo ko sa salakyan kag nagdugo ulo ko gid,vehicle collision with head bleeding,vehicle_collision_with_head_bleeding,filipino,active
,bag-o lang nabunggo ko sa salakyan kag nagdugo ulo man,vehicle collision with head bleeding,vehicle_collision_with_head_bleeding,filipino,active
,bag-o lang nabunggo ko sa salakyan kag nagdugo ulo na gid,vehicle collision with head bleeding,vehicle_collision_with_head_bleeding,filipino,active
,bag-o lang nabunggo ku sa salakyan kag nagdugo ulo gid,vehicle collision with head bleeding,vehicle_collision_with_head_bleeding,filipino,active
,bag-o lang nabunggo ku sa salakyan kag nagdugo ulo gid ko,vehicle collision with head bleeding,vehicle_collision_with_head_bleeding,filipino,active
,bag-o lang nabunggo ku sa salakyan kag nagdugo ulo ko gid,vehicle collision with head bleeding,vehicle_collision_with_head_bleeding,filipino,active
,bag-o lang nabunggo ku sa salakyan kag nagdugo ulo man,vehicle collision with head bleeding,vehicle_collision_with_head_bleeding,filipino,active
,bag-o lang nabunggo ku sa salakyan kag nagdugo ulo na gid,vehicle collision with head bleeding,vehicle_collision_with_head_bleeding,filipino,active
,bag-o lang nag dugo ulo ko pagkatapos natumba gid,head bleeding after fall,head_bleeding_after_fall,filipino,active
,bag-o lang nag dugo ulo ko pagkatapos natumba gid ko,head bleeding after fall,head_bleeding_after_fall,filipino,active
,bag-o lang nag dugo ulo ko pagkatapos natumba ko gid,head bleeding after fall,head_bleeding_after_fall,filipino,active
,bag-o lang nag dugo ulo ko pagkatapos natumba man,head bleeding after fall,head_bleeding_after_fall,filipino,active
,bag-o lang nag dugo ulo ko pagkatapos natumba na gid,head bleeding after fall,head_bleeding_after_fall,filipino,active
,bag-o lang nagdugo ulo ko pagkatapos natumba gid,head bleeding after fall,head_bleeding_after_fall,filipino,active
,bag-o lang nagdugo ulo ko pagkatapos natumba gid ko,head bleeding after fall,head_bleeding_after_fall,filipino,active
,bag-o lang nagdugo ulo ko pagkatapos natumba ko gid,head bleeding after fall,head_bleeding_after_fall,filipino,active
,bag-o lang nagdugo ulo ko pagkatapos natumba man,head bleeding after fall,head_bleeding_after_fall,filipino,active
,bag-o lang nagdugo ulo ko pagkatapos natumba na gid,head bleeding after fall,head_bleeding_after_fall,filipino,active
,bag-o lang nagdugo ulo ku pagkatapos natumba gid,head bleeding after fall,head_bleeding_after_fall,filipino,active
,bag-o lang nagdugo ulo ku pagkatapos natumba gid ko,head bleeding after fall,head_bleeding_after_fall,filipino,active
,bag-o lang nagdugo ulo ku pagkatapos natumba ko gid,head bleeding after fall,head_bleeding_after_fall,filipino,active
,bag-o lang nagdugo ulo ku pagkatapos natumba man,head bleeding after fall,head_bleeding_after_fall,filipino,active
,bag-o lang nagdugo ulo ku pagkatapos natumba na gid,head bleeding after fall,head_bleeding_after_fall,filipino,active
,bag-o lang nakuryente ko sang kuryente gid,electrical injury,electrical_injury,filipino,active
,bag-o lang nakuryente ko sang kuryente gid ko,electrical injury,electrical_injury,filipino,active
,bag-o lang nakuryente ko sang kuryente ko gid,electrical injury,electrical_injury,filipino,active
,bag-o lang nakuryente ko sang kuryente man,electrical injury,electrical_injury,filipino,active
,bag-o lang nakuryente ko sang kuryente na gid,electrical injury,electrical_injury,filipino,active
,bag-o lang nakuryente ku sang kuryente gid,electrical injury,electrical_injury,filipino,active
,bag-o lang nakuryente ku sang kuryente gid ko,electrical injury,electrical_injury,filipino,active
,bag-o lang nakuryente ku sang kuryente ko gid,electrical injury,electrical_injury,filipino,active
,bag-o lang nakuryente ku sang kuryente man,electrical injury,electrical_injury,filipino,active
,bag-o lang nakuryente ku sang kuryente na gid,electrical injury,electrical_injury,filipino,active
,bag-o lang nautod na tudlo ko sang makina gid,amputated finger,amputated_finger,filipino,active
,bag-o lang nautod na tudlo ko sang makina gid ko,amputated finger,amputated_finger,filipino,active
,bag-o lang nautod na tudlo ko sang makina ko gid,amputated finger,amputated_finger,filipino,active
,bag-o lang nautod na tudlo ko sang makina man,amputated finger,amputated_finger,filipino,active
,bag-o lang nautod na tudlo ko sang makina na gid,amputated finger,amputated_finger,filipino,active
,bag-o lang nautod tudlo ko sang makina gid,amputated finger,amputated_finger,filipino,active
,bag-o lang nautod tudlo ko sang makina gid ko,amputated finger,amputated_finger,filipino,active
,bag-o lang nautod tudlo ko sang makina ko gid,amputated finger,amputated_finger,filipino,active
,bag-o lang nautod tudlo ko sang makina man,amputated finger,amputated_finger,filipino,active
,bag-o lang nautod tudlo ko sang makina na gid,amputated finger,amputated_finger,filipino,active
,bag-o lang nautod tudlo ku sang makina gid,amputated finger,amputated_finger,filipino,active
,bag-o lang nautod tudlo ku sang makina gid ko,amputated finger,amputated_finger,filipino,active
,bag-o lang nautod tudlo ku sang makina ko gid,amputated finger,amputated_finger,filipino,active
,bag-o lang nautod tudlo ku sang makina man,amputated finger,amputated_finger,filipino,active
,bag-o lang nautod tudlo ku sang makina na gid,amputated finger,amputated_finger,filipino,active
,bag-o lang ubo ko kag ginahilanat gid,fever with cough,fever_with_cough,filipino,active
,bag-o lang ubo ko kag ginahilanat gid ko,fever with cough,fever_with_cough,filipino,active
,bag-o lang ubo ko kag ginahilanat ko gid,fever with cough,fever_with_cough,filipino,active
,bag-o lang ubo ko kag ginahilanat man,fever with cough,fever_with_cough,filipino,active
,bag-o lang ubo ko kag ginahilanat na gid,fever with cough,fever_with_cough,filipino,active
,bagoong allergy,shellfish allergy,shellfish_allergy,filipino,active
,barog ilong ko,nasal congestion,nasal_congestion,filipino,active
,basin budlay gid gid ko magginhawa subong gid,difficulty breathing,difficulty_breathing,filipino,active
,basin budlay gid gid ko magginhawa subong gid ko,difficulty breathing,difficulty_breathing,filipino,active
,basin budlay gid gid ko magginhawa subong ko gid,difficulty breathing,difficulty_breathing,filipino,active
,basin budlay gid gid ko magginhawa subong man,difficulty breathing,difficulty_breathing,filipino,active
,basin budlay gid gid ko magginhawa subong na gid,difficulty breathing,difficulty_breathing,filipino,active
,basin budlay gid ko mag ginhawa subong gid,difficulty breathing,difficulty_breathing,filipino,active
,basin budlay gid ko mag ginhawa subong gid ko,difficulty breathing,difficulty_breathing,filipino,active
,basin budlay gid ko mag ginhawa subong ko gid,difficulty breathing,difficulty_breathing,filipino,active
,basin budlay gid ko mag ginhawa subong man,difficulty breathing,difficulty_breathing,filipino,active
,basin budlay gid ko mag ginhawa subong na gid,difficulty breathing,difficulty_breathing,filipino,active
,basin budlay gid ko magginhawa subong gid,difficulty breathing,difficulty_breathing,filipino,active
,basin budlay gid ko magginhawa subong gid ko,difficulty breathing,difficulty_breathing,filipino,active
,basin budlay gid ko magginhawa subong ko gid,difficulty breathing,difficulty_breathing,filipino,active
,basin budlay gid ko magginhawa subong man,difficulty breathing,difficulty_breathing,filipino,active
,basin budlay gid ko magginhawa subong na gid,difficulty breathing,difficulty_breathing,filipino,active
,basin budlay gid ku magginhawa subong gid,difficulty breathing,difficulty_breathing,filipino,active
,basin budlay gid ku magginhawa subong gid ko,difficulty breathing,difficulty_breathing,filipino,active
,basin budlay gid ku magginhawa subong ko gid,difficulty breathing,difficulty_breathing,filipino,active
,basin budlay gid ku magginhawa subong man,difficulty breathing,difficulty_breathing,filipino,active
,basin budlay gid ku magginhawa subong na gid,difficulty breathing,difficulty_breathing,filipino,active
,basin gin kagat sang ido ko kag nagdugo gid,dog bite with bleeding,dog_bite_with_bleeding,filipino,active
,basin gin kagat sang ido ko kag nagdugo gid ko,dog bite with bleeding,dog_bite_with_bleeding,filipino,active
,basin gin kagat sang ido ko kag nagdugo ko gid,dog bite with bleeding,dog_bite_with_bleeding,filipino,active
,basin gin kagat sang ido ko kag nagdugo man,dog bite with bleeding,dog_bite_with_bleeding,filipino,active
,basin gin kagat sang ido ko kag nagdugo na gid,dog bite with bleeding,dog_bite_with_bleeding,filipino,active
,basin ginkagat sang ido ko,dog bite,dog_bite,filipino,active
,basin ginkagat sang ido ko kag nag dugo gid,dog bite with bleeding,dog_bite_with_bleeding,filipino,active
,basin ginkagat sang ido ko kag nag dugo gid ko,dog bite with bleeding,dog_bite_with_bleeding,filipino,active
,basin ginkagat sang ido ko kag nag dugo ko gid,dog bite with bleeding,dog_bite_with_bleeding,filipino,active
,basin ginkagat sang ido ko kag nag dugo man,dog bite with bleeding,dog_bite_with_bleeding,filipino,active
,basin ginkagat sang ido ko kag nag dugo na gid,dog bite with bleeding,dog_bite_with_bleeding,filipino,active
,basin ginkagat sang ido ko kag nagdugo gid,dog bite with bleeding,dog_bite_with_bleeding,filipino,active
,basin ginkagat sang ido ko kag nagdugo gid ko,dog bite with bleeding,dog_bite_with_bleeding,filipino,active
,basin ginkagat sang ido ko kag nagdugo ko gid,dog bite with bleeding,dog_bite_with_bleeding,filipino,active
,basin ginkagat sang ido ko kag nagdugo man,dog bite with bleeding,dog_bite_with_bleeding,filipino,active
,basin ginkagat sang ido ko kag nagdugo na gid,dog bite with bleeding,dog_bite_with_bleeding,filipino,active
,basin ginkagat sang ido ku kag nagdugo gid,dog bite with bleeding,dog_bite_with_bleeding,filipino,active
,basin ginkagat sang ido ku kag nagdugo gid ko,dog bite with bleeding,dog_bite_with_bleeding,filipino,active
,basin ginkagat sang ido ku kag nagdugo ko gid,dog bite with bleeding,dog_bite_with_bleeding,filipino,active
,basin ginkagat sang ido ku kag nagdugo man,dog bite with bleeding,dog_bite_with_bleeding,filipino,active
,basin ginkagat sang ido ku kag nagdugo na gid,dog bite with bleeding,dog_bite_with_bleeding,filipino,active
,basin masakit ari ko,penile pain,penile_pain,filipino,active
,basin may nana akon mata,eye infection,eye_infection,filipino,active
,basin may nana akon mata subong gid,eye infection,eye_infection,filipino,active
,basin may nana akon mata subong gid ko,eye infection,eye_infection,filipino,active
,basin may nana akon mata subong ko gid,eye infection,eye_infection,filipino,active
,basin may nana akon mata subong man,eye infection,eye_infection,filipino,active
,basin may nana akon mata subong na gid,eye infection,eye_infection,filipino,active
,basin may nana sa bilat ko,vaginal infection,vaginal_infection,filipino,active
,basin may pilas ko sa kamot kag nag dugo gid,bleeding hand wound,bleeding_hand_wound,filipino,active
,basin may pilas ko sa kamot kag nag dugo gid ko,bleeding hand wound,bleeding_hand_wound,filipino,active
,basin may pilas ko sa kamot kag nag dugo ko gid,bleeding hand wound,bleeding_hand_wound,filipino,active
,basin may pilas ko sa kamot kag nag dugo man,bleeding hand wound,bleeding_hand_wound,filipino,active
,basin may pilas ko sa kamot kag nag dugo na gid,bleeding hand wound,bleeding_hand_wound,filipino,active
,basin may pilas ko sa kamot kag nagdugo gid,bleeding hand wound,bleeding_hand_wound,filipino,active
,basin may pilas ko sa kamot kag nagdugo gid ko,bleeding hand wound,bleeding_hand_wound,filipino,active
,basin may pilas ko sa kamot kag nagdugo ko gid,bleeding hand wound,bleeding_hand_wound,filipino,active
,basin may pilas ko sa kamot kag nagdugo man,bleeding hand wound,bleeding_hand_wound,filipino,active
,basin may pilas ko sa kamot kag nagdugo na gid,bleeding hand wound,bleeding_hand_wound,filipino,active
,basin may pilas ku sa kamot kag nagdugo gid,bleeding hand wound,bleeding_hand_wound,filipino,active
,basin may pilas ku sa kamot kag nagdugo gid ko,bleeding hand wound,bleeding_hand_wound,filipino,active
,basin may pilas ku sa kamot kag nagdugo ko gid,bleeding hand wound,bleeding_hand_wound,filipino,active
,basin may pilas ku sa kamot kag nagdugo man,bleeding hand wound,bleeding_hand_wound,filipino,active
,basin may pilas ku sa kamot kag nagdugo na gid,bleeding hand wound,bleeding_hand_wound,filipino,active
,basin nabali kamot ko sang natumba gid,hand fracture,hand_fracture,filipino,active
,basin nabali kamot ko sang natumba gid ko,hand fracture,hand_fracture,filipino,active
,basin nabali kamot ko sang natumba ko gid,hand fracture,hand_fracture,filipino,active
,basin nabali kamot ko sang natumba man,hand fracture,hand_fracture,filipino,active
,basin nabali kamot ko sang natumba na gid,hand fracture,hand_fracture,filipino,active
,basin nabali kamot ku sang natumba gid,hand fracture,hand_fracture,filipino,active
,basin nabali kamot ku sang natumba gid ko,hand fracture,hand_fracture,filipino,active
,basin nabali kamot ku sang natumba ko gid,hand fracture,hand_fracture,filipino,active
,basin nabali kamot ku sang natumba man,hand fracture,hand_fracture,filipino,active
,basin nabali kamot ku sang natumba na gid,hand fracture,hand_fracture,filipino,active
,basin nabali na kamot ko sang natumba gid,hand fracture,hand_fracture,filipino,active
,basin nabali na kamot ko sang natumba gid ko,hand fracture,hand_fracture,filipino,active
,basin nabali na kamot ko sang natumba ko gid,hand fracture,hand_fracture,filipino,active
,basin nabali na kamot ko sang natumba man,hand fracture,hand_fracture,filipino,active
,basin nabali na kamot ko sang natumba na gid,hand fracture,hand_fracture,filipino,active
,basin nakuryente ko sang kuryente gid,electrical injury,electrical_injury,filipino,active
,basin nakuryente ko sang kuryente gid ko,electrical injury,electrical_injury,filipino,active
,basin nakuryente ko sang kuryente ko gid,electrical injury,electrical_injury,filipino,active
,basin nakuryente ko sang kuryente man,electrical injury,electrical_injury,filipino,active
,basin nakuryente ko sang kuryente na gid,electrical injury,electrical_injury,filipino,active
,basin nakuryente ku sang kuryente gid,electrical injury,electrical_injury,filipino,active
,basin nakuryente ku sang kuryente gid ko,electrical injury,electrical_injury,filipino,active
,basin nakuryente ku sang kuryente ko gid,electrical injury,electrical_injury,filipino,active
,basin nakuryente ku sang kuryente man,electrical injury,electrical_injury,filipino,active
,basin nakuryente ku sang kuryente na gid,electrical injury,electrical_injury,filipino,active
,basin nautod na tudlo ko sang makina gid,amputated finger,amputated_finger,filipino,active
,basin nautod na tudlo ko sang makina gid ko,amputated finger,amputated_finger,filipino,active
,basin nautod na tudlo ko sang makina ko gid,amputated finger,amputated_finger,filipino,active
,basin nautod na tudlo ko sang makina man,amputated finger,amputated_finger,filipino,active
,basin nautod na tudlo ko sang makina na gid,amputated finger,amputated_finger,filipino,active
,basin nautod tudlo ko sang makina gid,amputated finger,amputated_finger,filipino,active
,basin nautod tudlo ko sang makina gid ko,amputated finger,amputated_finger,filipino,active
,basin nautod tudlo ko sang makina ko gid,amputated finger,amputated_finger,filipino,active
,basin nautod tudlo ko sang makina man,amputated finger,amputated_finger,filipino,active
,basin nautod tudlo ko sang makina na gid,amputated finger,amputated_finger,filipino,active
,basin nautod tudlo ku sang makina gid,amputated finger,amputated_finger,filipino,active
,basin nautod tudlo ku sang makina gid ko,amputated finger,amputated_finger,filipino,active
,basin nautod tudlo ku sang makina ko gid,amputated finger,amputated_finger,filipino,active
,basin nautod tudlo ku sang makina man,amputated finger,amputated_finger,filipino,active
,basin nautod tudlo ku sang makina na gid,amputated finger,amputated_finger,filipino,active
,basin nga ginkagat sang ido ko,dog bite,dog_bite,filipino,active
,basin nga may nana akon mata,eye infection,eye_infection,filipino,active
,bee sting allergy,bee sting allergy,bee_sting_allergy,filipino,active
,bleeding disorder,bleeding disorder,bleeding_disorder,filipino,active
,bleeding nose,epistaxis,epistaxis,filipino,active
,breathing problem,respiratory disease,respiratory_disease,filipino,active
,buling mata ko,blurred vision,blurred_vision,filipino,active
,bungang araw,heat rash,heat_rash,filipino,active
,burod ako,pregnancy,pregnancy,filipino,active
,daw budlay gid gid ko magginhawa subong gid,difficulty breathing,difficulty_breathing,filipino,active
,daw budlay gid gid ko magginhawa subong gid ko,difficulty breathing,difficulty_breathing,filipino,active
,daw budlay gid gid ko magginhawa subong ko gid,difficulty breathing,difficulty_breathing,filipino,active
,daw budlay gid gid ko magginhawa subong man,difficulty breathing,difficulty_breathing,filipino,active
,daw budlay gid gid ko magginhawa subong na gid,difficulty breathing,difficulty_breathing,filipino,active
,daw budlay gid ko mag ginhawa subong gid,difficulty breathing,difficulty_breathing,filipino,active
,daw budlay gid ko mag ginhawa subong gid ko,difficulty breathing,difficulty_breathing,filipino,active
,daw budlay gid ko mag ginhawa subong ko gid,difficulty breathing,difficulty_breathing,filipino,active
,daw budlay gid ko mag ginhawa subong man,difficulty breathing,difficulty_breathing,filipino,active
,daw budlay gid ko mag ginhawa subong na gid,difficulty breathing,difficulty_breathing,filipino,active
,daw budlay gid ko magginhawa subong gid,difficulty breathing,difficulty_breathing,filipino,active
,daw budlay gid ko magginhawa subong gid ko,difficulty breathing,difficulty_breathing,filipino,active
,daw budlay gid ko magginhawa subong ko gid,difficulty breathing,difficulty_breathing,filipino,active
,daw budlay gid ko magginhawa subong man,difficulty breathing,difficulty_breathing,filipino,active
,daw budlay gid ko magginhawa subong na gid,difficulty breathing,difficulty_breathing,filipino,active
,daw budlay gid ku magginhawa subong gid,difficulty breathing,difficulty_breathing,filipino,active
,daw budlay gid ku magginhawa subong gid ko,difficulty breathing,difficulty_breathing,filipino,active
,daw budlay gid ku magginhawa subong ko gid,difficulty breathing,difficulty_breathing,filipino,active
,daw budlay gid ku magginhawa subong man,difficulty breathing,difficulty_breathing,filipino,active
,daw budlay gid ku magginhawa subong na gid,difficulty breathing,difficulty_breathing,filipino,active
,daw gin kagat sang ido ko kag nagdugo gid,dog bite with bleeding,dog_bite_with_bleeding,filipino,active
,daw gin kagat sang ido ko kag nagdugo gid ko,dog bite with bleeding,dog_bite_with_bleeding,filipino,active
,daw gin kagat sang ido ko kag nagdugo ko gid,dog bite with bleeding,dog_bite_with_bleeding,filipino,active
,daw gin kagat sang ido ko kag nagdugo man,dog bite with bleeding,dog_bite_with_bleeding,filipino,active
,daw gin kagat sang ido ko kag nagdugo na gid,dog bite with bleeding,dog_bite_with_bleeding,filipino,active
,daw ginkagat sang ido ko,dog bite,dog_bite,filipino,active
,daw ginkagat sang ido ko kag nag dugo gid,dog bite with bleeding,dog_bite_with_bleeding,filipino,active
,daw ginkagat sang ido ko kag nag dugo gid ko,dog bite with bleeding,dog_bite_with_bleeding,filipino,active
,daw ginkagat sang ido ko kag nag dugo ko gid,dog bite with bleeding,dog_bite_with_bleeding,filipino,active
,daw ginkagat sang ido ko kag nag dugo man,dog bite with bleeding,dog_bite_with_bleeding,filipino,active
,daw ginkagat sang ido ko kag nag dugo na gid,dog bite with bleeding,dog_bite_with_bleeding,filipino,active
,daw ginkagat sang ido ko kag nagdugo gid,dog bite with bleeding,dog_bite_with_bleeding,filipino,active
,daw ginkagat sang ido ko kag nagdugo gid ko,dog bite with bleeding,dog_bite_with_bleeding,filipino,active
,daw ginkagat sang ido ko kag nagdugo ko gid,dog bite with bleeding,dog_bite_with_bleeding,filipino,active
,daw ginkagat sang ido ko kag nagdugo man,dog bite with bleeding,dog_bite_with_bleeding,filipino,active
,daw ginkagat sang ido ko kag nagdugo na gid,dog bite with bleeding,dog_bite_with_bleeding,filipino,active
,daw ginkagat sang ido ku kag nagdugo gid,dog bite with bleeding,dog_bite_with_bleeding,filipino,active
,daw ginkagat sang ido ku kag nagdugo gid ko,dog bite with bleeding,dog_bite_with_bleeding,filipino,active
,daw ginkagat sang ido ku kag nagdugo ko gid,dog bite with bleeding,dog_bite_with_bleeding,filipino,active
,daw ginkagat sang ido ku kag nagdugo man,dog bite with bleeding,dog_bite_with_bleeding,filipino,active
,daw ginkagat sang ido ku kag nagdugo na gid,dog bite with bleeding,dog_bite_with_bleeding,filipino,active
,daw indi ko makabaton sang kamot ko,arm weakness,arm_weakness,filipino,active
,daw indi ko makabaton sang lawas ko,facial droop,facial_droop,filipino,active
,daw indi ko makabaton sang tiil ko,leg weakness,leg_weakness,filipino,active
,daw indi ko makilala ang tawo,confusion,confusion,filipino,active
,daw mabali akon batiis,suspected leg fracture,suspected_leg_fracture,filipino,active
,daw mabali akon buuk,suspected arm fracture,suspected_arm_fracture,filipino,active
,daw mabali akon kamot,suspected hand fracture,suspected_hand_fracture,filipino,active
,daw mabali akon tiil,suspected foot fracture,suspected_foot_fracture,filipino,active
,daw mabali akon tudlo,suspected finger fracture,suspected_finger_fracture,filipino,active
,daw mabali akon tuhod,suspected knee fracture,suspected_knee_fracture,filipino,active
,daw mabali akon ulo,suspected skull fracture,suspected_skull_fracture,filipino,active
,daw masakit ari ko,penile pain,penile_pain,filipino,active
,daw may bukol sa akon ari,penile lump,penile_lump,filipino,active
,daw may bukol sa akon ari ko,penile lump,penile_lump,filipino,active
,daw may bukol sa akon ary,penile lump,penile_lump,filipino,active
,daw may bukol sa akon ary ko,penile lump,penile_lump,filipino,active
,daw may bukol sa akon bilad,vaginal lump,vaginal_lump,filipino,active
,daw may bukol sa akon bilad ko,vaginal lump,vaginal_lump,filipino,active
,daw may bukol sa akon bilat,vaginal lump,vaginal_lump,filipino,active
,daw may bukol sa akon bilat ko,vaginal lump,vaginal_lump,filipino,active
,daw may bukol sa akon itlog,testicular lump,testicular_lump,filipino,active
,daw may bukol sa akon itlog ko,testicular lump,testicular_lump,filipino,active
,daw may bukol sa akon itlug,testicular lump,testicular_lump,filipino,active
,daw may bukol sa akon itlug ko,testicular lump,testicular_lump,filipino,active
,daw may bukol sa akon singit,groin lump,groin_lump,filipino,active
,daw may bukol sa ari akon,penile lump,penile_lump,filipino,active
,daw may bukol sa ari ko,penile lump,penile_lump,filipino,active
,daw may bukol sa ari ko akon,penile lump,penile_lump,filipino,active
,daw may bukol sa ari ko ko,penile lump,penile_lump,filipino,active
,daw may bukol sa ary akon,penile lump,penile_lump,filipino,active
,daw may bukol sa ary ko,penile lump,penile_lump,filipino,active
,daw may bukol sa ary ko akon,penile lump,penile_lump,filipino,active
,daw may bukol sa ary ko ko,penile lump,penile_lump,filipino,active
,daw may bukol sa bilad akon,vaginal lump,vaginal_lump,filipino,active
,daw may bukol sa bilad ko,vaginal lump,vaginal_lump,filipino,active
,daw may bukol sa bilad ko akon,vaginal lump,vaginal_lump,filipino,active
,daw may bukol sa bilad ko ko,vaginal lump,vaginal_lump,filipino,active
,daw may bukol sa bilat akon,vaginal lump,vaginal_lump,filipino,active
,daw may bukol sa bilat ko,vaginal lump,vaginal_lump,filipino,active
,daw may bukol sa bilat ko akon,vaginal lump,vaginal_lump,filipino,active
,daw may bukol sa bilat ko ko,vaginal lump,vaginal_lump,filipino,active
,daw may bukol sa itlog akon,testicular lump,testicular_lump,filipino,active
,daw may bukol sa itlog ko,testicular lump,testicular_lump,filipino,active
,daw may bukol sa itlog ko akon,testicular lump,testicular_lump,filipino,active
,daw may bukol sa itlog ko ko,testicular lump,testicular_lump,filipino,active
,daw may bukol sa itlug akon,testicular lump,testicular_lump,filipino,active
,daw may bukol sa itlug ko,testicular lump,testicular_lump,filipino,active
,daw may bukol sa itlug ko akon,testicular lump,testicular_lump,filipino,active
,daw may bukol sa itlug ko ko,testicular lump,testicular_lump,filipino,active
,daw may bukol sa singit akon,groin lump,groin_lump,filipino,active
,daw may bukol sa singit ko,groin lump,groin_lump,filipino,active
,daw may nana akon mata,eye infection,eye_infection,filipino,active
,daw may nana akon mata subong gid,eye infection,eye_infection,filipino,active
,daw may nana akon mata subong gid ko,eye infection,eye_infection,filipino,active
,daw may nana akon mata subong ko gid,eye infection,eye_infection,filipino,active
,daw may nana akon mata subong man,eye infection,eye_infection,filipino,active
,daw may nana akon mata subong na gid,eye infection,eye_infection,filipino,active
,daw may nana sa bilat ko,vaginal infection,vaginal_infection,filipino,active
,daw may pilas ko sa kamot kag nag dugo gid,bleeding hand wound,bleeding_hand_wound,filipino,active
,daw may pilas ko sa kamot kag nag dugo gid ko,bleeding hand wound,bleeding_hand_wound,filipino,active
,daw may pilas ko sa kamot kag nag dugo ko gid,bleeding hand wound,bleeding_hand_wound,filipino,active
,daw may pilas ko sa kamot kag nag dugo man,bleeding hand wound,bleeding_hand_wound,filipino,active
,daw may pilas ko sa kamot kag nag dugo na gid,bleeding hand wound,bleeding_hand_wound,filipino,active
,daw may pilas ko sa kamot kag nagdugo gid,bleeding hand wound,bleeding_hand_wound,filipino,active
,daw may pilas ko sa kamot kag nagdugo gid ko,bleeding hand wound,bleeding_hand_wound,filipino,active
,daw may pilas ko sa kamot kag nagdugo ko gid,bleeding hand wound,bleeding_hand_wound,filipino,active
,daw may pilas ko sa kamot kag nagdugo man,bleeding hand wound,bleeding_hand_wound,filipino,active
,daw may pilas ko sa kamot kag nagdugo na gid,bleeding hand wound,bleeding_hand_wound,filipino,active
,daw may pilas ku sa kamot kag nagdugo gid,bleeding hand wound,bleeding_hand_wound,filipino,active
,daw may pilas ku sa kamot kag nagdugo gid ko,bleeding hand wound,bleeding_hand_wound,filipino,active
,daw may pilas ku sa kamot kag nagdugo ko gid,bleeding hand wound,bleeding_hand_wound,filipino,active
,daw may pilas ku sa kamot kag nagdugo man,bleeding hand wound,bleeding_hand_wound,filipino,active
,daw may pilas ku sa kamot kag nagdugo na gid,bleeding hand wound,bleeding_hand_wound,filipino,active
,daw nabali kamot ko sang natumba gid,hand fracture,hand_fracture,filipino,active
,daw nabali kamot ko sang natumba gid ko,hand fracture,hand_fracture,filipino,active
,daw nabali kamot ko sang natumba ko gid,hand fracture,hand_fracture,filipino,active
,daw nabali kamot ko sang natumba man,hand fracture,hand_fracture,filipino,active
,daw nabali kamot ko sang natumba na gid,hand fracture,hand_fracture,filipino,active
,daw nabali kamot ku sang natumba gid,hand fracture,hand_fracture,filipino,active
,daw nabali kamot ku sang natumba gid ko,hand fracture,hand_fracture,filipino,active
,daw nabali kamot ku sang natumba ko gid,hand fracture,hand_fracture,filipino,active
,daw nabali kamot ku sang natumba man,hand fracture,hand_fracture,filipino,active
,daw nabali kamot ku sang natumba na gid,hand fracture,hand_fracture,filipino,active
,daw nabali na kamot ko sang natumba gid,hand fracture,hand_fracture,filipino,active
,daw nabali na kamot ko sang natumba gid ko,hand fracture,hand_fracture,filipino,active
,daw nabali na kamot ko sang natumba ko gid,hand fracture,hand_fracture,filipino,active
,daw nabali na kamot ko sang natumba man,hand fracture,hand_fracture,filipino,active
,daw nabali na kamot ko sang natumba na gid,hand fracture,hand_fracture,filipino,active
,daw nakuryente ko sang kuryente gid,electrical injury,electrical_injury,filipino,active
,daw nakuryente ko sang kuryente gid ko,electrical injury,electrical_injury,filipino,active
,daw nakuryente ko sang kuryente ko gid,electrical injury,electrical_injury,filipino,active
,daw nakuryente ko sang kuryente man,electrical injury,electrical_injury,filipino,active
,daw nakuryente ko sang kuryente na gid,electrical injury,electrical_injury,filipino,active
,daw nakuryente ku sang kuryente gid,electrical injury,electrical_injury,filipino,active
,daw nakuryente ku sang kuryente gid ko,electrical injury,electrical_injury,filipino,active
,daw nakuryente ku sang kuryente ko gid,electrical injury,electrical_injury,filipino,active
,daw nakuryente ku sang kuryente man,electrical injury,electrical_injury,filipino,active
,daw nakuryente ku sang kuryente na gid,electrical injury,electrical_injury,filipino,active
,daw nautod na tudlo ko sang makina gid,amputated finger,amputated_finger,filipino,active
,daw nautod na tudlo ko sang makina gid ko,amputated finger,amputated_finger,filipino,active
,daw nautod na tudlo ko sang makina ko gid,amputated finger,amputated_finger,filipino,active
,daw nautod na tudlo ko sang makina man,amputated finger,amputated_finger,filipino,active
,daw nautod na tudlo ko sang makina na gid,amputated finger,amputated_finger,filipino,active
,daw nautod tudlo ko sang makina gid,amputated finger,amputated_finger,filipino,active
,daw nautod tudlo ko sang makina gid ko,amputated finger,amputated_finger,filipino,active
,daw nautod tudlo ko sang makina ko gid,amputated finger,amputated_finger,filipino,active
,daw nautod tudlo ko sang makina man,amputated finger,amputated_finger,filipino,active
,daw nautod tudlo ko sang makina na gid,amputated finger,amputated_finger,filipino,active
,daw nautod tudlo ku sang makina gid,amputated finger,amputated_finger,filipino,active
,daw nautod tudlo ku sang makina gid ko,amputated finger,amputated_finger,filipino,active
,daw nautod tudlo ku sang makina ko gid,amputated finger,amputated_finger,filipino,active
,daw nautod tudlo ku sang makina man,amputated finger,amputated_finger,filipino,active
,daw nautod tudlo ku sang makina na gid,amputated finger,amputated_finger,filipino,active
,daw nga ginkagat sang ido ko,dog bite,dog_bite,filipino,active
,daw nga may nana akon mata,eye infection,eye_infection,filipino,active
,di gumagaling sugat,chronic wound,chronic_wound,filipino,active
,dili maayo ang lawas,illness,illness,filipino,active
,doc masakit ari ko,penile pain,penile_pain,filipino,active
,doc masakit dughan ko,chest pain,chest_pain,filipino,active
,doc may diabetes ako,diabetes,diabetes,filipino,active
,doc may nana mata ko,eye infection,eye_infection,filipino,active
,doc may nana sa bilat ko,vaginal infection,vaginal_infection,filipino,active
,doc may pantal lawas ko,skin rash,skin_rash,filipino,active
,dugay na budlay gid gid ko magginhawa subong gid,difficulty breathing,difficulty_breathing,filipino,active
,dugay na budlay gid gid ko magginhawa subong gid ko,difficulty breathing,difficulty_breathing,filipino,active
,dugay na budlay gid gid ko magginhawa subong ko gid,difficulty breathing,difficulty_breathing,filipino,active
,dugay na budlay gid gid ko magginhawa subong man,difficulty breathing,difficulty_breathing,filipino,active
,dugay na budlay gid gid ko magginhawa subong na gid,difficulty breathing,difficulty_breathing,filipino,active
,dugay na budlay gid ko mag ginhawa subong gid,difficulty breathing,difficulty_breathing,filipino,active
,dugay na budlay gid ko mag ginhawa subong gid ko,difficulty breathing,difficulty_breathing,filipino,active
,dugay na budlay gid ko mag ginhawa subong ko gid,difficulty breathing,difficulty_breathing,filipino,active
,dugay na budlay gid ko mag ginhawa subong man,difficulty breathing,difficulty_breathing,filipino,active
,dugay na budlay gid ko mag ginhawa subong na gid,difficulty breathing,difficulty_breathing,filipino,active
,dugay na budlay gid ko magginhawa subong gid,difficulty breathing,difficulty_breathing,filipino,active
,dugay na budlay gid ko magginhawa subong gid ko,difficulty breathing,difficulty_breathing,filipino,active
,dugay na budlay gid ko magginhawa subong ko gid,difficulty breathing,difficulty_breathing,filipino,active
,dugay na budlay gid ko magginhawa subong man,difficulty breathing,difficulty_breathing,filipino,active
,dugay na budlay gid ko magginhawa subong na gid,difficulty breathing,difficulty_breathing,filipino,active
,dugay na budlay gid ku magginhawa subong gid,difficulty breathing,difficulty_breathing,filipino,active
,dugay na budlay gid ku magginhawa subong gid ko,difficulty breathing,difficulty_breathing,filipino,active
,dugay na budlay gid ku magginhawa subong ko gid,difficulty breathing,difficulty_breathing,filipino,active
,dugay na budlay gid ku magginhawa subong man,difficulty breathing,difficulty_breathing,filipino,active
,dugay na budlay gid ku magginhawa subong na gid,difficulty breathing,difficulty_breathing,filipino,active
,dugay na gin kagat sang ido ko kag nagdugo gid,dog bite with bleeding,dog_bite_with_bleeding,filipino,active
,dugay na gin kagat sang ido ko kag nagdugo gid ko,dog bite with bleeding,dog_bite_with_bleeding,filipino,active
,dugay na gin kagat sang ido ko kag nagdugo ko gid,dog bite with bleeding,dog_bite_with_bleeding,filipino,active
,dugay na gin kagat sang ido ko kag nagdugo man,dog bite with bleeding,dog_bite_with_bleeding,filipino,active
,dugay na gin kagat sang ido ko kag nagdugo na gid,dog bite with bleeding,dog_bite_with_bleeding,filipino,active
,dugay na ginkagat sang ido ko kag nag dugo gid,dog bite with bleeding,dog_bite_with_bleeding,filipino,active
,dugay na ginkagat sang ido ko kag nag dugo gid ko,dog bite with bleeding,dog_bite_with_bleeding,filipino,active
,dugay na ginkagat sang ido ko kag nag dugo ko gid,dog bite with bleeding,dog_bite_with_bleeding,filipino,active
,dugay na ginkagat sang ido ko kag nag dugo man,dog bite with bleeding,dog_bite_with_bleeding,filipino,active
,dugay na ginkagat sang ido ko kag nag dugo na gid,dog bite with bleeding,dog_bite_with_bleeding,filipino,active
,dugay na ginkagat sang ido ko kag nagdugo gid,dog bite with bleeding,dog_bite_with_bleeding,filipino,active
,dugay na ginkagat sang ido ko kag nagdugo gid ko,dog bite with bleeding,dog_bite_with_bleeding,filipino,active
,dugay na ginkagat sang ido ko kag nagdugo ko gid,dog bite with bleeding,dog_bite_with_bleeding,filipino,active
,dugay na ginkagat sang ido ko kag nagdugo man,dog bite with bleeding,dog_bite_with_bleeding,filipino,active
,dugay na ginkagat sang ido ko kag nagdugo na gid,dog bite with bleeding,dog_bite_with_bleeding,filipino,active
,dugay na ginkagat sang ido ku kag nagdugo gid,dog bite with bleeding,dog_bite_with_bleeding,filipino,active
,dugay na ginkagat sang ido ku kag nagdugo gid ko,dog bite with bleeding,dog_bite_with_bleeding,filipino,active
,dugay na ginkagat sang ido ku kag nagdugo ko gid,dog bite with bleeding,dog_bite_with_bleeding,filipino,active
,dugay na ginkagat sang ido ku kag nagdugo man,dog bite with bleeding,dog_bite_with_bleeding,filipino,active
,dugay na ginkagat sang ido ku kag nagdugo na gid,dog bite with bleeding,dog_bite_with_bleeding,filipino,active
,dugay na may nana akon mata,eye infection,eye_infection,filipino,active
,dugay na may nana akon mata subong gid,eye infection,eye_infection,filipino,active
,dugay na may nana akon mata subong gid ko,eye infection,eye_infection,filipino,active
,dugay na may nana akon mata subong ko gid,eye infection,eye_infection,filipino,active
,dugay na may nana akon mata subong man,eye infection,eye_infection,filipino,active
,dugay na may nana akon mata subong na gid,eye infection,eye_infection,filipino,active
,dugay na may nana mata ko kag gapula mata ko,eye infection with red eye,eye_infection_with_red_eye,filipino,active
,dugay na may pilas ko sa kamot,hand wound,hand_wound,filipino,active
,dugay na may pilas ko sa kamot kag nag dugo gid,bleeding hand wound,bleeding_hand_wound,filipino,active
,dugay na may pilas ko sa kamot kag nag dugo gid ko,bleeding hand wound,bleeding_hand_wound,filipino,active
,dugay na may pilas ko sa kamot kag nag dugo ko gid,bleeding hand wound,bleeding_hand_wound,filipino,active
,dugay na may pilas ko sa kamot kag nag dugo man,bleeding hand wound,bleeding_hand_wound,filipino,active
,dugay na may pilas ko sa kamot kag nag dugo na gid,bleeding hand wound,bleeding_hand_wound,filipino,active
,dugay na may pilas ko sa kamot kag nagdugo gid,bleeding hand wound,bleeding_hand_wound,filipino,active
,dugay na may pilas ko sa kamot kag nagdugo gid ko,bleeding hand wound,bleeding_hand_wound,filipino,active
,dugay na may pilas ko sa kamot kag nagdugo ko gid,bleeding hand wound,bleeding_hand_wound,filipino,active
,dugay na may pilas ko sa kamot kag nagdugo man,bleeding hand wound,bleeding_hand_wound,filipino,active
,dugay na may pilas ko sa kamot kag nagdugo na gid,bleeding hand wound,bleeding_hand_wound,filipino,active
,dugay na may pilas ku sa kamot kag nagdugo gid,bleeding hand wound,bleeding_hand_wound,filipino,active
,dugay na may pilas ku sa kamot kag nagdugo gid ko,bleeding hand wound,bleeding_hand_wound,filipino,active
,dugay na may pilas ku sa kamot kag nagdugo ko gid,bleeding hand wound,bleeding_hand_wound,filipino,active
,dugay na may pilas ku sa kamot kag nagdugo man,bleeding hand wound,bleeding_hand_wound,filipino,active
,dugay na may pilas ku sa kamot kag nagdugo na gid,bleeding hand wound,bleeding_hand_wound,filipino,active
,dugay na nabali kamot ko sang natumba gid,hand fracture,hand_fracture,filipino,active
,dugay na nabali kamot ko sang natumba gid ko,hand fracture,hand_fracture,filipino,active
,dugay na nabali kamot ko sang natumba ko gid,hand fracture,hand_fracture,filipino,active
,dugay na nabali kamot ko sang natumba man,hand fracture,hand_fracture,filipino,active
,dugay na nabali kamot ko sang natumba na gid,hand fracture,hand_fracture,filipino,active
,dugay na nabali kamot ku sang natumba gid,hand fracture,hand_fracture,filipino,active
,dugay na nabali kamot ku sang natumba gid ko,hand fracture,hand_fracture,filipino,active
,dugay na nabali kamot ku sang natumba ko gid,hand fracture,hand_fracture,filipino,active
,dugay na nabali kamot ku sang natumba man,hand fracture,hand_fracture,filipino,active
,dugay na nabali kamot ku sang natumba na gid,hand fracture,hand_fracture,filipino,active
,dugay na nabali na kamot ko sang natumba gid,hand fracture,hand_fracture,filipino,active
,dugay na nabali na kamot ko sang natumba gid ko,hand fracture,hand_fracture,filipino,active
,dugay na nabali na kamot ko sang natumba ko gid,hand fracture,hand_fracture,filipino,active
,dugay na nabali na kamot ko sang natumba man,hand fracture,hand_fracture,filipino,active
,dugay na nabali na kamot ko sang natumba na gid,hand fracture,hand_fracture,filipino,active
,dugay na nakuryente ko sang kuryente gid,electrical injury,electrical_injury,filipino,active
,dugay na nakuryente ko sang kuryente gid ko,electrical injury,electrical_injury,filipino,active
,dugay na nakuryente ko sang kuryente ko gid,electrical injury,electrical_injury,filipino,active
,dugay na nakuryente ko sang kuryente man,electrical injury,electrical_injury,filipino,active
,dugay na nakuryente ko sang kuryente na gid,electrical injury,electrical_injury,filipino,active
,dugay na nakuryente ku sang kuryente gid,electrical injury,electrical_injury,filipino,active
,dugay na nakuryente ku sang kuryente gid ko,electrical injury,electrical_injury,filipino,active
,dugay na nakuryente ku sang kuryente ko gid,electrical injury,electrical_injury,filipino,active
,dugay na nakuryente ku sang kuryente man,electrical injury,electrical_injury,filipino,active
,dugay na nakuryente ku sang kuryente na gid,electrical injury,electrical_injury,filipino,active
,dugay na nautod na tudlo ko sang makina gid,amputated finger,amputated_finger,filipino,active
,dugay na nautod na tudlo ko sang makina gid ko,amputated finger,amputated_finger,filipino,active
,dugay na nautod na tudlo ko sang makina ko gid,amputated finger,amputated_finger,filipino,active
,dugay na nautod na tudlo ko sang makina man,amputated finger,amputated_finger,filipino,active
,dugay na nautod na tudlo ko sang makina na gid,amputated finger,amputated_finger,filipino,active
,dugay na nautod tudlo ko sang makina gid,amputated finger,amputated_finger,filipino,active
,dugay na nautod tudlo ko sang makina gid ko,amputated finger,amputated_finger,filipino,active
,dugay na nautod tudlo ko sang makina ko gid,amputated finger,amputated_finger,filipino,active
,dugay na nautod tudlo ko sang makina man,amputated finger,amputated_finger,filipino,active
,dugay na nautod tudlo ko sang makina na gid,amputated finger,amputated_finger,filipino,active
,dugay na nautod tudlo ku sang makina gid,amputated finger,amputated_finger,filipino,active
,dugay na nautod tudlo ku sang makina gid ko,amputated finger,amputated_finger,filipino,active
,dugay na nautod tudlo ku sang makina ko gid,amputated finger,amputated_finger,filipino,active
,dugay na nautod tudlo ku sang makina man,amputated finger,amputated_finger,filipino,active
,dugay na nautod tudlo ku sang makina na gid,amputated finger,amputated_finger,filipino,active
,dugo gid ang baba ko,oral bleeding,oral_bleeding,filipino,active
,dugo gid ang ilong ko,nosebleed,nosebleed,filipino,active
,dugo gid ang kamot ko,hand bleeding,hand_bleeding,filipino,active
,dugo gid ang pilas ko,bleeding wound,bleeding_wound,filipino,active
,dugo gid ang pilas ku,bleeding wound,bleeding_wound,filipino,active
,dugo gid ang tiil ko,foot bleeding,foot_bleeding,filipino,active
,dugo gid ang tudlo ko,finger bleeding,finger_bleeding,filipino,active
,dugo gid ang ulo ko,head bleeding,head_bleeding,filipino,active
,dugo gid ang ulo ku,head bleeding,head_bleeding,filipino,active
,ga hubag akon tiil,swollen foot,swollen_foot,filipino,active
,ga hubag ang tiil,swollen foot,swollen_foot,filipino,active
,ga sakit abaga ako,shoulder pain,shoulder_pain,filipino,active
,ga sakit abaga akon,shoulder pain,shoulder_pain,filipino,active
,ga sakit abaga akon gid,shoulder pain,shoulder_pain,filipino,active
,ga sakit abaga akon subong,shoulder pain,shoulder_pain,filipino,active
,ga sakit akon abaga,shoulder pain,shoulder_pain,filipino,active
,ga sakit akon atay,liver pain,liver_pain,filipino,active
,ga sakit akon awang,jaw pain,jaw_pain,filipino,active
,ga sakit akon baba,mouth pain,mouth_pain,filipino,active
,ga sakit akon balat,skin pain,skin_pain,filipino,active
,ga sakit akon batiis,leg pain,leg_pain,filipino,active
,ga sakit akon bato,kidney pain,kidney_pain,filipino,active
,ga sakit akon baywang,waist pain,waist_pain,filipino,active
,ga sakit akon buhok,hair pain,hair_pain,filipino,active
,ga sakit akon bukong,forehead pain,forehead_pain,filipino,active
,ga sakit akon buuk,arm pain,arm_pain,filipino,active
,ga sakit akon dalunggan,ear pain,ear_pain,filipino,active
,ga sakit akon dila,tongue pain,tongue_pain,filipino,active
,ga sakit akon dughan,chest pain,chest_pain,filipino,active
,ga sakit akon ilong,nose pain,nose_pain,filipino,active
,ga sakit akon kamot,hand pain,hand_pain,filipino,active
,ga sakit akon kuko,nail pain,nail_pain,filipino,active
,ga sakit akon lawas,body pain,body_pain,filipino,active
,ga sakit akon lawi,nape pain,nape_pain,filipino,active
,ga sakit akon likod,back pain,back_pain,filipino,active
,ga sakit akon liog,neck pain,neck_pain,filipino,active
,ga sakit akon mata,eye pain,eye_pain,filipino,active
,ga sakit akon ngipon,tooth pain,tooth_pain,filipino,active
,ga sakit akon paa,foot pain,foot_pain,filipino,active
,ga sakit akon pilas,wound pain,wound_pain,filipino,active
,ga sakit akon pisngi,cheek pain,cheek_pain,filipino,active
,ga sakit akon siko,elbow pain,elbow_pain,filipino,active
,ga sakit akon tadlong,forearm pain,forearm_pain,filipino,active
,ga sakit akon tagipusuon,heart pain,heart_pain,filipino,active
,ga sakit akon tai,buttocks pain,buttocks_pain,filipino,active
,ga sakit akon tiil,foot pain,foot_pain,filipino,active
,ga sakit akon tikod,heel pain,heel_pain,filipino,active
,ga sakit akon titi,breast pain,breast_pain,filipino,active
,ga sakit akon tiyan,abdominal pain,abdominal_pain,filipino,active
,ga sakit akon tudlo,finger pain,finger_pain,filipino,active
,ga sakit akon tuhod,knee pain,knee_pain,filipino,active
,ga sakit akon tungod,throat pain,throat_pain,filipino,active
,ga sakit akon tungtong,ankle pain,ankle_pain,filipino,active
,ga sakit akon ulo,head pain,head_pain,filipino,active
,ga sakit akon utok,brain pain,brain_pain,filipino,active
,ga sakit atay akon,liver pain,liver_pain,filipino,active
,ga sakit awang akon,jaw pain,jaw_pain,filipino,active
,ga sakit awang gid ko,jaw pain,jaw_pain,filipino,active
,ga sakit awang ko,jaw pain,jaw_pain,filipino,active
,ga sakit awang man,jaw pain,jaw_pain,filipino,active
,ga sakit awang subong,jaw pain,jaw_pain,filipino,active
,ga sakit baba akon,mouth pain,mouth_pain,filipino,active
,ga sakit balat akon,skin pain,skin_pain,filipino,active
,ga sakit batiis akon,leg pain,leg_pain,filipino,active
,ga sakit bato akon,kidney pain,kidney_pain,filipino,active
,ga sakit baywang ako,waist pain,waist_pain,filipino,active
,ga sakit baywang akon,waist pain,waist_pain,filipino,active
,ga sakit baywang akon gid,waist pain,waist_pain,filipino,active
,ga sakit baywang akon subong,waist pain,waist_pain,filipino,active
,ga sakit baywang gid ko,waist pain,waist_pain,filipino,active
,ga sakit baywang ko,waist pain,waist_pain,filipino,active
,ga sakit baywang ko gid,waist pain,waist_pain,filipino,active
,ga sakit baywang ko man,waist pain,waist_pain,filipino,active
,ga sakit baywang man,waist pain,waist_pain,filipino,active
,ga sakit baywang subong,waist pain,waist_pain,filipino,active
,ga sakit buhok akon,hair pain,hair_pain,filipino,active
,ga sakit bukong akon,forehead pain,forehead_pain,filipino,active
,ga sakit bukong gid ko,forehead pain,forehead_pain,filipino,active
,ga sakit bukong ko,forehead pain,forehead_pain,filipino,active
,ga sakit bukong man,forehead pain,forehead_pain,filipino,active
,ga sakit bukong subong,forehead pain,forehead_pain,filipino,active
,ga sakit buuk akon,arm pain,arm_pain,filipino,active
,ga sakit dalunggan akon,ear pain,ear_pain,filipino,active
,ga sakit dila akon,tongue pain,tongue_pain,filipino,active
,ga sakit dughan akon,chest pain,chest_pain,filipino,active
,ga sakit ilong akon,nose pain,nose_pain,filipino,active
,ga sakit ilong gid ko,nose pain,nose_pain,filipino,active
,ga sakit ilong ko,nose pain,nose_pain,filipino,active
,ga sakit ilong man,nose pain,nose_pain,filipino,active
,ga sakit ilong subong,nose pain,nose_pain,filipino,active
,ga sakit kamot akon,hand pain,hand_pain,filipino,active
,ga sakit kuko akon,nail pain,nail_pain,filipino,active
,ga sakit lawas akon,body pain,body_pain,filipino,active
,ga sakit lawi akon,nape pain,nape_pain,filipino,active
,ga sakit likod ako,back pain,back_pain,filipino,active
,ga sakit likod akon,back pain,back_pain,filipino,active
,ga sakit likod akon gid,back pain,back_pain,filipino,active
,ga sakit likod akon subong,back pain,back_pain,filipino,active
,ga sakit liog ako,neck pain,neck_pain,filipino,active
,ga sakit liog akon,neck pain,neck_pain,filipino,active
,ga sakit liog akon gid,neck pain,neck_pain,filipino,active
,ga sakit liog akon subong,neck pain,neck_pain,filipino,active
,ga sakit mata akon,eye pain,eye_pain,filipino,active
,ga sakit ngipon akon,tooth pain,tooth_pain,filipino,active
,ga sakit paa akon,foot pain,foot_pain,filipino,active
,ga sakit pilas akon,wound pain,wound_pain,filipino,active
,ga sakit pisngi akon,cheek pain,cheek_pain,filipino,active
,ga sakit siko ako,elbow pain,elbow_pain,filipino,active
,ga sakit siko akon,elbow pain,elbow_pain,filipino,active
,ga sakit siko akon gid,elbow pain,elbow_pain,filipino,active
,ga sakit siko akon subong,elbow pain,elbow_pain,filipino,active
,ga sakit tadlong akon,forearm pain,forearm_pain,filipino,active
,ga sakit tadlong gid ko,forearm pain,forearm_pain,filipino,active
,ga sakit tadlong ko,forearm pain,forearm_pain,filipino,active
,ga sakit tadlong man,forearm pain,forearm_pain,filipino,active
,ga sakit tadlong subong,forearm pain,forearm_pain,filipino,active
,ga sakit tagipusuon akon,heart pain,heart_pain,filipino,active
,ga sakit tai akon,buttocks pain,buttocks_pain,filipino,active
,ga sakit tiil akon,foot pain,foot_pain,filipino,active
,ga sakit tikod ako,heel pain,heel_pain,filipino,active
,ga sakit tikod akon,heel pain,heel_pain,filipino,active
,ga sakit tikod akon gid,heel pain,heel_pain,filipino,active
,ga sakit tikod akon subong,heel pain,heel_pain,filipino,active
,ga sakit titi akon,breast pain,breast_pain,filipino,active
,ga sakit tiyan akon,abdominal pain,abdominal_pain,filipino,active
,ga sakit tudlo akon,finger pain,finger_pain,filipino,active
,ga sakit tuhod akon,knee pain,knee_pain,filipino,active
,ga sakit tungod akon,throat pain,throat_pain,filipino,active
,ga sakit tungtong ako,ankle pain,ankle_pain,filipino,active
,ga sakit tungtong akon,ankle pain,ankle_pain,filipino,active
,ga sakit tungtong akon gid,ankle pain,ankle_pain,filipino,active
,ga sakit tungtong akon subong,ankle pain,ankle_pain,filipino,active
,ga sakit tungtong gid ko,ankle pain,ankle_pain,filipino,active
,ga sakit tungtong ko,ankle pain,ankle_pain,filipino,active
,ga sakit tungtong ko gid,ankle pain,ankle_pain,filipino,active
,ga sakit tungtong ko man,ankle pain,ankle_pain,filipino,active
,ga sakit tungtong man,ankle pain,ankle_pain,filipino,active
,ga sakit tungtong subong,ankle pain,ankle_pain,filipino,active
,ga sakit ulo akon,head pain,head_pain,filipino,active
,ga sakit utok akon,brain pain,brain_pain,filipino,active
,gadugo akon ari,penile bleeding,penile_bleeding,filipino,active
,gadugo akon ari ko,penile bleeding,penile_bleeding,filipino,active
,gadugo akon ary,penile bleeding,penile_bleeding,filipino,active
,gadugo akon ary ko,penile bleeding,penile_bleeding,filipino,active
,gadugo akon bilad,vaginal bleeding,vaginal_bleeding,filipino,active
,gadugo akon bilad ko,vaginal bleeding,vaginal_bleeding,filipino,active
,gadugo akon bilat,vaginal bleeding,vaginal_bleeding,filipino,active
,gadugo akon bilat ko,vaginal bleeding,vaginal_bleeding,filipino,active
,gadugo akon itlog,testicular bleeding,testicular_bleeding,filipino,active
,gadugo akon itlog ko,testicular bleeding,testicular_bleeding,filipino,active
,gadugo akon itlug,testicular bleeding,testicular_bleeding,filipino,active
,gadugo akon itlug ko,testicular bleeding,testicular_bleeding,filipino,active
,gadugo ari ako,penile bleeding,penile_bleeding,filipino,active
,gadugo ari akon,penile bleeding,penile_bleeding,filipino,active
,gadugo ari akon gid,penile bleeding,penile_bleeding,filipino,active
,gadugo ari akon subong,penile bleeding,penile_bleeding,filipino,active
,gadugo ari ko ako,penile bleeding,penile_bleeding,filipino,active
,gadugo ari ko akon,penile bleeding,penile_bleeding,filipino,active
,gadugo ari ko akon gid,penile bleeding,penile_bleeding,filipino,active
,gadugo ari ko akon subong,penile bleeding,penile_bleeding,filipino,active
,gadugo ary ako,penile bleeding,penile_bleeding,filipino,active
,gadugo ary akon,penile bleeding,penile_bleeding,filipino,active
,gadugo ary akon gid,penile bleeding,penile_bleeding,filipino,active
,gadugo ary akon subong,penile bleeding,penile_bleeding,filipino,active
,gadugo ary ko ako,penile bleeding,penile_bleeding,filipino,active
,gadugo ary ko akon,penile bleeding,penile_bleeding,filipino,active
,gadugo ary ko akon gid,penile bleeding,penile_bleeding,filipino,active
,gadugo ary ko akon subong,penile bleeding,penile_bleeding,filipino,active
,gadugo bilad ako,vaginal bleeding,vaginal_bleeding,filipino,active
,gadugo bilad akon,vaginal bleeding,vaginal_bleeding,filipino,active
,gadugo bilad akon gid,vaginal bleeding,vaginal_bleeding,filipino,active
,gadugo bilad akon subong,vaginal bleeding,vaginal_bleeding,filipino,active
,gadugo bilad ko ako,vaginal bleeding,vaginal_bleeding,filipino,active
,gadugo bilad ko akon,vaginal bleeding,vaginal_bleeding,filipino,active
,gadugo bilad ko akon gid,vaginal bleeding,vaginal_bleeding,filipino,active
,gadugo bilad ko akon subong,vaginal bleeding,vaginal_bleeding,filipino,active
,gadugo bilat ako,vaginal bleeding,vaginal_bleeding,filipino,active
,gadugo bilat akon,vaginal bleeding,vaginal_bleeding,filipino,active
,gadugo bilat akon gid,vaginal bleeding,vaginal_bleeding,filipino,active
,gadugo bilat akon subong,vaginal bleeding,vaginal_bleeding,filipino,active
,gadugo bilat ko ako,vaginal bleeding,vaginal_bleeding,filipino,active
,gadugo bilat ko akon,vaginal bleeding,vaginal_bleeding,filipino,active
,gadugo bilat ko akon gid,vaginal bleeding,vaginal_bleeding,filipino,active
,gadugo bilat ko akon subong,vaginal bleeding,vaginal_bleeding,filipino,active
,gadugo gid akon ari,penile bleeding,penile_bleeding,filipino,active
,gadugo gid akon ari ko,penile bleeding,penile_bleeding,filipino,active
,gadugo gid akon ary,penile bleeding,penile_bleeding,filipino,active
,gadugo gid akon ary ko,penile bleeding,penile_bleeding,filipino,active
,gadugo gid akon bilad,vaginal bleeding,vaginal_bleeding,filipino,active
,gadugo gid akon bilad ko,vaginal bleeding,vaginal_bleeding,filipino,active
,gadugo gid akon bilat,vaginal bleeding,vaginal_bleeding,filipino,active
,gadugo gid akon bilat ko,vaginal bleeding,vaginal_bleeding,filipino,active
,gadugo gid akon itlog,testicular bleeding,testicular_bleeding,filipino,active
,gadugo gid akon itlog ko,testicular bleeding,testicular_bleeding,filipino,active
,gadugo gid akon itlug,testicular bleeding,testicular_bleeding,filipino,active
,gadugo gid akon itlug ko,testicular bleeding,testicular_bleeding,filipino,active
,gadugo gid ari ako,penile bleeding,penile_bleeding,filipino,active
,gadugo gid ari akon,penile bleeding,penile_bleeding,filipino,active
,gadugo gid ari akon gid,penile bleeding,penile_bleeding,filipino,active
,gadugo gid ari akon subong,penile bleeding,penile_bleeding,filipino,active
,gadugo gid ari ko ako,penile bleeding,penile_bleeding,filipino,active
,gadugo gid ari ko akon,penile bleeding,penile_bleeding,filipino,active
,gadugo gid ari ko akon gid,penile bleeding,penile_bleeding,filipino,active
,gadugo gid ari ko akon subong,penile bleeding,penile_bleeding,filipino,active
,gadugo gid ary ako,penile bleeding,penile_bleeding,filipino,active
,gadugo gid ary akon,penile bleeding,penile_bleeding,filipino,active
,gadugo gid ary akon gid,penile bleeding,penile_bleeding,filipino,active
,gadugo gid ary akon subong,penile bleeding,penile_bleeding,filipino,active
,gadugo gid ary ko ako,penile bleeding,penile_bleeding,filipino,active
,gadugo gid ary ko akon,penile bleeding,penile_bleeding,filipino,active
,gadugo gid ary ko akon gid,penile bleeding,penile_bleeding,filipino,active
,gadugo gid ary ko akon subong,penile bleeding,penile_bleeding,filipino,active
,gadugo gid bilad ako,vaginal bleeding,vaginal_bleeding,filipino,active
,gadugo gid bilad akon,vaginal bleeding,vaginal_bleeding,filipino,active
,gadugo gid bilad akon gid,vaginal bleeding,vaginal_bleeding,filipino,active
,gadugo gid bilad akon subong,vaginal bleeding,vaginal_bleeding,filipino,active
,gadugo gid bilad ko ako,vaginal bleeding,vaginal_bleeding,filipino,active
,gadugo gid bilad ko akon,vaginal bleeding,vaginal_bleeding,filipino,active
,gadugo gid bilad ko akon gid,vaginal bleeding,vaginal_bleeding,filipino,active
,gadugo gid bilad ko akon subong,vaginal bleeding,vaginal_bleeding,filipino,active
,gadugo gid bilat ako,vaginal bleeding,vaginal_bleeding,filipino,active
,gadugo gid bilat akon,vaginal bleeding,vaginal_bleeding,filipino,active
,gadugo gid bilat akon gid,vaginal bleeding,vaginal_bleeding,filipino,active
,gadugo gid bilat akon subong,vaginal bleeding,vaginal_bleeding,filipino,active
,gadugo gid bilat ko ako,vaginal bleeding,vaginal_bleeding,filipino,active
,gadugo gid bilat ko akon,vaginal bleeding,vaginal_bleeding,filipino,active
,gadugo gid bilat ko akon gid,vaginal bleeding,vaginal_bleeding,filipino,active
,gadugo gid bilat ko akon subong,vaginal bleeding,vaginal_bleeding,filipino,active
,gadugo gid itlog ako,testicular bleeding,testicular_bleeding,filipino,active
,gadugo gid itlog akon,testicular bleeding,testicular_bleeding,filipino,active
,gadugo gid itlog akon gid,testicular bleeding,testicular_bleeding,filipino,active
,gadugo gid itlog akon subong,testicular bleeding,testicular_bleeding,filipino,active
,gadugo gid itlog ko ako,testicular bleeding,testicular_bleeding,filipino,active
,gadugo gid itlog ko akon,testicular bleeding,testicular_bleeding,filipino,active
,gadugo gid itlog ko akon gid,testicular bleeding,testicular_bleeding,filipino,active
,gadugo gid itlog ko akon subong,testicular bleeding,testicular_bleeding,filipino,active
,gadugo gid itlug ako,testicular bleeding,testicular_bleeding,filipino,active
,gadugo gid itlug akon,testicular bleeding,testicular_bleeding,filipino,active
,gadugo gid itlug akon gid,testicular bleeding,testicular_bleeding,filipino,active
,gadugo gid itlug akon subong,testicular bleeding,testicular_bleeding,filipino,active
,gadugo gid itlug ko ako,testicular bleeding,testicular_bleeding,filipino,active
,gadugo gid itlug ko akon,testicular bleeding,testicular_bleeding,filipino,active
,gadugo gid itlug ko akon gid,testicular bleeding,testicular_bleeding,filipino,active
,gadugo gid itlug ko akon subong,testicular bleeding,testicular_bleeding,filipino,active
,gadugo itlog ako,testicular bleeding,testicular_bleeding,filipino,active
,gadugo itlog akon,testicular bleeding,testicular_bleeding,filipino,active
,gadugo itlog akon gid,testicular bleeding,testicular_bleeding,filipino,active
,gadugo itlog akon subong,testicular bleeding,testicular_bleeding,filipino,active
,gadugo itlog ko ako,testicular bleeding,testicular_bleeding,filipino,active
,gadugo itlog ko akon,testicular bleeding,testicular_bleeding,filipino,active
,gadugo itlog ko akon gid,testicular bleeding,testicular_bleeding,filipino,active
,gadugo itlog ko akon subong,testicular bleeding,testicular_bleeding,filipino,active
,gadugo itlug ako,testicular bleeding,testicular_bleeding,filipino,active
,gadugo itlug akon,testicular bleeding,testicular_bleeding,filipino,active
,gadugo itlug akon gid,testicular bleeding,testicular_bleeding,filipino,active
,gadugo itlug akon subong,testicular bleeding,testicular_bleeding,filipino,active
,gadugo itlug ko ako,testicular bleeding,testicular_bleeding,filipino,active
,gadugo itlug ko akon,testicular bleeding,testicular_bleeding,filipino,active
,gadugo itlug ko akon gid,testicular bleeding,testicular_bleeding,filipino,active
,gadugo itlug ko akon subong,testicular bleeding,testicular_bleeding,filipino,active
,gahabok abaga akon,shoulder swelling,shoulder_swelling,filipino,active
,gahabok abaga akon gid,shoulder swelling,shoulder_swelling,filipino,active
,gahabok akon abaga,shoulder swelling,shoulder_swelling,filipino,active
,gahabok akon ari,penile swelling,penile_swelling,filipino,active
,gahabok akon ari ko,penile swelling,penile_swelling,filipino,active
,gahabok akon ary,penile swelling,penile_swelling,filipino,active
,gahabok akon ary ko,penile swelling,penile_swelling,filipino,active
,gahabok akon atay,liver swelling,liver_swelling,filipino,active
,gahabok akon awang,jaw swelling,jaw_swelling,filipino,active
,gahabok akon baba,lip swelling,lip_swelling,filipino,active
,gahabok akon balat,skin swelling,skin_swelling,filipino,active
,gahabok akon batiis,leg swelling,leg_swelling,filipino,active
,gahabok akon bato,kidney swelling,kidney_swelling,filipino,active
,gahabok akon bayag,scrotal swelling,scrotal_swelling,filipino,active
,gahabok akon baywang,waist swelling,waist_swelling,filipino,active
,gahabok akon bilad,vaginal swelling,vaginal_swelling,filipino,active
,gahabok akon bilad ko,vaginal swelling,vaginal_swelling,filipino,active
,gahabok akon bilat,vaginal swelling,vaginal_swelling,filipino,active
,gahabok akon bilat ko,vaginal swelling,vaginal_swelling,filipino,active
,gahabok akon buhok,hair swelling,hair_swelling,filipino,active
,gahabok akon bukong,forehead swelling,forehead_swelling,filipino,active
,gahabok akon buuk,arm swelling,arm_swelling,filipino,active
,gahabok akon dalunggan,ear swelling,ear_swelling,filipino,active
,gahabok akon dila,swollen tongue,swollen_tongue,filipino,active
,gahabok akon dughan,chest swelling,chest_swelling,filipino,active
,gahabok akon ilong,nasal swelling,nasal_swelling,filipino,active
,gahabok akon itlog,testicular swelling,testicular_swelling,filipino,active
,gahabok akon itlog ko,testicular swelling,testicular_swelling,filipino,active
,gahabok akon itlog ku,testicular swelling,testicular_swelling,filipino,active
,gahabok akon itlug,testicular swelling,testicular_swelling,filipino,active
,gahabok akon itlug ko,testicular swelling,testicular_swelling,filipino,active
,gahabok akon itlug ku,testicular swelling,testicular_swelling,filipino,active
,gahabok akon kamot,hand swelling,hand_swelling,filipino,active
,gahabok akon kuko,nail swelling,nail_swelling,filipino,active
,gahabok akon lawas,body swelling,body_swelling,filipino,active
,gahabok akon lawi,nape swelling,nape_swelling,filipino,active
,gahabok akon likod,back swelling,back_swelling,filipino,active
,gahabok akon liog,neck swelling,neck_swelling,filipino,active
,gahabok akon mata,eye swelling,eye_swelling,filipino,active
,gahabok akon ngipon,tooth swelling,tooth_swelling,filipino,active
,gahabok akon paa,foot swelling,foot_swelling,filipino,active
,gahabok akon pilas,wound swelling,wound_swelling,filipino,active
,gahabok akon pisngi,facial swelling,facial_swelling,filipino,active
,gahabok akon siko,elbow swelling,elbow_swelling,filipino,active
,gahabok akon singit,groin swelling,groin_swelling,filipino,active
,gahabok akon tadlong,forearm swelling,forearm_swelling,filipino,active
,gahabok akon tagipusuon,heart swelling,heart_swelling,filipino,active
,gahabok akon tai,buttocks swelling,buttocks_swelling,filipino,active
,gahabok akon tiil,swollen foot,swollen_foot,filipino,active
,gahabok akon tikod,heel swelling,heel_swelling,filipino,active
,gahabok akon titi,breast swelling,breast_swelling,filipino,active
,gahabok akon tiyan,abdominal swelling,abdominal_swelling,filipino,active
,gahabok akon tudlo,finger swelling,finger_swelling,filipino,active
,gahabok akon tuhod,knee swelling,knee_swelling,filipino,active
,gahabok akon tungod,throat swelling,throat_swelling,filipino,active
,gahabok akon tungtong,ankle swelling,ankle_swelling,filipino,active
,gahabok akon ulo,head swelling,head_swelling,filipino,active
,gahabok akon utok,brain swelling,brain_swelling,filipino,active
,gahabok ang tiil,swollen foot,swollen_foot,filipino,active
,gahabok ari ako,penile swelling,penile_swelling,filipino,active
,gahabok ari akon,penile swelling,penile_swelling,filipino,active
,gahabok ari akon gid,penile swelling,penile_swelling,filipino,active
,gahabok ari akon subong,penile swelling,penile_swelling,filipino,active
,gahabok ari ko ako,penile swelling,penile_swelling,filipino,active
,gahabok ari ko akon,penile swelling,penile_swelling,filipino,active
,gahabok ari ko akon gid,penile swelling,penile_swelling,filipino,active
,gahabok ari ko akon subong,penile swelling,penile_swelling,filipino,active
,gahabok ary ako,penile swelling,penile_swelling,filipino,active
,gahabok ary akon,penile swelling,penile_swelling,filipino,active
,gahabok ary akon gid,penile swelling,penile_swelling,filipino,active
,gahabok ary akon subong,penile swelling,penile_swelling,filipino,active
,gahabok ary ko ako,penile swelling,penile_swelling,filipino,active
,gahabok ary ko akon,penile swelling,penile_swelling,filipino,active
,gahabok ary ko akon gid,penile swelling,penile_swelling,filipino,active
,gahabok ary ko akon subong,penile swelling,penile_swelling,filipino,active
,gahabok atay akon,liver swelling,liver_swelling,filipino,active
,gahabok atay akon gid,liver swelling,liver_swelling,filipino,active
,gahabok awang akon,jaw swelling,jaw_swelling,filipino,active
,gahabok awang akon gid,jaw swelling,jaw_swelling,filipino,active
,gahabok awang gid ko,jaw swelling,jaw_swelling,filipino,active
,gahabok awang ko,jaw swelling,jaw_swelling,filipino,active
,gahabok awang ko gid,jaw swelling,jaw_swelling,filipino,active
,gahabok awang man,jaw swelling,jaw_swelling,filipino,active
,gahabok awang subong,jaw swelling,jaw_swelling,filipino,active
,gahabok baba akon,lip swelling,lip_swelling,filipino,active
,gahabok baba akon gid,lip swelling,lip_swelling,filipino,active
,gahabok balat akon,skin swelling,skin_swelling,filipino,active
,gahabok balat akon gid,skin swelling,skin_swelling,filipino,active
,gahabok batiis akon,leg swelling,leg_swelling,filipino,active
,gahabok batiis akon gid,leg swelling,leg_swelling,filipino,active
,gahabok bato akon,kidney swelling,kidney_swelling,filipino,active
,gahabok bato akon gid,kidney swelling,kidney_swelling,filipino,active
,gahabok bayag ako,scrotal swelling,scrotal_swelling,filipino,active
,gahabok bayag akon,scrotal swelling,scrotal_swelling,filipino,active
,gahabok bayag akon gid,scrotal swelling,scrotal_swelling,filipino,active
,gahabok bayag akon subong,scrotal swelling,scrotal_swelling,filipino,active
,gahabok baywang akon,waist swelling,waist_swelling,filipino,active
,gahabok baywang akon gid,waist swelling,waist_swelling,filipino,active
,gahabok baywang gid ko,waist swelling,waist_swelling,filipino,active
,gahabok baywang ko,waist swelling,waist_swelling,filipino,active
,gahabok baywang ko gid,waist swelling,waist_swelling,filipino,active
,gahabok baywang man,waist swelling,waist_swelling,filipino,active
,gahabok baywang subong,waist swelling,waist_swelling,filipino,active
,gahabok bilad ako,vaginal swelling,vaginal_swelling,filipino,active
,gahabok bilad akon,vaginal swelling,vaginal_swelling,filipino,active
,gahabok bilad akon gid,vaginal swelling,vaginal_swelling,filipino,active
,gahabok bilad akon subong,vaginal swelling,vaginal_swelling,filipino,active
,gahabok bilad ko ako,vaginal swelling,vaginal_swelling,filipino,active
,gahabok bilad ko akon,vaginal swelling,vaginal_swelling,filipino,active
,gahabok bilad ko akon gid,vaginal swelling,vaginal_swelling,filipino,active
,gahabok bilad ko akon subong,vaginal swelling,vaginal_swelling,filipino,active
,gahabok bilat ako,vaginal swelling,vaginal_swelling,filipino,active
,gahabok bilat akon,vaginal swelling,vaginal_swelling,filipino,active
,gahabok bilat akon gid,vaginal swelling,vaginal_swelling,filipino,active
,gahabok bilat akon subong,vaginal swelling,vaginal_swelling,filipino,active
,gahabok bilat ko ako,vaginal swelling,vaginal_swelling,filipino,active
,gahabok bilat ko akon,vaginal swelling,vaginal_swelling,filipino,active
,gahabok bilat ko akon gid,vaginal swelling,vaginal_swelling,filipino,active
,gahabok bilat ko akon subong,vaginal swelling,vaginal_swelling,filipino,active
,gahabok buhok akon,hair swelling,hair_swelling,filipino,active
,gahabok buhok akon gid,hair swelling,hair_swelling,filipino,active
,gahabok bukong akon,forehead swelling,forehead_swelling,filipino,active
,gahabok bukong akon gid,forehead swelling,forehead_swelling,filipino,active
,gahabok bukong gid ko,forehead swelling,forehead_swelling,filipino,active
,gahabok bukong ko,forehead swelling,forehead_swelling,filipino,active
,gahabok bukong ko gid,forehead swelling,forehead_swelling,filipino,active
,gahabok bukong man,forehead swelling,forehead_swelling,filipino,active
,gahabok bukong subong,forehead swelling,forehead_swelling,filipino,active
,gahabok buuk akon,arm swelling,arm_swelling,filipino,active
,gahabok buuk akon gid,arm swelling,arm_swelling,filipino,active
,gahabok dalunggan akon,ear swelling,ear_swelling,filipino,active
,gahabok dalunggan akon gid,ear swelling,ear_swelling,filipino,active
,gahabok dila akon,swollen tongue,swollen_tongue,filipino,active
,gahabok dila akon gid,swollen tongue,swollen_tongue,filipino,active
,gahabok dughan akon,chest swelling,chest_swelling,filipino,active
,gahabok dughan akon gid,chest swelling,chest_swelling,filipino,active
,gahabok ilong akon,nasal swelling,nasal_swelling,filipino,active
,gahabok ilong akon gid,nasal swelling,nasal_swelling,filipino,active
,gahabok ilong gid ko,nasal swelling,nasal_swelling,filipino,active
,gahabok ilong ko,nasal swelling,nasal_swelling,filipino,active
,gahabok ilong ko gid,nasal swelling,nasal_swelling,filipino,active
,gahabok ilong man,nasal swelling,nasal_swelling,filipino,active
,gahabok ilong subong,nasal swelling,nasal_swelling,filipino,active
,gahabok itlog ako,testicular swelling,testicular_swelling,filipino,active
,gahabok itlog akon,testicular swelling,testicular_swelling,filipino,active
,gahabok itlog akon gid,testicular swelling,testicular_swelling,filipino,active
,gahabok itlog akon subong,testicular swelling,testicular_swelling,filipino,active
,gahabok itlog ko ako,testicular swelling,testicular_swelling,filipino,active
,gahabok itlog ko akon,testicular swelling,testicular_swelling,filipino,active
,gahabok itlog ko akon gid,testicular swelling,testicular_swelling,filipino,active
,gahabok itlog ko akon subong,testicular swelling,testicular_swelling,filipino,active
,gahabok itlog ku ako,testicular swelling,testicular_swelling,filipino,active
,gahabok itlog ku akon,testicular swelling,testicular_swelling,filipino,active
,gahabok itlog ku akon gid,testicular swelling,testicular_swelling,filipino,active
,gahabok itlog ku akon subong,testicular swelling,testicular_swelling,filipino,active
,gahabok itlug ako,testicular swelling,testicular_swelling,filipino,active
,gahabok itlug akon,testicular swelling,testicular_swelling,filipino,active
,gahabok itlug akon gid,testicular swelling,testicular_swelling,filipino,active
,gahabok itlug akon subong,testicular swelling,testicular_swelling,filipino,active
,gahabok itlug ko ako,testicular swelling,testicular_swelling,filipino,active
,gahabok itlug ko akon,testicular swelling,testicular_swelling,filipino,active
,gahabok itlug ko akon gid,testicular swelling,testicular_swelling,filipino,active
,gahabok itlug ko akon subong,testicular swelling,testicular_swelling,filipino,active
,gahabok itlug ku ako,testicular swelling,testicular_swelling,filipino,active
,gahabok itlug ku akon,testicular swelling,testicular_swelling,filipino,active
,gahabok itlug ku akon gid,testicular swelling,testicular_swelling,filipino,active
,gahabok itlug ku akon subong,testicular swelling,testicular_swelling,filipino,active
,gahabok kamot akon,hand swelling,hand_swelling,filipino,active
,gahabok kamot akon gid,hand swelling,hand_swelling,filipino,active
,gahabok kuko akon,nail swelling,nail_swelling,filipino,active
,gahabok kuko akon gid,nail swelling,nail_swelling,filipino,active
,gahabok lawas akon,body swelling,body_swelling,filipino,active
,gahabok lawas akon gid,body swelling,body_swelling,filipino,active
,gahabok lawi akon,nape swelling,nape_swelling,filipino,active
,gahabok lawi akon gid,nape swelling,nape_swelling,filipino,active
,gahabok likod akon,back swelling,back_swelling,filipino,active
,gahabok likod akon gid,back swelling,back_swelling,filipino,active
,gahabok liog akon,neck swelling,neck_swelling,filipino,active
,gahabok liog akon gid,neck swelling,neck_swelling,filipino,active
,gahabok mata akon,eye swelling,eye_swelling,filipino,active
,gahabok mata akon gid,eye swelling,eye_swelling,filipino,active
,gahabok ngipon akon,tooth swelling,tooth_swelling,filipino,active
,gahabok ngipon akon gid,tooth swelling,tooth_swelling,filipino,active
,gahabok paa akon,foot swelling,foot_swelling,filipino,active
,gahabok paa akon gid,foot swelling,foot_swelling,filipino,active
,gahabok pilas akon,wound swelling,wound_swelling,filipino,active
,gahabok pilas akon gid,wound swelling,wound_swelling,filipino,active
,gahabok pisngi akon,facial swelling,facial_swelling,filipino,active
,gahabok pisngi akon gid,facial swelling,facial_swelling,filipino,active
,gahabok siko akon,elbow swelling,elbow_swelling,filipino,active
,gahabok siko akon gid,elbow swelling,elbow_swelling,filipino,active
,gahabok singit ako,groin swelling,groin_swelling,filipino,active
,gahabok singit akon,groin swelling,groin_swelling,filipino,active
,gahabok singit akon gid,groin swelling,groin_swelling,filipino,active
,gahabok singit akon subong,groin swelling,groin_swelling,filipino,active
,gahabok tadlong akon,forearm swelling,forearm_swelling,filipino,active
,gahabok tadlong akon gid,forearm swelling,forearm_swelling,filipino,active
,gahabok tadlong gid ko,forearm swelling,forearm_swelling,filipino,active
,gahabok tadlong ko,forearm swelling,forearm_swelling,filipino,active
,gahabok tadlong ko gid,forearm swelling,forearm_swelling,filipino,active
,gahabok tadlong man,forearm swelling,forearm_swelling,filipino,active
,gahabok tadlong subong,forearm swelling,forearm_swelling,filipino,active
,gahabok tagipusuon akon,heart swelling,heart_swelling,filipino,active
,gahabok tagipusuon akon gid,heart swelling,heart_swelling,filipino,active
,gahabok tai akon,buttocks swelling,buttocks_swelling,filipino,active
,gahabok tai akon gid,buttocks swelling,buttocks_swelling,filipino,active
,gahabok tiil akon,foot swelling,foot_swelling,filipino,active
,gahabok tiil akon gid,foot swelling,foot_swelling,filipino,active
,gahabok tikod akon,heel swelling,heel_swelling,filipino,active
,gahabok tikod akon gid,heel swelling,heel_swelling,filipino,active
,gahabok titi akon,breast swelling,breast_swelling,filipino,active
,gahabok titi akon gid,breast swelling,breast_swelling,filipino,active
,gahabok tiyan akon,abdominal swelling,abdominal_swelling,filipino,active
,gahabok tiyan akon gid,abdominal swelling,abdominal_swelling,filipino,active
,gahabok tudlo akon,finger swelling,finger_swelling,filipino,active
,gahabok tudlo akon gid,finger swelling,finger_swelling,filipino,active
,gahabok tuhod akon,knee swelling,knee_swelling,filipino,active
,gahabok tuhod akon gid,knee swelling,knee_swelling,filipino,active
,gahabok tungod akon,throat swelling,throat_swelling,filipino,active
,gahabok tungod akon gid,throat swelling,throat_swelling,filipino,active
,gahabok tungtong akon,ankle swelling,ankle_swelling,filipino,active
,gahabok tungtong akon gid,ankle swelling,ankle_swelling,filipino,active
,gahabok tungtong gid ko,ankle swelling,ankle_swelling,filipino,active
,gahabok tungtong ko,ankle swelling,ankle_swelling,filipino,active
,gahabok tungtong ko gid,ankle swelling,ankle_swelling,filipino,active
,gahabok tungtong man,ankle swelling,ankle_swelling,filipino,active
,gahabok tungtong subong,ankle swelling,ankle_swelling,filipino,active
,gahabok ulo akon,head swelling,head_swelling,filipino,active
,gahabok ulo akon gid,head swelling,head_swelling,filipino,active
,gahabok utok akon,brain swelling,brain_swelling,filipino,active
,gahabok utok akon gid,brain swelling,brain_swelling,filipino,active
,gahapon may nana akon mata,eye infection,eye_infection,filipino,active
,gahapon may pilas ko sa kamot,hand wound,hand_wound,filipino,active
,gahi ang liog,cervical spondylosis,cervical_spondylosis,filipino,active
,gahika ako,cough,cough,filipino,active
,gahika ko subong lang,cough,cough,filipino,active
,gahubag abaga akon,shoulder swelling,shoulder_swelling,filipino,active
,gahubag abaga akon gid,shoulder swelling,shoulder_swelling,filipino,active
,gahubag akon abaga,shoulder swelling,shoulder_swelling,filipino,active
,gahubag akon ari,penile swelling,penile_swelling,filipino,active
,gahubag akon ari ko,penile swelling,penile_swelling,filipino,active
,gahubag akon ary,penile swelling,penile_swelling,filipino,active
,gahubag akon ary ko,penile swelling,penile_swelling,filipino,active
,gahubag akon atay,liver swelling,liver_swelling,filipino,active
,gahubag akon awang,jaw swelling,jaw_swelling,filipino,active
,gahubag akon baba,lip swelling,lip_swelling,filipino,active
,gahubag akon balat,skin swelling,skin_swelling,filipino,active
,gahubag akon batiis,leg swelling,leg_swelling,filipino,active
,gahubag akon bato,kidney swelling,kidney_swelling,filipino,active
,gahubag akon bayag,scrotal swelling,scrotal_swelling,filipino,active
,gahubag akon baywang,waist swelling,waist_swelling,filipino,active
,gahubag akon bilad,vaginal swelling,vaginal_swelling,filipino,active
,gahubag akon bilad ko,vaginal swelling,vaginal_swelling,filipino,active
,gahubag akon bilat,vaginal swelling,vaginal_swelling,filipino,active
,gahubag akon bilat ko,vaginal swelling,vaginal_swelling,filipino,active
,gahubag akon buhok,hair swelling,hair_swelling,filipino,active
,gahubag akon bukong,forehead swelling,forehead_swelling,filipino,active
,gahubag akon buuk,arm swelling,arm_swelling,filipino,active
,gahubag akon dalunggan,ear swelling,ear_swelling,filipino,active
,gahubag akon dila,swollen tongue,swollen_tongue,filipino,active
,gahubag akon dughan,chest swelling,chest_swelling,filipino,active
,gahubag akon ilong,nasal swelling,nasal_swelling,filipino,active
,gahubag akon itlog,testicular swelling,testicular_swelling,filipino,active
,gahubag akon itlog ko,testicular swelling,testicular_swelling,filipino,active
,gahubag akon itlog ku,testicular swelling,testicular_swelling,filipino,active
,gahubag akon itlug,testicular swelling,testicular_swelling,filipino,active
,gahubag akon itlug ko,testicular swelling,testicular_swelling,filipino,active
,gahubag akon itlug ku,testicular swelling,testicular_swelling,filipino,active
,gahubag akon kamot,hand swelling,hand_swelling,filipino,active
,gahubag akon kuko,nail swelling,nail_swelling,filipino,active
,gahubag akon lawas,body swelling,body_swelling,filipino,active
,gahubag akon lawi,nape swelling,nape_swelling,filipino,active
,gahubag akon likod,back swelling,back_swelling,filipino,active
,gahubag akon liog,neck swelling,neck_swelling,filipino,active
,gahubag akon mata,eye swelling,eye_swelling,filipino,active
,gahubag akon ngipon,tooth swelling,tooth_swelling,filipino,active
,gahubag akon paa,foot swelling,foot_swelling,filipino,active
,gahubag akon pilas,wound swelling,wound_swelling,filipino,active
,gahubag akon pisngi,facial swelling,facial_swelling,filipino,active
,gahubag akon siko,elbow swelling,elbow_swelling,filipino,active
,gahubag akon singit,groin swelling,groin_swelling,filipino,active
,gahubag akon tadlong,forearm swelling,forearm_swelling,filipino,active
,gahubag akon tagipusuon,heart swelling,heart_swelling,filipino,active
,gahubag akon tai,buttocks swelling,buttocks_swelling,filipino,active
,gahubag akon tiil,foot swelling,foot_swelling,filipino,active
,gahubag akon tikod,heel swelling,heel_swelling,filipino,active
,gahubag akon titi,breast swelling,breast_swelling,filipino,active
,gahubag akon tiyan,abdominal swelling,abdominal_swelling,filipino,active
,gahubag akon tudlo,finger swelling,finger_swelling,filipino,active
,gahubag akon tuhod,knee swelling,knee_swelling,filipino,active
,gahubag akon tungod,throat swelling,throat_swelling,filipino,active
,gahubag akon tungtong,ankle swelling,ankle_swelling,filipino,active
,gahubag akon ulo,head swelling,head_swelling,filipino,active
,gahubag akon utok,brain swelling,brain_swelling,filipino,active
,gahubag ang mata,swollen eyes,swollen_eyes,filipino,active
,gahubag ang ngipon,swollen gums,swollen_gums,filipino,active
,gahubag ang unto,swollen gums,swollen_gums,filipino,active
,gahubag ang unud,swollen gums,swollen_gums,filipino,active
,gahubag ari ako,penile swelling,penile_swelling,filipino,active
,gahubag ari akon,penile swelling,penile_swelling,filipino,active
,gahubag ari akon gid,penile swelling,penile_swelling,filipino,active
,gahubag ari akon subong,penile swelling,penile_swelling,filipino,active
,gahubag ari ko ako,penile swelling,penile_swelling,filipino,active
,gahubag ari ko akon,penile swelling,penile_swelling,filipino,active
,gahubag ari ko akon gid,penile swelling,penile_swelling,filipino,active
,gahubag ari ko akon subong,penile swelling,penile_swelling,filipino,active
,gahubag ary ako,penile swelling,penile_swelling,filipino,active
,gahubag ary akon,penile swelling,penile_swelling,filipino,active
,gahubag ary akon gid,penile swelling,penile_swelling,filipino,active
,gahubag ary akon subong,penile swelling,penile_swelling,filipino,active
,gahubag ary ko ako,penile swelling,penile_swelling,filipino,active
,gahubag ary ko akon,penile swelling,penile_swelling,filipino,active
,gahubag ary ko akon gid,penile swelling,penile_swelling,filipino,active
,gahubag ary ko akon subong,penile swelling,penile_swelling,filipino,active
,gahubag atay akon,liver swelling,liver_swelling,filipino,active
,gahubag atay akon gid,liver swelling,liver_swelling,filipino,active
,gahubag awang akon,jaw swelling,jaw_swelling,filipino,active
,gahubag awang akon gid,jaw swelling,jaw_swelling,filipino,active
,gahubag awang gid ko,jaw swelling,jaw_swelling,filipino,active
,gahubag awang ko,jaw swelling,jaw_swelling,filipino,active
,gahubag awang ko gid,jaw swelling,jaw_swelling,filipino,active
,gahubag awang man,jaw swelling,jaw_swelling,filipino,active
,gahubag awang subong,jaw swelling,jaw_swelling,filipino,active
,gahubag baba akon,lip swelling,lip_swelling,filipino,active
,gahubag baba akon gid,lip swelling,lip_swelling,filipino,active
,gahubag balat akon,skin swelling,skin_swelling,filipino,active
,gahubag balat akon gid,skin swelling,skin_swelling,filipino,active
,gahubag batiis akon,leg swelling,leg_swelling,filipino,active
,gahubag batiis akon gid,leg swelling,leg_swelling,filipino,active
,gahubag bato akon,kidney swelling,kidney_swelling,filipino,active
,gahubag bato akon gid,kidney swelling,kidney_swelling,filipino,active
,gahubag bayag ako,scrotal swelling,scrotal_swelling,filipino,active
,gahubag bayag akon,scrotal swelling,scrotal_swelling,filipino,active
,gahubag bayag akon gid,scrotal swelling,scrotal_swelling,filipino,active
,gahubag bayag akon subong,scrotal swelling,scrotal_swelling,filipino,active
,gahubag baywang akon,waist swelling,waist_swelling,filipino,active
,gahubag baywang akon gid,waist swelling,waist_swelling,filipino,active
,gahubag baywang gid ko,waist swelling,waist_swelling,filipino,active
,gahubag baywang ko,waist swelling,waist_swelling,filipino,active
,gahubag baywang ko gid,waist swelling,waist_swelling,filipino,active
,gahubag baywang man,waist swelling,waist_swelling,filipino,active
,gahubag baywang subong,waist swelling,waist_swelling,filipino,active
,gahubag bilad ako,vaginal swelling,vaginal_swelling,filipino,active
,gahubag bilad akon,vaginal swelling,vaginal_swelling,filipino,active
,gahubag bilad akon gid,vaginal swelling,vaginal_swelling,filipino,active
,gahubag bilad akon subong,vaginal swelling,vaginal_swelling,filipino,active
,gahubag bilad ko ako,vaginal swelling,vaginal_swelling,filipino,active
,gahubag bilad ko akon,vaginal swelling,vaginal_swelling,filipino,active
,gahubag bilad ko akon gid,vaginal swelling,vaginal_swelling,filipino,active
,gahubag bilad ko akon subong,vaginal swelling,vaginal_swelling,filipino,active
,gahubag bilat ako,vaginal swelling,vaginal_swelling,filipino,active
,gahubag bilat akon,vaginal swelling,vaginal_swelling,filipino,active
,gahubag bilat akon gid,vaginal swelling,vaginal_swelling,filipino,active
,gahubag bilat akon subong,vaginal swelling,vaginal_swelling,filipino,active
,gahubag bilat ko ako,vaginal swelling,vaginal_swelling,filipino,active
,gahubag bilat ko akon,vaginal swelling,vaginal_swelling,filipino,active
,gahubag bilat ko akon gid,vaginal swelling,vaginal_swelling,filipino,active
,gahubag bilat ko akon subong,vaginal swelling,vaginal_swelling,filipino,active
,gahubag buhok akon,hair swelling,hair_swelling,filipino,active
,gahubag buhok akon gid,hair swelling,hair_swelling,filipino,active
,gahubag bukong akon,forehead swelling,forehead_swelling,filipino,active
,gahubag bukong akon gid,forehead swelling,forehead_swelling,filipino,active
,gahubag bukong gid ko,forehead swelling,forehead_swelling,filipino,active
,gahubag bukong ko,forehead swelling,forehead_swelling,filipino,active
,gahubag bukong ko gid,forehead swelling,forehead_swelling,filipino,active
,gahubag bukong man,forehead swelling,forehead_swelling,filipino,active
,gahubag bukong subong,forehead swelling,forehead_swelling,filipino,active
,gahubag buuk akon,arm swelling,arm_swelling,filipino,active
,gahubag buuk akon gid,arm swelling,arm_swelling,filipino,active
,gahubag dalunggan akon,ear swelling,ear_swelling,filipino,active
,gahubag dalunggan akon gid,ear swelling,ear_swelling,filipino,active
,gahubag dila akon,swollen tongue,swollen_tongue,filipino,active
,gahubag dila akon gid,swollen tongue,swollen_tongue,filipino,active
,gahubag dughan akon,chest swelling,chest_swelling,filipino,active
,gahubag dughan akon gid,chest swelling,chest_swelling,filipino,active
,gahubag gid akon ari,penile swelling,penile_swelling,filipino,active
,gahubag gid akon ari ko,penile swelling,penile_swelling,filipino,active
,gahubag gid akon ary,penile swelling,penile_swelling,filipino,active
,gahubag gid akon ary ko,penile swelling,penile_swelling,filipino,active
,gahubag gid akon bayag,scrotal swelling,scrotal_swelling,filipino,active
,gahubag gid akon bilad,vaginal swelling,vaginal_swelling,filipino,active
,gahubag gid akon bilad ko,vaginal swelling,vaginal_swelling,filipino,active
,gahubag gid akon bilat,vaginal swelling,vaginal_swelling,filipino,active
,gahubag gid akon bilat ko,vaginal swelling,vaginal_swelling,filipino,active
,gahubag gid akon itlog,testicular swelling,testicular_swelling,filipino,active
,gahubag gid akon itlog ko,testicular swelling,testicular_swelling,filipino,active
,gahubag gid akon itlog ku,testicular swelling,testicular_swelling,filipino,active
,gahubag gid akon itlug,testicular swelling,testicular_swelling,filipino,active
,gahubag gid akon itlug ko,testicular swelling,testicular_swelling,filipino,active
,gahubag gid akon itlug ku,testicular swelling,testicular_swelling,filipino,active
,gahubag gid akon singit,groin swelling,groin_swelling,filipino,active
,gahubag gid ari ako,penile swelling,penile_swelling,filipino,active
,gahubag gid ari akon,penile swelling,penile_swelling,filipino,active
,gahubag gid ari akon gid,penile swelling,penile_swelling,filipino,active
,gahubag gid ari akon subong,penile swelling,penile_swelling,filipino,active
,gahubag gid ari ko ako,penile swelling,penile_swelling,filipino,active
,gahubag gid ari ko akon,penile swelling,penile_swelling,filipino,active
,gahubag gid ari ko akon gid,penile swelling,penile_swelling,filipino,active
,gahubag gid ari ko akon subong,penile swelling,penile_swelling,filipino,active
,gahubag gid ary ako,penile swelling,penile_swelling,filipino,active
,gahubag gid ary akon,penile swelling,penile_swelling,filipino,active
,gahubag gid ary akon gid,penile swelling,penile_swelling,filipino,active
,gahubag gid ary akon subong,penile swelling,penile_swelling,filipino,active
,gahubag gid ary ko ako,penile swelling,penile_swelling,filipino,active
,gahubag gid ary ko akon,penile swelling,penile_swelling,filipino,active
,gahubag gid ary ko akon gid,penile swelling,penile_swelling,filipino,active
,gahubag gid ary ko akon subong,penile swelling,penile_swelling,filipino,active
,gahubag gid bayag ako,scrotal swelling,scrotal_swelling,filipino,active
,gahubag gid bayag akon,scrotal swelling,scrotal_swelling,filipino,active
,gahubag gid bayag akon gid,scrotal swelling,scrotal_swelling,filipino,active
,gahubag gid bayag akon subong,scrotal swelling,scrotal_swelling,filipino,active
,gahubag gid bilad ako,vaginal swelling,vaginal_swelling,filipino,active
,gahubag gid bilad akon,vaginal swelling,vaginal_swelling,filipino,active
,gahubag gid bilad akon gid,vaginal swelling,vaginal_swelling,filipino,active
,gahubag gid bilad akon subong,vaginal swelling,vaginal_swelling,filipino,active
,gahubag gid bilad ko ako,vaginal swelling,vaginal_swelling,filipino,active
,gahubag gid bilad ko akon,vaginal swelling,vaginal_swelling,filipino,active
,gahubag gid bilad ko akon gid,vaginal swelling,vaginal_swelling,filipino,active
,gahubag gid bilad ko akon subong,vaginal swelling,vaginal_swelling,filipino,active
,gahubag gid bilat ako,vaginal swelling,vaginal_swelling,filipino,active
,gahubag gid bilat akon,vaginal swelling,vaginal_swelling,filipino,active
,gahubag gid bilat akon gid,vaginal swelling,vaginal_swelling,filipino,active
,gahubag gid bilat akon subong,vaginal swelling,vaginal_swelling,filipino,active
,gahubag gid bilat ko ako,vaginal swelling,vaginal_swelling,filipino,active
,gahubag gid bilat ko akon,vaginal swelling,vaginal_swelling,filipino,active
,gahubag gid bilat ko akon gid,vaginal swelling,vaginal_swelling,filipino,active
,gahubag gid bilat ko akon subong,vaginal swelling,vaginal_swelling,filipino,active
,gahubag gid itlog ako,testicular swelling,testicular_swelling,filipino,active
,gahubag gid itlog akon,testicular swelling,testicular_swelling,filipino,active
,gahubag gid itlog akon gid,testicular swelling,testicular_swelling,filipino,active
,gahubag gid itlog akon subong,testicular swelling,testicular_swelling,filipino,active
,gahubag gid itlog ko ako,testicular swelling,testicular_swelling,filipino,active
,gahubag gid itlog ko akon,testicular swelling,testicular_swelling,filipino,active
,gahubag gid itlog ko akon gid,testicular swelling,testicular_swelling,filipino,active
,gahubag gid itlog ko akon subong,testicular swelling,testicular_swelling,filipino,active
,gahubag gid itlog ku ako,testicular swelling,testicular_swelling,filipino,active
,gahubag gid itlog ku akon,testicular swelling,testicular_swelling,filipino,active
,gahubag gid itlog ku akon gid,testicular swelling,testicular_swelling,filipino,active
,gahubag gid itlog ku akon subong,testicular swelling,testicular_swelling,filipino,active
,gahubag gid itlug ako,testicular swelling,testicular_swelling,filipino,active
,gahubag gid itlug akon,testicular swelling,testicular_swelling,filipino,active
,gahubag gid itlug akon gid,testicular swelling,testicular_swelling,filipino,active
,gahubag gid itlug akon subong,testicular swelling,testicular_swelling,filipino,active
,gahubag gid itlug ko ako,testicular swelling,testicular_swelling,filipino,active
,gahubag gid itlug ko akon,testicular swelling,testicular_swelling,filipino,active
,gahubag gid itlug ko akon gid,testicular swelling,testicular_swelling,filipino,active
,gahubag gid itlug ko akon subong,testicular swelling,testicular_swelling,filipino,active
,gahubag gid itlug ku ako,testicular swelling,testicular_swelling,filipino,active
,gahubag gid itlug ku akon,testicular swelling,testicular_swelling,filipino,active
,gahubag gid itlug ku akon gid,testicular swelling,testicular_swelling,filipino,active
,gahubag gid itlug ku akon subong,testicular swelling,testicular_swelling,filipino,active
,gahubag gid singit ako,groin swelling,groin_swelling,filipino,active
,gahubag gid singit akon,groin swelling,groin_swelling,filipino,active
,gahubag gid singit akon gid,groin swelling,groin_swelling,filipino,active
,gahubag gid singit akon subong,groin swelling,groin_swelling,filipino,active
,gahubag ilong akon,nasal swelling,nasal_swelling,filipino,active
,gahubag ilong akon gid,nasal swelling,nasal_swelling,filipino,active
,gahubag ilong gid ko,nasal swelling,nasal_swelling,filipino,active
,gahubag ilong ko,nasal swelling,nasal_swelling,filipino,active
,gahubag ilong ko gid,nasal swelling,nasal_swelling,filipino,active
,gahubag ilong man,nasal swelling,nasal_swelling,filipino,active
,gahubag ilong subong,nasal swelling,nasal_swelling,filipino,active
,gahubag itlog ako,testicular swelling,testicular_swelling,filipino,active
,gahubag itlog akon,testicular swelling,testicular_swelling,filipino,active
,gahubag itlog akon gid,testicular swelling,testicular_swelling,filipino,active
,gahubag itlog akon subong,testicular swelling,testicular_swelling,filipino,active
,gahubag itlog ko ako,testicular swelling,testicular_swelling,filipino,active
,gahubag itlog ko akon,testicular swelling,testicular_swelling,filipino,active
,gahubag itlog ko akon gid,testicular swelling,testicular_swelling,filipino,active
,gahubag itlog ko akon subong,testicular swelling,testicular_swelling,filipino,active
,gahubag itlog ku ako,testicular swelling,testicular_swelling,filipino,active
,gahubag itlog ku akon,testicular swelling,testicular_swelling,filipino,active
,gahubag itlog ku akon gid,testicular swelling,testicular_swelling,filipino,active
,gahubag itlog ku akon subong,testicular swelling,testicular_swelling,filipino,active
,gahubag itlug ako,testicular swelling,testicular_swelling,filipino,active
,gahubag itlug akon,testicular swelling,testicular_swelling,filipino,active
,gahubag itlug akon gid,testicular swelling,testicular_swelling,filipino,active
,gahubag itlug akon subong,testicular swelling,testicular_swelling,filipino,active
,gahubag itlug ko ako,testicular swelling,testicular_swelling,filipino,active
,gahubag itlug ko akon,testicular swelling,testicular_swelling,filipino,active
,gahubag itlug ko akon gid,testicular swelling,testicular_swelling,filipino,active
,gahubag itlug ko akon subong,testicular swelling,testicular_swelling,filipino,active
,gahubag itlug ku ako,testicular swelling,testicular_swelling,filipino,active
,gahubag itlug ku akon,testicular swelling,testicular_swelling,filipino,active
,gahubag itlug ku akon gid,testicular swelling,testicular_swelling,filipino,active
,gahubag itlug ku akon subong,testicular swelling,testicular_swelling,filipino,active
,gahubag kamot akon,hand swelling,hand_swelling,filipino,active
,gahubag kamot akon gid,hand swelling,hand_swelling,filipino,active
,gahubag kamot ko upod sang nagdugo kamot ko,hand swelling with bleeding,hand_swelling_with_bleeding,filipino,active
,gahubag kuko akon,nail swelling,nail_swelling,filipino,active
,gahubag kuko akon gid,nail swelling,nail_swelling,filipino,active
,gahubag lawas akon,body swelling,body_swelling,filipino,active
,gahubag lawas akon gid,body swelling,body_swelling,filipino,active
,gahubag lawas ko upod sang gakatol lawas ko,body swelling with itching,body_swelling_with_itching,filipino,active
,gahubag lawi akon,nape swelling,nape_swelling,filipino,active
,gahubag lawi akon gid,nape swelling,nape_swelling,filipino,active
,gahubag likod akon,back swelling,back_swelling,filipino,active
,gahubag likod akon gid,back swelling,back_swelling,filipino,active
,gahubag liog akon,neck swelling,neck_swelling,filipino,active
,gahubag liog akon gid,neck swelling,neck_swelling,filipino,active
,gahubag mata akon,eye swelling,eye_swelling,filipino,active
,gahubag mata akon gid,eye swelling,eye_swelling,filipino,active
,gahubag mata ko kag ilong ko,allergic rhinitis,allergic_rhinitis,filipino,active
,gahubag mata ko upod sang gahika ko,eye swelling with cough,eye_swelling_with_cough,filipino,active
,gahubag ngipon akon,tooth swelling,tooth_swelling,filipino,active
,gahubag ngipon akon gid,tooth swelling,tooth_swelling,filipino,active
,gahubag paa akon,foot swelling,foot_swelling,filipino,active
,gahubag paa akon gid,foot swelling,foot_swelling,filipino,active
,gahubag pilas akon,wound swelling,wound_swelling,filipino,active
,gahubag pilas akon gid,wound swelling,wound_swelling,filipino,active
,gahubag pisngi akon,facial swelling,facial_swelling,filipino,active
,gahubag pisngi akon gid,facial swelling,facial_swelling,filipino,active
,gahubag siko akon,elbow swelling,elbow_swelling,filipino,active
,gahubag siko akon gid,elbow swelling,elbow_swelling,filipino,active
,gahubag singit ako,groin swelling,groin_swelling,filipino,active
,gahubag singit akon,groin swelling,groin_swelling,filipino,active
,gahubag singit akon gid,groin swelling,groin_swelling,filipino,active
,gahubag singit akon subong,groin swelling,groin_swelling,filipino,active
,gahubag tadlong akon,forearm swelling,forearm_swelling,filipino,active
,gahubag tadlong akon gid,forearm swelling,forearm_swelling,filipino,active
,gahubag tadlong gid ko,forearm swelling,forearm_swelling,filipino,active
,gahubag tadlong ko,forearm swelling,forearm_swelling,filipino,active
,gahubag tadlong ko gid,forearm swelling,forearm_swelling,filipino,active
,gahubag tadlong man,forearm swelling,forearm_swelling,filipino,active
,gahubag tadlong subong,forearm swelling,forearm_swelling,filipino,active
,gahubag tagipusuon akon,heart swelling,heart_swelling,filipino,active
,gahubag tagipusuon akon gid,heart swelling,heart_swelling,filipino,active
,gahubag tai akon,buttocks swelling,buttocks_swelling,filipino,active
,gahubag tai akon gid,buttocks swelling,buttocks_swelling,filipino,active
,gahubag tiil akon,foot swelling,foot_swelling,filipino,active
,gahubag tiil akon gid,foot swelling,foot_swelling,filipino,active
,gahubag tikod akon,heel swelling,heel_swelling,filipino,active
,gahubag tikod akon gid,heel swelling,heel_swelling,filipino,active
,gahubag titi akon,breast swelling,breast_swelling,filipino,active
,gahubag titi akon gid,breast swelling,breast_swelling,filipino,active
,gahubag tiyan akon,abdominal swelling,abdominal_swelling,filipino,active
,gahubag tiyan akon gid,abdominal swelling,abdominal_swelling,filipino,active
,gahubag tiyan ko subong lang,abdominal swelling,abdominal_swelling,filipino,active
,gahubag tudlo akon,finger swelling,finger_swelling,filipino,active
,gahubag tudlo akon gid,finger swelling,finger_swelling,filipino,active
,gahubag tuhod akon,knee swelling,knee_swelling,filipino,active
,gahubag tuhod akon gid,knee swelling,knee_swelling,filipino,active
,gahubag tungod akon,throat swelling,throat_swelling,filipino,active
,gahubag tungod akon gid,throat swelling,throat_swelling,filipino,active
,gahubag tungod ko upod sang ginahilanat ko,throat swelling with fever,throat_swelling_with_fever,filipino,active
,gahubag tungtong akon,ankle swelling,ankle_swelling,filipino,active
,gahubag tungtong akon gid,ankle swelling,ankle_swelling,filipino,active
,gahubag tungtong gid ko,ankle swelling,ankle_swelling,filipino,active
,gahubag tungtong ko,ankle swelling,ankle_swelling,filipino,active
,gahubag tungtong ko gid,ankle swelling,ankle_swelling,filipino,active
,gahubag tungtong man,ankle swelling,ankle_swelling,filipino,active
,gahubag tungtong subong,ankle swelling,ankle_swelling,filipino,active
,gahubag ulo akon,head swelling,head_swelling,filipino,active
,gahubag ulo akon gid,head swelling,head_swelling,filipino,active
,gahubag utok akon,brain swelling,brain_swelling,filipino,active
,gahubag utok akon gid,brain swelling,brain_swelling,filipino,active
,gakadugo akon ari,penile bleeding,penile_bleeding,filipino,active
,gakadugo akon ari ko,penile bleeding,penile_bleeding,filipino,active
,gakadugo akon ary,penile bleeding,penile_bleeding,filipino,active
,gakadugo akon ary ko,penile bleeding,penile_bleeding,filipino,active
,gakadugo akon bilad,vaginal bleeding,vaginal_bleeding,filipino,active
,gakadugo akon bilad ko,vaginal bleeding,vaginal_bleeding,filipino,active
,gakadugo akon bilat,vaginal bleeding,vaginal_bleeding,filipino,active
,gakadugo akon bilat ko,vaginal bleeding,vaginal_bleeding,filipino,active
,gakadugo akon itlog,testicular bleeding,testicular_bleeding,filipino,active
,gakadugo akon itlog ko,testicular bleeding,testicular_bleeding,filipino,active
,gakadugo akon itlug,testicular bleeding,testicular_bleeding,filipino,active
,gakadugo akon itlug ko,testicular bleeding,testicular_bleeding,filipino,active
,gakadugo ari ako,penile bleeding,penile_bleeding,filipino,active
,gakadugo ari akon,penile bleeding,penile_bleeding,filipino,active
,gakadugo ari akon gid,penile bleeding,penile_bleeding,filipino,active
,gakadugo ari akon subong,penile bleeding,penile_bleeding,filipino,active
,gakadugo ari ko ako,penile bleeding,penile_bleeding,filipino,active
,gakadugo ari ko akon,penile bleeding,penile_bleeding,filipino,active
,gakadugo ari ko akon gid,penile bleeding,penile_bleeding,filipino,active
,gakadugo ari ko akon subong,penile bleeding,penile_bleeding,filipino,active
,gakadugo ary ako,penile bleeding,penile_bleeding,filipino,active
,gakadugo ary akon,penile bleeding,penile_bleeding,filipino,active
,gakadugo ary akon gid,penile bleeding,penile_bleeding,filipino,active
,gakadugo ary akon subong,penile bleeding,penile_bleeding,filipino,active
,gakadugo ary ko ako,penile bleeding,penile_bleeding,filipino,active
,gakadugo ary ko akon,penile bleeding,penile_bleeding,filipino,active
,gakadugo ary ko akon gid,penile bleeding,penile_bleeding,filipino,active
,gakadugo ary ko akon subong,penile bleeding,penile_bleeding,filipino,active
,gakadugo bilad ako,vaginal bleeding,vaginal_bleeding,filipino,active
,gakadugo bilad akon,vaginal bleeding,vaginal_bleeding,filipino,active
,gakadugo bilad akon gid,vaginal bleeding,vaginal_bleeding,filipino,active
,gakadugo bilad akon subong,vaginal bleeding,vaginal_bleeding,filipino,active
,gakadugo bilad ko ako,vaginal bleeding,vaginal_bleeding,filipino,active
,gakadugo bilad ko akon,vaginal bleeding,vaginal_bleeding,filipino,active
,gakadugo bilad ko akon gid,vaginal bleeding,vaginal_bleeding,filipino,active
,gakadugo bilad ko akon subong,vaginal bleeding,vaginal_bleeding,filipino,active
,gakadugo bilat ako,vaginal bleeding,vaginal_bleeding,filipino,active
,gakadugo bilat akon,vaginal bleeding,vaginal_bleeding,filipino,active
,gakadugo bilat akon gid,vaginal bleeding,vaginal_bleeding,filipino,active
,gakadugo bilat akon subong,vaginal bleeding,vaginal_bleeding,filipino,active
,gakadugo bilat ko ako,vaginal bleeding,vaginal_bleeding,filipino,active
,gakadugo bilat ko akon,vaginal bleeding,vaginal_bleeding,filipino,active
,gakadugo bilat ko akon gid,vaginal bleeding,vaginal_bleeding,filipino,active
,gakadugo bilat ko akon subong,vaginal bleeding,vaginal_bleeding,filipino,active
,gakadugo itlog ako,testicular bleeding,testicular_bleeding,filipino,active
,gakadugo itlog akon,testicular bleeding,testicular_bleeding,filipino,active
,gakadugo itlog akon gid,testicular bleeding,testicular_bleeding,filipino,active
,gakadugo itlog akon subong,testicular bleeding,testicular_bleeding,filipino,active
,gakadugo itlog ko ako,testicular bleeding,testicular_bleeding,filipino,active
,gakadugo itlog ko akon,testicular bleeding,testicular_bleeding,filipino,active
,gakadugo itlog ko akon gid,testicular bleeding,testicular_bleeding,filipino,active
,gakadugo itlog ko akon subong,testicular bleeding,testicular_bleeding,filipino,active
,gakadugo itlug ako,testicular bleeding,testicular_bleeding,filipino,active
,gakadugo itlug akon,testicular bleeding,testicular_bleeding,filipino,active
,gakadugo itlug akon gid,testicular bleeding,testicular_bleeding,filipino,active
,gakadugo itlug akon subong,testicular bleeding,testicular_bleeding,filipino,active
,gakadugo itlug ko ako,testicular bleeding,testicular_bleeding,filipino,active
,gakadugo itlug ko akon,testicular bleeding,testicular_bleeding,filipino,active
,gakadugo itlug ko akon gid,testicular bleeding,testicular_bleeding,filipino,active
,gakadugo itlug ko akon subong,testicular bleeding,testicular_bleeding,filipino,active
,gakatol akon ari,penile itching,penile_itching,filipino,active
,gakatol akon ari ko,penile itching,penile_itching,filipino,active
,gakatol akon ary,penile itching,penile_itching,filipino,active
,gakatol akon ary ko,penile itching,penile_itching,filipino,active
,gakatol akon bilad,vaginal itching,vaginal_itching,filipino,active
,gakatol akon bilad ko,vaginal itching,vaginal_itching,filipino,active
,gakatol akon bilat,vaginal itching,vaginal_itching,filipino,active
,gakatol akon bilat ko,vaginal itching,vaginal_itching,filipino,active
,gakatol akon itlog,testicular itching,testicular_itching,filipino,active
,gakatol akon itlog ko,testicular itching,testicular_itching,filipino,active
,gakatol akon itlug,testicular itching,testicular_itching,filipino,active
,gakatol akon itlug ko,testicular itching,testicular_itching,filipino,active
,gakatol akon kipay,vulvar itching,vulvar_itching,filipino,active
,gakatol akon mata,itchy eyes,itchy_eyes,filipino,active
,gakatol ari ako,penile itching,penile_itching,filipino,active
,gakatol ari akon,penile itching,penile_itching,filipino,active
,gakatol ari akon gid,penile itching,penile_itching,filipino,active
,gakatol ari akon subong,penile itching,penile_itching,filipino,active
,gakatol ari ko ako,penile itching,penile_itching,filipino,active
,gakatol ari ko akon,penile itching,penile_itching,filipino,active
,gakatol ari ko akon gid,penile itching,penile_itching,filipino,active
,gakatol ari ko akon subong,penile itching,penile_itching,filipino,active
,gakatol ary ako,penile itching,penile_itching,filipino,active
,gakatol ary akon,penile itching,penile_itching,filipino,active
,gakatol ary akon gid,penile itching,penile_itching,filipino,active
,gakatol ary akon subong,penile itching,penile_itching,filipino,active
,gakatol ary ko ako,penile itching,penile_itching,filipino,active
,gakatol ary ko akon,penile itching,penile_itching,filipino,active
,gakatol ary ko akon gid,penile itching,penile_itching,filipino,active
,gakatol ary ko akon subong,penile itching,penile_itching,filipino,active
,gakatol balat akon,itchy skin,itchy_skin,filipino,active
,gakatol bilad ako,vaginal itching,vaginal_itching,filipino,active
,gakatol bilad akon,vaginal itching,vaginal_itching,filipino,active
,gakatol bilad akon gid,vaginal itching,vaginal_itching,filipino,active
,gakatol bilad akon subong,vaginal itching,vaginal_itching,filipino,active
,gakatol bilad ko ako,vaginal itching,vaginal_itching,filipino,active
,gakatol bilad ko akon,vaginal itching,vaginal_itching,filipino,active
,gakatol bilad ko akon gid,vaginal itching,vaginal_itching,filipino,active
,gakatol bilad ko akon subong,vaginal itching,vaginal_itching,filipino,active
,gakatol bilat ako,vaginal itching,vaginal_itching,filipino,active
,gakatol bilat akon,vaginal itching,vaginal_itching,filipino,active
,gakatol bilat akon gid,vaginal itching,vaginal_itching,filipino,active
,gakatol bilat akon subong,vaginal itching,vaginal_itching,filipino,active
,gakatol bilat ko ako,vaginal itching,vaginal_itching,filipino,active
,gakatol bilat ko akon,vaginal itching,vaginal_itching,filipino,active
,gakatol bilat ko akon gid,vaginal itching,vaginal_itching,filipino,active
,gakatol bilat ko akon subong,vaginal itching,vaginal_itching,filipino,active
,gakatol gid akon ari,penile itching,penile_itching,filipino,active
,gakatol gid akon ari ko,penile itching,penile_itching,filipino,active
,gakatol gid akon ary,penile itching,penile_itching,filipino,active
,gakatol gid akon ary ko,penile itching,penile_itching,filipino,active
,gakatol gid akon bilad,vaginal itching,vaginal_itching,filipino,active
,gakatol gid akon bilad ko,vaginal itching,vaginal_itching,filipino,active
,gakatol gid akon bilat,vaginal itching,vaginal_itching,filipino,active
,gakatol gid akon bilat ko,vaginal itching,vaginal_itching,filipino,active
,gakatol gid akon itlog,testicular itching,testicular_itching,filipino,active
,gakatol gid akon itlog ko,testicular itching,testicular_itching,filipino,active
,gakatol gid akon itlug,testicular itching,testicular_itching,filipino,active
,gakatol gid akon itlug ko,testicular itching,testicular_itching,filipino,active
,gakatol gid akon kipay,vulvar itching,vulvar_itching,filipino,active
,gakatol gid ari ako,penile itching,penile_itching,filipino,active
,gakatol gid ari akon,penile itching,penile_itching,filipino,active
,gakatol gid ari akon gid,penile itching,penile_itching,filipino,active
,gakatol gid ari akon subong,penile itching,penile_itching,filipino,active
,gakatol gid ari ko ako,penile itching,penile_itching,filipino,active
,gakatol gid ari ko akon,penile itching,penile_itching,filipino,active
,gakatol gid ari ko akon gid,penile itching,penile_itching,filipino,active
,gakatol gid ari ko akon subong,penile itching,penile_itching,filipino,active
,gakatol gid ary ako,penile itching,penile_itching,filipino,active
,gakatol gid ary akon,penile itching,penile_itching,filipino,active
,gakatol gid ary akon gid,penile itching,penile_itching,filipino,active
,gakatol gid ary akon subong,penile itching,penile_itching,filipino,active
,gakatol gid ary ko ako,penile itching,penile_itching,filipino,active
,gakatol gid ary ko akon,penile itching,penile_itching,filipino,active
,gakatol gid ary ko akon gid,penile itching,penile_itching,filipino,active
,gakatol gid ary ko akon subong,penile itching,penile_itching,filipino,active
,gakatol gid balat akon,itchy skin,itchy_skin,filipino,active
,gakatol gid bilad ako,vaginal itching,vaginal_itching,filipino,active
,gakatol gid bilad akon,vaginal itching,vaginal_itching,filipino,active
,gakatol gid bilad akon gid,vaginal itching,vaginal_itching,filipino,active
,gakatol gid bilad akon subong,vaginal itching,vaginal_itching,filipino,active
,gakatol gid bilad ko ako,vaginal itching,vaginal_itching,filipino,active
,gakatol gid bilad ko akon,vaginal itching,vaginal_itching,filipino,active
,gakatol gid bilad ko akon gid,vaginal itching,vaginal_itching,filipino,active
,gakatol gid bilad ko akon subong,vaginal itching,vaginal_itching,filipino,active
,gakatol gid bilat ako,vaginal itching,vaginal_itching,filipino,active
,gakatol gid bilat akon,vaginal itching,vaginal_itching,filipino,active
,gakatol gid bilat akon gid,vaginal itching,vaginal_itching,filipino,active
,gakatol gid bilat akon subong,vaginal itching,vaginal_itching,filipino,active
,gakatol gid bilat ko ako,vaginal itching,vaginal_itching,filipino,active
,gakatol gid bilat ko akon,vaginal itching,vaginal_itching,filipino,active
,gakatol gid bilat ko akon gid,vaginal itching,vaginal_itching,filipino,active
,gakatol gid bilat ko akon subong,vaginal itching,vaginal_itching,filipino,active
,gakatol gid itlog ako,testicular itching,testicular_itching,filipino,active
,gakatol gid itlog akon,testicular itching,testicular_itching,filipino,active
,gakatol gid itlog akon gid,testicular itching,testicular_itching,filipino,active
,gakatol gid itlog akon subong,testicular itching,testicular_itching,filipino,active
,gakatol gid itlog ko ako,testicular itching,testicular_itching,filipino,active
,gakatol gid itlog ko akon,testicular itching,testicular_itching,filipino,active
,gakatol gid itlog ko akon gid,testicular itching,testicular_itching,filipino,active
,gakatol gid itlog ko akon subong,testicular itching,testicular_itching,filipino,active
,gakatol gid itlug ako,testicular itching,testicular_itching,filipino,active
,gakatol gid itlug akon,testicular itching,testicular_itching,filipino,active
,gakatol gid itlug akon gid,testicular itching,testicular_itching,filipino,active
,gakatol gid itlug akon subong,testicular itching,testicular_itching,filipino,active
,gakatol gid itlug ko ako,testicular itching,testicular_itching,filipino,active
,gakatol gid itlug ko akon,testicular itching,testicular_itching,filipino,active
,gakatol gid itlug ko akon gid,testicular itching,testicular_itching,filipino,active
,gakatol gid itlug ko akon subong,testicular itching,testicular_itching,filipino,active
,gakatol gid kamot akon,itchy hand,itchy_hand,filipino,active
,gakatol gid kipay ako,vulvar itching,vulvar_itching,filipino,active
,gakatol gid kipay akon,vulvar itching,vulvar_itching,filipino,active
,gakatol gid kipay akon gid,vulvar itching,vulvar_itching,filipino,active
,gakatol gid kipay akon subong,vulvar itching,vulvar_itching,filipino,active
,gakatol gid mata akon,itchy eyes,itchy_eyes,filipino,active
,gakatol gid tiil akon,itchy foot,itchy_foot,filipino,active
,gakatol gid tudlo akon,itchy finger,itchy_finger,filipino,active
,gakatol itlog ako,testicular itching,testicular_itching,filipino,active
,gakatol itlog akon,testicular itching,testicular_itching,filipino,active
,gakatol itlog akon gid,testicular itching,testicular_itching,filipino,active
,gakatol itlog akon subong,testicular itching,testicular_itching,filipino,active
,gakatol itlog ko ako,testicular itching,testicular_itching,filipino,active
,gakatol itlog ko akon,testicular itching,testicular_itching,filipino,active
,gakatol itlog ko akon gid,testicular itching,testicular_itching,filipino,active
,gakatol itlog ko akon subong,testicular itching,testicular_itching,filipino,active
,gakatol itlug ako,testicular itching,testicular_itching,filipino,active
,gakatol itlug akon,testicular itching,testicular_itching,filipino,active
,gakatol itlug akon gid,testicular itching,testicular_itching,filipino,active
,gakatol itlug akon subong,testicular itching,testicular_itching,filipino,active
,gakatol itlug ko ako,testicular itching,testicular_itching,filipino,active
,gakatol itlug ko akon,testicular itching,testicular_itching,filipino,active
,gakatol itlug ko akon gid,testicular itching,testicular_itching,filipino,active
,gakatol itlug ko akon subong,testicular itching,testicular_itching,filipino,active
,gakatol kamot akon,itchy hand,itchy_hand,filipino,active
,gakatol kipay ako,vulvar itching,vulvar_itching,filipino,active
,gakatol kipay akon,vulvar itching,vulvar_itching,filipino,active
,gakatol kipay akon gid,vulvar itching,vulvar_itching,filipino,active
,gakatol kipay akon subong,vulvar itching,vulvar_itching,filipino,active
,gakatol mata akon,itchy eyes,itchy_eyes,filipino,active
,gakatol tiil akon,itchy foot,itchy_foot,filipino,active
,gakatol tudlo akon,itchy finger,itchy_finger,filipino,active
,galuya ko upod sang ginahilanat ko,weakness with fever,weakness_with_fever,filipino,active
,galuya lawas ko subong lang,body weakness,body_weakness,filipino,active
,gapula akon ari,penile redness,penile_redness,filipino,active
,gapula akon ari ko,penile redness,penile_redness,filipino,active
,gapula akon ary,penile redness,penile_redness,filipino,active
,gapula akon ary ko,penile redness,penile_redness,filipino,active
,gapula akon bilad,vaginal redness,vaginal_redness,filipino,active
,gapula akon bilad ko,vaginal redness,vaginal_redness,filipino,active
,gapula akon bilat,vaginal redness,vaginal_redness,filipino,active
,gapula akon bilat ko,vaginal redness,vaginal_redness,filipino,active
,gapula akon itlog,testicular redness,testicular_redness,filipino,active
,gapula akon itlog ko,testicular redness,testicular_redness,filipino,active
,gapula akon itlog ku,testicular redness,testicular_redness,filipino,active
,gapula akon itlug,testicular redness,testicular_redness,filipino,active
,gapula akon itlug ko,testicular redness,testicular_redness,filipino,active
,gapula akon itlug ku,testicular redness,testicular_redness,filipino,active
,gapula akon mata,red eye,red_eye,filipino,active
,gapula ari ako,penile redness,penile_redness,filipino,active
,gapula ari akon,penile redness,penile_redness,filipino,active
,gapula ari akon gid,penile redness,penile_redness,filipino,active
,gapula ari akon subong,penile redness,penile_redness,filipino,active
,gapula ari ko ako,penile redness,penile_redness,filipino,active
,gapula ari ko akon,penile redness,penile_redness,filipino,active
,gapula ari ko akon gid,penile redness,penile_redness,filipino,active
,gapula ari ko akon subong,penile redness,penile_redness,filipino,active
,gapula ary ako,penile redness,penile_redness,filipino,active
,gapula ary akon,penile redness,penile_redness,filipino,active
,gapula ary akon gid,penile redness,penile_redness,filipino,active
,gapula ary akon subong,penile redness,penile_redness,filipino,active
,gapula ary ko ako,penile redness,penile_redness,filipino,active
,gapula ary ko akon,penile redness,penile_redness,filipino,active
,gapula ary ko akon gid,penile redness,penile_redness,filipino,active
,gapula ary ko akon subong,penile redness,penile_redness,filipino,active
,gapula bilad ako,vaginal redness,vaginal_redness,filipino,active
,gapula bilad akon,vaginal redness,vaginal_redness,filipino,active
,gapula bilad akon gid,vaginal redness,vaginal_redness,filipino,active
,gapula bilad akon subong,vaginal redness,vaginal_redness,filipino,active
,gapula bilad ko ako,vaginal redness,vaginal_redness,filipino,active
,gapula bilad ko akon,vaginal redness,vaginal_redness,filipino,active
,gapula bilad ko akon gid,vaginal redness,vaginal_redness,filipino,active
,gapula bilad ko akon subong,vaginal redness,vaginal_redness,filipino,active
,gapula bilat ako,vaginal redness,vaginal_redness,filipino,active
,gapula bilat akon,vaginal redness,vaginal_redness,filipino,active
,gapula bilat akon gid,vaginal redness,vaginal_redness,filipino,active
,gapula bilat akon subong,vaginal redness,vaginal_redness,filipino,active
,gapula bilat ko ako,vaginal redness,vaginal_redness,filipino,active
,gapula bilat ko akon,vaginal redness,vaginal_redness,filipino,active
,gapula bilat ko akon gid,vaginal redness,vaginal_redness,filipino,active
,gapula bilat ko akon subong,vaginal redness,vaginal_redness,filipino,active
,gapula itlog ako,testicular redness,testicular_redness,filipino,active
,gapula itlog akon,testicular redness,testicular_redness,filipino,active
,gapula itlog akon gid,testicular redness,testicular_redness,filipino,active
,gapula itlog akon subong,testicular redness,testicular_redness,filipino,active
,gapula itlog ko ako,testicular redness,testicular_redness,filipino,active
,gapula itlog ko akon,testicular redness,testicular_redness,filipino,active
,gapula itlog ko akon gid,testicular redness,testicular_redness,filipino,active
,gapula itlog ko akon subong,testicular redness,testicular_redness,filipino,active
,gapula itlog ku ako,testicular redness,testicular_redness,filipino,active
,gapula itlog ku akon,testicular redness,testicular_redness,filipino,active
,gapula itlog ku akon gid,testicular redness,testicular_redness,filipino,active
,gapula itlog ku akon subong,testicular redness,testicular_redness,filipino,active
,gapula itlug ako,testicular redness,testicular_redness,filipino,active
,gapula itlug akon,testicular redness,testicular_redness,filipino,active
,gapula itlug akon gid,testicular redness,testicular_redness,filipino,active
,gapula itlug akon subong,testicular redness,testicular_redness,filipino,active
,gapula itlug ko ako,testicular redness,testicular_redness,filipino,active
,gapula itlug ko akon,testicular redness,testicular_redness,filipino,active
,gapula itlug ko akon gid,testicular redness,testicular_redness,filipino,active
,gapula itlug ko akon subong,testicular redness,testicular_redness,filipino,active
,gapula itlug ku ako,testicular redness,testicular_redness,filipino,active
,gapula itlug ku akon,testicular redness,testicular_redness,filipino,active
,gapula itlug ku akon gid,testicular redness,testicular_redness,filipino,active
,gapula itlug ku akon subong,testicular redness,testicular_redness,filipino,active
,gasaket dughan ako,chest pain,chest_pain,filipino,active
,gasaket dughan akon gid,chest pain,chest_pain,filipino,active
,gasaket dughan akon subong,chest pain,chest_pain,filipino,active
,gasakit abaga ako,shoulder pain,shoulder_pain,filipino,active
,gasakit abaga akon,shoulder pain,shoulder_pain,filipino,active
,gasakit abaga akon gid,shoulder pain,shoulder_pain,filipino,active
,gasakit abaga akon subong,shoulder pain,shoulder_pain,filipino,active
,gasakit akon abaga,shoulder pain,shoulder_pain,filipino,active
,gasakit akon ari,penile pain,penile_pain,filipino,active
,gasakit akon ari ko,penile pain,penile_pain,filipino,active
,gasakit akon ary,penile pain,penile_pain,filipino,active
,gasakit akon ary ko,penile pain,penile_pain,filipino,active
,gasakit akon atay,liver pain,liver_pain,filipino,active
,gasakit akon awang,jaw pain,jaw_pain,filipino,active
,gasakit akon baba,mouth pain,mouth_pain,filipino,active
,gasakit akon balat,skin pain,skin_pain,filipino,active
,gasakit akon batiis,leg pain,leg_pain,filipino,active
,gasakit akon bato,kidney pain,kidney_pain,filipino,active
,gasakit akon bayag,scrotal pain,scrotal_pain,filipino,active
,gasakit akon baywang,waist pain,waist_pain,filipino,active
,gasakit akon bilad,vaginal pain,vaginal_pain,filipino,active
,gasakit akon bilad ko,vaginal pain,vaginal_pain,filipino,active
,gasakit akon bilat,vaginal pain,vaginal_pain,filipino,active
,gasakit akon bilat ko,vaginal pain,vaginal_pain,filipino,active
,gasakit akon buhok,hair pain,hair_pain,filipino,active
,gasakit akon bukong,forehead pain,forehead_pain,filipino,active
,gasakit akon buuk,arm pain,arm_pain,filipino,active
,gasakit akon dalunggan,ear pain,ear_pain,filipino,active
,gasakit akon dila,tongue pain,tongue_pain,filipino,active
,gasakit akon dughan,chest pain,chest_pain,filipino,active
,gasakit akon ilong,nose pain,nose_pain,filipino,active
,gasakit akon itlog,testicular pain,testicular_pain,filipino,active
,gasakit akon itlog ko,testicular pain,testicular_pain,filipino,active
,gasakit akon itlog ku,testicular pain,testicular_pain,filipino,active
,gasakit akon itlug,testicular pain,testicular_pain,filipino,active
,gasakit akon itlug ko,testicular pain,testicular_pain,filipino,active
,gasakit akon itlug ku,testicular pain,testicular_pain,filipino,active
,gasakit akon kamot,hand pain,hand_pain,filipino,active
,gasakit akon kipay,vulvar pain,vulvar_pain,filipino,active
,gasakit akon kuko,nail pain,nail_pain,filipino,active
,gasakit akon lawas,body pain,body_pain,filipino,active
,gasakit akon lawi,nape pain,nape_pain,filipino,active
,gasakit akon likod,back pain,back_pain,filipino,active
,gasakit akon liog,neck pain,neck_pain,filipino,active
,gasakit akon mata,eye pain,eye_pain,filipino,active
,gasakit akon ngipon,tooth pain,tooth_pain,filipino,active
,gasakit akon paa,foot pain,foot_pain,filipino,active
,gasakit akon pilas,wound pain,wound_pain,filipino,active
,gasakit akon pisngi,cheek pain,cheek_pain,filipino,active
,gasakit akon siko,elbow pain,elbow_pain,filipino,active
,gasakit akon singit,groin pain,groin_pain,filipino,active
,gasakit akon tadlong,forearm pain,forearm_pain,filipino,active
,gasakit akon tagipusuon,heart pain,heart_pain,filipino,active
,gasakit akon tai,buttocks pain,buttocks_pain,filipino,active
,gasakit akon tiil,foot pain,foot_pain,filipino,active
,gasakit akon tikod,heel pain,heel_pain,filipino,active
,gasakit akon titi,breast pain,breast_pain,filipino,active
,gasakit akon tiyan,abdominal pain,abdominal_pain,filipino,active
,gasakit akon tudlo,finger pain,finger_pain,filipino,active
,gasakit akon tuhod,knee pain,knee_pain,filipino,active
,gasakit akon tungod,throat pain,throat_pain,filipino,active
,gasakit akon tungtong,ankle pain,ankle_pain,filipino,active
,gasakit akon ulo,head pain,head_pain,filipino,active
,gasakit akon utok,brain pain,brain_pain,filipino,active
,gasakit ari ako,penile pain,penile_pain,filipino,active
,gasakit ari akon,penile pain,penile_pain,filipino,active
,gasakit ari akon gid,penile pain,penile_pain,filipino,active
,gasakit ari akon subong,penile pain,penile_pain,filipino,active
,gasakit ari ko ako,penile pain,penile_pain,filipino,active
,gasakit ari ko akon,penile pain,penile_pain,filipino,active
,gasakit ari ko akon gid,penile pain,penile_pain,filipino,active
,gasakit ari ko akon subong,penile pain,penile_pain,filipino,active
,gasakit ary ako,penile pain,penile_pain,filipino,active
,gasakit ary akon,penile pain,penile_pain,filipino,active
,gasakit ary akon gid,penile pain,penile_pain,filipino,active
,gasakit ary akon subong,penile pain,penile_pain,filipino,active
,gasakit ary ko ako,penile pain,penile_pain,filipino,active
,gasakit ary ko akon,penile pain,penile_pain,filipino,active
,gasakit ary ko akon gid,penile pain,penile_pain,filipino,active
,gasakit ary ko akon subong,penile pain,penile_pain,filipino,active
,gasakit atay akon,liver pain,liver_pain,filipino,active
,gasakit awang akon,jaw pain,jaw_pain,filipino,active
,gasakit awang gid ko,jaw pain,jaw_pain,filipino,active
,gasakit awang ko,jaw pain,jaw_pain,filipino,active
,gasakit awang man,jaw pain,jaw_pain,filipino,active
,gasakit awang subong,jaw pain,jaw_pain,filipino,active
,gasakit baba akon,mouth pain,mouth_pain,filipino,active
,gasakit balat akon,skin pain,skin_pain,filipino,active
,gasakit batiis akon,leg pain,leg_pain,filipino,active
,gasakit bato akon,kidney pain,kidney_pain,filipino,active
,gasakit bayag ako,scrotal pain,scrotal_pain,filipino,active
,gasakit bayag akon,scrotal pain,scrotal_pain,filipino,active
,gasakit bayag akon gid,scrotal pain,scrotal_pain,filipino,active
,gasakit bayag akon subong,scrotal pain,scrotal_pain,filipino,active
,gasakit baywang ako,waist pain,waist_pain,filipino,active
,gasakit baywang akon,waist pain,waist_pain,filipino,active
,gasakit baywang akon gid,waist pain,waist_pain,filipino,active
,gasakit baywang akon subong,waist pain,waist_pain,filipino,active
,gasakit baywang gid ko,waist pain,waist_pain,filipino,active
,gasakit baywang ko,waist pain,waist_pain,filipino,active
,gasakit baywang ko gid,waist pain,waist_pain,filipino,active
,gasakit baywang ko man,waist pain,waist_pain,filipino,active
,gasakit baywang man,waist pain,waist_pain,filipino,active
,gasakit baywang subong,waist pain,waist_pain,filipino,active
,gasakit bilad ako,vaginal pain,vaginal_pain,filipino,active
,gasakit bilad akon,vaginal pain,vaginal_pain,filipino,active
,gasakit bilad akon gid,vaginal pain,vaginal_pain,filipino,active
,gasakit bilad akon subong,vaginal pain,vaginal_pain,filipino,active
,gasakit bilad ko ako,vaginal pain,vaginal_pain,filipino,active
,gasakit bilad ko akon,vaginal pain,vaginal_pain,filipino,active
,gasakit bilad ko akon gid,vaginal pain,vaginal_pain,filipino,active
,gasakit bilad ko akon subong,vaginal pain,vaginal_pain,filipino,active
,gasakit bilat ako,vaginal pain,vaginal_pain,filipino,active
,gasakit bilat akon,vaginal pain,vaginal_pain,filipino,active
,gasakit bilat akon gid,vaginal pain,vaginal_pain,filipino,active
,gasakit bilat akon subong,vaginal pain,vaginal_pain,filipino,active
,gasakit bilat ko ako,vaginal pain,vaginal_pain,filipino,active
,gasakit bilat ko akon,vaginal pain,vaginal_pain,filipino,active
,gasakit bilat ko akon gid,vaginal pain,vaginal_pain,filipino,active
,gasakit bilat ko akon subong,vaginal pain,vaginal_pain,filipino,active
,gasakit buhok akon,hair pain,hair_pain,filipino,active
,gasakit bukong akon,forehead pain,forehead_pain,filipino,active
,gasakit bukong gid ko,forehead pain,forehead_pain,filipino,active
,gasakit bukong ko,forehead pain,forehead_pain,filipino,active
,gasakit bukong man,forehead pain,forehead_pain,filipino,active
,gasakit bukong subong,forehead pain,forehead_pain,filipino,active
,gasakit buuk akon,arm pain,arm_pain,filipino,active
,gasakit dalunggan akon,ear pain,ear_pain,filipino,active
,gasakit dila akon,tongue pain,tongue_pain,filipino,active
,gasakit dughan ako,chest pain,chest_pain,filipino,active
,gasakit dughan akon,chest pain,chest_pain,filipino,active
,gasakit dughan akon gid,chest pain,chest_pain,filipino,active
,gasakit dughan akon subong,chest pain,chest_pain,filipino,active
,gasakit gid akon ari,penile pain,penile_pain,filipino,active
,gasakit gid akon ari ko,penile pain,penile_pain,filipino,active
,gasakit gid akon ary,penile pain,penile_pain,filipino,active
,gasakit gid akon ary ko,penile pain,penile_pain,filipino,active
,gasakit gid akon bayag,scrotal pain,scrotal_pain,filipino,active
,gasakit gid akon bilad,vaginal pain,vaginal_pain,filipino,active
,gasakit gid akon bilad ko,vaginal pain,vaginal_pain,filipino,active
,gasakit gid akon bilat,vaginal pain,vaginal_pain,filipino,active
,gasakit gid akon bilat ko,vaginal pain,vaginal_pain,filipino,active
,gasakit gid akon itlog,testicular pain,testicular_pain,filipino,active
,gasakit gid akon itlog ko,testicular pain,testicular_pain,filipino,active
,gasakit gid akon itlog ku,testicular pain,testicular_pain,filipino,active
,gasakit gid akon itlug,testicular pain,testicular_pain,filipino,active
,gasakit gid akon itlug ko,testicular pain,testicular_pain,filipino,active
,gasakit gid akon itlug ku,testicular pain,testicular_pain,filipino,active
,gasakit gid akon kipay,vulvar pain,vulvar_pain,filipino,active
,gasakit gid akon singit,groin pain,groin_pain,filipino,active
,gasakit gid ari ako,penile pain,penile_pain,filipino,active
,gasakit gid ari akon,penile pain,penile_pain,filipino,active
,gasakit gid ari akon gid,penile pain,penile_pain,filipino,active
,gasakit gid ari akon subong,penile pain,penile_pain,filipino,active
,gasakit gid ari ko ako,penile pain,penile_pain,filipino,active
,gasakit gid ari ko akon,penile pain,penile_pain,filipino,active
,gasakit gid ari ko akon gid,penile pain,penile_pain,filipino,active
,gasakit gid ari ko akon subong,penile pain,penile_pain,filipino,active
,gasakit gid ary ako,penile pain,penile_pain,filipino,active
,gasakit gid ary akon,penile pain,penile_pain,filipino,active
,gasakit gid ary akon gid,penile pain,penile_pain,filipino,active
,gasakit gid ary akon subong,penile pain,penile_pain,filipino,active
,gasakit gid ary ko ako,penile pain,penile_pain,filipino,active
,gasakit gid ary ko akon,penile pain,penile_pain,filipino,active
,gasakit gid ary ko akon gid,penile pain,penile_pain,filipino,active
,gasakit gid ary ko akon subong,penile pain,penile_pain,filipino,active
,gasakit gid bayag ako,scrotal pain,scrotal_pain,filipino,active
,gasakit gid bayag akon,scrotal pain,scrotal_pain,filipino,active
,gasakit gid bayag akon gid,scrotal pain,scrotal_pain,filipino,active
,gasakit gid bayag akon subong,scrotal pain,scrotal_pain,filipino,active
,gasakit gid bilad ako,vaginal pain,vaginal_pain,filipino,active
,gasakit gid bilad akon,vaginal pain,vaginal_pain,filipino,active
,gasakit gid bilad akon gid,vaginal pain,vaginal_pain,filipino,active
,gasakit gid bilad akon subong,vaginal pain,vaginal_pain,filipino,active
,gasakit gid bilad ko ako,vaginal pain,vaginal_pain,filipino,active
,gasakit gid bilad ko akon,vaginal pain,vaginal_pain,filipino,active
,gasakit gid bilad ko akon gid,vaginal pain,vaginal_pain,filipino,active
,gasakit gid bilad ko akon subong,vaginal pain,vaginal_pain,filipino,active
,gasakit gid bilat ako,vaginal pain,vaginal_pain,filipino,active
,gasakit gid bilat akon,vaginal pain,vaginal_pain,filipino,active
,gasakit gid bilat akon gid,vaginal pain,vaginal_pain,filipino,active
,gasakit gid bilat akon subong,vaginal pain,vaginal_pain,filipino,active
,gasakit gid bilat ko ako,vaginal pain,vaginal_pain,filipino,active
,gasakit gid bilat ko akon,vaginal pain,vaginal_pain,filipino,active
,gasakit gid bilat ko akon gid,vaginal pain,vaginal_pain,filipino,active
,gasakit gid bilat ko akon subong,vaginal pain,vaginal_pain,filipino,active
,gasakit gid itlog ako,testicular pain,testicular_pain,filipino,active
,gasakit gid itlog akon,testicular pain,testicular_pain,filipino,active
,gasakit gid itlog akon gid,testicular pain,testicular_pain,filipino,active
,gasakit gid itlog akon subong,testicular pain,testicular_pain,filipino,active
,gasakit gid itlog ko ako,testicular pain,testicular_pain,filipino,active
,gasakit gid itlog ko akon,testicular pain,testicular_pain,filipino,active
,gasakit gid itlog ko akon gid,testicular pain,testicular_pain,filipino,active
,gasakit gid itlog ko akon subong,testicular pain,testicular_pain,filipino,active
,gasakit gid itlog ku ako,testicular pain,testicular_pain,filipino,active
,gasakit gid itlog ku akon,testicular pain,testicular_pain,filipino,active
,gasakit gid itlog ku akon gid,testicular pain,testicular_pain,filipino,active
,gasakit gid itlog ku akon subong,testicular pain,testicular_pain,filipino,active
,gasakit gid itlug ako,testicular pain,testicular_pain,filipino,active
,gasakit gid itlug akon,testicular pain,testicular_pain,filipino,active
,gasakit gid itlug akon gid,testicular pain,testicular_pain,filipino,active
,gasakit gid itlug akon subong,testicular pain,testicular_pain,filipino,active
,gasakit gid itlug ko ako,testicular pain,testicular_pain,filipino,active
,gasakit gid itlug ko akon,testicular pain,testicular_pain,filipino,active
,gasakit gid itlug ko akon gid,testicular pain,testicular_pain,filipino,active
,gasakit gid itlug ko akon subong,testicular pain,testicular_pain,filipino,active
,gasakit gid itlug ku ako,testicular pain,testicular_pain,filipino,active
,gasakit gid itlug ku akon,testicular pain,testicular_pain,filipino,active
,gasakit gid itlug ku akon gid,testicular pain,testicular_pain,filipino,active
,gasakit gid itlug ku akon subong,testicular pain,testicular_pain,filipino,active
,gasakit gid kipay ako,vulvar pain,vulvar_pain,filipino,active
,gasakit gid kipay akon,vulvar pain,vulvar_pain,filipino,active
,gasakit gid kipay akon gid,vulvar pain,vulvar_pain,filipino,active
,gasakit gid kipay akon subong,vulvar pain,vulvar_pain,filipino,active
,gasakit gid singit ako,groin pain,groin_pain,filipino,active
,gasakit gid singit akon,groin pain,groin_pain,filipino,active
,gasakit gid singit akon gid,groin pain,groin_pain,filipino,active
,gasakit gid singit akon subong,groin pain,groin_pain,filipino,active
,gasakit ilong akon,nose pain,nose_pain,filipino,active
,gasakit ilong gid ko,nose pain,nose_pain,filipino,active
,gasakit ilong ko,nose pain,nose_pain,filipino,active
,gasakit ilong man,nose pain,nose_pain,filipino,active
,gasakit ilong subong,nose pain,nose_pain,filipino,active
,gasakit itlog ako,testicular pain,testicular_pain,filipino,active
,gasakit itlog akon,testicular pain,testicular_pain,filipino,active
,gasakit itlog akon gid,testicular pain,testicular_pain,filipino,active
,gasakit itlog akon subong,testicular pain,testicular_pain,filipino,active
,gasakit itlog ko ako,testicular pain,testicular_pain,filipino,active
,gasakit itlog ko akon,testicular pain,testicular_pain,filipino,active
,gasakit itlog ko akon gid,testicular pain,testicular_pain,filipino,active
,gasakit itlog ko akon subong,testicular pain,testicular_pain,filipino,active
,gasakit itlog ku ako,testicular pain,testicular_pain,filipino,active
,gasakit itlog ku akon,testicular pain,testicular_pain,filipino,active
,gasakit itlog ku akon gid,testicular pain,testicular_pain,filipino,active
,gasakit itlog ku akon subong,testicular pain,testicular_pain,filipino,active
,gasakit itlug ako,testicular pain,testicular_pain,filipino,active
,gasakit itlug akon,testicular pain,testicular_pain,filipino,active
,gasakit itlug akon gid,testicular pain,testicular_pain,filipino,active
,gasakit itlug akon subong,testicular pain,testicular_pain,filipino,active
,gasakit itlug ko ako,testicular pain,testicular_pain,filipino,active
,gasakit itlug ko akon,testicular pain,testicular_pain,filipino,active
,gasakit itlug ko akon gid,testicular pain,testicular_pain,filipino,active
,gasakit itlug ko akon subong,testicular pain,testicular_pain,filipino,active
,gasakit itlug ku ako,testicular pain,testicular_pain,filipino,active
,gasakit itlug ku akon,testicular pain,testicular_pain,filipino,active
,gasakit itlug ku akon gid,testicular pain,testicular_pain,filipino,active
,gasakit itlug ku akon subong,testicular pain,testicular_pain,filipino,active
,gasakit kamot akon,hand pain,hand_pain,filipino,active
,gasakit kipay ako,vulvar pain,vulvar_pain,filipino,active
,gasakit kipay akon,vulvar pain,vulvar_pain,filipino,active
,gasakit kipay akon gid,vulvar pain,vulvar_pain,filipino,active
,gasakit kipay akon subong,vulvar pain,vulvar_pain,filipino,active
,gasakit kuko akon,nail pain,nail_pain,filipino,active
,gasakit lawas akon,body pain,body_pain,filipino,active
,gasakit lawi akon,nape pain,nape_pain,filipino,active
,gasakit likod ako,back pain,back_pain,filipino,active
,gasakit likod akon,back pain,back_pain,filipino,active
,gasakit likod akon gid,back pain,back_pain,filipino,active
,gasakit likod akon subong,back pain,back_pain,filipino,active
,gasakit liog ako,neck pain,neck_pain,filipino,active
,gasakit liog akon,neck pain,neck_pain,filipino,active
,gasakit liog akon gid,neck pain,neck_pain,filipino,active
,gasakit liog akon subong,neck pain,neck_pain,filipino,active
,gasakit mata ako,eye pain,eye_pain,filipino,active
,gasakit mata akon,eye pain,eye_pain,filipino,active
,gasakit mata akon gid,eye pain,eye_pain,filipino,active
,gasakit mata akon subong,eye pain,eye_pain,filipino,active
,gasakit mata ko ako,eye pain,eye_pain,filipino,active
,gasakit mata ko akon,eye pain,eye_pain,filipino,active
,gasakit mata ko akon gid,eye pain,eye_pain,filipino,active
,gasakit mata ko akon subong,eye pain,eye_pain,filipino,active
,gasakit mata ko gid ako,eye pain,eye_pain,filipino,active
,gasakit mata ko gid akon,eye pain,eye_pain,filipino,active
,gasakit mata ko gid akon gid,eye pain,eye_pain,filipino,active
,gasakit mata ko gid akon subong,eye pain,eye_pain,filipino,active
,gasakit ngipon akon,tooth pain,tooth_pain,filipino,active
,gasakit olok ako,head pain,head_pain,filipino,active
,gasakit olok akon,head pain,head_pain,filipino,active
,gasakit olok akon gid,head pain,head_pain,filipino,active
,gasakit olok akon subong,head pain,head_pain,filipino,active
,gasakit paa akon,foot pain,foot_pain,filipino,active
,gasakit pilas akon,wound pain,wound_pain,filipino,active
,gasakit pisngi akon,cheek pain,cheek_pain,filipino,active
,gasakit siko ako,elbow pain,elbow_pain,filipino,active
,gasakit siko akon,elbow pain,elbow_pain,filipino,active
,gasakit siko akon gid,elbow pain,elbow_pain,filipino,active
,gasakit siko akon subong,elbow pain,elbow_pain,filipino,active
,gasakit singit ako,groin pain,groin_pain,filipino,active
,gasakit singit akon,groin pain,groin_pain,filipino,active
,gasakit singit akon gid,groin pain,groin_pain,filipino,active
,gasakit singit akon subong,groin pain,groin_pain,filipino,active
,gasakit tadlong akon,forearm pain,forearm_pain,filipino,active
,gasakit tadlong gid ko,forearm pain,forearm_pain,filipino,active
,gasakit tadlong ko,forearm pain,forearm_pain,filipino,active
,gasakit tadlong man,forearm pain,forearm_pain,filipino,active
,gasakit tadlong subong,forearm pain,forearm_pain,filipino,active
,gasakit tagipusuon akon,heart pain,heart_pain,filipino,active
,gasakit tai akon,buttocks pain,buttocks_pain,filipino,active
,gasakit tiil akon,foot pain,foot_pain,filipino,active
,gasakit tikod ako,heel pain,heel_pain,filipino,active
,gasakit tikod akon,heel pain,heel_pain,filipino,active
,gasakit tikod akon gid,heel pain,heel_pain,filipino,active
,gasakit tikod akon subong,heel pain,heel_pain,filipino,active
,gasakit tina-i ako,abdominal pain,abdominal_pain,filipino,active
,gasakit tina-i akon,abdominal pain,abdominal_pain,filipino,active
,gasakit tina-i akon gid,abdominal pain,abdominal_pain,filipino,active
,gasakit tina-i akon subong,abdominal pain,abdominal_pain,filipino,active
,gasakit titi akon,breast pain,breast_pain,filipino,active
,gasakit tiyan ako,abdominal pain,abdominal_pain,filipino,active
,gasakit tiyan akon,abdominal pain,abdominal_pain,filipino,active
,gasakit tiyan akon gid,abdominal pain,abdominal_pain,filipino,active
,gasakit tiyan akon subong,abdominal pain,abdominal_pain,filipino,active
,gasakit tiyan ko ako,abdominal pain,abdominal_pain,filipino,active
,gasakit tiyan ko akon,abdominal pain,abdominal_pain,filipino,active
,gasakit tiyan ko akon gid,abdominal pain,abdominal_pain,filipino,active
,gasakit tiyan ko akon subong,abdominal pain,abdominal_pain,filipino,active
,gasakit tudlo akon,finger pain,finger_pain,filipino,active
,gasakit tuhod ako,knee pain,knee_pain,filipino,active
,gasakit tuhod akon,knee pain,knee_pain,filipino,active
,gasakit tuhod akon gid,knee pain,knee_pain,filipino,active
,gasakit tuhod akon subong,knee pain,knee_pain,filipino,active
,gasakit tungod akon,throat pain,throat_pain,filipino,active
,gasakit tungtong ako,ankle pain,ankle_pain,filipino,active
,gasakit tungtong akon,ankle pain,ankle_pain,filipino,active
,gasakit tungtong akon gid,ankle pain,ankle_pain,filipino,active
,gasakit tungtong akon subong,ankle pain,ankle_pain,filipino,active
,gasakit tungtong gid ko,ankle pain,ankle_pain,filipino,active
,gasakit tungtong ko,ankle pain,ankle_pain,filipino,active
,gasakit tungtong ko gid,ankle pain,ankle_pain,filipino,active
,gasakit tungtong ko man,ankle pain,ankle_pain,filipino,active
,gasakit tungtong man,ankle pain,ankle_pain,filipino,active
,gasakit tungtong subong,ankle pain,ankle_pain,filipino,active
,gasakit ulo ako,head pain,head_pain,filipino,active
,gasakit ulo akon,head pain,head_pain,filipino,active
,gasakit ulo akon gid,head pain,head_pain,filipino,active
,gasakit ulo akon subong,head pain,head_pain,filipino,active
,gasakit ulo ko ako,head pain,head_pain,filipino,active
,gasakit ulo ko akon,head pain,head_pain,filipino,active
,gasakit ulo ko akon gid,head pain,head_pain,filipino,active
,gasakit ulo ko akon subong,head pain,head_pain,filipino,active
,gasakit ulo ko subong lang,head pain,head_pain,filipino,active
,gasakit ulo ko upod sang ginahilanat ko,head pain with fever,head_pain_with_fever,filipino,active
,gasakit utok akon,brain pain,brain_pain,filipino,active
,gin kagat ahas ako,snake bite,snake_bite,filipino,active
,gin kagat ako sang ahas,snake bite,snake_bite,filipino,active
,gin kagat ako sang ido,dog bite,dog_bite,filipino,active
,gin kagat ido ako,dog bite,dog_bite,filipino,active
,gin kagat sang ahas ko,snake bite,snake_bite,filipino,active
,gin kagat sang ido ko,dog bite,dog_bite,filipino,active
,gin kagat sang ido ko kag nagdugo,dog bite with bleeding,dog_bite_with_bleeding,filipino,active
,ginabalaka ko budlay gid gid ko magginhawa subong gid,difficulty breathing,difficulty_breathing,filipino,active
,ginabalaka ko budlay gid gid ko magginhawa subong gid ko,difficulty breathing,difficulty_breathing,filipino,active
,ginabalaka ko budlay gid gid ko magginhawa subong ko gid,difficulty breathing,difficulty_breathing,filipino,active
,ginabalaka ko budlay gid gid ko magginhawa subong man,difficulty breathing,difficulty_breathing,filipino,active
,ginabalaka ko budlay gid gid ko magginhawa subong na gid,difficulty breathing,difficulty_breathing,filipino,active
,ginabalaka ko budlay gid ko mag ginhawa subong gid,difficulty breathing,difficulty_breathing,filipino,active
,ginabalaka ko budlay gid ko mag ginhawa subong gid ko,difficulty breathing,difficulty_breathing,filipino,active
,ginabalaka ko budlay gid ko mag ginhawa subong ko gid,difficulty breathing,difficulty_breathing,filipino,active
,ginabalaka ko budlay gid ko mag ginhawa subong man,difficulty breathing,difficulty_breathing,filipino,active
,ginabalaka ko budlay gid ko mag ginhawa subong na gid,difficulty breathing,difficulty_breathing,filipino,active
,ginabalaka ko budlay gid ko magginhawa subong gid,difficulty breathing,difficulty_breathing,filipino,active
,ginabalaka ko budlay gid ko magginhawa subong gid ko,difficulty breathing,difficulty_breathing,filipino,active
,ginabalaka ko budlay gid ko magginhawa subong ko gid,difficulty breathing,difficulty_breathing,filipino,active
,ginabalaka ko budlay gid ko magginhawa subong man,difficulty breathing,difficulty_breathing,filipino,active
,ginabalaka ko budlay gid ko magginhawa subong na gid,difficulty breathing,difficulty_breathing,filipino,active
,ginabalaka ko gin kagat sang ido ko kag nagdugo gid,dog bite with bleeding,dog_bite_with_bleeding,filipino,active
,ginabalaka ko gin kagat sang ido ko kag nagdugo gid ko,dog bite with bleeding,dog_bite_with_bleeding,filipino,active
,ginabalaka ko gin kagat sang ido ko kag nagdugo ko gid,dog bite with bleeding,dog_bite_with_bleeding,filipino,active
,ginabalaka ko gin kagat sang ido ko kag nagdugo man,dog bite with bleeding,dog_bite_with_bleeding,filipino,active
,ginabalaka ko gin kagat sang ido ko kag nagdugo na gid,dog bite with bleeding,dog_bite_with_bleeding,filipino,active
,ginabalaka ko ginkagat sang ido ko kag nag dugo gid,dog bite with bleeding,dog_bite_with_bleeding,filipino,active
,ginabalaka ko ginkagat sang ido ko kag nag dugo gid ko,dog bite with bleeding,dog_bite_with_bleeding,filipino,active
,ginabalaka ko ginkagat sang ido ko kag nag dugo ko gid,dog bite with bleeding,dog_bite_with_bleeding,filipino,active
,ginabalaka ko ginkagat sang ido ko kag nag dugo man,dog bite with bleeding,dog_bite_with_bleeding,filipino,active
,ginabalaka ko ginkagat sang ido ko kag nag dugo na gid,dog bite with bleeding,dog_bite_with_bleeding,filipino,active
,ginabalaka ko ginkagat sang ido ko kag nagdugo gid,dog bite with bleeding,dog_bite_with_bleeding,filipino,active
,ginabalaka ko ginkagat sang ido ko kag nagdugo gid ko,dog bite with bleeding,dog_bite_with_bleeding,filipino,active
,ginabalaka ko ginkagat sang ido ko kag nagdugo ko gid,dog bite with bleeding,dog_bite_with_bleeding,filipino,active
,ginabalaka ko ginkagat sang ido ko kag nagdugo man,dog bite with bleeding,dog_bite_with_bleeding,filipino,active
,ginabalaka ko ginkagat sang ido ko kag nagdugo na gid,dog bite with bleeding,dog_bite_with_bleeding,filipino,active
,ginabalaka ko may nana akon mata subong gid,eye infection,eye_infection,filipino,active
,ginabalaka ko may nana akon mata subong gid ko,eye infection,eye_infection,filipino,active
,ginabalaka ko may nana akon mata subong ko gid,eye infection,eye_infection,filipino,active
,ginabalaka ko may nana akon mata subong man,eye infection,eye_infection,filipino,active
,ginabalaka ko may nana akon mata subong na gid,eye infection,eye_infection,filipino,active
,ginabalaka ko may pilas ko sa kamot kag nag dugo gid,bleeding hand wound,bleeding_hand_wound,filipino,active
,ginabalaka ko may pilas ko sa kamot kag nag dugo gid ko,bleeding hand wound,bleeding_hand_wound,filipino,active
,ginabalaka ko may pilas ko sa kamot kag nag dugo ko gid,bleeding hand wound,bleeding_hand_wound,filipino,active
,ginabalaka ko may pilas ko sa kamot kag nag dugo man,bleeding hand wound,bleeding_hand_wound,filipino,active
,ginabalaka ko may pilas ko sa kamot kag nag dugo na gid,bleeding hand wound,bleeding_hand_wound,filipino,active
,ginabalaka ko may pilas ko sa kamot kag nagdugo gid,bleeding hand wound,bleeding_hand_wound,filipino,active
,ginabalaka ko may pilas ko sa kamot kag nagdugo gid ko,bleeding hand wound,bleeding_hand_wound,filipino,active
,ginabalaka ko may pilas ko sa kamot kag nagdugo ko gid,bleeding hand wound,bleeding_hand_wound,filipino,active
,ginabalaka ko may pilas ko sa kamot kag nagdugo man,bleeding hand wound,bleeding_hand_wound,filipino,active
,ginabalaka ko may pilas ko sa kamot kag nagdugo na gid,bleeding hand wound,bleeding_hand_wound,filipino,active
,ginabalaka ko nabali kamot ko sang natumba gid,hand fracture,hand_fracture,filipino,active
,ginabalaka ko nabali kamot ko sang natumba gid ko,hand fracture,hand_fracture,filipino,active
,ginabalaka ko nabali kamot ko sang natumba ko gid,hand fracture,hand_fracture,filipino,active
,ginabalaka ko nabali kamot ko sang natumba man,hand fracture,hand_fracture,filipino,active
,ginabalaka ko nabali kamot ko sang natumba na gid,hand fracture,hand_fracture,filipino,active
,ginabalaka ko nabali na kamot ko sang natumba gid,hand fracture,hand_fracture,filipino,active
,ginabalaka ko nabali na kamot ko sang natumba gid ko,hand fracture,hand_fracture,filipino,active
,ginabalaka ko nabali na kamot ko sang natumba ko gid,hand fracture,hand_fracture,filipino,active
,ginabalaka ko nabali na kamot ko sang natumba man,hand fracture,hand_fracture,filipino,active
,ginabalaka ko nabali na kamot ko sang natumba na gid,hand fracture,hand_fracture,filipino,active
,ginabalaka ko nakuryente ko sang kuryente gid,electrical injury,electrical_injury,filipino,active
,ginabalaka ko nakuryente ko sang kuryente gid ko,electrical injury,electrical_injury,filipino,active
,ginabalaka ko nakuryente ko sang kuryente ko gid,electrical injury,electrical_injury,filipino,active
,ginabalaka ko nakuryente ko sang kuryente man,electrical injury,electrical_injury,filipino,active
,ginabalaka ko nakuryente ko sang kuryente na gid,electrical injury,electrical_injury,filipino,active
,ginabalaka ko nautod na tudlo ko sang makina gid,amputated finger,amputated_finger,filipino,active
,ginabalaka ko nautod na tudlo ko sang makina gid ko,amputated finger,amputated_finger,filipino,active
,ginabalaka ko nautod na tudlo ko sang makina ko gid,amputated finger,amputated_finger,filipino,active
,ginabalaka ko nautod na tudlo ko sang makina man,amputated finger,amputated_finger,filipino,active
,ginabalaka ko nautod na tudlo ko sang makina na gid,amputated finger,amputated_finger,filipino,active
,ginabalaka ko nautod tudlo ko sang makina gid,amputated finger,amputated_finger,filipino,active
,ginabalaka ko nautod tudlo ko sang makina gid ko,amputated finger,amputated_finger,filipino,active
,ginabalaka ko nautod tudlo ko sang makina ko gid,amputated finger,amputated_finger,filipino,active
,ginabalaka ko nautod tudlo ko sang makina man,amputated finger,amputated_finger,filipino,active
,ginabalaka ko nautod tudlo ko sang makina na gid,amputated finger,amputated_finger,filipino,active
,ginabalaka ku budlay gid ko magginhawa subong gid,difficulty breathing,difficulty_breathing,filipino,active
,ginabalaka ku budlay gid ko magginhawa subong gid ko,difficulty breathing,difficulty_breathing,filipino,active
,ginabalaka ku budlay gid ko magginhawa subong ko gid,difficulty breathing,difficulty_breathing,filipino,active
,ginabalaka ku budlay gid ko magginhawa subong man,difficulty breathing,difficulty_breathing,filipino,active
,ginabalaka ku budlay gid ko magginhawa subong na gid,difficulty breathing,difficulty_breathing,filipino,active
,ginabalaka ku ginkagat sang ido ko kag nagdugo gid,dog bite with bleeding,dog_bite_with_bleeding,filipino,active
,ginabalaka ku ginkagat sang ido ko kag nagdugo gid ko,dog bite with bleeding,dog_bite_with_bleeding,filipino,active
,ginabalaka ku ginkagat sang ido ko kag nagdugo ko gid,dog bite with bleeding,dog_bite_with_bleeding,filipino,active
,ginabalaka ku ginkagat sang ido ko kag nagdugo man,dog bite with bleeding,dog_bite_with_bleeding,filipino,active
,ginabalaka ku ginkagat sang ido ko kag nagdugo na gid,dog bite with bleeding,dog_bite_with_bleeding,filipino,active
,ginabalaka ku may pilas ko sa kamot kag nagdugo gid,bleeding hand wound,bleeding_hand_wound,filipino,active
,ginabalaka ku may pilas ko sa kamot kag nagdugo gid ko,bleeding hand wound,bleeding_hand_wound,filipino,active
,ginabalaka ku may pilas ko sa kamot kag nagdugo ko gid,bleeding hand wound,bleeding_hand_wound,filipino,active
,ginabalaka ku may pilas ko sa kamot kag nagdugo man,bleeding hand wound,bleeding_hand_wound,filipino,active
,ginabalaka ku may pilas ko sa kamot kag nagdugo na gid,bleeding hand wound,bleeding_hand_wound,filipino,active
,ginabalaka ku nabali kamot ko sang natumba gid,hand fracture,hand_fracture,filipino,active
,ginabalaka ku nabali kamot ko sang natumba gid ko,hand fracture,hand_fracture,filipino,active
,ginabalaka ku nabali kamot ko sang natumba ko gid,hand fracture,hand_fracture,filipino,active
,ginabalaka ku nabali kamot ko sang natumba man,hand fracture,hand_fracture,filipino,active
,ginabalaka ku nabali kamot ko sang natumba na gid,hand fracture,hand_fracture,filipino,active
,ginabalaka ku nakuryente ko sang kuryente gid,electrical injury,electrical_injury,filipino,active
,ginabalaka ku nakuryente ko sang kuryente gid ko,electrical injury,electrical_injury,filipino,active
,ginabalaka ku nakuryente ko sang kuryente ko gid,electrical injury,electrical_injury,filipino,active
,ginabalaka ku nakuryente ko sang kuryente man,electrical injury,electrical_injury,filipino,active
,ginabalaka ku nakuryente ko sang kuryente na gid,electrical injury,electrical_injury,filipino,active
,ginabalaka ku nautod tudlo ko sang makina gid,amputated finger,amputated_finger,filipino,active
,ginabalaka ku nautod tudlo ko sang makina gid ko,amputated finger,amputated_finger,filipino,active
,ginabalaka ku nautod tudlo ko sang makina ko gid,amputated finger,amputated_finger,filipino,active
,ginabalaka ku nautod tudlo ko sang makina man,amputated finger,amputated_finger,filipino,active
,ginabalaka ku nautod tudlo ko sang makina na gid,amputated finger,amputated_finger,filipino,active
,ginadudul-om ko subong lang,diarrhea,diarrhea,filipino,active
,ginadugo ang ubo,hemoptysis,hemoptysis,filipino,active
,ginahilanat ko subong lang,fever,fever,filipino,active
,ginahilanat ko upod sang ginabaldom ko,fever with abdominal pain,fever_with_abdominal_pain,filipino,active
,ginahilanat ko upod sang ubo ko,fever with cough,fever_with_cough,filipino,active
,ginahilanat sing taas,high fever,high_fever,filipino,active
,ginahubag abaga akon,shoulder swelling,shoulder_swelling,filipino,active
,ginahubag abaga akon gid,shoulder swelling,shoulder_swelling,filipino,active
,ginahubag akon abaga,shoulder swelling,shoulder_swelling,filipino,active
,ginahubag akon ari,penile swelling,penile_swelling,filipino,active
,ginahubag akon ari ko,penile swelling,penile_swelling,filipino,active
,ginahubag akon ary,penile swelling,penile_swelling,filipino,active
,ginahubag akon ary ko,penile swelling,penile_swelling,filipino,active
,ginahubag akon atay,liver swelling,liver_swelling,filipino,active
,ginahubag akon awang,jaw swelling,jaw_swelling,filipino,active
,ginahubag akon baba,lip swelling,lip_swelling,filipino,active
,ginahubag akon balat,skin swelling,skin_swelling,filipino,active
,ginahubag akon batiis,leg swelling,leg_swelling,filipino,active
,ginahubag akon bato,kidney swelling,kidney_swelling,filipino,active
,ginahubag akon bayag,scrotal swelling,scrotal_swelling,filipino,active
,ginahubag akon baywang,waist swelling,waist_swelling,filipino,active
,ginahubag akon bilad,vaginal swelling,vaginal_swelling,filipino,active
,ginahubag akon bilad ko,vaginal swelling,vaginal_swelling,filipino,active
,ginahubag akon bilat,vaginal swelling,vaginal_swelling,filipino,active
,ginahubag akon bilat ko,vaginal swelling,vaginal_swelling,filipino,active
,ginahubag akon buhok,hair swelling,hair_swelling,filipino,active
,ginahubag akon bukong,forehead swelling,forehead_swelling,filipino,active
,ginahubag akon buuk,arm swelling,arm_swelling,filipino,active
,ginahubag akon dalunggan,ear swelling,ear_swelling,filipino,active
,ginahubag akon dila,swollen tongue,swollen_tongue,filipino,active
,ginahubag akon dughan,chest swelling,chest_swelling,filipino,active
,ginahubag akon ilong,nasal swelling,nasal_swelling,filipino,active
,ginahubag akon itlog,testicular swelling,testicular_swelling,filipino,active
,ginahubag akon itlog ko,testicular swelling,testicular_swelling,filipino,active
,ginahubag akon itlog ku,testicular swelling,testicular_swelling,filipino,active
,ginahubag akon itlug,testicular swelling,testicular_swelling,filipino,active
,ginahubag akon itlug ko,testicular swelling,testicular_swelling,filipino,active
,ginahubag akon itlug ku,testicular swelling,testicular_swelling,filipino,active
,ginahubag akon kamot,hand swelling,hand_swelling,filipino,active
,ginahubag akon kuko,nail swelling,nail_swelling,filipino,active
,ginahubag akon lawas,body swelling,body_swelling,filipino,active
,ginahubag akon lawi,nape swelling,nape_swelling,filipino,active
,ginahubag akon likod,back swelling,back_swelling,filipino,active
,ginahubag akon liog,neck swelling,neck_swelling,filipino,active
,ginahubag akon mata,eye swelling,eye_swelling,filipino,active
,ginahubag akon ngipon,tooth swelling,tooth_swelling,filipino,active
,ginahubag akon paa,foot swelling,foot_swelling,filipino,active
,ginahubag akon pilas,wound swelling,wound_swelling,filipino,active
,ginahubag akon pisngi,facial swelling,facial_swelling,filipino,active
,ginahubag akon siko,elbow swelling,elbow_swelling,filipino,active
,ginahubag akon singit,groin swelling,groin_swelling,filipino,active
,ginahubag akon tadlong,forearm swelling,forearm_swelling,filipino,active
,ginahubag akon tagipusuon,heart swelling,heart_swelling,filipino,active
,ginahubag akon tai,buttocks swelling,buttocks_swelling,filipino,active
,ginahubag akon tiil,foot swelling,foot_swelling,filipino,active
,ginahubag akon tikod,heel swelling,heel_swelling,filipino,active
,ginahubag akon titi,breast swelling,breast_swelling,filipino,active
,ginahubag akon tiyan,abdominal swelling,abdominal_swelling,filipino,active
,ginahubag akon tudlo,finger swelling,finger_swelling,filipino,active
,ginahubag akon tuhod,knee swelling,knee_swelling,filipino,active
,ginahubag akon tungod,throat swelling,throat_swelling,filipino,active
,ginahubag akon tungtong,ankle swelling,ankle_swelling,filipino,active
,ginahubag akon ulo,head swelling,head_swelling,filipino,active
,ginahubag akon utok,brain swelling,brain_swelling,filipino,active
,ginahubag ang tiyan,abdominal swelling,abdominal_swelling,filipino,active
,ginahubag ari ako,penile swelling,penile_swelling,filipino,active
,ginahubag ari akon,penile swelling,penile_swelling,filipino,active
,ginahubag ari akon gid,penile swelling,penile_swelling,filipino,active
,ginahubag ari akon subong,penile swelling,penile_swelling,filipino,active
,ginahubag ari ko ako,penile swelling,penile_swelling,filipino,active
,ginahubag ari ko akon,penile swelling,penile_swelling,filipino,active
,ginahubag ari ko akon gid,penile swelling,penile_swelling,filipino,active
,ginahubag ari ko akon subong,penile swelling,penile_swelling,filipino,active
,ginahubag ary ako,penile swelling,penile_swelling,filipino,active
,ginahubag ary akon,penile swelling,penile_swelling,filipino,active
,ginahubag ary akon gid,penile swelling,penile_swelling,filipino,active
,ginahubag ary akon subong,penile swelling,penile_swelling,filipino,active
,ginahubag ary ko ako,penile swelling,penile_swelling,filipino,active
,ginahubag ary ko akon,penile swelling,penile_swelling,filipino,active
,ginahubag ary ko akon gid,penile swelling,penile_swelling,filipino,active
,ginahubag ary ko akon subong,penile swelling,penile_swelling,filipino,active
,ginahubag atay akon,liver swelling,liver_swelling,filipino,active
,ginahubag atay akon gid,liver swelling,liver_swelling,filipino,active
,ginahubag awang akon,jaw swelling,jaw_swelling,filipino,active
,ginahubag awang akon gid,jaw swelling,jaw_swelling,filipino,active
,ginahubag awang gid ko,jaw swelling,jaw_swelling,filipino,active
,ginahubag awang ko,jaw swelling,jaw_swelling,filipino,active
,ginahubag awang ko gid,jaw swelling,jaw_swelling,filipino,active
,ginahubag awang man,jaw swelling,jaw_swelling,filipino,active
,ginahubag awang subong,jaw swelling,jaw_swelling,filipino,active
,ginahubag baba akon,lip swelling,lip_swelling,filipino,active
,ginahubag baba akon gid,lip swelling,lip_swelling,filipino,active
,ginahubag balat akon,skin swelling,skin_swelling,filipino,active
,ginahubag balat akon gid,skin swelling,skin_swelling,filipino,active
,ginahubag batiis akon,leg swelling,leg_swelling,filipino,active
,ginahubag batiis akon gid,leg swelling,leg_swelling,filipino,active
,ginahubag bato akon,kidney swelling,kidney_swelling,filipino,active
,ginahubag bato akon gid,kidney swelling,kidney_swelling,filipino,active
,ginahubag bayag ako,scrotal swelling,scrotal_swelling,filipino,active
,ginahubag bayag akon,scrotal swelling,scrotal_swelling,filipino,active
,ginahubag bayag akon gid,scrotal swelling,scrotal_swelling,filipino,active
,ginahubag bayag akon subong,scrotal swelling,scrotal_swelling,filipino,active
,ginahubag baywang akon,waist swelling,waist_swelling,filipino,active
,ginahubag baywang akon gid,waist swelling,waist_swelling,filipino,active
,ginahubag baywang gid ko,waist swelling,waist_swelling,filipino,active
,ginahubag baywang ko,waist swelling,waist_swelling,filipino,active
,ginahubag baywang ko gid,waist swelling,waist_swelling,filipino,active
,ginahubag baywang man,waist swelling,waist_swelling,filipino,active
,ginahubag baywang subong,waist swelling,waist_swelling,filipino,active
,ginahubag bilad ako,vaginal swelling,vaginal_swelling,filipino,active
,ginahubag bilad akon,vaginal swelling,vaginal_swelling,filipino,active
,ginahubag bilad akon gid,vaginal swelling,vaginal_swelling,filipino,active
,ginahubag bilad akon subong,vaginal swelling,vaginal_swelling,filipino,active
,ginahubag bilad ko ako,vaginal swelling,vaginal_swelling,filipino,active
,ginahubag bilad ko akon,vaginal swelling,vaginal_swelling,filipino,active
,ginahubag bilad ko akon gid,vaginal swelling,vaginal_swelling,filipino,active
,ginahubag bilad ko akon subong,vaginal swelling,vaginal_swelling,filipino,active
,ginahubag bilat ako,vaginal swelling,vaginal_swelling,filipino,active
,ginahubag bilat akon,vaginal swelling,vaginal_swelling,filipino,active
,ginahubag bilat akon gid,vaginal swelling,vaginal_swelling,filipino,active
,ginahubag bilat akon subong,vaginal swelling,vaginal_swelling,filipino,active
,ginahubag bilat ko ako,vaginal swelling,vaginal_swelling,filipino,active
,ginahubag bilat ko akon,vaginal swelling,vaginal_swelling,filipino,active
,ginahubag bilat ko akon gid,vaginal swelling,vaginal_swelling,filipino,active
,ginahubag bilat ko akon subong,vaginal swelling,vaginal_swelling,filipino,active
,ginahubag buhok akon,hair swelling,hair_swelling,filipino,active
,ginahubag buhok akon gid,hair swelling,hair_swelling,filipino,active
,ginahubag bukong akon,forehead swelling,forehead_swelling,filipino,active
,ginahubag bukong akon gid,forehead swelling,forehead_swelling,filipino,active
,ginahubag bukong gid ko,forehead swelling,forehead_swelling,filipino,active
,ginahubag bukong ko,forehead swelling,forehead_swelling,filipino,active
,ginahubag bukong ko gid,forehead swelling,forehead_swelling,filipino,active
,ginahubag bukong man,forehead swelling,forehead_swelling,filipino,active
,ginahubag bukong subong,forehead swelling,forehead_swelling,filipino,active
,ginahubag buuk akon,arm swelling,arm_swelling,filipino,active
,ginahubag buuk akon gid,arm swelling,arm_swelling,filipino,active
,ginahubag dalunggan akon,ear swelling,ear_swelling,filipino,active
,ginahubag dalunggan akon gid,ear swelling,ear_swelling,filipino,active
,ginahubag dila akon,swollen tongue,swollen_tongue,filipino,active
,ginahubag dila akon gid,swollen tongue,swollen_tongue,filipino,active
,ginahubag dughan akon,chest swelling,chest_swelling,filipino,active
,ginahubag dughan akon gid,chest swelling,chest_swelling,filipino,active
,ginahubag ilong akon,nasal swelling,nasal_swelling,filipino,active
,ginahubag ilong akon gid,nasal swelling,nasal_swelling,filipino,active
,ginahubag ilong gid ko,nasal swelling,nasal_swelling,filipino,active
,ginahubag ilong ko,nasal swelling,nasal_swelling,filipino,active
,ginahubag ilong ko gid,nasal swelling,nasal_swelling,filipino,active
,ginahubag ilong man,nasal swelling,nasal_swelling,filipino,active
,ginahubag ilong subong,nasal swelling,nasal_swelling,filipino,active
,ginahubag itlog ako,testicular swelling,testicular_swelling,filipino,active
,ginahubag itlog akon,testicular swelling,testicular_swelling,filipino,active
,ginahubag itlog akon gid,testicular swelling,testicular_swelling,filipino,active
,ginahubag itlog akon subong,testicular swelling,testicular_swelling,filipino,active
,ginahubag itlog ko ako,testicular swelling,testicular_swelling,filipino,active
,ginahubag itlog ko akon,testicular swelling,testicular_swelling,filipino,active
,ginahubag itlog ko akon gid,testicular swelling,testicular_swelling,filipino,active
,ginahubag itlog ko akon subong,testicular swelling,testicular_swelling,filipino,active
,ginahubag itlog ku ako,testicular swelling,testicular_swelling,filipino,active
,ginahubag itlog ku akon,testicular swelling,testicular_swelling,filipino,active
,ginahubag itlog ku akon gid,testicular swelling,testicular_swelling,filipino,active
,ginahubag itlog ku akon subong,testicular swelling,testicular_swelling,filipino,active
,ginahubag itlug ako,testicular swelling,testicular_swelling,filipino,active
,ginahubag itlug akon,testicular swelling,testicular_swelling,filipino,active
,ginahubag itlug akon gid,testicular swelling,testicular_swelling,filipino,active
,ginahubag itlug akon subong,testicular swelling,testicular_swelling,filipino,active
,ginahubag itlug ko ako,testicular swelling,testicular_swelling,filipino,active
,ginahubag itlug ko akon,testicular swelling,testicular_swelling,filipino,active
,ginahubag itlug ko akon gid,testicular swelling,testicular_swelling,filipino,active
,ginahubag itlug ko akon subong,testicular swelling,testicular_swelling,filipino,active
,ginahubag itlug ku ako,testicular swelling,testicular_swelling,filipino,active
,ginahubag itlug ku akon,testicular swelling,testicular_swelling,filipino,active
,ginahubag itlug ku akon gid,testicular swelling,testicular_swelling,filipino,active
,ginahubag itlug ku akon subong,testicular swelling,testicular_swelling,filipino,active
,ginahubag kamot akon,hand swelling,hand_swelling,filipino,active
,ginahubag kamot akon gid,hand swelling,hand_swelling,filipino,active
,ginahubag kuko akon,nail swelling,nail_swelling,filipino,active
,ginahubag kuko akon gid,nail swelling,nail_swelling,filipino,active
,ginahubag lawas akon,body swelling,body_swelling,filipino,active
,ginahubag lawas akon gid,body swelling,body_swelling,filipino,active
,ginahubag lawi akon,nape swelling,nape_swelling,filipino,active
,ginahubag lawi akon gid,nape swelling,nape_swelling,filipino,active
,ginahubag likod akon,back swelling,back_swelling,filipino,active
,ginahubag likod akon gid,back swelling,back_swelling,filipino,active
,ginahubag liog akon,neck swelling,neck_swelling,filipino,active
,ginahubag liog akon gid,neck swelling,neck_swelling,filipino,active
,ginahubag mata akon,eye swelling,eye_swelling,filipino,active
,ginahubag mata akon gid,eye swelling,eye_swelling,filipino,active
,ginahubag ngipon akon,tooth swelling,tooth_swelling,filipino,active
,ginahubag ngipon akon gid,tooth swelling,tooth_swelling,filipino,active
,ginahubag paa akon,foot swelling,foot_swelling,filipino,active
,ginahubag paa akon gid,foot swelling,foot_swelling,filipino,active
,ginahubag pilas akon,wound swelling,wound_swelling,filipino,active
,ginahubag pilas akon gid,wound swelling,wound_swelling,filipino,active
,ginahubag pisngi akon,facial swelling,facial_swelling,filipino,active
,ginahubag pisngi akon gid,facial swelling,facial_swelling,filipino,active
,ginahubag siko akon,elbow swelling,elbow_swelling,filipino,active
,ginahubag siko akon gid,elbow swelling,elbow_swelling,filipino,active
,ginahubag singit ako,groin swelling,groin_swelling,filipino,active
,ginahubag singit akon,groin swelling,groin_swelling,filipino,active
,ginahubag singit akon gid,groin swelling,groin_swelling,filipino,active
,ginahubag singit akon subong,groin swelling,groin_swelling,filipino,active
,ginahubag tadlong akon,forearm swelling,forearm_swelling,filipino,active
,ginahubag tadlong akon gid,forearm swelling,forearm_swelling,filipino,active
,ginahubag tadlong gid ko,forearm swelling,forearm_swelling,filipino,active
,ginahubag tadlong ko,forearm swelling,forearm_swelling,filipino,active
,ginahubag tadlong ko gid,forearm swelling,forearm_swelling,filipino,active
,ginahubag tadlong man,forearm swelling,forearm_swelling,filipino,active
,ginahubag tadlong subong,forearm swelling,forearm_swelling,filipino,active
,ginahubag tagipusuon akon,heart swelling,heart_swelling,filipino,active
,ginahubag tagipusuon akon gid,heart swelling,heart_swelling,filipino,active
,ginahubag tai akon,buttocks swelling,buttocks_swelling,filipino,active
,ginahubag tai akon gid,buttocks swelling,buttocks_swelling,filipino,active
,ginahubag tiil akon,foot swelling,foot_swelling,filipino,active
,ginahubag tiil akon gid,foot swelling,foot_swelling,filipino,active
,ginahubag tikod akon,heel swelling,heel_swelling,filipino,active
,ginahubag tikod akon gid,heel swelling,heel_swelling,filipino,active
,ginahubag titi akon,breast swelling,breast_swelling,filipino,active
,ginahubag titi akon gid,breast swelling,breast_swelling,filipino,active
,ginahubag tiyan akon,abdominal swelling,abdominal_swelling,filipino,active
,ginahubag tiyan akon gid,abdominal swelling,abdominal_swelling,filipino,active
,ginahubag tudlo akon,finger swelling,finger_swelling,filipino,active
,ginahubag tudlo akon gid,finger swelling,finger_swelling,filipino,active
,ginahubag tuhod akon,knee swelling,knee_swelling,filipino,active
,ginahubag tuhod akon gid,knee swelling,knee_swelling,filipino,active
,ginahubag tungod akon,throat swelling,throat_swelling,filipino,active
,ginahubag tungod akon gid,throat swelling,throat_swelling,filipino,active
,ginahubag tungtong akon,ankle swelling,ankle_swelling,filipino,active
,ginahubag tungtong akon gid,ankle swelling,ankle_swelling,filipino,active
,ginahubag tungtong gid ko,ankle swelling,ankle_swelling,filipino,active
,ginahubag tungtong ko,ankle swelling,ankle_swelling,filipino,active
,ginahubag tungtong ko gid,ankle swelling,ankle_swelling,filipino,active
,ginahubag tungtong man,ankle swelling,ankle_swelling,filipino,active
,ginahubag tungtong subong,ankle swelling,ankle_swelling,filipino,active
,ginahubag ulo akon,head swelling,head_swelling,filipino,active
,ginahubag ulo akon gid,head swelling,head_swelling,filipino,active
,ginahubag utok akon,brain swelling,brain_swelling,filipino,active
,ginahubag utok akon gid,brain swelling,brain_swelling,filipino,active
,ginakagat sang ahas ko,snake bite,snake_bite,filipino,active
,ginakagat sang ahas ku,snake bite,snake_bite,filipino,active
,ginakagat sang ido ko,dog bite,dog_bite,filipino,active
,ginakagat sang ido ku,dog bite,dog_bite,filipino,active
,ginakagat sang ipis ko,cockroach bite,cockroach_bite,filipino,active
,ginakagat sang kuring ko,cat bite,cat_bite,filipino,active
,ginakagat sang lamok ko,mosquito bite,mosquito_bite,filipino,active
,ginakagat sang manok ko,animal bite,animal_bite,filipino,active
,ginakagat sang sapat ko,animal bite,animal_bite,filipino,active
,ginakatol akon ari,penile itching,penile_itching,filipino,active
,ginakatol akon ari ko,penile itching,penile_itching,filipino,active
,ginakatol akon ary,penile itching,penile_itching,filipino,active
,ginakatol akon ary ko,penile itching,penile_itching,filipino,active
,ginakatol akon bilad,vaginal itching,vaginal_itching,filipino,active
,ginakatol akon bilad ko,vaginal itching,vaginal_itching,filipino,active
,ginakatol akon bilat,vaginal itching,vaginal_itching,filipino,active
,ginakatol akon bilat ko,vaginal itching,vaginal_itching,filipino,active
,ginakatol akon itlog,testicular itching,testicular_itching,filipino,active
,ginakatol akon itlog ko,testicular itching,testicular_itching,filipino,active
,ginakatol akon itlug,testicular itching,testicular_itching,filipino,active
,ginakatol akon itlug ko,testicular itching,testicular_itching,filipino,active
,ginakatol akon kipay,vulvar itching,vulvar_itching,filipino,active
,ginakatol ari ako,penile itching,penile_itching,filipino,active
,ginakatol ari akon,penile itching,penile_itching,filipino,active
,ginakatol ari akon gid,penile itching,penile_itching,filipino,active
,ginakatol ari akon subong,penile itching,penile_itching,filipino,active
,ginakatol ari ko ako,penile itching,penile_itching,filipino,active
,ginakatol ari ko akon,penile itching,penile_itching,filipino,active
,ginakatol ari ko akon gid,penile itching,penile_itching,filipino,active
,ginakatol ari ko akon subong,penile itching,penile_itching,filipino,active
,ginakatol ary ako,penile itching,penile_itching,filipino,active
,ginakatol ary akon,penile itching,penile_itching,filipino,active
,ginakatol ary akon gid,penile itching,penile_itching,filipino,active
,ginakatol ary akon subong,penile itching,penile_itching,filipino,active
,ginakatol ary ko ako,penile itching,penile_itching,filipino,active
,ginakatol ary ko akon,penile itching,penile_itching,filipino,active
,ginakatol ary ko akon gid,penile itching,penile_itching,filipino,active
,ginakatol ary ko akon subong,penile itching,penile_itching,filipino,active
,ginakatol balat akon,itchy skin,itchy_skin,filipino,active
,ginakatol bilad ako,vaginal itching,vaginal_itching,filipino,active
,ginakatol bilad akon,vaginal itching,vaginal_itching,filipino,active
,ginakatol bilad akon gid,vaginal itching,vaginal_itching,filipino,active
,ginakatol bilad akon subong,vaginal itching,vaginal_itching,filipino,active
,ginakatol bilad ko ako,vaginal itching,vaginal_itching,filipino,active
,ginakatol bilad ko akon,vaginal itching,vaginal_itching,filipino,active
,ginakatol bilad ko akon gid,vaginal itching,vaginal_itching,filipino,active
,ginakatol bilad ko akon subong,vaginal itching,vaginal_itching,filipino,active
,ginakatol bilat ako,vaginal itching,vaginal_itching,filipino,active
,ginakatol bilat akon,vaginal itching,vaginal_itching,filipino,active
,ginakatol bilat akon gid,vaginal itching,vaginal_itching,filipino,active
,ginakatol bilat akon subong,vaginal itching,vaginal_itching,filipino,active
,ginakatol bilat ko ako,vaginal itching,vaginal_itching,filipino,active
,ginakatol bilat ko akon,vaginal itching,vaginal_itching,filipino,active
,ginakatol bilat ko akon gid,vaginal itching,vaginal_itching,filipino,active
,ginakatol bilat ko akon subong,vaginal itching,vaginal_itching,filipino,active
,ginakatol itlog ako,testicular itching,testicular_itching,filipino,active
,ginakatol itlog akon,testicular itching,testicular_itching,filipino,active
,ginakatol itlog akon gid,testicular itching,testicular_itching,filipino,active
,ginakatol itlog akon subong,testicular itching,testicular_itching,filipino,active
,ginakatol itlog ko ako,testicular itching,testicular_itching,filipino,active
,ginakatol itlog ko akon,testicular itching,testicular_itching,filipino,active
,ginakatol itlog ko akon gid,testicular itching,testicular_itching,filipino,active
,ginakatol itlog ko akon subong,testicular itching,testicular_itching,filipino,active
,ginakatol itlug ako,testicular itching,testicular_itching,filipino,active
,ginakatol itlug akon,testicular itching,testicular_itching,filipino,active
,ginakatol itlug akon gid,testicular itching,testicular_itching,filipino,active
,ginakatol itlug akon subong,testicular itching,testicular_itching,filipino,active
,ginakatol itlug ko ako,testicular itching,testicular_itching,filipino,active
,ginakatol itlug ko akon,testicular itching,testicular_itching,filipino,active
,ginakatol itlug ko akon gid,testicular itching,testicular_itching,filipino,active
,ginakatol itlug ko akon subong,testicular itching,testicular_itching,filipino,active
,ginakatol kamot akon,itchy hand,itchy_hand,filipino,active
,ginakatol kipay ako,vulvar itching,vulvar_itching,filipino,active
,ginakatol kipay akon,vulvar itching,vulvar_itching,filipino,active
,ginakatol kipay akon gid,vulvar itching,vulvar_itching,filipino,active
,ginakatol kipay akon subong,vulvar itching,vulvar_itching,filipino,active
,ginakatol mata akon,itchy eyes,itchy_eyes,filipino,active
,ginakatol tiil akon,itchy foot,itchy_foot,filipino,active
,ginakatol tudlo akon,itchy finger,itchy_finger,filipino,active
,ginamanwang batiis ko,leg numbness,leg_numbness,filipino,active
,ginamanwang buuk ko,arm numbness,arm_numbness,filipino,active
,ginamanwang kamot ko,hand numbness,hand_numbness,filipino,active
,ginamanwang lawas ko,body numbness,body_numbness,filipino,active
,ginamanwang tiil ko,foot numbness,foot_numbness,filipino,active
,ginamanwang tudlo ko,finger numbness,finger_numbness,filipino,active
,ginamasakit ang lawas,body pain,body_pain,filipino,active
,ginapamulang abaga akon,shoulder swelling,shoulder_swelling,filipino,active
,ginapamulang abaga akon gid,shoulder swelling,shoulder_swelling,filipino,active
,ginapamulang abaga gid ko,shoulder swelling,shoulder_swelling,filipino,active
,ginapamulang abaga ko,shoulder swelling,shoulder_swelling,filipino,active
,ginapamulang abaga ko gid,shoulder swelling,shoulder_swelling,filipino,active
,ginapamulang abaga man,shoulder swelling,shoulder_swelling,filipino,active
,ginapamulang abaga subong,shoulder swelling,shoulder_swelling,filipino,active
,ginapamulang akon abaga,shoulder swelling,shoulder_swelling,filipino,active
,ginapamulang akon atay,liver swelling,liver_swelling,filipino,active
,ginapamulang akon awang,jaw swelling,jaw_swelling,filipino,active
,ginapamulang akon baba,lip swelling,lip_swelling,filipino,active
,ginapamulang akon balat,skin swelling,skin_swelling,filipino,active
,ginapamulang akon batiis,leg swelling,leg_swelling,filipino,active
,ginapamulang akon bato,kidney swelling,kidney_swelling,filipino,active
,ginapamulang akon baywang,waist swelling,waist_swelling,filipino,active
,ginapamulang akon buhok,hair swelling,hair_swelling,filipino,active
,ginapamulang akon bukong,forehead swelling,forehead_swelling,filipino,active
,ginapamulang akon buuk,arm swelling,arm_swelling,filipino,active
,ginapamulang akon dalunggan,ear swelling,ear_swelling,filipino,active
,ginapamulang akon dila,swollen tongue,swollen_tongue,filipino,active
,ginapamulang akon dughan,chest swelling,chest_swelling,filipino,active
,ginapamulang akon ilong,nasal swelling,nasal_swelling,filipino,active
,ginapamulang akon kamot,hand swelling,hand_swelling,filipino,active
,ginapamulang akon kuko,nail swelling,nail_swelling,filipino,active
,ginapamulang akon lawas,body swelling,body_swelling,filipino,active
,ginapamulang akon lawi,nape swelling,nape_swelling,filipino,active
,ginapamulang akon likod,back swelling,back_swelling,filipino,active
,ginapamulang akon liog,neck swelling,neck_swelling,filipino,active
,ginapamulang akon mata,eye swelling,eye_swelling,filipino,active
,ginapamulang akon ngipon,tooth swelling,tooth_swelling,filipino,active
,ginapamulang akon paa,foot swelling,foot_swelling,filipino,active
,ginapamulang akon pilas,wound swelling,wound_swelling,filipino,active
,ginapamulang akon pisngi,facial swelling,facial_swelling,filipino,active
,ginapamulang akon siko,elbow swelling,elbow_swelling,filipino,active
,ginapamulang akon tadlong,forearm swelling,forearm_swelling,filipino,active
,ginapamulang akon tagipusuon,heart swelling,heart_swelling,filipino,active
,ginapamulang akon tai,buttocks swelling,buttocks_swelling,filipino,active
,ginapamulang akon tiil,foot swelling,foot_swelling,filipino,active
,ginapamulang akon tikod,heel swelling,heel_swelling,filipino,active
,ginapamulang akon titi,breast swelling,breast_swelling,filipino,active
,ginapamulang akon tiyan,abdominal swelling,abdominal_swelling,filipino,active
,ginapamulang akon tudlo,finger swelling,finger_swelling,filipino,active
,ginapamulang akon tuhod,knee swelling,knee_swelling,filipino,active
,ginapamulang akon tungod,throat swelling,throat_swelling,filipino,active
,ginapamulang akon tungtong,ankle swelling,ankle_swelling,filipino,active
,ginapamulang akon ulo,head swelling,head_swelling,filipino,active
,ginapamulang akon utok,brain swelling,brain_swelling,filipino,active
,ginapamulang atay akon,liver swelling,liver_swelling,filipino,active
,ginapamulang atay akon gid,liver swelling,liver_swelling,filipino,active
,ginapamulang atay gid ko,liver swelling,liver_swelling,filipino,active
,ginapamulang atay ko,liver swelling,liver_swelling,filipino,active
,ginapamulang atay ko gid,liver swelling,liver_swelling,filipino,active
,ginapamulang atay man,liver swelling,liver_swelling,filipino,active
,ginapamulang atay subong,liver swelling,liver_swelling,filipino,active
,ginapamulang awang akon,jaw swelling,jaw_swelling,filipino,active
,ginapamulang awang akon gid,jaw swelling,jaw_swelling,filipino,active
,ginapamulang awang gid ko,jaw swelling,jaw_swelling,filipino,active
,ginapamulang awang ko,jaw swelling,jaw_swelling,filipino,active
,ginapamulang awang ko gid,jaw swelling,jaw_swelling,filipino,active
,ginapamulang awang man,jaw swelling,jaw_swelling,filipino,active
,ginapamulang awang subong,jaw swelling,jaw_swelling,filipino,active
,ginapamulang baba akon,lip swelling,lip_swelling,filipino,active
,ginapamulang baba akon gid,lip swelling,lip_swelling,filipino,active
,ginapamulang baba gid ko,lip swelling,lip_swelling,filipino,active
,ginapamulang baba ko,lip swelling,lip_swelling,filipino,active
,ginapamulang baba ko gid,lip swelling,lip_swelling,filipino,active
,ginapamulang baba man,lip swelling,lip_swelling,filipino,active
,ginapamulang baba subong,lip swelling,lip_swelling,filipino,active
,ginapamulang balat akon,skin swelling,skin_swelling,filipino,active
,ginapamulang balat akon gid,skin swelling,skin_swelling,filipino,active
,ginapamulang balat gid ko,skin swelling,skin_swelling,filipino,active
,ginapamulang balat ko,skin swelling,skin_swelling,filipino,active
,ginapamulang balat ko gid,skin swelling,skin_swelling,filipino,active
,ginapamulang balat man,skin swelling,skin_swelling,filipino,active
,ginapamulang balat subong,skin swelling,skin_swelling,filipino,active
,ginapamulang batiis akon,leg swelling,leg_swelling,filipino,active
,ginapamulang batiis akon gid,leg swelling,leg_swelling,filipino,active
,ginapamulang batiis gid ko,leg swelling,leg_swelling,filipino,active
,ginapamulang batiis ko,leg swelling,leg_swelling,filipino,active
,ginapamulang batiis ko gid,leg swelling,leg_swelling,filipino,active
,ginapamulang batiis man,leg swelling,leg_swelling,filipino,active
,ginapamulang batiis subong,leg swelling,leg_swelling,filipino,active
,ginapamulang bato akon,kidney swelling,kidney_swelling,filipino,active
,ginapamulang bato akon gid,kidney swelling,kidney_swelling,filipino,active
,ginapamulang bato gid ko,kidney swelling,kidney_swelling,filipino,active
,ginapamulang bato ko,kidney swelling,kidney_swelling,filipino,active
,ginapamulang bato ko gid,kidney swelling,kidney_swelling,filipino,active
,ginapamulang bato man,kidney swelling,kidney_swelling,filipino,active
,ginapamulang bato subong,kidney swelling,kidney_swelling,filipino,active
,ginapamulang baywang akon,waist swelling,waist_swelling,filipino,active
,ginapamulang baywang akon gid,waist swelling,waist_swelling,filipino,active
,ginapamulang baywang gid ko,waist swelling,waist_swelling,filipino,active
,ginapamulang baywang ko,waist swelling,waist_swelling,filipino,active
,ginapamulang baywang ko gid,waist swelling,waist_swelling,filipino,active
,ginapamulang baywang man,waist swelling,waist_swelling,filipino,active
,ginapamulang baywang subong,waist swelling,waist_swelling,filipino,active
,ginapamulang buhok akon,hair swelling,hair_swelling,filipino,active
,ginapamulang buhok akon gid,hair swelling,hair_swelling,filipino,active
,ginapamulang buhok gid ko,hair swelling,hair_swelling,filipino,active
,ginapamulang buhok ko,hair swelling,hair_swelling,filipino,active
,ginapamulang buhok ko gid,hair swelling,hair_swelling,filipino,active
,ginapamulang buhok man,hair swelling,hair_swelling,filipino,active
,ginapamulang buhok subong,hair swelling,hair_swelling,filipino,active
,ginapamulang bukong akon,forehead swelling,forehead_swelling,filipino,active
,ginapamulang bukong akon gid,forehead swelling,forehead_swelling,filipino,active
,ginapamulang bukong gid ko,forehead swelling,forehead_swelling,filipino,active
,ginapamulang bukong ko,forehead swelling,forehead_swelling,filipino,active
,ginapamulang bukong ko gid,forehead swelling,forehead_swelling,filipino,active
,ginapamulang bukong man,forehead swelling,forehead_swelling,filipino,active
,ginapamulang bukong subong,forehead swelling,forehead_swelling,filipino,active
,ginapamulang buuk akon,arm swelling,arm_swelling,filipino,active
,ginapamulang buuk akon gid,arm swelling,arm_swelling,filipino,active
,ginapamulang buuk gid ko,arm swelling,arm_swelling,filipino,active
,ginapamulang buuk ko,arm swelling,arm_swelling,filipino,active
,ginapamulang buuk ko gid,arm swelling,arm_swelling,filipino,active
,ginapamulang buuk man,arm swelling,arm_swelling,filipino,active
,ginapamulang buuk subong,arm swelling,arm_swelling,filipino,active
,ginapamulang dalunggan akon,ear swelling,ear_swelling,filipino,active
,ginapamulang dalunggan akon gid,ear swelling,ear_swelling,filipino,active
,ginapamulang dalunggan gid ko,ear swelling,ear_swelling,filipino,active
,ginapamulang dalunggan ko,ear swelling,ear_swelling,filipino,active
,ginapamulang dalunggan ko gid,ear swelling,ear_swelling,filipino,active
,ginapamulang dalunggan man,ear swelling,ear_swelling,filipino,active
,ginapamulang dalunggan subong,ear swelling,ear_swelling,filipino,active
,ginapamulang dila acun,swollen tongue,swollen_tongue,filipino,active
,ginapamulang dila acun gid,swollen tongue,swollen_tongue,filipino,active
,ginapamulang dila akon,swollen tongue,swollen_tongue,filipino,active
,ginapamulang dila akon gid,swollen tongue,swollen_tongue,filipino,active
,ginapamulang dila gid ko,swollen tongue,swollen_tongue,filipino,active
,ginapamulang dila gid ku,swollen tongue,swollen_tongue,filipino,active
,ginapamulang dila ko,swollen tongue,swollen_tongue,filipino,active
,ginapamulang dila ko gid,swollen tongue,swollen_tongue,filipino,active
,ginapamulang dila ku,swollen tongue,swollen_tongue,filipino,active
,ginapamulang dila ku gid,swollen tongue,swollen_tongue,filipino,active
,ginapamulang dila man,swollen tongue,swollen_tongue,filipino,active
,ginapamulang dila subong,swollen tongue,swollen_tongue,filipino,active
,ginapamulang dughan akon,chest swelling,chest_swelling,filipino,active
,ginapamulang dughan akon gid,chest swelling,chest_swelling,filipino,active
,ginapamulang dughan gid ko,chest swelling,chest_swelling,filipino,active
,ginapamulang dughan ko,chest swelling,chest_swelling,filipino,active
,ginapamulang dughan ko gid,chest swelling,chest_swelling,filipino,active
,ginapamulang dughan man,chest swelling,chest_swelling,filipino,active
,ginapamulang dughan subong,chest swelling,chest_swelling,filipino,active
,ginapamulang ilong akon,nasal swelling,nasal_swelling,filipino,active
,ginapamulang ilong akon gid,nasal swelling,nasal_swelling,filipino,active
,ginapamulang ilong gid ko,nasal swelling,nasal_swelling,filipino,active
,ginapamulang ilong ko,nasal swelling,nasal_swelling,filipino,active
,ginapamulang ilong ko gid,nasal swelling,nasal_swelling,filipino,active
,ginapamulang ilong man,nasal swelling,nasal_swelling,filipino,active
,ginapamulang ilong subong,nasal swelling,nasal_swelling,filipino,active
,ginapamulang kamot akon,hand swelling,hand_swelling,filipino,active
,ginapamulang kamot akon gid,hand swelling,hand_swelling,filipino,active
,ginapamulang kamot gid ko,hand swelling,hand_swelling,filipino,active
,ginapamulang kamot ko,hand swelling,hand_swelling,filipino,active
,ginapamulang kamot ko gid,hand swelling,hand_swelling,filipino,active
,ginapamulang kamot man,hand swelling,hand_swelling,filipino,active
,ginapamulang kamot subong,hand swelling,hand_swelling,filipino,active
,ginapamulang kuko akon,nail swelling,nail_swelling,filipino,active
,ginapamulang kuko akon gid,nail swelling,nail_swelling,filipino,active
,ginapamulang kuko gid ko,nail swelling,nail_swelling,filipino,active
,ginapamulang kuko ko,nail swelling,nail_swelling,filipino,active
,ginapamulang kuko ko gid,nail swelling,nail_swelling,filipino,active
,ginapamulang kuko man,nail swelling,nail_swelling,filipino,active
,ginapamulang kuko subong,nail swelling,nail_swelling,filipino,active
,ginapamulang lawas akon,body swelling,body_swelling,filipino,active
,ginapamulang lawas akon gid,body swelling,body_swelling,filipino,active
,ginapamulang lawas gid ko,body swelling,body_swelling,filipino,active
,ginapamulang lawas ko,body swelling,body_swelling,filipino,active
,ginapamulang lawas ko gid,body swelling,body_swelling,filipino,active
,ginapamulang lawas man,body swelling,body_swelling,filipino,active
,ginapamulang lawas subong,body swelling,body_swelling,filipino,active
,ginapamulang lawi akon,nape swelling,nape_swelling,filipino,active
,ginapamulang lawi akon gid,nape swelling,nape_swelling,filipino,active
,ginapamulang lawi gid ko,nape swelling,nape_swelling,filipino,active
,ginapamulang lawi ko,nape swelling,nape_swelling,filipino,active
,ginapamulang lawi ko gid,nape swelling,nape_swelling,filipino,active
,ginapamulang lawi man,nape swelling,nape_swelling,filipino,active
,ginapamulang lawi subong,nape swelling,nape_swelling,filipino,active
,ginapamulang likod akon,back swelling,back_swelling,filipino,active
,ginapamulang likod akon gid,back swelling,back_swelling,filipino,active
,ginapamulang likod gid ko,back swelling,back_swelling,filipino,active
,ginapamulang likod ko,back swelling,back_swelling,filipino,active
,ginapamulang likod ko gid,back swelling,back_swelling,filipino,active
,ginapamulang likod man,back swelling,back_swelling,filipino,active
,ginapamulang likod subong,back swelling,back_swelling,filipino,active
,ginapamulang liog akon,neck swelling,neck_swelling,filipino,active
,ginapamulang liog akon gid,neck swelling,neck_swelling,filipino,active
,ginapamulang liog gid ko,neck swelling,neck_swelling,filipino,active
,ginapamulang liog ko,neck swelling,neck_swelling,filipino,active
,ginapamulang liog ko gid,neck swelling,neck_swelling,filipino,active
,ginapamulang liog man,neck swelling,neck_swelling,filipino,active
,ginapamulang liog subong,neck swelling,neck_swelling,filipino,active
,ginapamulang mata akon,eye swelling,eye_swelling,filipino,active
,ginapamulang mata akon gid,eye swelling,eye_swelling,filipino,active
,ginapamulang mata gid ko,eye swelling,eye_swelling,filipino,active
,ginapamulang mata ko,eye swelling,eye_swelling,filipino,active
,ginapamulang mata ko gid,eye swelling,eye_swelling,filipino,active
,ginapamulang mata man,eye swelling,eye_swelling,filipino,active
,ginapamulang mata subong,eye swelling,eye_swelling,filipino,active
,ginapamulang ngipon akon,tooth swelling,tooth_swelling,filipino,active
,ginapamulang ngipon akon gid,tooth swelling,tooth_swelling,filipino,active
,ginapamulang ngipon gid ko,tooth swelling,tooth_swelling,filipino,active
,ginapamulang ngipon ko,tooth swelling,tooth_swelling,filipino,active
,ginapamulang ngipon ko gid,tooth swelling,tooth_swelling,filipino,active
,ginapamulang ngipon man,tooth swelling,tooth_swelling,filipino,active
,ginapamulang ngipon subong,tooth swelling,tooth_swelling,filipino,active
,ginapamulang paa akon,foot swelling,foot_swelling,filipino,active
,ginapamulang paa akon gid,foot swelling,foot_swelling,filipino,active
,ginapamulang paa gid ko,foot swelling,foot_swelling,filipino,active
,ginapamulang paa ko,foot swelling,foot_swelling,filipino,active
,ginapamulang paa ko gid,foot swelling,foot_swelling,filipino,active
,ginapamulang paa man,foot swelling,foot_swelling,filipino,active
,ginapamulang paa subong,foot swelling,foot_swelling,filipino,active
,ginapamulang pilas akon,wound swelling,wound_swelling,filipino,active
,ginapamulang pilas akon gid,wound swelling,wound_swelling,filipino,active
,ginapamulang pilas gid ko,wound swelling,wound_swelling,filipino,active
,ginapamulang pilas ko,wound swelling,wound_swelling,filipino,active
,ginapamulang pilas ko gid,wound swelling,wound_swelling,filipino,active
,ginapamulang pilas man,wound swelling,wound_swelling,filipino,active
,ginapamulang pilas subong,wound swelling,wound_swelling,filipino,active
,ginapamulang pisngi akon,facial swelling,facial_swelling,filipino,active
,ginapamulang pisngi akon gid,facial swelling,facial_swelling,filipino,active
,ginapamulang pisngi gid ko,facial swelling,facial_swelling,filipino,active
,ginapamulang pisngi ko,facial swelling,facial_swelling,filipino,active
,ginapamulang pisngi ko gid,facial swelling,facial_swelling,filipino,active
,ginapamulang pisngi man,facial swelling,facial_swelling,filipino,active
,ginapamulang pisngi subong,facial swelling,facial_swelling,filipino,active
,ginapamulang siko akon,elbow swelling,elbow_swelling,filipino,active
,ginapamulang siko akon gid,elbow swelling,elbow_swelling,filipino,active
,ginapamulang siko gid ko,elbow swelling,elbow_swelling,filipino,active
,ginapamulang siko ko,elbow swelling,elbow_swelling,filipino,active
,ginapamulang siko ko gid,elbow swelling,elbow_swelling,filipino,active
,ginapamulang siko man,elbow swelling,elbow_swelling,filipino,active
,ginapamulang siko subong,elbow swelling,elbow_swelling,filipino,active
,ginapamulang tadlong akon,forearm swelling,forearm_swelling,filipino,active
,ginapamulang tadlong akon gid,forearm swelling,forearm_swelling,filipino,active
,ginapamulang tadlong gid ko,forearm swelling,forearm_swelling,filipino,active
,ginapamulang tadlong ko,forearm swelling,forearm_swelling,filipino,active
,ginapamulang tadlong ko gid,forearm swelling,forearm_swelling,filipino,active
,ginapamulang tadlong man,forearm swelling,forearm_swelling,filipino,active
,ginapamulang tadlong subong,forearm swelling,forearm_swelling,filipino,active
,ginapamulang tagipusuon akon,heart swelling,heart_swelling,filipino,active
,ginapamulang tagipusuon akon gid,heart swelling,heart_swelling,filipino,active
,ginapamulang tagipusuon gid ko,heart swelling,heart_swelling,filipino,active
,ginapamulang tagipusuon ko,heart swelling,heart_swelling,filipino,active
,ginapamulang tagipusuon ko gid,heart swelling,heart_swelling,filipino,active
,ginapamulang tagipusuon man,heart swelling,heart_swelling,filipino,active
,ginapamulang tagipusuon subong,heart swelling,heart_swelling,filipino,active
,ginapamulang tai akon,buttocks swelling,buttocks_swelling,filipino,active
,ginapamulang tai akon gid,buttocks swelling,buttocks_swelling,filipino,active
,ginapamulang tai gid ko,buttocks swelling,buttocks_swelling,filipino,active
,ginapamulang tai ko,buttocks swelling,buttocks_swelling,filipino,active
,ginapamulang tai ko gid,buttocks swelling,buttocks_swelling,filipino,active
,ginapamulang tai man,buttocks swelling,buttocks_swelling,filipino,active
,ginapamulang tai subong,buttocks swelling,buttocks_swelling,filipino,active
,ginapamulang tiil akon,foot swelling,foot_swelling,filipino,active
,ginapamulang tiil akon gid,foot swelling,foot_swelling,filipino,active
,ginapamulang tiil gid ko,foot swelling,foot_swelling,filipino,active
,ginapamulang tiil ko,foot swelling,foot_swelling,filipino,active
,ginapamulang tiil ko gid,foot swelling,foot_swelling,filipino,active
,ginapamulang tiil man,foot swelling,foot_swelling,filipino,active
,ginapamulang tiil subong,foot swelling,foot_swelling,filipino,active
,ginapamulang tikod akon,heel swelling,heel_swelling,filipino,active
,ginapamulang tikod akon gid,heel swelling,heel_swelling,filipino,active
,ginapamulang tikod gid ko,heel swelling,heel_swelling,filipino,active
,ginapamulang tikod ko,heel swelling,heel_swelling,filipino,active
,ginapamulang tikod ko gid,heel swelling,heel_swelling,filipino,active
,ginapamulang tikod man,heel swelling,heel_swelling,filipino,active
,ginapamulang tikod subong,heel swelling,heel_swelling,filipino,active
,ginapamulang titi akon,breast swelling,breast_swelling,filipino,active
,ginapamulang titi akon gid,breast swelling,breast_swelling,filipino,active
,ginapamulang titi gid ko,breast swelling,breast_swelling,filipino,active
,ginapamulang titi ko,breast swelling,breast_swelling,filipino,active
,ginapamulang titi ko gid,breast swelling,breast_swelling,filipino,active
,ginapamulang titi man,breast swelling,breast_swelling,filipino,active
,ginapamulang titi subong,breast swelling,breast_swelling,filipino,active
,ginapamulang tiyan akon,abdominal swelling,abdominal_swelling,filipino,active
,ginapamulang tiyan akon gid,abdominal swelling,abdominal_swelling,filipino,active
,ginapamulang tiyan gid ko,abdominal swelling,abdominal_swelling,filipino,active
,ginapamulang tiyan ko,abdominal swelling,abdominal_swelling,filipino,active
,ginapamulang tiyan ko gid,abdominal swelling,abdominal_swelling,filipino,active
,ginapamulang tiyan man,abdominal swelling,abdominal_swelling,filipino,active
,ginapamulang tiyan subong,abdominal swelling,abdominal_swelling,filipino,active
,ginapamulang tudlo akon,finger swelling,finger_swelling,filipino,active
,ginapamulang tudlo akon gid,finger swelling,finger_swelling,filipino,active
,ginapamulang tudlo gid ko,finger swelling,finger_swelling,filipino,active
,ginapamulang tudlo ko,finger swelling,finger_swelling,filipino,active
,ginapamulang tudlo ko gid,finger swelling,finger_swelling,filipino,active
,ginapamulang tudlo man,finger swelling,finger_swelling,filipino,active
,ginapamulang tudlo subong,finger swelling,finger_swelling,filipino,active
,ginapamulang tuhod akon,knee swelling,knee_swelling,filipino,active
,ginapamulang tuhod akon gid,knee swelling,knee_swelling,filipino,active
,ginapamulang tuhod gid ko,knee swelling,knee_swelling,filipino,active
,ginapamulang tuhod ko,knee swelling,knee_swelling,filipino,active
,ginapamulang tuhod ko gid,knee swelling,knee_swelling,filipino,active
,ginapamulang tuhod man,knee swelling,knee_swelling,filipino,active
,ginapamulang tuhod subong,knee swelling,knee_swelling,filipino,active
,ginapamulang tungod acun,throat swelling,throat_swelling,filipino,active
,ginapamulang tungod acun gid,throat swelling,throat_swelling,filipino,active
,ginapamulang tungod akon,throat swelling,throat_swelling,filipino,active
,ginapamulang tungod akon gid,throat swelling,throat_swelling,filipino,active
,ginapamulang tungod gid ko,throat swelling,throat_swelling,filipino,active
,ginapamulang tungod gid ku,throat swelling,throat_swelling,filipino,active
,ginapamulang tungod ko,throat swelling,throat_swelling,filipino,active
,ginapamulang tungod ko gid,throat swelling,throat_swelling,filipino,active
,ginapamulang tungod ku,throat swelling,throat_swelling,filipino,active
,ginapamulang tungod ku gid,throat swelling,throat_swelling,filipino,active
,ginapamulang tungod man,throat swelling,throat_swelling,filipino,active
,ginapamulang tungod subong,throat swelling,throat_swelling,filipino,active
,ginapamulang tungtong akon,ankle swelling,ankle_swelling,filipino,active
,ginapamulang tungtong akon gid,ankle swelling,ankle_swelling,filipino,active
,ginapamulang tungtong gid ko,ankle swelling,ankle_swelling,filipino,active
,ginapamulang tungtong ko,ankle swelling,ankle_swelling,filipino,active
,ginapamulang tungtong ko gid,ankle swelling,ankle_swelling,filipino,active
,ginapamulang tungtong man,ankle swelling,ankle_swelling,filipino,active
,ginapamulang tungtong subong,ankle swelling,ankle_swelling,filipino,active
,ginapamulang ulo akon,head swelling,head_swelling,filipino,active
,ginapamulang ulo akon gid,head swelling,head_swelling,filipino,active
,ginapamulang ulo gid ko,head swelling,head_swelling,filipino,active
,ginapamulang ulo ko,head swelling,head_swelling,filipino,active
,ginapamulang ulo ko gid,head swelling,head_swelling,filipino,active
,ginapamulang ulo man,head swelling,head_swelling,filipino,active
,ginapamulang ulo subong,head swelling,head_swelling,filipino,active
,ginapamulang utok akon,brain swelling,brain_swelling,filipino,active
,ginapamulang utok akon gid,brain swelling,brain_swelling,filipino,active
,ginapamulang utok gid ko,brain swelling,brain_swelling,filipino,active
,ginapamulang utok ko,brain swelling,brain_swelling,filipino,active
,ginapamulang utok ko gid,brain swelling,brain_swelling,filipino,active
,ginapamulang utok man,brain swelling,brain_swelling,filipino,active
,ginapamulang utok subong,brain swelling,brain_swelling,filipino,active
,ginapula akon ari,penile redness,penile_redness,filipino,active
,ginapula akon ari ko,penile redness,penile_redness,filipino,active
,ginapula akon ary,penile redness,penile_redness,filipino,active
,ginapula akon ary ko,penile redness,penile_redness,filipino,active
,ginapula akon bilad,vaginal redness,vaginal_redness,filipino,active
,ginapula akon bilad ko,vaginal redness,vaginal_redness,filipino,active
,ginapula akon bilat,vaginal redness,vaginal_redness,filipino,active
,ginapula akon bilat ko,vaginal redness,vaginal_redness,filipino,active
,ginapula akon itlog,testicular redness,testicular_redness,filipino,active
,ginapula akon itlog ko,testicular redness,testicular_redness,filipino,active
,ginapula akon itlog ku,testicular redness,testicular_redness,filipino,active
,ginapula akon itlug,testicular redness,testicular_redness,filipino,active
,ginapula akon itlug ko,testicular redness,testicular_redness,filipino,active
,ginapula akon itlug ku,testicular redness,testicular_redness,filipino,active
,ginapula ari ako,penile redness,penile_redness,filipino,active
,ginapula ari akon,penile redness,penile_redness,filipino,active
,ginapula ari akon gid,penile redness,penile_redness,filipino,active
,ginapula ari akon subong,penile redness,penile_redness,filipino,active
,ginapula ari ko ako,penile redness,penile_redness,filipino,active
,ginapula ari ko akon,penile redness,penile_redness,filipino,active
,ginapula ari ko akon gid,penile redness,penile_redness,filipino,active
,ginapula ari ko akon subong,penile redness,penile_redness,filipino,active
,ginapula ary ako,penile redness,penile_redness,filipino,active
,ginapula ary akon,penile redness,penile_redness,filipino,active
,ginapula ary akon gid,penile redness,penile_redness,filipino,active
,ginapula ary akon subong,penile redness,penile_redness,filipino,active
,ginapula ary ko ako,penile redness,penile_redness,filipino,active
,ginapula ary ko akon,penile redness,penile_redness,filipino,active
,ginapula ary ko akon gid,penile redness,penile_redness,filipino,active
,ginapula ary ko akon subong,penile redness,penile_redness,filipino,active
,ginapula bilad ako,vaginal redness,vaginal_redness,filipino,active
,ginapula bilad akon,vaginal redness,vaginal_redness,filipino,active
,ginapula bilad akon gid,vaginal redness,vaginal_redness,filipino,active
,ginapula bilad akon subong,vaginal redness,vaginal_redness,filipino,active
,ginapula bilad ko ako,vaginal redness,vaginal_redness,filipino,active
,ginapula bilad ko akon,vaginal redness,vaginal_redness,filipino,active
,ginapula bilad ko akon gid,vaginal redness,vaginal_redness,filipino,active
,ginapula bilad ko akon subong,vaginal redness,vaginal_redness,filipino,active
,ginapula bilat ako,vaginal redness,vaginal_redness,filipino,active
,ginapula bilat akon,vaginal redness,vaginal_redness,filipino,active
,ginapula bilat akon gid,vaginal redness,vaginal_redness,filipino,active
,ginapula bilat akon subong,vaginal redness,vaginal_redness,filipino,active
,ginapula bilat ko ako,vaginal redness,vaginal_redness,filipino,active
,ginapula bilat ko akon,vaginal redness,vaginal_redness,filipino,active
,ginapula bilat ko akon gid,vaginal redness,vaginal_redness,filipino,active
,ginapula bilat ko akon subong,vaginal redness,vaginal_redness,filipino,active
,ginapula itlog ako,testicular redness,testicular_redness,filipino,active
,ginapula itlog akon,testicular redness,testicular_redness,filipino,active
,ginapula itlog akon gid,testicular redness,testicular_redness,filipino,active
,ginapula itlog akon subong,testicular redness,testicular_redness,filipino,active
,ginapula itlog ko ako,testicular redness,testicular_redness,filipino,active
,ginapula itlog ko akon,testicular redness,testicular_redness,filipino,active
,ginapula itlog ko akon gid,testicular redness,testicular_redness,filipino,active
,ginapula itlog ko akon subong,testicular redness,testicular_redness,filipino,active
,ginapula itlog ku ako,testicular redness,testicular_redness,filipino,active
,ginapula itlog ku akon,testicular redness,testicular_redness,filipino,active
,ginapula itlog ku akon gid,testicular redness,testicular_redness,filipino,active
,ginapula itlog ku akon subong,testicular redness,testicular_redness,filipino,active
,ginapula itlug ako,testicular redness,testicular_redness,filipino,active
,ginapula itlug akon,testicular redness,testicular_redness,filipino,active
,ginapula itlug akon gid,testicular redness,testicular_redness,filipino,active
,ginapula itlug akon subong,testicular redness,testicular_redness,filipino,active
,ginapula itlug ko ako,testicular redness,testicular_redness,filipino,active
,ginapula itlug ko akon,testicular redness,testicular_redness,filipino,active
,ginapula itlug ko akon gid,testicular redness,testicular_redness,filipino,active
,ginapula itlug ko akon subong,testicular redness,testicular_redness,filipino,active
,ginapula itlug ku ako,testicular redness,testicular_redness,filipino,active
,ginapula itlug ku akon,testicular redness,testicular_redness,filipino,active
,ginapula itlug ku akon gid,testicular redness,testicular_redness,filipino,active
,ginapula itlug ku akon subong,testicular redness,testicular_redness,filipino,active
,ginasakit abaga ako,shoulder pain,shoulder_pain,filipino,active
,ginasakit abaga akon,shoulder pain,shoulder_pain,filipino,active
,ginasakit abaga akon gid,shoulder pain,shoulder_pain,filipino,active
,ginasakit abaga akon subong,shoulder pain,shoulder_pain,filipino,active
,ginasakit akon abaga,shoulder pain,shoulder_pain,filipino,active
,ginasakit akon atay,liver pain,liver_pain,filipino,active
,ginasakit akon awang,jaw pain,jaw_pain,filipino,active
,ginasakit akon baba,mouth pain,mouth_pain,filipino,active
,ginasakit akon balat,skin pain,skin_pain,filipino,active
,ginasakit akon batiis,leg pain,leg_pain,filipino,active
,ginasakit akon bato,kidney pain,kidney_pain,filipino,active
,ginasakit akon baywang,waist pain,waist_pain,filipino,active
,ginasakit akon buhok,hair pain,hair_pain,filipino,active
,ginasakit akon bukong,forehead pain,forehead_pain,filipino,active
,ginasakit akon buuk,arm pain,arm_pain,filipino,active
,ginasakit akon dalunggan,ear pain,ear_pain,filipino,active
,ginasakit akon dila,tongue pain,tongue_pain,filipino,active
,ginasakit akon dughan,chest pain,chest_pain,filipino,active
,ginasakit akon ilong,nose pain,nose_pain,filipino,active
,ginasakit akon kamot,hand pain,hand_pain,filipino,active
,ginasakit akon kuko,nail pain,nail_pain,filipino,active
,ginasakit akon lawas,body pain,body_pain,filipino,active
,ginasakit akon lawi,nape pain,nape_pain,filipino,active
,ginasakit akon likod,back pain,back_pain,filipino,active
,ginasakit akon liog,neck pain,neck_pain,filipino,active
,ginasakit akon mata,eye pain,eye_pain,filipino,active
,ginasakit akon ngipon,tooth pain,tooth_pain,filipino,active
,ginasakit akon paa,foot pain,foot_pain,filipino,active
,ginasakit akon pilas,wound pain,wound_pain,filipino,active
,ginasakit akon pisngi,cheek pain,cheek_pain,filipino,active
,ginasakit akon siko,elbow pain,elbow_pain,filipino,active
,ginasakit akon tadlong,forearm pain,forearm_pain,filipino,active
,ginasakit akon tagipusuon,heart pain,heart_pain,filipino,active
,ginasakit akon tai,buttocks pain,buttocks_pain,filipino,active
,ginasakit akon tiil,foot pain,foot_pain,filipino,active
,ginasakit akon tikod,heel pain,heel_pain,filipino,active
,ginasakit akon titi,breast pain,breast_pain,filipino,active
,ginasakit akon tiyan,abdominal pain,abdominal_pain,filipino,active
,ginasakit akon tudlo,finger pain,finger_pain,filipino,active
,ginasakit akon tuhod,knee pain,knee_pain,filipino,active
,ginasakit akon tungod,throat pain,throat_pain,filipino,active
,ginasakit akon tungtong,ankle pain,ankle_pain,filipino,active
,ginasakit akon ulo,head pain,head_pain,filipino,active
,ginasakit akon utok,brain pain,brain_pain,filipino,active
,ginasakit atay akon,liver pain,liver_pain,filipino,active
,ginasakit awang akon,jaw pain,jaw_pain,filipino,active
,ginasakit awang gid ko,jaw pain,jaw_pain,filipino,active
,ginasakit awang ko,jaw pain,jaw_pain,filipino,active
,ginasakit awang man,jaw pain,jaw_pain,filipino,active
,ginasakit awang subong,jaw pain,jaw_pain,filipino,active
,ginasakit baba akon,mouth pain,mouth_pain,filipino,active
,ginasakit balat akon,skin pain,skin_pain,filipino,active
,ginasakit batiis akon,leg pain,leg_pain,filipino,active
,ginasakit bato akon,kidney pain,kidney_pain,filipino,active
,ginasakit baywang ako,waist pain,waist_pain,filipino,active
,ginasakit baywang akon,waist pain,waist_pain,filipino,active
,ginasakit baywang akon gid,waist pain,waist_pain,filipino,active
,ginasakit baywang akon subong,waist pain,waist_pain,filipino,active
,ginasakit baywang gid ko,waist pain,waist_pain,filipino,active
,ginasakit baywang ko,waist pain,waist_pain,filipino,active
,ginasakit baywang ko gid,waist pain,waist_pain,filipino,active
,ginasakit baywang ko man,waist pain,waist_pain,filipino,active
,ginasakit baywang man,waist pain,waist_pain,filipino,active
,ginasakit baywang subong,waist pain,waist_pain,filipino,active
,ginasakit buhok akon,hair pain,hair_pain,filipino,active
,ginasakit bukong akon,forehead pain,forehead_pain,filipino,active
,ginasakit bukong gid ko,forehead pain,forehead_pain,filipino,active
,ginasakit bukong ko,forehead pain,forehead_pain,filipino,active
,ginasakit bukong man,forehead pain,forehead_pain,filipino,active
,ginasakit bukong subong,forehead pain,forehead_pain,filipino,active
,ginasakit buuk akon,arm pain,arm_pain,filipino,active
,ginasakit dalunggan akon,ear pain,ear_pain,filipino,active
,ginasakit dila akon,tongue pain,tongue_pain,filipino,active
,ginasakit dughan akon,chest pain,chest_pain,filipino,active
,ginasakit ilong akon,nose pain,nose_pain,filipino,active
,ginasakit ilong gid ko,nose pain,nose_pain,filipino,active
,ginasakit ilong ko,nose pain,nose_pain,filipino,active
,ginasakit ilong man,nose pain,nose_pain,filipino,active
,ginasakit ilong subong,nose pain,nose_pain,filipino,active
,ginasakit kamot akon,hand pain,hand_pain,filipino,active
,ginasakit kuko akon,nail pain,nail_pain,filipino,active
,ginasakit lawas akon,body pain,body_pain,filipino,active
,ginasakit lawi akon,nape pain,nape_pain,filipino,active
,ginasakit likod ako,back pain,back_pain,filipino,active
,ginasakit likod akon,back pain,back_pain,filipino,active
,ginasakit likod akon gid,back pain,back_pain,filipino,active
,ginasakit likod akon subong,back pain,back_pain,filipino,active
,ginasakit liog ako,neck pain,neck_pain,filipino,active
,ginasakit liog akon,neck pain,neck_pain,filipino,active
,ginasakit liog akon gid,neck pain,neck_pain,filipino,active
,ginasakit liog akon subong,neck pain,neck_pain,filipino,active
,ginasakit mata akon,eye pain,eye_pain,filipino,active
,ginasakit ngipon akon,tooth pain,tooth_pain,filipino,active
,ginasakit paa akon,foot pain,foot_pain,filipino,active
,ginasakit pilas akon,wound pain,wound_pain,filipino,active
,ginasakit pisngi akon,cheek pain,cheek_pain,filipino,active
,ginasakit siko ako,elbow pain,elbow_pain,filipino,active
,ginasakit siko akon,elbow pain,elbow_pain,filipino,active
,ginasakit siko akon gid,elbow pain,elbow_pain,filipino,active
,ginasakit siko akon subong,elbow pain,elbow_pain,filipino,active
,ginasakit tadlong akon,forearm pain,forearm_pain,filipino,active
,ginasakit tadlong gid ko,forearm pain,forearm_pain,filipino,active
,ginasakit tadlong ko,forearm pain,forearm_pain,filipino,active
,ginasakit tadlong man,forearm pain,forearm_pain,filipino,active
,ginasakit tadlong subong,forearm pain,forearm_pain,filipino,active
,ginasakit tagipusuon akon,heart pain,heart_pain,filipino,active
,ginasakit tai akon,buttocks pain,buttocks_pain,filipino,active
,ginasakit tiil akon,foot pain,foot_pain,filipino,active
,ginasakit tikod ako,heel pain,heel_pain,filipino,active
,ginasakit tikod akon,heel pain,heel_pain,filipino,active
,ginasakit tikod akon gid,heel pain,heel_pain,filipino,active
,ginasakit tikod akon subong,heel pain,heel_pain,filipino,active
,ginasakit titi akon,breast pain,breast_pain,filipino,active
,ginasakit tiyan akon,abdominal pain,abdominal_pain,filipino,active
,ginasakit tudlo akon,finger pain,finger_pain,filipino,active
,ginasakit tuhod akon,knee pain,knee_pain,filipino,active
,ginasakit tungod akon,throat pain,throat_pain,filipino,active
,ginasakit tungtong ako,ankle pain,ankle_pain,filipino,active
,ginasakit tungtong akon,ankle pain,ankle_pain,filipino,active
,ginasakit tungtong akon gid,ankle pain,ankle_pain,filipino,active
,ginasakit tungtong akon subong,ankle pain,ankle_pain,filipino,active
,ginasakit tungtong gid ko,ankle pain,ankle_pain,filipino,active
,ginasakit tungtong ko,ankle pain,ankle_pain,filipino,active
,ginasakit tungtong ko gid,ankle pain,ankle_pain,filipino,active
,ginasakit tungtong ko man,ankle pain,ankle_pain,filipino,active
,ginasakit tungtong man,ankle pain,ankle_pain,filipino,active
,ginasakit tungtong subong,ankle pain,ankle_pain,filipino,active
,ginasakit ulo akon,head pain,head_pain,filipino,active
,ginasakit utok akon,brain pain,brain_pain,filipino,active
,ginasuka ko upod sang ginadudul-om ko,vomiting with diarrhea,vomiting_with_diarrhea,filipino,active
,ginasuka sing malala,severe vomiting,severe_vomiting,filipino,active
,ginataas ang presyon,hypertension,hypertension,filipino,active
,ginatulo gid ilong ko,runny nose,runny_nose,filipino,active
,ginatulo ilong ko,runny nose,runny_nose,filipino,active
,ginatulo sing dugo,bloody diarrhea,bloody_diarrhea,filipino,active
,ginauubo sing malala,severe cough,severe_cough,filipino,active
,ginkagat ahas ako,snake bite,snake_bite,filipino,active
,ginkagat ako sang ahas,snake bite,snake_bite,filipino,active
,ginkagat ako sang ido,dog bite,dog_bite,filipino,active
,ginkagat ako sang ipis,cockroach bite,cockroach_bite,filipino,active
,ginkagat ako sang kuring,cat bite,cat_bite,filipino,active
,ginkagat ako sang lamok,mosquito bite,mosquito_bite,filipino,active
,ginkagat ako sang manok,animal bite,animal_bite,filipino,active
,ginkagat ako sang sapat,animal bite,animal_bite,filipino,active
,ginkagat ido ako,dog bite,dog_bite,filipino,active
,ginkagat ipis ako,cockroach bite,cockroach_bite,filipino,active
,ginkagat kuring ako,cat bite,cat_bite,filipino,active
,ginkagat lamok ako,mosquito bite,mosquito_bite,filipino,active
,ginkagat manok ako,animal bite,animal_bite,filipino,active
,ginkagat sang ahas ko,snake bite,snake_bite,filipino,active
,ginkagat sang ahas ku,snake bite,snake_bite,filipino,active
,ginkagat sang ido ko,dog bite,dog_bite,filipino,active
,ginkagat sang ido ko kag nag dugo,dog bite with bleeding,dog_bite_with_bleeding,filipino,active
,ginkagat sang ido ko kag nagdugo,dog bite with bleeding,dog_bite_with_bleeding,filipino,active
,ginkagat sang ido ku,dog bite,dog_bite,filipino,active
,ginkagat sang ido ku kag nagdugo,dog bite with bleeding,dog_bite_with_bleeding,filipino,active
,ginkagat sang ipis ko,cockroach bite,cockroach_bite,filipino,active
,ginkagat sang kuring ko,cat bite,cat_bite,filipino,active
,ginkagat sang lamok ko,mosquito bite,mosquito_bite,filipino,active
,ginkagat sang manok ko,animal bite,animal_bite,filipino,active
,ginkagat sang sapat ko,animal bite,animal_bite,filipino,active
,ginkagat sapat ako,animal bite,animal_bite,filipino,active
,ginpangayo ko doctor budlay gid gid ko magginhawa subong gid,difficulty breathing,difficulty_breathing,filipino,active
,ginpangayo ko doctor budlay gid gid ko magginhawa subong gid ko,difficulty breathing,difficulty_breathing,filipino,active
,ginpangayo ko doctor budlay gid gid ko magginhawa subong ko gid,difficulty breathing,difficulty_breathing,filipino,active
,ginpangayo ko doctor budlay gid gid ko magginhawa subong man,difficulty breathing,difficulty_breathing,filipino,active
,ginpangayo ko doctor budlay gid gid ko magginhawa subong na gid,difficulty breathing,difficulty_breathing,filipino,active
,ginpangayo ko doctor budlay gid ko mag ginhawa subong gid,difficulty breathing,difficulty_breathing,filipino,active
,ginpangayo ko doctor budlay gid ko mag ginhawa subong gid ko,difficulty breathing,difficulty_breathing,filipino,active
,ginpangayo ko doctor budlay gid ko mag ginhawa subong ko gid,difficulty breathing,difficulty_breathing,filipino,active
,ginpangayo ko doctor budlay gid ko mag ginhawa subong man,difficulty breathing,difficulty_breathing,filipino,active
,ginpangayo ko doctor budlay gid ko mag ginhawa subong na gid,difficulty breathing,difficulty_breathing,filipino,active
,ginpangayo ko doctor budlay gid ko magginhawa subong gid,difficulty breathing,difficulty_breathing,filipino,active
,ginpangayo ko doctor budlay gid ko magginhawa subong gid ko,difficulty breathing,difficulty_breathing,filipino,active
,ginpangayo ko doctor budlay gid ko magginhawa subong ko gid,difficulty breathing,difficulty_breathing,filipino,active
,ginpangayo ko doctor budlay gid ko magginhawa subong man,difficulty breathing,difficulty_breathing,filipino,active
,ginpangayo ko doctor budlay gid ko magginhawa subong na gid,difficulty breathing,difficulty_breathing,filipino,active
,ginpangayo ko doctor gin kagat sang ido ko kag nagdugo gid,dog bite with bleeding,dog_bite_with_bleeding,filipino,active
,ginpangayo ko doctor gin kagat sang ido ko kag nagdugo gid ko,dog bite with bleeding,dog_bite_with_bleeding,filipino,active
,ginpangayo ko doctor gin kagat sang ido ko kag nagdugo ko gid,dog bite with bleeding,dog_bite_with_bleeding,filipino,active
,ginpangayo ko doctor gin kagat sang ido ko kag nagdugo man,dog bite with bleeding,dog_bite_with_bleeding,filipino,active
,ginpangayo ko doctor gin kagat sang ido ko kag nagdugo na gid,dog bite with bleeding,dog_bite_with_bleeding,filipino,active
,ginpangayo ko doctor ginkagat sang ido ko kag nag dugo gid,dog bite with bleeding,dog_bite_with_bleeding,filipino,active
,ginpangayo ko doctor ginkagat sang ido ko kag nag dugo gid ko,dog bite with bleeding,dog_bite_with_bleeding,filipino,active
,ginpangayo ko doctor ginkagat sang ido ko kag nag dugo ko gid,dog bite with bleeding,dog_bite_with_bleeding,filipino,active
,ginpangayo ko doctor ginkagat sang ido ko kag nag dugo man,dog bite with bleeding,dog_bite_with_bleeding,filipino,active
,ginpangayo ko doctor ginkagat sang ido ko kag nag dugo na gid,dog bite with bleeding,dog_bite_with_bleeding,filipino,active
,ginpangayo ko doctor ginkagat sang ido ko kag nagdugo gid,dog bite with bleeding,dog_bite_with_bleeding,filipino,active
,ginpangayo ko doctor ginkagat sang ido ko kag nagdugo gid ko,dog bite with bleeding,dog_bite_with_bleeding,filipino,active
,ginpangayo ko doctor ginkagat sang ido ko kag nagdugo ko gid,dog bite with bleeding,dog_bite_with_bleeding,filipino,active
,ginpangayo ko doctor ginkagat sang ido ko kag nagdugo man,dog bite with bleeding,dog_bite_with_bleeding,filipino,active
,ginpangayo ko doctor ginkagat sang ido ko kag nagdugo na gid,dog bite with bleeding,dog_bite_with_bleeding,filipino,active
,ginpangayo ko doctor masakit ari ko,penile pain,penile_pain,filipino,active
,ginpangayo ko doctor may nana akon mata subong gid,eye infection,eye_infection,filipino,active
,ginpangayo ko doctor may nana akon mata subong gid ko,eye infection,eye_infection,filipino,active
,ginpangayo ko doctor may nana akon mata subong ko gid,eye infection,eye_infection,filipino,active
,ginpangayo ko doctor may nana akon mata subong man,eye infection,eye_infection,filipino,active
,ginpangayo ko doctor may nana akon mata subong na gid,eye infection,eye_infection,filipino,active
,ginpangayo ko doctor may nana sa bilat ko,vaginal infection,vaginal_infection,filipino,active
,ginpangayo ko doctor may pilas ko sa kamot kag nag dugo gid,bleeding hand wound,bleeding_hand_wound,filipino,active
,ginpangayo ko doctor may pilas ko sa kamot kag nag dugo gid ko,bleeding hand wound,bleeding_hand_wound,filipino,active
,ginpangayo ko doctor may pilas ko sa kamot kag nag dugo ko gid,bleeding hand wound,bleeding_hand_wound,filipino,active
,ginpangayo ko doctor may pilas ko sa kamot kag nag dugo man,bleeding hand wound,bleeding_hand_wound,filipino,active
,ginpangayo ko doctor may pilas ko sa kamot kag nag dugo na gid,bleeding hand wound,bleeding_hand_wound,filipino,active
,ginpangayo ko doctor may pilas ko sa kamot kag nagdugo gid,bleeding hand wound,bleeding_hand_wound,filipino,active
,ginpangayo ko doctor may pilas ko sa kamot kag nagdugo gid ko,bleeding hand wound,bleeding_hand_wound,filipino,active
,ginpangayo ko doctor may pilas ko sa kamot kag nagdugo ko gid,bleeding hand wound,bleeding_hand_wound,filipino,active
,ginpangayo ko doctor may pilas ko sa kamot kag nagdugo man,bleeding hand wound,bleeding_hand_wound,filipino,active
,ginpangayo ko doctor may pilas ko sa kamot kag nagdugo na gid,bleeding hand wound,bleeding_hand_wound,filipino,active
,ginpangayo ko doctor nabali kamot ko sang natumba gid,hand fracture,hand_fracture,filipino,active
,ginpangayo ko doctor nabali kamot ko sang natumba gid ko,hand fracture,hand_fracture,filipino,active
,ginpangayo ko doctor nabali kamot ko sang natumba ko gid,hand fracture,hand_fracture,filipino,active
,ginpangayo ko doctor nabali kamot ko sang natumba man,hand fracture,hand_fracture,filipino,active
,ginpangayo ko doctor nabali kamot ko sang natumba na gid,hand fracture,hand_fracture,filipino,active
,ginpangayo ko doctor nabali na kamot ko sang natumba gid,hand fracture,hand_fracture,filipino,active
,ginpangayo ko doctor nabali na kamot ko sang natumba gid ko,hand fracture,hand_fracture,filipino,active
,ginpangayo ko doctor nabali na kamot ko sang natumba ko gid,hand fracture,hand_fracture,filipino,active
,ginpangayo ko doctor nabali na kamot ko sang natumba man,hand fracture,hand_fracture,filipino,active
,ginpangayo ko doctor nabali na kamot ko sang natumba na gid,hand fracture,hand_fracture,filipino,active
,ginpangayo ko doctor nakuryente ko sang kuryente gid,electrical injury,electrical_injury,filipino,active
,ginpangayo ko doctor nakuryente ko sang kuryente gid ko,electrical injury,electrical_injury,filipino,active
,ginpangayo ko doctor nakuryente ko sang kuryente ko gid,electrical injury,electrical_injury,filipino,active
,ginpangayo ko doctor nakuryente ko sang kuryente man,electrical injury,electrical_injury,filipino,active
,ginpangayo ko doctor nakuryente ko sang kuryente na gid,electrical injury,electrical_injury,filipino,active
,ginpangayo ko doctor nautod na tudlo ko sang makina gid,amputated finger,amputated_finger,filipino,active
,ginpangayo ko doctor nautod na tudlo ko sang makina gid ko,amputated finger,amputated_finger,filipino,active
,ginpangayo ko doctor nautod na tudlo ko sang makina ko gid,amputated finger,amputated_finger,filipino,active
,ginpangayo ko doctor nautod na tudlo ko sang makina man,amputated finger,amputated_finger,filipino,active
,ginpangayo ko doctor nautod na tudlo ko sang makina na gid,amputated finger,amputated_finger,filipino,active
,ginpangayo ko doctor nautod tudlo ko sang makina gid,amputated finger,amputated_finger,filipino,active
,ginpangayo ko doctor nautod tudlo ko sang makina gid ko,amputated finger,amputated_finger,filipino,active
,ginpangayo ko doctor nautod tudlo ko sang makina ko gid,amputated finger,amputated_finger,filipino,active
,ginpangayo ko doctor nautod tudlo ko sang makina man,amputated finger,amputated_finger,filipino,active
,ginpangayo ko doctor nautod tudlo ko sang makina na gid,amputated finger,amputated_finger,filipino,active
,ginpangayo ku doctor budlay gid ko magginhawa subong gid,difficulty breathing,difficulty_breathing,filipino,active
,ginpangayo ku doctor budlay gid ko magginhawa subong gid ko,difficulty breathing,difficulty_breathing,filipino,active
,ginpangayo ku doctor budlay gid ko magginhawa subong ko gid,difficulty breathing,difficulty_breathing,filipino,active
,ginpangayo ku doctor budlay gid ko magginhawa subong man,difficulty breathing,difficulty_breathing,filipino,active
,ginpangayo ku doctor budlay gid ko magginhawa subong na gid,difficulty breathing,difficulty_breathing,filipino,active
,ginpangayo ku doctor ginkagat sang ido ko kag nagdugo gid,dog bite with bleeding,dog_bite_with_bleeding,filipino,active
,ginpangayo ku doctor ginkagat sang ido ko kag nagdugo gid ko,dog bite with bleeding,dog_bite_with_bleeding,filipino,active
,ginpangayo ku doctor ginkagat sang ido ko kag nagdugo ko gid,dog bite with bleeding,dog_bite_with_bleeding,filipino,active
,ginpangayo ku doctor ginkagat sang ido ko kag nagdugo man,dog bite with bleeding,dog_bite_with_bleeding,filipino,active
,ginpangayo ku doctor ginkagat sang ido ko kag nagdugo na gid,dog bite with bleeding,dog_bite_with_bleeding,filipino,active
,ginpangayo ku doctor may pilas ko sa kamot kag nagdugo gid,bleeding hand wound,bleeding_hand_wound,filipino,active
,ginpangayo ku doctor may pilas ko sa kamot kag nagdugo gid ko,bleeding hand wound,bleeding_hand_wound,filipino,active
,ginpangayo ku doctor may pilas ko sa kamot kag nagdugo ko gid,bleeding hand wound,bleeding_hand_wound,filipino,active
,ginpangayo ku doctor may pilas ko sa kamot kag nagdugo man,bleeding hand wound,bleeding_hand_wound,filipino,active
,ginpangayo ku doctor may pilas ko sa kamot kag nagdugo na gid,bleeding hand wound,bleeding_hand_wound,filipino,active
,ginpangayo ku doctor nabali kamot ko sang natumba gid,hand fracture,hand_fracture,filipino,active
,ginpangayo ku doctor nabali kamot ko sang natumba gid ko,hand fracture,hand_fracture,filipino,active
,ginpangayo ku doctor nabali kamot ko sang natumba ko gid,hand fracture,hand_fracture,filipino,active
,ginpangayo ku doctor nabali kamot ko sang natumba man,hand fracture,hand_fracture,filipino,active
,ginpangayo ku doctor nabali kamot ko sang natumba na gid,hand fracture,hand_fracture,filipino,active
,ginpangayo ku doctor nakuryente ko sang kuryente gid,electrical injury,electrical_injury,filipino,active
,ginpangayo ku doctor nakuryente ko sang kuryente gid ko,electrical injury,electrical_injury,filipino,active
,ginpangayo ku doctor nakuryente ko sang kuryente ko gid,electrical injury,electrical_injury,filipino,active
,ginpangayo ku doctor nakuryente ko sang kuryente man,electrical injury,electrical_injury,filipino,active
,ginpangayo ku doctor nakuryente ko sang kuryente na gid,electrical injury,electrical_injury,filipino,active
,ginpangayo ku doctor nautod tudlo ko sang makina gid,amputated finger,amputated_finger,filipino,active
,ginpangayo ku doctor nautod tudlo ko sang makina gid ko,amputated finger,amputated_finger,filipino,active
,ginpangayo ku doctor nautod tudlo ko sang makina ko gid,amputated finger,amputated_finger,filipino,active
,ginpangayo ku doctor nautod tudlo ko sang makina man,amputated finger,amputated_finger,filipino,active
,ginpangayo ku doctor nautod tudlo ko sang makina na gid,amputated finger,amputated_finger,filipino,active
,ginsumbag ako,physical assault,physical_assault,filipino,active
,hapdi abaga ako,shoulder pain,shoulder_pain,filipino,active
,hapdi abaga akon,shoulder pain,shoulder_pain,filipino,active
,hapdi abaga akon gid,shoulder pain,shoulder_pain,filipino,active
,hapdi abaga akon subong,shoulder pain,shoulder_pain,filipino,active
,hapdi akon abaga,shoulder pain,shoulder_pain,filipino,active
,hapdi akon ari,penile pain,penile_pain,filipino,active
,hapdi akon ari ko,penile pain,penile_pain,filipino,active
,hapdi akon ary,penile pain,penile_pain,filipino,active
,hapdi akon ary ko,penile pain,penile_pain,filipino,active
,hapdi akon atay,liver pain,liver_pain,filipino,active
,hapdi akon awang,jaw pain,jaw_pain,filipino,active
,hapdi akon baba,mouth pain,mouth_pain,filipino,active
,hapdi akon balat,skin pain,skin_pain,filipino,active
,hapdi akon batiis,leg pain,leg_pain,filipino,active
,hapdi akon bato,kidney pain,kidney_pain,filipino,active
,hapdi akon bayag,scrotal pain,scrotal_pain,filipino,active
,hapdi akon baywang,waist pain,waist_pain,filipino,active
,hapdi akon bilad,vaginal pain,vaginal_pain,filipino,active
,hapdi akon bilad ko,vaginal pain,vaginal_pain,filipino,active
,hapdi akon bilat,vaginal pain,vaginal_pain,filipino,active
,hapdi akon bilat ko,vaginal pain,vaginal_pain,filipino,active
,hapdi akon buhok,hair pain,hair_pain,filipino,active
,hapdi akon bukong,forehead pain,forehead_pain,filipino,active
,hapdi akon buuk,arm pain,arm_pain,filipino,active
,hapdi akon dalunggan,ear pain,ear_pain,filipino,active
,hapdi akon dila,tongue pain,tongue_pain,filipino,active
,hapdi akon dughan,chest pain,chest_pain,filipino,active
,hapdi akon ilong,nose pain,nose_pain,filipino,active
,hapdi akon itlog,testicular pain,testicular_pain,filipino,active
,hapdi akon itlog ko,testicular pain,testicular_pain,filipino,active
,hapdi akon itlog ku,testicular pain,testicular_pain,filipino,active
,hapdi akon itlug,testicular pain,testicular_pain,filipino,active
,hapdi akon itlug ko,testicular pain,testicular_pain,filipino,active
,hapdi akon itlug ku,testicular pain,testicular_pain,filipino,active
,hapdi akon kamot,hand pain,hand_pain,filipino,active
,hapdi akon kipay,vulvar pain,vulvar_pain,filipino,active
,hapdi akon kuko,nail pain,nail_pain,filipino,active
,hapdi akon lawas,body pain,body_pain,filipino,active
,hapdi akon lawi,nape pain,nape_pain,filipino,active
,hapdi akon likod,back pain,back_pain,filipino,active
,hapdi akon liog,neck pain,neck_pain,filipino,active
,hapdi akon mata,eye pain,eye_pain,filipino,active
,hapdi akon ngipon,tooth pain,tooth_pain,filipino,active
,hapdi akon paa,foot pain,foot_pain,filipino,active
,hapdi akon pilas,wound pain,wound_pain,filipino,active
,hapdi akon pisngi,cheek pain,cheek_pain,filipino,active
,hapdi akon siko,elbow pain,elbow_pain,filipino,active
,hapdi akon singit,groin pain,groin_pain,filipino,active
,hapdi akon tadlong,forearm pain,forearm_pain,filipino,active
,hapdi akon tagipusuon,heart pain,heart_pain,filipino,active
,hapdi akon tai,buttocks pain,buttocks_pain,filipino,active
,hapdi akon tiil,foot pain,foot_pain,filipino,active
,hapdi akon tikod,heel pain,heel_pain,filipino,active
,hapdi akon titi,breast pain,breast_pain,filipino,active
,hapdi akon tiyan,abdominal pain,abdominal_pain,filipino,active
,hapdi akon tudlo,finger pain,finger_pain,filipino,active
,hapdi akon tuhod,knee pain,knee_pain,filipino,active
,hapdi akon tungod,throat pain,throat_pain,filipino,active
,hapdi akon tungtong,ankle pain,ankle_pain,filipino,active
,hapdi akon ulo,head pain,head_pain,filipino,active
,hapdi akon utok,brain pain,brain_pain,filipino,active
,hapdi ari ako,penile pain,penile_pain,filipino,active
,hapdi ari akon,penile pain,penile_pain,filipino,active
,hapdi ari akon gid,penile pain,penile_pain,filipino,active
,hapdi ari akon subong,penile pain,penile_pain,filipino,active
,hapdi ari ko ako,penile pain,penile_pain,filipino,active
,hapdi ari ko akon,penile pain,penile_pain,filipino,active
,hapdi ari ko akon gid,penile pain,penile_pain,filipino,active
,hapdi ari ko akon subong,penile pain,penile_pain,filipino,active
,hapdi ary ako,penile pain,penile_pain,filipino,active
,hapdi ary akon,penile pain,penile_pain,filipino,active
,hapdi ary akon gid,penile pain,penile_pain,filipino,active
,hapdi ary akon subong,penile pain,penile_pain,filipino,active
,hapdi ary ko ako,penile pain,penile_pain,filipino,active
,hapdi ary ko akon,penile pain,penile_pain,filipino,active
,hapdi ary ko akon gid,penile pain,penile_pain,filipino,active
,hapdi ary ko akon subong,penile pain,penile_pain,filipino,active
,hapdi atay akon,liver pain,liver_pain,filipino,active
,hapdi awang akon,jaw pain,jaw_pain,filipino,active
,hapdi awang gid ko,jaw pain,jaw_pain,filipino,active
,hapdi awang ko,jaw pain,jaw_pain,filipino,active
,hapdi awang man,jaw pain,jaw_pain,filipino,active
,hapdi awang subong,jaw pain,jaw_pain,filipino,active
,hapdi baba akon,mouth pain,mouth_pain,filipino,active
,hapdi balat akon,skin pain,skin_pain,filipino,active
,hapdi batiis akon,leg pain,leg_pain,filipino,active
,hapdi bato akon,kidney pain,kidney_pain,filipino,active
,hapdi bayag ako,scrotal pain,scrotal_pain,filipino,active
,hapdi bayag akon,scrotal pain,scrotal_pain,filipino,active
,hapdi bayag akon gid,scrotal pain,scrotal_pain,filipino,active
,hapdi bayag akon subong,scrotal pain,scrotal_pain,filipino,active
,hapdi baywang ako,waist pain,waist_pain,filipino,active
,hapdi baywang akon,waist pain,waist_pain,filipino,active
,hapdi baywang akon gid,waist pain,waist_pain,filipino,active
,hapdi baywang akon subong,waist pain,waist_pain,filipino,active
,hapdi baywang gid ko,waist pain,waist_pain,filipino,active
,hapdi baywang ko,waist pain,waist_pain,filipino,active
,hapdi baywang ko gid,waist pain,waist_pain,filipino,active
,hapdi baywang ko man,waist pain,waist_pain,filipino,active
,hapdi baywang man,waist pain,waist_pain,filipino,active
,hapdi baywang subong,waist pain,waist_pain,filipino,active
,hapdi bilad ako,vaginal pain,vaginal_pain,filipino,active
,hapdi bilad akon,vaginal pain,vaginal_pain,filipino,active
,hapdi bilad akon gid,vaginal pain,vaginal_pain,filipino,active
,hapdi bilad akon subong,vaginal pain,vaginal_pain,filipino,active
,hapdi bilad ko ako,vaginal pain,vaginal_pain,filipino,active
,hapdi bilad ko akon,vaginal pain,vaginal_pain,filipino,active
,hapdi bilad ko akon gid,vaginal pain,vaginal_pain,filipino,active
,hapdi bilad ko akon subong,vaginal pain,vaginal_pain,filipino,active
,hapdi bilat ako,vaginal pain,vaginal_pain,filipino,active
,hapdi bilat akon,vaginal pain,vaginal_pain,filipino,active
,hapdi bilat akon gid,vaginal pain,vaginal_pain,filipino,active
,hapdi bilat akon subong,vaginal pain,vaginal_pain,filipino,active
,hapdi bilat ko ako,vaginal pain,vaginal_pain,filipino,active
,hapdi bilat ko akon,vaginal pain,vaginal_pain,filipino,active
,hapdi bilat ko akon gid,vaginal pain,vaginal_pain,filipino,active
,hapdi bilat ko akon subong,vaginal pain,vaginal_pain,filipino,active
,hapdi buhok akon,hair pain,hair_pain,filipino,active
,hapdi bukong akon,forehead pain,forehead_pain,filipino,active
,hapdi bukong gid ko,forehead pain,forehead_pain,filipino,active
,hapdi bukong ko,forehead pain,forehead_pain,filipino,active
,hapdi bukong man,forehead pain,forehead_pain,filipino,active
,hapdi bukong subong,forehead pain,forehead_pain,filipino,active
,hapdi buuk akon,arm pain,arm_pain,filipino,active
,hapdi dalunggan akon,ear pain,ear_pain,filipino,active
,hapdi dila akon,tongue pain,tongue_pain,filipino,active
,hapdi dughan ako,chest pain,chest_pain,filipino,active
,hapdi dughan akon,chest pain,chest_pain,filipino,active
,hapdi dughan akon gid,chest pain,chest_pain,filipino,active
,hapdi dughan akon subong,chest pain,chest_pain,filipino,active
,hapdi ilong akon,nose pain,nose_pain,filipino,active
,hapdi ilong gid ko,nose pain,nose_pain,filipino,active
,hapdi ilong ko,nose pain,nose_pain,filipino,active
,hapdi ilong man,nose pain,nose_pain,filipino,active
,hapdi ilong subong,nose pain,nose_pain,filipino,active
,hapdi itlog ako,testicular pain,testicular_pain,filipino,active
,hapdi itlog akon,testicular pain,testicular_pain,filipino,active
,hapdi itlog akon gid,testicular pain,testicular_pain,filipino,active
,hapdi itlog akon subong,testicular pain,testicular_pain,filipino,active
,hapdi itlog ko ako,testicular pain,testicular_pain,filipino,active
,hapdi itlog ko akon,testicular pain,testicular_pain,filipino,active
,hapdi itlog ko akon gid,testicular pain,testicular_pain,filipino,active
,hapdi itlog ko akon subong,testicular pain,testicular_pain,filipino,active
,hapdi itlog ku ako,testicular pain,testicular_pain,filipino,active
,hapdi itlog ku akon,testicular pain,testicular_pain,filipino,active
,hapdi itlog ku akon gid,testicular pain,testicular_pain,filipino,active
,hapdi itlog ku akon subong,testicular pain,testicular_pain,filipino,active
,hapdi itlug ako,testicular pain,testicular_pain,filipino,active
,hapdi itlug akon,testicular pain,testicular_pain,filipino,active
,hapdi itlug akon gid,testicular pain,testicular_pain,filipino,active
,hapdi itlug akon subong,testicular pain,testicular_pain,filipino,active
,hapdi itlug ko ako,testicular pain,testicular_pain,filipino,active
,hapdi itlug ko akon,testicular pain,testicular_pain,filipino,active
,hapdi itlug ko akon gid,testicular pain,testicular_pain,filipino,active
,hapdi itlug ko akon subong,testicular pain,testicular_pain,filipino,active
,hapdi itlug ku ako,testicular pain,testicular_pain,filipino,active
,hapdi itlug ku akon,testicular pain,testicular_pain,filipino,active
,hapdi itlug ku akon gid,testicular pain,testicular_pain,filipino,active
,hapdi itlug ku akon subong,testicular pain,testicular_pain,filipino,active
,hapdi kamot akon,hand pain,hand_pain,filipino,active
,hapdi kipay ako,vulvar pain,vulvar_pain,filipino,active
,hapdi kipay akon,vulvar pain,vulvar_pain,filipino,active
,hapdi kipay akon gid,vulvar pain,vulvar_pain,filipino,active
,hapdi kipay akon subong,vulvar pain,vulvar_pain,filipino,active
,hapdi kuko akon,nail pain,nail_pain,filipino,active
,hapdi lawas akon,body pain,body_pain,filipino,active
,hapdi lawi akon,nape pain,nape_pain,filipino,active
,hapdi likod ako,back pain,back_pain,filipino,active
,hapdi likod akon,back pain,back_pain,filipino,active
,hapdi likod akon gid,back pain,back_pain,filipino,active
,hapdi likod akon subong,back pain,back_pain,filipino,active
,hapdi liog ako,neck pain,neck_pain,filipino,active
,hapdi liog akon,neck pain,neck_pain,filipino,active
,hapdi liog akon gid,neck pain,neck_pain,filipino,active
,hapdi liog akon subong,neck pain,neck_pain,filipino,active
,hapdi mata ako,eye pain,eye_pain,filipino,active
,hapdi mata akon,eye pain,eye_pain,filipino,active
,hapdi mata akon gid,eye pain,eye_pain,filipino,active
,hapdi mata akon subong,eye pain,eye_pain,filipino,active
,hapdi mata ko ako,eye pain,eye_pain,filipino,active
,hapdi mata ko akon,eye pain,eye_pain,filipino,active
,hapdi mata ko akon gid,eye pain,eye_pain,filipino,active
,hapdi mata ko akon subong,eye pain,eye_pain,filipino,active
,hapdi mata ko gid ako,eye pain,eye_pain,filipino,active
,hapdi mata ko gid akon,eye pain,eye_pain,filipino,active
,hapdi mata ko gid akon gid,eye pain,eye_pain,filipino,active
,hapdi mata ko gid akon subong,eye pain,eye_pain,filipino,active
,hapdi ngipon akon,tooth pain,tooth_pain,filipino,active
,hapdi olok ako,head pain,head_pain,filipino,active
,hapdi olok akon,head pain,head_pain,filipino,active
,hapdi olok akon gid,head pain,head_pain,filipino,active
,hapdi olok akon subong,head pain,head_pain,filipino,active
,hapdi paa akon,foot pain,foot_pain,filipino,active
,hapdi pilas akon,wound pain,wound_pain,filipino,active
,hapdi pisngi akon,cheek pain,cheek_pain,filipino,active
,hapdi siko ako,elbow pain,elbow_pain,filipino,active
,hapdi siko akon,elbow pain,elbow_pain,filipino,active
,hapdi siko akon gid,elbow pain,elbow_pain,filipino,active
,hapdi siko akon subong,elbow pain,elbow_pain,filipino,active
,hapdi singit ako,groin pain,groin_pain,filipino,active
,hapdi singit akon,groin pain,groin_pain,filipino,active
,hapdi singit akon gid,groin pain,groin_pain,filipino,active
,hapdi singit akon subong,groin pain,groin_pain,filipino,active
,hapdi tadlong akon,forearm pain,forearm_pain,filipino,active
,hapdi tadlong gid ko,forearm pain,forearm_pain,filipino,active
,hapdi tadlong ko,forearm pain,forearm_pain,filipino,active
,hapdi tadlong man,forearm pain,forearm_pain,filipino,active
,hapdi tadlong subong,forearm pain,forearm_pain,filipino,active
,hapdi tagipusuon akon,heart pain,heart_pain,filipino,active
,hapdi tai akon,buttocks pain,buttocks_pain,filipino,active
,hapdi tiil akon,foot pain,foot_pain,filipino,active
,hapdi tikod ako,heel pain,heel_pain,filipino,active
,hapdi tikod akon,heel pain,heel_pain,filipino,active
,hapdi tikod akon gid,heel pain,heel_pain,filipino,active
,hapdi tikod akon subong,heel pain,heel_pain,filipino,active
,hapdi tina-i ako,abdominal pain,abdominal_pain,filipino,active
,hapdi tina-i akon,abdominal pain,abdominal_pain,filipino,active
,hapdi tina-i akon gid,abdominal pain,abdominal_pain,filipino,active
,hapdi tina-i akon subong,abdominal pain,abdominal_pain,filipino,active
,hapdi titi akon,breast pain,breast_pain,filipino,active
,hapdi tiyan ako,abdominal pain,abdominal_pain,filipino,active
,hapdi tiyan akon,abdominal pain,abdominal_pain,filipino,active
,hapdi tiyan akon gid,abdominal pain,abdominal_pain,filipino,active
,hapdi tiyan akon subong,abdominal pain,abdominal_pain,filipino,active
,hapdi tiyan ko ako,abdominal pain,abdominal_pain,filipino,active
,hapdi tiyan ko akon,abdominal pain,abdominal_pain,filipino,active
,hapdi tiyan ko akon gid,abdominal pain,abdominal_pain,filipino,active
,hapdi tiyan ko akon subong,abdominal pain,abdominal_pain,filipino,active
,hapdi tudlo akon,finger pain,finger_pain,filipino,active
,hapdi tuhod ako,knee pain,knee_pain,filipino,active
,hapdi tuhod akon,knee pain,knee_pain,filipino,active
,hapdi tuhod akon gid,knee pain,knee_pain,filipino,active
,hapdi tuhod akon subong,knee pain,knee_pain,filipino,active
,hapdi tungod akon,throat pain,throat_pain,filipino,active
,hapdi tungtong ako,ankle pain,ankle_pain,filipino,active
,hapdi tungtong akon,ankle pain,ankle_pain,filipino,active
,hapdi tungtong akon gid,ankle pain,ankle_pain,filipino,active
,hapdi tungtong akon subong,ankle pain,ankle_pain,filipino,active
,hapdi tungtong gid ko,ankle pain,ankle_pain,filipino,active
,hapdi tungtong ko,ankle pain,ankle_pain,filipino,active
,hapdi tungtong ko gid,ankle pain,ankle_pain,filipino,active
,hapdi tungtong ko man,ankle pain,ankle_pain,filipino,active
,hapdi tungtong man,ankle pain,ankle_pain,filipino,active
,hapdi tungtong subong,ankle pain,ankle_pain,filipino,active
,hapdi ulo ako,head pain,head_pain,filipino,active
,hapdi ulo akon,head pain,head_pain,filipino,active
,hapdi ulo akon gid,head pain,head_pain,filipino,active
,hapdi ulo akon subong,head pain,head_pain,filipino,active
,hapdi ulo ko ako,head pain,head_pain,filipino,active
,hapdi ulo ko akon,head pain,head_pain,filipino,active
,hapdi ulo ko akon gid,head pain,head_pain,filipino,active
,hapdi ulo ko akon subong,head pain,head_pain,filipino,active
,hapdi utok akon,brain pain,brain_pain,filipino,active
,help masakit ari ko,penile pain,penile_pain,filipino,active
,help may nana sa bilat ko,vaginal infection,vaginal_infection,filipino,active
,hilanat sing taas,high fever,high_fever,filipino,active
,hubag abaga akon,shoulder swelling,shoulder_swelling,filipino,active
,hubag abaga akon gid,shoulder swelling,shoulder_swelling,filipino,active
,hubag akon abaga,shoulder swelling,shoulder_swelling,filipino,active
,hubag akon ari,penile swelling,penile_swelling,filipino,active
,hubag akon ari ko,penile swelling,penile_swelling,filipino,active
,hubag akon ary,penile swelling,penile_swelling,filipino,active
,hubag akon ary ko,penile swelling,penile_swelling,filipino,active
,hubag akon atay,liver swelling,liver_swelling,filipino,active
,hubag akon awang,jaw swelling,jaw_swelling,filipino,active
,hubag akon baba,lip swelling,lip_swelling,filipino,active
,hubag akon balat,skin swelling,skin_swelling,filipino,active
,hubag akon batiis,leg swelling,leg_swelling,filipino,active
,hubag akon bato,kidney swelling,kidney_swelling,filipino,active
,hubag akon bayag,scrotal swelling,scrotal_swelling,filipino,active
,hubag akon baywang,waist swelling,waist_swelling,filipino,active
,hubag akon bilad,vaginal swelling,vaginal_swelling,filipino,active
,hubag akon bilad ko,vaginal swelling,vaginal_swelling,filipino,active
,hubag akon bilat,vaginal swelling,vaginal_swelling,filipino,active
,hubag akon bilat ko,vaginal swelling,vaginal_swelling,filipino,active
,hubag akon buhok,hair swelling,hair_swelling,filipino,active
,hubag akon bukong,forehead swelling,forehead_swelling,filipino,active
,hubag akon buuk,arm swelling,arm_swelling,filipino,active
,hubag akon dalunggan,ear swelling,ear_swelling,filipino,active
,hubag akon dila,swollen tongue,swollen_tongue,filipino,active
,hubag akon dughan,chest swelling,chest_swelling,filipino,active
,hubag akon ilong,nasal swelling,nasal_swelling,filipino,active
,hubag akon itlog,testicular swelling,testicular_swelling,filipino,active
,hubag akon itlog ko,testicular swelling,testicular_swelling,filipino,active
,hubag akon itlog ku,testicular swelling,testicular_swelling,filipino,active
,hubag akon itlug,testicular swelling,testicular_swelling,filipino,active
,hubag akon itlug ko,testicular swelling,testicular_swelling,filipino,active
,hubag akon itlug ku,testicular swelling,testicular_swelling,filipino,active
,hubag akon kamot,hand swelling,hand_swelling,filipino,active
,hubag akon kuko,nail swelling,nail_swelling,filipino,active
,hubag akon lawas,body swelling,body_swelling,filipino,active
,hubag akon lawi,nape swelling,nape_swelling,filipino,active
,hubag akon likod,back swelling,back_swelling,filipino,active
,hubag akon liog,neck swelling,neck_swelling,filipino,active
,hubag akon mata,eye swelling,eye_swelling,filipino,active
,hubag akon ngipon,tooth swelling,tooth_swelling,filipino,active
,hubag akon paa,foot swelling,foot_swelling,filipino,active
,hubag akon pilas,wound swelling,wound_swelling,filipino,active
,hubag akon pisngi,facial swelling,facial_swelling,filipino,active
,hubag akon siko,elbow swelling,elbow_swelling,filipino,active
,hubag akon singit,groin swelling,groin_swelling,filipino,active
,hubag akon tadlong,forearm swelling,forearm_swelling,filipino,active
,hubag akon tagipusuon,heart swelling,heart_swelling,filipino,active
,hubag akon tai,buttocks swelling,buttocks_swelling,filipino,active
,hubag akon tiil,foot swelling,foot_swelling,filipino,active
,hubag akon tikod,heel swelling,heel_swelling,filipino,active
,hubag akon titi,breast swelling,breast_swelling,filipino,active
,hubag akon tiyan,abdominal swelling,abdominal_swelling,filipino,active
,hubag akon tudlo,finger swelling,finger_swelling,filipino,active
,hubag akon tuhod,knee swelling,knee_swelling,filipino,active
,hubag akon tungod,throat swelling,throat_swelling,filipino,active
,hubag akon tungtong,ankle swelling,ankle_swelling,filipino,active
,hubag akon ulo,head swelling,head_swelling,filipino,active
,hubag akon utok,brain swelling,brain_swelling,filipino,active
,hubag ang tiyan,abdominal swelling,abdominal_swelling,filipino,active
,hubag ang unto,swollen gums,swollen_gums,filipino,active
,hubag ang unud,swollen gums,swollen_gums,filipino,active
,hubag ari ako,penile swelling,penile_swelling,filipino,active
,hubag ari akon,penile swelling,penile_swelling,filipino,active
,hubag ari akon gid,penile swelling,penile_swelling,filipino,active
,hubag ari akon subong,penile swelling,penile_swelling,filipino,active
,hubag ari ko ako,penile swelling,penile_swelling,filipino,active
,hubag ari ko akon,penile swelling,penile_swelling,filipino,active
,hubag ari ko akon gid,penile swelling,penile_swelling,filipino,active
,hubag ari ko akon subong,penile swelling,penile_swelling,filipino,active
,hubag ary ako,penile swelling,penile_swelling,filipino,active
,hubag ary akon,penile swelling,penile_swelling,filipino,active
,hubag ary akon gid,penile swelling,penile_swelling,filipino,active
,hubag ary akon subong,penile swelling,penile_swelling,filipino,active
,hubag ary ko ako,penile swelling,penile_swelling,filipino,active
,hubag ary ko akon,penile swelling,penile_swelling,filipino,active
,hubag ary ko akon gid,penile swelling,penile_swelling,filipino,active
,hubag ary ko akon subong,penile swelling,penile_swelling,filipino,active
,hubag atay akon,liver swelling,liver_swelling,filipino,active
,hubag atay akon gid,liver swelling,liver_swelling,filipino,active
,hubag awang akon,jaw swelling,jaw_swelling,filipino,active
,hubag awang akon gid,jaw swelling,jaw_swelling,filipino,active
,hubag awang gid ko,jaw swelling,jaw_swelling,filipino,active
,hubag awang ko,jaw swelling,jaw_swelling,filipino,active
,hubag awang ko gid,jaw swelling,jaw_swelling,filipino,active
,hubag awang man,jaw swelling,jaw_swelling,filipino,active
,hubag awang subong,jaw swelling,jaw_swelling,filipino,active
,hubag baba akon,lip swelling,lip_swelling,filipino,active
,hubag baba akon gid,lip swelling,lip_swelling,filipino,active
,hubag balat akon,skin swelling,skin_swelling,filipino,active
,hubag balat akon gid,skin swelling,skin_swelling,filipino,active
,hubag batiis akon,leg swelling,leg_swelling,filipino,active
,hubag batiis akon gid,leg swelling,leg_swelling,filipino,active
,hubag bato akon,kidney swelling,kidney_swelling,filipino,active
,hubag bato akon gid,kidney swelling,kidney_swelling,filipino,active
,hubag bayag ako,scrotal swelling,scrotal_swelling,filipino,active
,hubag bayag akon,scrotal swelling,scrotal_swelling,filipino,active
,hubag bayag akon gid,scrotal swelling,scrotal_swelling,filipino,active
,hubag bayag akon subong,scrotal swelling,scrotal_swelling,filipino,active
,hubag baywang akon,waist swelling,waist_swelling,filipino,active
,hubag baywang akon gid,waist swelling,waist_swelling,filipino,active
,hubag baywang gid ko,waist swelling,waist_swelling,filipino,active
,hubag baywang ko,waist swelling,waist_swelling,filipino,active
,hubag baywang ko gid,waist swelling,waist_swelling,filipino,active
,hubag baywang man,waist swelling,waist_swelling,filipino,active
,hubag baywang subong,waist swelling,waist_swelling,filipino,active
,hubag bilad ako,vaginal swelling,vaginal_swelling,filipino,active
,hubag bilad akon,vaginal swelling,vaginal_swelling,filipino,active
,hubag bilad akon gid,vaginal swelling,vaginal_swelling,filipino,active
,hubag bilad akon subong,vaginal swelling,vaginal_swelling,filipino,active
,hubag bilad ko ako,vaginal swelling,vaginal_swelling,filipino,active
,hubag bilad ko akon,vaginal swelling,vaginal_swelling,filipino,active
,hubag bilad ko akon gid,vaginal swelling,vaginal_swelling,filipino,active
,hubag bilad ko akon subong,vaginal swelling,vaginal_swelling,filipino,active
,hubag bilat ako,vaginal swelling,vaginal_swelling,filipino,active
,hubag bilat akon,vaginal swelling,vaginal_swelling,filipino,active
,hubag bilat akon gid,vaginal swelling,vaginal_swelling,filipino,active
,hubag bilat akon subong,vaginal swelling,vaginal_swelling,filipino,active
,hubag bilat ko ako,vaginal swelling,vaginal_swelling,filipino,active
,hubag bilat ko akon,vaginal swelling,vaginal_swelling,filipino,active
,hubag bilat ko akon gid,vaginal swelling,vaginal_swelling,filipino,active
,hubag bilat ko akon subong,vaginal swelling,vaginal_swelling,filipino,active
,hubag buhok akon,hair swelling,hair_swelling,filipino,active
,hubag buhok akon gid,hair swelling,hair_swelling,filipino,active
,hubag bukong akon,forehead swelling,forehead_swelling,filipino,active
,hubag bukong akon gid,forehead swelling,forehead_swelling,filipino,active
,hubag bukong gid ko,forehead swelling,forehead_swelling,filipino,active
,hubag bukong ko,forehead swelling,forehead_swelling,filipino,active
,hubag bukong ko gid,forehead swelling,forehead_swelling,filipino,active
,hubag bukong man,forehead swelling,forehead_swelling,filipino,active
,hubag bukong subong,forehead swelling,forehead_swelling,filipino,active
,hubag buuk akon,arm swelling,arm_swelling,filipino,active
,hubag buuk akon gid,arm swelling,arm_swelling,filipino,active
,hubag dalunggan akon,ear swelling,ear_swelling,filipino,active
,hubag dalunggan akon gid,ear swelling,ear_swelling,filipino,active
,hubag dila akon,swollen tongue,swollen_tongue,filipino,active
,hubag dila akon gid,swollen tongue,swollen_tongue,filipino,active
,hubag dughan akon,chest swelling,chest_swelling,filipino,active
,hubag dughan akon gid,chest swelling,chest_swelling,filipino,active
,hubag gid abaga akon,shoulder swelling,shoulder_swelling,filipino,active
,hubag gid abaga akon gid,shoulder swelling,shoulder_swelling,filipino,active
,hubag gid akon abaga,shoulder swelling,shoulder_swelling,filipino,active
,hubag gid akon ari,penile swelling,penile_swelling,filipino,active
,hubag gid akon ari ko,penile swelling,penile_swelling,filipino,active
,hubag gid akon ary,penile swelling,penile_swelling,filipino,active
,hubag gid akon ary ko,penile swelling,penile_swelling,filipino,active
,hubag gid akon atay,liver swelling,liver_swelling,filipino,active
,hubag gid akon awang,jaw swelling,jaw_swelling,filipino,active
,hubag gid akon baba,lip swelling,lip_swelling,filipino,active
,hubag gid akon balat,skin swelling,skin_swelling,filipino,active
,hubag gid akon batiis,leg swelling,leg_swelling,filipino,active
,hubag gid akon bato,kidney swelling,kidney_swelling,filipino,active
,hubag gid akon bayag,scrotal swelling,scrotal_swelling,filipino,active
,hubag gid akon baywang,waist swelling,waist_swelling,filipino,active
,hubag gid akon bilad,vaginal swelling,vaginal_swelling,filipino,active
,hubag gid akon bilad ko,vaginal swelling,vaginal_swelling,filipino,active
,hubag gid akon bilat,vaginal swelling,vaginal_swelling,filipino,active
,hubag gid akon bilat ko,vaginal swelling,vaginal_swelling,filipino,active
,hubag gid akon buhok,hair swelling,hair_swelling,filipino,active
,hubag gid akon bukong,forehead swelling,forehead_swelling,filipino,active
,hubag gid akon buuk,arm swelling,arm_swelling,filipino,active
,hubag gid akon dalunggan,ear swelling,ear_swelling,filipino,active
,hubag gid akon dila,swollen tongue,swollen_tongue,filipino,active
,hubag gid akon dughan,chest swelling,chest_swelling,filipino,active
,hubag gid akon ilong,nasal swelling,nasal_swelling,filipino,active
,hubag gid akon itlog,testicular swelling,testicular_swelling,filipino,active
,hubag gid akon itlog ko,testicular swelling,testicular_swelling,filipino,active
,hubag gid akon itlog ku,testicular swelling,testicular_swelling,filipino,active
,hubag gid akon itlug,testicular swelling,testicular_swelling,filipino,active
,hubag gid akon itlug ko,testicular swelling,testicular_swelling,filipino,active
,hubag gid akon itlug ku,testicular swelling,testicular_swelling,filipino,active
,hubag gid akon kamot,hand swelling,hand_swelling,filipino,active
,hubag gid akon kuko,nail swelling,nail_swelling,filipino,active
,hubag gid akon lawas,body swelling,body_swelling,filipino,active
,hubag gid akon lawi,nape swelling,nape_swelling,filipino,active
,hubag gid akon likod,back swelling,back_swelling,filipino,active
,hubag gid akon liog,neck swelling,neck_swelling,filipino,active
,hubag gid akon mata,eye swelling,eye_swelling,filipino,active
,hubag gid akon ngipon,tooth swelling,tooth_swelling,filipino,active
,hubag gid akon paa,foot swelling,foot_swelling,filipino,active
,hubag gid akon pilas,wound swelling,wound_swelling,filipino,active
,hubag gid akon pisngi,facial swelling,facial_swelling,filipino,active
,hubag gid akon siko,elbow swelling,elbow_swelling,filipino,active
,hubag gid akon singit,groin swelling,groin_swelling,filipino,active
,hubag gid akon tadlong,forearm swelling,forearm_swelling,filipino,active
,hubag gid akon tagipusuon,heart swelling,heart_swelling,filipino,active
,hubag gid akon tai,buttocks swelling,buttocks_swelling,filipino,active
,hubag gid akon tiil,foot swelling,foot_swelling,filipino,active
,hubag gid akon tikod,heel swelling,heel_swelling,filipino,active
,hubag gid akon titi,breast swelling,breast_swelling,filipino,active
,hubag gid akon tiyan,abdominal swelling,abdominal_swelling,filipino,active
,hubag gid akon tudlo,finger swelling,finger_swelling,filipino,active
,hubag gid akon tuhod,knee swelling,knee_swelling,filipino,active
,hubag gid akon tungod,throat swelling,throat_swelling,filipino,active
,hubag gid akon tungtong,ankle swelling,ankle_swelling,filipino,active
,hubag gid akon ulo,head swelling,head_swelling,filipino,active
,hubag gid akon utok,brain swelling,brain_swelling,filipino,active
,hubag gid ari ako,penile swelling,penile_swelling,filipino,active
,hubag gid ari akon,penile swelling,penile_swelling,filipino,active
,hubag gid ari akon gid,penile swelling,penile_swelling,filipino,active
,hubag gid ari akon subong,penile swelling,penile_swelling,filipino,active
,hubag gid ari ko ako,penile swelling,penile_swelling,filipino,active
,hubag gid ari ko akon,penile swelling,penile_swelling,filipino,active
,hubag gid ari ko akon gid,penile swelling,penile_swelling,filipino,active
,hubag gid ari ko akon subong,penile swelling,penile_swelling,filipino,active
,hubag gid ary ako,penile swelling,penile_swelling,filipino,active
,hubag gid ary akon,penile swelling,penile_swelling,filipino,active
,hubag gid ary akon gid,penile swelling,penile_swelling,filipino,active
,hubag gid ary akon subong,penile swelling,penile_swelling,filipino,active
,hubag gid ary ko ako,penile swelling,penile_swelling,filipino,active
,hubag gid ary ko akon,penile swelling,penile_swelling,filipino,active
,hubag gid ary ko akon gid,penile swelling,penile_swelling,filipino,active
,hubag gid ary ko akon subong,penile swelling,penile_swelling,filipino,active
,hubag gid atay akon,liver swelling,liver_swelling,filipino,active
,hubag gid atay akon gid,liver swelling,liver_swelling,filipino,active
,hubag gid awang akon,jaw swelling,jaw_swelling,filipino,active
,hubag gid awang akon gid,jaw swelling,jaw_swelling,filipino,active
,hubag gid awang gid ko,jaw swelling,jaw_swelling,filipino,active
,hubag gid awang ko,jaw swelling,jaw_swelling,filipino,active
,hubag gid awang ko gid,jaw swelling,jaw_swelling,filipino,active
,hubag gid awang man,jaw swelling,jaw_swelling,filipino,active
,hubag gid awang subong,jaw swelling,jaw_swelling,filipino,active
,hubag gid baba akon,lip swelling,lip_swelling,filipino,active
,hubag gid baba akon gid,lip swelling,lip_swelling,filipino,active
,hubag gid balat akon,skin swelling,skin_swelling,filipino,active
,hubag gid balat akon gid,skin swelling,skin_swelling,filipino,active
,hubag gid batiis akon,leg swelling,leg_swelling,filipino,active
,hubag gid batiis akon gid,leg swelling,leg_swelling,filipino,active
,hubag gid bato akon,kidney swelling,kidney_swelling,filipino,active
,hubag gid bato akon gid,kidney swelling,kidney_swelling,filipino,active
,hubag gid bayag ako,scrotal swelling,scrotal_swelling,filipino,active
,hubag gid bayag akon,scrotal swelling,scrotal_swelling,filipino,active
,hubag gid bayag akon gid,scrotal swelling,scrotal_swelling,filipino,active
,hubag gid bayag akon subong,scrotal swelling,scrotal_swelling,filipino,active
,hubag gid baywang akon,waist swelling,waist_swelling,filipino,active
,hubag gid baywang akon gid,waist swelling,waist_swelling,filipino,active
,hubag gid baywang gid ko,waist swelling,waist_swelling,filipino,active
,hubag gid baywang ko,waist swelling,waist_swelling,filipino,active
,hubag gid baywang ko gid,waist swelling,waist_swelling,filipino,active
,hubag gid baywang man,waist swelling,waist_swelling,filipino,active
,hubag gid baywang subong,waist swelling,waist_swelling,filipino,active
,hubag gid bilad ako,vaginal swelling,vaginal_swelling,filipino,active
,hubag gid bilad akon,vaginal swelling,vaginal_swelling,filipino,active
,hubag gid bilad akon gid,vaginal swelling,vaginal_swelling,filipino,active
,hubag gid bilad akon subong,vaginal swelling,vaginal_swelling,filipino,active
,hubag gid bilad ko ako,vaginal swelling,vaginal_swelling,filipino,active
,hubag gid bilad ko akon,vaginal swelling,vaginal_swelling,filipino,active
,hubag gid bilad ko akon gid,vaginal swelling,vaginal_swelling,filipino,active
,hubag gid bilad ko akon subong,vaginal swelling,vaginal_swelling,filipino,active
,hubag gid bilat ako,vaginal swelling,vaginal_swelling,filipino,active
,hubag gid bilat akon,vaginal swelling,vaginal_swelling,filipino,active
,hubag gid bilat akon gid,vaginal swelling,vaginal_swelling,filipino,active
,hubag gid bilat akon subong,vaginal swelling,vaginal_swelling,filipino,active
,hubag gid bilat ko ako,vaginal swelling,vaginal_swelling,filipino,active
,hubag gid bilat ko akon,vaginal swelling,vaginal_swelling,filipino,active
,hubag gid bilat ko akon gid,vaginal swelling,vaginal_swelling,filipino,active
,hubag gid bilat ko akon subong,vaginal swelling,vaginal_swelling,filipino,active
,hubag gid buhok akon,hair swelling,hair_swelling,filipino,active
,hubag gid buhok akon gid,hair swelling,hair_swelling,filipino,active
,hubag gid bukong akon,forehead swelling,forehead_swelling,filipino,active
,hubag gid bukong akon gid,forehead swelling,forehead_swelling,filipino,active
,hubag gid bukong gid ko,forehead swelling,forehead_swelling,filipino,active
,hubag gid bukong ko,forehead swelling,forehead_swelling,filipino,active
,hubag gid bukong ko gid,forehead swelling,forehead_swelling,filipino,active
,hubag gid bukong man,forehead swelling,forehead_swelling,filipino,active
,hubag gid bukong subong,forehead swelling,forehead_swelling,filipino,active
,hubag gid buuk akon,arm swelling,arm_swelling,filipino,active
,hubag gid buuk akon gid,arm swelling,arm_swelling,filipino,active
,hubag gid dalunggan akon,ear swelling,ear_swelling,filipino,active
,hubag gid dalunggan akon gid,ear swelling,ear_swelling,filipino,active
,hubag gid dila akon,swollen tongue,swollen_tongue,filipino,active
,hubag gid dila akon gid,swollen tongue,swollen_tongue,filipino,active
,hubag gid dughan akon,chest swelling,chest_swelling,filipino,active
,hubag gid dughan akon gid,chest swelling,chest_swelling,filipino,active
,hubag gid ilong akon,nasal swelling,nasal_swelling,filipino,active
,hubag gid ilong akon gid,nasal swelling,nasal_swelling,filipino,active
,hubag gid ilong gid ko,nasal swelling,nasal_swelling,filipino,active
,hubag gid ilong ko,nasal swelling,nasal_swelling,filipino,active
,hubag gid ilong ko gid,nasal swelling,nasal_swelling,filipino,active
,hubag gid ilong man,nasal swelling,nasal_swelling,filipino,active
,hubag gid ilong subong,nasal swelling,nasal_swelling,filipino,active
,hubag gid itlog ako,testicular swelling,testicular_swelling,filipino,active
,hubag gid itlog akon,testicular swelling,testicular_swelling,filipino,active
,hubag gid itlog akon gid,testicular swelling,testicular_swelling,filipino,active
,hubag gid itlog akon subong,testicular swelling,testicular_swelling,filipino,active
,hubag gid itlog ko ako,testicular swelling,testicular_swelling,filipino,active
,hubag gid itlog ko akon,testicular swelling,testicular_swelling,filipino,active
,hubag gid itlog ko akon gid,testicular swelling,testicular_swelling,filipino,active
,hubag gid itlog ko akon subong,testicular swelling,testicular_swelling,filipino,active
,hubag gid itlog ku ako,testicular swelling,testicular_swelling,filipino,active
,hubag gid itlog ku akon,testicular swelling,testicular_swelling,filipino,active
,hubag gid itlog ku akon gid,testicular swelling,testicular_swelling,filipino,active
,hubag gid itlog ku akon subong,testicular swelling,testicular_swelling,filipino,active
,hubag gid itlug ako,testicular swelling,testicular_swelling,filipino,active
,hubag gid itlug akon,testicular swelling,testicular_swelling,filipino,active
,hubag gid itlug akon gid,testicular swelling,testicular_swelling,filipino,active
,hubag gid itlug akon subong,testicular swelling,testicular_swelling,filipino,active
,hubag gid itlug ko ako,testicular swelling,testicular_swelling,filipino,active
,hubag gid itlug ko akon,testicular swelling,testicular_swelling,filipino,active
,hubag gid itlug ko akon gid,testicular swelling,testicular_swelling,filipino,active
,hubag gid itlug ko akon subong,testicular swelling,testicular_swelling,filipino,active
,hubag gid itlug ku ako,testicular swelling,testicular_swelling,filipino,active
,hubag gid itlug ku akon,testicular swelling,testicular_swelling,filipino,active
,hubag gid itlug ku akon gid,testicular swelling,testicular_swelling,filipino,active
,hubag gid itlug ku akon subong,testicular swelling,testicular_swelling,filipino,active
,hubag gid kamot akon,hand swelling,hand_swelling,filipino,active
,hubag gid kamot akon gid,hand swelling,hand_swelling,filipino,active
,hubag gid kuko akon,nail swelling,nail_swelling,filipino,active
,hubag gid kuko akon gid,nail swelling,nail_swelling,filipino,active
,hubag gid lawas akon,body swelling,body_swelling,filipino,active
,hubag gid lawas akon gid,body swelling,body_swelling,filipino,active
,hubag gid lawi akon,nape swelling,nape_swelling,filipino,active
,hubag gid lawi akon gid,nape swelling,nape_swelling,filipino,active
,hubag gid likod akon,back swelling,back_swelling,filipino,active
,hubag gid likod akon gid,back swelling,back_swelling,filipino,active
,hubag gid liog akon,neck swelling,neck_swelling,filipino,active
,hubag gid liog akon gid,neck swelling,neck_swelling,filipino,active
,hubag gid mata akon,eye swelling,eye_swelling,filipino,active
,hubag gid mata akon gid,eye swelling,eye_swelling,filipino,active
,hubag gid ngipon akon,tooth swelling,tooth_swelling,filipino,active
,hubag gid ngipon akon gid,tooth swelling,tooth_swelling,filipino,active
,hubag gid paa akon,foot swelling,foot_swelling,filipino,active
,hubag gid paa akon gid,foot swelling,foot_swelling,filipino,active
,hubag gid pilas akon,wound swelling,wound_swelling,filipino,active
,hubag gid pilas akon gid,wound swelling,wound_swelling,filipino,active
,hubag gid pisngi akon,facial swelling,facial_swelling,filipino,active
,hubag gid pisngi akon gid,facial swelling,facial_swelling,filipino,active
,hubag gid siko akon,elbow swelling,elbow_swelling,filipino,active
,hubag gid siko akon gid,elbow swelling,elbow_swelling,filipino,active
,hubag gid singit ako,groin swelling,groin_swelling,filipino,active
,hubag gid singit akon,groin swelling,groin_swelling,filipino,active
,hubag gid singit akon gid,groin swelling,groin_swelling,filipino,active
,hubag gid singit akon subong,groin swelling,groin_swelling,filipino,active
,hubag gid tadlong akon,forearm swelling,forearm_swelling,filipino,active
,hubag gid tadlong akon gid,forearm swelling,forearm_swelling,filipino,active
,hubag gid tadlong gid ko,forearm swelling,forearm_swelling,filipino,active
,hubag gid tadlong ko,forearm swelling,forearm_swelling,filipino,active
,hubag gid tadlong ko gid,forearm swelling,forearm_swelling,filipino,active
,hubag gid tadlong man,forearm swelling,forearm_swelling,filipino,active
,hubag gid tadlong subong,forearm swelling,forearm_swelling,filipino,active
,hubag gid tagipusuon akon,heart swelling,heart_swelling,filipino,active
,hubag gid tagipusuon akon gid,heart swelling,heart_swelling,filipino,active
,hubag gid tai akon,buttocks swelling,buttocks_swelling,filipino,active
,hubag gid tai akon gid,buttocks swelling,buttocks_swelling,filipino,active
,hubag gid tiil akon,foot swelling,foot_swelling,filipino,active
,hubag gid tiil akon gid,foot swelling,foot_swelling,filipino,active
,hubag gid tikod akon,heel swelling,heel_swelling,filipino,active
,hubag gid tikod akon gid,heel swelling,heel_swelling,filipino,active
,hubag gid titi akon,breast swelling,breast_swelling,filipino,active
,hubag gid titi akon gid,breast swelling,breast_swelling,filipino,active
,hubag gid tiyan akon,abdominal swelling,abdominal_swelling,filipino,active
,hubag gid tiyan akon gid,abdominal swelling,abdominal_swelling,filipino,active
,hubag gid tudlo akon,finger swelling,finger_swelling,filipino,active
,hubag gid tudlo akon gid,finger swelling,finger_swelling,filipino,active
,hubag gid tuhod akon,knee swelling,knee_swelling,filipino,active
,hubag gid tuhod akon gid,knee swelling,knee_swelling,filipino,active
,hubag gid tungod akon,throat swelling,throat_swelling,filipino,active
,hubag gid tungod akon gid,throat swelling,throat_swelling,filipino,active
,hubag gid tungtong akon,ankle swelling,ankle_swelling,filipino,active
,hubag gid tungtong akon gid,ankle swelling,ankle_swelling,filipino,active
,hubag gid tungtong gid ko,ankle swelling,ankle_swelling,filipino,active
,hubag gid tungtong ko,ankle swelling,ankle_swelling,filipino,active
,hubag gid tungtong ko gid,ankle swelling,ankle_swelling,filipino,active
,hubag gid tungtong man,ankle swelling,ankle_swelling,filipino,active
,hubag gid tungtong subong,ankle swelling,ankle_swelling,filipino,active
,hubag gid ulo akon,head swelling,head_swelling,filipino,active
,hubag gid ulo akon gid,head swelling,head_swelling,filipino,active
,hubag gid utok akon,brain swelling,brain_swelling,filipino,active
,hubag gid utok akon gid,brain swelling,brain_swelling,filipino,active
,hubag ilong akon,nasal swelling,nasal_swelling,filipino,active
,hubag ilong akon gid,nasal swelling,nasal_swelling,filipino,active
,hubag ilong gid ko,nasal swelling,nasal_swelling,filipino,active
,hubag ilong ko,nasal swelling,nasal_swelling,filipino,active
,hubag ilong ko gid,nasal swelling,nasal_swelling,filipino,active
,hubag ilong man,nasal swelling,nasal_swelling,filipino,active
,hubag ilong subong,nasal swelling,nasal_swelling,filipino,active
,hubag itlog ako,testicular swelling,testicular_swelling,filipino,active
,hubag itlog akon,testicular swelling,testicular_swelling,filipino,active
,hubag itlog akon gid,testicular swelling,testicular_swelling,filipino,active
,hubag itlog akon subong,testicular swelling,testicular_swelling,filipino,active
,hubag itlog ko ako,testicular swelling,testicular_swelling,filipino,active
,hubag itlog ko akon,testicular swelling,testicular_swelling,filipino,active
,hubag itlog ko akon gid,testicular swelling,testicular_swelling,filipino,active
,hubag itlog ko akon subong,testicular swelling,testicular_swelling,filipino,active
,hubag itlog ku ako,testicular swelling,testicular_swelling,filipino,active
,hubag itlog ku akon,testicular swelling,testicular_swelling,filipino,active
,hubag itlog ku akon gid,testicular swelling,testicular_swelling,filipino,active
,hubag itlog ku akon subong,testicular swelling,testicular_swelling,filipino,active
,hubag itlug ako,testicular swelling,testicular_swelling,filipino,active
,hubag itlug akon,testicular swelling,testicular_swelling,filipino,active
,hubag itlug akon gid,testicular swelling,testicular_swelling,filipino,active
,hubag itlug akon subong,testicular swelling,testicular_swelling,filipino,active
,hubag itlug ko ako,testicular swelling,testicular_swelling,filipino,active
,hubag itlug ko akon,testicular swelling,testicular_swelling,filipino,active
,hubag itlug ko akon gid,testicular swelling,testicular_swelling,filipino,active
,hubag itlug ko akon subong,testicular swelling,testicular_swelling,filipino,active
,hubag itlug ku ako,testicular swelling,testicular_swelling,filipino,active
,hubag itlug ku akon,testicular swelling,testicular_swelling,filipino,active
,hubag itlug ku akon gid,testicular swelling,testicular_swelling,filipino,active
,hubag itlug ku akon subong,testicular swelling,testicular_swelling,filipino,active
,hubag kamot akon,hand swelling,hand_swelling,filipino,active
,hubag kamot akon gid,hand swelling,hand_swelling,filipino,active
,hubag kuko akon,nail swelling,nail_swelling,filipino,active
,hubag kuko akon gid,nail swelling,nail_swelling,filipino,active
,hubag lawas akon,body swelling,body_swelling,filipino,active
,hubag lawas akon gid,body swelling,body_swelling,filipino,active
,hubag lawi akon,nape swelling,nape_swelling,filipino,active
,hubag lawi akon gid,nape swelling,nape_swelling,filipino,active
,hubag likod akon,back swelling,back_swelling,filipino,active
,hubag likod akon gid,back swelling,back_swelling,filipino,active
,hubag liog akon,neck swelling,neck_swelling,filipino,active
,hubag liog akon gid,neck swelling,neck_swelling,filipino,active
,hubag mata akon,eye swelling,eye_swelling,filipino,active
,hubag mata akon gid,eye swelling,eye_swelling,filipino,active
,hubag ngipon akon,tooth swelling,tooth_swelling,filipino,active
,hubag ngipon akon gid,tooth swelling,tooth_swelling,filipino,active
,hubag paa akon,foot swelling,foot_swelling,filipino,active
,hubag paa akon gid,foot swelling,foot_swelling,filipino,active
,hubag pilas akon,wound swelling,wound_swelling,filipino,active
,hubag pilas akon gid,wound swelling,wound_swelling,filipino,active
,hubag pisngi akon,facial swelling,facial_swelling,filipino,active
,hubag pisngi akon gid,facial swelling,facial_swelling,filipino,active
,hubag siko akon,elbow swelling,elbow_swelling,filipino,active
,hubag siko akon gid,elbow swelling,elbow_swelling,filipino,active
,hubag singit ako,groin swelling,groin_swelling,filipino,active
,hubag singit akon,groin swelling,groin_swelling,filipino,active
,hubag singit akon gid,groin swelling,groin_swelling,filipino,active
,hubag singit akon subong,groin swelling,groin_swelling,filipino,active
,hubag tadlong akon,forearm swelling,forearm_swelling,filipino,active
,hubag tadlong akon gid,forearm swelling,forearm_swelling,filipino,active
,hubag tadlong gid ko,forearm swelling,forearm_swelling,filipino,active
,hubag tadlong ko,forearm swelling,forearm_swelling,filipino,active
,hubag tadlong ko gid,forearm swelling,forearm_swelling,filipino,active
,hubag tadlong man,forearm swelling,forearm_swelling,filipino,active
,hubag tadlong subong,forearm swelling,forearm_swelling,filipino,active
,hubag tagipusuon akon,heart swelling,heart_swelling,filipino,active
,hubag tagipusuon akon gid,heart swelling,heart_swelling,filipino,active
,hubag tai akon,buttocks swelling,buttocks_swelling,filipino,active
,hubag tai akon gid,buttocks swelling,buttocks_swelling,filipino,active
,hubag tiil akon,foot swelling,foot_swelling,filipino,active
,hubag tiil akon gid,foot swelling,foot_swelling,filipino,active
,hubag tikod akon,heel swelling,heel_swelling,filipino,active
,hubag tikod akon gid,heel swelling,heel_swelling,filipino,active
,hubag titi akon,breast swelling,breast_swelling,filipino,active
,hubag titi akon gid,breast swelling,breast_swelling,filipino,active
,hubag tiyan akon,abdominal swelling,abdominal_swelling,filipino,active
,hubag tiyan akon gid,abdominal swelling,abdominal_swelling,filipino,active
,hubag tudlo akon,finger swelling,finger_swelling,filipino,active
,hubag tudlo akon gid,finger swelling,finger_swelling,filipino,active
,hubag tuhod akon,knee swelling,knee_swelling,filipino,active
,hubag tuhod akon gid,knee swelling,knee_swelling,filipino,active
,hubag tungod akon,throat swelling,throat_swelling,filipino,active
,hubag tungod akon gid,throat swelling,throat_swelling,filipino,active
,hubag tungtong akon,ankle swelling,ankle_swelling,filipino,active
,hubag tungtong akon gid,ankle swelling,ankle_swelling,filipino,active
,hubag tungtong gid ko,ankle swelling,ankle_swelling,filipino,active
,hubag tungtong ko,ankle swelling,ankle_swelling,filipino,active
,hubag tungtong ko gid,ankle swelling,ankle_swelling,filipino,active
,hubag tungtong man,ankle swelling,ankle_swelling,filipino,active
,hubag tungtong subong,ankle swelling,ankle_swelling,filipino,active
,hubag ulo akon,head swelling,head_swelling,filipino,active
,hubag ulo akon gid,head swelling,head_swelling,filipino,active
,hubag utok akon,brain swelling,brain_swelling,filipino,active
,hubag utok akon gid,brain swelling,brain_swelling,filipino,active
,huyang lawas,weakness,weakness,filipino,active
,huyang lawas ko,weakness,weakness,filipino,active
,indi mapunggan ang dugo sa ari,uncontrolled penile bleeding,uncontrolled_penile_bleeding,filipino,active
,indi mapunggan ang dugo sa ari ko,severe penis bleeding,severe_penis_bleeding,filipino,active
,indi mapunggan ang dugo sa ari ko ko,severe penis bleeding,severe_penis_bleeding,filipino,active
,indi mapunggan ang dugo sa ary ko,severe penis bleeding,severe_penis_bleeding,filipino,active
,indi mapunggan ang dugo sa ary ko ko,severe penis bleeding,severe_penis_bleeding,filipino,active
,indi mapunggan ang dugo sa bilad ko,severe vagina bleeding,severe_vagina_bleeding,filipino,active
,indi mapunggan ang dugo sa bilad ko ko,severe vagina bleeding,severe_vagina_bleeding,filipino,active
,indi mapunggan ang dugo sa bilat ko,severe vagina bleeding,severe_vagina_bleeding,filipino,active
,indi mapunggan ang dugo sa bilat ko ko,severe vagina bleeding,severe_vagina_bleeding,filipino,active
,indi mapunggan ang dugo sa itlog ko,severe testicle bleeding,severe_testicle_bleeding,filipino,active
,indi mapunggan ang dugo sa itlog ko ko,severe testicle bleeding,severe_testicle_bleeding,filipino,active
,indi mapunggan ang dugo sa itlug ko,severe testicle bleeding,severe_testicle_bleeding,filipino,active
,indi mapunggan ang dugo sa itlug ko ko,severe testicle bleeding,severe_testicle_bleeding,filipino,active
,init ng katawan,fever,fever,filipino,active
,kagapon may nana akon mata,eye infection,eye_infection,filipino,active
,kagapon may pilas ko sa kamot,hand wound,hand_wound,filipino,active
,kakatol akon ari,penile itching,penile_itching,filipino,active
,kakatol akon ari ko,penile itching,penile_itching,filipino,active
,kakatol akon ary,penile itching,penile_itching,filipino,active
,kakatol akon ary ko,penile itching,penile_itching,filipino,active
,kakatol akon bilad,vaginal itching,vaginal_itching,filipino,active
,kakatol akon bilad ko,vaginal itching,vaginal_itching,filipino,active
,kakatol akon bilat,vaginal itching,vaginal_itching,filipino,active
,kakatol akon bilat ko,vaginal itching,vaginal_itching,filipino,active
,kakatol akon itlog,testicular itching,testicular_itching,filipino,active
,kakatol akon itlog ko,testicular itching,testicular_itching,filipino,active
,kakatol akon itlug,testicular itching,testicular_itching,filipino,active
,kakatol akon itlug ko,testicular itching,testicular_itching,filipino,active
,kakatol akon kipay,vulvar itching,vulvar_itching,filipino,active
,kakatol ari ako,penile itching,penile_itching,filipino,active
,kakatol ari akon,penile itching,penile_itching,filipino,active
,kakatol ari akon gid,penile itching,penile_itching,filipino,active
,kakatol ari akon subong,penile itching,penile_itching,filipino,active
,kakatol ari ko ako,penile itching,penile_itching,filipino,active
,kakatol ari ko akon,penile itching,penile_itching,filipino,active
,kakatol ari ko akon gid,penile itching,penile_itching,filipino,active
,kakatol ari ko akon subong,penile itching,penile_itching,filipino,active
,kakatol ary ako,penile itching,penile_itching,filipino,active
,kakatol ary akon,penile itching,penile_itching,filipino,active
,kakatol ary akon gid,penile itching,penile_itching,filipino,active
,kakatol ary akon subong,penile itching,penile_itching,filipino,active
,kakatol ary ko ako,penile itching,penile_itching,filipino,active
,kakatol ary ko akon,penile itching,penile_itching,filipino,active
,kakatol ary ko akon gid,penile itching,penile_itching,filipino,active
,kakatol ary ko akon subong,penile itching,penile_itching,filipino,active
,kakatol bilad ako,vaginal itching,vaginal_itching,filipino,active
,kakatol bilad akon,vaginal itching,vaginal_itching,filipino,active
,kakatol bilad akon gid,vaginal itching,vaginal_itching,filipino,active
,kakatol bilad akon subong,vaginal itching,vaginal_itching,filipino,active
,kakatol bilad ko ako,vaginal itching,vaginal_itching,filipino,active
,kakatol bilad ko akon,vaginal itching,vaginal_itching,filipino,active
,kakatol bilad ko akon gid,vaginal itching,vaginal_itching,filipino,active
,kakatol bilad ko akon subong,vaginal itching,vaginal_itching,filipino,active
,kakatol bilat ako,vaginal itching,vaginal_itching,filipino,active
,kakatol bilat akon,vaginal itching,vaginal_itching,filipino,active
,kakatol bilat akon gid,vaginal itching,vaginal_itching,filipino,active
,kakatol bilat akon subong,vaginal itching,vaginal_itching,filipino,active
,kakatol bilat ko ako,vaginal itching,vaginal_itching,filipino,active
,kakatol bilat ko akon,vaginal itching,vaginal_itching,filipino,active
,kakatol bilat ko akon gid,vaginal itching,vaginal_itching,filipino,active
,kakatol bilat ko akon subong,vaginal itching,vaginal_itching,filipino,active
,kakatol gid akon ari,penile itching,penile_itching,filipino,active
,kakatol gid akon ari ko,penile itching,penile_itching,filipino,active
,kakatol gid akon ary,penile itching,penile_itching,filipino,active
,kakatol gid akon ary ko,penile itching,penile_itching,filipino,active
,kakatol gid akon bilad,vaginal itching,vaginal_itching,filipino,active
,kakatol gid akon bilad ko,vaginal itching,vaginal_itching,filipino,active
,kakatol gid akon bilat,vaginal itching,vaginal_itching,filipino,active
,kakatol gid akon bilat ko,vaginal itching,vaginal_itching,filipino,active
,kakatol gid akon itlog,testicular itching,testicular_itching,filipino,active
,kakatol gid akon itlog ko,testicular itching,testicular_itching,filipino,active
,kakatol gid akon itlug,testicular itching,testicular_itching,filipino,active
,kakatol gid akon itlug ko,testicular itching,testicular_itching,filipino,active
,kakatol gid akon kipay,vulvar itching,vulvar_itching,filipino,active
,kakatol gid ari ako,penile itching,penile_itching,filipino,active
,kakatol gid ari akon,penile itching,penile_itching,filipino,active
,kakatol gid ari akon gid,penile itching,penile_itching,filipino,active
,kakatol gid ari akon subong,penile itching,penile_itching,filipino,active
,kakatol gid ari ko ako,penile itching,penile_itching,filipino,active
,kakatol gid ari ko akon,penile itching,penile_itching,filipino,active
,kakatol gid ari ko akon gid,penile itching,penile_itching,filipino,active
,kakatol gid ari ko akon subong,penile itching,penile_itching,filipino,active
,kakatol gid ary ako,penile itching,penile_itching,filipino,active
,kakatol gid ary akon,penile itching,penile_itching,filipino,active
,kakatol gid ary akon gid,penile itching,penile_itching,filipino,active
,kakatol gid ary akon subong,penile itching,penile_itching,filipino,active
,kakatol gid ary ko ako,penile itching,penile_itching,filipino,active
,kakatol gid ary ko akon,penile itching,penile_itching,filipino,active
,kakatol gid ary ko akon gid,penile itching,penile_itching,filipino,active
,kakatol gid ary ko akon subong,penile itching,penile_itching,filipino,active
,kakatol gid bilad ako,vaginal itching,vaginal_itching,filipino,active
,kakatol gid bilad akon,vaginal itching,vaginal_itching,filipino,active
,kakatol gid bilad akon gid,vaginal itching,vaginal_itching,filipino,active
,kakatol gid bilad akon subong,vaginal itching,vaginal_itching,filipino,active
,kakatol gid bilad ko ako,vaginal itching,vaginal_itching,filipino,active
,kakatol gid bilad ko akon,vaginal itching,vaginal_itching,filipino,active
,kakatol gid bilad ko akon gid,vaginal itching,vaginal_itching,filipino,active
,kakatol gid bilad ko akon subong,vaginal itching,vaginal_itching,filipino,active
,kakatol gid bilat ako,vaginal itching,vaginal_itching,filipino,active
,kakatol gid bilat akon,vaginal itching,vaginal_itching,filipino,active
,kakatol gid bilat akon gid,vaginal itching,vaginal_itching,filipino,active
,kakatol gid bilat akon subong,vaginal itching,vaginal_itching,filipino,active
,kakatol gid bilat ko ako,vaginal itching,vaginal_itching,filipino,active
,kakatol gid bilat ko akon,vaginal itching,vaginal_itching,filipino,active
,kakatol gid bilat ko akon gid,vaginal itching,vaginal_itching,filipino,active
,kakatol gid bilat ko akon subong,vaginal itching,vaginal_itching,filipino,active
,kakatol gid itlog ako,testicular itching,testicular_itching,filipino,active
,kakatol gid itlog akon,testicular itching,testicular_itching,filipino,active
,kakatol gid itlog akon gid,testicular itching,testicular_itching,filipino,active
,kakatol gid itlog akon subong,testicular itching,testicular_itching,filipino,active
,kakatol gid itlog ko ako,testicular itching,testicular_itching,filipino,active
,kakatol gid itlog ko akon,testicular itching,testicular_itching,filipino,active
,kakatol gid itlog ko akon gid,testicular itching,testicular_itching,filipino,active
,kakatol gid itlog ko akon subong,testicular itching,testicular_itching,filipino,active
,kakatol gid itlug ako,testicular itching,testicular_itching,filipino,active
,kakatol gid itlug akon,testicular itching,testicular_itching,filipino,active
,kakatol gid itlug akon gid,testicular itching,testicular_itching,filipino,active
,kakatol gid itlug akon subong,testicular itching,testicular_itching,filipino,active
,kakatol gid itlug ko ako,testicular itching,testicular_itching,filipino,active
,kakatol gid itlug ko akon,testicular itching,testicular_itching,filipino,active
,kakatol gid itlug ko akon gid,testicular itching,testicular_itching,filipino,active
,kakatol gid itlug ko akon subong,testicular itching,testicular_itching,filipino,active
,kakatol gid kipay ako,vulvar itching,vulvar_itching,filipino,active
,kakatol gid kipay akon,vulvar itching,vulvar_itching,filipino,active
,kakatol gid kipay akon gid,vulvar itching,vulvar_itching,filipino,active
,kakatol gid kipay akon subong,vulvar itching,vulvar_itching,filipino,active
,kakatol itlog ako,testicular itching,testicular_itching,filipino,active
,kakatol itlog akon,testicular itching,testicular_itching,filipino,active
,kakatol itlog akon gid,testicular itching,testicular_itching,filipino,active
,kakatol itlog akon subong,testicular itching,testicular_itching,filipino,active
,kakatol itlog ko ako,testicular itching,testicular_itching,filipino,active
,kakatol itlog ko akon,testicular itching,testicular_itching,filipino,active
,kakatol itlog ko akon gid,testicular itching,testicular_itching,filipino,active
,kakatol itlog ko akon subong,testicular itching,testicular_itching,filipino,active
,kakatol itlug ako,testicular itching,testicular_itching,filipino,active
,kakatol itlug akon,testicular itching,testicular_itching,filipino,active
,kakatol itlug akon gid,testicular itching,testicular_itching,filipino,active
,kakatol itlug akon subong,testicular itching,testicular_itching,filipino,active
,kakatol itlug ko ako,testicular itching,testicular_itching,filipino,active
,kakatol itlug ko akon,testicular itching,testicular_itching,filipino,active
,kakatol itlug ko akon gid,testicular itching,testicular_itching,filipino,active
,kakatol itlug ko akon subong,testicular itching,testicular_itching,filipino,active
,kakatol kipay ako,vulvar itching,vulvar_itching,filipino,active
,kakatol kipay akon,vulvar itching,vulvar_itching,filipino,active
,kakatol kipay akon gid,vulvar itching,vulvar_itching,filipino,active
,kakatol kipay akon subong,vulvar itching,vulvar_itching,filipino,active
,karon budlay gid gid ko magginhawa subong gid,difficulty breathing,difficulty_breathing,filipino,active
,karon budlay gid gid ko magginhawa subong gid ko,difficulty breathing,difficulty_breathing,filipino,active
,karon budlay gid gid ko magginhawa subong ko gid,difficulty breathing,difficulty_breathing,filipino,active
,karon budlay gid gid ko magginhawa subong man,difficulty breathing,difficulty_breathing,filipino,active
,karon budlay gid gid ko magginhawa subong na gid,difficulty breathing,difficulty_breathing,filipino,active
,karon budlay gid ko mag ginhawa subong gid,difficulty breathing,difficulty_breathing,filipino,active
,karon budlay gid ko mag ginhawa subong gid ko,difficulty breathing,difficulty_breathing,filipino,active
,karon budlay gid ko mag ginhawa subong ko gid,difficulty breathing,difficulty_breathing,filipino,active
,karon budlay gid ko mag ginhawa subong man,difficulty breathing,difficulty_breathing,filipino,active
,karon budlay gid ko mag ginhawa subong na gid,difficulty breathing,difficulty_breathing,filipino,active
,karon budlay gid ko magginhawa subong gid,difficulty breathing,difficulty_breathing,filipino,active
,karon budlay gid ko magginhawa subong gid ko,difficulty breathing,difficulty_breathing,filipino,active
,karon budlay gid ko magginhawa subong ko gid,difficulty breathing,difficulty_breathing,filipino,active
,karon budlay gid ko magginhawa subong man,difficulty breathing,difficulty_breathing,filipino,active
,karon budlay gid ko magginhawa subong na gid,difficulty breathing,difficulty_breathing,filipino,active
,karon budlay gid ku magginhawa subong gid,difficulty breathing,difficulty_breathing,filipino,active
,karon budlay gid ku magginhawa subong gid ko,difficulty breathing,difficulty_breathing,filipino,active
,karon budlay gid ku magginhawa subong ko gid,difficulty breathing,difficulty_breathing,filipino,active
,karon budlay gid ku magginhawa subong man,difficulty breathing,difficulty_breathing,filipino,active
,karon budlay gid ku magginhawa subong na gid,difficulty breathing,difficulty_breathing,filipino,active
,karon gin kagat sang ido ko kag nagdugo gid,dog bite with bleeding,dog_bite_with_bleeding,filipino,active
,karon gin kagat sang ido ko kag nagdugo gid ko,dog bite with bleeding,dog_bite_with_bleeding,filipino,active
,karon gin kagat sang ido ko kag nagdugo ko gid,dog bite with bleeding,dog_bite_with_bleeding,filipino,active
,karon gin kagat sang ido ko kag nagdugo man,dog bite with bleeding,dog_bite_with_bleeding,filipino,active
,karon gin kagat sang ido ko kag nagdugo na gid,dog bite with bleeding,dog_bite_with_bleeding,filipino,active
,karon ginkagat sang ido ko kag nag dugo gid,dog bite with bleeding,dog_bite_with_bleeding,filipino,active
,karon ginkagat sang ido ko kag nag dugo gid ko,dog bite with bleeding,dog_bite_with_bleeding,filipino,active
,karon ginkagat sang ido ko kag nag dugo ko gid,dog bite with bleeding,dog_bite_with_bleeding,filipino,active
,karon ginkagat sang ido ko kag nag dugo man,dog bite with bleeding,dog_bite_with_bleeding,filipino,active
,karon ginkagat sang ido ko kag nag dugo na gid,dog bite with bleeding,dog_bite_with_bleeding,filipino,active
,karon ginkagat sang ido ko kag nagdugo gid,dog bite with bleeding,dog_bite_with_bleeding,filipino,active
,karon ginkagat sang ido ko kag nagdugo gid ko,dog bite with bleeding,dog_bite_with_bleeding,filipino,active
,karon ginkagat sang ido ko kag nagdugo ko gid,dog bite with bleeding,dog_bite_with_bleeding,filipino,active
,karon ginkagat sang ido ko kag nagdugo man,dog bite with bleeding,dog_bite_with_bleeding,filipino,active
,karon ginkagat sang ido ko kag nagdugo na gid,dog bite with bleeding,dog_bite_with_bleeding,filipino,active
,karon ginkagat sang ido ku kag nagdugo gid,dog bite with bleeding,dog_bite_with_bleeding,filipino,active
,karon ginkagat sang ido ku kag nagdugo gid ko,dog bite with bleeding,dog_bite_with_bleeding,filipino,active
,karon ginkagat sang ido ku kag nagdugo ko gid,dog bite with bleeding,dog_bite_with_bleeding,filipino,active
,karon ginkagat sang ido ku kag nagdugo man,dog bite with bleeding,dog_bite_with_bleeding,filipino,active
,karon ginkagat sang ido ku kag nagdugo na gid,dog bite with bleeding,dog_bite_with_bleeding,filipino,active
,karon masakit ari ko,penile pain,penile_pain,filipino,active
,karon may nana akon mata subong gid,eye infection,eye_infection,filipino,active
,karon may nana akon mata subong gid ko,eye infection,eye_infection,filipino,active
,karon may nana akon mata subong ko gid,eye infection,eye_infection,filipino,active
,karon may nana akon mata subong man,eye infection,eye_infection,filipino,active
,karon may nana akon mata subong na gid,eye infection,eye_infection,filipino,active
,karon may nana sa bilat ko,vaginal infection,vaginal_infection,filipino,active
,karon may pilas ko sa kamot kag nag dugo gid,bleeding hand wound,bleeding_hand_wound,filipino,active
,karon may pilas ko sa kamot kag nag dugo gid ko,bleeding hand wound,bleeding_hand_wound,filipino,active
,karon may pilas ko sa kamot kag nag dugo ko gid,bleeding hand wound,bleeding_hand_wound,filipino,active
,karon may pilas ko sa kamot kag nag dugo man,bleeding hand wound,bleeding_hand_wound,filipino,active
,karon may pilas ko sa kamot kag nag dugo na gid,bleeding hand wound,bleeding_hand_wound,filipino,active
,karon may pilas ko sa kamot kag nagdugo gid,bleeding hand wound,bleeding_hand_wound,filipino,active
,karon may pilas ko sa kamot kag nagdugo gid ko,bleeding hand wound,bleeding_hand_wound,filipino,active
,karon may pilas ko sa kamot kag nagdugo ko gid,bleeding hand wound,bleeding_hand_wound,filipino,active
,karon may pilas ko sa kamot kag nagdugo man,bleeding hand wound,bleeding_hand_wound,filipino,active
,karon may pilas ko sa kamot kag nagdugo na gid,bleeding hand wound,bleeding_hand_wound,filipino,active
,karon may pilas ku sa kamot kag nagdugo gid,bleeding hand wound,bleeding_hand_wound,filipino,active
,karon may pilas ku sa kamot kag nagdugo gid ko,bleeding hand wound,bleeding_hand_wound,filipino,active
,karon may pilas ku sa kamot kag nagdugo ko gid,bleeding hand wound,bleeding_hand_wound,filipino,active
,karon may pilas ku sa kamot kag nagdugo man,bleeding hand wound,bleeding_hand_wound,filipino,active
,karon may pilas ku sa kamot kag nagdugo na gid,bleeding hand wound,bleeding_hand_wound,filipino,active
,karon nabali kamot ko sang natumba gid,hand fracture,hand_fracture,filipino,active
,karon nabali kamot ko sang natumba gid ko,hand fracture,hand_fracture,filipino,active
,karon nabali kamot ko sang natumba ko gid,hand fracture,hand_fracture,filipino,active
,karon nabali kamot ko sang natumba man,hand fracture,hand_fracture,filipino,active
,karon nabali kamot ko sang natumba na gid,hand fracture,hand_fracture,filipino,active
,karon nabali kamot ku sang natumba gid,hand fracture,hand_fracture,filipino,active
,karon nabali kamot ku sang natumba gid ko,hand fracture,hand_fracture,filipino,active
,karon nabali kamot ku sang natumba ko gid,hand fracture,hand_fracture,filipino,active
,karon nabali kamot ku sang natumba man,hand fracture,hand_fracture,filipino,active
,karon nabali kamot ku sang natumba na gid,hand fracture,hand_fracture,filipino,active
,karon nabali na kamot ko sang natumba gid,hand fracture,hand_fracture,filipino,active
,karon nabali na kamot ko sang natumba gid ko,hand fracture,hand_fracture,filipino,active
,karon nabali na kamot ko sang natumba ko gid,hand fracture,hand_fracture,filipino,active
,karon nabali na kamot ko sang natumba man,hand fracture,hand_fracture,filipino,active
,karon nabali na kamot ko sang natumba na gid,hand fracture,hand_fracture,filipino,active
,karon nakuryente ko sang kuryente gid,electrical injury,electrical_injury,filipino,active
,karon nakuryente ko sang kuryente gid ko,electrical injury,electrical_injury,filipino,active
,karon nakuryente ko sang kuryente ko gid,electrical injury,electrical_injury,filipino,active
,karon nakuryente ko sang kuryente man,electrical injury,electrical_injury,filipino,active
,karon nakuryente ko sang kuryente na gid,electrical injury,electrical_injury,filipino,active
,karon nakuryente ku sang kuryente gid,electrical injury,electrical_injury,filipino,active
,karon nakuryente ku sang kuryente gid ko,electrical injury,electrical_injury,filipino,active
,karon nakuryente ku sang kuryente ko gid,electrical injury,electrical_injury,filipino,active
,karon nakuryente ku sang kuryente man,electrical injury,electrical_injury,filipino,active
,karon nakuryente ku sang kuryente na gid,electrical injury,electrical_injury,filipino,active
,karon nautod na tudlo ko sang makina gid,amputated finger,amputated_finger,filipino,active
,karon nautod na tudlo ko sang makina gid ko,amputated finger,amputated_finger,filipino,active
,karon nautod na tudlo ko sang makina ko gid,amputated finger,amputated_finger,filipino,active
,karon nautod na tudlo ko sang makina man,amputated finger,amputated_finger,filipino,active
,karon nautod na tudlo ko sang makina na gid,amputated finger,amputated_finger,filipino,active
,karon nautod tudlo ko sang makina gid,amputated finger,amputated_finger,filipino,active
,karon nautod tudlo ko sang makina gid ko,amputated finger,amputated_finger,filipino,active
,karon nautod tudlo ko sang makina ko gid,amputated finger,amputated_finger,filipino,active
,karon nautod tudlo ko sang makina man,amputated finger,amputated_finger,filipino,active
,karon nautod tudlo ko sang makina na gid,amputated finger,amputated_finger,filipino,active
,karon nautod tudlo ku sang makina gid,amputated finger,amputated_finger,filipino,active
,karon nautod tudlo ku sang makina gid ko,amputated finger,amputated_finger,filipino,active
,karon nautod tudlo ku sang makina ko gid,amputated finger,amputated_finger,filipino,active
,karon nautod tudlo ku sang makina man,amputated finger,amputated_finger,filipino,active
,karon nautod tudlo ku sang makina na gid,amputated finger,amputated_finger,filipino,active
,kulang dugo,anemia,anemia,filipino,active
,kulang kaon,malnutrition,malnutrition,filipino,active
,kulang sa timbang,underweight,underweight,filipino,active
,kulang sa tulog,insomnia,insomnia,filipino,active
,labad ang ulo,headache,headache,filipino,active
,labad ulo sing malala,severe headache,severe_headache,filipino,active
,lung cancer,lung cancer,lung_cancer,filipino,active
,lung prob,lung disease,lung_disease,filipino,active
,lung problem,lung disease,lung_disease,filipino,active
,mababa ang asukar ko,hypoglycemia,hypoglycemia,filipino,active
,mababang asukal,hypoglycemia,hypoglycemia,filipino,active
,mabilis ang heartbeat,arrhythmia,arrhythmia,filipino,active
,makati balat akon,itchy skin,itchy_skin,filipino,active
,makati kamot akon,itchy hand,itchy_hand,filipino,active
,makati mata akon,itchy eyes,itchy_eyes,filipino,active
,makati tiil akon,itchy foot,itchy_foot,filipino,active
,makati tudlo akon,itchy finger,itchy_finger,filipino,active
,maniwang batiis ko,leg numbness,leg_numbness,filipino,active
,maniwang buuk ko,arm numbness,arm_numbness,filipino,active
,maniwang kamot ko,hand numbness,hand_numbness,filipino,active
,maniwang lawas ko,body numbness,body_numbness,filipino,active
,maniwang tiil ko,foot numbness,foot_numbness,filipino,active
,maniwang tudlo ko,finger numbness,finger_numbness,filipino,active
,mapait ang pilas ko,infected wound,infected_wound,filipino,active
,mapula akon ari,penile redness,penile_redness,filipino,active
,mapula akon ari ko,penile redness,penile_redness,filipino,active
,mapula akon ary,penile redness,penile_redness,filipino,active
,mapula akon ary ko,penile redness,penile_redness,filipino,active
,mapula akon bilad,vaginal redness,vaginal_redness,filipino,active
,mapula akon bilad ko,vaginal redness,vaginal_redness,filipino,active
,mapula akon bilat,vaginal redness,vaginal_redness,filipino,active
,mapula akon bilat ko,vaginal redness,vaginal_redness,filipino,active
,mapula akon itlog,testicular redness,testicular_redness,filipino,active
,mapula akon itlog ko,testicular redness,testicular_redness,filipino,active
,mapula akon itlog ku,testicular redness,testicular_redness,filipino,active
,mapula akon itlug,testicular redness,testicular_redness,filipino,active
,mapula akon itlug ko,testicular redness,testicular_redness,filipino,active
,mapula akon itlug ku,testicular redness,testicular_redness,filipino,active
,mapula ari ako,penile redness,penile_redness,filipino,active
,mapula ari akon,penile redness,penile_redness,filipino,active
,mapula ari akon gid,penile redness,penile_redness,filipino,active
,mapula ari akon subong,penile redness,penile_redness,filipino,active
,mapula ari ko ako,penile redness,penile_redness,filipino,active
,mapula ari ko akon,penile redness,penile_redness,filipino,active
,mapula ari ko akon gid,penile redness,penile_redness,filipino,active
,mapula ari ko akon subong,penile redness,penile_redness,filipino,active
,mapula ary ako,penile redness,penile_redness,filipino,active
,mapula ary akon,penile redness,penile_redness,filipino,active
,mapula ary akon gid,penile redness,penile_redness,filipino,active
,mapula ary akon subong,penile redness,penile_redness,filipino,active
,mapula ary ko ako,penile redness,penile_redness,filipino,active
,mapula ary ko akon,penile redness,penile_redness,filipino,active
,mapula ary ko akon gid,penile redness,penile_redness,filipino,active
,mapula ary ko akon subong,penile redness,penile_redness,filipino,active
,mapula bilad ako,vaginal redness,vaginal_redness,filipino,active
,mapula bilad akon,vaginal redness,vaginal_redness,filipino,active
,mapula bilad akon gid,vaginal redness,vaginal_redness,filipino,active
,mapula bilad akon subong,vaginal redness,vaginal_redness,filipino,active
,mapula bilad ko ako,vaginal redness,vaginal_redness,filipino,active
,mapula bilad ko akon,vaginal redness,vaginal_redness,filipino,active
,mapula bilad ko akon gid,vaginal redness,vaginal_redness,filipino,active
,mapula bilad ko akon subong,vaginal redness,vaginal_redness,filipino,active
,mapula bilat ako,vaginal redness,vaginal_redness,filipino,active
,mapula bilat akon,vaginal redness,vaginal_redness,filipino,active
,mapula bilat akon gid,vaginal redness,vaginal_redness,filipino,active
,mapula bilat akon subong,vaginal redness,vaginal_redness,filipino,active
,mapula bilat ko ako,vaginal redness,vaginal_redness,filipino,active
,mapula bilat ko akon,vaginal redness,vaginal_redness,filipino,active
,mapula bilat ko akon gid,vaginal redness,vaginal_redness,filipino,active
,mapula bilat ko akon subong,vaginal redness,vaginal_redness,filipino,active
,mapula itlog ako,testicular redness,testicular_redness,filipino,active
,mapula itlog akon,testicular redness,testicular_redness,filipino,active
,mapula itlog akon gid,testicular redness,testicular_redness,filipino,active
,mapula itlog akon subong,testicular redness,testicular_redness,filipino,active
,mapula itlog ko ako,testicular redness,testicular_redness,filipino,active
,mapula itlog ko akon,testicular redness,testicular_redness,filipino,active
,mapula itlog ko akon gid,testicular redness,testicular_redness,filipino,active
,mapula itlog ko akon subong,testicular redness,testicular_redness,filipino,active
,mapula itlog ku ako,testicular redness,testicular_redness,filipino,active
,mapula itlog ku akon,testicular redness,testicular_redness,filipino,active
,mapula itlog ku akon gid,testicular redness,testicular_redness,filipino,active
,mapula itlog ku akon subong,testicular redness,testicular_redness,filipino,active
,mapula itlug ako,testicular redness,testicular_redness,filipino,active
,mapula itlug akon,testicular redness,testicular_redness,filipino,active
,mapula itlug akon gid,testicular redness,testicular_redness,filipino,active
,mapula itlug akon subong,testicular redness,testicular_redness,filipino,active
,mapula itlug ko ako,testicular redness,testicular_redness,filipino,active
,mapula itlug ko akon,testicular redness,testicular_redness,filipino,active
,mapula itlug ko akon gid,testicular redness,testicular_redness,filipino,active
,mapula itlug ko akon subong,testicular redness,testicular_redness,filipino,active
,mapula itlug ku ako,testicular redness,testicular_redness,filipino,active
,mapula itlug ku akon,testicular redness,testicular_redness,filipino,active
,mapula itlug ku akon gid,testicular redness,testicular_redness,filipino,active
,mapula itlug ku akon subong,testicular redness,testicular_redness,filipino,active
,masakit,pain,pain,filipino,active
,masakit abaga ako,shoulder pain,shoulder_pain,filipino,active
,masakit abaga akon,shoulder pain,shoulder_pain,filipino,active
,masakit abaga akon gid,shoulder pain,shoulder_pain,filipino,active
,masakit abaga akon subong,shoulder pain,shoulder_pain,filipino,active
,masakit abaga gid ko,shoulder pain,shoulder_pain,filipino,active
,masakit abaga ko,shoulder pain,shoulder_pain,filipino,active
,masakit abaga ko gid,shoulder pain,shoulder_pain,filipino,active
,masakit abaga ko man,shoulder pain,shoulder_pain,filipino,active
,masakit abaga man,shoulder pain,shoulder_pain,filipino,active
,masakit abaga subong,shoulder pain,shoulder_pain,filipino,active
,masakit acun itlog,testicular pain,testicular_pain,filipino,active
,masakit acun itlog ko,testicular pain,testicular_pain,filipino,active
,masakit acun itlug,testicular pain,testicular_pain,filipino,active
,masakit acun itlug ko,testicular pain,testicular_pain,filipino,active
,masakit akon abaga,shoulder pain,shoulder_pain,filipino,active
,masakit akon ari,penile pain,penile_pain,filipino,active
,masakit akon ari ko,penile pain,penile_pain,filipino,active
,masakit akon ary,penile pain,penile_pain,filipino,active
,masakit akon ary ko,penile pain,penile_pain,filipino,active
,masakit akon atay,liver pain,liver_pain,filipino,active
,masakit akon awang,jaw pain,jaw_pain,filipino,active
,masakit akon baba,mouth pain,mouth_pain,filipino,active
,masakit akon balat,skin pain,skin_pain,filipino,active
,masakit akon batiis,leg pain,leg_pain,filipino,active
,masakit akon bato,kidney pain,kidney_pain,filipino,active
,masakit akon bayag,scrotal pain,scrotal_pain,filipino,active
,masakit akon baywang,waist pain,waist_pain,filipino,active
,masakit akon bilad,vaginal pain,vaginal_pain,filipino,active
,masakit akon bilad ko,vaginal pain,vaginal_pain,filipino,active
,masakit akon bilat,vaginal pain,vaginal_pain,filipino,active
,masakit akon bilat ko,vaginal pain,vaginal_pain,filipino,active
,masakit akon buhok,hair pain,hair_pain,filipino,active
,masakit akon bukong,forehead pain,forehead_pain,filipino,active
,masakit akon buuk,arm pain,arm_pain,filipino,active
,masakit akon dalunggan,ear pain,ear_pain,filipino,active
,masakit akon dila,tongue pain,tongue_pain,filipino,active
,masakit akon dughan,chest pain,chest_pain,filipino,active
,masakit akon ilong,nose pain,nose_pain,filipino,active
,masakit akon itlog,testicular pain,testicular_pain,filipino,active
,masakit akon itlog ko,testicular pain,testicular_pain,filipino,active
,masakit akon itlog ku,testicular pain,testicular_pain,filipino,active
,masakit akon itlug,testicular pain,testicular_pain,filipino,active
,masakit akon itlug ko,testicular pain,testicular_pain,filipino,active
,masakit akon itlug ku,testicular pain,testicular_pain,filipino,active
,masakit akon kamot,hand pain,hand_pain,filipino,active
,masakit akon kipay,vulvar pain,vulvar_pain,filipino,active
,masakit akon kuko,nail pain,nail_pain,filipino,active
,masakit akon lawas,body pain,body_pain,filipino,active
,masakit akon lawi,nape pain,nape_pain,filipino,active
,masakit akon likod,back pain,back_pain,filipino,active
,masakit akon liog,neck pain,neck_pain,filipino,active
,masakit akon mata,eye pain,eye_pain,filipino,active
,masakit akon ngipon,tooth pain,tooth_pain,filipino,active
,masakit akon paa,foot pain,foot_pain,filipino,active
,masakit akon pilas,wound pain,wound_pain,filipino,active
,masakit akon pisngi,cheek pain,cheek_pain,filipino,active
,masakit akon siko,elbow pain,elbow_pain,filipino,active
,masakit akon singit,groin pain,groin_pain,filipino,active
,masakit akon tadlong,forearm pain,forearm_pain,filipino,active
,masakit akon tagipusuon,heart pain,heart_pain,filipino,active
,masakit akon tai,buttocks pain,buttocks_pain,filipino,active
,masakit akon tiil,foot pain,foot_pain,filipino,active
,masakit akon tikod,heel pain,heel_pain,filipino,active
,masakit akon titi,breast pain,breast_pain,filipino,active
,masakit akon tiyan,abdominal pain,abdominal_pain,filipino,active
,masakit akon tudlo,finger pain,finger_pain,filipino,active
,masakit akon tuhod,knee pain,knee_pain,filipino,active
,masakit akon tungod,throat pain,throat_pain,filipino,active
,masakit akon tungtong,ankle pain,ankle_pain,filipino,active
,masakit akon ulo,head pain,head_pain,filipino,active
,masakit akon utok,brain pain,brain_pain,filipino,active
,masakit ang dibdib ko,chest pain,chest_pain,filipino,active
,masakit ang lawas,body pain,body_pain,filipino,active
,masakit ang tiyan ko,stomach pain,stomach_pain,filipino,active
,masakit ang ulo ko,headache,headache,filipino,active
,masakit ari ako,penile pain,penile_pain,filipino,active
,masakit ari akon,penile pain,penile_pain,filipino,active
,masakit ari akon gid,penile pain,penile_pain,filipino,active
,masakit ari akon subong,penile pain,penile_pain,filipino,active
,masakit ari gid ko,penile pain,penile_pain,filipino,active
,masakit ari ko,penile pain,penile_pain,filipino,active
,masakit ari ko ako,penile pain,penile_pain,filipino,active
,masakit ari ko akon,penile pain,penile_pain,filipino,active
,masakit ari ko akon gid,penile pain,penile_pain,filipino,active
,masakit ari ko akon subong,penile pain,penile_pain,filipino,active
,masakit ari ko gid,penile pain,penile_pain,filipino,active
,masakit ari ko gid ko,penile pain,penile_pain,filipino,active
,masakit ari ko ko,penile pain,penile_pain,filipino,active
,masakit ari ko ko gid,penile pain,penile_pain,filipino,active
,masakit ary ako,penile pain,penile_pain,filipino,active
,masakit ary akon,penile pain,penile_pain,filipino,active
,masakit ary akon gid,penile pain,penile_pain,filipino,active
,masakit ary akon subong,penile pain,penile_pain,filipino,active
,masakit ary gid ko,penile pain,penile_pain,filipino,active
,masakit ary ko,penile pain,penile_pain,filipino,active
,masakit ary ko ako,penile pain,penile_pain,filipino,active
,masakit ary ko akon,penile pain,penile_pain,filipino,active
,masakit ary ko akon gid,penile pain,penile_pain,filipino,active
,masakit ary ko akon subong,penile pain,penile_pain,filipino,active
,masakit ary ko gid,penile pain,penile_pain,filipino,active
,masakit ary ko gid ko,penile pain,penile_pain,filipino,active
,masakit ary ko ko,penile pain,penile_pain,filipino,active
,masakit ary ko ko gid,penile pain,penile_pain,filipino,active
,masakit atay akon,liver pain,liver_pain,filipino,active
,masakit atay gid ko,liver pain,liver_pain,filipino,active
,masakit atay ko,liver pain,liver_pain,filipino,active
,masakit atay man,liver pain,liver_pain,filipino,active
,masakit atay subong,liver pain,liver_pain,filipino,active
,masakit awang akon,jaw pain,jaw_pain,filipino,active
,masakit awang gid ko,jaw pain,jaw_pain,filipino,active
,masakit awang ko,jaw pain,jaw_pain,filipino,active
,masakit awang man,jaw pain,jaw_pain,filipino,active
,masakit awang subong,jaw pain,jaw_pain,filipino,active
,masakit baba akon,mouth pain,mouth_pain,filipino,active
,masakit baba gid ko,mouth pain,mouth_pain,filipino,active
,masakit baba ko,mouth pain,mouth_pain,filipino,active
,masakit baba man,mouth pain,mouth_pain,filipino,active
,masakit baba subong,mouth pain,mouth_pain,filipino,active
,masakit balat akon,skin pain,skin_pain,filipino,active
,masakit balat gid ko,skin pain,skin_pain,filipino,active
,masakit balat ko,skin pain,skin_pain,filipino,active
,masakit balat man,skin pain,skin_pain,filipino,active
,masakit balat subong,skin pain,skin_pain,filipino,active
,masakit batiis akon,leg pain,leg_pain,filipino,active
,masakit batiis gid ko,leg pain,leg_pain,filipino,active
,masakit batiis ko,leg pain,leg_pain,filipino,active
,masakit batiis man,leg pain,leg_pain,filipino,active
,masakit batiis subong,leg pain,leg_pain,filipino,active
,masakit bato akon,kidney pain,kidney_pain,filipino,active
,masakit bato gid ko,kidney pain,kidney_pain,filipino,active
,masakit bato ko,kidney pain,kidney_pain,filipino,active
,masakit bato man,kidney pain,kidney_pain,filipino,active
,masakit bato subong,kidney pain,kidney_pain,filipino,active
,masakit bayag ako,scrotal pain,scrotal_pain,filipino,active
,masakit bayag akon,scrotal pain,scrotal_pain,filipino,active
,masakit bayag akon gid,scrotal pain,scrotal_pain,filipino,active
,masakit bayag akon subong,scrotal pain,scrotal_pain,filipino,active
,masakit bayag gid ko,scrotal pain,scrotal_pain,filipino,active
,masakit bayag ko,scrotal pain,scrotal_pain,filipino,active
,masakit bayag ko gid,scrotal pain,scrotal_pain,filipino,active
,masakit baywang ako,waist pain,waist_pain,filipino,active
,masakit baywang akon,waist pain,waist_pain,filipino,active
,masakit baywang akon gid,waist pain,waist_pain,filipino,active
,masakit baywang akon subong,waist pain,waist_pain,filipino,active
,masakit baywang gid ko,waist pain,waist_pain,filipino,active
,masakit baywang ko,waist pain,waist_pain,filipino,active
,masakit baywang ko gid,waist pain,waist_pain,filipino,active
,masakit baywang ko man,waist pain,waist_pain,filipino,active
,masakit baywang man,waist pain,waist_pain,filipino,active
,masakit baywang subong,waist pain,waist_pain,filipino,active
,masakit bilad ako,vaginal pain,vaginal_pain,filipino,active
,masakit bilad akon,vaginal pain,vaginal_pain,filipino,active
,masakit bilad akon gid,vaginal pain,vaginal_pain,filipino,active
,masakit bilad akon subong,vaginal pain,vaginal_pain,filipino,active
,masakit bilad gid ko,vaginal pain,vaginal_pain,filipino,active
,masakit bilad ko,vaginal pain,vaginal_pain,filipino,active
,masakit bilad ko ako,vaginal pain,vaginal_pain,filipino,active
,masakit bilad ko akon,vaginal pain,vaginal_pain,filipino,active
,masakit bilad ko akon gid,vaginal pain,vaginal_pain,filipino,active
,masakit bilad ko akon subong,vaginal pain,vaginal_pain,filipino,active
,masakit bilad ko gid,vaginal pain,vaginal_pain,filipino,active
,masakit bilad ko gid ko,vaginal pain,vaginal_pain,filipino,active
,masakit bilad ko ko,vaginal pain,vaginal_pain,filipino,active
,masakit bilad ko ko gid,vaginal pain,vaginal_pain,filipino,active
,masakit bilat ako,vaginal pain,vaginal_pain,filipino,active
,masakit bilat akon,vaginal pain,vaginal_pain,filipino,active
,masakit bilat akon gid,vaginal pain,vaginal_pain,filipino,active
,masakit bilat akon subong,vaginal pain,vaginal_pain,filipino,active
,masakit bilat gid ko,vaginal pain,vaginal_pain,filipino,active
,masakit bilat ko,vaginal pain,vaginal_pain,filipino,active
,masakit bilat ko ako,vaginal pain,vaginal_pain,filipino,active
,masakit bilat ko akon,vaginal pain,vaginal_pain,filipino,active
,masakit bilat ko akon gid,vaginal pain,vaginal_pain,filipino,active
,masakit bilat ko akon subong,vaginal pain,vaginal_pain,filipino,active
,masakit bilat ko gid,vaginal pain,vaginal_pain,filipino,active
,masakit bilat ko gid ko,vaginal pain,vaginal_pain,filipino,active
,masakit bilat ko ko,vaginal pain,vaginal_pain,filipino,active
,masakit bilat ko ko gid,vaginal pain,vaginal_pain,filipino,active
,masakit buhok akon,hair pain,hair_pain,filipino,active
,masakit buhok gid ko,hair pain,hair_pain,filipino,active
,masakit buhok ko,hair pain,hair_pain,filipino,active
,masakit buhok man,hair pain,hair_pain,filipino,active
,masakit buhok subong,hair pain,hair_pain,filipino,active
,masakit bukong akon,forehead pain,forehead_pain,filipino,active
,masakit bukong gid ko,forehead pain,forehead_pain,filipino,active
,masakit bukong ko,forehead pain,forehead_pain,filipino,active
,masakit bukong man,forehead pain,forehead_pain,filipino,active
,masakit bukong subong,forehead pain,forehead_pain,filipino,active
,masakit buuk akon,arm pain,arm_pain,filipino,active
,masakit buuk gid ko,arm pain,arm_pain,filipino,active
,masakit buuk ko,arm pain,arm_pain,filipino,active
,masakit buuk man,arm pain,arm_pain,filipino,active
,masakit buuk subong,arm pain,arm_pain,filipino,active
,masakit dalunggan akon,ear pain,ear_pain,filipino,active
,masakit dalunggan gid ko,ear pain,ear_pain,filipino,active
,masakit dalunggan ko,ear pain,ear_pain,filipino,active
,masakit dalunggan man,ear pain,ear_pain,filipino,active
,masakit dalunggan subong,ear pain,ear_pain,filipino,active
,masakit dila akon,tongue pain,tongue_pain,filipino,active
,masakit dila gid ko,tongue pain,tongue_pain,filipino,active
,masakit dila ko,tongue pain,tongue_pain,filipino,active
,masakit dila man,tongue pain,tongue_pain,filipino,active
,masakit dila subong,tongue pain,tongue_pain,filipino,active
,masakit dughan,chest pain,chest_pain,filipino,active
,masakit dughan acun gid,chest pain,chest_pain,filipino,active
,masakit dughan acun subong,chest pain,chest_pain,filipino,active
,masakit dughan ako,chest pain,chest_pain,filipino,active
,masakit dughan akon,chest pain,chest_pain,filipino,active
,masakit dughan akon gid,chest pain,chest_pain,filipino,active
,masakit dughan akon subong,chest pain,chest_pain,filipino,active
,masakit dughan gid ko,chest pain,chest_pain,filipino,active
,masakit dughan ko,chest pain,chest_pain,filipino,active
,masakit dughan ko gid,chest pain,chest_pain,filipino,active
,masakit dughan ko kag galuya,chest pain with weakness,chest_pain_with_weakness,filipino,active
,masakit dughan ko man,chest pain,chest_pain,filipino,active
,masakit dughan ku gid,chest pain,chest_pain,filipino,active
,masakit dughan ku man,chest pain,chest_pain,filipino,active
,masakit dughan man,chest pain,chest_pain,filipino,active
,masakit dughan subong,chest pain,chest_pain,filipino,active
,masakit gid acun itlog,testicular pain,testicular_pain,filipino,active
,masakit gid acun itlog ko,testicular pain,testicular_pain,filipino,active
,masakit gid acun itlug,testicular pain,testicular_pain,filipino,active
,masakit gid acun itlug ko,testicular pain,testicular_pain,filipino,active
,masakit gid akon ari,penile pain,penile_pain,filipino,active
,masakit gid akon ari ko,penile pain,penile_pain,filipino,active
,masakit gid akon ary,penile pain,penile_pain,filipino,active
,masakit gid akon ary ko,penile pain,penile_pain,filipino,active
,masakit gid akon bayag,scrotal pain,scrotal_pain,filipino,active
,masakit gid akon bilad,vaginal pain,vaginal_pain,filipino,active
,masakit gid akon bilad ko,vaginal pain,vaginal_pain,filipino,active
,masakit gid akon bilat,vaginal pain,vaginal_pain,filipino,active
,masakit gid akon bilat ko,vaginal pain,vaginal_pain,filipino,active
,masakit gid akon itlog,testicular pain,testicular_pain,filipino,active
,masakit gid akon itlog ko,testicular pain,testicular_pain,filipino,active
,masakit gid akon itlog ku,testicular pain,testicular_pain,filipino,active
,masakit gid akon itlug,testicular pain,testicular_pain,filipino,active
,masakit gid akon itlug ko,testicular pain,testicular_pain,filipino,active
,masakit gid akon itlug ku,testicular pain,testicular_pain,filipino,active
,masakit gid akon kipay,vulvar pain,vulvar_pain,filipino,active
,masakit gid akon singit,groin pain,groin_pain,filipino,active
,masakit gid ari ako,penile pain,penile_pain,filipino,active
,masakit gid ari akon,penile pain,penile_pain,filipino,active
,masakit gid ari akon gid,penile pain,penile_pain,filipino,active
,masakit gid ari akon subong,penile pain,penile_pain,filipino,active
,masakit gid ari gid ko,penile pain,penile_pain,filipino,active
,masakit gid ari ko,penile pain,penile_pain,filipino,active
,masakit gid ari ko ako,penile pain,penile_pain,filipino,active
,masakit gid ari ko akon,penile pain,penile_pain,filipino,active
,masakit gid ari ko akon gid,penile pain,penile_pain,filipino,active
,masakit gid ari ko akon subong,penile pain,penile_pain,filipino,active
,masakit gid ari ko gid,penile pain,penile_pain,filipino,active
,masakit gid ari ko gid ko,penile pain,penile_pain,filipino,active
,masakit gid ari ko ko,penile pain,penile_pain,filipino,active
,masakit gid ari ko ko gid,penile pain,penile_pain,filipino,active
,masakit gid ary ako,penile pain,penile_pain,filipino,active
,masakit gid ary akon,penile pain,penile_pain,filipino,active
,masakit gid ary akon gid,penile pain,penile_pain,filipino,active
,masakit gid ary akon subong,penile pain,penile_pain,filipino,active
,masakit gid ary gid ko,penile pain,penile_pain,filipino,active
,masakit gid ary ko,penile pain,penile_pain,filipino,active
,masakit gid ary ko ako,penile pain,penile_pain,filipino,active
,masakit gid ary ko akon,penile pain,penile_pain,filipino,active
,masakit gid ary ko akon gid,penile pain,penile_pain,filipino,active
,masakit gid ary ko akon subong,penile pain,penile_pain,filipino,active
,masakit gid ary ko gid,penile pain,penile_pain,filipino,active
,masakit gid ary ko gid ko,penile pain,penile_pain,filipino,active
,masakit gid ary ko ko,penile pain,penile_pain,filipino,active
,masakit gid ary ko ko gid,penile pain,penile_pain,filipino,active
,masakit gid bayag ako,scrotal pain,scrotal_pain,filipino,active
,masakit gid bayag akon,scrotal pain,scrotal_pain,filipino,active
,masakit gid bayag akon gid,scrotal pain,scrotal_pain,filipino,active
,masakit gid bayag akon subong,scrotal pain,scrotal_pain,filipino,active
,masakit gid bayag gid ko,scrotal pain,scrotal_pain,filipino,active
,masakit gid bayag ko,scrotal pain,scrotal_pain,filipino,active
,masakit gid bayag ko gid,scrotal pain,scrotal_pain,filipino,active
,masakit gid bilad ako,vaginal pain,vaginal_pain,filipino,active
,masakit gid bilad akon,vaginal pain,vaginal_pain,filipino,active
,masakit gid bilad akon gid,vaginal pain,vaginal_pain,filipino,active
,masakit gid bilad akon subong,vaginal pain,vaginal_pain,filipino,active
,masakit gid bilad gid ko,vaginal pain,vaginal_pain,filipino,active
,masakit gid bilad ko,vaginal pain,vaginal_pain,filipino,active
,masakit gid bilad ko ako,vaginal pain,vaginal_pain,filipino,active
,masakit gid bilad ko akon,vaginal pain,vaginal_pain,filipino,active
,masakit gid bilad ko akon gid,vaginal pain,vaginal_pain,filipino,active
,masakit gid bilad ko akon subong,vaginal pain,vaginal_pain,filipino,active
,masakit gid bilad ko gid,vaginal pain,vaginal_pain,filipino,active
,masakit gid bilad ko gid ko,vaginal pain,vaginal_pain,filipino,active
,masakit gid bilad ko ko,vaginal pain,vaginal_pain,filipino,active
,masakit gid bilad ko ko gid,vaginal pain,vaginal_pain,filipino,active
,masakit gid bilat ako,vaginal pain,vaginal_pain,filipino,active
,masakit gid bilat akon,vaginal pain,vaginal_pain,filipino,active
,masakit gid bilat akon gid,vaginal pain,vaginal_pain,filipino,active
,masakit gid bilat akon subong,vaginal pain,vaginal_pain,filipino,active
,masakit gid bilat gid ko,vaginal pain,vaginal_pain,filipino,active
,masakit gid bilat ko,vaginal pain,vaginal_pain,filipino,active
,masakit gid bilat ko ako,vaginal pain,vaginal_pain,filipino,active
,masakit gid bilat ko akon,vaginal pain,vaginal_pain,filipino,active
,masakit gid bilat ko akon gid,vaginal pain,vaginal_pain,filipino,active
,masakit gid bilat ko akon subong,vaginal pain,vaginal_pain,filipino,active
,masakit gid bilat ko gid,vaginal pain,vaginal_pain,filipino,active
,masakit gid bilat ko gid ko,vaginal pain,vaginal_pain,filipino,active
,masakit gid bilat ko ko,vaginal pain,vaginal_pain,filipino,active
,masakit gid bilat ko ko gid,vaginal pain,vaginal_pain,filipino,active
,masakit gid itlog acun,testicular pain,testicular_pain,filipino,active
,masakit gid itlog acun gid,testicular pain,testicular_pain,filipino,active
,masakit gid itlog acun subong,testicular pain,testicular_pain,filipino,active
,masakit gid itlog ako,testicular pain,testicular_pain,filipino,active
,masakit gid itlog akon,testicular pain,testicular_pain,filipino,active
,masakit gid itlog akon gid,testicular pain,testicular_pain,filipino,active
,masakit gid itlog akon subong,testicular pain,testicular_pain,filipino,active
,masakit gid itlog gid ko,testicular pain,testicular_pain,filipino,active
,masakit gid itlog gid ku,testicular pain,testicular_pain,filipino,active
,masakit gid itlog ko,testicular pain,testicular_pain,filipino,active
,masakit gid itlog ko acun,testicular pain,testicular_pain,filipino,active
,masakit gid itlog ko acun gid,testicular pain,testicular_pain,filipino,active
,masakit gid itlog ko acun subong,testicular pain,testicular_pain,filipino,active
,masakit gid itlog ko ako,testicular pain,testicular_pain,filipino,active
,masakit gid itlog ko akon,testicular pain,testicular_pain,filipino,active
,masakit gid itlog ko akon gid,testicular pain,testicular_pain,filipino,active
,masakit gid itlog ko akon subong,testicular pain,testicular_pain,filipino,active
,masakit gid itlog ko gid,testicular pain,testicular_pain,filipino,active
,masakit gid itlog ko gid ko,testicular pain,testicular_pain,filipino,active
,masakit gid itlog ko ko,testicular pain,testicular_pain,filipino,active
,masakit gid itlog ko ko gid,testicular pain,testicular_pain,filipino,active
,masakit gid itlog ku,testicular pain,testicular_pain,filipino,active
,masakit gid itlog ku ako,testicular pain,testicular_pain,filipino,active
,masakit gid itlog ku akon,testicular pain,testicular_pain,filipino,active
,masakit gid itlog ku akon gid,testicular pain,testicular_pain,filipino,active
,masakit gid itlog ku akon subong,testicular pain,testicular_pain,filipino,active
,masakit gid itlog ku gid,testicular pain,testicular_pain,filipino,active
,masakit gid itlog ku gid ko,testicular pain,testicular_pain,filipino,active
,masakit gid itlog ku ko,testicular pain,testicular_pain,filipino,active
,masakit gid itlog ku ko gid,testicular pain,testicular_pain,filipino,active
,masakit gid itlug acun,testicular pain,testicular_pain,filipino,active
,masakit gid itlug acun gid,testicular pain,testicular_pain,filipino,active
,masakit gid itlug acun subong,testicular pain,testicular_pain,filipino,active
,masakit gid itlug ako,testicular pain,testicular_pain,filipino,active
,masakit gid itlug akon,testicular pain,testicular_pain,filipino,active
,masakit gid itlug akon gid,testicular pain,testicular_pain,filipino,active
,masakit gid itlug akon subong,testicular pain,testicular_pain,filipino,active
,masakit gid itlug gid ko,testicular pain,testicular_pain,filipino,active
,masakit gid itlug gid ku,testicular pain,testicular_pain,filipino,active
,masakit gid itlug ko,testicular pain,testicular_pain,filipino,active
,masakit gid itlug ko acun,testicular pain,testicular_pain,filipino,active
,masakit gid itlug ko acun gid,testicular pain,testicular_pain,filipino,active
,masakit gid itlug ko acun subong,testicular pain,testicular_pain,filipino,active
,masakit gid itlug ko ako,testicular pain,testicular_pain,filipino,active
,masakit gid itlug ko akon,testicular pain,testicular_pain,filipino,active
,masakit gid itlug ko akon gid,testicular pain,testicular_pain,filipino,active
,masakit gid itlug ko akon subong,testicular pain,testicular_pain,filipino,active
,masakit gid itlug ko gid,testicular pain,testicular_pain,filipino,active
,masakit gid itlug ko gid ko,testicular pain,testicular_pain,filipino,active
,masakit gid itlug ko ko,testicular pain,testicular_pain,filipino,active
,masakit gid itlug ko ko gid,testicular pain,testicular_pain,filipino,active
,masakit gid itlug ku,testicular pain,testicular_pain,filipino,active
,masakit gid itlug ku ako,testicular pain,testicular_pain,filipino,active
,masakit gid itlug ku akon,testicular pain,testicular_pain,filipino,active
,masakit gid itlug ku akon gid,testicular pain,testicular_pain,filipino,active
,masakit gid itlug ku akon subong,testicular pain,testicular_pain,filipino,active
,masakit gid itlug ku gid,testicular pain,testicular_pain,filipino,active
,masakit gid itlug ku gid ko,testicular pain,testicular_pain,filipino,active
,masakit gid itlug ku ko,testicular pain,testicular_pain,filipino,active
,masakit gid itlug ku ko gid,testicular pain,testicular_pain,filipino,active
,masakit gid kipay ako,vulvar pain,vulvar_pain,filipino,active
,masakit gid kipay akon,vulvar pain,vulvar_pain,filipino,active
,masakit gid kipay akon gid,vulvar pain,vulvar_pain,filipino,active
,masakit gid kipay akon subong,vulvar pain,vulvar_pain,filipino,active
,masakit gid kipay gid ko,vulvar pain,vulvar_pain,filipino,active
,masakit gid kipay ko,vulvar pain,vulvar_pain,filipino,active
,masakit gid kipay ko gid,vulvar pain,vulvar_pain,filipino,active
,masakit gid singit ako,groin pain,groin_pain,filipino,active
,masakit gid singit akon,groin pain,groin_pain,filipino,active
,masakit gid singit akon gid,groin pain,groin_pain,filipino,active
,masakit gid singit akon subong,groin pain,groin_pain,filipino,active
,masakit gid singit gid ko,groin pain,groin_pain,filipino,active
,masakit gid singit ko,groin pain,groin_pain,filipino,active
,masakit gid singit ko gid,groin pain,groin_pain,filipino,active
,masakit ilong akon,nose pain,nose_pain,filipino,active
,masakit ilong gid ko,nose pain,nose_pain,filipino,active
,masakit ilong ko,nose pain,nose_pain,filipino,active
,masakit ilong man,nose pain,nose_pain,filipino,active
,masakit ilong subong,nose pain,nose_pain,filipino,active
,masakit itlog acun,testicular pain,testicular_pain,filipino,active
,masakit itlog acun gid,testicular pain,testicular_pain,filipino,active
,masakit itlog acun subong,testicular pain,testicular_pain,filipino,active
,masakit itlog ako,testicular pain,testicular_pain,filipino,active
,masakit itlog akon,testicular pain,testicular_pain,filipino,active
,masakit itlog akon gid,testicular pain,testicular_pain,filipino,active
,masakit itlog akon subong,testicular pain,testicular_pain,filipino,active
,masakit itlog gid ko,testicular pain,testicular_pain,filipino,active
,masakit itlog gid ku,testicular pain,testicular_pain,filipino,active
,masakit itlog ko,testicular pain,testicular_pain,filipino,active
,masakit itlog ko acun,testicular pain,testicular_pain,filipino,active
,masakit itlog ko acun gid,testicular pain,testicular_pain,filipino,active
,masakit itlog ko acun subong,testicular pain,testicular_pain,filipino,active
,masakit itlog ko ako,testicular pain,testicular_pain,filipino,active
,masakit itlog ko akon,testicular pain,testicular_pain,filipino,active
,masakit itlog ko akon gid,testicular pain,testicular_pain,filipino,active
,masakit itlog ko akon subong,testicular pain,testicular_pain,filipino,active
,masakit itlog ko gid,testicular pain,testicular_pain,filipino,active
,masakit itlog ko gid ko,testicular pain,testicular_pain,filipino,active
,masakit itlog ko ko,testicular pain,testicular_pain,filipino,active
,masakit itlog ko ko gid,testicular pain,testicular_pain,filipino,active
,masakit itlog ku,testicular pain,testicular_pain,filipino,active
,masakit itlog ku ako,testicular pain,testicular_pain,filipino,active
,masakit itlog ku akon,testicular pain,testicular_pain,filipino,active
,masakit itlog ku akon gid,testicular pain,testicular_pain,filipino,active
,masakit itlog ku akon subong,testicular pain,testicular_pain,filipino,active
,masakit itlog ku gid,testicular pain,testicular_pain,filipino,active
,masakit itlog ku gid ko,testicular pain,testicular_pain,filipino,active
,masakit itlog ku ko,testicular pain,testicular_pain,filipino,active
,masakit itlog ku ko gid,testicular pain,testicular_pain,filipino,active
,masakit itlug acun,testicular pain,testicular_pain,filipino,active
,masakit itlug acun gid,testicular pain,testicular_pain,filipino,active
,masakit itlug acun subong,testicular pain,testicular_pain,filipino,active
,masakit itlug ako,testicular pain,testicular_pain,filipino,active
,masakit itlug akon,testicular pain,testicular_pain,filipino,active
,masakit itlug akon gid,testicular pain,testicular_pain,filipino,active
,masakit itlug akon subong,testicular pain,testicular_pain,filipino,active
,masakit itlug gid ko,testicular pain,testicular_pain,filipino,active
,masakit itlug gid ku,testicular pain,testicular_pain,filipino,active
,masakit itlug ko,testicular pain,testicular_pain,filipino,active
,masakit itlug ko acun,testicular pain,testicular_pain,filipino,active
,masakit itlug ko acun gid,testicular pain,testicular_pain,filipino,active
,masakit itlug ko acun subong,testicular pain,testicular_pain,filipino,active
,masakit itlug ko ako,testicular pain,testicular_pain,filipino,active
,masakit itlug ko akon,testicular pain,testicular_pain,filipino,active
,masakit itlug ko akon gid,testicular pain,testicular_pain,filipino,active
,masakit itlug ko akon subong,testicular pain,testicular_pain,filipino,active
,masakit itlug ko gid,testicular pain,testicular_pain,filipino,active
,masakit itlug ko gid ko,testicular pain,testicular_pain,filipino,active
,masakit itlug ko ko,testicular pain,testicular_pain,filipino,active
,masakit itlug ko ko gid,testicular pain,testicular_pain,filipino,active
,masakit itlug ku,testicular pain,testicular_pain,filipino,active
,masakit itlug ku ako,testicular pain,testicular_pain,filipino,active
,masakit itlug ku akon,testicular pain,testicular_pain,filipino,active
,masakit itlug ku akon gid,testicular pain,testicular_pain,filipino,active
,masakit itlug ku akon subong,testicular pain,testicular_pain,filipino,active
,masakit itlug ku gid,testicular pain,testicular_pain,filipino,active
,masakit itlug ku gid ko,testicular pain,testicular_pain,filipino,active
,masakit itlug ku ko,testicular pain,testicular_pain,filipino,active
,masakit itlug ku ko gid,testicular pain,testicular_pain,filipino,active
,masakit kamot akon,hand pain,hand_pain,filipino,active
,masakit kamot gid ko,hand pain,hand_pain,filipino,active
,masakit kamot ko,hand pain,hand_pain,filipino,active
,masakit kamot man,hand pain,hand_pain,filipino,active
,masakit kamot subong,hand pain,hand_pain,filipino,active
,masakit katawan,body pain,body_pain,filipino,active
,masakit kipay ako,vulvar pain,vulvar_pain,filipino,active
,masakit kipay akon,vulvar pain,vulvar_pain,filipino,active
,masakit kipay akon gid,vulvar pain,vulvar_pain,filipino,active
,masakit kipay akon subong,vulvar pain,vulvar_pain,filipino,active
,masakit kipay gid ko,vulvar pain,vulvar_pain,filipino,active
,masakit kipay ko,vulvar pain,vulvar_pain,filipino,active
,masakit kipay ko gid,vulvar pain,vulvar_pain,filipino,active
,masakit kon maglihok abaga ako,shoulder pain,shoulder_pain,filipino,active
,masakit kon maglihok abaga akon,shoulder pain,shoulder_pain,filipino,active
,masakit kon maglihok abaga akon gid,shoulder pain,shoulder_pain,filipino,active
,masakit kon maglihok abaga akon subong,shoulder pain,shoulder_pain,filipino,active
,masakit kon maglihok abaga ko,shoulder pain,shoulder_pain,filipino,active
,masakit kon maglihok abaga ko gid,shoulder pain,shoulder_pain,filipino,active
,masakit kon maglihok abaga ko man,shoulder pain,shoulder_pain,filipino,active
,masakit kon maglihok baywang ako,waist pain,waist_pain,filipino,active
,masakit kon maglihok baywang akon,waist pain,waist_pain,filipino,active
,masakit kon maglihok baywang akon gid,waist pain,waist_pain,filipino,active
,masakit kon maglihok baywang akon subong,waist pain,waist_pain,filipino,active
,masakit kon maglihok baywang ko,waist pain,waist_pain,filipino,active
,masakit kon maglihok baywang ko gid,waist pain,waist_pain,filipino,active
,masakit kon maglihok baywang ko man,waist pain,waist_pain,filipino,active
,masakit kon maglihok likod ako,back pain,back_pain,filipino,active
,masakit kon maglihok likod akon,back pain,back_pain,filipino,active
,masakit kon maglihok likod akon gid,back pain,back_pain,filipino,active
,masakit kon maglihok likod akon subong,back pain,back_pain,filipino,active
,masakit kon maglihok likod ko,back pain,back_pain,filipino,active
,masakit kon maglihok likod ko gid,back pain,back_pain,filipino,active
,masakit kon maglihok likod ko man,back pain,back_pain,filipino,active
,masakit kon maglihok liog ako,neck pain,neck_pain,filipino,active
,masakit kon maglihok liog akon,neck pain,neck_pain,filipino,active
,masakit kon maglihok liog akon gid,neck pain,neck_pain,filipino,active
,masakit kon maglihok liog akon subong,neck pain,neck_pain,filipino,active
,masakit kon maglihok liog ko,neck pain,neck_pain,filipino,active
,masakit kon maglihok liog ko gid,neck pain,neck_pain,filipino,active
,masakit kon maglihok liog ko man,neck pain,neck_pain,filipino,active
,masakit kon maglihok siko ako,elbow pain,elbow_pain,filipino,active
,masakit kon maglihok siko akon,elbow pain,elbow_pain,filipino,active
,masakit kon maglihok siko akon gid,elbow pain,elbow_pain,filipino,active
,masakit kon maglihok siko akon subong,elbow pain,elbow_pain,filipino,active
,masakit kon maglihok siko ko,elbow pain,elbow_pain,filipino,active
,masakit kon maglihok siko ko gid,elbow pain,elbow_pain,filipino,active
,masakit kon maglihok siko ko man,elbow pain,elbow_pain,filipino,active
,masakit kon maglihok tikod ako,heel pain,heel_pain,filipino,active
,masakit kon maglihok tikod akon,heel pain,heel_pain,filipino,active
,masakit kon maglihok tikod akon gid,heel pain,heel_pain,filipino,active
,masakit kon maglihok tikod akon subong,heel pain,heel_pain,filipino,active
,masakit kon maglihok tikod ko,heel pain,heel_pain,filipino,active
,masakit kon maglihok tikod ko gid,heel pain,heel_pain,filipino,active
,masakit kon maglihok tikod ko man,heel pain,heel_pain,filipino,active
,masakit kon maglihok tungtong ako,ankle pain,ankle_pain,filipino,active
,masakit kon maglihok tungtong akon,ankle pain,ankle_pain,filipino,active
,masakit kon maglihok tungtong akon gid,ankle pain,ankle_pain,filipino,active
,masakit kon maglihok tungtong akon subong,ankle pain,ankle_pain,filipino,active
,masakit kon maglihok tungtong ko,ankle pain,ankle_pain,filipino,active
,masakit kon maglihok tungtong ko gid,ankle pain,ankle_pain,filipino,active
,masakit kon maglihok tungtong ko man,ankle pain,ankle_pain,filipino,active
,masakit kuko akon,nail pain,nail_pain,filipino,active
,masakit kuko gid ko,nail pain,nail_pain,filipino,active
,masakit kuko ko,nail pain,nail_pain,filipino,active
,masakit kuko man,nail pain,nail_pain,filipino,active
,masakit kuko subong,nail pain,nail_pain,filipino,active
,masakit lawas akon,body pain,body_pain,filipino,active
,masakit lawas gid ko,body pain,body_pain,filipino,active
,masakit lawas ko,body pain,body_pain,filipino,active
,masakit lawas man,body pain,body_pain,filipino,active
,masakit lawas subong,body pain,body_pain,filipino,active
,masakit lawi akon,nape pain,nape_pain,filipino,active
,masakit lawi gid ko,nape pain,nape_pain,filipino,active
,masakit lawi ko,nape pain,nape_pain,filipino,active
,masakit lawi man,nape pain,nape_pain,filipino,active
,masakit lawi subong,nape pain,nape_pain,filipino,active
,masakit likod ako,back pain,back_pain,filipino,active
,masakit likod akon,back pain,back_pain,filipino,active
,masakit likod akon gid,back pain,back_pain,filipino,active
,masakit likod akon subong,back pain,back_pain,filipino,active
,masakit likod gid ko,back pain,back_pain,filipino,active
,masakit likod ko,back pain,back_pain,filipino,active
,masakit likod ko gid,back pain,back_pain,filipino,active
,masakit likod ko man,back pain,back_pain,filipino,active
,masakit likod man,back pain,back_pain,filipino,active
,masakit likod subong,back pain,back_pain,filipino,active
,masakit liog ako,neck pain,neck_pain,filipino,active
,masakit liog akon,neck pain,neck_pain,filipino,active
,masakit liog akon gid,neck pain,neck_pain,filipino,active
,masakit liog akon subong,neck pain,neck_pain,filipino,active
,masakit liog gid ko,neck pain,neck_pain,filipino,active
,masakit liog ko,neck pain,neck_pain,filipino,active
,masakit liog ko gid,neck pain,neck_pain,filipino,active
,masakit liog ko man,neck pain,neck_pain,filipino,active
,masakit liog man,neck pain,neck_pain,filipino,active
,masakit liog subong,neck pain,neck_pain,filipino,active
,masakit mag-ihi,urinary tract infection,urinary_tract_infection,filipino,active
,masakit mag-ihi ko,painful urination,painful_urination,filipino,active
,masakit mata ako,eye pain,eye_pain,filipino,active
,masakit mata akon,eye pain,eye_pain,filipino,active
,masakit mata akon gid,eye pain,eye_pain,filipino,active
,masakit mata akon subong,eye pain,eye_pain,filipino,active
,masakit mata gid ko,eye pain,eye_pain,filipino,active
,masakit mata ko,eye pain,eye_pain,filipino,active
,masakit mata ko ako,eye pain,eye_pain,filipino,active
,masakit mata ko akon,eye pain,eye_pain,filipino,active
,masakit mata ko akon gid,eye pain,eye_pain,filipino,active
,masakit mata ko akon subong,eye pain,eye_pain,filipino,active
,masakit mata ko gid,eye pain,eye_pain,filipino,active
,masakit mata ko gid ako,eye pain,eye_pain,filipino,active
,masakit mata ko gid akon,eye pain,eye_pain,filipino,active
,masakit mata ko gid akon gid,eye pain,eye_pain,filipino,active
,masakit mata ko gid akon subong,eye pain,eye_pain,filipino,active
,masakit mata ko gid ko,eye pain,eye_pain,filipino,active
,masakit mata ko gid ko gid,eye pain,eye_pain,filipino,active
,masakit mata ko gid ko man,eye pain,eye_pain,filipino,active
,masakit mata ko ko,eye pain,eye_pain,filipino,active
,masakit mata ko ko gid,eye pain,eye_pain,filipino,active
,masakit mata ko ko man,eye pain,eye_pain,filipino,active
,masakit mata ko man,eye pain,eye_pain,filipino,active
,masakit mata man,eye pain,eye_pain,filipino,active
,masakit mata subong,eye pain,eye_pain,filipino,active
,masakit ngipon akon,tooth pain,tooth_pain,filipino,active
,masakit ngipon gid ko,tooth pain,tooth_pain,filipino,active
,masakit ngipon ko,tooth pain,tooth_pain,filipino,active
,masakit ngipon man,tooth pain,tooth_pain,filipino,active
,masakit ngipon subong,tooth pain,tooth_pain,filipino,active
,masakit olok ako,head pain,head_pain,filipino,active
,masakit olok akon,head pain,head_pain,filipino,active
,masakit olok akon gid,head pain,head_pain,filipino,active
,masakit olok akon subong,head pain,head_pain,filipino,active
,masakit olok ko,head pain,head_pain,filipino,active
,masakit olok ko gid,head pain,head_pain,filipino,active
,masakit olok ko man,head pain,head_pain,filipino,active
,masakit paa akon,foot pain,foot_pain,filipino,active
,masakit paa gid ko,foot pain,foot_pain,filipino,active
,masakit paa ko,foot pain,foot_pain,filipino,active
,masakit paa man,foot pain,foot_pain,filipino,active
,masakit paa subong,foot pain,foot_pain,filipino,active
,masakit pag-ihi kag masakit bilat ko,uti symptoms,uti_symptoms,filipino,active
,masakit pag-ihi ko,painful urination,painful_urination,filipino,active
,masakit pag-ihi ko kag may nana sa bilat ko,urinary tract infection,urinary_tract_infection,filipino,active
,masakit pag-ihi ko sa bilat,painful urination with vaginal pain,painful_urination_with_vaginal_pain,filipino,active
,masakit paglamon ko,painful swallowing,painful_swallowing,filipino,active
,masakit paglihok abaga ako,shoulder pain,shoulder_pain,filipino,active
,masakit paglihok abaga akon,shoulder pain,shoulder_pain,filipino,active
,masakit paglihok abaga akon gid,shoulder pain,shoulder_pain,filipino,active
,masakit paglihok abaga akon subong,shoulder pain,shoulder_pain,filipino,active
,masakit paglihok abaga ko,shoulder pain,shoulder_pain,filipino,active
,masakit paglihok abaga ko gid,shoulder pain,shoulder_pain,filipino,active
,masakit paglihok abaga ko man,shoulder pain,shoulder_pain,filipino,active
,masakit paglihok baywang ako,waist pain,waist_pain,filipino,active
,masakit paglihok baywang akon,waist pain,waist_pain,filipino,active
,masakit paglihok baywang akon gid,waist pain,waist_pain,filipino,active
,masakit paglihok baywang akon subong,waist pain,waist_pain,filipino,active
,masakit paglihok baywang ko,waist pain,waist_pain,filipino,active
,masakit paglihok baywang ko gid,waist pain,waist_pain,filipino,active
,masakit paglihok baywang ko man,waist pain,waist_pain,filipino,active
,masakit paglihok likod ako,back pain,back_pain,filipino,active
,masakit paglihok likod akon,back pain,back_pain,filipino,active
,masakit paglihok likod akon gid,back pain,back_pain,filipino,active
,masakit paglihok likod akon subong,back pain,back_pain,filipino,active
,masakit paglihok likod ko,back pain,back_pain,filipino,active
,masakit paglihok likod ko gid,back pain,back_pain,filipino,active
,masakit paglihok likod ko man,back pain,back_pain,filipino,active
,masakit paglihok liog ako,neck pain,neck_pain,filipino,active
,masakit paglihok liog akon,neck pain,neck_pain,filipino,active
,masakit paglihok liog akon gid,neck pain,neck_pain,filipino,active
,masakit paglihok liog akon subong,neck pain,neck_pain,filipino,active
,masakit paglihok liog ko,neck pain,neck_pain,filipino,active
,masakit paglihok liog ko gid,neck pain,neck_pain,filipino,active
,masakit paglihok liog ko man,neck pain,neck_pain,filipino,active
,masakit paglihok siko ako,elbow pain,elbow_pain,filipino,active
,masakit paglihok siko akon,elbow pain,elbow_pain,filipino,active
,masakit paglihok siko akon gid,elbow pain,elbow_pain,filipino,active
,masakit paglihok siko akon subong,elbow pain,elbow_pain,filipino,active
,masakit paglihok siko ko,elbow pain,elbow_pain,filipino,active
,masakit paglihok siko ko gid,elbow pain,elbow_pain,filipino,active
,masakit paglihok siko ko man,elbow pain,elbow_pain,filipino,active
,masakit paglihok tikod ako,heel pain,heel_pain,filipino,active
,masakit paglihok tikod akon,heel pain,heel_pain,filipino,active
,masakit paglihok tikod akon gid,heel pain,heel_pain,filipino,active
,masakit paglihok tikod akon subong,heel pain,heel_pain,filipino,active
,masakit paglihok tikod ko,heel pain,heel_pain,filipino,active
,masakit paglihok tikod ko gid,heel pain,heel_pain,filipino,active
,masakit paglihok tikod ko man,heel pain,heel_pain,filipino,active
,masakit paglihok tungtong ako,ankle pain,ankle_pain,filipino,active
,masakit paglihok tungtong akon,ankle pain,ankle_pain,filipino,active
,masakit paglihok tungtong akon gid,ankle pain,ankle_pain,filipino,active
,masakit paglihok tungtong akon subong,ankle pain,ankle_pain,filipino,active
,masakit paglihok tungtong ko,ankle pain,ankle_pain,filipino,active
,masakit paglihok tungtong ko gid,ankle pain,ankle_pain,filipino,active
,masakit paglihok tungtong ko man,ankle pain,ankle_pain,filipino,active
,masakit pilas akon,wound pain,wound_pain,filipino,active
,masakit pilas gid ko,wound pain,wound_pain,filipino,active
,masakit pilas ko,wound pain,wound_pain,filipino,active
,masakit pilas man,wound pain,wound_pain,filipino,active
,masakit pilas subong,wound pain,wound_pain,filipino,active
,masakit pisngi akon,cheek pain,cheek_pain,filipino,active
,masakit pisngi gid ko,cheek pain,cheek_pain,filipino,active
,masakit pisngi ko,cheek pain,cheek_pain,filipino,active
,masakit pisngi man,cheek pain,cheek_pain,filipino,active
,masakit pisngi subong,cheek pain,cheek_pain,filipino,active
,masakit siko ako,elbow pain,elbow_pain,filipino,active
,masakit siko akon,elbow pain,elbow_pain,filipino,active
,masakit siko akon gid,elbow pain,elbow_pain,filipino,active
,masakit siko akon subong,elbow pain,elbow_pain,filipino,active
,masakit siko gid ko,elbow pain,elbow_pain,filipino,active
,masakit siko ko,elbow pain,elbow_pain,filipino,active
,masakit siko ko gid,elbow pain,elbow_pain,filipino,active
,masakit siko ko man,elbow pain,elbow_pain,filipino,active
,masakit siko man,elbow pain,elbow_pain,filipino,active
,masakit siko subong,elbow pain,elbow_pain,filipino,active
,masakit singit ako,groin pain,groin_pain,filipino,active
,masakit singit akon,groin pain,groin_pain,filipino,active
,masakit singit akon gid,groin pain,groin_pain,filipino,active
,masakit singit akon subong,groin pain,groin_pain,filipino,active
,masakit singit gid ko,groin pain,groin_pain,filipino,active
,masakit singit ko,groin pain,groin_pain,filipino,active
,masakit singit ko gid,groin pain,groin_pain,filipino,active
,masakit tadlong akon,forearm pain,forearm_pain,filipino,active
,masakit tadlong gid ko,forearm pain,forearm_pain,filipino,active
,masakit tadlong ko,forearm pain,forearm_pain,filipino,active
,masakit tadlong man,forearm pain,forearm_pain,filipino,active
,masakit tadlong subong,forearm pain,forearm_pain,filipino,active
,masakit tagipusuon akon,heart pain,heart_pain,filipino,active
,masakit tagipusuon gid ko,heart pain,heart_pain,filipino,active
,masakit tagipusuon ko,heart pain,heart_pain,filipino,active
,masakit tagipusuon man,heart pain,heart_pain,filipino,active
,masakit tagipusuon subong,heart pain,heart_pain,filipino,active
,masakit tai akon,buttocks pain,buttocks_pain,filipino,active
,masakit tai gid ko,buttocks pain,buttocks_pain,filipino,active
,masakit tai ko,buttocks pain,buttocks_pain,filipino,active
,masakit tai man,buttocks pain,buttocks_pain,filipino,active
,masakit tai subong,buttocks pain,buttocks_pain,filipino,active
,masakit tiil akon,foot pain,foot_pain,filipino,active
,masakit tiil gid ko,foot pain,foot_pain,filipino,active
,masakit tiil ko,foot pain,foot_pain,filipino,active
,masakit tiil man,foot pain,foot_pain,filipino,active
,masakit tiil subong,foot pain,foot_pain,filipino,active
,masakit tikod ako,heel pain,heel_pain,filipino,active
,masakit tikod akon,heel pain,heel_pain,filipino,active
,masakit tikod akon gid,heel pain,heel_pain,filipino,active
,masakit tikod akon subong,heel pain,heel_pain,filipino,active
,masakit tikod gid ko,heel pain,heel_pain,filipino,active
,masakit tikod ko,heel pain,heel_pain,filipino,active
,masakit tikod ko gid,heel pain,heel_pain,filipino,active
,masakit tikod ko man,heel pain,heel_pain,filipino,active
,masakit tikod man,heel pain,heel_pain,filipino,active
,masakit tikod subong,heel pain,heel_pain,filipino,active
,masakit tina-i ako,abdominal pain,abdominal_pain,filipino,active
,masakit tina-i akon,abdominal pain,abdominal_pain,filipino,active
,masakit tina-i akon gid,abdominal pain,abdominal_pain,filipino,active
,masakit tina-i akon subong,abdominal pain,abdominal_pain,filipino,active
,masakit tina-i ko,abdominal pain,abdominal_pain,filipino,active
,masakit tina-i ko gid,abdominal pain,abdominal_pain,filipino,active
,masakit tina-i ko man,abdominal pain,abdominal_pain,filipino,active
,masakit titi akon,breast pain,breast_pain,filipino,active
,masakit titi gid ko,breast pain,breast_pain,filipino,active
,masakit titi ko,breast pain,breast_pain,filipino,active
,masakit titi man,breast pain,breast_pain,filipino,active
,masakit titi subong,breast pain,breast_pain,filipino,active
,masakit tiyan,stomach pain,stomach_pain,filipino,active
,masakit tiyan ako,abdominal pain,abdominal_pain,filipino,active
,masakit tiyan akon,abdominal pain,abdominal_pain,filipino,active
,masakit tiyan akon gid,abdominal pain,abdominal_pain,filipino,active
,masakit tiyan akon subong,abdominal pain,abdominal_pain,filipino,active
,masakit tiyan gid ko,abdominal pain,abdominal_pain,filipino,active
,masakit tiyan ko,abdominal pain,abdominal_pain,filipino,active
,masakit tiyan ko ako,abdominal pain,abdominal_pain,filipino,active
,masakit tiyan ko akon,abdominal pain,abdominal_pain,filipino,active
,masakit tiyan ko akon gid,abdominal pain,abdominal_pain,filipino,active
,masakit tiyan ko akon subong,abdominal pain,abdominal_pain,filipino,active
,masakit tiyan ko gid,abdominal pain,abdominal_pain,filipino,active
,masakit tiyan ko ko,abdominal pain,abdominal_pain,filipino,active
,masakit tiyan ko ko gid,abdominal pain,abdominal_pain,filipino,active
,masakit tiyan ko ko man,abdominal pain,abdominal_pain,filipino,active
,masakit tiyan ko man,abdominal pain,abdominal_pain,filipino,active
,masakit tiyan ko nga burod,pregnancy abdominal pain,pregnancy_abdominal_pain,filipino,active
,masakit tiyan man,abdominal pain,abdominal_pain,filipino,active
,masakit tiyan pagkaon,gastritis,gastritis,filipino,active
,masakit tiyan subong,abdominal pain,abdominal_pain,filipino,active
,masakit tudlo akon,finger pain,finger_pain,filipino,active
,masakit tudlo gid ko,finger pain,finger_pain,filipino,active
,masakit tudlo ko,finger pain,finger_pain,filipino,active
,masakit tudlo man,finger pain,finger_pain,filipino,active
,masakit tudlo subong,finger pain,finger_pain,filipino,active
,masakit tuhod ako,knee pain,knee_pain,filipino,active
,masakit tuhod akon,knee pain,knee_pain,filipino,active
,masakit tuhod akon gid,knee pain,knee_pain,filipino,active
,masakit tuhod akon subong,knee pain,knee_pain,filipino,active
,masakit tuhod gid ko,knee pain,knee_pain,filipino,active
,masakit tuhod ko,knee pain,knee_pain,filipino,active
,masakit tuhod ko gid,knee pain,knee_pain,filipino,active
,masakit tuhod ko man,knee pain,knee_pain,filipino,active
,masakit tuhod man,knee pain,knee_pain,filipino,active
,masakit tuhod subong,knee pain,knee_pain,filipino,active
,masakit tungod akon,throat pain,throat_pain,filipino,active
,masakit tungod gid ko,throat pain,throat_pain,filipino,active
,masakit tungod ko,throat pain,throat_pain,filipino,active
,masakit tungod man,throat pain,throat_pain,filipino,active
,masakit tungod subong,throat pain,throat_pain,filipino,active
,masakit tungtong ako,ankle pain,ankle_pain,filipino,active
,masakit tungtong akon,ankle pain,ankle_pain,filipino,active
,masakit tungtong akon gid,ankle pain,ankle_pain,filipino,active
,masakit tungtong akon subong,ankle pain,ankle_pain,filipino,active
,masakit tungtong gid ko,ankle pain,ankle_pain,filipino,active
,masakit tungtong ko,ankle pain,ankle_pain,filipino,active
,masakit tungtong ko gid,ankle pain,ankle_pain,filipino,active
,masakit tungtong ko man,ankle pain,ankle_pain,filipino,active
,masakit tungtong man,ankle pain,ankle_pain,filipino,active
,masakit tungtong subong,ankle pain,ankle_pain,filipino,active
,masakit tutunlan,sore throat,sore_throat,filipino,active
,masakit ulo ako,head pain,head_pain,filipino,active
,masakit ulo akon,head pain,head_pain,filipino,active
,masakit ulo akon gid,head pain,head_pain,filipino,active
,masakit ulo akon subong,head pain,head_pain,filipino,active
,masakit ulo gid ko,head pain,head_pain,filipino,active
,masakit ulo ko,head pain,head_pain,filipino,active
,masakit ulo ko ako,head pain,head_pain,filipino,active
,masakit ulo ko akon,head pain,head_pain,filipino,active
,masakit ulo ko akon gid,head pain,head_pain,filipino,active
,masakit ulo ko akon subong,head pain,head_pain,filipino,active
,masakit ulo ko gid,head pain,head_pain,filipino,active
,masakit ulo ko ko,head pain,head_pain,filipino,active
,masakit ulo ko ko gid,head pain,head_pain,filipino,active
,masakit ulo ko ko man,head pain,head_pain,filipino,active
,masakit ulo ko man,head pain,head_pain,filipino,active
,masakit ulo man,head pain,head_pain,filipino,active
,masakit ulo subong,head pain,head_pain,filipino,active
,masakit utok akon,brain pain,brain_pain,filipino,active
,masakit utok gid ko,brain pain,brain_pain,filipino,active
,masakit utok ko,brain pain,brain_pain,filipino,active
,masakit utok man,brain pain,brain_pain,filipino,active
,masakit utok subong,brain pain,brain_pain,filipino,active
,mataas ang asukal ko,hyperglycemia,hyperglycemia,filipino,active
,may alerdyi ako,allergy,allergy,filipino,active
,may alerdyi ko sa tambal,drug allergy,drug_allergy,filipino,active
,may allergy,allergy,allergy,filipino,active
,may allergy ako sa,allergy,allergy,filipino,active
,may alta presyon,hypertension,hypertension,filipino,active
,may alta presyon ako,hypertension,hypertension,filipino,active
,may anak sa tiyan,pregnancy,pregnancy,filipino,active
,may anemia ako,anemia,anemia,filipino,active
,may anxiety ako,anxiety disorder,anxiety_disorder,filipino,active
,may asma,asthma,asthma,filipino,active
,may asma ako,asthma,asthma,filipino,active
,may asthma ako,asthma,asthma,filipino,active
,may baras sa balat ko,skin rash,skin_rash,filipino,active
,may barog ilong ko,nasal congestion,nasal_congestion,filipino,active
,may black eye ako,black eye,black_eye,filipino,active
,may black eye ko,black eye,black_eye,filipino,active
,may bukol,mass,mass,filipino,active
,may bukol akon ari,penile lump,penile_lump,filipino,active
,may bukol akon ari ko,penile lump,penile_lump,filipino,active
,may bukol akon ary,penile lump,penile_lump,filipino,active
,may bukol akon ary ko,penile lump,penile_lump,filipino,active
,may bukol akon bilad,vaginal lump,vaginal_lump,filipino,active
,may bukol akon bilad ko,vaginal lump,vaginal_lump,filipino,active
,may bukol akon bilat,vaginal lump,vaginal_lump,filipino,active
,may bukol akon bilat ko,vaginal lump,vaginal_lump,filipino,active
,may bukol akon itlog,testicular lump,testicular_lump,filipino,active
,may bukol akon itlog ko,testicular lump,testicular_lump,filipino,active
,may bukol akon itlug,testicular lump,testicular_lump,filipino,active
,may bukol akon itlug ko,testicular lump,testicular_lump,filipino,active
,may bukol akon singit,groin lump,groin_lump,filipino,active
,may bukol ari akon,penile lump,penile_lump,filipino,active
,may bukol ari ko,penile lump,penile_lump,filipino,active
,may bukol ari ko akon,penile lump,penile_lump,filipino,active
,may bukol ari ko ko,penile lump,penile_lump,filipino,active
,may bukol ary akon,penile lump,penile_lump,filipino,active
,may bukol ary ko,penile lump,penile_lump,filipino,active
,may bukol ary ko akon,penile lump,penile_lump,filipino,active
,may bukol ary ko ko,penile lump,penile_lump,filipino,active
,may bukol bilad akon,vaginal lump,vaginal_lump,filipino,active
,may bukol bilad ko,vaginal lump,vaginal_lump,filipino,active
,may bukol bilad ko akon,vaginal lump,vaginal_lump,filipino,active
,may bukol bilad ko ko,vaginal lump,vaginal_lump,filipino,active
,may bukol bilat akon,vaginal lump,vaginal_lump,filipino,active
,may bukol bilat ko,vaginal lump,vaginal_lump,filipino,active
,may bukol bilat ko akon,vaginal lump,vaginal_lump,filipino,active
,may bukol bilat ko ko,vaginal lump,vaginal_lump,filipino,active
,may bukol itlog akon,testicular lump,testicular_lump,filipino,active
,may bukol itlog ko,testicular lump,testicular_lump,filipino,active
,may bukol itlog ko akon,testicular lump,testicular_lump,filipino,active
,may bukol itlog ko ko,testicular lump,testicular_lump,filipino,active
,may bukol itlug akon,testicular lump,testicular_lump,filipino,active
,may bukol itlug ko,testicular lump,testicular_lump,filipino,active
,may bukol itlug ko akon,testicular lump,testicular_lump,filipino,active
,may bukol itlug ko ko,testicular lump,testicular_lump,filipino,active
,may bukol ko sa akon ari,penile lump,penile_lump,filipino,active
,may bukol ko sa akon ari ko,penile lump,penile_lump,filipino,active
,may bukol ko sa akon ary,penile lump,penile_lump,filipino,active
,may bukol ko sa akon ary ko,penile lump,penile_lump,filipino,active
,may bukol ko sa akon bilad,vaginal lump,vaginal_lump,filipino,active
,may bukol ko sa akon bilad ko,vaginal lump,vaginal_lump,filipino,active
,may bukol ko sa akon bilat,vaginal lump,vaginal_lump,filipino,active
,may bukol ko sa akon bilat ko,vaginal lump,vaginal_lump,filipino,active
,may bukol ko sa akon itlog,testicular lump,testicular_lump,filipino,active
,may bukol ko sa akon itlog ko,testicular lump,testicular_lump,filipino,active
,may bukol ko sa akon itlug,testicular lump,testicular_lump,filipino,active
,may bukol ko sa akon itlug ko,testicular lump,testicular_lump,filipino,active
,may bukol ko sa akon singit,groin lump,groin_lump,filipino,active
,may bukol ko sa ari akon,penile lump,penile_lump,filipino,active
,may bukol ko sa ari ko,penile lump,penile_lump,filipino,active
,may bukol ko sa ari ko akon,penile lump,penile_lump,filipino,active
,may bukol ko sa ari ko ko,penile lump,penile_lump,filipino,active
,may bukol ko sa ary akon,penile lump,penile_lump,filipino,active
,may bukol ko sa ary ko,penile lump,penile_lump,filipino,active
,may bukol ko sa ary ko akon,penile lump,penile_lump,filipino,active
,may bukol ko sa ary ko ko,penile lump,penile_lump,filipino,active
,may bukol ko sa bilad akon,vaginal lump,vaginal_lump,filipino,active
,may bukol ko sa bilad ko,vaginal lump,vaginal_lump,filipino,active
,may bukol ko sa bilad ko akon,vaginal lump,vaginal_lump,filipino,active
,may bukol ko sa bilad ko ko,vaginal lump,vaginal_lump,filipino,active
,may bukol ko sa bilat,vaginal lump,vaginal_lump,filipino,active
,may bukol ko sa bilat akon,vaginal lump,vaginal_lump,filipino,active
,may bukol ko sa bilat ko,vaginal lump,vaginal_lump,filipino,active
,may bukol ko sa bilat ko akon,vaginal lump,vaginal_lump,filipino,active
,may bukol ko sa bilat ko ko,vaginal lump,vaginal_lump,filipino,active
,may bukol ko sa itlog akon,testicular lump,testicular_lump,filipino,active
,may bukol ko sa itlog ko,testicular lump,testicular_lump,filipino,active
,may bukol ko sa itlog ko akon,testicular lump,testicular_lump,filipino,active
,may bukol ko sa itlog ko ko,testicular lump,testicular_lump,filipino,active
,may bukol ko sa itlug akon,testicular lump,testicular_lump,filipino,active
,may bukol ko sa itlug ko,testicular lump,testicular_lump,filipino,active
,may bukol ko sa itlug ko akon,testicular lump,testicular_lump,filipino,active
,may bukol ko sa itlug ko ko,testicular lump,testicular_lump,filipino,active
,may bukol ko sa singit akon,groin lump,groin_lump,filipino,active
,may bukol ko sa singit ko,groin lump,groin_lump,filipino,active
,may bukol sa akon akon ari,penile lump,penile_lump,filipino,active
,may bukol sa akon akon ari ko,penile lump,penile_lump,filipino,active
,may bukol sa akon akon ary,penile lump,penile_lump,filipino,active
,may bukol sa akon akon ary ko,penile lump,penile_lump,filipino,active
,may bukol sa akon akon bilad,vaginal lump,vaginal_lump,filipino,active
,may bukol sa akon akon bilad ko,vaginal lump,vaginal_lump,filipino,active
,may bukol sa akon akon bilat,vaginal lump,vaginal_lump,filipino,active
,may bukol sa akon akon bilat ko,vaginal lump,vaginal_lump,filipino,active
,may bukol sa akon akon itlog,testicular lump,testicular_lump,filipino,active
,may bukol sa akon akon itlog ko,testicular lump,testicular_lump,filipino,active
,may bukol sa akon akon itlug,testicular lump,testicular_lump,filipino,active
,may bukol sa akon akon itlug ko,testicular lump,testicular_lump,filipino,active
,may bukol sa akon akon singit,groin lump,groin_lump,filipino,active
,may bukol sa akon ari,penile lump,penile_lump,filipino,active
,may bukol sa akon ari akon,penile lump,penile_lump,filipino,active
,may bukol sa akon ari ko,penile lump,penile_lump,filipino,active
,may bukol sa akon ari ko akon,penile lump,penile_lump,filipino,active
,may bukol sa akon ari ko ko,penile lump,penile_lump,filipino,active
,may bukol sa akon ary,penile lump,penile_lump,filipino,active
,may bukol sa akon ary akon,penile lump,penile_lump,filipino,active
,may bukol sa akon ary ko,penile lump,penile_lump,filipino,active
,may bukol sa akon ary ko akon,penile lump,penile_lump,filipino,active
,may bukol sa akon ary ko ko,penile lump,penile_lump,filipino,active
,may bukol sa akon bilad,vaginal lump,vaginal_lump,filipino,active
,may bukol sa akon bilad akon,vaginal lump,vaginal_lump,filipino,active
,may bukol sa akon bilad ko,vaginal lump,vaginal_lump,filipino,active
,may bukol sa akon bilad ko akon,vaginal lump,vaginal_lump,filipino,active
,may bukol sa akon bilad ko ko,vaginal lump,vaginal_lump,filipino,active
,may bukol sa akon bilat,vaginal lump,vaginal_lump,filipino,active
,may bukol sa akon bilat akon,vaginal lump,vaginal_lump,filipino,active
,may bukol sa akon bilat ko,vaginal lump,vaginal_lump,filipino,active
,may bukol sa akon bilat ko akon,vaginal lump,vaginal_lump,filipino,active
,may bukol sa akon bilat ko ko,vaginal lump,vaginal_lump,filipino,active
,may bukol sa akon itlog,testicular lump,testicular_lump,filipino,active
,may bukol sa akon itlog akon,testicular lump,testicular_lump,filipino,active
,may bukol sa akon itlog ko,testicular lump,testicular_lump,filipino,active
,may bukol sa akon itlog ko akon,testicular lump,testicular_lump,filipino,active
,may bukol sa akon itlog ko ko,testicular lump,testicular_lump,filipino,active
,may bukol sa akon itlug,testicular lump,testicular_lump,filipino,active
,may bukol sa akon itlug akon,testicular lump,testicular_lump,filipino,active
,may bukol sa akon itlug ko,testicular lump,testicular_lump,filipino,active
,may bukol sa akon itlug ko akon,testicular lump,testicular_lump,filipino,active
,may bukol sa akon itlug ko ko,testicular lump,testicular_lump,filipino,active
,may bukol sa akon singit,groin lump,groin_lump,filipino,active
,may bukol sa akon singit akon,groin lump,groin_lump,filipino,active
,may bukol sa akon singit ko,groin lump,groin_lump,filipino,active
,may bukol sa ari akon,penile lump,penile_lump,filipino,active
,may bukol sa ari ko,penile lump,penile_lump,filipino,active
,may bukol sa ari ko akon,penile lump,penile_lump,filipino,active
,may bukol sa ari ko ko,penile lump,penile_lump,filipino,active
,may bukol sa ary akon,penile lump,penile_lump,filipino,active
,may bukol sa ary ko,penile lump,penile_lump,filipino,active
,may bukol sa ary ko akon,penile lump,penile_lump,filipino,active
,may bukol sa ary ko ko,penile lump,penile_lump,filipino,active
,may bukol sa baba ko,oral swelling,oral_swelling,filipino,active
,may bukol sa balat ko,skin lump,skin_lump,filipino,active
,may bukol sa bilad akon,vaginal lump,vaginal_lump,filipino,active
,may bukol sa bilad ko,vaginal lump,vaginal_lump,filipino,active
,may bukol sa bilad ko akon,vaginal lump,vaginal_lump,filipino,active
,may bukol sa bilad ko ko,vaginal lump,vaginal_lump,filipino,active
,may bukol sa bilat akon,vaginal lump,vaginal_lump,filipino,active
,may bukol sa bilat ko,vaginal lump,vaginal_lump,filipino,active
,may bukol sa bilat ko akon,vaginal lump,vaginal_lump,filipino,active
,may bukol sa bilat ko ko,vaginal lump,vaginal_lump,filipino,active
,may bukol sa itlog akon,testicular lump,testicular_lump,filipino,active
,may bukol sa itlog ko,testicular lump,testicular_lump,filipino,active
,may bukol sa itlog ko akon,testicular lump,testicular_lump,filipino,active
,may bukol sa itlog ko ko,testicular lump,testicular_lump,filipino,active
,may bukol sa itlug akon,testicular lump,testicular_lump,filipino,active
,may bukol sa itlug ko,testicular lump,testicular_lump,filipino,active
,may bukol sa itlug ko akon,testicular lump,testicular_lump,filipino,active
,may bukol sa itlug ko ko,testicular lump,testicular_lump,filipino,active
,may bukol sa liog,goiter,goiter,filipino,active
,may bukol sa liog ko,neck lump,neck_lump,filipino,active
,may bukol sa singit akon,groin lump,groin_lump,filipino,active
,may bukol sa singit ko,groin lump,groin_lump,filipino,active
,may bukol singit akon,groin lump,groin_lump,filipino,active
,may bukol singit ko,groin lump,groin_lump,filipino,active
,may burod ako,pregnancy,pregnancy,filipino,active
,may butlig sa balat ko,skin lump,skin_lump,filipino,active
,may cancer ako,cancer,cancer,filipino,active
,may chronic,chronic disease,chronic_disease,filipino,active
,may dengue,dengue,dengue,filipino,active
,may dengue ako,dengue,dengue,filipino,active
,may depression ako,depression,depression,filipino,active
,may diabetes ako,diabetes,diabetes,filipino,active
,may diabetes ko,diabetes,diabetes,filipino,active
,may dugo sa baba ko,oral bleeding,oral_bleeding,filipino,active
,may dugo sa ihi ko,bloody urine,bloody_urine,filipino,active
,may dugo sa ilong ko,nosebleed,nosebleed,filipino,active
,may dugo sa kamot ko,hand bleeding,hand_bleeding,filipino,active
,may dugo sa pilas ko,bleeding wound,bleeding_wound,filipino,active
,may dugo sa pilas ku,bleeding wound,bleeding_wound,filipino,active
,may dugo sa suka ko,bloody vomit,bloody_vomit,filipino,active
,may dugo sa tiil ko,foot bleeding,foot_bleeding,filipino,active
,may dugo sa tudlo ko,finger bleeding,finger_bleeding,filipino,active
,may dugo sa ulo ko,head bleeding,head_bleeding,filipino,active
,may dugo sa ulo ku,head bleeding,head_bleeding,filipino,active
,may ginahilanat,fever,fever,filipino,active
,may ginakalibanga,diarrhea,diarrhea,filipino,active
,may ginauubo,cough,cough,filipino,active
,may goiter ako,goiter,goiter,filipino,active
,may gout,gout,gout,filipino,active
,may hepatitis ako,hepatitis,hepatitis,filipino,active
,may hika,asthma,asthma,filipino,active
,may hika ako,asthma,asthma,filipino,active
,may hilanat,fever,fever,filipino,active
,may hilanat ako,fever,fever,filipino,active
,may hilanat ko,fever,fever,filipino,active
,may hilanat ko kag ubo,fever with cough,fever_with_cough,filipino,active
,may hypertension ako,hypertension,hypertension,filipino,active
,may kagat sang ahas ko,snake bite,snake_bite,filipino,active
,may kagat sang ahas ku,snake bite,snake_bite,filipino,active
,may kagat sang ido ko,dog bite,dog_bite,filipino,active
,may kagat sang ido ku,dog bite,dog_bite,filipino,active
,may kagat sang ipis ko,cockroach bite,cockroach_bite,filipino,active
,may kagat sang kuring ko,cat bite,cat_bite,filipino,active
,may kagat sang lamok ko,mosquito bite,mosquito_bite,filipino,active
,may kagat sang manok ko,animal bite,animal_bite,filipino,active
,may kagat sang sapat ko,animal bite,animal_bite,filipino,active
,may lagnat,fever,fever,filipino,active
,may lagnat ako,fever,fever,filipino,active
,may nana,mucopurulent discharge,mucopurulent_discharge,filipino,active
,may nana abaga,shoulder infection,shoulder_infection,filipino,active
,may nana abaga ko,shoulder infection,shoulder_infection,filipino,active
,may nana ako,pus,pus,filipino,active
,may nana akon abaga,shoulder infection,shoulder_infection,filipino,active
,may nana akon ari,penile infection,penile_infection,filipino,active
,may nana akon ari ko,penile infection,penile_infection,filipino,active
,may nana akon ary,penile infection,penile_infection,filipino,active
,may nana akon ary ko,penile infection,penile_infection,filipino,active
,may nana akon atay,liver infection,liver_infection,filipino,active
,may nana akon awang,jaw infection,jaw_infection,filipino,active
,may nana akon baba,oral infection,oral_infection,filipino,active
,may nana akon balat,skin infection,skin_infection,filipino,active
,may nana akon batiis,leg infection,leg_infection,filipino,active
,may nana akon bato,kidney infection,kidney_infection,filipino,active
,may nana akon baywang,waist infection,waist_infection,filipino,active
,may nana akon bilad,vaginal infection,vaginal_infection,filipino,active
,may nana akon bilad ko,vaginal infection,vaginal_infection,filipino,active
,may nana akon bilat,vaginal infection,vaginal_infection,filipino,active
,may nana akon bilat ko,vaginal infection,vaginal_infection,filipino,active
,may nana akon buhok,hair infection,hair_infection,filipino,active
,may nana akon bukong,forehead infection,forehead_infection,filipino,active
,may nana akon buuk,arm infection,arm_infection,filipino,active
,may nana akon dalunggan,infected ear,infected_ear,filipino,active
,may nana akon dila,tongue infection,tongue_infection,filipino,active
,may nana akon dughan,chest infection,chest_infection,filipino,active
,may nana akon ilong,infected nose,infected_nose,filipino,active
,may nana akon itlog,testicular infection,testicular_infection,filipino,active
,may nana akon itlog ko,testicular infection,testicular_infection,filipino,active
,may nana akon itlug,testicular infection,testicular_infection,filipino,active
,may nana akon itlug ko,testicular infection,testicular_infection,filipino,active
,may nana akon kamot,skin infection,skin_infection,filipino,active
,may nana akon kuko,nail infection,nail_infection,filipino,active
,may nana akon lawas,body infection,body_infection,filipino,active
,may nana akon lawi,nape infection,nape_infection,filipino,active
,may nana akon likod,back infection,back_infection,filipino,active
,may nana akon liog,neck infection,neck_infection,filipino,active
,may nana akon mata,pus in eye,pus_in_eye,filipino,active
,may nana akon mata 3 ka adlaw,eye infection,eye_infection,filipino,active
,may nana akon mata 5 ka adlaw,eye infection,eye_infection,filipino,active
,may nana akon mata bag-o lang,eye infection,eye_infection,filipino,active
,may nana akon mata dugay na,eye infection,eye_infection,filipino,active
,may nana akon mata gahapon,eye infection,eye_infection,filipino,active
,may nana akon mata kagapon,eye infection,eye_infection,filipino,active
,may nana akon mata semana na,eye infection,eye_infection,filipino,active
,may nana akon mata subong,eye infection,eye_infection,filipino,active
,may nana akon mata subong lang,eye infection,eye_infection,filipino,active
,may nana akon ngipon,tooth infection,tooth_infection,filipino,active
,may nana akon paa,infected foot,infected_foot,filipino,active
,may nana akon pisngi,cheek infection,cheek_infection,filipino,active
,may nana akon siko,elbow infection,elbow_infection,filipino,active
,may nana akon tadlong,forearm infection,forearm_infection,filipino,active
,may nana akon tagipusuon,heart infection,heart_infection,filipino,active
,may nana akon tai,buttocks infection,buttocks_infection,filipino,active
,may nana akon tiil,infected foot,infected_foot,filipino,active
,may nana akon tikod,heel infection,heel_infection,filipino,active
,may nana akon titi,breast infection,breast_infection,filipino,active
,may nana akon tiyan,abdomen infection,abdomen_infection,filipino,active
,may nana akon tudlo,infected finger,infected_finger,filipino,active
,may nana akon tuhod,knee infection,knee_infection,filipino,active
,may nana akon tungod,throat infection,throat_infection,filipino,active
,may nana akon tungtong,ankle infection,ankle_infection,filipino,active
,may nana akon ulo,head infection,head_infection,filipino,active
,may nana akon utok,brain infection,brain_infection,filipino,active
,may nana ari akon,penile infection,penile_infection,filipino,active
,may nana ari ko,penile infection,penile_infection,filipino,active
,may nana ari ko akon,penile infection,penile_infection,filipino,active
,may nana ari ko ko,penile infection,penile_infection,filipino,active
,may nana ary akon,penile infection,penile_infection,filipino,active
,may nana ary ko,penile infection,penile_infection,filipino,active
,may nana ary ko akon,penile infection,penile_infection,filipino,active
,may nana ary ko ko,penile infection,penile_infection,filipino,active
,may nana atay,liver infection,liver_infection,filipino,active
,may nana atay ko,liver infection,liver_infection,filipino,active
,may nana awang,jaw infection,jaw_infection,filipino,active
,may nana awang ko,jaw infection,jaw_infection,filipino,active
,may nana baba,oral infection,oral_infection,filipino,active
,may nana baba ko,oral infection,oral_infection,filipino,active
,may nana balat,skin infection,skin_infection,filipino,active
,may nana balat ko,skin infection,skin_infection,filipino,active
,may nana batiis,leg infection,leg_infection,filipino,active
,may nana batiis ko,leg infection,leg_infection,filipino,active
,may nana bato,kidney infection,kidney_infection,filipino,active
,may nana bato ko,kidney infection,kidney_infection,filipino,active
,may nana baywang,waist infection,waist_infection,filipino,active
,may nana baywang ko,waist infection,waist_infection,filipino,active
,may nana bilad akon,vaginal infection,vaginal_infection,filipino,active
,may nana bilad ko,vaginal infection,vaginal_infection,filipino,active
,may nana bilad ko akon,vaginal infection,vaginal_infection,filipino,active
,may nana bilad ko ko,vaginal infection,vaginal_infection,filipino,active
,may nana bilat akon,vaginal infection,vaginal_infection,filipino,active
,may nana bilat ko,vaginal infection,vaginal_infection,filipino,active
,may nana bilat ko akon,vaginal infection,vaginal_infection,filipino,active
,may nana bilat ko ko,vaginal infection,vaginal_infection,filipino,active
,may nana buhok,hair infection,hair_infection,filipino,active
,may nana buhok ko,hair infection,hair_infection,filipino,active
,may nana bukong,forehead infection,forehead_infection,filipino,active
,may nana bukong ko,forehead infection,forehead_infection,filipino,active
,may nana buuk,arm infection,arm_infection,filipino,active
,may nana buuk ko,arm infection,arm_infection,filipino,active
,may nana dalunggan,infected ear,infected_ear,filipino,active
,may nana dalunggan ko,infected ear,infected_ear,filipino,active
,may nana dila,tongue infection,tongue_infection,filipino,active
,may nana dila ko,tongue infection,tongue_infection,filipino,active
,may nana dughan,chest infection,chest_infection,filipino,active
,may nana dughan ko,chest infection,chest_infection,filipino,active
,may nana ilong,infected nose,infected_nose,filipino,active
,may nana ilong ko,infected nose,infected_nose,filipino,active
,may nana itlog akon,testicular infection,testicular_infection,filipino,active
,may nana itlog ko,testicular infection,testicular_infection,filipino,active
,may nana itlog ko akon,testicular infection,testicular_infection,filipino,active
,may nana itlog ko ko,testicular infection,testicular_infection,filipino,active
,may nana itlug akon,testicular infection,testicular_infection,filipino,active
,may nana itlug ko,testicular infection,testicular_infection,filipino,active
,may nana itlug ko akon,testicular infection,testicular_infection,filipino,active
,may nana itlug ko ko,testicular infection,testicular_infection,filipino,active
,may nana kamot,skin infection,skin_infection,filipino,active
,may nana kamot ko,skin infection,skin_infection,filipino,active
,may nana ko,pus,pus,filipino,active
,may nana ko sa abaga,shoulder infection,shoulder_infection,filipino,active
,may nana ko sa akon ari,penile infection,penile_infection,filipino,active
,may nana ko sa akon ari ko,penile infection,penile_infection,filipino,active
,may nana ko sa akon ary,penile infection,penile_infection,filipino,active
,may nana ko sa akon ary ko,penile infection,penile_infection,filipino,active
,may nana ko sa akon bilad,vaginal infection,vaginal_infection,filipino,active
,may nana ko sa akon bilad ko,vaginal infection,vaginal_infection,filipino,active
,may nana ko sa akon bilat,vaginal infection,vaginal_infection,filipino,active
,may nana ko sa akon bilat ko,vaginal infection,vaginal_infection,filipino,active
,may nana ko sa akon itlog,testicular infection,testicular_infection,filipino,active
,may nana ko sa akon itlog ko,testicular infection,testicular_infection,filipino,active
,may nana ko sa akon itlug,testicular infection,testicular_infection,filipino,active
,may nana ko sa akon itlug ko,testicular infection,testicular_infection,filipino,active
,may nana ko sa ari akon,penile infection,penile_infection,filipino,active
,may nana ko sa ari ko,penile infection,penile_infection,filipino,active
,may nana ko sa ari ko akon,penile infection,penile_infection,filipino,active
,may nana ko sa ari ko ko,penile infection,penile_infection,filipino,active
,may nana ko sa ary akon,penile infection,penile_infection,filipino,active
,may nana ko sa ary ko,penile infection,penile_infection,filipino,active
,may nana ko sa ary ko akon,penile infection,penile_infection,filipino,active
,may nana ko sa ary ko ko,penile infection,penile_infection,filipino,active
,may nana ko sa atay,liver infection,liver_infection,filipino,active
,may nana ko sa awang,jaw infection,jaw_infection,filipino,active
,may nana ko sa baba,oral infection,oral_infection,filipino,active
,may nana ko sa balat,skin infection,skin_infection,filipino,active
,may nana ko sa batiis,leg infection,leg_infection,filipino,active
,may nana ko sa bato,kidney infection,kidney_infection,filipino,active
,may nana ko sa baywang,waist infection,waist_infection,filipino,active
,may nana ko sa bilad akon,vaginal infection,vaginal_infection,filipino,active
,may nana ko sa bilad ko,vaginal infection,vaginal_infection,filipino,active
,may nana ko sa bilad ko akon,vaginal infection,vaginal_infection,filipino,active
,may nana ko sa bilad ko ko,vaginal infection,vaginal_infection,filipino,active
,may nana ko sa bilat akon,vaginal infection,vaginal_infection,filipino,active
,may nana ko sa bilat ko,vaginal infection,vaginal_infection,filipino,active
,may nana ko sa bilat ko akon,vaginal infection,vaginal_infection,filipino,active
,may nana ko sa bilat ko ko,vaginal infection,vaginal_infection,filipino,active
,may nana ko sa buhok,hair infection,hair_infection,filipino,active
,may nana ko sa bukong,forehead infection,forehead_infection,filipino,active
,may nana ko sa buuk,arm infection,arm_infection,filipino,active
,may nana ko sa dalunggan,infected ear,infected_ear,filipino,active
,may nana ko sa dila,tongue infection,tongue_infection,filipino,active
,may nana ko sa dughan,chest infection,chest_infection,filipino,active
,may nana ko sa ilong,infected nose,infected_nose,filipino,active
,may nana ko sa itlog akon,testicular infection,testicular_infection,filipino,active
,may nana ko sa itlog ko,testicular infection,testicular_infection,filipino,active
,may nana ko sa itlog ko akon,testicular infection,testicular_infection,filipino,active
,may nana ko sa itlog ko ko,testicular infection,testicular_infection,filipino,active
,may nana ko sa itlug akon,testicular infection,testicular_infection,filipino,active
,may nana ko sa itlug ko,testicular infection,testicular_infection,filipino,active
,may nana ko sa itlug ko akon,testicular infection,testicular_infection,filipino,active
,may nana ko sa itlug ko ko,testicular infection,testicular_infection,filipino,active
,may nana ko sa kamot,skin infection,skin_infection,filipino,active
,may nana ko sa kuko,nail infection,nail_infection,filipino,active
,may nana ko sa lawas,body infection,body_infection,filipino,active
,may nana ko sa lawi,nape infection,nape_infection,filipino,active
,may nana ko sa likod,back infection,back_infection,filipino,active
,may nana ko sa liog,neck infection,neck_infection,filipino,active
,may nana ko sa mata,eye infection,eye_infection,filipino,active
,may nana ko sa ngipon,tooth infection,tooth_infection,filipino,active
,may nana ko sa paa,infected foot,infected_foot,filipino,active
,may nana ko sa pisngi,cheek infection,cheek_infection,filipino,active
,may nana ko sa siko,elbow infection,elbow_infection,filipino,active
,may nana ko sa tadlong,forearm infection,forearm_infection,filipino,active
,may nana ko sa tagipusuon,heart infection,heart_infection,filipino,active
,may nana ko sa tai,buttocks infection,buttocks_infection,filipino,active
,may nana ko sa tiil,infected foot,infected_foot,filipino,active
,may nana ko sa tikod,heel infection,heel_infection,filipino,active
,may nana ko sa titi,breast infection,breast_infection,filipino,active
,may nana ko sa tiyan,abdomen infection,abdomen_infection,filipino,active
,may nana ko sa tudlo,infected finger,infected_finger,filipino,active
,may nana ko sa tuhod,knee infection,knee_infection,filipino,active
,may nana ko sa tungod,throat infection,throat_infection,filipino,active
,may nana ko sa tungtong,ankle infection,ankle_infection,filipino,active
,may nana ko sa ulo,head infection,head_infection,filipino,active
,may nana ko sa utok,brain infection,brain_infection,filipino,active
,may nana kuko,nail infection,nail_infection,filipino,active
,may nana kuko ko,nail infection,nail_infection,filipino,active
,may nana lawas,body infection,body_infection,filipino,active
,may nana lawas ko,body infection,body_infection,filipino,active
,may nana lawi,nape infection,nape_infection,filipino,active
,may nana lawi ko,nape infection,nape_infection,filipino,active
,may nana likod,back infection,back_infection,filipino,active
,may nana likod ko,back infection,back_infection,filipino,active
,may nana liog,neck infection,neck_infection,filipino,active
,may nana liog ko,neck infection,neck_infection,filipino,active
,may nana mata,eye infection,eye_infection,filipino,active
,may nana mata ko,eye infection,eye_infection,filipino,active
,may nana mata ko kag gapula mata ko,eye infection with red eye,eye_infection_with_red_eye,filipino,active
,may nana mata ko upod sang gapula mata ko,eye infection with red eye,eye_infection_with_red_eye,filipino,active
,may nana ngipon,tooth infection,tooth_infection,filipino,active
,may nana ngipon ko,tooth infection,tooth_infection,filipino,active
,may nana paa,infected foot,infected_foot,filipino,active
,may nana paa ko,infected foot,infected_foot,filipino,active
,may nana pisngi,cheek infection,cheek_infection,filipino,active
,may nana pisngi ko,cheek infection,cheek_infection,filipino,active
,may nana sa abaga ko,shoulder infection,shoulder_infection,filipino,active
,may nana sa akon abaga,shoulder infection,shoulder_infection,filipino,active
,may nana sa akon akon ari,penile infection,penile_infection,filipino,active
,may nana sa akon akon ari ko,penile infection,penile_infection,filipino,active
,may nana sa akon akon ary,penile infection,penile_infection,filipino,active
,may nana sa akon akon ary ko,penile infection,penile_infection,filipino,active
,may nana sa akon akon bilad,vaginal infection,vaginal_infection,filipino,active
,may nana sa akon akon bilad ko,vaginal infection,vaginal_infection,filipino,active
,may nana sa akon akon bilat,vaginal infection,vaginal_infection,filipino,active
,may nana sa akon akon bilat ko,vaginal infection,vaginal_infection,filipino,active
,may nana sa akon akon itlog,testicular infection,testicular_infection,filipino,active
,may nana sa akon akon itlog ko,testicular infection,testicular_infection,filipino,active
,may nana sa akon akon itlug,testicular infection,testicular_infection,filipino,active
,may nana sa akon akon itlug ko,testicular infection,testicular_infection,filipino,active
,may nana sa akon ari,penile infection,penile_infection,filipino,active
,may nana sa akon ari akon,penile infection,penile_infection,filipino,active
,may nana sa akon ari ko,penile infection,penile_infection,filipino,active
,may nana sa akon ari ko akon,penile infection,penile_infection,filipino,active
,may nana sa akon ari ko ko,penile infection,penile_infection,filipino,active
,may nana sa akon ary,penile infection,penile_infection,filipino,active
,may nana sa akon ary akon,penile infection,penile_infection,filipino,active
,may nana sa akon ary ko,penile infection,penile_infection,filipino,active
,may nana sa akon ary ko akon,penile infection,penile_infection,filipino,active
,may nana sa akon ary ko ko,penile infection,penile_infection,filipino,active
,may nana sa akon atay,liver infection,liver_infection,filipino,active
,may nana sa akon awang,jaw infection,jaw_infection,filipino,active
,may nana sa akon baba,oral infection,oral_infection,filipino,active
,may nana sa akon balat,skin infection,skin_infection,filipino,active
,may nana sa akon batiis,leg infection,leg_infection,filipino,active
,may nana sa akon bato,kidney infection,kidney_infection,filipino,active
,may nana sa akon baywang,waist infection,waist_infection,filipino,active
,may nana sa akon bilad,vaginal infection,vaginal_infection,filipino,active
,may nana sa akon bilad akon,vaginal infection,vaginal_infection,filipino,active
,may nana sa akon bilad ko,vaginal infection,vaginal_infection,filipino,active
,may nana sa akon bilad ko akon,vaginal infection,vaginal_infection,filipino,active
,may nana sa akon bilad ko ko,vaginal infection,vaginal_infection,filipino,active
,may nana sa akon bilat,vaginal infection,vaginal_infection,filipino,active
,may nana sa akon bilat akon,vaginal infection,vaginal_infection,filipino,active
,may nana sa akon bilat ko,vaginal infection,vaginal_infection,filipino,active
,may nana sa akon bilat ko akon,vaginal infection,vaginal_infection,filipino,active
,may nana sa akon bilat ko ko,vaginal infection,vaginal_infection,filipino,active
,may nana sa akon buhok,hair infection,hair_infection,filipino,active
,may nana sa akon bukong,forehead infection,forehead_infection,filipino,active
,may nana sa akon buuk,arm infection,arm_infection,filipino,active
,may nana sa akon dalunggan,infected ear,infected_ear,filipino,active
,may nana sa akon dila,tongue infection,tongue_infection,filipino,active
,may nana sa akon dughan,chest infection,chest_infection,filipino,active
,may nana sa akon ilong,infected nose,infected_nose,filipino,active
,may nana sa akon itlog,testicular infection,testicular_infection,filipino,active
,may nana sa akon itlog akon,testicular infection,testicular_infection,filipino,active
,may nana sa akon itlog ko,testicular infection,testicular_infection,filipino,active
,may nana sa akon itlog ko akon,testicular infection,testicular_infection,filipino,active
,may nana sa akon itlog ko ko,testicular infection,testicular_infection,filipino,active
,may nana sa akon itlug,testicular infection,testicular_infection,filipino,active
,may nana sa akon itlug akon,testicular infection,testicular_infection,filipino,active
,may nana sa akon itlug ko,testicular infection,testicular_infection,filipino,active
,may nana sa akon itlug ko akon,testicular infection,testicular_infection,filipino,active
,may nana sa akon itlug ko ko,testicular infection,testicular_infection,filipino,active
,may nana sa akon kamot,skin infection,skin_infection,filipino,active
,may nana sa akon kuko,nail infection,nail_infection,filipino,active
,may nana sa akon lawas,body infection,body_infection,filipino,active
,may nana sa akon lawi,nape infection,nape_infection,filipino,active
,may nana sa akon likod,back infection,back_infection,filipino,active
,may nana sa akon liog,neck infection,neck_infection,filipino,active
,may nana sa akon mata,eye infection,eye_infection,filipino,active
,may nana sa akon ngipon,tooth infection,tooth_infection,filipino,active
,may nana sa akon paa,infected foot,infected_foot,filipino,active
,may nana sa akon pisngi,cheek infection,cheek_infection,filipino,active
,may nana sa akon siko,elbow infection,elbow_infection,filipino,active
,may nana sa akon tadlong,forearm infection,forearm_infection,filipino,active
,may nana sa akon tagipusuon,heart infection,heart_infection,filipino,active
,may nana sa akon tai,buttocks infection,buttocks_infection,filipino,active
,may nana sa akon tiil,infected foot,infected_foot,filipino,active
,may nana sa akon tikod,heel infection,heel_infection,filipino,active
,may nana sa akon titi,breast infection,breast_infection,filipino,active
,may nana sa akon tiyan,abdomen infection,abdomen_infection,filipino,active
,may nana sa akon tudlo,infected finger,infected_finger,filipino,active
,may nana sa akon tuhod,knee infection,knee_infection,filipino,active
,may nana sa akon tungod,throat infection,throat_infection,filipino,active
,may nana sa akon tungtong,ankle infection,ankle_infection,filipino,active
,may nana sa akon ulo,head infection,head_infection,filipino,active
,may nana sa akon utok,brain infection,brain_infection,filipino,active
,may nana sa ari akon,penile infection,penile_infection,filipino,active
,may nana sa ari ko,penile infection,penile_infection,filipino,active
,may nana sa ari ko akon,penile infection,penile_infection,filipino,active
,may nana sa ari ko ko,penile infection,penile_infection,filipino,active
,may nana sa ary akon,penile infection,penile_infection,filipino,active
,may nana sa ary ko,penile infection,penile_infection,filipino,active
,may nana sa ary ko akon,penile infection,penile_infection,filipino,active
,may nana sa ary ko ko,penile infection,penile_infection,filipino,active
,may nana sa atay ko,liver infection,liver_infection,filipino,active
,may nana sa awang ko,jaw infection,jaw_infection,filipino,active
,may nana sa baba ko,oral infection,oral_infection,filipino,active
,may nana sa balat ko,skin infection,skin_infection,filipino,active
,may nana sa batiis ko,leg infection,leg_infection,filipino,active
,may nana sa bato ko,kidney infection,kidney_infection,filipino,active
,may nana sa baywang ko,waist infection,waist_infection,filipino,active
,may nana sa bilad akon,vaginal infection,vaginal_infection,filipino,active
,may nana sa bilad ko,vaginal infection,vaginal_infection,filipino,active
,may nana sa bilad ko akon,vaginal infection,vaginal_infection,filipino,active
,may nana sa bilad ko ko,vaginal infection,vaginal_infection,filipino,active
,may nana sa bilat akon,vaginal infection,vaginal_infection,filipino,active
,may nana sa bilat ko,vaginal infection,vaginal_infection,filipino,active
,may nana sa bilat ko akon,vaginal infection,vaginal_infection,filipino,active
,may nana sa bilat ko ko,vaginal infection,vaginal_infection,filipino,active
,may nana sa buhok ko,hair infection,hair_infection,filipino,active
,may nana sa bukong ko,forehead infection,forehead_infection,filipino,active
,may nana sa buuk ko,arm infection,arm_infection,filipino,active
,may nana sa dalunggan ko,infected ear,infected_ear,filipino,active
,may nana sa dila ko,tongue infection,tongue_infection,filipino,active
,may nana sa dughan ko,chest infection,chest_infection,filipino,active
,may nana sa ihi ko,urinary infection,urinary_infection,filipino,active
,may nana sa ilong ko,infected nose,infected_nose,filipino,active
,may nana sa itlog akon,testicular infection,testicular_infection,filipino,active
,may nana sa itlog ko,testicular infection,testicular_infection,filipino,active
,may nana sa itlog ko akon,testicular infection,testicular_infection,filipino,active
,may nana sa itlog ko ko,testicular infection,testicular_infection,filipino,active
,may nana sa itlug akon,testicular infection,testicular_infection,filipino,active
,may nana sa itlug ko,testicular infection,testicular_infection,filipino,active
,may nana sa itlug ko akon,testicular infection,testicular_infection,filipino,active
,may nana sa itlug ko ko,testicular infection,testicular_infection,filipino,active
,may nana sa kamot ko,skin infection,skin_infection,filipino,active
,may nana sa kuko ko,nail infection,nail_infection,filipino,active
,may nana sa lawas ko,body infection,body_infection,filipino,active
,may nana sa lawi ko,nape infection,nape_infection,filipino,active
,may nana sa likod ko,back infection,back_infection,filipino,active
,may nana sa liog ko,neck infection,neck_infection,filipino,active
,may nana sa mata,pus in eye,pus_in_eye,filipino,active
,may nana sa mata ko,eye infection,eye_infection,filipino,active
,may nana sa ngipon ko,tooth infection,tooth_infection,filipino,active
,may nana sa paa ko,infected foot,infected_foot,filipino,active
,may nana sa pilas ko,infected wound,infected_wound,filipino,active
,may nana sa pisngi ko,cheek infection,cheek_infection,filipino,active
,may nana sa siko ko,elbow infection,elbow_infection,filipino,active
,may nana sa tadlong ko,forearm infection,forearm_infection,filipino,active
,may nana sa tagipusuon ko,heart infection,heart_infection,filipino,active
,may nana sa tai ko,buttocks infection,buttocks_infection,filipino,active
,may nana sa tiil ko,infected foot,infected_foot,filipino,active
,may nana sa tikod ko,heel infection,heel_infection,filipino,active
,may nana sa titi ko,breast infection,breast_infection,filipino,active
,may nana sa tiyan ko,abdomen infection,abdomen_infection,filipino,active
,may nana sa tudlo ko,infected finger,infected_finger,filipino,active
,may nana sa tuhod ko,knee infection,knee_infection,filipino,active
,may nana sa tungod ko,throat infection,throat_infection,filipino,active
,may nana sa tungtong ko,ankle infection,ankle_infection,filipino,active
,may nana sa ulo ko,head infection,head_infection,filipino,active
,may nana sa utok ko,brain infection,brain_infection,filipino,active
,may nana siko,elbow infection,elbow_infection,filipino,active
,may nana siko ko,elbow infection,elbow_infection,filipino,active
,may nana tadlong,forearm infection,forearm_infection,filipino,active
,may nana tadlong ko,forearm infection,forearm_infection,filipino,active
,may nana tagipusuon,heart infection,heart_infection,filipino,active
,may nana tagipusuon ko,heart infection,heart_infection,filipino,active
,may nana tai,buttocks infection,buttocks_infection,filipino,active
,may nana tai ko,buttocks infection,buttocks_infection,filipino,active
,may nana tiil,infected foot,infected_foot,filipino,active
,may nana tiil ko,infected foot,infected_foot,filipino,active
,may nana tikod,heel infection,heel_infection,filipino,active
,may nana tikod ko,heel infection,heel_infection,filipino,active
,may nana titi,breast infection,breast_infection,filipino,active
,may nana titi ko,breast infection,breast_infection,filipino,active
,may nana tiyan,abdomen infection,abdomen_infection,filipino,active
,may nana tiyan ko,abdomen infection,abdomen_infection,filipino,active
,may nana tudlo,infected finger,infected_finger,filipino,active
,may nana tudlo ko,infected finger,infected_finger,filipino,active
,may nana tuhod,knee infection,knee_infection,filipino,active
,may nana tuhod ko,knee infection,knee_infection,filipino,active
,may nana tungod,throat infection,throat_infection,filipino,active
,may nana tungod ko,throat infection,throat_infection,filipino,active
,may nana tungtong,ankle infection,ankle_infection,filipino,active
,may nana tungtong ko,ankle infection,ankle_infection,filipino,active
,may nana ulo,head infection,head_infection,filipino,active
,may nana ulo ko,head infection,head_infection,filipino,active
,may nana utok,brain infection,brain_infection,filipino,active
,may nana utok ko,brain infection,brain_infection,filipino,active
,may nanah akon mata,pus in eye,pus_in_eye,filipino,active
,may nanah akon pilas,infected wound,infected_wound,filipino,active
,may pantal ko,skin rash,skin_rash,filipino,active
,may pantal lawas ko,skin rash,skin_rash,filipino,active
,may pantal sa lawas ko,skin rash,skin_rash,filipino,active
,may pantal sa singit ko,groin rash,groin_rash,filipino,active
,may pilas ako sa batiis,leg wound,leg_wound,filipino,active
,may pilas ako sa buuk,arm wound,arm_wound,filipino,active
,may pilas ako sa kamot,hand wound,hand_wound,filipino,active
,may pilas ako sa likod,back wound,back_wound,filipino,active
,may pilas ako sa paa,foot wound,foot_wound,filipino,active
,may pilas ako sa tiil,foot wound,foot_wound,filipino,active
,may pilas ako sa tiyan,abdominal wound,abdominal_wound,filipino,active
,may pilas ako sa tudlo,finger wound,finger_wound,filipino,active
,may pilas ako sa ulo,head wound,head_wound,filipino,active
,may pilas akon batiis,leg wound,leg_wound,filipino,active
,may pilas akon buuk,arm wound,arm_wound,filipino,active
,may pilas akon kamot,hand wound,hand_wound,filipino,active
,may pilas akon likod,back wound,back_wound,filipino,active
,may pilas akon paa,foot wound,foot_wound,filipino,active
,may pilas akon tiil,foot wound,foot_wound,filipino,active
,may pilas akon tiyan,abdominal wound,abdominal_wound,filipino,active
,may pilas akon tudlo,finger wound,finger_wound,filipino,active
,may pilas akon ulo,head wound,head_wound,filipino,active
,may pilas ko sa akon ari,penile wound,penile_wound,filipino,active
,may pilas ko sa akon ari ko,penile wound,penile_wound,filipino,active
,may pilas ko sa akon ary,penile wound,penile_wound,filipino,active
,may pilas ko sa akon ary ko,penile wound,penile_wound,filipino,active
,may pilas ko sa akon bilad,vaginal wound,vaginal_wound,filipino,active
,may pilas ko sa akon bilad ko,vaginal wound,vaginal_wound,filipino,active
,may pilas ko sa akon bilat,vaginal wound,vaginal_wound,filipino,active
,may pilas ko sa akon bilat ko,vaginal wound,vaginal_wound,filipino,active
,may pilas ko sa akon itlog,testicular wound,testicular_wound,filipino,active
,may pilas ko sa akon itlog ko,testicular wound,testicular_wound,filipino,active
,may pilas ko sa akon itlug,testicular wound,testicular_wound,filipino,active
,may pilas ko sa akon itlug ko,testicular wound,testicular_wound,filipino,active
,may pilas ko sa ari,penile wound,penile_wound,filipino,active
,may pilas ko sa ari akon,penile wound,penile_wound,filipino,active
,may pilas ko sa ari ko,penile wound,penile_wound,filipino,active
,may pilas ko sa ari ko akon,penile wound,penile_wound,filipino,active
,may pilas ko sa ari ko ko,penile wound,penile_wound,filipino,active
,may pilas ko sa ary akon,penile wound,penile_wound,filipino,active
,may pilas ko sa ary ko,penile wound,penile_wound,filipino,active
,may pilas ko sa ary ko akon,penile wound,penile_wound,filipino,active
,may pilas ko sa ary ko ko,penile wound,penile_wound,filipino,active
,may pilas ko sa batiis,leg wound,leg_wound,filipino,active
,may pilas ko sa bilad akon,vaginal wound,vaginal_wound,filipino,active
,may pilas ko sa bilad ko,vaginal wound,vaginal_wound,filipino,active
,may pilas ko sa bilad ko akon,vaginal wound,vaginal_wound,filipino,active
,may pilas ko sa bilad ko ko,vaginal wound,vaginal_wound,filipino,active
,may pilas ko sa bilat akon,vaginal wound,vaginal_wound,filipino,active
,may pilas ko sa bilat ko,vaginal wound,vaginal_wound,filipino,active
,may pilas ko sa bilat ko akon,vaginal wound,vaginal_wound,filipino,active
,may pilas ko sa bilat ko ko,vaginal wound,vaginal_wound,filipino,active
,may pilas ko sa buuk,arm wound,arm_wound,filipino,active
,may pilas ko sa itlog akon,testicular wound,testicular_wound,filipino,active
,may pilas ko sa itlog ko,testicular wound,testicular_wound,filipino,active
,may pilas ko sa itlog ko akon,testicular wound,testicular_wound,filipino,active
,may pilas ko sa itlog ko ko,testicular wound,testicular_wound,filipino,active
,may pilas ko sa itlug akon,testicular wound,testicular_wound,filipino,active
,may pilas ko sa itlug ko,testicular wound,testicular_wound,filipino,active
,may pilas ko sa itlug ko akon,testicular wound,testicular_wound,filipino,active
,may pilas ko sa itlug ko ko,testicular wound,testicular_wound,filipino,active
,may pilas ko sa kamot,hand wound,hand_wound,filipino,active
,may pilas ko sa kamot 3 ka adlaw,hand wound,hand_wound,filipino,active
,may pilas ko sa kamot 5 ka adlaw,hand wound,hand_wound,filipino,active
,may pilas ko sa kamot bag-o lang,hand wound,hand_wound,filipino,active
,may pilas ko sa kamot dugay na,hand wound,hand_wound,filipino,active
,may pilas ko sa kamot gahapon,hand wound,hand_wound,filipino,active
,may pilas ko sa kamot kag nag dugo,bleeding hand wound,bleeding_hand_wound,filipino,active
,may pilas ko sa kamot kag nagdugo,bleeding hand wound,bleeding_hand_wound,filipino,active
,may pilas ko sa kamot kagapon,hand wound,hand_wound,filipino,active
,may pilas ko sa kamot semana na,hand wound,hand_wound,filipino,active
,may pilas ko sa kamot subong lang,hand wound,hand_wound,filipino,active
,may pilas ko sa likod,back wound,back_wound,filipino,active
,may pilas ko sa paa,foot wound,foot_wound,filipino,active
,may pilas ko sa tiil,foot wound,foot_wound,filipino,active
,may pilas ko sa tiyan,abdominal wound,abdominal_wound,filipino,active
,may pilas ko sa tudlo,finger wound,finger_wound,filipino,active
,may pilas ko sa ulo,head wound,head_wound,filipino,active
,may pilas ku sa kamot kag nagdugo,bleeding hand wound,bleeding_hand_wound,filipino,active
,may pilas nasunog sa balat ko,skin burn,skin_burn,filipino,active
,may pilas nasunog sa batiis ko,leg burn,leg_burn,filipino,active
,may pilas nasunog sa buuk ko,arm burn,arm_burn,filipino,active
,may pilas nasunog sa kamot ko,hand burn,hand_burn,filipino,active
,may pilas nasunog sa lawas ko,body burn,body_burn,filipino,active
,may pilas nasunog sa mata ko,eye burn,eye_burn,filipino,active
,may pilas nasunog sa tiil ko,foot burn,foot_burn,filipino,active
,may pilas nasunog sa tiyan ko,abdominal burn,abdominal_burn,filipino,active
,may pilas sa akon akon ari,penile wound,penile_wound,filipino,active
,may pilas sa akon akon ari ko,penile wound,penile_wound,filipino,active
,may pilas sa akon akon ary,penile wound,penile_wound,filipino,active
,may pilas sa akon akon ary ko,penile wound,penile_wound,filipino,active
,may pilas sa akon akon bilad,vaginal wound,vaginal_wound,filipino,active
,may pilas sa akon akon bilad ko,vaginal wound,vaginal_wound,filipino,active
,may pilas sa akon akon bilat,vaginal wound,vaginal_wound,filipino,active
,may pilas sa akon akon bilat ko,vaginal wound,vaginal_wound,filipino,active
,may pilas sa akon akon itlog,testicular wound,testicular_wound,filipino,active
,may pilas sa akon akon itlog ko,testicular wound,testicular_wound,filipino,active
,may pilas sa akon akon itlug,testicular wound,testicular_wound,filipino,active
,may pilas sa akon akon itlug ko,testicular wound,testicular_wound,filipino,active
,may pilas sa akon ari,penile wound,penile_wound,filipino,active
,may pilas sa akon ari akon,penile wound,penile_wound,filipino,active
,may pilas sa akon ari ko,penile wound,penile_wound,filipino,active
,may pilas sa akon ari ko akon,penile wound,penile_wound,filipino,active
,may pilas sa akon ari ko ko,penile wound,penile_wound,filipino,active
,may pilas sa akon ary,penile wound,penile_wound,filipino,active
,may pilas sa akon ary akon,penile wound,penile_wound,filipino,active
,may pilas sa akon ary ko,penile wound,penile_wound,filipino,active
,may pilas sa akon ary ko akon,penile wound,penile_wound,filipino,active
,may pilas sa akon ary ko ko,penile wound,penile_wound,filipino,active
,may pilas sa akon bilad,vaginal wound,vaginal_wound,filipino,active
,may pilas sa akon bilad akon,vaginal wound,vaginal_wound,filipino,active
,may pilas sa akon bilad ko,vaginal wound,vaginal_wound,filipino,active
,may pilas sa akon bilad ko akon,vaginal wound,vaginal_wound,filipino,active
,may pilas sa akon bilad ko ko,vaginal wound,vaginal_wound,filipino,active
,may pilas sa akon bilat,vaginal wound,vaginal_wound,filipino,active
,may pilas sa akon bilat akon,vaginal wound,vaginal_wound,filipino,active
,may pilas sa akon bilat ko,vaginal wound,vaginal_wound,filipino,active
,may pilas sa akon bilat ko akon,vaginal wound,vaginal_wound,filipino,active
,may pilas sa akon bilat ko ko,vaginal wound,vaginal_wound,filipino,active
,may pilas sa akon itlog,testicular wound,testicular_wound,filipino,active
,may pilas sa akon itlog akon,testicular wound,testicular_wound,filipino,active
,may pilas sa akon itlog ko,testicular wound,testicular_wound,filipino,active
,may pilas sa akon itlog ko akon,testicular wound,testicular_wound,filipino,active
,may pilas sa akon itlog ko ko,testicular wound,testicular_wound,filipino,active
,may pilas sa akon itlug,testicular wound,testicular_wound,filipino,active
,may pilas sa akon itlug akon,testicular wound,testicular_wound,filipino,active
,may pilas sa akon itlug ko,testicular wound,testicular_wound,filipino,active
,may pilas sa akon itlug ko akon,testicular wound,testicular_wound,filipino,active
,may pilas sa akon itlug ko ko,testicular wound,testicular_wound,filipino,active
,may pilas sa ari akon,penile wound,penile_wound,filipino,active
,may pilas sa ari ko,penile wound,penile_wound,filipino,active
,may pilas sa ari ko akon,penile wound,penile_wound,filipino,active
,may pilas sa ari ko ko,penile wound,penile_wound,filipino,active
,may pilas sa ary akon,penile wound,penile_wound,filipino,active
,may pilas sa ary ko,penile wound,penile_wound,filipino,active
,may pilas sa ary ko akon,penile wound,penile_wound,filipino,active
,may pilas sa ary ko ko,penile wound,penile_wound,filipino,active
,may pilas sa batiis ko,leg wound,leg_wound,filipino,active
,may pilas sa bilad akon,vaginal wound,vaginal_wound,filipino,active
,may pilas sa bilad ko,vaginal wound,vaginal_wound,filipino,active
,may pilas sa bilad ko akon,vaginal wound,vaginal_wound,filipino,active
,may pilas sa bilad ko ko,vaginal wound,vaginal_wound,filipino,active
,may pilas sa bilat akon,vaginal wound,vaginal_wound,filipino,active
,may pilas sa bilat ko,vaginal wound,vaginal_wound,filipino,active
,may pilas sa bilat ko akon,vaginal wound,vaginal_wound,filipino,active
,may pilas sa bilat ko ko,vaginal wound,vaginal_wound,filipino,active
,may pilas sa buuk ko,arm wound,arm_wound,filipino,active
,may pilas sa itlog akon,testicular wound,testicular_wound,filipino,active
,may pilas sa itlog ko,testicular wound,testicular_wound,filipino,active
,may pilas sa itlog ko akon,testicular wound,testicular_wound,filipino,active
,may pilas sa itlog ko ko,testicular wound,testicular_wound,filipino,active
,may pilas sa itlug akon,testicular wound,testicular_wound,filipino,active
,may pilas sa itlug ko,testicular wound,testicular_wound,filipino,active
,may pilas sa itlug ko akon,testicular wound,testicular_wound,filipino,active
,may pilas sa itlug ko ko,testicular wound,testicular_wound,filipino,active
,may pilas sa kamot ko,hand wound,hand_wound,filipino,active
,may pilas sa likod ko,back wound,back_wound,filipino,active
,may pilas sa paa ko,foot wound,foot_wound,filipino,active
,may pilas sa tiil ko,foot wound,foot_wound,filipino,active
,may pilas sa tiyan ko,abdominal wound,abdominal_wound,filipino,active
,may pilas sa tudlo ko,finger wound,finger_wound,filipino,active
,may pilas sa ulo ko,head wound,head_wound,filipino,active
,may pneumonia ako,pneumonia,pneumonia,filipino,active
,may problema sa mata,eye disease,eye_disease,filipino,active
,may rayuma ako,arthritis,arthritis,filipino,active
,may sakit,illness,illness,filipino,active
,may sakit sa bato ako,kidney stones,kidney_stones,filipino,active
,may sakit sa puso,heart disease,heart_disease,filipino,active
,may sakit sa puso ako,heart disease,heart_disease,filipino,active
,may sipon,runny nose,runny_nose,filipino,active
,may sipon ako,runny nose,runny_nose,filipino,active
,may sugar,diabetes,diabetes,filipino,active
,may tb,tuberculosis,tuberculosis,filipino,active
,may tb ako,tuberculosis,tuberculosis,filipino,active
,may trangkaso ako,influenza,influenza,filipino,active
,may tumor,cancer,cancer,filipino,active
,may tunog sa dalunggan ko,ear ringing,ear_ringing,filipino,active
,may ubo,cough,cough,filipino,active
,may ubo ako,cough,cough,filipino,active
,may ulcer ako,peptic ulcer,peptic_ulcer,filipino,active
,nabali akon batiis,leg fracture,leg_fracture,filipino,active
,nabali akon buuk,arm fracture,arm_fracture,filipino,active
,nabali akon kamot,hand fracture,hand_fracture,filipino,active
,nabali akon tiil,foot fracture,foot_fracture,filipino,active
,nabali akon tudlo,finger fracture,finger_fracture,filipino,active
,nabali akon tuhod,knee fracture,knee_fracture,filipino,active
,nabali akon ulo,skull fracture,skull_fracture,filipino,active
,nabali kamot ko sang natumba,hand fracture,hand_fracture,filipino,active
,nabali kamot ku sang natumba,hand fracture,hand_fracture,filipino,active
,nabali na akon batiis,leg fracture,leg_fracture,filipino,active
,nabali na akon buuk,arm fracture,arm_fracture,filipino,active
,nabali na akon kamot,hand fracture,hand_fracture,filipino,active
,nabali na akon tiil,foot fracture,foot_fracture,filipino,active
,nabali na akon tudlo,finger fracture,finger_fracture,filipino,active
,nabali na akon tuhod,knee fracture,knee_fracture,filipino,active
,nabali na akon ulo,skull fracture,skull_fracture,filipino,active
,nabali na kamot ko sang natumba,hand fracture,hand_fracture,filipino,active
,nabalian akon kamot,wrist sprain,wrist_sprain,filipino,active
,nabalian akon siko,elbow sprain,elbow_sprain,filipino,active
,nabalian akon tuhod,knee sprain,knee_sprain,filipino,active
,nabalian akon tungtong,ankle sprain,ankle_sprain,filipino,active
,nabalian gid tungtong ko,ankle sprain,ankle_sprain,filipino,active
,nabalian tungtong ko,ankle sprain,ankle_sprain,filipino,active
,nabangga ako sang salakyan,vehicle collision injury,vehicle_collision_injury,filipino,active
,nabangga ko sang motor,vehicle collision injury,vehicle_collision_injury,filipino,active
,nabangga ku sang motor,vehicle collision injury,vehicle_collision_injury,filipino,active
,nabun-og ako,bruise,bruise,filipino,active
,nabunggo ako sa bato,head injury from rock,head_injury_from_rock,filipino,active
,nag dugo akon pilas,bleeding wound,bleeding_wound,filipino,active
,nag dugo akon ulo,head bleeding,head_bleeding,filipino,active
,nag dugo ang pilas ko,bleeding wound,bleeding_wound,filipino,active
,nag dugo ang ulo ko,head bleeding,head_bleeding,filipino,active
,nagadugo akon ari,penile bleeding,penile_bleeding,filipino,active
,nagadugo akon ari ko,penile bleeding,penile_bleeding,filipino,active
,nagadugo akon ary,penile bleeding,penile_bleeding,filipino,active
,nagadugo akon ary ko,penile bleeding,penile_bleeding,filipino,active
,nagadugo akon bilad,vaginal bleeding,vaginal_bleeding,filipino,active
,nagadugo akon bilad ko,vaginal bleeding,vaginal_bleeding,filipino,active
,nagadugo akon bilat,vaginal bleeding,vaginal_bleeding,filipino,active
,nagadugo akon bilat ko,vaginal bleeding,vaginal_bleeding,filipino,active
,nagadugo akon itlog,testicular bleeding,testicular_bleeding,filipino,active
,nagadugo akon itlog ko,testicular bleeding,testicular_bleeding,filipino,active
,nagadugo akon itlug,testicular bleeding,testicular_bleeding,filipino,active
,nagadugo akon itlug ko,testicular bleeding,testicular_bleeding,filipino,active
,nagadugo ari ako,penile bleeding,penile_bleeding,filipino,active
,nagadugo ari akon,penile bleeding,penile_bleeding,filipino,active
,nagadugo ari akon gid,penile bleeding,penile_bleeding,filipino,active
,nagadugo ari akon subong,penile bleeding,penile_bleeding,filipino,active
,nagadugo ari ko ako,penile bleeding,penile_bleeding,filipino,active
,nagadugo ari ko akon,penile bleeding,penile_bleeding,filipino,active
,nagadugo ari ko akon gid,penile bleeding,penile_bleeding,filipino,active
,nagadugo ari ko akon subong,penile bleeding,penile_bleeding,filipino,active
,nagadugo ary ako,penile bleeding,penile_bleeding,filipino,active
,nagadugo ary akon,penile bleeding,penile_bleeding,filipino,active
,nagadugo ary akon gid,penile bleeding,penile_bleeding,filipino,active
,nagadugo ary akon subong,penile bleeding,penile_bleeding,filipino,active
,nagadugo ary ko ako,penile bleeding,penile_bleeding,filipino,active
,nagadugo ary ko akon,penile bleeding,penile_bleeding,filipino,active
,nagadugo ary ko akon gid,penile bleeding,penile_bleeding,filipino,active
,nagadugo ary ko akon subong,penile bleeding,penile_bleeding,filipino,active
,nagadugo bilad ako,vaginal bleeding,vaginal_bleeding,filipino,active
,nagadugo bilad akon,vaginal bleeding,vaginal_bleeding,filipino,active
,nagadugo bilad akon gid,vaginal bleeding,vaginal_bleeding,filipino,active
,nagadugo bilad akon subong,vaginal bleeding,vaginal_bleeding,filipino,active
,nagadugo bilad ko ako,vaginal bleeding,vaginal_bleeding,filipino,active
,nagadugo bilad ko akon,vaginal bleeding,vaginal_bleeding,filipino,active
,nagadugo bilad ko akon gid,vaginal bleeding,vaginal_bleeding,filipino,active
,nagadugo bilad ko akon subong,vaginal bleeding,vaginal_bleeding,filipino,active
,nagadugo bilat ako,vaginal bleeding,vaginal_bleeding,filipino,active
,nagadugo bilat akon,vaginal bleeding,vaginal_bleeding,filipino,active
,nagadugo bilat akon gid,vaginal bleeding,vaginal_bleeding,filipino,active
,nagadugo bilat akon subong,vaginal bleeding,vaginal_bleeding,filipino,active
,nagadugo bilat ko ako,vaginal bleeding,vaginal_bleeding,filipino,active
,nagadugo bilat ko akon,vaginal bleeding,vaginal_bleeding,filipino,active
,nagadugo bilat ko akon gid,vaginal bleeding,vaginal_bleeding,filipino,active
,nagadugo bilat ko akon subong,vaginal bleeding,vaginal_bleeding,filipino,active
,nagadugo gid akon itlog,testicular bleeding,testicular_bleeding,filipino,active
,nagadugo gid itlog ako,testicular bleeding,testicular_bleeding,filipino,active
,nagadugo gid itlog akon,testicular bleeding,testicular_bleeding,filipino,active
,nagadugo gid itlog akon gid,testicular bleeding,testicular_bleeding,filipino,active
,nagadugo gid itlog akon subong,testicular bleeding,testicular_bleeding,filipino,active
,nagadugo itlog ako,testicular bleeding,testicular_bleeding,filipino,active
,nagadugo itlog akon,testicular bleeding,testicular_bleeding,filipino,active
,nagadugo itlog akon gid,testicular bleeding,testicular_bleeding,filipino,active
,nagadugo itlog akon subong,testicular bleeding,testicular_bleeding,filipino,active
,nagadugo itlog ko ako,testicular bleeding,testicular_bleeding,filipino,active
,nagadugo itlog ko akon,testicular bleeding,testicular_bleeding,filipino,active
,nagadugo itlog ko akon gid,testicular bleeding,testicular_bleeding,filipino,active
,nagadugo itlog ko akon subong,testicular bleeding,testicular_bleeding,filipino,active
,nagadugo itlug ako,testicular bleeding,testicular_bleeding,filipino,active
,nagadugo itlug akon,testicular bleeding,testicular_bleeding,filipino,active
,nagadugo itlug akon gid,testicular bleeding,testicular_bleeding,filipino,active
,nagadugo itlug akon subong,testicular bleeding,testicular_bleeding,filipino,active
,nagadugo itlug ko ako,testicular bleeding,testicular_bleeding,filipino,active
,nagadugo itlug ko akon,testicular bleeding,testicular_bleeding,filipino,active
,nagadugo itlug ko akon gid,testicular bleeding,testicular_bleeding,filipino,active
,nagadugo itlug ko akon subong,testicular bleeding,testicular_bleeding,filipino,active
,nagahubag ang unto,swollen gums,swollen_gums,filipino,active
,nagaluha akon mata,watery eyes,watery_eyes,filipino,active
,nagataas timbang ko,weight gain,weight_gain,filipino,active
,nagdugo ako nga burod,pregnancy bleeding,pregnancy_bleeding,filipino,active
,nagdugo akon ari,penile bleeding,penile_bleeding,filipino,active
,nagdugo akon ari ko,penile bleeding,penile_bleeding,filipino,active
,nagdugo akon ary,penile bleeding,penile_bleeding,filipino,active
,nagdugo akon ary ko,penile bleeding,penile_bleeding,filipino,active
,nagdugo akon baba,oral bleeding,oral_bleeding,filipino,active
,nagdugo akon bilad,vaginal bleeding,vaginal_bleeding,filipino,active
,nagdugo akon bilad ko,vaginal bleeding,vaginal_bleeding,filipino,active
,nagdugo akon bilat,vaginal bleeding,vaginal_bleeding,filipino,active
,nagdugo akon bilat ko,vaginal bleeding,vaginal_bleeding,filipino,active
,nagdugo akon ilong,nosebleed,nosebleed,filipino,active
,nagdugo akon itlog,testicular bleeding,testicular_bleeding,filipino,active
,nagdugo akon itlog ko,testicular bleeding,testicular_bleeding,filipino,active
,nagdugo akon itlug,testicular bleeding,testicular_bleeding,filipino,active
,nagdugo akon itlug ko,testicular bleeding,testicular_bleeding,filipino,active
,nagdugo akon kamot,hand bleeding,hand_bleeding,filipino,active
,nagdugo akon pilas,bleeding wound,bleeding_wound,filipino,active
,nagdugo akon tiil,foot bleeding,foot_bleeding,filipino,active
,nagdugo akon tudlo,finger bleeding,finger_bleeding,filipino,active
,nagdugo akon ulo,head bleeding,head_bleeding,filipino,active
,nagdugo ang pilas ko,bleeding wound,bleeding_wound,filipino,active
,nagdugo ang pilas ku,bleeding wound,bleeding_wound,filipino,active
,nagdugo ang pilas sa batiis ko,leg wound,leg_wound,filipino,active
,nagdugo ang pilas sa buuk ko,arm wound,arm_wound,filipino,active
,nagdugo ang pilas sa kamot ko,hand wound,hand_wound,filipino,active
,nagdugo ang pilas sa likod ko,back wound,back_wound,filipino,active
,nagdugo ang pilas sa paa ko,foot wound,foot_wound,filipino,active
,nagdugo ang pilas sa tiil ko,foot wound,foot_wound,filipino,active
,nagdugo ang pilas sa tiyan ko,abdominal wound,abdominal_wound,filipino,active
,nagdugo ang pilas sa tudlo ko,finger wound,finger_wound,filipino,active
,nagdugo ang pilas sa ulo ko,head wound,head_wound,filipino,active
,nagdugo ang ulo ko,head bleeding,head_bleeding,filipino,active
,nagdugo ang ulo ku,head bleeding,head_bleeding,filipino,active
,nagdugo ari ako,penile bleeding,penile_bleeding,filipino,active
,nagdugo ari akon,penile bleeding,penile_bleeding,filipino,active
,nagdugo ari akon gid,penile bleeding,penile_bleeding,filipino,active
,nagdugo ari akon subong,penile bleeding,penile_bleeding,filipino,active
,nagdugo ari ko ako,penile bleeding,penile_bleeding,filipino,active
,nagdugo ari ko akon,penile bleeding,penile_bleeding,filipino,active
,nagdugo ari ko akon gid,penile bleeding,penile_bleeding,filipino,active
,nagdugo ari ko akon subong,penile bleeding,penile_bleeding,filipino,active
,nagdugo ary ako,penile bleeding,penile_bleeding,filipino,active
,nagdugo ary akon,penile bleeding,penile_bleeding,filipino,active
,nagdugo ary akon gid,penile bleeding,penile_bleeding,filipino,active
,nagdugo ary akon subong,penile bleeding,penile_bleeding,filipino,active
,nagdugo ary ko ako,penile bleeding,penile_bleeding,filipino,active
,nagdugo ary ko akon,penile bleeding,penile_bleeding,filipino,active
,nagdugo ary ko akon gid,penile bleeding,penile_bleeding,filipino,active
,nagdugo ary ko akon subong,penile bleeding,penile_bleeding,filipino,active
,nagdugo bilad ako,vaginal bleeding,vaginal_bleeding,filipino,active
,nagdugo bilad akon,vaginal bleeding,vaginal_bleeding,filipino,active
,nagdugo bilad akon gid,vaginal bleeding,vaginal_bleeding,filipino,active
,nagdugo bilad akon subong,vaginal bleeding,vaginal_bleeding,filipino,active
,nagdugo bilad ko ako,vaginal bleeding,vaginal_bleeding,filipino,active
,nagdugo bilad ko akon,vaginal bleeding,vaginal_bleeding,filipino,active
,nagdugo bilad ko akon gid,vaginal bleeding,vaginal_bleeding,filipino,active
,nagdugo bilad ko akon subong,vaginal bleeding,vaginal_bleeding,filipino,active
,nagdugo bilat ako,vaginal bleeding,vaginal_bleeding,filipino,active
,nagdugo bilat akon,vaginal bleeding,vaginal_bleeding,filipino,active
,nagdugo bilat akon gid,vaginal bleeding,vaginal_bleeding,filipino,active
,nagdugo bilat akon subong,vaginal bleeding,vaginal_bleeding,filipino,active
,nagdugo bilat ko ako,vaginal bleeding,vaginal_bleeding,filipino,active
,nagdugo bilat ko akon,vaginal bleeding,vaginal_bleeding,filipino,active
,nagdugo bilat ko akon gid,vaginal bleeding,vaginal_bleeding,filipino,active
,nagdugo bilat ko akon subong,vaginal bleeding,vaginal_bleeding,filipino,active
,nagdugo gid akon ari,penile bleeding,penile_bleeding,filipino,active
,nagdugo gid akon ari ko,penile bleeding,penile_bleeding,filipino,active
,nagdugo gid akon ary,penile bleeding,penile_bleeding,filipino,active
,nagdugo gid akon ary ko,penile bleeding,penile_bleeding,filipino,active
,nagdugo gid akon bilad,vaginal bleeding,vaginal_bleeding,filipino,active
,nagdugo gid akon bilad ko,vaginal bleeding,vaginal_bleeding,filipino,active
,nagdugo gid akon bilat,vaginal bleeding,vaginal_bleeding,filipino,active
,nagdugo gid akon bilat ko,vaginal bleeding,vaginal_bleeding,filipino,active
,nagdugo gid akon itlog,testicular bleeding,testicular_bleeding,filipino,active
,nagdugo gid akon itlog ko,testicular bleeding,testicular_bleeding,filipino,active
,nagdugo gid akon itlug,testicular bleeding,testicular_bleeding,filipino,active
,nagdugo gid akon itlug ko,testicular bleeding,testicular_bleeding,filipino,active
,nagdugo gid ari ako,penile bleeding,penile_bleeding,filipino,active
,nagdugo gid ari akon,penile bleeding,penile_bleeding,filipino,active
,nagdugo gid ari akon gid,penile bleeding,penile_bleeding,filipino,active
,nagdugo gid ari akon subong,penile bleeding,penile_bleeding,filipino,active
,nagdugo gid ari ko ako,penile bleeding,penile_bleeding,filipino,active
,nagdugo gid ari ko akon,penile bleeding,penile_bleeding,filipino,active
,nagdugo gid ari ko akon gid,penile bleeding,penile_bleeding,filipino,active
,nagdugo gid ari ko akon subong,penile bleeding,penile_bleeding,filipino,active
,nagdugo gid ary ako,penile bleeding,penile_bleeding,filipino,active
,nagdugo gid ary akon,penile bleeding,penile_bleeding,filipino,active
,nagdugo gid ary akon gid,penile bleeding,penile_bleeding,filipino,active
,nagdugo gid ary akon subong,penile bleeding,penile_bleeding,filipino,active
,nagdugo gid ary ko ako,penile bleeding,penile_bleeding,filipino,active
,nagdugo gid ary ko akon,penile bleeding,penile_bleeding,filipino,active
,nagdugo gid ary ko akon gid,penile bleeding,penile_bleeding,filipino,active
,nagdugo gid ary ko akon subong,penile bleeding,penile_bleeding,filipino,active
,nagdugo gid bilad ako,vaginal bleeding,vaginal_bleeding,filipino,active
,nagdugo gid bilad akon,vaginal bleeding,vaginal_bleeding,filipino,active
,nagdugo gid bilad akon gid,vaginal bleeding,vaginal_bleeding,filipino,active
,nagdugo gid bilad akon subong,vaginal bleeding,vaginal_bleeding,filipino,active
,nagdugo gid bilad ko ako,vaginal bleeding,vaginal_bleeding,filipino,active
,nagdugo gid bilad ko akon,vaginal bleeding,vaginal_bleeding,filipino,active
,nagdugo gid bilad ko akon gid,vaginal bleeding,vaginal_bleeding,filipino,active
,nagdugo gid bilad ko akon subong,vaginal bleeding,vaginal_bleeding,filipino,active
,nagdugo gid bilat ako,vaginal bleeding,vaginal_bleeding,filipino,active
,nagdugo gid bilat akon,vaginal bleeding,vaginal_bleeding,filipino,active
,nagdugo gid bilat akon gid,vaginal bleeding,vaginal_bleeding,filipino,active
,nagdugo gid bilat akon subong,vaginal bleeding,vaginal_bleeding,filipino,active
,nagdugo gid bilat ko ako,vaginal bleeding,vaginal_bleeding,filipino,active
,nagdugo gid bilat ko akon,vaginal bleeding,vaginal_bleeding,filipino,active
,nagdugo gid bilat ko akon gid,vaginal bleeding,vaginal_bleeding,filipino,active
,nagdugo gid bilat ko akon subong,vaginal bleeding,vaginal_bleeding,filipino,active
,nagdugo gid ilong ko,nosebleed,nosebleed,filipino,active
,nagdugo gid itlog ako,testicular bleeding,testicular_bleeding,filipino,active
,nagdugo gid itlog akon,testicular bleeding,testicular_bleeding,filipino,active
,nagdugo gid itlog akon gid,testicular bleeding,testicular_bleeding,filipino,active
,nagdugo gid itlog akon subong,testicular bleeding,testicular_bleeding,filipino,active
,nagdugo gid itlog ko ako,testicular bleeding,testicular_bleeding,filipino,active
,nagdugo gid itlog ko akon,testicular bleeding,testicular_bleeding,filipino,active
,nagdugo gid itlog ko akon gid,testicular bleeding,testicular_bleeding,filipino,active
,nagdugo gid itlog ko akon subong,testicular bleeding,testicular_bleeding,filipino,active
,nagdugo gid itlug ako,testicular bleeding,testicular_bleeding,filipino,active
,nagdugo gid itlug akon,testicular bleeding,testicular_bleeding,filipino,active
,nagdugo gid itlug akon gid,testicular bleeding,testicular_bleeding,filipino,active
,nagdugo gid itlug akon subong,testicular bleeding,testicular_bleeding,filipino,active
,nagdugo gid itlug ko ako,testicular bleeding,testicular_bleeding,filipino,active
,nagdugo gid itlug ko akon,testicular bleeding,testicular_bleeding,filipino,active
,nagdugo gid itlug ko akon gid,testicular bleeding,testicular_bleeding,filipino,active
,nagdugo gid itlug ko akon subong,testicular bleeding,testicular_bleeding,filipino,active
,nagdugo ilong ko,nosebleed,nosebleed,filipino,active
,nagdugo itlog ako,testicular bleeding,testicular_bleeding,filipino,active
,nagdugo itlog akon,testicular bleeding,testicular_bleeding,filipino,active
,nagdugo itlog akon gid,testicular bleeding,testicular_bleeding,filipino,active
,nagdugo itlog akon subong,testicular bleeding,testicular_bleeding,filipino,active
,nagdugo itlog ko ako,testicular bleeding,testicular_bleeding,filipino,active
,nagdugo itlog ko akon,testicular bleeding,testicular_bleeding,filipino,active
,nagdugo itlog ko akon gid,testicular bleeding,testicular_bleeding,filipino,active
,nagdugo itlog ko akon subong,testicular bleeding,testicular_bleeding,filipino,active
,nagdugo itlug ako,testicular bleeding,testicular_bleeding,filipino,active
,nagdugo itlug akon,testicular bleeding,testicular_bleeding,filipino,active
,nagdugo itlug akon gid,testicular bleeding,testicular_bleeding,filipino,active
,nagdugo itlug akon subong,testicular bleeding,testicular_bleeding,filipino,active
,nagdugo itlug ko ako,testicular bleeding,testicular_bleeding,filipino,active
,nagdugo itlug ko akon,testicular bleeding,testicular_bleeding,filipino,active
,nagdugo itlug ko akon gid,testicular bleeding,testicular_bleeding,filipino,active
,nagdugo itlug ko akon subong,testicular bleeding,testicular_bleeding,filipino,active
,nagdugo pilas ko upod sang ginahilanat ko,bleeding wound with fever,bleeding_wound_with_fever,filipino,active
,nagdugo ulo ko upod sang nahilo ko,head bleeding with dizziness,head_bleeding_with_dizziness,filipino,active
,naghubag abaga akon,shoulder swelling,shoulder_swelling,filipino,active
,naghubag abaga akon gid,shoulder swelling,shoulder_swelling,filipino,active
,naghubag akon abaga,shoulder swelling,shoulder_swelling,filipino,active
,naghubag akon atay,liver swelling,liver_swelling,filipino,active
,naghubag akon awang,jaw swelling,jaw_swelling,filipino,active
,naghubag akon baba,lip swelling,lip_swelling,filipino,active
,naghubag akon balat,skin swelling,skin_swelling,filipino,active
,naghubag akon batiis,leg swelling,leg_swelling,filipino,active
,naghubag akon bato,kidney swelling,kidney_swelling,filipino,active
,naghubag akon baywang,waist swelling,waist_swelling,filipino,active
,naghubag akon buhok,hair swelling,hair_swelling,filipino,active
,naghubag akon bukong,forehead swelling,forehead_swelling,filipino,active
,naghubag akon buuk,arm swelling,arm_swelling,filipino,active
,naghubag akon dalunggan,ear swelling,ear_swelling,filipino,active
,naghubag akon dila,swollen tongue,swollen_tongue,filipino,active
,naghubag akon dughan,chest swelling,chest_swelling,filipino,active
,naghubag akon ilong,nasal swelling,nasal_swelling,filipino,active
,naghubag akon kamot,hand swelling,hand_swelling,filipino,active
,naghubag akon kuko,nail swelling,nail_swelling,filipino,active
,naghubag akon lawas,body swelling,body_swelling,filipino,active
,naghubag akon lawi,nape swelling,nape_swelling,filipino,active
,naghubag akon likod,back swelling,back_swelling,filipino,active
,naghubag akon liog,neck swelling,neck_swelling,filipino,active
,naghubag akon mata,eye swelling,eye_swelling,filipino,active
,naghubag akon ngipon,tooth swelling,tooth_swelling,filipino,active
,naghubag akon paa,foot swelling,foot_swelling,filipino,active
,naghubag akon pilas,wound swelling,wound_swelling,filipino,active
,naghubag akon pisngi,facial swelling,facial_swelling,filipino,active
,naghubag akon siko,elbow swelling,elbow_swelling,filipino,active
,naghubag akon tadlong,forearm swelling,forearm_swelling,filipino,active
,naghubag akon tagipusuon,heart swelling,heart_swelling,filipino,active
,naghubag akon tai,buttocks swelling,buttocks_swelling,filipino,active
,naghubag akon tiil,foot swelling,foot_swelling,filipino,active
,naghubag akon tikod,heel swelling,heel_swelling,filipino,active
,naghubag akon titi,breast swelling,breast_swelling,filipino,active
,naghubag akon tiyan,abdominal swelling,abdominal_swelling,filipino,active
,naghubag akon tudlo,finger swelling,finger_swelling,filipino,active
,naghubag akon tuhod,knee swelling,knee_swelling,filipino,active
,naghubag akon tungod,throat swelling,throat_swelling,filipino,active
,naghubag akon tungtong,ankle swelling,ankle_swelling,filipino,active
,naghubag akon ulo,head swelling,head_swelling,filipino,active
,naghubag akon utok,brain swelling,brain_swelling,filipino,active
,naghubag atay akon,liver swelling,liver_swelling,filipino,active
,naghubag atay akon gid,liver swelling,liver_swelling,filipino,active
,naghubag awang akon,jaw swelling,jaw_swelling,filipino,active
,naghubag awang akon gid,jaw swelling,jaw_swelling,filipino,active
,naghubag awang gid ko,jaw swelling,jaw_swelling,filipino,active
,naghubag awang ko,jaw swelling,jaw_swelling,filipino,active
,naghubag awang ko gid,jaw swelling,jaw_swelling,filipino,active
,naghubag awang man,jaw swelling,jaw_swelling,filipino,active
,naghubag awang subong,jaw swelling,jaw_swelling,filipino,active
,naghubag baba akon,lip swelling,lip_swelling,filipino,active
,naghubag baba akon gid,lip swelling,lip_swelling,filipino,active
,naghubag balat akon,skin swelling,skin_swelling,filipino,active
,naghubag balat akon gid,skin swelling,skin_swelling,filipino,active
,naghubag batiis akon,leg swelling,leg_swelling,filipino,active
,naghubag batiis akon gid,leg swelling,leg_swelling,filipino,active
,naghubag bato akon,kidney swelling,kidney_swelling,filipino,active
,naghubag bato akon gid,kidney swelling,kidney_swelling,filipino,active
,naghubag baywang akon,waist swelling,waist_swelling,filipino,active
,naghubag baywang akon gid,waist swelling,waist_swelling,filipino,active
,naghubag baywang gid ko,waist swelling,waist_swelling,filipino,active
,naghubag baywang ko,waist swelling,waist_swelling,filipino,active
,naghubag baywang ko gid,waist swelling,waist_swelling,filipino,active
,naghubag baywang man,waist swelling,waist_swelling,filipino,active
,naghubag baywang subong,waist swelling,waist_swelling,filipino,active
,naghubag buhok akon,hair swelling,hair_swelling,filipino,active
,naghubag buhok akon gid,hair swelling,hair_swelling,filipino,active
,naghubag bukong akon,forehead swelling,forehead_swelling,filipino,active
,naghubag bukong akon gid,forehead swelling,forehead_swelling,filipino,active
,naghubag bukong gid ko,forehead swelling,forehead_swelling,filipino,active
,naghubag bukong ko,forehead swelling,forehead_swelling,filipino,active
,naghubag bukong ko gid,forehead swelling,forehead_swelling,filipino,active
,naghubag bukong man,forehead swelling,forehead_swelling,filipino,active
,naghubag bukong subong,forehead swelling,forehead_swelling,filipino,active
,naghubag buuk akon,arm swelling,arm_swelling,filipino,active
,naghubag buuk akon gid,arm swelling,arm_swelling,filipino,active
,naghubag dalunggan akon,ear swelling,ear_swelling,filipino,active
,naghubag dalunggan akon gid,ear swelling,ear_swelling,filipino,active
,naghubag dila akon,swollen tongue,swollen_tongue,filipino,active
,naghubag dila akon gid,swollen tongue,swollen_tongue,filipino,active
,naghubag dughan akon,chest swelling,chest_swelling,filipino,active
,naghubag dughan akon gid,chest swelling,chest_swelling,filipino,active
,naghubag ilong akon,nasal swelling,nasal_swelling,filipino,active
,naghubag ilong akon gid,nasal swelling,nasal_swelling,filipino,active
,naghubag ilong gid ko,nasal swelling,nasal_swelling,filipino,active
,naghubag ilong ko,nasal swelling,nasal_swelling,filipino,active
,naghubag ilong ko gid,nasal swelling,nasal_swelling,filipino,active
,naghubag ilong man,nasal swelling,nasal_swelling,filipino,active
,naghubag ilong subong,nasal swelling,nasal_swelling,filipino,active
,naghubag kamot akon,hand swelling,hand_swelling,filipino,active
,naghubag kamot akon gid,hand swelling,hand_swelling,filipino,active
,naghubag kuko akon,nail swelling,nail_swelling,filipino,active
,naghubag kuko akon gid,nail swelling,nail_swelling,filipino,active
,naghubag lawas akon,body swelling,body_swelling,filipino,active
,naghubag lawas akon gid,body swelling,body_swelling,filipino,active
,naghubag lawi akon,nape swelling,nape_swelling,filipino,active
,naghubag lawi akon gid,nape swelling,nape_swelling,filipino,active
,naghubag likod akon,back swelling,back_swelling,filipino,active
,naghubag likod akon gid,back swelling,back_swelling,filipino,active
,naghubag liog akon,neck swelling,neck_swelling,filipino,active
,naghubag liog akon gid,neck swelling,neck_swelling,filipino,active
,naghubag mata akon,eye swelling,eye_swelling,filipino,active
,naghubag mata akon gid,eye swelling,eye_swelling,filipino,active
,naghubag ngipon akon,tooth swelling,tooth_swelling,filipino,active
,naghubag ngipon akon gid,tooth swelling,tooth_swelling,filipino,active
,naghubag paa akon,foot swelling,foot_swelling,filipino,active
,naghubag paa akon gid,foot swelling,foot_swelling,filipino,active
,naghubag pilas akon,wound swelling,wound_swelling,filipino,active
,naghubag pilas akon gid,wound swelling,wound_swelling,filipino,active
,naghubag pisngi akon,facial swelling,facial_swelling,filipino,active
,naghubag pisngi akon gid,facial swelling,facial_swelling,filipino,active
,naghubag siko akon,elbow swelling,elbow_swelling,filipino,active
,naghubag siko akon gid,elbow swelling,elbow_swelling,filipino,active
,naghubag tadlong akon,forearm swelling,forearm_swelling,filipino,active
,naghubag tadlong akon gid,forearm swelling,forearm_swelling,filipino,active
,naghubag tadlong gid ko,forearm swelling,forearm_swelling,filipino,active
,naghubag tadlong ko,forearm swelling,forearm_swelling,filipino,active
,naghubag tadlong ko gid,forearm swelling,forearm_swelling,filipino,active
,naghubag tadlong man,forearm swelling,forearm_swelling,filipino,active
,naghubag tadlong subong,forearm swelling,forearm_swelling,filipino,active
,naghubag tagipusuon akon,heart swelling,heart_swelling,filipino,active
,naghubag tagipusuon akon gid,heart swelling,heart_swelling,filipino,active
,naghubag tai akon,buttocks swelling,buttocks_swelling,filipino,active
,naghubag tai akon gid,buttocks swelling,buttocks_swelling,filipino,active
,naghubag tiil akon,foot swelling,foot_swelling,filipino,active
,naghubag tiil akon gid,foot swelling,foot_swelling,filipino,active
,naghubag tikod akon,heel swelling,heel_swelling,filipino,active
,naghubag tikod akon gid,heel swelling,heel_swelling,filipino,active
,naghubag titi akon,breast swelling,breast_swelling,filipino,active
,naghubag titi akon gid,breast swelling,breast_swelling,filipino,active
,naghubag tiyan akon,abdominal swelling,abdominal_swelling,filipino,active
,naghubag tiyan akon gid,abdominal swelling,abdominal_swelling,filipino,active
,naghubag tudlo akon,finger swelling,finger_swelling,filipino,active
,naghubag tudlo akon gid,finger swelling,finger_swelling,filipino,active
,naghubag tuhod akon,knee swelling,knee_swelling,filipino,active
,naghubag tuhod akon gid,knee swelling,knee_swelling,filipino,active
,naghubag tungod akon,throat swelling,throat_swelling,filipino,active
,naghubag tungod akon gid,throat swelling,throat_swelling,filipino,active
,naghubag tungtong akon,ankle swelling,ankle_swelling,filipino,active
,naghubag tungtong akon gid,ankle swelling,ankle_swelling,filipino,active
,naghubag tungtong gid ko,ankle swelling,ankle_swelling,filipino,active
,naghubag tungtong ko,ankle swelling,ankle_swelling,filipino,active
,naghubag tungtong ko gid,ankle swelling,ankle_swelling,filipino,active
,naghubag tungtong man,ankle swelling,ankle_swelling,filipino,active
,naghubag tungtong subong,ankle swelling,ankle_swelling,filipino,active
,naghubag ulo akon,head swelling,head_swelling,filipino,active
,naghubag ulo akon gid,head swelling,head_swelling,filipino,active
,naghubag utok akon,brain swelling,brain_swelling,filipino,active
,naghubag utok akon gid,brain swelling,brain_swelling,filipino,active
,nagkalbo ako,baldness,baldness,filipino,active
,nahihilo ako,dizziness,dizziness,filipino,active
,nahihirapang huminga,difficulty breathing,difficulty_breathing,filipino,active
,nahilo ako,dizziness,dizziness,filipino,active
,nahilo ko upod sang ginahilanat ko,dizziness with fever,dizziness_with_fever,filipino,active
,nahubasan ko sang init,heat exhaustion,heat_exhaustion,filipino,active
,naipit ang kamot ko,crush injury,crush_injury,filipino,active
,naka-inom ko sang lason,poisoning,poisoning,filipino,active
,naka-inom sang tambal sobra,medication overdose,medication_overdose,filipino,active
,nakuryente ako,electrical injury,electrical_injury,filipino,active
,nakuryente gamay ko,minor electrical shock,minor_electrical_shock,filipino,active
,nakuryente ko sang kuryente,electrical injury,electrical_injury,filipino,active
,nakuryente ku sang kuryente,electrical injury,electrical_injury,filipino,active
,nasunog akon balat,skin burn,skin_burn,filipino,active
,nasunog akon batiis,leg burn,leg_burn,filipino,active
,nasunog akon buuk,arm burn,arm_burn,filipino,active
,nasunog akon kamot,hand burn,hand_burn,filipino,active
,nasunog akon lawas,body burn,body_burn,filipino,active
,nasunog akon mata,eye burn,eye_burn,filipino,active
,nasunog akon tiil,foot burn,foot_burn,filipino,active
,nasunog akon tiyan,abdominal burn,abdominal_burn,filipino,active
,nasunog ko ang balat,skin burn,skin_burn,filipino,active
,nasunog ko ang batiis,leg burn,leg_burn,filipino,active
,nasunog ko ang buuk,arm burn,arm_burn,filipino,active
,nasunog ko ang kamot,hand burn,hand_burn,filipino,active
,nasunog ko ang lawas,body burn,body_burn,filipino,active
,nasunog ko ang mata,eye burn,eye_burn,filipino,active
,nasunog ko ang tiil,foot burn,foot_burn,filipino,active
,nasunog ko ang tiyan,abdominal burn,abdominal_burn,filipino,active
,nasunog ko sang kuryente,electrical burn,electrical_burn,filipino,active
,nasunog ko sang mainit nga tubig,scalding burn,scalding_burn,filipino,active
,nasunog ko sang mantika,thermal burn,thermal_burn,filipino,active
,natabunan sang pagkaon,choking on food,choking_on_food,filipino,active
,nautod akon buuk,amputated arm,amputated_arm,filipino,active
,nautod akon kamot,amputated hand,amputated_hand,filipino,active
,nautod akon kuko,nail avulsion,nail_avulsion,filipino,active
,nautod akon paa,amputated foot,amputated_foot,filipino,active
,nautod akon tiil,amputated foot,amputated_foot,filipino,active
,nautod akon tudlo,amputated finger,amputated_finger,filipino,active
,nautod ang acun buuk,amputated arm,amputated_arm,filipino,active
,nautod ang acun kamot,amputated hand,amputated_hand,filipino,active
,nautod ang acun kuko,nail avulsion,nail_avulsion,filipino,active
,nautod ang acun paa,amputated foot,amputated_foot,filipino,active
,nautod ang acun tiil,amputated foot,amputated_foot,filipino,active
,nautod ang acun tudlo,amputated finger,amputated_finger,filipino,active
,nautod ang akon buuk,amputated arm,amputated_arm,filipino,active
,nautod ang akon kamot,amputated hand,amputated_hand,filipino,active
,nautod ang akon kuko,nail avulsion,nail_avulsion,filipino,active
,nautod ang akon paa,amputated foot,amputated_foot,filipino,active
,nautod ang akon tiil,amputated foot,amputated_foot,filipino,active
,nautod ang akon tudlo,amputated finger,amputated_finger,filipino,active
,nautod ang buuk ko,amputated arm,amputated_arm,filipino,active
,nautod ang buuk ku,amputated arm,amputated_arm,filipino,active
,nautod ang kamot ko,amputated hand,amputated_hand,filipino,active
,nautod ang kamot ku,amputated hand,amputated_hand,filipino,active
,nautod ang kuko ko,nail avulsion,nail_avulsion,filipino,active
,nautod ang kuko ku,nail avulsion,nail_avulsion,filipino,active
,nautod ang paa ko,amputated foot,amputated_foot,filipino,active
,nautod ang paa ku,amputated foot,amputated_foot,filipino,active
,nautod ang tiil ko,amputated foot,amputated_foot,filipino,active
,nautod ang tiil ku,amputated foot,amputated_foot,filipino,active
,nautod ang tudlo ko,amputated finger,amputated_finger,filipino,active
,nautod ang tudlo ku,amputated finger,amputated_finger,filipino,active
,nautod gid akon buuk,amputated arm,amputated_arm,filipino,active
,nautod gid akon kamot,amputated hand,amputated_hand,filipino,active
,nautod gid akon kuko,nail avulsion,nail_avulsion,filipino,active
,nautod gid akon paa,amputated foot,amputated_foot,filipino,active
,nautod gid akon tiil,amputated foot,amputated_foot,filipino,active
,nautod gid akon tudlo,amputated finger,amputated_finger,filipino,active
,nautod ko ang acun buuk,amputated arm,amputated_arm,filipino,active
,nautod ko ang acun kamot,amputated hand,amputated_hand,filipino,active
,nautod ko ang acun kuko,nail avulsion,nail_avulsion,filipino,active
,nautod ko ang acun paa,amputated foot,amputated_foot,filipino,active
,nautod ko ang acun tiil,amputated foot,amputated_foot,filipino,active
,nautod ko ang acun tudlo,amputated finger,amputated_finger,filipino,active
,nautod ko ang akon buuk,amputated arm,amputated_arm,filipino,active
,nautod ko ang akon kamot,amputated hand,amputated_hand,filipino,active
,nautod ko ang akon kuko,nail avulsion,nail_avulsion,filipino,active
,nautod ko ang akon paa,amputated foot,amputated_foot,filipino,active
,nautod ko ang akon tiil,amputated foot,amputated_foot,filipino,active
,nautod ko ang akon tudlo,amputated finger,amputated_finger,filipino,active
,nautod ko ang buuk ko,amputated arm,amputated_arm,filipino,active
,nautod ko ang kamot ko,amputated hand,amputated_hand,filipino,active
,nautod ko ang kuko ko,nail avulsion,nail_avulsion,filipino,active
,nautod ko ang paa ko,amputated foot,amputated_foot,filipino,active
,nautod ko ang tiil ko,amputated foot,amputated_foot,filipino,active
,nautod ko ang tudlo ko,amputated finger,amputated_finger,filipino,active
,nautod ku ang akon buuk,amputated arm,amputated_arm,filipino,active
,nautod ku ang akon kamot,amputated hand,amputated_hand,filipino,active
,nautod ku ang akon kuko,nail avulsion,nail_avulsion,filipino,active
,nautod ku ang akon paa,amputated foot,amputated_foot,filipino,active
,nautod ku ang akon tiil,amputated foot,amputated_foot,filipino,active
,nautod ku ang akon tudlo,amputated finger,amputated_finger,filipino,active
,nautod ku ang buuk ko,amputated arm,amputated_arm,filipino,active
,nautod ku ang kamot ko,amputated hand,amputated_hand,filipino,active
,nautod ku ang kuko ko,nail avulsion,nail_avulsion,filipino,active
,nautod ku ang paa ko,amputated foot,amputated_foot,filipino,active
,nautod ku ang tiil ko,amputated foot,amputated_foot,filipino,active
,nautod ku ang tudlo ko,amputated finger,amputated_finger,filipino,active
,nautod na akon buuk,amputated arm,amputated_arm,filipino,active
,nautod na akon kamot,amputated hand,amputated_hand,filipino,active
,nautod na akon kuko,nail avulsion,nail_avulsion,filipino,active
,nautod na akon paa,amputated foot,amputated_foot,filipino,active
,nautod na akon tiil,amputated foot,amputated_foot,filipino,active
,nautod na akon tudlo,amputated finger,amputated_finger,filipino,active
,nautod na ang akon buuk,amputated arm,amputated_arm,filipino,active
,nautod na ang akon kamot,amputated hand,amputated_hand,filipino,active
,nautod na ang akon kuko,nail avulsion,nail_avulsion,filipino,active
,nautod na ang akon paa,amputated foot,amputated_foot,filipino,active
,nautod na ang akon tiil,amputated foot,amputated_foot,filipino,active
,nautod na ang akon tudlo,amputated finger,amputated_finger,filipino,active
,nautod na ang buuk ko,amputated arm,amputated_arm,filipino,active
,nautod na ang kamot ko,amputated hand,amputated_hand,filipino,active
,nautod na ang kuko ko,nail avulsion,nail_avulsion,filipino,active
,nautod na ang paa ko,amputated foot,amputated_foot,filipino,active
,nautod na ang tiil ko,amputated foot,amputated_foot,filipino,active
,nautod na ang tudlo ko,amputated finger,amputated_finger,filipino,active
,nautod na gid akon buuk,amputated arm,amputated_arm,filipino,active
,nautod na gid akon kamot,amputated hand,amputated_hand,filipino,active
,nautod na gid akon kuko,nail avulsion,nail_avulsion,filipino,active
,nautod na gid akon paa,amputated foot,amputated_foot,filipino,active
,nautod na gid akon tiil,amputated foot,amputated_foot,filipino,active
,nautod na gid akon tudlo,amputated finger,amputated_finger,filipino,active
,nautod na ko ang akon buuk,amputated arm,amputated_arm,filipino,active
,nautod na ko ang akon kamot,amputated hand,amputated_hand,filipino,active
,nautod na ko ang akon kuko,nail avulsion,nail_avulsion,filipino,active
,nautod na ko ang akon paa,amputated foot,amputated_foot,filipino,active
,nautod na ko ang akon tiil,amputated foot,amputated_foot,filipino,active
,nautod na ko ang akon tudlo,amputated finger,amputated_finger,filipino,active
,nautod na ko ang buuk ko,amputated arm,amputated_arm,filipino,active
,nautod na ko ang kamot ko,amputated hand,amputated_hand,filipino,active
,nautod na ko ang kuko ko,nail avulsion,nail_avulsion,filipino,active
,nautod na ko ang paa ko,amputated foot,amputated_foot,filipino,active
,nautod na ko ang tiil ko,amputated foot,amputated_foot,filipino,active
,nautod na ko ang tudlo ko,amputated finger,amputated_finger,filipino,active
,nautod na tudlo ko sang makina,amputated finger,amputated_finger,filipino,active
,nautod tudlo ko sang makina,amputated finger,amputated_finger,filipino,active
,nautod tudlo ku sang makina,amputated finger,amputated_finger,filipino,active
,perme ginkagat sang ido ko,dog bite,dog_bite,filipino,active
,perme may nana akon mata,eye infection,eye_infection,filipino,active
,perme nga ginkagat sang ido ko,dog bite,dog_bite,filipino,active
,perme nga may nana akon mata,eye infection,eye_infection,filipino,active
,posible ginkagat sang ido ko,dog bite,dog_bite,filipino,active
,posible may nana akon mata,eye infection,eye_infection,filipino,active
,posible nga ginkagat sang ido ko,dog bite,dog_bite,filipino,active
,posible nga may nana akon mata,eye infection,eye_infection,filipino,active
,rayuma ng balikat,arthritis,arthritis,filipino,active
,rayuma ng kamay,arthritis,arthritis,filipino,active
,rayuma ng leeg,cervical spondylosis,cervical_spondylosis,filipino,active
,rayuma ng tuhod,osteoarthritis,osteoarthritis,filipino,active
,sakit abaga ako,shoulder pain,shoulder_pain,filipino,active
,sakit abaga akon,shoulder pain,shoulder_pain,filipino,active
,sakit abaga akon gid,shoulder pain,shoulder_pain,filipino,active
,sakit abaga akon subong,shoulder pain,shoulder_pain,filipino,active
,sakit akon abaga,shoulder pain,shoulder_pain,filipino,active
,sakit akon ari,penile pain,penile_pain,filipino,active
,sakit akon ari ko,penile pain,penile_pain,filipino,active
,sakit akon ary,penile pain,penile_pain,filipino,active
,sakit akon ary ko,penile pain,penile_pain,filipino,active
,sakit akon atay,liver pain,liver_pain,filipino,active
,sakit akon awang,jaw pain,jaw_pain,filipino,active
,sakit akon baba,mouth pain,mouth_pain,filipino,active
,sakit akon balat,skin pain,skin_pain,filipino,active
,sakit akon batiis,leg pain,leg_pain,filipino,active
,sakit akon bato,kidney pain,kidney_pain,filipino,active
,sakit akon bayag,scrotal pain,scrotal_pain,filipino,active
,sakit akon baywang,waist pain,waist_pain,filipino,active
,sakit akon bilad,vaginal pain,vaginal_pain,filipino,active
,sakit akon bilad ko,vaginal pain,vaginal_pain,filipino,active
,sakit akon bilat,vaginal pain,vaginal_pain,filipino,active
,sakit akon bilat ko,vaginal pain,vaginal_pain,filipino,active
,sakit akon buhok,hair pain,hair_pain,filipino,active
,sakit akon bukong,forehead pain,forehead_pain,filipino,active
,sakit akon buuk,arm pain,arm_pain,filipino,active
,sakit akon dalunggan,ear pain,ear_pain,filipino,active
,sakit akon dila,tongue pain,tongue_pain,filipino,active
,sakit akon dughan,chest pain,chest_pain,filipino,active
,sakit akon ilong,nose pain,nose_pain,filipino,active
,sakit akon itlog,testicular pain,testicular_pain,filipino,active
,sakit akon itlog ko,testicular pain,testicular_pain,filipino,active
,sakit akon itlog ku,testicular pain,testicular_pain,filipino,active
,sakit akon itlug,testicular pain,testicular_pain,filipino,active
,sakit akon itlug ko,testicular pain,testicular_pain,filipino,active
,sakit akon itlug ku,testicular pain,testicular_pain,filipino,active
,sakit akon kamot,hand pain,hand_pain,filipino,active
,sakit akon kipay,vulvar pain,vulvar_pain,filipino,active
,sakit akon kuko,nail pain,nail_pain,filipino,active
,sakit akon lawas,body pain,body_pain,filipino,active
,sakit akon lawi,nape pain,nape_pain,filipino,active
,sakit akon likod,back pain,back_pain,filipino,active
,sakit akon liog,neck pain,neck_pain,filipino,active
,sakit akon mata,eye pain,eye_pain,filipino,active
,sakit akon ngipon,tooth pain,tooth_pain,filipino,active
,sakit akon paa,foot pain,foot_pain,filipino,active
,sakit akon pilas,wound pain,wound_pain,filipino,active
,sakit akon pisngi,cheek pain,cheek_pain,filipino,active
,sakit akon siko,elbow pain,elbow_pain,filipino,active
,sakit akon singit,groin pain,groin_pain,filipino,active
,sakit akon tadlong,forearm pain,forearm_pain,filipino,active
,sakit akon tagipusuon,heart pain,heart_pain,filipino,active
,sakit akon tai,buttocks pain,buttocks_pain,filipino,active
,sakit akon tiil,foot pain,foot_pain,filipino,active
,sakit akon tikod,heel pain,heel_pain,filipino,active
,sakit akon titi,breast pain,breast_pain,filipino,active
,sakit akon tiyan,abdominal pain,abdominal_pain,filipino,active
,sakit akon tudlo,finger pain,finger_pain,filipino,active
,sakit akon tuhod,knee pain,knee_pain,filipino,active
,sakit akon tungod,throat pain,throat_pain,filipino,active
,sakit akon tungtong,ankle pain,ankle_pain,filipino,active
,sakit akon ulo,head pain,head_pain,filipino,active
,sakit akon utok,brain pain,brain_pain,filipino,active
,sakit ari ako,penile pain,penile_pain,filipino,active
,sakit ari akon,penile pain,penile_pain,filipino,active
,sakit ari akon gid,penile pain,penile_pain,filipino,active
,sakit ari akon subong,penile pain,penile_pain,filipino,active
,sakit ari ko ako,penile pain,penile_pain,filipino,active
,sakit ari ko akon,penile pain,penile_pain,filipino,active
,sakit ari ko akon gid,penile pain,penile_pain,filipino,active
,sakit ari ko akon subong,penile pain,penile_pain,filipino,active
,sakit ary ako,penile pain,penile_pain,filipino,active
,sakit ary akon,penile pain,penile_pain,filipino,active
,sakit ary akon gid,penile pain,penile_pain,filipino,active
,sakit ary akon subong,penile pain,penile_pain,filipino,active
,sakit ary ko ako,penile pain,penile_pain,filipino,active
,sakit ary ko akon,penile pain,penile_pain,filipino,active
,sakit ary ko akon gid,penile pain,penile_pain,filipino,active
,sakit ary ko akon subong,penile pain,penile_pain,filipino,active
,sakit atay akon,liver pain,liver_pain,filipino,active
,sakit awang akon,jaw pain,jaw_pain,filipino,active
,sakit awang gid ko,jaw pain,jaw_pain,filipino,active
,sakit awang ko,jaw pain,jaw_pain,filipino,active
,sakit awang man,jaw pain,jaw_pain,filipino,active
,sakit awang subong,jaw pain,jaw_pain,filipino,active
,sakit baba akon,mouth pain,mouth_pain,filipino,active
,sakit balat akon,skin pain,skin_pain,filipino,active
,sakit batiis akon,leg pain,leg_pain,filipino,active
,sakit bato akon,kidney pain,kidney_pain,filipino,active
,sakit bayag ako,scrotal pain,scrotal_pain,filipino,active
,sakit bayag akon,scrotal pain,scrotal_pain,filipino,active
,sakit bayag akon gid,scrotal pain,scrotal_pain,filipino,active
,sakit bayag akon subong,scrotal pain,scrotal_pain,filipino,active
,sakit baywang ako,waist pain,waist_pain,filipino,active
,sakit baywang akon,waist pain,waist_pain,filipino,active
,sakit baywang akon gid,waist pain,waist_pain,filipino,active
,sakit baywang akon subong,waist pain,waist_pain,filipino,active
,sakit baywang gid ko,waist pain,waist_pain,filipino,active
,sakit baywang ko,waist pain,waist_pain,filipino,active
,sakit baywang ko gid,waist pain,waist_pain,filipino,active
,sakit baywang ko man,waist pain,waist_pain,filipino,active
,sakit baywang man,waist pain,waist_pain,filipino,active
,sakit baywang subong,waist pain,waist_pain,filipino,active
,sakit bilad ako,vaginal pain,vaginal_pain,filipino,active
,sakit bilad akon,vaginal pain,vaginal_pain,filipino,active
,sakit bilad akon gid,vaginal pain,vaginal_pain,filipino,active
,sakit bilad akon subong,vaginal pain,vaginal_pain,filipino,active
,sakit bilad ko ako,vaginal pain,vaginal_pain,filipino,active
,sakit bilad ko akon,vaginal pain,vaginal_pain,filipino,active
,sakit bilad ko akon gid,vaginal pain,vaginal_pain,filipino,active
,sakit bilad ko akon subong,vaginal pain,vaginal_pain,filipino,active
,sakit bilat ako,vaginal pain,vaginal_pain,filipino,active
,sakit bilat akon,vaginal pain,vaginal_pain,filipino,active
,sakit bilat akon gid,vaginal pain,vaginal_pain,filipino,active
,sakit bilat akon subong,vaginal pain,vaginal_pain,filipino,active
,sakit bilat ko ako,vaginal pain,vaginal_pain,filipino,active
,sakit bilat ko akon,vaginal pain,vaginal_pain,filipino,active
,sakit bilat ko akon gid,vaginal pain,vaginal_pain,filipino,active
,sakit bilat ko akon subong,vaginal pain,vaginal_pain,filipino,active
,sakit buhok akon,hair pain,hair_pain,filipino,active
,sakit bukong akon,forehead pain,forehead_pain,filipino,active
,sakit bukong gid ko,forehead pain,forehead_pain,filipino,active
,sakit bukong ko,forehead pain,forehead_pain,filipino,active
,sakit bukong man,forehead pain,forehead_pain,filipino,active
,sakit bukong subong,forehead pain,forehead_pain,filipino,active
,sakit buuk akon,arm pain,arm_pain,filipino,active
,sakit dalunggan akon,ear pain,ear_pain,filipino,active
,sakit dila akon,tongue pain,tongue_pain,filipino,active
,sakit dughan ako,chest pain,chest_pain,filipino,active
,sakit dughan akon,chest pain,chest_pain,filipino,active
,sakit dughan akon gid,chest pain,chest_pain,filipino,active
,sakit dughan akon subong,chest pain,chest_pain,filipino,active
,sakit dughan ko upod sang dula ginhawa ko,chest pain with shortness of breath,chest_pain_with_shortness_of_breath,filipino,active
,sakit dughan ko upod sang gahika ko,chest pain with cough,chest_pain_with_cough,filipino,active
,sakit gid abaga ako,shoulder pain,shoulder_pain,filipino,active
,sakit gid abaga akon,shoulder pain,shoulder_pain,filipino,active
,sakit gid abaga akon gid,shoulder pain,shoulder_pain,filipino,active
,sakit gid abaga akon subong,shoulder pain,shoulder_pain,filipino,active
,sakit gid akon abaga,shoulder pain,shoulder_pain,filipino,active
,sakit gid akon ari,penile pain,penile_pain,filipino,active
,sakit gid akon ari ko,penile pain,penile_pain,filipino,active
,sakit gid akon ary,penile pain,penile_pain,filipino,active
,sakit gid akon ary ko,penile pain,penile_pain,filipino,active
,sakit gid akon atay,liver pain,liver_pain,filipino,active
,sakit gid akon awang,jaw pain,jaw_pain,filipino,active
,sakit gid akon baba,mouth pain,mouth_pain,filipino,active
,sakit gid akon balat,skin pain,skin_pain,filipino,active
,sakit gid akon batiis,leg pain,leg_pain,filipino,active
,sakit gid akon bato,kidney pain,kidney_pain,filipino,active
,sakit gid akon bayag,scrotal pain,scrotal_pain,filipino,active
,sakit gid akon baywang,waist pain,waist_pain,filipino,active
,sakit gid akon bilad,vaginal pain,vaginal_pain,filipino,active
,sakit gid akon bilad ko,vaginal pain,vaginal_pain,filipino,active
,sakit gid akon bilat,vaginal pain,vaginal_pain,filipino,active
,sakit gid akon bilat ko,vaginal pain,vaginal_pain,filipino,active
,sakit gid akon buhok,hair pain,hair_pain,filipino,active
,sakit gid akon bukong,forehead pain,forehead_pain,filipino,active
,sakit gid akon buuk,arm pain,arm_pain,filipino,active
,sakit gid akon dalunggan,ear pain,ear_pain,filipino,active
,sakit gid akon dila,tongue pain,tongue_pain,filipino,active
,sakit gid akon dughan,chest pain,chest_pain,filipino,active
,sakit gid akon ilong,nose pain,nose_pain,filipino,active
,sakit gid akon itlog,testicular pain,testicular_pain,filipino,active
,sakit gid akon itlog ko,testicular pain,testicular_pain,filipino,active
,sakit gid akon itlog ku,testicular pain,testicular_pain,filipino,active
,sakit gid akon itlug,testicular pain,testicular_pain,filipino,active
,sakit gid akon itlug ko,testicular pain,testicular_pain,filipino,active
,sakit gid akon itlug ku,testicular pain,testicular_pain,filipino,active
,sakit gid akon kamot,hand pain,hand_pain,filipino,active
,sakit gid akon kipay,vulvar pain,vulvar_pain,filipino,active
,sakit gid akon kuko,nail pain,nail_pain,filipino,active
,sakit gid akon lawas,body pain,body_pain,filipino,active
,sakit gid akon lawi,nape pain,nape_pain,filipino,active
,sakit gid akon likod,back pain,back_pain,filipino,active
,sakit gid akon liog,neck pain,neck_pain,filipino,active
,sakit gid akon mata,eye pain,eye_pain,filipino,active
,sakit gid akon ngipon,tooth pain,tooth_pain,filipino,active
,sakit gid akon paa,foot pain,foot_pain,filipino,active
,sakit gid akon pilas,wound pain,wound_pain,filipino,active
,sakit gid akon pisngi,cheek pain,cheek_pain,filipino,active
,sakit gid akon siko,elbow pain,elbow_pain,filipino,active
,sakit gid akon singit,groin pain,groin_pain,filipino,active
,sakit gid akon tadlong,forearm pain,forearm_pain,filipino,active
,sakit gid akon tagipusuon,heart pain,heart_pain,filipino,active
,sakit gid akon tai,buttocks pain,buttocks_pain,filipino,active
,sakit gid akon tiil,foot pain,foot_pain,filipino,active
,sakit gid akon tikod,heel pain,heel_pain,filipino,active
,sakit gid akon titi,breast pain,breast_pain,filipino,active
,sakit gid akon tiyan,abdominal pain,abdominal_pain,filipino,active
,sakit gid akon tudlo,finger pain,finger_pain,filipino,active
,sakit gid akon tuhod,knee pain,knee_pain,filipino,active
,sakit gid akon tungod,throat pain,throat_pain,filipino,active
,sakit gid akon tungtong,ankle pain,ankle_pain,filipino,active
,sakit gid akon ulo,head pain,head_pain,filipino,active
,sakit gid akon utok,brain pain,brain_pain,filipino,active
,sakit gid ari ako,penile pain,penile_pain,filipino,active
,sakit gid ari akon,penile pain,penile_pain,filipino,active
,sakit gid ari akon gid,penile pain,penile_pain,filipino,active
,sakit gid ari akon subong,penile pain,penile_pain,filipino,active
,sakit gid ari ko ako,penile pain,penile_pain,filipino,active
,sakit gid ari ko akon,penile pain,penile_pain,filipino,active
,sakit gid ari ko akon gid,penile pain,penile_pain,filipino,active
,sakit gid ari ko akon subong,penile pain,penile_pain,filipino,active
,sakit gid ary ako,penile pain,penile_pain,filipino,active
,sakit gid ary akon,penile pain,penile_pain,filipino,active
,sakit gid ary akon gid,penile pain,penile_pain,filipino,active
,sakit gid ary akon subong,penile pain,penile_pain,filipino,active
,sakit gid ary ko ako,penile pain,penile_pain,filipino,active
,sakit gid ary ko akon,penile pain,penile_pain,filipino,active
,sakit gid ary ko akon gid,penile pain,penile_pain,filipino,active
,sakit gid ary ko akon subong,penile pain,penile_pain,filipino,active
,sakit gid atay akon,liver pain,liver_pain,filipino,active
,sakit gid awang akon,jaw pain,jaw_pain,filipino,active
,sakit gid awang gid ko,jaw pain,jaw_pain,filipino,active
,sakit gid awang ko,jaw pain,jaw_pain,filipino,active
,sakit gid awang man,jaw pain,jaw_pain,filipino,active
,sakit gid awang subong,jaw pain,jaw_pain,filipino,active
,sakit gid baba akon,mouth pain,mouth_pain,filipino,active
,sakit gid balat akon,skin pain,skin_pain,filipino,active
,sakit gid batiis akon,leg pain,leg_pain,filipino,active
,sakit gid bato akon,kidney pain,kidney_pain,filipino,active
,sakit gid bayag ako,scrotal pain,scrotal_pain,filipino,active
,sakit gid bayag akon,scrotal pain,scrotal_pain,filipino,active
,sakit gid bayag akon gid,scrotal pain,scrotal_pain,filipino,active
,sakit gid bayag akon subong,scrotal pain,scrotal_pain,filipino,active
,sakit gid baywang ako,waist pain,waist_pain,filipino,active
,sakit gid baywang akon,waist pain,waist_pain,filipino,active
,sakit gid baywang akon gid,waist pain,waist_pain,filipino,active
,sakit gid baywang akon subong,waist pain,waist_pain,filipino,active
,sakit gid baywang gid ko,waist pain,waist_pain,filipino,active
,sakit gid baywang ko,waist pain,waist_pain,filipino,active
,sakit gid baywang ko gid,waist pain,waist_pain,filipino,active
,sakit gid baywang ko man,waist pain,waist_pain,filipino,active
,sakit gid baywang man,waist pain,waist_pain,filipino,active
,sakit gid baywang subong,waist pain,waist_pain,filipino,active
,sakit gid bilad ako,vaginal pain,vaginal_pain,filipino,active
,sakit gid bilad akon,vaginal pain,vaginal_pain,filipino,active
,sakit gid bilad akon gid,vaginal pain,vaginal_pain,filipino,active
,sakit gid bilad akon subong,vaginal pain,vaginal_pain,filipino,active
,sakit gid bilad ko ako,vaginal pain,vaginal_pain,filipino,active
,sakit gid bilad ko akon,vaginal pain,vaginal_pain,filipino,active
,sakit gid bilad ko akon gid,vaginal pain,vaginal_pain,filipino,active
,sakit gid bilad ko akon subong,vaginal pain,vaginal_pain,filipino,active
,sakit gid bilat ako,vaginal pain,vaginal_pain,filipino,active
,sakit gid bilat akon,vaginal pain,vaginal_pain,filipino,active
,sakit gid bilat akon gid,vaginal pain,vaginal_pain,filipino,active
,sakit gid bilat akon subong,vaginal pain,vaginal_pain,filipino,active
,sakit gid bilat ko ako,vaginal pain,vaginal_pain,filipino,active
,sakit gid bilat ko akon,vaginal pain,vaginal_pain,filipino,active
,sakit gid bilat ko akon gid,vaginal pain,vaginal_pain,filipino,active
,sakit gid bilat ko akon subong,vaginal pain,vaginal_pain,filipino,active
,sakit gid buhok akon,hair pain,hair_pain,filipino,active
,sakit gid bukong akon,forehead pain,forehead_pain,filipino,active
,sakit gid bukong gid ko,forehead pain,forehead_pain,filipino,active
,sakit gid bukong ko,forehead pain,forehead_pain,filipino,active
,sakit gid bukong man,forehead pain,forehead_pain,filipino,active
,sakit gid bukong subong,forehead pain,forehead_pain,filipino,active
,sakit gid buuk akon,arm pain,arm_pain,filipino,active
,sakit gid dalunggan akon,ear pain,ear_pain,filipino,active
,sakit gid dila akon,tongue pain,tongue_pain,filipino,active
,sakit gid dughan akon,chest pain,chest_pain,filipino,active
,sakit gid ilong akon,nose pain,nose_pain,filipino,active
,sakit gid ilong gid ko,nose pain,nose_pain,filipino,active
,sakit gid ilong ko,nose pain,nose_pain,filipino,active
,sakit gid ilong man,nose pain,nose_pain,filipino,active
,sakit gid ilong subong,nose pain,nose_pain,filipino,active
,sakit gid itlog ako,testicular pain,testicular_pain,filipino,active
,sakit gid itlog akon,testicular pain,testicular_pain,filipino,active
,sakit gid itlog akon gid,testicular pain,testicular_pain,filipino,active
,sakit gid itlog akon subong,testicular pain,testicular_pain,filipino,active
,sakit gid itlog ko ako,testicular pain,testicular_pain,filipino,active
,sakit gid itlog ko akon,testicular pain,testicular_pain,filipino,active
,sakit gid itlog ko akon gid,testicular pain,testicular_pain,filipino,active
,sakit gid itlog ko akon subong,testicular pain,testicular_pain,filipino,active
,sakit gid itlog ku ako,testicular pain,testicular_pain,filipino,active
,sakit gid itlog ku akon,testicular pain,testicular_pain,filipino,active
,sakit gid itlog ku akon gid,testicular pain,testicular_pain,filipino,active
,sakit gid itlog ku akon subong,testicular pain,testicular_pain,filipino,active
,sakit gid itlug ako,testicular pain,testicular_pain,filipino,active
,sakit gid itlug akon,testicular pain,testicular_pain,filipino,active
,sakit gid itlug akon gid,testicular pain,testicular_pain,filipino,active
,sakit gid itlug akon subong,testicular pain,testicular_pain,filipino,active
,sakit gid itlug ko ako,testicular pain,testicular_pain,filipino,active
,sakit gid itlug ko akon,testicular pain,testicular_pain,filipino,active
,sakit gid itlug ko akon gid,testicular pain,testicular_pain,filipino,active
,sakit gid itlug ko akon subong,testicular pain,testicular_pain,filipino,active
,sakit gid itlug ku ako,testicular pain,testicular_pain,filipino,active
,sakit gid itlug ku akon,testicular pain,testicular_pain,filipino,active
,sakit gid itlug ku akon gid,testicular pain,testicular_pain,filipino,active
,sakit gid itlug ku akon subong,testicular pain,testicular_pain,filipino,active
,sakit gid kamot akon,hand pain,hand_pain,filipino,active
,sakit gid kipay ako,vulvar pain,vulvar_pain,filipino,active
,sakit gid kipay akon,vulvar pain,vulvar_pain,filipino,active
,sakit gid kipay akon gid,vulvar pain,vulvar_pain,filipino,active
,sakit gid kipay akon subong,vulvar pain,vulvar_pain,filipino,active
,sakit gid kuko akon,nail pain,nail_pain,filipino,active
,sakit gid lawas akon,body pain,body_pain,filipino,active
,sakit gid lawi akon,nape pain,nape_pain,filipino,active
,sakit gid likod ako,back pain,back_pain,filipino,active
,sakit gid likod akon,back pain,back_pain,filipino,active
,sakit gid likod akon gid,back pain,back_pain,filipino,active
,sakit gid likod akon subong,back pain,back_pain,filipino,active
,sakit gid liog ako,neck pain,neck_pain,filipino,active
,sakit gid liog akon,neck pain,neck_pain,filipino,active
,sakit gid liog akon gid,neck pain,neck_pain,filipino,active
,sakit gid liog akon subong,neck pain,neck_pain,filipino,active
,sakit gid mata akon,eye pain,eye_pain,filipino,active
,sakit gid ngipon akon,tooth pain,tooth_pain,filipino,active
,sakit gid paa akon,foot pain,foot_pain,filipino,active
,sakit gid pilas akon,wound pain,wound_pain,filipino,active
,sakit gid pisngi akon,cheek pain,cheek_pain,filipino,active
,sakit gid siko ako,elbow pain,elbow_pain,filipino,active
,sakit gid siko akon,elbow pain,elbow_pain,filipino,active
,sakit gid siko akon gid,elbow pain,elbow_pain,filipino,active
,sakit gid siko akon subong,elbow pain,elbow_pain,filipino,active
,sakit gid singit ako,groin pain,groin_pain,filipino,active
,sakit gid singit akon,groin pain,groin_pain,filipino,active
,sakit gid singit akon gid,groin pain,groin_pain,filipino,active
,sakit gid singit akon subong,groin pain,groin_pain,filipino,active
,sakit gid tadlong akon,forearm pain,forearm_pain,filipino,active
,sakit gid tadlong gid ko,forearm pain,forearm_pain,filipino,active
,sakit gid tadlong ko,forearm pain,forearm_pain,filipino,active
,sakit gid tadlong man,forearm pain,forearm_pain,filipino,active
,sakit gid tadlong subong,forearm pain,forearm_pain,filipino,active
,sakit gid tagipusuon akon,heart pain,heart_pain,filipino,active
,sakit gid tai akon,buttocks pain,buttocks_pain,filipino,active
,sakit gid tiil akon,foot pain,foot_pain,filipino,active
,sakit gid tikod ako,heel pain,heel_pain,filipino,active
,sakit gid tikod akon,heel pain,heel_pain,filipino,active
,sakit gid tikod akon gid,heel pain,heel_pain,filipino,active
,sakit gid tikod akon subong,heel pain,heel_pain,filipino,active
,sakit gid titi akon,breast pain,breast_pain,filipino,active
,sakit gid tiyan akon,abdominal pain,abdominal_pain,filipino,active
,sakit gid tudlo akon,finger pain,finger_pain,filipino,active
,sakit gid tuhod akon,knee pain,knee_pain,filipino,active
,sakit gid tungod akon,throat pain,throat_pain,filipino,active
,sakit gid tungtong ako,ankle pain,ankle_pain,filipino,active
,sakit gid tungtong akon,ankle pain,ankle_pain,filipino,active
,sakit gid tungtong akon gid,ankle pain,ankle_pain,filipino,active
,sakit gid tungtong akon subong,ankle pain,ankle_pain,filipino,active
,sakit gid tungtong gid ko,ankle pain,ankle_pain,filipino,active
,sakit gid tungtong ko,ankle pain,ankle_pain,filipino,active
,sakit gid tungtong ko gid,ankle pain,ankle_pain,filipino,active
,sakit gid tungtong ko man,ankle pain,ankle_pain,filipino,active
,sakit gid tungtong man,ankle pain,ankle_pain,filipino,active
,sakit gid tungtong subong,ankle pain,ankle_pain,filipino,active
,sakit gid ulo akon,head pain,head_pain,filipino,active
,sakit gid utok akon,brain pain,brain_pain,filipino,active
,sakit ilong akon,nose pain,nose_pain,filipino,active
,sakit ilong gid ko,nose pain,nose_pain,filipino,active
,sakit ilong ko,nose pain,nose_pain,filipino,active
,sakit ilong man,nose pain,nose_pain,filipino,active
,sakit ilong subong,nose pain,nose_pain,filipino,active
,sakit itlog ako,testicular pain,testicular_pain,filipino,active
,sakit itlog akon,testicular pain,testicular_pain,filipino,active
,sakit itlog akon gid,testicular pain,testicular_pain,filipino,active
,sakit itlog akon subong,testicular pain,testicular_pain,filipino,active
,sakit itlog ko ako,testicular pain,testicular_pain,filipino,active
,sakit itlog ko akon,testicular pain,testicular_pain,filipino,active
,sakit itlog ko akon gid,testicular pain,testicular_pain,filipino,active
,sakit itlog ko akon subong,testicular pain,testicular_pain,filipino,active
,sakit itlog ku ako,testicular pain,testicular_pain,filipino,active
,sakit itlog ku akon,testicular pain,testicular_pain,filipino,active
,sakit itlog ku akon gid,testicular pain,testicular_pain,filipino,active
,sakit itlog ku akon subong,testicular pain,testicular_pain,filipino,active
,sakit itlug ako,testicular pain,testicular_pain,filipino,active
,sakit itlug akon,testicular pain,testicular_pain,filipino,active
,sakit itlug akon gid,testicular pain,testicular_pain,filipino,active
,sakit itlug akon subong,testicular pain,testicular_pain,filipino,active
,sakit itlug ko ako,testicular pain,testicular_pain,filipino,active
,sakit itlug ko akon,testicular pain,testicular_pain,filipino,active
,sakit itlug ko akon gid,testicular pain,testicular_pain,filipino,active
,sakit itlug ko akon subong,testicular pain,testicular_pain,filipino,active
,sakit itlug ku ako,testicular pain,testicular_pain,filipino,active
,sakit itlug ku akon,testicular pain,testicular_pain,filipino,active
,sakit itlug ku akon gid,testicular pain,testicular_pain,filipino,active
,sakit itlug ku akon subong,testicular pain,testicular_pain,filipino,active
,sakit kamot akon,hand pain,hand_pain,filipino,active
,sakit kipay ako,vulvar pain,vulvar_pain,filipino,active
,sakit kipay akon,vulvar pain,vulvar_pain,filipino,active
,sakit kipay akon gid,vulvar pain,vulvar_pain,filipino,active
,sakit kipay akon subong,vulvar pain,vulvar_pain,filipino,active
,sakit kuko akon,nail pain,nail_pain,filipino,active
,sakit lawas akon,body pain,body_pain,filipino,active
,sakit lawi akon,nape pain,nape_pain,filipino,active
,sakit likod ako,back pain,back_pain,filipino,active
,sakit likod akon,back pain,back_pain,filipino,active
,sakit likod akon gid,back pain,back_pain,filipino,active
,sakit likod akon subong,back pain,back_pain,filipino,active
,sakit likod ko upod sang galuya ko,back pain with weakness,back_pain_with_weakness,filipino,active
,sakit liog ako,neck pain,neck_pain,filipino,active
,sakit liog akon,neck pain,neck_pain,filipino,active
,sakit liog akon gid,neck pain,neck_pain,filipino,active
,sakit liog akon subong,neck pain,neck_pain,filipino,active
,sakit mata ako,eye pain,eye_pain,filipino,active
,sakit mata akon,eye pain,eye_pain,filipino,active
,sakit mata akon gid,eye pain,eye_pain,filipino,active
,sakit mata akon subong,eye pain,eye_pain,filipino,active
,sakit mata ko ako,eye pain,eye_pain,filipino,active
,sakit mata ko akon,eye pain,eye_pain,filipino,active
,sakit mata ko akon gid,eye pain,eye_pain,filipino,active
,sakit mata ko akon subong,eye pain,eye_pain,filipino,active
,sakit mata ko gid ako,eye pain,eye_pain,filipino,active
,sakit mata ko gid akon,eye pain,eye_pain,filipino,active
,sakit mata ko gid akon gid,eye pain,eye_pain,filipino,active
,sakit mata ko gid akon subong,eye pain,eye_pain,filipino,active
,sakit ngipon akon,tooth pain,tooth_pain,filipino,active
,sakit olok ako,head pain,head_pain,filipino,active
,sakit olok akon,head pain,head_pain,filipino,active
,sakit olok akon gid,head pain,head_pain,filipino,active
,sakit olok akon subong,head pain,head_pain,filipino,active
,sakit paa akon,foot pain,foot_pain,filipino,active
,sakit pilas akon,wound pain,wound_pain,filipino,active
,sakit pisngi akon,cheek pain,cheek_pain,filipino,active
,sakit sa awang ko,jaw pain,jaw_pain,filipino,active
,sakit sa baywang ko,waist pain,waist_pain,filipino,active
,sakit sa bukong ko,forehead pain,forehead_pain,filipino,active
,sakit sa ilong ko,nose pain,nose_pain,filipino,active
,sakit sa tadlong ko,forearm pain,forearm_pain,filipino,active
,sakit sa tungtong ko,ankle pain,ankle_pain,filipino,active
,sakit sa ulo sing malala,severe headache,severe_headache,filipino,active
,sakit siko ako,elbow pain,elbow_pain,filipino,active
,sakit siko akon,elbow pain,elbow_pain,filipino,active
,sakit siko akon gid,elbow pain,elbow_pain,filipino,active
,sakit siko akon subong,elbow pain,elbow_pain,filipino,active
,sakit singit ako,groin pain,groin_pain,filipino,active
,sakit singit akon,groin pain,groin_pain,filipino,active
,sakit singit akon gid,groin pain,groin_pain,filipino,active
,sakit singit akon subong,groin pain,groin_pain,filipino,active
,sakit tadlong akon,forearm pain,forearm_pain,filipino,active
,sakit tadlong gid ko,forearm pain,forearm_pain,filipino,active
,sakit tadlong ko,forearm pain,forearm_pain,filipino,active
,sakit tadlong man,forearm pain,forearm_pain,filipino,active
,sakit tadlong subong,forearm pain,forearm_pain,filipino,active
,sakit tagipusuon akon,heart pain,heart_pain,filipino,active
,sakit tai akon,buttocks pain,buttocks_pain,filipino,active
,sakit tiil akon,foot pain,foot_pain,filipino,active
,sakit tikod ako,heel pain,heel_pain,filipino,active
,sakit tikod akon,heel pain,heel_pain,filipino,active
,sakit tikod akon gid,heel pain,heel_pain,filipino,active
,sakit tikod akon subong,heel pain,heel_pain,filipino,active
,sakit tina-i ako,abdominal pain,abdominal_pain,filipino,active
,sakit tina-i akon,abdominal pain,abdominal_pain,filipino,active
,sakit tina-i akon gid,abdominal pain,abdominal_pain,filipino,active
,sakit tina-i akon subong,abdominal pain,abdominal_pain,filipino,active
,sakit titi akon,breast pain,breast_pain,filipino,active
,sakit tiyan ako,abdominal pain,abdominal_pain,filipino,active
,sakit tiyan akon,abdominal pain,abdominal_pain,filipino,active
,sakit tiyan akon gid,abdominal pain,abdominal_pain,filipino,active
,sakit tiyan akon subong,abdominal pain,abdominal_pain,filipino,active
,sakit tiyan ko ako,abdominal pain,abdominal_pain,filipino,active
,sakit tiyan ko akon,abdominal pain,abdominal_pain,filipino,active
,sakit tiyan ko akon gid,abdominal pain,abdominal_pain,filipino,active
,sakit tiyan ko akon subong,abdominal pain,abdominal_pain,filipino,active
,sakit tiyan ko upod sang ginasuka ko,abdominal pain with nausea,abdominal_pain_with_nausea,filipino,active
,sakit tudlo akon,finger pain,finger_pain,filipino,active
,sakit tuhod ako,knee pain,knee_pain,filipino,active
,sakit tuhod akon,knee pain,knee_pain,filipino,active
,sakit tuhod akon gid,knee pain,knee_pain,filipino,active
,sakit tuhod akon subong,knee pain,knee_pain,filipino,active
,sakit tungod akon,throat pain,throat_pain,filipino,active
,sakit tungtong ako,ankle pain,ankle_pain,filipino,active
,sakit tungtong akon,ankle pain,ankle_pain,filipino,active
,sakit tungtong akon gid,ankle pain,ankle_pain,filipino,active
,sakit tungtong akon subong,ankle pain,ankle_pain,filipino,active
,sakit tungtong gid ko,ankle pain,ankle_pain,filipino,active
,sakit tungtong ko,ankle pain,ankle_pain,filipino,active
,sakit tungtong ko gid,ankle pain,ankle_pain,filipino,active
,sakit tungtong ko man,ankle pain,ankle_pain,filipino,active
,sakit tungtong man,ankle pain,ankle_pain,filipino,active
,sakit tungtong subong,ankle pain,ankle_pain,filipino,active
,sakit ulo ako,head pain,head_pain,filipino,active
,sakit ulo akon,head pain,head_pain,filipino,active
,sakit ulo akon gid,head pain,head_pain,filipino,active
,sakit ulo akon subong,head pain,head_pain,filipino,active
,sakit ulo ko ako,head pain,head_pain,filipino,active
,sakit ulo ko akon,head pain,head_pain,filipino,active
,sakit ulo ko akon gid,head pain,head_pain,filipino,active
,sakit ulo ko akon subong,head pain,head_pain,filipino,active
,sakit ulo ko upod sang ginahilanat ko,headache with fever,headache_with_fever,filipino,active
,sakit utok akon,brain pain,brain_pain,filipino,active
,semana na may nana akon mata,eye infection,eye_infection,filipino,active
,semana na may pilas ko sa kamot,hand wound,hand_wound,filipino,active
,sobrang taba,obesity,obesity,filipino,active
,subong budlay gid gid ko magginhawa subong gid,difficulty breathing,difficulty_breathing,filipino,active
,subong budlay gid gid ko magginhawa subong gid ko,difficulty breathing,difficulty_breathing,filipino,active
,subong budlay gid gid ko magginhawa subong ko gid,difficulty breathing,difficulty_breathing,filipino,active
,subong budlay gid gid ko magginhawa subong man,difficulty breathing,difficulty_breathing,filipino,active
,subong budlay gid gid ko magginhawa subong na gid,difficulty breathing,difficulty_breathing,filipino,active
,subong budlay gid ko mag ginhawa subong gid,difficulty breathing,difficulty_breathing,filipino,active
,subong budlay gid ko mag ginhawa subong gid ko,difficulty breathing,difficulty_breathing,filipino,active
,subong budlay gid ko mag ginhawa subong ko gid,difficulty breathing,difficulty_breathing,filipino,active
,subong budlay gid ko mag ginhawa subong man,difficulty breathing,difficulty_breathing,filipino,active
,subong budlay gid ko mag ginhawa subong na gid,difficulty breathing,difficulty_breathing,filipino,active
,subong budlay gid ko magginhawa subong gid,difficulty breathing,difficulty_breathing,filipino,active
,subong budlay gid ko magginhawa subong gid ko,difficulty breathing,difficulty_breathing,filipino,active
,subong budlay gid ko magginhawa subong ko gid,difficulty breathing,difficulty_breathing,filipino,active
,subong budlay gid ko magginhawa subong man,difficulty breathing,difficulty_breathing,filipino,active
,subong budlay gid ko magginhawa subong na gid,difficulty breathing,difficulty_breathing,filipino,active
,subong budlay gid ku magginhawa subong gid,difficulty breathing,difficulty_breathing,filipino,active
,subong budlay gid ku magginhawa subong gid ko,difficulty breathing,difficulty_breathing,filipino,active
,subong budlay gid ku magginhawa subong ko gid,difficulty breathing,difficulty_breathing,filipino,active
,subong budlay gid ku magginhawa subong man,difficulty breathing,difficulty_breathing,filipino,active
,subong budlay gid ku magginhawa subong na gid,difficulty breathing,difficulty_breathing,filipino,active
,subong gadugo bilat ko,vaginal bleeding,vaginal_bleeding,filipino,active
,subong gahabok dila ko gid gid,swollen tongue,swollen_tongue,filipino,active
,subong gahabok dila ko gid gid ko,swollen tongue,swollen_tongue,filipino,active
,subong gahabok dila ko gid ko gid,swollen tongue,swollen_tongue,filipino,active
,subong gahabok dila ko gid man,swollen tongue,swollen_tongue,filipino,active
,subong gahabok dila ko gid na gid,swollen tongue,swollen_tongue,filipino,active
,subong gahabok dila ku gid gid,swollen tongue,swollen_tongue,filipino,active
,subong gahabok dila ku gid gid ko,swollen tongue,swollen_tongue,filipino,active
,subong gahabok dila ku gid ko gid,swollen tongue,swollen_tongue,filipino,active
,subong gahabok dila ku gid man,swollen tongue,swollen_tongue,filipino,active
,subong gahabok dila ku gid na gid,swollen tongue,swollen_tongue,filipino,active
,subong gahubag dila ko gid gid,swollen tongue,swollen_tongue,filipino,active
,subong gahubag dila ko gid gid ko,swollen tongue,swollen_tongue,filipino,active
,subong gahubag dila ko gid ko gid,swollen tongue,swollen_tongue,filipino,active
,subong gahubag dila ko gid man,swollen tongue,swollen_tongue,filipino,active
,subong gahubag dila ko gid na gid,swollen tongue,swollen_tongue,filipino,active
,subong gahubag itlog ko,testicular swelling,testicular_swelling,filipino,active
,subong gahubag kamot ko kag nagdugo kamot ko,hand swelling with bleeding,hand_swelling_with_bleeding,filipino,active
,subong gahubag lawas ko kag gakatol lawas ko,body swelling with itching,body_swelling_with_itching,filipino,active
,subong gahubag mata ko kag gahika ko,eye swelling with cough,eye_swelling_with_cough,filipino,active
,subong gahubag tungod ko kag ginahilanat ko,throat swelling with fever,throat_swelling_with_fever,filipino,active
,subong galuya ko kag ginahilanat ko,weakness with fever,weakness_with_fever,filipino,active
,subong galuya lawas ko kag kapoy gid gid,body weakness with severe fatigue,body_weakness_with_severe_fatigue,filipino,active
,subong galuya lawas ko kag kapoy gid gid ko,body weakness with severe fatigue,body_weakness_with_severe_fatigue,filipino,active
,subong galuya lawas ko kag kapoy gid ko gid,body weakness with severe fatigue,body_weakness_with_severe_fatigue,filipino,active
,subong galuya lawas ko kag kapoy gid man,body weakness with severe fatigue,body_weakness_with_severe_fatigue,filipino,active
,subong galuya lawas ko kag kapoy gid na gid,body weakness with severe fatigue,body_weakness_with_severe_fatigue,filipino,active
,subong gapula mata ko kag gakatol gid,red itchy eyes,red_itchy_eyes,filipino,active
,subong gapula mata ko kag gakatol gid ko,red itchy eyes,red_itchy_eyes,filipino,active
,subong gapula mata ko kag gakatol ko gid,red itchy eyes,red_itchy_eyes,filipino,active
,subong gapula mata ko kag gakatol man,red itchy eyes,red_itchy_eyes,filipino,active
,subong gapula mata ko kag gakatol na gid,red itchy eyes,red_itchy_eyes,filipino,active
,subong gasakit ulo ko kag ginahilanat ko,head pain with fever,head_pain_with_fever,filipino,active
,subong gasakit ulo ko karon gid,head pain,head_pain,filipino,active
,subong gasakit ulo ko karon gid ko,head pain,head_pain,filipino,active
,subong gasakit ulo ko karon ko gid,head pain,head_pain,filipino,active
,subong gasakit ulo ko karon man,head pain,head_pain,filipino,active
,subong gasakit ulo ko karon na gid,head pain,head_pain,filipino,active
,subong gin kagat sang ido ko kag nagdugo gid,dog bite with bleeding,dog_bite_with_bleeding,filipino,active
,subong gin kagat sang ido ko kag nagdugo gid ko,dog bite with bleeding,dog_bite_with_bleeding,filipino,active
,subong gin kagat sang ido ko kag nagdugo ko gid,dog bite with bleeding,dog_bite_with_bleeding,filipino,active
,subong gin kagat sang ido ko kag nagdugo man,dog bite with bleeding,dog_bite_with_bleeding,filipino,active
,subong gin kagat sang ido ko kag nagdugo na gid,dog bite with bleeding,dog_bite_with_bleeding,filipino,active
,subong ginahilanat ko kag ginabaldom ko,fever with abdominal pain,fever_with_abdominal_pain,filipino,active
,subong ginahilanat ko kag ubo ko,fever with cough,fever_with_cough,filipino,active
,subong ginasuka ko kag ginadudul-om ko,vomiting with diarrhea,vomiting_with_diarrhea,filipino,active
,subong ginkagat sang ido ko kag nag dugo gid,dog bite with bleeding,dog_bite_with_bleeding,filipino,active
,subong ginkagat sang ido ko kag nag dugo gid ko,dog bite with bleeding,dog_bite_with_bleeding,filipino,active
,subong ginkagat sang ido ko kag nag dugo ko gid,dog bite with bleeding,dog_bite_with_bleeding,filipino,active
,subong ginkagat sang ido ko kag nag dugo man,dog bite with bleeding,dog_bite_with_bleeding,filipino,active
,subong ginkagat sang ido ko kag nag dugo na gid,dog bite with bleeding,dog_bite_with_bleeding,filipino,active
,subong ginkagat sang ido ko kag nagdugo gid,dog bite with bleeding,dog_bite_with_bleeding,filipino,active
,subong ginkagat sang ido ko kag nagdugo gid ko,dog bite with bleeding,dog_bite_with_bleeding,filipino,active
,subong ginkagat sang ido ko kag nagdugo ko gid,dog bite with bleeding,dog_bite_with_bleeding,filipino,active
,subong ginkagat sang ido ko kag nagdugo man,dog bite with bleeding,dog_bite_with_bleeding,filipino,active
,subong ginkagat sang ido ko kag nagdugo na gid,dog bite with bleeding,dog_bite_with_bleeding,filipino,active
,subong ginkagat sang ido ku kag nagdugo gid,dog bite with bleeding,dog_bite_with_bleeding,filipino,active
,subong ginkagat sang ido ku kag nagdugo gid ko,dog bite with bleeding,dog_bite_with_bleeding,filipino,active
,subong ginkagat sang ido ku kag nagdugo ko gid,dog bite with bleeding,dog_bite_with_bleeding,filipino,active
,subong ginkagat sang ido ku kag nagdugo man,dog bite with bleeding,dog_bite_with_bleeding,filipino,active
,subong ginkagat sang ido ku kag nagdugo na gid,dog bite with bleeding,dog_bite_with_bleeding,filipino,active
,subong ginsumbag ko kag nabun-og ulo gid,physical assault with head bruise,physical_assault_with_head_bruise,filipino,active
,subong ginsumbag ko kag nabun-og ulo gid ko,physical assault with head bruise,physical_assault_with_head_bruise,filipino,active
,subong ginsumbag ko kag nabun-og ulo ko gid,physical assault with head bruise,physical_assault_with_head_bruise,filipino,active
,subong ginsumbag ko kag nabun-og ulo man,physical assault with head bruise,physical_assault_with_head_bruise,filipino,active
,subong ginsumbag ko kag nabun-og ulo na gid,physical assault with head bruise,physical_assault_with_head_bruise,filipino,active
,subong ginsumbag ku kag nabun-og ulo gid,physical assault with head bruise,physical_assault_with_head_bruise,filipino,active
,subong ginsumbag ku kag nabun-og ulo gid ko,physical assault with head bruise,physical_assault_with_head_bruise,filipino,active
,subong ginsumbag ku kag nabun-og ulo ko gid,physical assault with head bruise,physical_assault_with_head_bruise,filipino,active
,subong ginsumbag ku kag nabun-og ulo man,physical assault with head bruise,physical_assault_with_head_bruise,filipino,active
,subong ginsumbag ku kag nabun-og ulo na gid,physical assault with head bruise,physical_assault_with_head_bruise,filipino,active
,subong kakatol bilat ko,vaginal itching,vaginal_itching,filipino,active
,subong lang gahika ko,cough,cough,filipino,active
,subong lang gahubag tiyan ko,abdominal swelling,abdominal_swelling,filipino,active
,subong lang galuya lawas ko,body weakness,body_weakness,filipino,active
,subong lang gasakit ulo ko,head pain,head_pain,filipino,active
,subong lang ginadudul-om ko,diarrhea,diarrhea,filipino,active
,subong lang ginahilanat ko,fever,fever,filipino,active
,subong lang may nana akon mata,eye infection,eye_infection,filipino,active
,subong lang may pilas ko sa kamot,hand wound,hand_wound,filipino,active
,subong masakit ari ko,penile pain,penile_pain,filipino,active
,subong may nana akon mata subong gid,eye infection,eye_infection,filipino,active
,subong may nana akon mata subong gid ko,eye infection,eye_infection,filipino,active
,subong may nana akon mata subong ko gid,eye infection,eye_infection,filipino,active
,subong may nana akon mata subong man,eye infection,eye_infection,filipino,active
,subong may nana akon mata subong na gid,eye infection,eye_infection,filipino,active
,subong may nana mata ko kag gapula mata ko,eye infection with red eye,eye_infection_with_red_eye,filipino,active
,subong may nana sa bilat ko,vaginal infection,vaginal_infection,filipino,active
,subong may pilas ko sa kamot kag nag dugo gid,bleeding hand wound,bleeding_hand_wound,filipino,active
,subong may pilas ko sa kamot kag nag dugo gid ko,bleeding hand wound,bleeding_hand_wound,filipino,active
,subong may pilas ko sa kamot kag nag dugo ko gid,bleeding hand wound,bleeding_hand_wound,filipino,active
,subong may pilas ko sa kamot kag nag dugo man,bleeding hand wound,bleeding_hand_wound,filipino,active
,subong may pilas ko sa kamot kag nag dugo na gid,bleeding hand wound,bleeding_hand_wound,filipino,active
,subong may pilas ko sa kamot kag nagdugo gid,bleeding hand wound,bleeding_hand_wound,filipino,active
,subong may pilas ko sa kamot kag nagdugo gid ko,bleeding hand wound,bleeding_hand_wound,filipino,active
,subong may pilas ko sa kamot kag nagdugo ko gid,bleeding hand wound,bleeding_hand_wound,filipino,active
,subong may pilas ko sa kamot kag nagdugo man,bleeding hand wound,bleeding_hand_wound,filipino,active
,subong may pilas ko sa kamot kag nagdugo na gid,bleeding hand wound,bleeding_hand_wound,filipino,active
,subong may pilas ku sa kamot kag nagdugo gid,bleeding hand wound,bleeding_hand_wound,filipino,active
,subong may pilas ku sa kamot kag nagdugo gid ko,bleeding hand wound,bleeding_hand_wound,filipino,active
,subong may pilas ku sa kamot kag nagdugo ko gid,bleeding hand wound,bleeding_hand_wound,filipino,active
,subong may pilas ku sa kamot kag nagdugo man,bleeding hand wound,bleeding_hand_wound,filipino,active
,subong may pilas ku sa kamot kag nagdugo na gid,bleeding hand wound,bleeding_hand_wound,filipino,active
,subong nabali kamot ko sang natumba gid,hand fracture,hand_fracture,filipino,active
,subong nabali kamot ko sang natumba gid ko,hand fracture,hand_fracture,filipino,active
,subong nabali kamot ko sang natumba ko gid,hand fracture,hand_fracture,filipino,active
,subong nabali kamot ko sang natumba man,hand fracture,hand_fracture,filipino,active
,subong nabali kamot ko sang natumba na gid,hand fracture,hand_fracture,filipino,active
,subong nabali kamot ku sang natumba gid,hand fracture,hand_fracture,filipino,active
,subong nabali kamot ku sang natumba gid ko,hand fracture,hand_fracture,filipino,active
,subong nabali kamot ku sang natumba ko gid,hand fracture,hand_fracture,filipino,active
,subong nabali kamot ku sang natumba man,hand fracture,hand_fracture,filipino,active
,subong nabali kamot ku sang natumba na gid,hand fracture,hand_fracture,filipino,active
,subong nabali na kamot ko sang natumba gid,hand fracture,hand_fracture,filipino,active
,subong nabali na kamot ko sang natumba gid ko,hand fracture,hand_fracture,filipino,active
,subong nabali na kamot ko sang natumba ko gid,hand fracture,hand_fracture,filipino,active
,subong nabali na kamot ko sang natumba man,hand fracture,hand_fracture,filipino,active
,subong nabali na kamot ko sang natumba na gid,hand fracture,hand_fracture,filipino,active
,subong nabunggo ko sa salakyan kag nag dugo ulo gid,vehicle collision with head bleeding,vehicle_collision_with_head_bleeding,filipino,active
,subong nabunggo ko sa salakyan kag nag dugo ulo gid ko,vehicle collision with head bleeding,vehicle_collision_with_head_bleeding,filipino,active
,subong nabunggo ko sa salakyan kag nag dugo ulo ko gid,vehicle collision with head bleeding,vehicle_collision_with_head_bleeding,filipino,active
,subong nabunggo ko sa salakyan kag nag dugo ulo man,vehicle collision with head bleeding,vehicle_collision_with_head_bleeding,filipino,active
,subong nabunggo ko sa salakyan kag nag dugo ulo na gid,vehicle collision with head bleeding,vehicle_collision_with_head_bleeding,filipino,active
,subong nabunggo ko sa salakyan kag nagdugo ulo gid,vehicle collision with head bleeding,vehicle_collision_with_head_bleeding,filipino,active
,subong nabunggo ko sa salakyan kag nagdugo ulo gid ko,vehicle collision with head bleeding,vehicle_collision_with_head_bleeding,filipino,active
,subong nabunggo ko sa salakyan kag nagdugo ulo ko gid,vehicle collision with head bleeding,vehicle_collision_with_head_bleeding,filipino,active
,subong nabunggo ko sa salakyan kag nagdugo ulo man,vehicle collision with head bleeding,vehicle_collision_with_head_bleeding,filipino,active
,subong nabunggo ko sa salakyan kag nagdugo ulo na gid,vehicle collision with head bleeding,vehicle_collision_with_head_bleeding,filipino,active
,subong nabunggo ku sa salakyan kag nagdugo ulo gid,vehicle collision with head bleeding,vehicle_collision_with_head_bleeding,filipino,active
,subong nabunggo ku sa salakyan kag nagdugo ulo gid ko,vehicle collision with head bleeding,vehicle_collision_with_head_bleeding,filipino,active
,subong nabunggo ku sa salakyan kag nagdugo ulo ko gid,vehicle collision with head bleeding,vehicle_collision_with_head_bleeding,filipino,active
,subong nabunggo ku sa salakyan kag nagdugo ulo man,vehicle collision with head bleeding,vehicle_collision_with_head_bleeding,filipino,active
,subong nabunggo ku sa salakyan kag nagdugo ulo na gid,vehicle collision with head bleeding,vehicle_collision_with_head_bleeding,filipino,active
,subong nag dugo ulo ko pagkatapos natumba gid,head bleeding after fall,head_bleeding_after_fall,filipino,active
,subong nag dugo ulo ko pagkatapos natumba gid ko,head bleeding after fall,head_bleeding_after_fall,filipino,active
,subong nag dugo ulo ko pagkatapos natumba ko gid,head bleeding after fall,head_bleeding_after_fall,filipino,active
,subong nag dugo ulo ko pagkatapos natumba man,head bleeding after fall,head_bleeding_after_fall,filipino,active
,subong nag dugo ulo ko pagkatapos natumba na gid,head bleeding after fall,head_bleeding_after_fall,filipino,active
,subong nagdugo pilas ko kag ginahilanat ko,bleeding wound with fever,bleeding_wound_with_fever,filipino,active
,subong nagdugo ulo ko kag nahilo ko,head bleeding with dizziness,head_bleeding_with_dizziness,filipino,active
,subong nagdugo ulo ko pagkatapos natumba gid,head bleeding after fall,head_bleeding_after_fall,filipino,active
,subong nagdugo ulo ko pagkatapos natumba gid ko,head bleeding after fall,head_bleeding_after_fall,filipino,active
,subong nagdugo ulo ko pagkatapos natumba ko gid,head bleeding after fall,head_bleeding_after_fall,filipino,active
,subong nagdugo ulo ko pagkatapos natumba man,head bleeding after fall,head_bleeding_after_fall,filipino,active
,subong nagdugo ulo ko pagkatapos natumba na gid,head bleeding after fall,head_bleeding_after_fall,filipino,active
,subong nagdugo ulo ku pagkatapos natumba gid,head bleeding after fall,head_bleeding_after_fall,filipino,active
,subong nagdugo ulo ku pagkatapos natumba gid ko,head bleeding after fall,head_bleeding_after_fall,filipino,active
,subong nagdugo ulo ku pagkatapos natumba ko gid,head bleeding after fall,head_bleeding_after_fall,filipino,active
,subong nagdugo ulo ku pagkatapos natumba man,head bleeding after fall,head_bleeding_after_fall,filipino,active
,subong nagdugo ulo ku pagkatapos natumba na gid,head bleeding after fall,head_bleeding_after_fall,filipino,active
,subong nahilo ko kag ginahilanat ko,dizziness with fever,dizziness_with_fever,filipino,active
,subong nakuryente ko sang kuryente gid,electrical injury,electrical_injury,filipino,active
,subong nakuryente ko sang kuryente gid ko,electrical injury,electrical_injury,filipino,active
,subong nakuryente ko sang kuryente ko gid,electrical injury,electrical_injury,filipino,active
,subong nakuryente ko sang kuryente man,electrical injury,electrical_injury,filipino,active
,subong nakuryente ko sang kuryente na gid,electrical injury,electrical_injury,filipino,active
,subong nakuryente ku sang kuryente gid,electrical injury,electrical_injury,filipino,active
,subong nakuryente ku sang kuryente gid ko,electrical injury,electrical_injury,filipino,active
,subong nakuryente ku sang kuryente ko gid,electrical injury,electrical_injury,filipino,active
,subong nakuryente ku sang kuryente man,electrical injury,electrical_injury,filipino,active
,subong nakuryente ku sang kuryente na gid,electrical injury,electrical_injury,filipino,active
,subong nautod na tudlo ko sang makina gid,amputated finger,amputated_finger,filipino,active
,subong nautod na tudlo ko sang makina gid ko,amputated finger,amputated_finger,filipino,active
,subong nautod na tudlo ko sang makina ko gid,amputated finger,amputated_finger,filipino,active
,subong nautod na tudlo ko sang makina man,amputated finger,amputated_finger,filipino,active
,subong nautod na tudlo ko sang makina na gid,amputated finger,amputated_finger,filipino,active
,subong nautod tudlo ko sang makina gid,amputated finger,amputated_finger,filipino,active
,subong nautod tudlo ko sang makina gid ko,amputated finger,amputated_finger,filipino,active
,subong nautod tudlo ko sang makina ko gid,amputated finger,amputated_finger,filipino,active
,subong nautod tudlo ko sang makina man,amputated finger,amputated_finger,filipino,active
,subong nautod tudlo ko sang makina na gid,amputated finger,amputated_finger,filipino,active
,subong nautod tudlo ku sang makina gid,amputated finger,amputated_finger,filipino,active
,subong nautod tudlo ku sang makina gid ko,amputated finger,amputated_finger,filipino,active
,subong nautod tudlo ku sang makina ko gid,amputated finger,amputated_finger,filipino,active
,subong nautod tudlo ku sang makina man,amputated finger,amputated_finger,filipino,active
,subong nautod tudlo ku sang makina na gid,amputated finger,amputated_finger,filipino,active
,subong sakit dughan ko kag dula ginhawa ko,chest pain with shortness of breath,chest_pain_with_shortness_of_breath,filipino,active
,subong sakit dughan ko kag gahika ko,chest pain with cough,chest_pain_with_cough,filipino,active
,subong sakit likod ko kag galuya ko,back pain with weakness,back_pain_with_weakness,filipino,active
,subong sakit tiyan ko kag ginasuka ko,abdominal pain with nausea,abdominal_pain_with_nausea,filipino,active
,subong sakit ulo ko kag ginahilanat ko,headache with fever,headache_with_fever,filipino,active
,subong ubo ko kag ginahilanat gid,fever with cough,fever_with_cough,filipino,active
,subong ubo ko kag ginahilanat gid ko,fever with cough,fever_with_cough,filipino,active
,subong ubo ko kag ginahilanat ko gid,fever with cough,fever_with_cough,filipino,active
,subong ubo ko kag ginahilanat man,fever with cough,fever_with_cough,filipino,active
,subong ubo ko kag ginahilanat na gid,fever with cough,fever_with_cough,filipino,active
,tatae ng madalas,diarrhea,diarrhea,filipino,active
,ubo sing dugo,hemoptysis,hemoptysis,filipino,active
,wala ko kasugtan budlay gid gid ko magginhawa subong gid,difficulty breathing,difficulty_breathing,filipino,active
,wala ko kasugtan budlay gid gid ko magginhawa subong gid ko,difficulty breathing,difficulty_breathing,filipino,active
,wala ko kasugtan budlay gid gid ko magginhawa subong ko gid,difficulty breathing,difficulty_breathing,filipino,active
,wala ko kasugtan budlay gid gid ko magginhawa subong man,difficulty breathing,difficulty_breathing,filipino,active
,wala ko kasugtan budlay gid gid ko magginhawa subong na gid,difficulty breathing,difficulty_breathing,filipino,active
,wala ko kasugtan budlay gid ko mag ginhawa subong gid,difficulty breathing,difficulty_breathing,filipino,active
,wala ko kasugtan budlay gid ko mag ginhawa subong gid ko,difficulty breathing,difficulty_breathing,filipino,active
,wala ko kasugtan budlay gid ko mag ginhawa subong ko gid,difficulty breathing,difficulty_breathing,filipino,active
,wala ko kasugtan budlay gid ko mag ginhawa subong man,difficulty breathing,difficulty_breathing,filipino,active
,wala ko kasugtan budlay gid ko mag ginhawa subong na gid,difficulty breathing,difficulty_breathing,filipino,active
,wala ko kasugtan budlay gid ko magginhawa subong gid,difficulty breathing,difficulty_breathing,filipino,active
,wala ko kasugtan budlay gid ko magginhawa subong gid ko,difficulty breathing,difficulty_breathing,filipino,active
,wala ko kasugtan budlay gid ko magginhawa subong ko gid,difficulty breathing,difficulty_breathing,filipino,active
,wala ko kasugtan budlay gid ko magginhawa subong man,difficulty breathing,difficulty_breathing,filipino,active
,wala ko kasugtan budlay gid ko magginhawa subong na gid,difficulty breathing,difficulty_breathing,filipino,active
,wala ko kasugtan gin kagat sang ido ko kag nagdugo gid,dog bite with bleeding,dog_bite_with_bleeding,filipino,active
,wala ko kasugtan gin kagat sang ido ko kag nagdugo gid ko,dog bite with bleeding,dog_bite_with_bleeding,filipino,active
,wala ko kasugtan gin kagat sang ido ko kag nagdugo ko gid,dog bite with bleeding,dog_bite_with_bleeding,filipino,active
,wala ko kasugtan gin kagat sang ido ko kag nagdugo man,dog bite with bleeding,dog_bite_with_bleeding,filipino,active
,wala ko kasugtan gin kagat sang ido ko kag nagdugo na gid,dog bite with bleeding,dog_bite_with_bleeding,filipino,active
,wala ko kasugtan ginkagat sang ido ko kag nag dugo gid,dog bite with bleeding,dog_bite_with_bleeding,filipino,active
,wala ko kasugtan ginkagat sang ido ko kag nag dugo gid ko,dog bite with bleeding,dog_bite_with_bleeding,filipino,active
,wala ko kasugtan ginkagat sang ido ko kag nag dugo ko gid,dog bite with bleeding,dog_bite_with_bleeding,filipino,active
,wala ko kasugtan ginkagat sang ido ko kag nag dugo man,dog bite with bleeding,dog_bite_with_bleeding,filipino,active
,wala ko kasugtan ginkagat sang ido ko kag nag dugo na gid,dog bite with bleeding,dog_bite_with_bleeding,filipino,active
,wala ko kasugtan ginkagat sang ido ko kag nagdugo gid,dog bite with bleeding,dog_bite_with_bleeding,filipino,active
,wala ko kasugtan ginkagat sang ido ko kag nagdugo gid ko,dog bite with bleeding,dog_bite_with_bleeding,filipino,active
,wala ko kasugtan ginkagat sang ido ko kag nagdugo ko gid,dog bite with bleeding,dog_bite_with_bleeding,filipino,active
,wala ko kasugtan ginkagat sang ido ko kag nagdugo man,dog bite with bleeding,dog_bite_with_bleeding,filipino,active
,wala ko kasugtan ginkagat sang ido ko kag nagdugo na gid,dog bite with bleeding,dog_bite_with_bleeding,filipino,active
,wala ko kasugtan may nana akon mata subong gid,eye infection,eye_infection,filipino,active
,wala ko kasugtan may nana akon mata subong gid ko,eye infection,eye_infection,filipino,active
,wala ko kasugtan may nana akon mata subong ko gid,eye infection,eye_infection,filipino,active
,wala ko kasugtan may nana akon mata subong man,eye infection,eye_infection,filipino,active
,wala ko kasugtan may nana akon mata subong na gid,eye infection,eye_infection,filipino,active
,wala ko kasugtan may pilas ko sa kamot kag nag dugo gid,bleeding hand wound,bleeding_hand_wound,filipino,active
,wala ko kasugtan may pilas ko sa kamot kag nag dugo gid ko,bleeding hand wound,bleeding_hand_wound,filipino,active
,wala ko kasugtan may pilas ko sa kamot kag nag dugo ko gid,bleeding hand wound,bleeding_hand_wound,filipino,active
,wala ko kasugtan may pilas ko sa kamot kag nag dugo man,bleeding hand wound,bleeding_hand_wound,filipino,active
,wala ko kasugtan may pilas ko sa kamot kag nag dugo na gid,bleeding hand wound,bleeding_hand_wound,filipino,active
,wala ko kasugtan may pilas ko sa kamot kag nagdugo gid,bleeding hand wound,bleeding_hand_wound,filipino,active
,wala ko kasugtan may pilas ko sa kamot kag nagdugo gid ko,bleeding hand wound,bleeding_hand_wound,filipino,active
,wala ko kasugtan may pilas ko sa kamot kag nagdugo ko gid,bleeding hand wound,bleeding_hand_wound,filipino,active
,wala ko kasugtan may pilas ko sa kamot kag nagdugo man,bleeding hand wound,bleeding_hand_wound,filipino,active
,wala ko kasugtan may pilas ko sa kamot kag nagdugo na gid,bleeding hand wound,bleeding_hand_wound,filipino,active
,wala ko kasugtan nabali kamot ko sang natumba gid,hand fracture,hand_fracture,filipino,active
,wala ko kasugtan nabali kamot ko sang natumba gid ko,hand fracture,hand_fracture,filipino,active
,wala ko kasugtan nabali kamot ko sang natumba ko gid,hand fracture,hand_fracture,filipino,active
,wala ko kasugtan nabali kamot ko sang natumba man,hand fracture,hand_fracture,filipino,active
,wala ko kasugtan nabali kamot ko sang natumba na gid,hand fracture,hand_fracture,filipino,active
,wala ko kasugtan nabali na kamot ko sang natumba gid,hand fracture,hand_fracture,filipino,active
,wala ko kasugtan nabali na kamot ko sang natumba gid ko,hand fracture,hand_fracture,filipino,active
,wala ko kasugtan nabali na kamot ko sang natumba ko gid,hand fracture,hand_fracture,filipino,active
,wala ko kasugtan nabali na kamot ko sang natumba man,hand fracture,hand_fracture,filipino,active
,wala ko kasugtan nabali na kamot ko sang natumba na gid,hand fracture,hand_fracture,filipino,active
,wala ko kasugtan nakuryente ko sang kuryente gid,electrical injury,electrical_injury,filipino,active
,wala ko kasugtan nakuryente ko sang kuryente gid ko,electrical injury,electrical_injury,filipino,active
,wala ko kasugtan nakuryente ko sang kuryente ko gid,electrical injury,electrical_injury,filipino,active
,wala ko kasugtan nakuryente ko sang kuryente man,electrical injury,electrical_injury,filipino,active
,wala ko kasugtan nakuryente ko sang kuryente na gid,electrical injury,electrical_injury,filipino,active
,wala ko kasugtan nautod na tudlo ko sang makina gid,amputated finger,amputated_finger,filipino,active
,wala ko kasugtan nautod na tudlo ko sang makina gid ko,amputated finger,amputated_finger,filipino,active
,wala ko kasugtan nautod na tudlo ko sang makina ko gid,amputated finger,amputated_finger,filipino,active
,wala ko kasugtan nautod na tudlo ko sang makina man,amputated finger,amputated_finger,filipino,active
,wala ko kasugtan nautod na tudlo ko sang makina na gid,amputated finger,amputated_finger,filipino,active
,wala ko kasugtan nautod tudlo ko sang makina gid,amputated finger,amputated_finger,filipino,active
,wala ko kasugtan nautod tudlo ko sang makina gid ko,amputated finger,amputated_finger,filipino,active
,wala ko kasugtan nautod tudlo ko sang makina ko gid,amputated finger,amputated_finger,filipino,active
,wala ko kasugtan nautod tudlo ko sang makina man,amputated finger,amputated_finger,filipino,active
,wala ko kasugtan nautod tudlo ko sang makina na gid,amputated finger,amputated_finger,filipino,active
,wala ko maka-agi sang naguyam,post-seizure confusion,post-seizure_confusion,filipino,active
,wala ku kasugtan budlay gid ko magginhawa subong gid,difficulty breathing,difficulty_breathing,filipino,active
,wala ku kasugtan budlay gid ko magginhawa subong gid ko,difficulty breathing,difficulty_breathing,filipino,active
,wala ku kasugtan budlay gid ko magginhawa subong ko gid,difficulty breathing,difficulty_breathing,filipino,active
,wala ku kasugtan budlay gid ko magginhawa subong man,difficulty breathing,difficulty_breathing,filipino,active
,wala ku kasugtan budlay gid ko magginhawa subong na gid,difficulty breathing,difficulty_breathing,filipino,active
,wala ku kasugtan ginkagat sang ido ko kag nagdugo gid,dog bite with bleeding,dog_bite_with_bleeding,filipino,active
,wala ku kasugtan ginkagat sang ido ko kag nagdugo gid ko,dog bite with bleeding,dog_bite_with_bleeding,filipino,active
,wala ku kasugtan ginkagat sang ido ko kag nagdugo ko gid,dog bite with bleeding,dog_bite_with_bleeding,filipino,active
,wala ku kasugtan ginkagat sang ido ko kag nagdugo man,dog bite with bleeding,dog_bite_with_bleeding,filipino,active
,wala ku kasugtan ginkagat sang ido ko kag nagdugo na gid,dog bite with bleeding,dog_bite_with_bleeding,filipino,active
,wala ku kasugtan may pilas ko sa kamot kag nagdugo gid,bleeding hand wound,bleeding_hand_wound,filipino,active
,wala ku kasugtan may pilas ko sa kamot kag nagdugo gid ko,bleeding hand wound,bleeding_hand_wound,filipino,active
,wala ku kasugtan may pilas ko sa kamot kag nagdugo ko gid,bleeding hand wound,bleeding_hand_wound,filipino,active
,wala ku kasugtan may pilas ko sa kamot kag nagdugo man,bleeding hand wound,bleeding_hand_wound,filipino,active
,wala ku kasugtan may pilas ko sa kamot kag nagdugo na gid,bleeding hand wound,bleeding_hand_wound,filipino,active
,wala ku kasugtan nabali kamot ko sang natumba gid,hand fracture,hand_fracture,filipino,active
,wala ku kasugtan nabali kamot ko sang natumba gid ko,hand fracture,hand_fracture,filipino,active
,wala ku kasugtan nabali kamot ko sang natumba ko gid,hand fracture,hand_fracture,filipino,active
,wala ku kasugtan nabali kamot ko sang natumba man,hand fracture,hand_fracture,filipino,active
,wala ku kasugtan nabali kamot ko sang natumba na gid,hand fracture,hand_fracture,filipino,active
,wala ku kasugtan nakuryente ko sang kuryente gid,electrical injury,electrical_injury,filipino,active
,wala ku kasugtan nakuryente ko sang kuryente gid ko,electrical injury,electrical_injury,filipino,active
,wala ku kasugtan nakuryente ko sang kuryente ko gid,electrical injury,electrical_injury,filipino,active
,wala ku kasugtan nakuryente ko sang kuryente man,electrical injury,electrical_injury,filipino,active
,wala ku kasugtan nakuryente ko sang kuryente na gid,electrical injury,electrical_injury,filipino,active
,wala ku kasugtan nautod tudlo ko sang makina gid,amputated finger,amputated_finger,filipino,active
,wala ku kasugtan nautod tudlo ko sang makina gid ko,amputated finger,amputated_finger,filipino,active
,wala ku kasugtan nautod tudlo ko sang makina ko gid,amputated finger,amputated_finger,filipino,active
,wala ku kasugtan nautod tudlo ko sang makina man,amputated finger,amputated_finger,filipino,active
,wala ku kasugtan nautod tudlo ko sang makina na gid,amputated finger,amputated_finger,filipino,active
,walang allergy,no known allergies,no_known_allergies,filipino,active
,walang kilalang allergy,no known allergies,no_known_allergies,filipino,active
,may nana sa,infection,infection,filipino,active
,may pilas,wound,wound,filipino,active
,bukongbukong ko,ankle,ankle,filipino,active
,ilong ko,nose,nose,filipino,active
,daw indi ko makabaton sang kamot,arm weakness,arm_weakness,filipino,active
,indi ko makabaton sang kamot ko,arm weakness,arm_weakness,filipino,active
,lemah ang kamot ko,arm weakness,arm_weakness,filipino,active
,ginkagat sang ido,dog bite,dog_bite,filipino,active
,ginkagat ko sang ido,dog bite,dog_bite,filipino,active
,masakit gid tiyan ko,severe abdominal pain,severe_abdominal_pain,filipino,active
,masakit pag-ihi,painful urination,painful_urination,filipino,active
,masakit pagihi,painful urination,painful_urination,filipino,active
,may butlig sa mata,eye irritation,eye_irritation,filipino,active
,masakit ulo,headache,headache,filipino,active
,may pasa,bruise,bruise,filipino,active
,aking ulo,headache,headache,filipino,active
,nagakonvulsyon,seizure,seizure,filipino,active
,may dugo sa ihi,blood in urine,blood_in_urine,filipino,active
,pus-on masakit,abdominal pain,abdominal_pain,filipino,active
,kilid masakit,flank pain,flank_pain,filipino,active
,singit masakit,groin pain,groin_pain,filipino,active
,itlog masakit,testicular pain,testicular_pain,filipino,active
,may nana bilat,vaginal discharge,vaginal_discharge,filipino,active
,may nana ari,penile discharge,penile_discharge,filipino,active
,nasunog sang mantika,burn,burn,filipino,active
,barado ako ilong,nasal congestion,nasal_congestion,filipino,active
,sige ako ihi,frequent urination,frequent_urination,filipino,active
,indi ako katulog,insomnia,insomnia,filipino,active
,daw may gahugot sa dughan,chest pain,chest_pain,filipino,active
,nabulol ang panulti,slurred speech,slurred_speech,filipino,active
,itim ang tae,black stool,black_stool,filipino,active
,nagsuka sang dugo,vomiting blood,vomiting_blood,filipino,active
,indi ko mabatyagan ang bata,reduced fetal movement,reduced_fetal_movement,filipino,active
,kalit nabuta ang isa ka mata,sudden vision loss,sudden_vision_loss,filipino,active
,indi makaihi sang adlaw,urinary retention,urinary_retention,filipino,active
,gamay lang ihi,low urine output,low_urine_output,filipino,active
,nagatingting dulunggan,tinnitus,tinnitus,filipino,active
,may tunog sa dalunggan,tinnitus,tinnitus,filipino,active
,asul na ang ngabil ko,cyanosis,cyanosis,filipino,active
,nabalyo ang guya ko,facial droop,facial_droop,filipino,active
,indi ko maalsa ang isa ka kamot,arm weakness,arm_weakness,filipino,active
,nagalumay ang panulti ko,slurred speech,slurred_speech,filipino,active
,may plano ako magpakamatay,suicidal ideation,suicidal_ideation,filipino,active
,mas maayo kung wala na ako,suicidal ideation,suicidal_ideation,filipino,active
,nainom sang rat poison,poisoning,poisoning,filipino,active
,nainom sang insecticide,poisoning,poisoning,filipino,active
,nasinghot sang smoke,smoke inhalation,smoke_inhalation,filipino,active
,nagaawas tubig samtang buntis,water breaking,water_breaking,filipino,active
,ginahilanat ang bata kag naguyam,febrile seizure,febrile_seizure,filipino,active
,mapula nagahapdi ang pilas,cellulitis,cellulitis,filipino,active
,gina-kagat sang man-og,snake bite,snake_bite,filipino,active
,masakit tiyan kag nagaibot itim,abdominal pain with melena,abdominal_pain_with_melena,filipino,active
,nagdugo liwat sing grabe,severe bleeding,severe_bleeding,filipino,active
,may sip-on,rhinorrhea,rhinorrhea,filipino,active
,sakit sang ulo,headache,headache,filipino,active
,ulo masakit,headache,headache,filipino,active
,masakit dibdib,chest pain,chest_pain,filipino,active
,masakit sikmura,abdominal pain,abdominal_pain,filipino,active
,ginakalipong ko,dizziness,dizziness,filipino,active
,ginahubag ang tiil,pedal edema,pedal_edema,filipino,active
,ginahubag ang tiil ko,pedal edema,pedal_edema,filipino,active
,ginahubag ang kamot,hand edema,hand_edema,filipino,active
,ginahubag ang kamot ko,hand edema,hand_edema,filipino,active
,ginahapdos ang mata,eye irritation,eye_irritation,filipino,active
,ginahapdos ang mata ko,eye irritation,eye_irritation,filipino,active
,ginakati ang panit,pruritus,pruritus,filipino,active
,ginakati ang panit ko,pruritus,pruritus,filipino,active
,may rashes,rash,rash,filipino,active
,may rashes ko,rash,rash,filipino,active
,may pantal,rash,rash,filipino,active
,ginadugo ilong ko,epistaxis,epistaxis,filipino,active
,may dugo,hemorrhage,hemorrhage,filipino,active
,may trangkaso,influenza,influenza,filipino,active
,may pneumonia,pneumonia,pneumonia,filipino,active
,may leptospirosis,leptospirosis,leptospirosis,filipino,active
,may diabetes,diabetes mellitus,diabetes_mellitus,filipino,active
,may uti,urinary tract infection,urinary_tract_infection,filipino,active
,may ulcer,peptic ulcer,peptic_ulcer,filipino,active
,may migraine,migraine,migraine,filipino,active
,bulutong tubig,chickenpox,chickenpox,filipino,active
,may tigdas,measles,measles,filipino,active
,may beke,mumps,mumps,filipino,active
,dulom sang mata,yellowing of eyes,yellowing_of_eyes,filipino,active
,yellowing of eyes,yellowing of eyes,yellowing_of_eyes,filipino,active
,dulom ang mata ko,yellowing of eyes,yellowing_of_eyes,filipino,active
,itom ang ihi,dark urine,dark_urine,filipino,active
,natulon ang mata,sunken eyes,sunken_eyes,filipino,active
,grabeng hilanat,high fever,high_fever,filipino,active
,register ako,i register,i_register,filipino,active
,good morning doc,good morning doctor,good_morning_doctor,filipino,active
,sang isa ka semana,for one week,for_one_week,filipino,active
,typing my concern,typing my concern,typing_my_concern,filipino,active
,unang reklamo,chief complaint,chief_complaint,filipino,active
,rason sang pag consult,reason for consultation,reason_for_consultation,filipino,active
,presenting complaint,presenting complaint,presenting_complaint,filipino,active
,sakit sang tiyan,abdominal pain,abdominal_pain,filipino,active
,ginasakit ang tiyan,abdominal pain,abdominal_pain,filipino,active
,masakit ang tiyan ko,abdominal pain,abdominal_pain,filipino,active
,ginabaldom ang tiyan,abdominal pain,abdominal_pain,filipino,active
,may sakit sa busong,abdominal pain,abdominal_pain,filipino,active
,nagabalati sang sakit tiyan,abdominal pain,abdominal_pain,filipino,active
,indi normal ang pamulanon,abnormal menstruation,abnormal_menstruation,filipino,active
,indi regular ang binulan,abnormal menstruation,abnormal_menstruation,filipino,active
,may problema sa regla,abnormal menstruation,abnormal_menstruation,filipino,active
,indi regular ang pamulanon,abnormal menstruation,abnormal_menstruation,filipino,active
,nagabag-o ang regla,abnormal menstruation,abnormal_menstruation,filipino,active
,may problema sa binulan,abnormal menstruation,abnormal_menstruation,filipino,active
,late ang pamulanon,abnormal menstruation,abnormal_menstruation,filipino,active
,sobra kadugo ang regla,abnormal menstruation,abnormal_menstruation,filipino,active
,ginakabog ang tiyan,acidity,acidity,filipino,active
,may asido sa tiyan,acidity,acidity,filipino,active
,nagakabog ang dughan,acidity,acidity,filipino,active
,may asido ako,acidity,acidity,filipino,active
,nagakabog ang tiyan ko,acidity,acidity,filipino,active
,maaslom ang tiyan,acidity,acidity,filipino,active
,gasido ang dughan,acidity,acidity,filipino,active
,nag-untat na ang atay sa pag-obra,acute liver failure,acute_liver_failure,filipino,active
,grabe na ang atay,acute liver failure,acute_liver_failure,filipino,active
,indi na maayo ang atay,acute liver failure,acute_liver_failure,filipino,active
,naguba ang atay,acute liver failure,acute_liver_failure,filipino,active
,daw indi maathag ang panghuna-huna,altered sensorium,altered_sensorium,filipino,active
,daw nalipong ang panumduman,altered sensorium,altered_sensorium,filipino,active
,indi klaro ang huna-huna,altered sensorium,altered_sensorium,filipino,active
,daw wala sa husto ang panumduman,altered sensorium,altered_sensorium,filipino,active
,confused ang pamatyagan,altered sensorium,altered_sensorium,filipino,active
,ginakulbaan ako,anxiety,anxiety,filipino,active
,permi nagakulba ang buot,anxiety,anxiety,filipino,active
,ginakulbaan gid ako,anxiety,anxiety,filipino,active
,may anxiety ako,anxiety,anxiety,filipino,active
,ginakabalaka ako,anxiety,anxiety,filipino,active
,wala ako kahilwayan,anxiety,anxiety,filipino,active
,sakit sang likod,back pain,back_pain,filipino,active
,ginasakit ang likod,back pain,back_pain,filipino,active
,masakit ang likod ko,back pain,back_pain,filipino,active
,ginasakit ang baywang,back pain,back_pain,filipino,active
,may sakit sa likod,back pain,back_pain,filipino,active
,ginasakit ang busong,belly pain,belly_pain,filipino,active
,sakit ang busong ko,belly pain,belly_pain,filipino,active
,may sakit sa tiyan,belly pain,belly_pain,filipino,active
,may itom nga tuldok sa panit,blackheads,blackheads,filipino,active
,may blackheads sa guya,blackheads,blackheads,filipino,active
,may itom nga heads sa panit,blackheads,blackheads,filipino,active
,indi komportable ang pantog,bladder discomfort,bladder_discomfort,filipino,active
,may kabudlayan sa pantog,bladder discomfort,bladder_discomfort,filipino,active
,sakit ang pantog,bladder discomfort,bladder_discomfort,filipino,active
,may discomfort sa pantog,bladder discomfort,bladder_discomfort,filipino,active
,may paltos sa panit,blister,blister,filipino,active
,nagapaltos ang panit,blister,blister,filipino,active
,may lintog sa panit,blister,blister,filipino,active
,may paltos ako,blister,blister,filipino,active
,may lintog,blister,blister,filipino,active
,may blister sa panit,blister,blister,filipino,active
,may dugo ang plema,blood in sputum,blood_in_sputum,filipino,active
,nagadugo ang akon plema,blood in sputum,blood_in_sputum,filipino,active
,may dugo sa plema,blood in sputum,blood_in_sputum,filipino,active
,pula ang plema,blood in sputum,blood_in_sputum,filipino,active
,may dugo ang tai,bloody stool,bloody_stool,filipino,active
,may dugo sa tai,bloody stool,bloody_stool,filipino,active
,nagadugo ang tai,bloody stool,bloody_stool,filipino,active
,pula ang tai,bloody stool,bloody_stool,filipino,active
,malubog ang panulok,blurred and distorted vision,blurred_and_distorted_vision,filipino,active
,indi maathag ang pagtan-aw,blurred and distorted vision,blurred_and_distorted_vision,filipino,active
,malubog ang mata,blurred and distorted vision,blurred_and_distorted_vision,filipino,active
,blurred ang panulok,blurred and distorted vision,blurred_and_distorted_vision,filipino,active
,ginabudlayan ako maginhawa,breathlessness,breathlessness,filipino,active
,kapos ang ginhawa,breathlessness,breathlessness,filipino,active
,ginahapo ako,breathlessness,breathlessness,filipino,active
,mahapos mabali ang kuko,brittle nails,brittle_nails,filipino,active
,manipis kag mabali ang kuko,brittle nails,brittle_nails,filipino,active
,madali mabali ang kuko,brittle nails,brittle_nails,filipino,active
,mahuyang ang kuko,brittle nails,brittle_nails,filipino,active
,naga-break ang kuko,brittle nails,brittle_nails,filipino,active
,may pasa sa lawas,bruising,bruising,filipino,active
,madali magpasa ang panit,bruising,bruising,filipino,active
,may pasa,bruising,bruising,filipino,active
,naga-bruise ang panit,bruising,bruising,filipino,active
,asul ang panit,bruising,bruising,filipino,active
,nagahapdi ang ihi,burning micturition,burning_micturition,filipino,active
,burning urination,burning micturition,burning_micturition,filipino,active
,sakit sang dughan,chest pain,chest_pain,filipino,active
,hapdi ang dughan,chest pain,chest_pain,filipino,active
,ginasakit ang dughan,chest pain,chest_pain,filipino,active
,ginasakit ang dughan ko,chest pain,chest_pain,filipino,active
,may sakit sa dughan,chest pain,chest_pain,filipino,active
,ginapanas-an ako,chills,chills,filipino,active
,nagapalamig ang lawas,chills,chills,filipino,active
,may chills,chills,chills,filipino,active
,malamig ang kamot kag tiil,cold hands and feets,cold_hands_and_feets,filipino,active
,ginalamigan ang kamot kag tiil,cold hands and feets,cold_hands_and_feets,filipino,active
,ginalamigan ang kamot,cold hands and feets,cold_hands_and_feets,filipino,active
,malamig ang tiil,cold hands and feets,cold_hands_and_feets,filipino,active
,wala na sang kalibutan,coma,coma,filipino,active
,nadulaan sang kalibutan,coma,coma,filipino,active
,wala sang kalibutan,coma,coma,filipino,active
,barado ang ilong,congestion,congestion,filipino,active
,napun-an ang ilong,congestion,congestion,filipino,active
,barado ang ilong ko,congestion,congestion,filipino,active
,matig-a ang tai,constipation,constipation,filipino,active
,wala untat ang gana mag-ihi,continuous feel of urine,continuous_feel_of_urine,filipino,active
,daw may ihi permi,continuous feel of urine,continuous_feel_of_urine,filipino,active
,nagaubo ako,cough,cough,filipino,active
,ubo ako,cough,cough,filipino,active
,ginapulikat ako,cramps,cramps,filipino,active
,may pulikat sa lawas,cramps,cramps,filipino,active
,may pulikat,cramps,cramps,filipino,active
,madulom ang ihi,dark urine,dark_urine,filipino,active
,kulang sa tubig ang lawas,dehydration,dehydration,filipino,active
,kulang tubig,dehydration,dehydration,filipino,active
,uga ang baba,dehydration,dehydration,filipino,active
,nagakalibanga ako,diarrhoea,diarrhoea,filipino,active
,permi nagalibang nga malapsi,diarrhoea,diarrhoea,filipino,active
,malapsi ang tai,diarrhoea,diarrhoea,filipino,active
,may lain nga kolor sa panit,dischromic patches,dischromic_patches,filipino,active
,may tapal nga nagbag-o ang kolor,dischromic patches,dischromic_patches,filipino,active
,may tapal sa panit,dischromic patches,dischromic_patches,filipino,active
,nagbag-o ang kolor sang panit,dischromic patches,dischromic_patches,filipino,active
,may puti ukon itom nga tapal,dischromic patches,dischromic_patches,filipino,active
,nagabusdik ang tiyan,distention of abdomen,distention_of_abdomen,filipino,active
,nagdako ang tiyan,distention of abdomen,distention_of_abdomen,filipino,active
,nagdako tiyan,distention of abdomen,distention_of_abdomen,filipino,active
,busdik ang tiyan,distention of abdomen,distention_of_abdomen,filipino,active
,nagalipong ako,dizziness,dizziness,filipino,active
,ginalipong ang ulo,dizziness,dizziness,filipino,active
,lipong ulo,dizziness,dizziness,filipino,active
,nagamala kag nagatingling ang bibig,drying and tingling lips,drying_and_tingling_lips,filipino,active
,mala kag tingling ang bibig,drying and tingling lips,drying_and_tingling_lips,filipino,active
,mala ang bibig,drying and tingling lips,drying_and_tingling_lips,filipino,active
,nagamala ang ngabil,drying and tingling lips,drying_and_tingling_lips,filipino,active
,tingling ang bibig,drying and tingling lips,drying_and_tingling_lips,filipino,active
,uga kag tingling ang lips,drying and tingling lips,drying_and_tingling_lips,filipino,active
,nagdako ang bosyo,enlarged thyroid,enlarged_thyroid,filipino,active
,may bosyo sa liog,enlarged thyroid,enlarged_thyroid,filipino,active
,may bosyo,enlarged thyroid,enlarged_thyroid,filipino,active
,hubag ang thyroid,enlarged thyroid,enlarged_thyroid,filipino,active
,sobra ang gutom bisan bag-o lang magkaon,excessive hunger,excessive_hunger,filipino,active
,may relasyon sa iban nga tawo,extra marital contacts,extra_marital_contacts,filipino,active
,indi lang isa ang kapareha,extra marital contacts,extra_marital_contacts,filipino,active
,may iban nga kapareha,extra marital contacts,extra_marital_contacts,filipino,active
,may relasyon sa gwa,extra marital contacts,extra_marital_contacts,filipino,active
,may kaso sa pamilya,family history,family_history,filipino,active
,may ara sa parentes,family history,family_history,filipino,active
,kusog ang pitik sang tagipusuon,fast heart rate,fast_heart_rate,filipino,active
,madasig ang pitik sang tagipusuon,fast heart rate,fast_heart_rate,filipino,active
,kusog pitik sang tagipusuon,fast heart rate,fast_heart_rate,filipino,active
,madasig ang heart beat,fast heart rate,fast_heart_rate,filipino,active
,nagakubakuba ang puso,fast heart rate,fast_heart_rate,filipino,active
,kapoy gid ang lawas,fatigue,fatigue,filipino,active
,ginakapoy ako,fatigue,fatigue,filipino,active
,sobra ang tubig sa lawas,fluid overload,fluid_overload,filipino,active
,mabaho ang ihi,foul smell of urine,foul_smell_of_urine,filipino,active
,may mabaho nga ihi,foul smell of urine,foul_smell_of_urine,filipino,active
,may baho ang ihi,foul smell of urine,foul_smell_of_urine,filipino,active
,foul smelling urine,foul smell of urine,foul_smell_of_urine,filipino,active
,ginasakit ang ulo,headache,headache,filipino,active
,may sakit ulo,headache,headache,filipino,active
,mainit gid ang lawas,high fever,high_fever,filipino,active
,sakit sa lutahan sang balikawang,hip joint pain,hip_joint_pain,filipino,active
,ginasakit ang balikawang,hip joint pain,hip_joint_pain,filipino,active
,ginasakit ang hip joint,hip joint pain,hip_joint_pain,filipino,active
,nagainom sang alak,history of alcohol consumption,history_of_alcohol_consumption,filipino,active
,hilig mag-inom sang alak,history of alcohol consumption,history_of_alcohol_consumption,filipino,active
,may history sa inom,history of alcohol consumption,history_of_alcohol_consumption,filipino,active
,nagdugang ang gana magkaon,increased appetite,increased_appetite,filipino,active
,mas madamo na ang ginakaon,increased appetite,increased_appetite,filipino,active
,nagdugang gana magkaon,increased appetite,increased_appetite,filipino,active
,mas gutom kaysa sang una,increased appetite,increased_appetite,filipino,active
,indi matunaw ang ginkaon,indigestion,indigestion,filipino,active
,nagabalda ang tiyan pagkatapos magkaon,indigestion,indigestion,filipino,active
,mabug-at ang tiyan,indigestion,indigestion,filipino,active
,nagahubag ang palibot sang kuko,inflammatory nails,inflammatory_nails,filipino,active
,hubag kag pula ang kuko,inflammatory nails,inflammatory_nails,filipino,active
,hubag ang kuko,inflammatory nails,inflammatory_nails,filipino,active
,pula ang palibot sang kuko,inflammatory nails,inflammatory_nails,filipino,active
,katol sa sulod sang tiyan,internal itching,internal_itching,filipino,active
,indi stable ang asukar sa dugo,irregular sugar level,irregular_sugar_level,filipino,active
,nagataas kag naganaba ang asukar,irregular sugar level,irregular_sugar_level,filipino,active
,indi stable ang asukar,irregular sugar level,irregular_sugar_level,filipino,active
,nagataas ang blood sugar,irregular sugar level,irregular_sugar_level,filipino,active
,madali ako maakig,irritability,irritability,filipino,active
,mainiton ang ulo,irritability,irritability,filipino,active
,ginakatol ang lubot,irritation in anus,irritation_in_anus,filipino,active
,may irritation sa lubot,irritation in anus,irritation_in_anus,filipino,active
,may irritation sa anus,irritation in anus,irritation_in_anus,filipino,active
,ginakatol ang panit,itching,itching,filipino,active
,makatol ang panit,itching,itching,filipino,active
,ginasakit ang lutahan,joint pain,joint_pain,filipino,active
,sakit sang tuhod,knee pain,knee_pain,filipino,active
,ginasakit ang tuhod,knee pain,knee_pain,filipino,active
,indi makapokus ang huna-huna,lack of concentration,lack_of_concentration,filipino,active
,wala ako konsentrasyon,lack of concentration,lack_of_concentration,filipino,active
,daw nagalayag ang huna-huna,lack of concentration,lack_of_concentration,filipino,active
,luya gid ang lawas,lethargy,lethargy,filipino,active
,nadula ang gana magkaon,loss of appetite,loss_of_appetite,filipino,active
,wala balanse ang lawas,loss of balance,loss_of_balance,filipino,active
,wala na ako makapanimaho,loss of smell,loss_of_smell,filipino,active
,indi maayo ang pamatyagan,malaise,malaise,filipino,active
,daw masakiton ang lawas,malaise,malaise,filipino,active
,daw masakiton,malaise,malaise,filipino,active
,gamay nga hilanat,mild fever,mild_fever,filipino,active
,gamay hilanat,mild fever,mild_fever,filipino,active
,may gamay nga init,mild fever,mild_fever,filipino,active
,nagabag-o ang buot,mood swings,mood_swings,filipino,active
,matig-a ang paghulag,movement stiffness,movement_stiffness,filipino,active
,budlay maghulag ang lawas,movement stiffness,movement_stiffness,filipino,active
,sakit ang muscle,muscle pain,muscle_pain,filipino,active
,naganiwang ang kalamnan,muscle wasting,muscle_wasting,filipino,active
,nagagamay ang mga muscle,muscle wasting,muscle_wasting,filipino,active
,naganiwang ang muscle,muscle wasting,muscle_wasting,filipino,active
,nagagamay ang kalamnan,muscle wasting,muscle_wasting,filipino,active
,maluya ang mga muscle,muscle weakness,muscle_weakness,filipino,active
,wala kusog ang mga muscle,muscle weakness,muscle_weakness,filipino,active
,wala kusog ang muscle,muscle weakness,muscle_weakness,filipino,active
,mahuyang ang kalamnan,muscle weakness,muscle_weakness,filipino,active
,daw masuka ako,nausea,nausea,filipino,active
,ginasuka-suka ang pamatyagan,nausea,nausea,filipino,active
,sakit sang liog,neck pain,neck_pain,filipino,active
,ginasakit ang liog,neck pain,neck_pain,filipino,active
,may mga bukol nga nagagwa sa panit,nodal skin eruptions,nodal_skin_eruptions,filipino,active
,nagabuswang nga bukol sa panit,nodal skin eruptions,nodal_skin_eruptions,filipino,active
,may bukol sa panit,nodal skin eruptions,nodal_skin_eruptions,filipino,active
,nagabuswang nga bukol,nodal skin eruptions,nodal_skin_eruptions,filipino,active
,sobra ang timbang,obesity,obesity,filipino,active
,matambok gid ang lawas,obesity,obesity,filipino,active
,sakit sa likod sang mata,pain behind the eyes,pain_behind_the_eyes,filipino,active
,ginasakit sa likod sang mata,pain behind the eyes,pain_behind_the_eyes,filipino,active
,ginasakit ang likod mata,pain behind the eyes,pain_behind_the_eyes,filipino,active
,pain during bowel movement,pain during bowel movements,pain_during_bowel_movements,filipino,active
,ginasakit ang lubot,pain in anal region,pain_in_anal_region,filipino,active
,hapdi ang lubot,pain in anal region,pain_in_anal_region,filipino,active
,nagakubakuba ang dughan,palpitations,palpitations,filipino,active
,daw nagalukso ang tagipusuon,palpitations,palpitations,filipino,active
,daw nagalukso ang puso,palpitations,palpitations,filipino,active
,nagapanuhot ako,passage of gases,passage_of_gases,filipino,active
,may puti nga patse sa tutunlan,patches in throat,patches_in_throat,filipino,active
,may puti nga tapal sa tutunlan,patches in throat,patches_in_throat,filipino,active
,may puti sa tutunlan,patches in throat,patches_in_throat,filipino,active
,may tapal sa throat,patches in throat,patches_in_throat,filipino,active
,may plema ako,phlegm,phlegm,filipino,active
,may plema,phlegm,phlegm,filipino,active
,may uhog,phlegm,phlegm,filipino,active
,madamo ang ihi ko,polyuria,polyuria,filipino,active
,nagabukol ang ugat sa batiis,prominent veins on calf,prominent_veins_on_calf,filipino,active
,makita gid ang ugat sa batiis,prominent veins on calf,prominent_veins_on_calf,filipino,active
,makita ang ugat sa batiis,prominent veins on calf,prominent_veins_on_calf,filipino,active
,nagahubag ang guya kag mata,puffy face and eyes,puffy_face_and_eyes,filipino,active
,hubag ang guya kag mata,puffy face and eyes,puffy_face_and_eyes,filipino,active
,nagahubag ang nawong,puffy face and eyes,puffy_face_and_eyes,filipino,active
,tagulhod nga may nana,pus filled pimples,pus_filled_pimples,filipino,active
,may nana nga tagulhod,pus filled pimples,pus_filled_pimples,filipino,active
,tagulhod may nana,pus filled pimples,pus_filled_pimples,filipino,active
,may acne nga may nana,pus filled pimples,pus_filled_pimples,filipino,active
,nakabaton sang dugo,receiving blood transfusion,receiving_blood_transfusion,filipino,active
,gin-transfusion sang dugo,receiving blood transfusion,receiving_blood_transfusion,filipino,active
,gintapnaan sang dugo,receiving blood transfusion,receiving_blood_transfusion,filipino,active
,ginturukan sang indi limpyo nga syringe,receiving unsterile injections,receiving_unsterile_injections,filipino,active
,ginturukan sang indi limpyo,receiving unsterile injections,receiving_unsterile_injections,filipino,active
,pula nga sugat sa palibot sang ilong,red sore around nose,red_sore_around_nose,filipino,active
,pula kag sugat sa palibot sang ilong,red sore around nose,red_sore_around_nose,filipino,active
,may pula nga tuldok sa lawas,red spots over body,red_spots_over_body,filipino,active
,may pula nga spots,red spots over body,red_spots_over_body,filipino,active
,pula ang mata,redness of eyes,redness_of_eyes,filipino,active
,nagapula ang mata,redness of eyes,redness_of_eyes,filipino,active
,indi ako mapahamtang,restlessness,restlessness,filipino,active
,nagatulo ang sip-on,runny nose,runny_nose,filipino,active
,may sip-on ako,runny nose,runny_nose,filipino,active
,may sip-on,runny nose,runny_nose,filipino,active
,kolor kalawang ang plema,rusty sputum,rusty_sputum,filipino,active
,daw kalawang nga plema,rusty sputum,rusty_sputum,filipino,active
,kolor kalawang plema,rusty sputum,rusty_sputum,filipino,active
,may peklat nga tapal sa panit,scurring,scurring,filipino,active
,may peklat,scurring,scurring,filipino,active
,nagakurog ako,shivering,shivering,filipino,active
,ginakurog ang lawas,shivering,shivering,filipino,active
,may pilak nga daw abo sa panit,silver like dusting,silver_like_dusting,filipino,active
,bug-at ang pamatyagan sa guya kag ilong,sinus pressure,sinus_pressure,filipino,active
,may pressure sa sinus,sinus pressure,sinus_pressure,filipino,active
,bug-at ang guya,sinus pressure,sinus_pressure,filipino,active
,nagakalas ang panit,skin peeling,skin_peeling,filipino,active
,nagapanit ang balat,skin peeling,skin_peeling,filipino,active
,may rashes sa panit,skin rash,skin_rash,filipino,active
,may rashes,skin rash,skin_rash,filipino,active
,may allergy sa panit,skin rash,skin_rash,filipino,active
,nagakulinggat ang dila kon maghambal,slurred speech,slurred_speech,filipino,active
,may gagmay nga lugum sa kuko,small dents in nails,small_dents_in_nails,filipino,active
,gagmay nga buho sa kuko,small dents in nails,small_dents_in_nails,filipino,active
,may lugum sa kuko,small dents in nails,small_dents_in_nails,filipino,active
,gagmay buho sa kuko,small dents in nails,small_dents_in_nails,filipino,active
,daw nagatuyok ang palibot,spinning movements,spinning_movements,filipino,active
,nagatuyok ang kalibutan sa panulok,spinning movements,spinning_movements,filipino,active
,tuyok ang palibot,spinning movements,spinning_movements,filipino,active
,may dugo sa ihi,spotting urination,spotting_urination,filipino,active
,may tulo nga dugo kon mag-ihi,spotting urination,spotting_urination,filipino,active
,spotting urine,spotting urination,spotting_urination,filipino,active
,may tulo dugo kon mag-ihi,spotting urination,spotting_urination,filipino,active
,matig-a ang liog,stiff neck,stiff_neck,filipino,active
,sakit kag matig-a ang liog,stiff neck,stiff_neck,filipino,active
,nagadugo ang tiyan,stomach bleeding,stomach_bleeding,filipino,active
,may pagdugo sa tiyan,stomach bleeding,stomach_bleeding,filipino,active
,ginasakit gid ang tiyan,stomach pain,stomach_pain,filipino,active
,masakit ang tiyan,stomach pain,stomach_pain,filipino,active
,nagtulon ang mata,sunken eyes,sunken_eyes,filipino,active
,nagalubog kag nagtulon ang mata,sunken eyes,sunken_eyes,filipino,active
,nagalubog ang mata,sunken eyes,sunken_eyes,filipino,active
,nagabalhas ako,sweating,sweating,filipino,active
,madamo ang balhas,sweating,sweating,filipino,active
,nagahubag ang kulani,swelled lymph nodes,swelled_lymph_nodes,filipino,active
,may bukol nga kulani sa liog,swelled lymph nodes,swelled_lymph_nodes,filipino,active
,may bukol sa liog,swelled lymph nodes,swelled_lymph_nodes,filipino,active
,nagahubag ang lutahan,swelling joints,swelling_joints,filipino,active
,hubag ang mga lutahan,swelling joints,swelling_joints,filipino,active
,nagahubag ang joints,swelling joints,swelling_joints,filipino,active
,nagahubag ang tiyan,swelling of stomach,swelling_of_stomach,filipino,active
,hubag kag nagdako ang tiyan,swelling of stomach,swelling_of_stomach,filipino,active
,nagahubag ang mga ugat,swollen blood vessels,swollen_blood_vessels,filipino,active
,nagahubag ang ugat,swollen blood vessels,swollen_blood_vessels,filipino,active
,nagahubag ang kamot kag tiil,swollen extremeties,swollen_extremeties,filipino,active
,hubag ang mga kamot kag tiil,swollen extremeties,swollen_extremeties,filipino,active
,nagahubag ang tiil,swollen legs,swollen_legs,filipino,active
,hubag ang paa,swollen legs,swollen_legs,filipino,active
,nagahubag ang paa,swollen legs,swollen_legs,filipino,active
,ginakatol ang tutunlan,throat irritation,throat_irritation,filipino,active
,sakit kag katol ang tutunlan,throat irritation,throat_irritation,filipino,active
,hapdi ang throat,throat irritation,throat_irritation,filipino,active
,daw grabe ka masakiton ang hitsura,toxic look,toxic_look,filipino,active
,luya kag masakiton ang hitsura,toxic look,toxic_look,filipino,active
,masakiton ang hitsura,toxic look,toxic_look,filipino,active
,may singaw sa dila,ulcers on tongue,ulcers_on_tongue,filipino,active
,may singaw sa bibig,ulcers on tongue,ulcers_on_tongue,filipino,active
,may singaw,ulcers on tongue,ulcers_on_tongue,filipino,active
,indi steady ang paglakat,unsteadiness,unsteadiness,filipino,active
,may problema sa panulok,visual disturbances,visual_disturbances,filipino,active
,indi maayo ang pagtan-aw,visual disturbances,visual_disturbances,filipino,active
,nagasuka ako,vomiting,vomiting,filipino,active
,nagatubig ang mata,watering from eyes,watering_from_eyes,filipino,active
,permi nagatubig ang mata,watering from eyes,watering_from_eyes,filipino,active
,maluya ang bukton kag tiil,weakness in limbs,weakness_in_limbs,filipino,active
,wala kusog ang bukton kag tiil,weakness in limbs,weakness_in_limbs,filipino,active
,wala kusog ang tiil,weakness in limbs,weakness_in_limbs,filipino,active
,maluya ang isa ka bahin sang lawas,weakness of one body side,weakness_of_one_body_side,filipino,active
,wala kusog ang isa ka bahin sang lawas,weakness of one body side,weakness_of_one_body_side,filipino,active
,wala kusog ang isa ka side,weakness of one body side,weakness_of_one_body_side,filipino,active
,nagdugang ang timbang ko,weight gain,weight_gain,filipino,active
,nagtambok ako,weight gain,weight_gain,filipino,active
,nagdugang timbang,weight gain,weight_gain,filipino,active
,nagakunhod ang timbang ko,weight loss,weight_loss,filipino,active
,nagniwang ako,weight loss,weight_loss,filipino,active
,may dilaw nga nana nga nagagwa,yellow crust ooze,yellow_crust_ooze,filipino,active
,nagagwa ang dilaw nga likido sa sugat,yellow crust ooze,yellow_crust_ooze,filipino,active
,dilaw ang ihi,yellow urine,yellow_urine,filipino,active
,nagadilaw ang ihi,yellow urine,yellow_urine,filipino,active
,nagadilaw ang mata,yellowing of eyes,yellowing_of_eyes,filipino,active
,dilaw ang mata,yellowing of eyes,yellowing_of_eyes,filipino,active
,nagadilaw ang panit,yellowish skin,yellowish_skin,filipino,active
,dilaw ang panit,yellowish skin,yellowish_skin,filipino,active
,"paulit-ulit na pagsusuka","Persistent Vomiting",persistent_vomiting,filipino,active
,"hindi tumitigil ang pagsusuka","Persistent Vomiting",persistent_vomiting,filipino,active
,"hirap sa katawan",Fatigue,fatigue,filipino,active
,"hindi maganda ang pakiramdam",Fatigue,fatigue,filipino,active
,"masakit dibdib ko","Chest Pain",chest_pain,filipino,active
,"hindi mapigil ang pagdurugo","Severe Bleeding",severe_bleeding,filipino,active
,himatay,"Loss of Consciousness",loss_of_consciousness,filipino,active
,"walang malay","Loss of Consciousness",loss_of_consciousness,filipino,active
,nanginginig,Seizure,seizure,filipino,active
,kumbulsyon,Seizure,seizure,filipino,active
,pagkakumbulsyon,Seizure,seizure,filipino,active
,"hirap magsalita","Stroke Symptoms",stroke_symptoms,filipino,active
,"mahina ang isang braso","Stroke Symptoms",stroke_symptoms,filipino,active
,"nakasimangot ang mukha","Stroke Symptoms",stroke_symptoms,filipino,active
,"matinding allergy","Severe Allergic Reaction",severe_allergic_reaction,filipino,active
,"namamaga ang lalamunan","Severe Allergic Reaction",severe_allergic_reaction,filipino,active
,anaphylaxis,"Severe Allergic Reaction",severe_allergic_reaction,filipino,active
,nalilito,Confusion,confusion,filipino,active
,"hindi alam kung nasaan",Confusion,confusion,filipino,active
,"magulo ang isip",Confusion,confusion,filipino,active
,"matinding dehydration","Severe Dehydration",severe_dehydration,filipino,active
,"walang ihi","Severe Dehydration",severe_dehydration,filipino,active
,"lubhang tuhog","Severe Dehydration",severe_dehydration,filipino,active
,"nakainom ng lason",Poisoning,poisoning,filipino,active
,pagkalason,Poisoning,poisoning,filipino,active
,overdose,Poisoning,poisoning,filipino,active
,paso,Burns,burns,filipino,active
,nasunog,Burns,burns,filipino,active
,napaso,Burns,burns,filipino,active
,"gusto magpakamatay","Suicidal Thoughts",suicidal_thoughts,filipino,active
,"nais magpakamatay","Suicidal Thoughts",suicidal_thoughts,filipino,active
,suicidal,"Suicidal Thoughts",suicidal_thoughts,filipino,active
,"pamumula ng balat",Rash,rash,filipino,active
,"may rash",Rash,rash,filipino,active
,"sakit ng tenga","Ear Pain",ear_pain,filipino,active
,"sakit ng mata","Eye Pain",eye_pain,filipino,active
,"sakit ng likod","Back Pain",back_pain,filipino,active
,"masakit umihi","Painful Urination",urinary_symptoms,filipino,active
,"mahapdi umihi","Painful Urination",urinary_symptoms,filipino,active
,"mabilis ang tibok ng puso",Palpitations,palpitations,filipino,active
,"kumakabog ang dibdib",Palpitations,palpitations,filipino,active
,"may wheezing",Wheezing,wheezing,filipino,active
,"masakit ang wheezing",Wheezing,wheezing,filipino,active
,"may asthma exacerbation","Asthma Exacerbation",asthma_exacerbation,filipino,active
,"masakit ang asthma exacerbation","Asthma Exacerbation",asthma_exacerbation,filipino,active
,"may stridor",Stridor,stridor,filipino,active
,"masakit ang stridor",Stridor,stridor,filipino,active
,"may bronchitis",Bronchitis,bronchitis,filipino,active
,"masakit ang bronchitis",Bronchitis,bronchitis,filipino,active
,"may pneumonia symptoms","Pneumonia Symptoms",pneumonia_symptoms,filipino,active
,"masakit ang pneumonia symptoms","Pneumonia Symptoms",pneumonia_symptoms,filipino,active
,"may pleuritic chest pain","Pleuritic Chest Pain",pleuritic_chest_pain,filipino,active
,"masakit ang pleuritic chest pain","Pleuritic Chest Pain",pleuritic_chest_pain,filipino,active
,"may hoarseness",Hoarseness,hoarseness,filipino,active
,"masakit ang hoarseness",Hoarseness,hoarseness,filipino,active
,"may nasal congestion","Nasal Congestion",nasal_congestion,filipino,active
,"masakit ang nasal congestion","Nasal Congestion",nasal_congestion,filipino,active
,"may sinus pain","Sinus Pain",sinus_pain,filipino,active
,"masakit ang sinus pain","Sinus Pain",sinus_pain,filipino,active
,"may hemoptysis",Hemoptysis,hemoptysis,filipino,active
,"masakit ang hemoptysis",Hemoptysis,hemoptysis,filipino,active
,"may throat swelling","Throat Swelling",throat_swelling,filipino,active
,"masakit ang throat swelling","Throat Swelling",throat_swelling,filipino,active
,"may aspiration",Aspiration,aspiration,filipino,active
,"masakit ang aspiration",Aspiration,aspiration,filipino,active
,"may croup",Croup,croup,filipino,active
,"masakit ang croup",Croup,croup,filipino,active
,"may nosebleed",Nosebleed,epistaxis,filipino,active
,"masakit ang nosebleed",Nosebleed,epistaxis,filipino,active
,"may severe nosebleed","Severe Nosebleed",severe_epistaxis,filipino,active
,"masakit ang severe nosebleed","Severe Nosebleed",severe_epistaxis,filipino,active
,"may cyanosis",Cyanosis,cyanosis,filipino,active
,"masakit ang cyanosis",Cyanosis,cyanosis,filipino,active
,"may sleep apnea symptoms","Sleep Apnea Symptoms",sleep_apnea_symptoms,filipino,active
,"masakit ang sleep apnea symptoms","Sleep Apnea Symptoms",sleep_apnea_symptoms,filipino,active
,"may syncope",Syncope,syncope,filipino,active
,"masakit ang syncope",Syncope,syncope,filipino,active
,"may low blood pressure","Low Blood Pressure",hypotension,filipino,active
,"masakit ang low blood pressure","Low Blood Pressure",hypotension,filipino,active
,"may severe hypertension","Severe Hypertension",hypertension_severe,filipino,active
,"masakit ang severe hypertension","Severe Hypertension",hypertension_severe,filipino,active
,"may unilateral leg swelling","Unilateral Leg Swelling",leg_swelling_unilateral,filipino,active
,"masakit ang unilateral leg swelling","Unilateral Leg Swelling",leg_swelling_unilateral,filipino,active
,"may claudication",Claudication,claudication,filipino,active
,"masakit ang claudication",Claudication,claudication,filipino,active
,"may irregular heartbeat","Irregular Heartbeat",arrhythmia,filipino,active
,"masakit ang irregular heartbeat","Irregular Heartbeat",arrhythmia,filipino,active
,"may angina",Angina,angina,filipino,active
,"masakit ang angina",Angina,angina,filipino,active
,"may heart failure symptoms","Heart Failure Symptoms",heart_failure_symptoms,filipino,active
,"masakit ang heart failure symptoms","Heart Failure Symptoms",heart_failure_symptoms,filipino,active
,"may cold extremities","Cold Extremities",cold_extremities,filipino,active
,"masakit ang cold extremities","Cold Extremities",cold_extremities,filipino,active
,"may cardiac arrest","Cardiac Arrest",cardiac_arrest_symptoms,filipino,active
,"masakit ang cardiac arrest","Cardiac Arrest",cardiac_arrest_symptoms,filipino,active
,"may constipation",Constipation,constipation,filipino,active
,"masakit ang constipation",Constipation,constipation,filipino,active
,"may bloating",Bloating,bloating,filipino,active
,"masakit ang bloating",Bloating,bloating,filipino,active
,"may difficulty swallowing","Difficulty Swallowing",dysphagia,filipino,active
,"masakit ang difficulty swallowing","Difficulty Swallowing",dysphagia,filipino,active
,"may painful swallowing","Painful Swallowing",odynophagia,filipino,active
,"masakit ang painful swallowing","Painful Swallowing",odynophagia,filipino,active
,"may black stool","Black Stool",melena,filipino,active
,"masakit ang black stool","Black Stool",melena,filipino,active
,"may blood in stool","Blood in Stool",hematochezia,filipino,active
,"masakit ang blood in stool","Blood in Stool",hematochezia,filipino,active
,"may jaundice",Jaundice,jaundice,filipino,active
,"masakit ang jaundice",Jaundice,jaundice,filipino,active
,"may appendicitis pain","Appendicitis Pain",appendicitis_pain,filipino,active
,"masakit ang appendicitis pain","Appendicitis Pain",appendicitis_pain,filipino,active
,"may pancreatitis pain","Pancreatitis Pain",pancreatitis_pain,filipino,active
,"masakit ang pancreatitis pain","Pancreatitis Pain",pancreatitis_pain,filipino,active
,"may gallbladder pain","Gallbladder Pain",gallbladder_pain,filipino,active
,"masakit ang gallbladder pain","Gallbladder Pain",gallbladder_pain,filipino,active
,"may acid reflux","Acid Reflux",reflux,filipino,active
,"masakit ang acid reflux","Acid Reflux",reflux,filipino,active
,"may indigestion",Indigestion,indigestion,filipino,active
,"masakit ang indigestion",Indigestion,indigestion,filipino,active
,"may loss of appetite","Loss of Appetite",anorexia,filipino,active
,"masakit ang loss of appetite","Loss of Appetite",anorexia,filipino,active
,"may unintentional weight loss","Unintentional Weight Loss",weight_loss,filipino,active
,"masakit ang unintentional weight loss","Unintentional Weight Loss",weight_loss,filipino,active
,"may rectal pain","Rectal Pain",rectal_pain,filipino,active
,"masakit ang rectal pain","Rectal Pain",rectal_pain,filipino,active
,"may hernia pain","Hernia Pain",hernia_pain,filipino,active
,"masakit ang hernia pain","Hernia Pain",hernia_pain,filipino,active
,"may acute abdomen","Acute Abdomen",acute_abdomen,filipino,active
,"masakit ang acute abdomen","Acute Abdomen",acute_abdomen,filipino,active
,"may numbness",Numbness,numbness,filipino,active
,"masakit ang numbness",Numbness,numbness,filipino,active
,"may tingling",Tingling,tingling,filipino,active
,"masakit ang tingling",Tingling,tingling,filipino,active
,"may paralysis",Paralysis,paralysis,filipino,active
,"masakit ang paralysis",Paralysis,paralysis,filipino,active
,"may tremor",Tremor,tremor,filipino,active
,"masakit ang tremor",Tremor,tremor,filipino,active
,"may facial weakness","Facial Weakness",facial_weakness,filipino,active
,"masakit ang facial weakness","Facial Weakness",facial_weakness,filipino,active
,"may vision loss","Vision Loss",vision_loss,filipino,active
,"masakit ang vision loss","Vision Loss",vision_loss,filipino,active
,"may double vision","Double Vision",double_vision,filipino,active
,"masakit ang double vision","Double Vision",double_vision,filipino,active
,"may hearing loss","Hearing Loss",hearing_loss,filipino,active
,"masakit ang hearing loss","Hearing Loss",hearing_loss,filipino,active
,"may vertigo",Vertigo,vertigo,filipino,active
,"masakit ang vertigo",Vertigo,vertigo,filipino,active
,"may severe migraine","Severe Migraine",migraine_severe,filipino,active
,"masakit ang severe migraine","Severe Migraine",migraine_severe,filipino,active
,"may stiff neck","Stiff Neck",stiff_neck,filipino,active
,"masakit ang stiff neck","Stiff Neck",stiff_neck,filipino,active
,"may meningism",Meningism,meningism,filipino,active
,"masakit ang meningism",Meningism,meningism,filipino,active
,"may gait disturbance","Gait Disturbance",gait_disturbance,filipino,active
,"masakit ang gait disturbance","Gait Disturbance",gait_disturbance,filipino,active
,"may acute memory loss","Acute Memory Loss",memory_loss_acute,filipino,active
,"masakit ang acute memory loss","Acute Memory Loss",memory_loss_acute,filipino,active
,"may facial droop","Facial Droop",facial_droop,filipino,active
,"masakit ang facial droop","Facial Droop",facial_droop,filipino,active
,"may slurred speech","Slurred Speech",slurred_speech,filipino,active
,"masakit ang slurred speech","Slurred Speech",slurred_speech,filipino,active
,"may one-sided weakness","One-Sided Weakness",one_sided_weakness,filipino,active
,"masakit ang one-sided weakness","One-Sided Weakness",one_sided_weakness,filipino,active
,"may joint swelling","Joint Swelling",joint_swelling,filipino,active
,"masakit ang joint swelling","Joint Swelling",joint_swelling,filipino,active
,"may muscle cramps","Muscle Cramps",muscle_cramps,filipino,active
,"masakit ang muscle cramps","Muscle Cramps",muscle_cramps,filipino,active
,"may neck pain","Neck Pain",neck_pain,filipino,active
,"masakit ang neck pain","Neck Pain",neck_pain,filipino,active
,"may shoulder pain","Shoulder Pain",shoulder_pain,filipino,active
,"masakit ang shoulder pain","Shoulder Pain",shoulder_pain,filipino,active
,"may hip pain","Hip Pain",hip_pain,filipino,active
,"masakit ang hip pain","Hip Pain",hip_pain,filipino,active
,"may knee pain","Knee Pain",knee_pain,filipino,active
,"masakit ang knee pain","Knee Pain",knee_pain,filipino,active
,"may ankle pain","Ankle Pain",ankle_pain,filipino,active
,"masakit ang ankle pain","Ankle Pain",ankle_pain,filipino,active
,"may wrist pain","Wrist Pain",wrist_pain,filipino,active
,"masakit ang wrist pain","Wrist Pain",wrist_pain,filipino,active
,"may sprain",Sprain,sprain,filipino,active
,"masakit ang sprain",Sprain,sprain,filipino,active
,"may suspected fracture","Suspected Fracture",suspected_fracture,filipino,active
,"masakit ang suspected fracture","Suspected Fracture",suspected_fracture,filipino,active
,"may dislocation",Dislocation,dislocation,filipino,active
,"masakit ang dislocation",Dislocation,dislocation,filipino,active
,"may muscle weakness","Muscle Weakness",muscle_weakness,filipino,active
,"masakit ang muscle weakness","Muscle Weakness",muscle_weakness,filipino,active
,"may hives",Hives,hives,filipino,active
,"masakit ang hives",Hives,hives,filipino,active
,"may itching",Itching,itching,filipino,active
,"masakit ang itching",Itching,itching,filipino,active
,"may cellulitis",Cellulitis,cellulitis,filipino,active
,"masakit ang cellulitis",Cellulitis,cellulitis,filipino,active
,"may abscess",Abscess,abscess,filipino,active
,"masakit ang abscess",Abscess,abscess,filipino,active
,"may wound infection","Wound Infection",wound_infection,filipino,active
,"masakit ang wound infection","Wound Infection",wound_infection,filipino,active
,"may laceration",Laceration,laceration,filipino,active
,"masakit ang laceration",Laceration,laceration,filipino,active
,"may insect bite reaction","Insect Bite Reaction",insect_bite_reaction,filipino,active
,"masakit ang insect bite reaction","Insect Bite Reaction",insect_bite_reaction,filipino,active
,"may purpuric rash","Purpuric Rash",purpuric_rash,filipino,active
,"masakit ang purpuric rash","Purpuric Rash",purpuric_rash,filipino,active
,"may spreading skin infection","Spreading Skin Infection",skin_infection_spreading,filipino,active
,"masakit ang spreading skin infection","Spreading Skin Infection",skin_infection_spreading,filipino,active
,"may tinnitus",Tinnitus,tinnitus,filipino,active
,"masakit ang tinnitus",Tinnitus,tinnitus,filipino,active
,"may hearing change","Hearing Change",hearing_change,filipino,active
,"masakit ang hearing change","Hearing Change",hearing_change,filipino,active
,"may tonsillar swelling","Tonsillar Swelling",tonsillar_swelling,filipino,active
,"masakit ang tonsillar swelling","Tonsillar Swelling",tonsillar_swelling,filipino,active
,"may dental pain","Dental Pain",dental_pain,filipino,active
,"masakit ang dental pain","Dental Pain",dental_pain,filipino,active
,"may jaw pain","Jaw Pain",jaw_pain,filipino,active
,"masakit ang jaw pain","Jaw Pain",jaw_pain,filipino,active
,"may facial pain","Facial Pain",facial_pain,filipino,active
,"masakit ang facial pain","Facial Pain",facial_pain,filipino,active
,"may mouth sores","Mouth Sores",mouth_sores,filipino,active
,"masakit ang mouth sores","Mouth Sores",mouth_sores,filipino,active
,"may facial swelling","Facial Swelling",facial_swelling,filipino,active
,"masakit ang facial swelling","Facial Swelling",facial_swelling,filipino,active
,"may red eye","Red Eye",red_eye,filipino,active
,"masakit ang red eye","Red Eye",red_eye,filipino,active
,"may vision change","Vision Change",vision_change,filipino,active
,"masakit ang vision change","Vision Change",vision_change,filipino,active
,"may eye discharge","Eye Discharge",eye_discharge,filipino,active
,"masakit ang eye discharge","Eye Discharge",eye_discharge,filipino,active
,"may foreign body in eye","Foreign Body in Eye",foreign_body_eye,filipino,active
,"masakit ang foreign body in eye","Foreign Body in Eye",foreign_body_eye,filipino,active
,"may photophobia",Photophobia,photophobia,filipino,active
,"masakit ang photophobia",Photophobia,photophobia,filipino,active
,"may sudden vision loss","Sudden Vision Loss",sudden_vision_loss,filipino,active
,"masakit ang sudden vision loss","Sudden Vision Loss",sudden_vision_loss,filipino,active
,"may urinary retention","Urinary Retention",urinary_retention,filipino,active
,"masakit ang urinary retention","Urinary Retention",urinary_retention,filipino,active
,"may blood in urine","Blood in Urine",hematuria,filipino,active
,"masakit ang blood in urine","Blood in Urine",hematuria,filipino,active
,"may flank pain","Flank Pain",flank_pain,filipino,active
,"masakit ang flank pain","Flank Pain",flank_pain,filipino,active
,"may kidney stone pain","Kidney Stone Pain",kidney_stone_pain,filipino,active
,"masakit ang kidney stone pain","Kidney Stone Pain",kidney_stone_pain,filipino,active
,"may urinary frequency","Urinary Frequency",urinary_frequency,filipino,active
,"masakit ang urinary frequency","Urinary Frequency",urinary_frequency,filipino,active
,"may incontinence",Incontinence,incontinence,filipino,active
,"masakit ang incontinence",Incontinence,incontinence,filipino,active
,"may scrotal pain","Scrotal Pain",scrotal_pain,filipino,active
,"masakit ang scrotal pain","Scrotal Pain",scrotal_pain,filipino,active
,"may testicular pain","Testicular Pain",testicular_pain,filipino,active
,"masakit ang testicular pain","Testicular Pain",testicular_pain,filipino,active
,"may testicular torsion","Testicular Torsion",testicular_torsion,filipino,active
,"masakit ang testicular torsion","Testicular Torsion",testicular_torsion,filipino,active
,"may penile discharge","Penile Discharge",penile_discharge,filipino,active
,"masakit ang penile discharge","Penile Discharge",penile_discharge,filipino,active
,"may anxiety attack","Anxiety Attack",anxiety_attack,filipino,active
,"masakit ang anxiety attack","Anxiety Attack",anxiety_attack,filipino,active
,"may panic attack","Panic Attack",panic_attack,filipino,active
,"masakit ang panic attack","Panic Attack",panic_attack,filipino,active
,"may severe depression","Severe Depression",depression_severe,filipino,active
,"masakit ang severe depression","Severe Depression",depression_severe,filipino,active
,"may agitation",Agitation,agitation,filipino,active
,"masakit ang agitation",Agitation,agitation,filipino,active
,"may aggression",Aggression,aggression,filipino,active
,"masakit ang aggression",Aggression,aggression,filipino,active
,"may hallucinations",Hallucinations,hallucinations,filipino,active
,"masakit ang hallucinations",Hallucinations,hallucinations,filipino,active
,"may substance withdrawal","Substance Withdrawal",substance_withdrawal,filipino,active
,"masakit ang substance withdrawal","Substance Withdrawal",substance_withdrawal,filipino,active
,"may self harm","Self Harm",self_harm,filipino,active
,"masakit ang self harm","Self Harm",self_harm,filipino,active
,"may psychosis",Psychosis,psychosis,filipino,active
,"masakit ang psychosis",Psychosis,psychosis,filipino,active
,"may infant fever","Infant Fever",infant_fever,filipino,active
,"masakit ang infant fever","Infant Fever",infant_fever,filipino,active
,"may poor feeding in infant","Poor Feeding in Infant",poor_feeding_infant,filipino,active
,"masakit ang poor feeding in infant","Poor Feeding in Infant",poor_feeding_infant,filipino,active
,"may decreased wet diapers","Decreased Wet Diapers",decreased_wet_diapers,filipino,active
,"masakit ang decreased wet diapers","Decreased Wet Diapers",decreased_wet_diapers,filipino,active
,"may bulging fontanelle","Bulging Fontanelle",bulging_fontanelle,filipino,active
,"masakit ang bulging fontanelle","Bulging Fontanelle",bulging_fontanelle,filipino,active
,"may irritable infant","Irritable Infant",irritable_infant,filipino,active
,"masakit ang irritable infant","Irritable Infant",irritable_infant,filipino,active
,"may child lethargy","Child Lethargy",child_lethargy,filipino,active
,"masakit ang child lethargy","Child Lethargy",child_lethargy,filipino,active
,"may febrile seizure","Febrile Seizure",febrile_seizure,filipino,active
,"masakit ang febrile seizure","Febrile Seizure",febrile_seizure,filipino,active
,"may child dehydration","Child Dehydration",child_dehydration,filipino,active
,"masakit ang child dehydration","Child Dehydration",child_dehydration,filipino,active
,"may fall injury","Fall Injury",fall_injury,filipino,active
,"masakit ang fall injury","Fall Injury",fall_injury,filipino,active
,"may elderly confusion","Elderly Confusion",elderly_confusion,filipino,active
,"masakit ang elderly confusion","Elderly Confusion",elderly_confusion,filipino,active
,"may failure to thrive","Failure to Thrive",failure_to_thrive,filipino,active
,"masakit ang failure to thrive","Failure to Thrive",failure_to_thrive,filipino,active
,"may unwitnessed fall in elderly","Unwitnessed Fall in Elderly",elderly_fall_unwitnessed,filipino,active
,"masakit ang unwitnessed fall in elderly","Unwitnessed Fall in Elderly",elderly_fall_unwitnessed,filipino,active
,"may reduced fetal movement","Reduced Fetal Movement",reduced_fetal_movement,filipino,active
,"masakit ang reduced fetal movement","Reduced Fetal Movement",reduced_fetal_movement,filipino,active
,"may preterm labor","Preterm Labor",preterm_labor,filipino,active
,"masakit ang preterm labor","Preterm Labor",preterm_labor,filipino,active
,"may preeclampsia symptoms","Preeclampsia Symptoms",preeclampsia_symptoms,filipino,active
,"masakit ang preeclampsia symptoms","Preeclampsia Symptoms",preeclampsia_symptoms,filipino,active
,"may severe headache in pregnancy","Severe Headache in Pregnancy",pregnancy_headache_severe,filipino,active
,"masakit ang severe headache in pregnancy","Severe Headache in Pregnancy",pregnancy_headache_severe,filipino,active
,"may significant swelling in pregnancy","Significant Swelling in Pregnancy",pregnancy_swelling,filipino,active
,"masakit ang significant swelling in pregnancy","Significant Swelling in Pregnancy",pregnancy_swelling,filipino,active
,"may pregnancy bleeding","Pregnancy Bleeding",pregnancy_bleeding,filipino,active
,"masakit ang pregnancy bleeding","Pregnancy Bleeding",pregnancy_bleeding,filipino,active
,"may ectopic pregnancy","Ectopic Pregnancy",ectopic_pregnancy,filipino,active
,"masakit ang ectopic pregnancy","Ectopic Pregnancy",ectopic_pregnancy,filipino,active
,"may miscarriage symptoms","Miscarriage Symptoms",miscarriage_symptoms,filipino,active
,"masakit ang miscarriage symptoms","Miscarriage Symptoms",miscarriage_symptoms,filipino,active
,"may head injury","Head Injury",head_injury,filipino,active
,"masakit ang head injury","Head Injury",head_injury,filipino,active
,"may fall",Fall,fall,filipino,active
,"masakit ang fall",Fall,fall,filipino,active
,"may motor vehicle accident","Motor Vehicle Accident",motor_vehicle_accident,filipino,active
,"masakit ang motor vehicle accident","Motor Vehicle Accident",motor_vehicle_accident,filipino,active
,"may deep laceration","Deep Laceration",deep_laceration,filipino,active
,"masakit ang deep laceration","Deep Laceration",deep_laceration,filipino,active
,"may crush injury","Crush Injury",crush_injury,filipino,active
,"masakit ang crush injury","Crush Injury",crush_injury,filipino,active
,"may amputation",Amputation,amputation,filipino,active
,"masakit ang amputation",Amputation,amputation,filipino,active
,"may gunshot wound","Gunshot Wound",gunshot_wound,filipino,active
,"masakit ang gunshot wound","Gunshot Wound",gunshot_wound,filipino,active
,"may stab wound","Stab Wound",stab_wound,filipino,active
,"masakit ang stab wound","Stab Wound",stab_wound,filipino,active
,"may assault injury","Assault Injury",assault_injury,filipino,active
,"masakit ang assault injury","Assault Injury",assault_injury,filipino,active
,"may spinal injury","Spinal Injury",spinal_injury,filipino,active
,"masakit ang spinal injury","Spinal Injury",spinal_injury,filipino,active
,"may major trauma","Major Trauma",major_trauma,filipino,active
,"masakit ang major trauma","Major Trauma",major_trauma,filipino,active
,"may penetrating trauma","Penetrating Trauma",penetrating_trauma,filipino,active
,"masakit ang penetrating trauma","Penetrating Trauma",penetrating_trauma,filipino,active
,"may rigors",Rigors,rigors,filipino,active
,"masakit ang rigors",Rigors,rigors,filipino,active
,"may night sweats","Night Sweats",night_sweats,filipino,active
,"masakit ang night sweats","Night Sweats",night_sweats,filipino,active
,"may rash with fever","Rash with Fever",rash_with_fever,filipino,active
,"masakit ang rash with fever","Rash with Fever",rash_with_fever,filipino,active
,"may sore throat with fever","Sore Throat with Fever",sore_throat_with_fever,filipino,active
,"masakit ang sore throat with fever","Sore Throat with Fever",sore_throat_with_fever,filipino,active
,"may infectious exposure","Infectious Exposure",infectious_exposure,filipino,active
,"masakit ang infectious exposure","Infectious Exposure",infectious_exposure,filipino,active
,"may sepsis symptoms","Sepsis Symptoms",sepsis_symptoms,filipino,active
,"masakit ang sepsis symptoms","Sepsis Symptoms",sepsis_symptoms,filipino,active
,"may meningitis symptoms","Meningitis Symptoms",meningitis_symptoms,filipino,active
,"masakit ang meningitis symptoms","Meningitis Symptoms",meningitis_symptoms,filipino,active
,"may tuberculosis symptoms","Tuberculosis Symptoms",tuberculosis_symptoms,filipino,active
,"masakit ang tuberculosis symptoms","Tuberculosis Symptoms",tuberculosis_symptoms,filipino,active
,"may dengue symptoms","Dengue Symptoms",dengue_symptoms,filipino,active
,"masakit ang dengue symptoms","Dengue Symptoms",dengue_symptoms,filipino,active
,"may malaria symptoms","Malaria Symptoms",malaria_symptoms,filipino,active
,"masakit ang malaria symptoms","Malaria Symptoms",malaria_symptoms,filipino,active
,"may drug overdose","Drug Overdose",drug_overdose,filipino,active
,"masakit ang drug overdose","Drug Overdose",drug_overdose,filipino,active
,"may alcohol intoxication","Alcohol Intoxication",alcohol_intoxication,filipino,active
,"masakit ang alcohol intoxication","Alcohol Intoxication",alcohol_intoxication,filipino,active
,"may carbon monoxide exposure","Carbon Monoxide Exposure",carbon_monoxide,filipino,active
,"masakit ang carbon monoxide exposure","Carbon Monoxide Exposure",carbon_monoxide,filipino,active
,"may chemical exposure","Chemical Exposure",chemical_exposure,filipino,active
,"masakit ang chemical exposure","Chemical Exposure",chemical_exposure,filipino,active
,"may heat exhaustion","Heat Exhaustion",heat_exhaustion,filipino,active
,"masakit ang heat exhaustion","Heat Exhaustion",heat_exhaustion,filipino,active
,"may heat stroke","Heat Stroke",heat_stroke,filipino,active
,"masakit ang heat stroke","Heat Stroke",heat_stroke,filipino,active
,"may hypothermia",Hypothermia,hypothermia,filipino,active
,"masakit ang hypothermia",Hypothermia,hypothermia,filipino,active
,"may drowning",Drowning,drowning,filipino,active
,"masakit ang drowning",Drowning,drowning,filipino,active
,"may electrocution",Electrocution,electrocution,filipino,active
,"masakit ang electrocution",Electrocution,electrocution,filipino,active
,"may snake bite","Snake Bite",snake_bite,filipino,active
,"masakit ang snake bite","Snake Bite",snake_bite,filipino,active
,"may animal bite","Animal Bite",animal_bite,filipino,active
,"masakit ang animal bite","Animal Bite",animal_bite,filipino,active
,"may human bite","Human Bite",human_bite,filipino,active
,"masakit ang human bite","Human Bite",human_bite,filipino,active
,"may high blood sugar","High Blood Sugar",diabetes_hyperglycemia,filipino,active
,"masakit ang high blood sugar","High Blood Sugar",diabetes_hyperglycemia,filipino,active
,"may low blood sugar","Low Blood Sugar",diabetes_hypoglycemia,filipino,active
,"masakit ang low blood sugar","Low Blood Sugar",diabetes_hypoglycemia,filipino,active
,"may thyroid storm","Thyroid Storm",thyroid_storm,filipino,active
,"masakit ang thyroid storm","Thyroid Storm",thyroid_storm,filipino,active
,"may hypertensive crisis","Hypertensive Crisis",hypertensive_crisis,filipino,active
,"masakit ang hypertensive crisis","Hypertensive Crisis",hypertensive_crisis,filipino,active
,"may copd exacerbation","COPD Exacerbation",copd_exacerbation,filipino,active
,"masakit ang copd exacerbation","COPD Exacerbation",copd_exacerbation,filipino,active
,"may chronic pain","Chronic Pain",chronic_pain,filipino,active
,"masakit ang chronic pain","Chronic Pain",chronic_pain,filipino,active
,"may insomnia",Insomnia,insomnia,filipino,active
,"masakit ang insomnia",Insomnia,insomnia,filipino,active
,"may swelling",Swelling,swelling,filipino,active
,"masakit ang swelling",Swelling,swelling,filipino,active
,"may dehydration",Dehydration,dehydration,filipino,active
,"masakit ang dehydration",Dehydration,dehydration,filipino,active
,"masakit ang chills",Chills,chills,filipino,active
,"may malaise",Malaise,malaise,filipino,active
,"masakit ang malaise",Malaise,malaise,filipino,active
,"may night pain","Night Pain",night_pain,filipino,active
,"masakit ang night pain","Night Pain",night_pain,filipino,active
,"may weight gain","Weight Gain",weight_gain,filipino,active
,"masakit ang weight gain","Weight Gain",weight_gain,filipino,active
,"dumudugo pa",Bleeding,bleeding,filipino,active
,"grabe ang dugo",Bleeding,bleeding,filipino,active
,"sobrang hina",Weakness,weakness,filipino,active
,"walang lakas",Weakness,weakness,filipino,active
,"may swollen lymph nodes","Swollen Lymph Nodes",lymph_node_swelling,filipino,active
,"masakit ang swollen lymph nodes","Swollen Lymph Nodes",lymph_node_swelling,filipino,active
,"may mouth bleeding","Mouth Bleeding",mouth_bleeding,filipino,active
,"masakit ang mouth bleeding","Mouth Bleeding",mouth_bleeding,filipino,active
,"may postoperative complication","Postoperative Complication",postoperative_complication,filipino,active
,"masakit ang postoperative complication","Postoperative Complication",postoperative_complication,filipino,active
,"may medication side effect","Medication Side Effect",medication_side_effect,filipino,active
,"masakit ang medication side effect","Medication Side Effect",medication_side_effect,filipino,active
,"may mild allergic reaction","Mild Allergic Reaction",allergic_reaction_mild,filipino,active
,"masakit ang mild allergic reaction","Mild Allergic Reaction",allergic_reaction_mild,filipino,active
,"may food poisoning","Food Poisoning",food_poisoning,filipino,active
,"masakit ang food poisoning","Food Poisoning",food_poisoning,filipino,active
,"may travel related illness","Travel Related Illness",travel_related_illness,filipino,active
,"masakit ang travel related illness","Travel Related Illness",travel_related_illness,filipino,active
,"may vaccine reaction","Vaccine Reaction",vaccine_reaction,filipino,active
,"masakit ang vaccine reaction","Vaccine Reaction",vaccine_reaction,filipino,active
,"may dental abscess","Dental Abscess",dental_abscess,filipino,active
,"masakit ang dental abscess","Dental Abscess",dental_abscess,filipino,active
,"may tooth abscess","Tooth Abscess",tooth_abscess,filipino,active
,"masakit ang tooth abscess","Tooth Abscess",tooth_abscess,filipino,active
,"may breast pain","Breast Pain",breast_pain,filipino,active
,"masakit ang breast pain","Breast Pain",breast_pain,filipino,active
,"may breast lump","Breast Lump",breast_lump,filipino,active
,"masakit ang breast lump","Breast Lump",breast_lump,filipino,active
,"may vaginal bleeding","Vaginal Bleeding",vaginal_bleeding,filipino,active
,"masakit ang vaginal bleeding","Vaginal Bleeding",vaginal_bleeding,filipino,active
,"may pelvic pain","Pelvic Pain",pelvic_pain,filipino,active
,"masakit ang pelvic pain","Pelvic Pain",pelvic_pain,filipino,active
,"may menstrual pain","Menstrual Pain",menstrual_pain,filipino,active
,"masakit ang menstrual pain","Menstrual Pain",menstrual_pain,filipino,active
,"may sexual assault","Sexual Assault",sexual_assault,filipino,active
,"masakit ang sexual assault","Sexual Assault",sexual_assault,filipino,active
,"may domestic violence","Domestic Violence",domestic_violence,filipino,active
,"masakit ang domestic violence","Domestic Violence",domestic_violence,filipino,active
,"may minor burn","Minor Burn",burn_mild,filipino,active
,"masakit ang minor burn","Minor Burn",burn_mild,filipino,active
,"may severe burn","Severe Burn",burn_severe,filipino,active
,"masakit ang severe burn","Severe Burn",burn_severe,filipino,active
,"may smoke inhalation","Smoke Inhalation",smoke_inhalation,filipino,active
,"masakit ang smoke inhalation","Smoke Inhalation",smoke_inhalation,filipino,active
,"may foreign body aspiration","Foreign Body Aspiration",foreign_body_aspiration,filipino,active
,"masakit ang foreign body aspiration","Foreign Body Aspiration",foreign_body_aspiration,filipino,active
,"may foreign body swallowed","Foreign Body Swallowed",foreign_body_swallowed,filipino,active
,"masakit ang foreign body swallowed","Foreign Body Swallowed",foreign_body_swallowed,filipino,active
,"may ingested battery","Ingested Battery",ingested_battery,filipino,active
,"masakit ang ingested battery","Ingested Battery",ingested_battery,filipino,active
,"may ingested magnet","Ingested Magnet",ingested_magnet,filipino,active
,"masakit ang ingested magnet","Ingested Magnet",ingested_magnet,filipino,active
,"may needle stick injury","Needle Stick Injury",needle_stick,filipino,active
,"masakit ang needle stick injury","Needle Stick Injury",needle_stick,filipino,active
,"may occupational exposure","Occupational Exposure",occupational_exposure,filipino,active
,"masakit ang occupational exposure","Occupational Exposure",occupational_exposure,filipino,active
,"may rabies exposure","Rabies Exposure",rabies_exposure,filipino,active
,"masakit ang rabies exposure","Rabies Exposure",rabies_exposure,filipino,active
,"may tetanus exposure","Tetanus Exposure",tetanus_exposure,filipino,active
,"masakit ang tetanus exposure","Tetanus Exposure",tetanus_exposure,filipino,active
,"may hiv exposure","HIV Exposure",hiv_exposure,filipino,active
,"masakit ang hiv exposure","HIV Exposure",hiv_exposure,filipino,active
,"may hepatitis exposure","Hepatitis Exposure",hepatitis_exposure,filipino,active
,"masakit ang hepatitis exposure","Hepatitis Exposure",hepatitis_exposure,filipino,active
,"may witnessed collapse","Witnessed Collapse",sudden_death_witnessed,filipino,active
,"masakit ang witnessed collapse","Witnessed Collapse",sudden_death_witnessed,filipino,active
,"may blue lips","Blue Lips",blue_lips,filipino,active
,"masakit ang blue lips","Blue Lips",blue_lips,filipino,active
,"may air hunger","Air Hunger",air_hunger,filipino,active
,"masakit ang air hunger","Air Hunger",air_hunger,filipino,active
,"may cannot speak full sentences","Cannot Speak Full Sentences",cannot_speak_full_sentences,filipino,active
,"masakit ang cannot speak full sentences","Cannot Speak Full Sentences",cannot_speak_full_sentences,filipino,active
,"may pediatric breathing distress","Pediatric Breathing Distress",pediatric_breathing_distress,filipino,active
,"masakit ang pediatric breathing distress","Pediatric Breathing Distress",pediatric_breathing_distress,filipino,active
,"may neonatal distress","Neonatal Distress",neonatal_distress,filipino,active
,"masakit ang neonatal distress","Neonatal Distress",neonatal_distress,filipino,active
,"may feeding difficulty","Feeding Difficulty",feeding_difficulty,filipino,active
,"masakit ang feeding difficulty","Feeding Difficulty",feeding_difficulty,filipino,active
,"may failure to gain weight","Failure to Gain Weight",failure_to_gain_weight,filipino,active
,"masakit ang failure to gain weight","Failure to Gain Weight",failure_to_gain_weight,filipino,active
,"may developmental regression","Developmental Regression",developmental_regression,filipino,active
,"masakit ang developmental regression","Developmental Regression",developmental_regression,filipino,active
,"may school refusal","School Refusal",school_refusal,filipino,active
,"masakit ang school refusal","School Refusal",school_refusal,filipino,active
,"may behavioral change","Behavioral Change",behavioral_change,filipino,active
,"masakit ang behavioral change","Behavioral Change",behavioral_change,filipino,active
,"may substance intoxication","Substance Intoxication",substance_intoxication,filipino,active
,"masakit ang substance intoxication","Substance Intoxication",substance_intoxication,filipino,active
,"may withdrawal seizure","Withdrawal Seizure",withdrawal_seizure,filipino,active
,"masakit ang withdrawal seizure","Withdrawal Seizure",withdrawal_seizure,filipino,active
,"may organ failure symptoms","Organ Failure Symptoms",organ_failure_symptoms,filipino,active
,"masakit ang organ failure symptoms","Organ Failure Symptoms",organ_failure_symptoms,filipino,active
,"may shock symptoms","Shock Symptoms",shock_symptoms,filipino,active
,"masakit ang shock symptoms","Shock Symptoms",shock_symptoms,filipino,active
,"may anemia symptoms","Anemia Symptoms",anemia_symptoms,filipino,active
,"masakit ang anemia symptoms","Anemia Symptoms",anemia_symptoms,filipino,active
,"may easy bruising","Easy Bruising",easy_bruising,filipino,active
,"masakit ang easy bruising","Easy Bruising",easy_bruising,filipino,active
,"may petechiae",Petechiae,petechiae,filipino,active
,"masakit ang petechiae",Petechiae,petechiae,filipino,active
,"may splenomegaly symptoms","Splenomegaly Symptoms",splenomegaly_symptoms,filipino,active
,"masakit ang splenomegaly symptoms","Splenomegaly Symptoms",splenomegaly_symptoms,filipino,active
,"may newborn jaundice","Newborn Jaundice",jaundice_newborn,filipino,active
,"masakit ang newborn jaundice","Newborn Jaundice",jaundice_newborn,filipino,active
,"may umbilical cord infection","Umbilical Cord Infection",umbilical_cord_infection,filipino,active
,"masakit ang umbilical cord infection","Umbilical Cord Infection",umbilical_cord_infection,filipino,active
,"may severe diaper rash","Severe Diaper Rash",diaper_rash_severe,filipino,active
,"masakit ang severe diaper rash","Severe Diaper Rash",diaper_rash_severe,filipino,active
,"may elderly aspiration","Elderly Aspiration",elderly_aspiration,filipino,active
,"masakit ang elderly aspiration","Elderly Aspiration",elderly_aspiration,filipino,active
,"may bedsore infection","Bedsore Infection",bedsore_infection,filipino,active
,"masakit ang bedsore infection","Bedsore Infection",bedsore_infection,filipino,active
,"may urinary catheter issue","Urinary Catheter Issue",urinary_catheter_issue,filipino,active
,"masakit ang urinary catheter issue","Urinary Catheter Issue",urinary_catheter_issue,filipino,active
,"may dialysis complication","Dialysis Complication",dialysis_complication,filipino,active
,"masakit ang dialysis complication","Dialysis Complication",dialysis_complication,filipino,active
,"may transplant rejection symptoms","Transplant Rejection Symptoms",transplant_rejection,filipino,active
,"masakit ang transplant rejection symptoms","Transplant Rejection Symptoms",transplant_rejection,filipino,active
,"may infection in immunocompromised patient","Infection in Immunocompromised Patient",immunosuppression_infection,filipino,active
,"masakit ang infection in immunocompromised patient","Infection in Immunocompromised Patient",immunosuppression_infection,filipino,active
,"may cancer treatment complication","Cancer Treatment Complication",cancer_treatment_complication,filipino,active
,"masakit ang cancer treatment complication","Cancer Treatment Complication",cancer_treatment_complication,filipino,active
,"may chemotherapy nausea","Chemotherapy Nausea",chemotherapy_nausea,filipino,active
,"masakit ang chemotherapy nausea","Chemotherapy Nausea",chemotherapy_nausea,filipino,active
,"may port or line infection","Port or Line Infection",port_infection,filipino,active
,"masakit ang port or line infection","Port or Line Infection",port_infection,filipino,active
,"may surgical site infection","Surgical Site Infection",surgical_site_infection,filipino,active
,"masakit ang surgical site infection","Surgical Site Infection",surgical_site_infection,filipino,active
,"may stent complication","Stent Complication",stent_complication,filipino,active
,"masakit ang stent complication","Stent Complication",stent_complication,filipino,active
,"may pacemaker issue","Pacemaker Issue",pacemaker_issue,filipino,active
,"masakit ang pacemaker issue","Pacemaker Issue",pacemaker_issue,filipino,active
,"may anticoagulant bleeding","Anticoagulant Bleeding",anticoagulant_bleeding,filipino,active
,"masakit ang anticoagulant bleeding","Anticoagulant Bleeding",anticoagulant_bleeding,filipino,active
,"may warfarin bleeding","Warfarin Bleeding",warfarin_bleeding,filipino,active
,"masakit ang warfarin bleeding","Warfarin Bleeding",warfarin_bleeding,filipino,active
,"may insulin error","Insulin Error",insulin_error,filipino,active
,"masakit ang insulin error","Insulin Error",insulin_error,filipino,active
,"may adrenal crisis","Adrenal Crisis",adrenal_crisis,filipino,active
,"masakit ang adrenal crisis","Adrenal Crisis",adrenal_crisis,filipino,active
,"may addisonian crisis","Addisonian Crisis",addisonian_crisis,filipino,active
,"masakit ang addisonian crisis","Addisonian Crisis",addisonian_crisis,filipino,active
,"may hyperkalemia symptoms","Hyperkalemia Symptoms",hyperkalemia_symptoms,filipino,active
,"masakit ang hyperkalemia symptoms","Hyperkalemia Symptoms",hyperkalemia_symptoms,filipino,active
,"may hyponatremia symptoms","Hyponatremia Symptoms",hyponatremia_symptoms,filipino,active
,"masakit ang hyponatremia symptoms","Hyponatremia Symptoms",hyponatremia_symptoms,filipino,active
,"may electrolyte imbalance","Electrolyte Imbalance",electrolyte_imbalance,filipino,active
,"masakit ang electrolyte imbalance","Electrolyte Imbalance",electrolyte_imbalance,filipino,active
,"may renal colic","Renal Colic",renal_colic,filipino,active
,"masakit ang renal colic","Renal Colic",renal_colic,filipino,active
,"may prostatitis",Prostatitis,prostatitis,filipino,active
,"masakit ang prostatitis",Prostatitis,prostatitis,filipino,active
,"may bph symptoms","BPH Symptoms",bph_symptoms,filipino,active
,"masakit ang bph symptoms","BPH Symptoms",bph_symptoms,filipino,active
,"may ovarian torsion","Ovarian Torsion",ovarian_torsion,filipino,active
,"masakit ang ovarian torsion","Ovarian Torsion",ovarian_torsion,filipino,active
,"may ovarian cyst rupture","Ovarian Cyst Rupture",ovarian_cyst_rupture,filipino,active
,"masakit ang ovarian cyst rupture","Ovarian Cyst Rupture",ovarian_cyst_rupture,filipino,active
,"may pelvic inflammatory disease","Pelvic Inflammatory Disease",pid_symptoms,filipino,active
,"masakit ang pelvic inflammatory disease","Pelvic Inflammatory Disease",pid_symptoms,filipino,active
,"may postpartum complication","Postpartum Complication",postpartum_complication,filipino,active
,"masakit ang postpartum complication","Postpartum Complication",postpartum_complication,filipino,active
,"may postpartum hemorrhage","Postpartum Hemorrhage",postpartum_hemorrhage,filipino,active
,"masakit ang postpartum hemorrhage","Postpartum Hemorrhage",postpartum_hemorrhage,filipino,active
,"may mastitis",Mastitis,mastitis,filipino,active
,"masakit ang mastitis",Mastitis,mastitis,filipino,active
,"may breast abscess","Breast Abscess",breast_abscess,filipino,active
,"masakit ang breast abscess","Breast Abscess",breast_abscess,filipino,active
,"may lactation issue","Lactation Issue",lactation_issue,filipino,active
,"masakit ang lactation issue","Lactation Issue",lactation_issue,filipino,active
,"may circumcision complication","Circumcision Complication",circumcision_complication,filipino,active
,"masakit ang circumcision complication","Circumcision Complication",circumcision_complication,filipino,active
,"may circumcision bleeding","Circumcision Bleeding",circumcision_bleeding,filipino,active
,"masakit ang circumcision bleeding","Circumcision Bleeding",circumcision_bleeding,filipino,active
