phrase,english,concept,language,status
lagnat,Fever,fever,hiligaynon,active
hilanat,Fever,fever,hiligaynon,active
ginakalagnat,Fever,fever,hiligaynon,active
ginalagnat,Fever,fever,hiligaynon,active
gahilanat,Fever,fever,hiligaynon,active
ginahilanat,Fever,fever,hiligaynon,active
may init lawas,Fever,fever,hiligaynon,active
init lawas,Fever,fever,hiligaynon,active
may lagnat,Fever,fever,hiligaynon,active
ginainitan,Fever,fever,hiligaynon,active
ubo,Cough,cough,hiligaynon,active
gaubo,Cough,cough,hiligaynon,active
ginaubo,Cough,cough,hiligaynon,active
nagauba,Cough,cough,hiligaynon,active
ginauubo,Cough,cough,hiligaynon,active
may ubo,Cough,cough,hiligaynon,active
ubo-ubo,Cough,cough,hiligaynon,active
sip-on,Runny Nose,runny_nose,hiligaynon,active
sipon,Runny Nose,runny_nose,hiligaynon,active
may sip-on,Runny Nose,runny_nose,hiligaynon,active
ginapanuhot,Runny Nose,runny_nose,hiligaynon,active
panuhot,Runny Nose,runny_nose,hiligaynon,active
barado ilong,Runny Nose,runny_nose,hiligaynon,active
budlay ginhawa,Difficulty Breathing,difficulty_breathing,hiligaynon,active
budlay magginhawa,Difficulty Breathing,difficulty_breathing,hiligaynon,active
budlay gid ginhawa,Difficulty Breathing,difficulty_breathing,hiligaynon,active
budlay gid ang ginhawa,Difficulty Breathing,difficulty_breathing,hiligaynon,active
indi ko kaginhawa,Difficulty Breathing,difficulty_breathing,hiligaynon,active
indi makaginhawa,Difficulty Breathing,difficulty_breathing,hiligaynon,active
dula ginhawa,Difficulty Breathing,difficulty_breathing,hiligaynon,active
ginakapos ginhawa,Difficulty Breathing,difficulty_breathing,hiligaynon,active
ginahapo,Difficulty Breathing,difficulty_breathing,hiligaynon,active
hapo,Difficulty Breathing,difficulty_breathing,hiligaynon,active
masakit dughan,Chest Pain,chest_pain,hiligaynon,active
gasakit dughan,Chest Pain,chest_pain,hiligaynon,active
sakit dughan,Chest Pain,chest_pain,hiligaynon,active
hapdi dughan,Chest Pain,chest_pain,hiligaynon,active
masakit dibdib,Chest Pain,chest_pain,hiligaynon,active
masakit akon dughan,Chest Pain,chest_pain,hiligaynon,active
masakit tiyan,Abdominal Pain,abdominal_pain,hiligaynon,active
gasakit tiyan,Abdominal Pain,abdominal_pain,hiligaynon,active
sakit tiyan,Abdominal Pain,abdominal_pain,hiligaynon,active
masakit akon tiyan,Abdominal Pain,abdominal_pain,hiligaynon,active
gapalanakit tiyan,Abdominal Pain,abdominal_pain,hiligaynon,active
gasakit ulo,Headache,headache,hiligaynon,active
gapalanakit ulo,Headache,headache,hiligaynon,active
sakit ulo,Headache,headache,hiligaynon,active
masakit ulo,Headache,headache,hiligaynon,active
lipong ulo,Headache,headache,hiligaynon,active
gasuka,Vomiting,vomiting,hiligaynon,active
ginasuka,Vomiting,vomiting,hiligaynon,active
nagasuka,Vomiting,vomiting,hiligaynon,active
naga suka,Vomiting,vomiting,hiligaynon,active
gapalanuka,Vomiting,vomiting,hiligaynon,active
ginsuka,Vomiting,vomiting,hiligaynon,active
suka,Vomiting,vomiting,hiligaynon,active
ginakulba,Nausea,nausea,hiligaynon,active
kulba,Nausea,nausea,hiligaynon,active
ginakulba ko,Nausea,nausea,hiligaynon,active
daw magasuka,Nausea,nausea,hiligaynon,active
ginakalipong,Dizziness,dizziness,hiligaynon,active
lipong,Dizziness,dizziness,hiligaynon,active
nagakalipong,Dizziness,dizziness,hiligaynon,active
kalipong,Dizziness,dizziness,hiligaynon,active
naluya,Weakness,weakness,hiligaynon,active
ginapangluya,Weakness,weakness,hiligaynon,active
luya,Weakness,weakness,hiligaynon,active
kapoy,Weakness,weakness,hiligaynon,active
kapoy gid,Weakness,weakness,hiligaynon,active
ginakapoy,Weakness,weakness,hiligaynon,active
gahubag,Swelling,swelling,hiligaynon,active
hubag,Swelling,swelling,hiligaynon,active
ginahubag,Swelling,swelling,hiligaynon,active
nagahubag,Swelling,swelling,hiligaynon,active
ginakurog,Chills,chills,hiligaynon,active
nagakurog,Chills,chills,hiligaynon,active
kurog,Chills,chills,hiligaynon,active
ginakulba lawas,Chills,chills,hiligaynon,active
may dugo sa suka,Vomiting Blood,vomiting_blood,hiligaynon,active
nagsuka dugo,Vomiting Blood,vomiting_blood,hiligaynon,active
dugo sa suka,Vomiting Blood,vomiting_blood,hiligaynon,active
may dugo sa ihi,Blood in Urine,blood_in_urine,hiligaynon,active
dugo sa ihi,Blood in Urine,blood_in_urine,hiligaynon,active
pula ihi,Blood in Urine,blood_in_urine,hiligaynon,active
may dugo sa dumi,Blood in Stool,blood_in_stool,hiligaynon,active
dugo sa tae,Blood in Stool,blood_in_stool,hiligaynon,active
dugo sa dumi,Blood in Stool,blood_in_stool,hiligaynon,active
budlay tulog,Insomnia,insomnia,hiligaynon,active
indi makatulog,Insomnia,insomnia,hiligaynon,active
wala tulog,Insomnia,insomnia,hiligaynon,active
nagabudlay lakat,Difficulty Walking,difficulty_walking,hiligaynon,active
budlay maglakat,Difficulty Walking,difficulty_walking,hiligaynon,active
indi makalakat,Difficulty Walking,difficulty_walking,hiligaynon,active
naga tae,Diarrhea,diarrhea,hiligaynon,active
tae-tae,Diarrhea,diarrhea,hiligaynon,active
malusaw tae,Diarrhea,diarrhea,hiligaynon,active
nagakalibang,Diarrhea,diarrhea,hiligaynon,active
sakit tutunlan,Sore Throat,sore_throat,hiligaynon,active
hapdi tutunlan,Sore Throat,sore_throat,hiligaynon,active
masakit tutunlan,Sore Throat,sore_throat,hiligaynon,active
sakit lawas,Body Pain,body_pain,hiligaynon,active
masakit lawas,Body Pain,body_pain,hiligaynon,active
gapalanakit lawas,Body Pain,body_pain,hiligaynon,active
paminsa,Body Pain,body_pain,hiligaynon,active
panganud,Rash,rash,hiligaynon,active
gahubag panit,Rash,rash,hiligaynon,active
kalapata,Rash,rash,hiligaynon,active
pantal,Rash,rash,hiligaynon,active
sakit dulunggan,Ear Pain,ear_pain,hiligaynon,active
masakit dulunggan,Ear Pain,ear_pain,hiligaynon,active
sakit mata,Eye Pain,eye_pain,hiligaynon,active
masakit mata,Eye Pain,eye_pain,hiligaynon,active
sakit likod,Back Pain,back_pain,hiligaynon,active
masakit likod,Back Pain,back_pain,hiligaynon,active
hapdi mag-ihi,Painful Urination,dysuria,hiligaynon,active
sakit mag-ihi,Painful Urination,dysuria,hiligaynon,active
masakit ihi,Painful Urination,dysuria,hiligaynon,active
naga pitik dughan,Palpitations,palpitations,hiligaynon,active
madasig pitik,Palpitations,palpitations,hiligaynon,active
naguyam,Seizure,seizure,hiligaynon,active
ginsuyam,Seizure,seizure,hiligaynon,active
nagauyam,Seizure,seizure,hiligaynon,active
nadulaan malay,Loss of Consciousness,loss_of_consciousness,hiligaynon,active
nagpunaw,Loss of Consciousness,loss_of_consciousness,hiligaynon,active
wala malay,Loss of Consciousness,loss_of_consciousness,hiligaynon,active
nagadugo,Bleeding,bleeding,hiligaynon,active
gadugo,Bleeding,bleeding,hiligaynon,active
grabe nagadugo,Bleeding,bleeding,hiligaynon,active
lagnat,Fever,fever,filipino,active
may lagnat,Fever,fever,filipino,active
nilalagnat,Fever,fever,filipino,active
mataas ang lagnat,Fever,fever,filipino,active
mainit ang katawan,Fever,fever,filipino,active
ubo,Cough,cough,filipino,active
may ubo,Cough,cough,filipino,active
inuubo,Cough,cough,filipino,active
umiubo,Cough,cough,filipino,active
sipon,Runny Nose,runny_nose,filipino,active
may sipon,Runny Nose,runny_nose,filipino,active
baradong ilong,Runny Nose,runny_nose,filipino,active
hirap huminga,Difficulty Breathing,difficulty_breathing,filipino,active
nahihirapang huminga,Difficulty Breathing,difficulty_breathing,filipino,active
kapos ang paghinga,Difficulty Breathing,difficulty_breathing,filipino,active
hindi makahinga,Difficulty Breathing,difficulty_breathing,filipino,active
sakit sa dibdib,Chest Pain,chest_pain,filipino,active
masakit ang dibdib,Chest Pain,chest_pain,filipino,active
pananakit ng dibdib,Chest Pain,chest_pain,filipino,active
sakit ng tiyan,Abdominal Pain,abdominal_pain,filipino,active
masakit ang tiyan,Abdominal Pain,abdominal_pain,filipino,active
sakit sa tiyan,Abdominal Pain,abdominal_pain,filipino,active
sakit ng ulo,Headache,headache,filipino,active
masakit ang ulo,Headache,headache,filipino,active
sumasakit ang ulo,Headache,headache,filipino,active
nagsusuka,Vomiting,vomiting,filipino,active
pagsusuka,Vomiting,vomiting,filipino,active
sumuka,Vomiting,vomiting,filipino,active
nasusuka,Nausea,nausea,filipino,active
nakakaramdam ng pagduduwal,Nausea,nausea,filipino,active
nahihilo,Dizziness,dizziness,filipino,active
hilo,Dizziness,dizziness,filipino,active
umaaligid ang paningin,Dizziness,dizziness,filipino,active
nahihina,Weakness,weakness,filipino,active
panghihina,Weakness,weakness,filipino,active
pagod na pagod,Weakness,weakness,filipino,active
pagtatae,Diarrhea,diarrhea,filipino,active
nagtatae,Diarrhea,diarrhea,filipino,active
matubig na dumi,Diarrhea,diarrhea,filipino,active
masakit ang lalamunan,Sore Throat,sore_throat,filipino,active
sakit ng lalamunan,Sore Throat,sore_throat,filipino,active
sakit ng katawan,Body Pain,body_pain,filipino,active
pananakit ng katawan,Body Pain,body_pain,filipino,active
nagsusuka ng dugo,Vomiting Blood,vomiting_blood,filipino,active
may dugo sa suka,Vomiting Blood,vomiting_blood,filipino,active
umuubo ng dugo,Coughing Blood,coughing_blood,filipino,active
may dugo sa plema,Coughing Blood,coughing_blood,filipino,active
nahimatay,Fainting,fainting,filipino,active
nawalan ng malay,Fainting,fainting,filipino,active
dumudugo,Bleeding,bleeding,filipino,active
matinding pagdurugo,Bleeding,bleeding,filipino,active
buntis at dumudugo,Pregnancy Bleeding,pregnant_bleeding,filipino,active
may dugo habang buntis,Pregnancy Bleeding,pregnant_bleeding,filipino,active
fever,Fever,fever,english,active
cough,Cough,cough,english,active
headache,Headache,headache,english,active
chest pain,Chest Pain,chest_pain,english,active
difficulty breathing,Difficulty Breathing,difficulty_breathing,english,active
shortness of breath,Shortness of Breath,shortness_of_breath,english,active
vomiting,Vomiting,vomiting,english,active
diarrhea,Diarrhea,diarrhea,english,active
abdominal pain,Abdominal Pain,abdominal_pain,english,active
nausea,Nausea,nausea,english,active
dizziness,Dizziness,dizziness,english,active
fatigue,Fatigue,fatigue,english,active
sore throat,Sore Throat,sore_throat,english,active
runny nose,Runny Nose,runny_nose,english,active
body pain,Body Pain,body_pain,english,active
back pain,Back Pain,back_pain,english,active
ear pain,Ear Pain,ear_pain,english,active
eye pain,Eye Pain,eye_pain,english,active
rash,Rash,rash,english,active
palpitations,Palpitations,palpitations,english,active
confusion,Confusion,confusion,english,active
seizure,Seizure,seizure,english,active
bleeding,Bleeding,bleeding,english,active
burn,Burn,burn,english,active
weakness,Weakness,weakness,english,active
swelling,Swelling,swelling,english,active
itching,Itching,itching,english,active
chills,Chills,chills,english,active
loss of appetite,Loss of Appetite,loss_of_appetite,english,active
urinary pain,Urinary Pain,urinary_pain,english,active
constipation,Constipation,constipation,english,active
insomnia,Insomnia,insomnia,english,active
wheezing,Wheezing,wheezing,english,active
coughing blood,Coughing Blood,coughing_blood,english,active
vomiting blood,Vomiting Blood,vomiting_blood,english,active
fainting,Fainting,fainting,english,active
numbness,Numbness,numbness,english,active
paralysis,Paralysis,paralysis,english,active
vision loss,Vision Loss,vision_loss,english,active
1-methylhistidinuria,1-Methylhistidinuria,1-methylhistidinuria,english,active
1-minute apgar score of 0,1-minute APGAR Score of 0,1-minute_apgar_score_of_0,english,active
1-minute apgar score of 1,1-minute APGAR Score of 1,1-minute_apgar_score_of_1,english,active
1-minute apgar score of 2,1-minute APGAR Score of 2,1-minute_apgar_score_of_2,english,active
1-minute apgar score of 3,1-minute APGAR Score of 3,1-minute_apgar_score_of_3,english,active
1-minute apgar score of 4,1-minute APGAR Score of 4,1-minute_apgar_score_of_4,english,active
1-minute apgar score of 5,1-minute APGAR Score of 5,1-minute_apgar_score_of_5,english,active
1-minute apgar score of 6,1-minute APGAR Score of 6,1-minute_apgar_score_of_6,english,active
10 pairs of ribs,10 Pairs of Ribs,10_pairs_of_ribs,english,active
10-minute apgar score of 0,10-minute APGAR Score of 0,10-minute_apgar_score_of_0,english,active
10-minute apgar score of 1,10-minute APGAR Score of 1,10-minute_apgar_score_of_1,english,active
10-minute apgar score of 2,10-minute APGAR Score of 2,10-minute_apgar_score_of_2,english,active
10-minute apgar score of 3,10-minute APGAR Score of 3,10-minute_apgar_score_of_3,english,active
10-minute apgar score of 4,10-minute APGAR Score of 4,10-minute_apgar_score_of_4,english,active
10-minute apgar score of 5,10-minute APGAR Score of 5,10-minute_apgar_score_of_5,english,active
10-minute apgar score of 6,10-minute APGAR Score of 6,10-minute_apgar_score_of_6,english,active
11 pairs of ribs,11 Pairs of Ribs,11_pairs_of_ribs,english,active
11 thoracic vertebrae,11 Thoracic Vertebrae,11_thoracic_vertebrae,english,active
2 vessel cord,2 Vessel Cord,2_vessel_cord,english,active
2 vessel umbilical cord,2 Vessel Umbilical Cord,2_vessel_umbilical_cord,english,active
2'-deoxyadenosine (dado) elevated in urine,2'-deoxyadenosine (dAdo) Elevated in Urine,2'-deoxyadenosine_(dado)_elevated_in_urine,english,active
"2,8-dihydroxyadenine crystalluria","2,8-dihydroxyadenine Crystalluria","2,8-dihydroxyadenine_crystalluria",english,active
"2,8-dihydroxyadenine urinary crystals","2,8-dihydroxyadenine Urinary Crystals","2,8-dihydroxyadenine_urinary_crystals",english,active
2--hydroxyphenylacetic aciduria,2--hydroxyphenylacetic Aciduria,2--hydroxyphenylacetic_aciduria,english,active
2-aminoadipic aciduria,2-aminoadipic Aciduria,2-aminoadipic_aciduria,english,active
2-ethylhydracylic aciduria,2-ethylhydracylic Aciduria,2-ethylhydracylic_aciduria,english,active
2-hydroxy-3-methylvaleric acid high in urine,2-hydroxy-3-methylvaleric Acid High in Urine,2-hydroxy-3-methylvaleric_acid_high_in_urine,english,active
2-hydroxyadipic acid high in urine,2-hydroxyadipic Acid High in Urine,2-hydroxyadipic_acid_high_in_urine,english,active
2-hydroxyadipic aciduria,2-hydroxyadipic Aciduria,2-hydroxyadipic_aciduria,english,active
2-hydroxyglutarate aciduria,2-hydroxyglutarate Aciduria,2-hydroxyglutarate_aciduria,english,active
"2-methyl-2,3-dihydroxybutyrate high in urine","2-methyl-2,3-dihydroxybutyrate High in Urine","2-methyl-2,3-dihydroxybutyrate_high_in_urine",english,active
2-methylacetoacetic acid present in urine,2-methylacetoacetic Acid Present in Urine,2-methylacetoacetic_acid_present_in_urine,english,active
2-methylbutyryl glycinuria,2-Methylbutyryl Glycinuria,2-methylbutyryl_glycinuria,english,active
2-methylcitric acid high in urine,2-methylcitric Acid High in Urine,2-methylcitric_acid_high_in_urine,english,active
2-oxoadipic aciduria,2-oxoadipic Aciduria,2-oxoadipic_aciduria,english,active
2:1 atrioventricular block,2:1 Atrioventricular Block,2:1_atrioventricular_block,english,active
2:1 av block,2:1 AV Block,2:1_av_block,english,active
2nd toe symphalangism,2nd Toe Symphalangism,2nd_toe_symphalangism,english,active
2nd-5th toe middle phalangeal hypoplasia,2nd-5th Toe Middle Phalangeal Hypoplasia,2nd-5th_toe_middle_phalangeal_hypoplasia,english,active
3-hydroxydicarboxylic aciduria,3-hydroxydicarboxylic Aciduria,3-hydroxydicarboxylic_aciduria,english,active
3-hydroxyglutaric acid high in urine,3-hydroxyglutaric Acid High in Urine,3-hydroxyglutaric_acid_high_in_urine,english,active
3-hydroxyisobutyryl-coa hydrolase deficiency,3-hydroxyisobutyryl-CoA Hydrolase Deficiency,3-hydroxyisobutyryl-coa_hydrolase_deficiency,english,active
3-hydroxyisovaleric aciduria,3-hydroxyisovaleric Aciduria,3-hydroxyisovaleric_aciduria,english,active
3-hydroxypropionic acid high in urine,3-hydroxypropionic Acid High in Urine,3-hydroxypropionic_acid_high_in_urine,english,active
3-ketoacyl-coa thiolase (thio) deficiency,3-ketoacyl-CoA Thiolase (THIO) Deficiency,3-ketoacyl-coa_thiolase_(thio)_deficiency,english,active
3-methylcrotonyl coa carboxylase low in fibroblasts,3-methylcrotonyl CoA Carboxylase Low in Fibroblasts,3-methylcrotonyl_coa_carboxylase_low_in_fibroblasts,english,active
3-methylglutaconic aciduria,3-Methylglutaconic Aciduria,3-methylglutaconic_aciduria,english,active
3-methylglutaconicaciduria,3-Methylglutaconicaciduria,3-methylglutaconicaciduria,english,active
3-methylglutaric aciduria,3-Methylglutaric Aciduria,3-methylglutaric_aciduria,english,active
3-methylglutaricaciduria,3-methylglutaricaciduria,3-methylglutaricaciduria,english,active
3-methylhistidinuria,3-Methylhistidinuria,3-methylhistidinuria,english,active
3rd toe clinodactyly,3rd Toe Clinodactyly,3rd_toe_clinodactyly,english,active
4-hydroxyisovaleric acid present in urine,4-hydroxyisovaleric Acid Present in Urine,4-hydroxyisovaleric_acid_present_in_urine,english,active
4-hydroxyphenylacetic aciduria,4-hydroxyphenylacetic Aciduria,4-hydroxyphenylacetic_aciduria,english,active
4-hydroxyphenyllactic aciduria,4-hydroxyphenyllactic Aciduria,4-hydroxyphenyllactic_aciduria,english,active
4-hydroxyphenylpyruvic aciduria,4-Hydroxyphenylpyruvic Aciduria,4-hydroxyphenylpyruvic_aciduria,english,active
4-layered lissencephaly,4-layered Lissencephaly,4-layered_lissencephaly,english,active
"46,xy gonadal dysgenesis","46,xy Gonadal Dysgenesis","46,xy_gonadal_dysgenesis",english,active
4th finger camptodactyly,4th Finger Camptodactyly,4th_finger_camptodactyly,english,active
5-fluorouracil exposure,5-fluorouracil Exposure,5-fluorouracil_exposure,english,active
5-hydroxymethyluracil high in blood,5-hydroxymethyluracil High in Blood,5-hydroxymethyluracil_high_in_blood,english,active
5-hydroxymethyluracil high in csf,5-hydroxymethyluracil High in CSF,5-hydroxymethyluracil_high_in_csf,english,active
5-hydroxymethyluracil high in urine,5-hydroxymethyluracil High in Urine,5-hydroxymethyluracil_high_in_urine,english,active
5-minute apgar score of 0,5-minute APGAR Score of 0,5-minute_apgar_score_of_0,english,active
5-minute apgar score of 1,5-minute APGAR Score of 1,5-minute_apgar_score_of_1,english,active
5-minute apgar score of 2,5-minute APGAR Score of 2,5-minute_apgar_score_of_2,english,active
5-minute apgar score of 3,5-minute APGAR Score of 3,5-minute_apgar_score_of_3,english,active
5-minute apgar score of 4,5-minute APGAR Score of 4,5-minute_apgar_score_of_4,english,active
5-minute apgar score of 5,5-minute APGAR Score of 5,5-minute_apgar_score_of_5,english,active
5-minute apgar score of 6,5-minute APGAR Score of 6,5-minute_apgar_score_of_6,english,active
5-oxoprolinase deficiency,5-oxoprolinase Deficiency,5-oxoprolinase_deficiency,english,active
5th finger middle phalangeal hypoplasia,5th Finger Middle Phalangeal Hypoplasia,5th_finger_middle_phalangeal_hypoplasia,english,active
6 long bones of hand,6 Long Bones of Hand,6_long_bones_of_hand,english,active
6 metacarpals,6 Metacarpals,6_metacarpals,english,active
6-layered lissencephaly,6-layered Lissencephaly,6-layered_lissencephaly,english,active
6-mercaptopurine exposure,6-mercaptopurine Exposure,6-mercaptopurine_exposure,english,active
a decline or reduced social expression and social connectedness,A Decline or Reduced Social Expression and Social Connectedness,a_decline_or_reduced_social_expression_and_social_connectedn,english,active
a severe pyogenic infection of the epidural space,A Severe Pyogenic Infection of the Epidural Space,a_severe_pyogenic_infection_of_the_epidural_space,english,active
aa amyloidosis,AA Amyloidosis,aa_amyloidosis,english,active
abasia,Abasia,abasia,english,active
abdominal adhesions,Abdominal Adhesions,abdominal_adhesions,english,active
abdominal aortic aneurysm,Abdominal Aortic Aneurysm,abdominal_aortic_aneurysm,english,active
abdominal aortic calcification,Abdominal Aortic Calcification,abdominal_aortic_calcification,english,active
abdominal aortic dissection,Abdominal Aortic Dissection,abdominal_aortic_dissection,english,active
abdominal aseptic abscess,Abdominal Aseptic Abscess,abdominal_aseptic_abscess,english,active
abdominal aura,Abdominal Aura,abdominal_aura,english,active
abdominal bloating,Abdominal Bloating,abdominal_bloating,english,active
abdominal colic,Abdominal Colic,abdominal_colic,english,active
abdominal cramps,Abdominal Cramps,abdominal_cramps,english,active
abdominal distension,Abdominal Distension,abdominal_distension,english,active
abdominal distension (gaseous),Abdominal Distension (gaseous),abdominal_distension_(gaseous),english,active
abdominal distention,Abdominal Distention,abdominal_distention,english,active
abdominal ectopia cordis,Abdominal Ectopia Cordis,abdominal_ectopia_cordis,english,active
abdominal guarding,Abdominal Guarding,abdominal_guarding,english,active
abdominal mass,Abdominal Mass,abdominal_mass,english,active
abdominal muscular hypoplasia,Abdominal Muscular Hypoplasia,abdominal_muscular_hypoplasia,english,active
abdominal obesity,Abdominal Obesity,abdominal_obesity,english,active
abdominal organ duplication,Abdominal Organ Duplication,abdominal_organ_duplication,english,active
abdominal protuberance,Abdominal Protuberance,abdominal_protuberance,english,active
abdominal reflex absent,Abdominal Reflex Absent,abdominal_reflex_absent,english,active
abdominal rigidity,Abdominal Rigidity,abdominal_rigidity,english,active
"abdominal rigidity, unspecified site","Abdominal Rigidity, Unspecified Site","abdominal_rigidity,_unspecified_site",english,active
abdominal situs ambiguus,Abdominal Situs Ambiguus,abdominal_situs_ambiguus,english,active
abdominal situs inversus,Abdominal Situs Inversus,abdominal_situs_inversus,english,active
abdominal swelling,Abdominal Swelling,abdominal_swelling,english,active
abdominal symptom,Abdominal Symptom,abdominal_symptom,english,active
"abdominal tenderness, unspecified site","Abdominal Tenderness, Unspecified Site","abdominal_tenderness,_unspecified_site",english,active
abdominal wall defect,Abdominal Wall Defect,abdominal_wall_defect,english,active
abdominal wall mass,Abdominal Wall Mass,abdominal_wall_mass,english,active
abdominal wall muscle weakness,Abdominal Wall Muscle Weakness,abdominal_wall_muscle_weakness,english,active
abducens nerve palsy,Abducens Nerve Palsy,abducens_nerve_palsy,english,active
abducens nerve paralysis,Abducens Nerve Paralysis,abducens_nerve_paralysis,english,active
abducens nerve paresis,Abducens Nerve Paresis,abducens_nerve_paresis,english,active
abducens palsy,Abducens Palsy,abducens_palsy,english,active
abducted thumb,Abducted Thumb,abducted_thumb,english,active
abduction contracture of the shoulder,Abduction Contracture of the Shoulder,abduction_contracture_of_the_shoulder,english,active
aberrant melanosome maturation,Aberrant Melanosome Maturation,aberrant_melanosome_maturation,english,active
aberrant neuronal branching,Aberrant Neuronal Branching,aberrant_neuronal_branching,english,active
aberrant right subclavian artery,Aberrant Right Subclavian Artery,aberrant_right_subclavian_artery,english,active
aberrant right subclavian artery syndrome,Aberrant Right Subclavian Artery Syndrome,aberrant_right_subclavian_artery_syndrome,english,active
aberrant thyroid,Aberrant Thyroid,aberrant_thyroid,english,active
aberrant thyroid gland,Aberrant Thyroid Gland,aberrant_thyroid_gland,english,active
abetalipoproteinemia,Abetalipoproteinemia,abetalipoproteinemia,english,active
ablepharon,Ablepharon,ablepharon,english,active
ablepharon of eyelid,Ablepharon of Eyelid,ablepharon_of_eyelid,english,active
abn cytolog find in specmn from oth female genital organs,Abn Cytolog Find in Specmn From Oth Female Genital Organs,abn_cytolog_find_in_specmn_from_oth_female_genital_organs,english,active
abn cytolog findings in specmn from oth dgstv org/abd cav,Abn Cytolog Findings in Specmn From Oth Dgstv Org/abd Cav,abn_cytolog_findings_in_specmn_from_oth_dgstv_org/abd_cav,english,active
"abn findings on dx imaging of abd regions, inc retroperiton","Abn Findings On Dx Imaging of Abd Regions, Inc Retroperiton","abn_findings_on_dx_imaging_of_abd_regions,_inc_retroperiton",english,active
abn histolog findings in specmn from female genital organs,Abn Histolog Findings in Specmn From Female Genital Organs,abn_histolog_findings_in_specmn_from_female_genital_organs,english,active
abn histolog findings in specmn from male genital organs,Abn Histolog Findings in Specmn From Male Genital Organs,abn_histolog_findings_in_specmn_from_male_genital_organs,english,active
abn immunolog findings in specmn from female genital organs,Abn Immunolog Findings in Specmn From Female Genital Organs,abn_immunolog_findings_in_specmn_from_female_genital_organs,english,active
abn immunolog findings in specmn from male genital organs,Abn Immunolog Findings in Specmn From Male Genital Organs,abn_immunolog_findings_in_specmn_from_male_genital_organs,english,active
abn lev drug/meds/biol subst in cerebrospinal fluid,Abn Lev Drug/meds/biol Subst in Cerebrospinal Fluid,abn_lev_drug/meds/biol_subst_in_cerebrospinal_fluid,english,active
abn lev drug/meds/biol subst in specimens from oth org/tiss,Abn Lev Drug/meds/biol Subst in Specimens From Oth Org/tiss,abn_lev_drug/meds/biol_subst_in_specimens_from_oth_org/tiss,english,active
abn lev drug/meds/biol subst in specimens from resp org/thrx,Abn Lev Drug/meds/biol Subst in Specimens From Resp Org/thrx,abn_lev_drug/meds/biol_subst_in_specimens_from_resp_org/thrx,english,active
abn lev drug/meds/biol subst in specmn fr dgstv org/abd cav,Abn Lev Drug/meds/biol Subst in Specmn Fr Dgstv Org/abd Cav,abn_lev_drug/meds/biol_subst_in_specmn_fr_dgstv_org/abd_cav,english,active
abn lev drug/meds/biol subst in specmn from fem gntl organs,Abn Lev Drug/meds/biol Subst in Specmn From Fem Gntl Organs,abn_lev_drug/meds/biol_subst_in_specmn_from_fem_gntl_organs,english,active
abn lev drug/meds/biol subst in specmn from male gntl organs,Abn Lev Drug/meds/biol Subst in Specmn From Male Gntl Organs,abn_lev_drug/meds/biol_subst_in_specmn_from_male_gntl_organs,english,active
abn lev enzymes in specimens from dgstv org/abd cav,Abn Lev Enzymes in Specimens From Dgstv Org/abd Cav,abn_lev_enzymes_in_specimens_from_dgstv_org/abd_cav,english,active
abn lev enzymes in specimens from female genital organs,Abn Lev Enzymes in Specimens From Female Genital Organs,abn_lev_enzymes_in_specimens_from_female_genital_organs,english,active
abn lev enzymes in specimens from male genital organs,Abn Lev Enzymes in Specimens From Male Genital Organs,abn_lev_enzymes_in_specimens_from_male_genital_organs,english,active
abn lev hormones in specimens from dgstv org/abd cav,Abn Lev Hormones in Specimens From Dgstv Org/abd Cav,abn_lev_hormones_in_specimens_from_dgstv_org/abd_cav,english,active
abn lev hormones in specimens from female genital organs,Abn Lev Hormones in Specimens From Female Genital Organs,abn_lev_hormones_in_specimens_from_female_genital_organs,english,active
abn lev hormones in specimens from male genital organs,Abn Lev Hormones in Specimens From Male Genital Organs,abn_lev_hormones_in_specimens_from_male_genital_organs,english,active
abn lev substances chiefly nonmedicinal as to source in csf,Abn Lev Substances Chiefly Nonmedicinal As to Source in CSF,abn_lev_substances_chiefly_nonmedicinal_as_to_source_in_csf,english,active
abn lev substnc nonmed source in specmn fr dgstv org/abd cav,Abn Lev Substnc Nonmed Source in Specmn Fr Dgstv Org/abd Cav,abn_lev_substnc_nonmed_source_in_specmn_fr_dgstv_org/abd_cav,english,active
abn lev substnc nonmed source in specmn from fem gntl organs,Abn Lev Substnc Nonmed Source in Specmn From Fem Gntl Organs,abn_lev_substnc_nonmed_source_in_specmn_from_fem_gntl_organs,english,active
abn lev substnc nonmed source in specmn from male gntl org,Abn Lev Substnc Nonmed Source in Specmn From Male Gntl Org,abn_lev_substnc_nonmed_source_in_specmn_from_male_gntl_org,english,active
abn lev substnc nonmed source in specmn from oth org/tiss,Abn Lev Substnc Nonmed Source in Specmn From Oth Org/tiss,abn_lev_substnc_nonmed_source_in_specmn_from_oth_org/tiss,english,active
abn lev substnc nonmed source in specmn from resp org/thrx,Abn Lev Substnc Nonmed Source in Specmn From Resp Org/thrx,abn_lev_substnc_nonmed_source_in_specmn_from_resp_org/thrx,english,active
abn microbiolog find in specmn from female genital organs,Abn Microbiolog Find in Specmn From Female Genital Organs,abn_microbiolog_find_in_specmn_from_female_genital_organs,english,active
abn microbiolog findings in specmn from dgstv org/abd cav,Abn Microbiolog Findings in Specmn From Dgstv Org/abd Cav,abn_microbiolog_findings_in_specmn_from_dgstv_org/abd_cav,english,active
abn microbiolog findings in specmn from male genital organs,Abn Microbiolog Findings in Specmn From Male Genital Organs,abn_microbiolog_findings_in_specmn_from_male_genital_organs,english,active
"abn radlgc find on dx imaging renal pelv, ureter, or blddr","Abn Radlgc Find On Dx Imaging Renal Pelv, Ureter, or Blddr","abn_radlgc_find_on_dx_imaging_renal_pelv,_ureter,_or_blddr",english,active
abn radlgc findings on dx imaging of other urinary organs,Abn Radlgc Findings On Dx Imaging of Other Urinary Organs,abn_radlgc_findings_on_dx_imaging_of_other_urinary_organs,english,active
abn results of function studies of ear and oth sp senses,Abn Results of Function Studies of Ear and Oth Sp Senses,abn_results_of_function_studies_of_ear_and_oth_sp_senses,english,active
abnormal 1st metacarpal morphology,Abnormal 1st Metacarpal Morphology,abnormal_1st_metacarpal_morphology,english,active
abnormal 2nd finger morphology,Abnormal 2nd Finger Morphology,abnormal_2nd_finger_morphology,english,active
abnormal 2nd metacarpal morphology,Abnormal 2nd Metacarpal Morphology,abnormal_2nd_metacarpal_morphology,english,active
abnormal 2nd toe morphology,Abnormal 2nd Toe Morphology,abnormal_2nd_toe_morphology,english,active
abnormal 2nd toe phalanx morphology,Abnormal 2nd Toe Phalanx Morphology,abnormal_2nd_toe_phalanx_morphology,english,active
abnormal 3rd finger morphology,Abnormal 3rd Finger Morphology,abnormal_3rd_finger_morphology,english,active
abnormal 3rd finger phalanx morphology,Abnormal 3rd Finger Phalanx Morphology,abnormal_3rd_finger_phalanx_morphology,english,active
abnormal 3rd metacarpal epiphysis morphology,Abnormal 3rd Metacarpal Epiphysis Morphology,abnormal_3rd_metacarpal_epiphysis_morphology,english,active
abnormal 3rd metacarpal morphology,Abnormal 3rd Metacarpal Morphology,abnormal_3rd_metacarpal_morphology,english,active
abnormal 3rd toe morphology,Abnormal 3rd Toe Morphology,abnormal_3rd_toe_morphology,english,active
abnormal 4th finger morphology,Abnormal 4th Finger Morphology,abnormal_4th_finger_morphology,english,active
abnormal 4th finger phalanx morphology,Abnormal 4th Finger Phalanx Morphology,abnormal_4th_finger_phalanx_morphology,english,active
abnormal 4th metacarpal epiphysis morphology,Abnormal 4th Metacarpal Epiphysis Morphology,abnormal_4th_metacarpal_epiphysis_morphology,english,active
abnormal 4th metacarpal morphology,Abnormal 4th Metacarpal Morphology,abnormal_4th_metacarpal_morphology,english,active
abnormal 4th toe morphology,Abnormal 4th Toe Morphology,abnormal_4th_toe_morphology,english,active
abnormal 5th finger morphology,Abnormal 5th Finger Morphology,abnormal_5th_finger_morphology,english,active
abnormal 5th finger phalanx morphology,Abnormal 5th Finger Phalanx Morphology,abnormal_5th_finger_phalanx_morphology,english,active
abnormal 5th metacarpal epiphysis morphology,Abnormal 5th Metacarpal Epiphysis Morphology,abnormal_5th_metacarpal_epiphysis_morphology,english,active
abnormal 5th metacarpal morphology,Abnormal 5th Metacarpal Morphology,abnormal_5th_metacarpal_morphology,english,active
abnormal 5th toe morphology,Abnormal 5th Toe Morphology,abnormal_5th_toe_morphology,english,active
abnormal 6-hydroxypurine phosphoribosyltransferase level,Abnormal 6-hydroxypurine Phosphoribosyltransferase Level,abnormal_6-hydroxypurine_phosphoribosyltransferase_level,english,active
abnormal a-type atrial natriuretic peptide level,Abnormal A-type Atrial Natriuretic Peptide Level,abnormal_a-type_atrial_natriuretic_peptide_level,english,active
abnormal abdomen morphology,Abnormal Abdomen Morphology,abnormal_abdomen_morphology,english,active
abnormal abdominal wall morphology,Abnormal Abdominal Wall Morphology,abnormal_abdominal_wall_morphology,english,active
abnormal abducens nerve morphology,Abnormal Abducens Nerve Morphology,abnormal_abducens_nerve_morphology,english,active
abnormal abeta 40 level,Abnormal Abeta 40 Level,abnormal_abeta_40_level,english,active
abnormal absence of menstruation,Abnormal Absence of Menstruation,abnormal_absence_of_menstruation,english,active
abnormal acetabulum morphology,Abnormal Acetabulum Morphology,abnormal_acetabulum_morphology,english,active
abnormal achilles tendon morphology,Abnormal Achilles Tendon Morphology,abnormal_achilles_tendon_morphology,english,active
abnormal activity of mitochondrial respiratory chain,Abnormal Activity of Mitochondrial Respiratory Chain,abnormal_activity_of_mitochondrial_respiratory_chain,english,active
abnormal adiponectin level,Abnormal Adiponectin Level,abnormal_adiponectin_level,english,active
abnormal adipose tissue morphology,Abnormal Adipose Tissue Morphology,abnormal_adipose_tissue_morphology,english,active
abnormal adrenal gland position,Abnormal Adrenal Gland Position,abnormal_adrenal_gland_position,english,active
abnormal adrenal morphology,Abnormal Adrenal Morphology,abnormal_adrenal_morphology,english,active
abnormal affect,Abnormal Affect,abnormal_affect,english,active
abnormal affect regulation,Abnormal Affect Regulation,abnormal_affect_regulation,english,active
abnormal alanine levels in cerebrospinal fluid,Abnormal Alanine Levels in Cerebrospinal Fluid,abnormal_alanine_levels_in_cerebrospinal_fluid,english,active
abnormal albumin level,Abnormal Albumin Level,abnormal_albumin_level,english,active
abnormal albumin levels in cerebrospinal fluid,Abnormal Albumin Levels in Cerebrospinal Fluid,abnormal_albumin_levels_in_cerebrospinal_fluid,english,active
abnormal alcohol consumption,Abnormal Alcohol Consumption,abnormal_alcohol_consumption,english,active
abnormal aldolase level,Abnormal Aldolase Level,abnormal_aldolase_level,english,active
abnormal alpha granule content,Abnormal Alpha Granule Content,abnormal_alpha_granule_content,english,active
abnormal alpha granule distribution,Abnormal Alpha Granule Distribution,abnormal_alpha_granule_distribution,english,active
abnormal alpha granules,Abnormal Alpha Granules,abnormal_alpha_granules,english,active
abnormal alpha-aminobutyrate levels in cerebrospinal fluid,Abnormal Alpha-aminobutyrate Levels in Cerebrospinal Fluid,abnormal_alpha-aminobutyrate_levels_in_cerebrospinal_fluid,english,active
abnormal alveolar epithelial type ii cell morphology,Abnormal Alveolar Epithelial Type II Cell Morphology,abnormal_alveolar_epithelial_type_ii_cell_morphology,english,active
abnormal alveolar macrophage morphology,Abnormal Alveolar Macrophage Morphology,abnormal_alveolar_macrophage_morphology,english,active
abnormal alveolar ridge morphology,Abnormal Alveolar Ridge Morphology,abnormal_alveolar_ridge_morphology,english,active
abnormal alveolar type ii pneumocyte morphology,Abnormal Alveolar Type II Pneumocyte Morphology,abnormal_alveolar_type_ii_pneumocyte_morphology,english,active
abnormal alveolar volume,Abnormal Alveolar Volume,abnormal_alveolar_volume,english,active
abnormal amino acid levels in cerebrospinal fluid,Abnormal Amino Acid Levels in Cerebrospinal Fluid,abnormal_amino_acid_levels_in_cerebrospinal_fluid,english,active
abnormal amniotic fluid,Abnormal Amniotic Fluid,abnormal_amniotic_fluid,english,active
abnormal amniotic fluid protein concentration,Abnormal Amniotic Fluid Protein Concentration,abnormal_amniotic_fluid_protein_concentration,english,active
abnormal amplitude of dark-adapted bright flash electroretinogram,Abnormal Amplitude of Dark-adapted Bright Flash Electroretinogram,abnormal_amplitude_of_dark-adapted_bright_flash_electroretin,english,active
abnormal amplitude of dark-adapted dim flash electroretinogram,Abnormal Amplitude of Dark-adapted Dim Flash Electroretinogram,abnormal_amplitude_of_dark-adapted_dim_flash_electroretinogr,english,active
abnormal amplitude of flash visual evoked potentials,Abnormal Amplitude of Flash Visual Evoked Potentials,abnormal_amplitude_of_flash_visual_evoked_potentials,english,active
abnormal amplitude of light-adapted flicker electroretinogram,Abnormal Amplitude of Light-adapted Flicker Electroretinogram,abnormal_amplitude_of_light-adapted_flicker_electroretinogra,english,active
abnormal amplitude of light-adapted single flash electroretinogram,Abnormal Amplitude of Light-adapted Single Flash Electroretinogram,abnormal_amplitude_of_light-adapted_single_flash_electroreti,english,active
abnormal amplitude of pattern electroretinogram,Abnormal Amplitude of Pattern Electroretinogram,abnormal_amplitude_of_pattern_electroretinogram,english,active
abnormal amplitude of pattern onset/offset vep,Abnormal Amplitude of Pattern Onset/offset VEP,abnormal_amplitude_of_pattern_onset/offset_vep,english,active
abnormal amplitude of pattern onset/offset visual evoked potentials,Abnormal Amplitude of Pattern Onset/offset Visual Evoked Potentials,abnormal_amplitude_of_pattern_onset/offset_visual_evoked_pot,english,active
abnormal amplitude of pattern reversal visual evoked potentials,Abnormal Amplitude of Pattern Reversal Visual Evoked Potentials,abnormal_amplitude_of_pattern_reversal_visual_evoked_potenti,english,active
abnormal amsler grid test,Abnormal Amsler Grid Test,abnormal_amsler_grid_test,english,active
abnormal amygdala morphology,Abnormal Amygdala Morphology,abnormal_amygdala_morphology,english,active
abnormal amyloid beta 40 peptide csf concentration,Abnormal Amyloid Beta 40 Peptide CSF Concentration,abnormal_amyloid_beta_40_peptide_csf_concentration,english,active
abnormal amyloid beta 42 peptide csf concentration,Abnormal Amyloid Beta 42 Peptide CSF Concentration,abnormal_amyloid_beta_42_peptide_csf_concentration,english,active
abnormal amyloid beta peptide csf concentration,Abnormal Amyloid Beta Peptide CSF Concentration,abnormal_amyloid_beta_peptide_csf_concentration,english,active
abnormal anatomic location of the heart,Abnormal Anatomic Location of the Heart,abnormal_anatomic_location_of_the_heart,english,active
abnormal ankle bones,Abnormal Ankle Bones,abnormal_ankle_bones,english,active
abnormal ankle morphology,Abnormal Ankle Morphology,abnormal_ankle_morphology,english,active
abnormal ankle physiology,Abnormal Ankle Physiology,abnormal_ankle_physiology,english,active
abnormal antehelix,Abnormal Antehelix,abnormal_antehelix,english,active
abnormal anterior chamber morphology,Abnormal Anterior Chamber Morphology,abnormal_anterior_chamber_morphology,english,active
abnormal anterior cricoarytenoid muscle morphology,Abnormal Anterior Cricoarytenoid Muscle Morphology,abnormal_anterior_cricoarytenoid_muscle_morphology,english,active
abnormal anterior eye segment morphology,Abnormal Anterior Eye Segment Morphology,abnormal_anterior_eye_segment_morphology,english,active
abnormal anterior fontanelle morphology,Abnormal Anterior Fontanelle Morphology,abnormal_anterior_fontanelle_morphology,english,active
abnormal anterior horn cell morphology,Abnormal Anterior Horn Cell Morphology,abnormal_anterior_horn_cell_morphology,english,active
abnormal anterior segment morphology,Abnormal Anterior Segment Morphology,abnormal_anterior_segment_morphology,english,active
abnormal anterior semicircular canal morphology,Abnormal Anterior Semicircular Canal Morphology,abnormal_anterior_semicircular_canal_morphology,english,active
abnormal anteroposterior retina thickness on oct,Abnormal Anteroposterior Retina Thickness On OCT,abnormal_anteroposterior_retina_thickness_on_oct,english,active
abnormal anthelix,Abnormal Anthelix,abnormal_anthelix,english,active
abnormal antihelix,Abnormal Antihelix,abnormal_antihelix,english,active
abnormal antihelix morphology,Abnormal Antihelix Morphology,abnormal_antihelix_morphology,english,active
abnormal antimullerian hormone level,Abnormal Antimullerian Hormone Level,abnormal_antimullerian_hormone_level,english,active
abnormal antitragus morphology,Abnormal Antitragus Morphology,abnormal_antitragus_morphology,english,active
abnormal antral follicle count,Abnormal Antral Follicle Count,abnormal_antral_follicle_count,english,active
abnormal anus morphology,Abnormal Anus Morphology,abnormal_anus_morphology,english,active
abnormal anus physiology,Abnormal Anus Physiology,abnormal_anus_physiology,english,active
abnormal anus position,Abnormal Anus Position,abnormal_anus_position,english,active
abnormal aorta morphology,Abnormal Aorta Morphology,abnormal_aorta_morphology,english,active
abnormal aortic arch morphology,Abnormal Aortic Arch Morphology,abnormal_aortic_arch_morphology,english,active
abnormal aortic morphology,Abnormal Aortic Morphology,abnormal_aortic_morphology,english,active
abnormal aortic physiology,Abnormal Aortic Physiology,abnormal_aortic_physiology,english,active
abnormal aortic valve cusp morphology,Abnormal Aortic Valve Cusp Morphology,abnormal_aortic_valve_cusp_morphology,english,active
abnormal aortic valve morphology,Abnormal Aortic Valve Morphology,abnormal_aortic_valve_morphology,english,active
abnormal aortic valve physiology,Abnormal Aortic Valve Physiology,abnormal_aortic_valve_physiology,english,active
abnormal apolipoprotein level,Abnormal Apolipoprotein Level,abnormal_apolipoprotein_level,english,active
abnormal apoptosis,Abnormal Apoptosis,abnormal_apoptosis,english,active
abnormal appendicular skeleton morphology,Abnormal Appendicular Skeleton Morphology,abnormal_appendicular_skeleton_morphology,english,active
abnormal arachnoid mater morphology,Abnormal Arachnoid Mater Morphology,abnormal_arachnoid_mater_morphology,english,active
abnormal arcuate artery endothelium morphology,Abnormal Arcuate Artery Endothelium Morphology,abnormal_arcuate_artery_endothelium_morphology,english,active
abnormal arcuate artery intima/media morphology,Abnormal Arcuate Artery Intima/media Morphology,abnormal_arcuate_artery_intima/media_morphology,english,active
abnormal arcuate artery lumen morphology,Abnormal Arcuate Artery Lumen Morphology,abnormal_arcuate_artery_lumen_morphology,english,active
abnormal arcuate artery morphology,Abnormal Arcuate Artery Morphology,abnormal_arcuate_artery_morphology,english,active
abnormal arcuate vein intima/media morphology,Abnormal Arcuate Vein Intima/media Morphology,abnormal_arcuate_vein_intima/media_morphology,english,active
abnormal arcuate vein lumen morphology,Abnormal Arcuate Vein Lumen Morphology,abnormal_arcuate_vein_lumen_morphology,english,active
abnormal arcuate vein morphology,Abnormal Arcuate Vein Morphology,abnormal_arcuate_vein_morphology,english,active
abnormal areolar morphology,Abnormal Areolar Morphology,abnormal_areolar_morphology,english,active
abnormal arginine levels in cerebrospinal fluid,Abnormal Arginine Levels in Cerebrospinal Fluid,abnormal_arginine_levels_in_cerebrospinal_fluid,english,active
abnormal arm span,Abnormal Arm Span,abnormal_arm_span,english,active
abnormal aromatase activity,Abnormal Aromatase Activity,abnormal_aromatase_activity,english,active
abnormal aromatic amino acid levels in cerebrospinal fluid,Abnormal Aromatic Amino Acid Levels in Cerebrospinal Fluid,abnormal_aromatic_amino_acid_levels_in_cerebrospinal_fluid,english,active
abnormal arterial physiology,Abnormal Arterial Physiology,abnormal_arterial_physiology,english,active
abnormal aryepiglottic fold morphology,Abnormal Aryepiglottic Fold Morphology,abnormal_aryepiglottic_fold_morphology,english,active
abnormal aryepiglottic folds,Abnormal Aryepiglottic Folds,abnormal_aryepiglottic_folds,english,active
abnormal ascending aorta morphology,Abnormal Ascending Aorta Morphology,abnormal_ascending_aorta_morphology,english,active
abnormal aspartate-family amino acid levels in cerebrospinal fluid,Abnormal Aspartate-family Amino Acid Levels in Cerebrospinal Fluid,abnormal_aspartate-family_amino_acid_levels_in_cerebrospinal,english,active
abnormal aspartic acid levels in cerebrospinal fluid,Abnormal Aspartic Acid Levels in Cerebrospinal Fluid,abnormal_aspartic_acid_levels_in_cerebrospinal_fluid,english,active
abnormal astrocyte morphology,Abnormal Astrocyte Morphology,abnormal_astrocyte_morphology,english,active
abnormal atrial arrangement,Abnormal Atrial Arrangement,abnormal_atrial_arrangement,english,active
abnormal atrial septum morphology,Abnormal Atrial Septum Morphology,abnormal_atrial_septum_morphology,english,active
abnormal atrioventricular conduction,Abnormal Atrioventricular Conduction,abnormal_atrioventricular_conduction,english,active
abnormal atrioventricular connection,Abnormal Atrioventricular Connection,abnormal_atrioventricular_connection,english,active
abnormal atrioventricular connexion,Abnormal Atrioventricular Connexion,abnormal_atrioventricular_connexion,english,active
abnormal atrioventricular valve morphology,Abnormal Atrioventricular Valve Morphology,abnormal_atrioventricular_valve_morphology,english,active
abnormal atrioventricular valve physiology,Abnormal Atrioventricular Valve Physiology,abnormal_atrioventricular_valve_physiology,english,active
abnormal auditory canal morphology,Abnormal Auditory Canal Morphology,abnormal_auditory_canal_morphology,english,active
abnormal auditory evoked potentials,Abnormal Auditory Evoked Potentials,abnormal_auditory_evoked_potentials,english,active
abnormal auditory function study,Abnormal Auditory Function Study,abnormal_auditory_function_study,english,active
abnormal auditory reflex,Abnormal Auditory Reflex,abnormal_auditory_reflex,english,active
abnormal automated kinetic perimetry test,Abnormal Automated Kinetic Perimetry Test,abnormal_automated_kinetic_perimetry_test,english,active
abnormal autonomic nervous system morphology,Abnormal Autonomic Nervous System Morphology,abnormal_autonomic_nervous_system_morphology,english,active
abnormal autonomic nervous system physiology,Abnormal Autonomic Nervous System Physiology,abnormal_autonomic_nervous_system_physiology,english,active
abnormal axial muscle morphology,Abnormal Axial Muscle Morphology,abnormal_axial_muscle_morphology,english,active
abnormal axial skeleton morphology,Abnormal Axial Skeleton Morphology,abnormal_axial_skeleton_morphology,english,active
abnormal axonemal organisation of respiratory motile cilia,Abnormal Axonemal Organisation of Respiratory Motile Cilia,abnormal_axonemal_organisation_of_respiratory_motile_cilia,english,active
abnormal axonemal organization of respiratory motile cilia,Abnormal Axonemal Organization of Respiratory Motile Cilia,abnormal_axonemal_organization_of_respiratory_motile_cilia,english,active
abnormal b cell count,Abnormal B Cell Count,abnormal_b_cell_count,english,active
abnormal b cell morphology,Abnormal B Cell Morphology,abnormal_b_cell_morphology,english,active
abnormal b cell physiology,Abnormal B Cell Physiology,abnormal_b_cell_physiology,english,active
abnormal b cell proliferation,Abnormal B Cell Proliferation,abnormal_b_cell_proliferation,english,active
abnormal b cell subset distribution,Abnormal B Cell Subset Distribution,abnormal_b_cell_subset_distribution,english,active
abnormal b cells,Abnormal B Cells,abnormal_b_cells,english,active
abnormal b-type natriuretic peptide level,Abnormal B-type Natriuretic Peptide Level,abnormal_b-type_natriuretic_peptide_level,english,active
abnormal basal ganglia morphology,Abnormal Basal Ganglia Morphology,abnormal_basal_ganglia_morphology,english,active
abnormal basal ganglia mri signal intensity,Abnormal Basal Ganglia MRI Signal Intensity,abnormal_basal_ganglia_mri_signal_intensity,english,active
abnormal base excess,Abnormal Base Excess,abnormal_base_excess,english,active
abnormal basophil morphology,Abnormal Basophil Morphology,abnormal_basophil_morphology,english,active
abnormal beliefs,Abnormal Beliefs,abnormal_beliefs,english,active
abnormal belly button,Abnormal Belly Button,abnormal_belly_button,english,active
abnormal best corrected visual acuity test,Abnormal Best Corrected Visual Acuity Test,abnormal_best_corrected_visual_acuity_test,english,active
abnormal beta amyloid 40 level,Abnormal Beta Amyloid 40 Level,abnormal_beta_amyloid_40_level,english,active
abnormal big toe bones,Abnormal Big Toe Bones,abnormal_big_toe_bones,english,active
abnormal biliary tract morphology,Abnormal Biliary Tract Morphology,abnormal_biliary_tract_morphology,english,active
abnormal biliary tract physiology,Abnormal Biliary Tract Physiology,abnormal_biliary_tract_physiology,english,active
abnormal biochemical composition of broncho-alveolar fluid,Abnormal Biochemical Composition of Broncho-alveolar Fluid,abnormal_biochemical_composition_of_broncho-alveolar_fluid,english,active
abnormal biotinidase level,Abnormal Biotinidase Level,abnormal_biotinidase_level,english,active
abnormal biparietal diameter,Abnormal Biparietal Diameter,abnormal_biparietal_diameter,english,active
abnormal bladder morphology,Abnormal Bladder Morphology,abnormal_bladder_morphology,english,active
abnormal bleeding,Abnormal Bleeding,abnormal_bleeding,english,active
abnormal blink rate,Abnormal Blink Rate,abnormal_blink_rate,english,active
abnormal blistering of the skin,Abnormal Blistering of the Skin,abnormal_blistering_of_the_skin,english,active
abnormal blood 5-methyltetrahydrofolate level,Abnormal Blood 5-methyltetrahydrofolate Level,abnormal_blood_5-methyltetrahydrofolate_level,english,active
abnormal blood calcium concentration,Abnormal Blood Calcium Concentration,abnormal_blood_calcium_concentration,english,active
abnormal blood calcium levels,Abnormal Blood Calcium Levels,abnormal_blood_calcium_levels,english,active
abnormal blood carbon dioxide level,Abnormal Blood Carbon Dioxide Level,abnormal_blood_carbon_dioxide_level,english,active
abnormal blood cation concentration,Abnormal Blood Cation Concentration,abnormal_blood_cation_concentration,english,active
abnormal blood chloride concentration,Abnormal Blood Chloride Concentration,abnormal_blood_chloride_concentration,english,active
abnormal blood cl concentration,Abnormal Blood Cl Concentration,abnormal_blood_cl_concentration,english,active
abnormal blood clot,Abnormal Blood Clot,abnormal_blood_clot,english,active
abnormal blood clotting,Abnormal Blood Clotting,abnormal_blood_clotting,english,active
abnormal blood coagulation studies,Abnormal Blood Coagulation Studies,abnormal_blood_coagulation_studies,english,active
abnormal blood creatinine level,Abnormal Blood Creatinine Level,abnormal_blood_creatinine_level,english,active
abnormal blood folate concentration,Abnormal Blood Folate Concentration,abnormal_blood_folate_concentration,english,active
abnormal blood gas level in cord blood,Abnormal Blood Gas Level in Cord Blood,abnormal_blood_gas_level_in_cord_blood,english,active
abnormal blood glucose concentration,Abnormal Blood Glucose Concentration,abnormal_blood_glucose_concentration,english,active
abnormal blood inorganic cation concentration,Abnormal Blood Inorganic Cation Concentration,abnormal_blood_inorganic_cation_concentration,english,active
abnormal blood ion concentration,Abnormal Blood Ion Concentration,abnormal_blood_ion_concentration,english,active
abnormal blood k concentration,Abnormal Blood K Concentration,abnormal_blood_k_concentration,english,active
abnormal blood monovalent inorganic cation concentration,Abnormal Blood Monovalent Inorganic Cation Concentration,abnormal_blood_monovalent_inorganic_cation_concentration,english,active
abnormal blood na+ levels,Abnormal Blood Na+ Levels,abnormal_blood_na+_levels,english,active
abnormal blood o2 level,Abnormal Blood O2 Level,abnormal_blood_o2_level,english,active
abnormal blood oxygen level,Abnormal Blood Oxygen Level,abnormal_blood_oxygen_level,english,active
abnormal blood oxygen levels,Abnormal Blood Oxygen Levels,abnormal_blood_oxygen_levels,english,active
abnormal blood phosphate concentration,Abnormal Blood Phosphate Concentration,abnormal_blood_phosphate_concentration,english,active
abnormal blood potassium concentration,Abnormal Blood Potassium Concentration,abnormal_blood_potassium_concentration,english,active
abnormal blood sodium concentration,Abnormal Blood Sodium Concentration,abnormal_blood_sodium_concentration,english,active
abnormal blood transition element cation concentration,Abnormal Blood Transition Element Cation Concentration,abnormal_blood_transition_element_cation_concentration,english,active
abnormal blood urea nitrogen concentration,Abnormal Blood Urea Nitrogen Concentration,abnormal_blood_urea_nitrogen_concentration,english,active
abnormal blood vessel morphology,Abnormal Blood Vessel Morphology,abnormal_blood_vessel_morphology,english,active
abnormal blood zinc concentration,Abnormal Blood Zinc Concentration,abnormal_blood_zinc_concentration,english,active
abnormal blood-gas level,Abnormal Blood-gas Level,abnormal_blood-gas_level,english,active
abnormal bmi,Abnormal BMI,abnormal_bmi,english,active
abnormal body mass index,Abnormal Body Mass Index,abnormal_body_mass_index,english,active
abnormal bone collagen fibril morphology,Abnormal Bone Collagen Fibril Morphology,abnormal_bone_collagen_fibril_morphology,english,active
abnormal bone marrow cell morphology,Abnormal Bone Marrow Cell Morphology,abnormal_bone_marrow_cell_morphology,english,active
abnormal bone maturation of vertebra,Abnormal Bone Maturation of Vertebra,abnormal_bone_maturation_of_vertebra,english,active
abnormal bone ossification,Abnormal Bone Ossification,abnormal_bone_ossification,english,active
abnormal bone structure,Abnormal Bone Structure,abnormal_bone_structure,english,active
abnormal bones of 4th finger,Abnormal Bones of 4th Finger,abnormal_bones_of_4th_finger,english,active
abnormal bowel sounds,Abnormal Bowel Sounds,abnormal_bowel_sounds,english,active
abnormal bowman capsule morphology,Abnormal Bowman Capsule Morphology,abnormal_bowman_capsule_morphology,english,active
abnormal bowman space morphology,Abnormal Bowman Space Morphology,abnormal_bowman_space_morphology,english,active
abnormal bpd,Abnormal BPD,abnormal_bpd,english,active
abnormal brain choline level by magnetic resonance spectroscopy,Abnormal Brain Choline Level By Magnetic Resonance Spectroscopy,abnormal_brain_choline_level_by_magnetic_resonance_spectrosc,english,active
abnormal brain choline level by mrs,Abnormal Brain Choline Level By MRS,abnormal_brain_choline_level_by_mrs,english,active
abnormal brain choline/creatine ratio by mrs,Abnormal Brain Choline/creatine Ratio By MRS,abnormal_brain_choline/creatine_ratio_by_mrs,english,active
abnormal brain creatine level by magnetic resonance spectroscopy,Abnormal Brain Creatine Level By Magnetic Resonance Spectroscopy,abnormal_brain_creatine_level_by_magnetic_resonance_spectros,english,active
abnormal brain creatine level by mrs,Abnormal Brain Creatine Level By MRS,abnormal_brain_creatine_level_by_mrs,english,active
abnormal brain fdg pet scan,Abnormal Brain FDG PET Scan,abnormal_brain_fdg_pet_scan,english,active
abnormal brain fdg positron emission tomography,Abnormal Brain FDG Positron Emission Tomography,abnormal_brain_fdg_positron_emission_tomography,english,active
abnormal brain glutamine level by mrs,Abnormal Brain Glutamine Level By MRS,abnormal_brain_glutamine_level_by_mrs,english,active
abnormal brain imaging,Abnormal Brain Imaging,abnormal_brain_imaging,english,active
abnormal brain lactate level by mrs,Abnormal Brain Lactate Level By MRS,abnormal_brain_lactate_level_by_mrs,english,active
abnormal brain morphology,Abnormal Brain Morphology,abnormal_brain_morphology,english,active
abnormal brain n-acetyl aspartate level by magnetic resonance spectroscopy,Abnormal Brain N-acetyl Aspartate Level By Magnetic Resonance Spectroscopy,abnormal_brain_n-acetyl_aspartate_level_by_magnetic_resonanc,english,active
abnormal brain n-acetyl aspartate level by mrs,Abnormal Brain N-acetyl Aspartate Level By MRS,abnormal_brain_n-acetyl_aspartate_level_by_mrs,english,active
abnormal brain pet scan,Abnormal Brain PET Scan,abnormal_brain_pet_scan,english,active
abnormal brain positron emission tomography,Abnormal Brain Positron Emission Tomography,abnormal_brain_positron_emission_tomography,english,active
abnormal brain scan,Abnormal Brain Scan,abnormal_brain_scan,english,active
abnormal brain-evoked potentials,Abnormal Brain-evoked Potentials,abnormal_brain-evoked_potentials,english,active
abnormal brainstem auditory-evoked potentials,Abnormal Brainstem Auditory-evoked Potentials,abnormal_brainstem_auditory-evoked_potentials,english,active
abnormal brainstem morphology,Abnormal Brainstem Morphology,abnormal_brainstem_morphology,english,active
abnormal brainstem mri signal intensity,Abnormal Brainstem MRI Signal Intensity,abnormal_brainstem_mri_signal_intensity,english,active
abnormal brainstem white matter morphology,Abnormal Brainstem White Matter Morphology,abnormal_brainstem_white_matter_morphology,english,active
abnormal branched-chain amino acid levels in cerbrospinal fluid,Abnormal Branched-chain Amino Acid Levels in Cerbrospinal Fluid,abnormal_branched-chain_amino_acid_levels_in_cerbrospinal_fl,english,active
abnormal branching pattern of left aortic arch,Abnormal Branching Pattern of Left Aortic Arch,abnormal_branching_pattern_of_left_aortic_arch,english,active
abnormal branching pattern of the aortic arch,Abnormal Branching Pattern of the Aortic Arch,abnormal_branching_pattern_of_the_aortic_arch,english,active
abnormal breast morphology,Abnormal Breast Morphology,abnormal_breast_morphology,english,active
abnormal breast physiology,Abnormal Breast Physiology,abnormal_breast_physiology,english,active
abnormal breath sound,Abnormal Breath Sound,abnormal_breath_sound,english,active
abnormal breathing,Abnormal Breathing,abnormal_breathing,english,active
abnormal bronchial artery morphology,Abnormal Bronchial Artery Morphology,abnormal_bronchial_artery_morphology,english,active
abnormal bronchoalveolar fluid protein level,Abnormal Bronchoalveolar Fluid Protein Level,abnormal_bronchoalveolar_fluid_protein_level,english,active
abnormal bronchoalveolar lavage fluid morphology,Abnormal Bronchoalveolar Lavage Fluid Morphology,abnormal_bronchoalveolar_lavage_fluid_morphology,english,active
abnormal bronchus morphology,Abnormal Bronchus Morphology,abnormal_bronchus_morphology,english,active
abnormal bronchus physiology,Abnormal Bronchus Physiology,abnormal_bronchus_physiology,english,active
abnormal buccal fat pad morphology,Abnormal Buccal Fat Pad Morphology,abnormal_buccal_fat_pad_morphology,english,active
abnormal buccal mucosa cell morphology,Abnormal Buccal Mucosa Cell Morphology,abnormal_buccal_mucosa_cell_morphology,english,active
abnormal buccal mucosa morphology,Abnormal Buccal Mucosa Morphology,abnormal_buccal_mucosa_morphology,english,active
abnormal bulbus cordis morphology,Abnormal Bulbus Cordis Morphology,abnormal_bulbus_cordis_morphology,english,active
abnormal bun concentration,Abnormal BUN Concentration,abnormal_bun_concentration,english,active
abnormal bursal fluid morphology,Abnormal Bursal Fluid Morphology,abnormal_bursal_fluid_morphology,english,active
abnormal c peptide level,Abnormal C Peptide Level,abnormal_c_peptide_level,english,active
abnormal c-reactive protein level,Abnormal C-reactive Protein Level,abnormal_c-reactive_protein_level,english,active
abnormal ca-phos regulating hormone level,Abnormal Ca-PHOS Regulating Hormone Level,abnormal_ca-phos_regulating_hormone_level,english,active
abnormal ca2+ po4 regulating hormone level,Abnormal Ca2+ PO4 Regulating Hormone Level,abnormal_ca2+_po4_regulating_hormone_level,english,active
abnormal caecum morphology,Abnormal Caecum Morphology,abnormal_caecum_morphology,english,active
abnormal calcification of the carpal bones,Abnormal Calcification of the Carpal Bones,abnormal_calcification_of_the_carpal_bones,english,active
abnormal calcification of the wrist bones,Abnormal Calcification of the Wrist Bones,abnormal_calcification_of_the_wrist_bones,english,active
abnormal calf muscles,Abnormal Calf Muscles,abnormal_calf_muscles,english,active
abnormal calf musculature morphology,Abnormal Calf Musculature Morphology,abnormal_calf_musculature_morphology,english,active
abnormal calvaria morphology,Abnormal Calvaria Morphology,abnormal_calvaria_morphology,english,active
abnormal capillary morphology,Abnormal Capillary Morphology,abnormal_capillary_morphology,english,active
abnormal capillary physiology,Abnormal Capillary Physiology,abnormal_capillary_physiology,english,active
abnormal capitate bone morphology,Abnormal Capitate Bone Morphology,abnormal_capitate_bone_morphology,english,active
abnormal carbon dioxide level in cord blood,Abnormal Carbon Dioxide Level in Cord Blood,abnormal_carbon_dioxide_level_in_cord_blood,english,active
abnormal cardiac atrial physiology,Abnormal Cardiac Atrial Physiology,abnormal_cardiac_atrial_physiology,english,active
abnormal cardiac atrium morphology,Abnormal Cardiac Atrium Morphology,abnormal_cardiac_atrium_morphology,english,active
abnormal cardiac biomarker test,Abnormal Cardiac Biomarker Test,abnormal_cardiac_biomarker_test,english,active
abnormal cardiac cath,Abnormal Cardiac Cath,abnormal_cardiac_cath,english,active
abnormal cardiac catheterization,Abnormal Cardiac Catheterization,abnormal_cardiac_catheterization,english,active
abnormal cardiac exercise stress test,Abnormal Cardiac Exercise Stress Test,abnormal_cardiac_exercise_stress_test,english,active
abnormal cardiac exercise test,Abnormal Cardiac Exercise Test,abnormal_cardiac_exercise_test,english,active
abnormal cardiac index,Abnormal Cardiac Index,abnormal_cardiac_index,english,active
abnormal cardiac magnetic resonance imaging,Abnormal Cardiac Magnetic Resonance Imaging,abnormal_cardiac_magnetic_resonance_imaging,english,active
abnormal cardiac magnetic resonance imaging finding,Abnormal Cardiac Magnetic Resonance Imaging Finding,abnormal_cardiac_magnetic_resonance_imaging_finding,english,active
abnormal cardiac mri,Abnormal Cardiac MRI,abnormal_cardiac_mri,english,active
abnormal cardiac muscle cell morphology,Abnormal Cardiac Muscle Cell Morphology,abnormal_cardiac_muscle_cell_morphology,english,active
abnormal cardiac output,Abnormal Cardiac Output,abnormal_cardiac_output,english,active
abnormal cardiac septum morphology,Abnormal Cardiac Septum Morphology,abnormal_cardiac_septum_morphology,english,active
abnormal cardiac test,Abnormal Cardiac Test,abnormal_cardiac_test,english,active
abnormal cardiac ventricle morphology,Abnormal Cardiac Ventricle Morphology,abnormal_cardiac_ventricle_morphology,english,active
abnormal cardiac ventricular function,Abnormal Cardiac Ventricular Function,abnormal_cardiac_ventricular_function,english,active
abnormal cardiomyocyte connexin43 staining,Abnormal Cardiomyocyte Connexin43 Staining,abnormal_cardiomyocyte_connexin43_staining,english,active
abnormal cardiomyocyte dystrophin staining,Abnormal Cardiomyocyte Dystrophin Staining,abnormal_cardiomyocyte_dystrophin_staining,english,active
abnormal cardiomyocyte mitochondrial morphology,Abnormal Cardiomyocyte Mitochondrial Morphology,abnormal_cardiomyocyte_mitochondrial_morphology,english,active
abnormal cardiomyocyte morphology,Abnormal Cardiomyocyte Morphology,abnormal_cardiomyocyte_morphology,english,active
abnormal cardiomyocyte plakoglobin staining,Abnormal Cardiomyocyte Plakoglobin Staining,abnormal_cardiomyocyte_plakoglobin_staining,english,active
abnormal cardiovascular system morphology,Abnormal Cardiovascular System Morphology,abnormal_cardiovascular_system_morphology,english,active
abnormal cardiovascular system physiology,Abnormal Cardiovascular System Physiology,abnormal_cardiovascular_system_physiology,english,active
abnormal carnosine levels in cerebrospinal fluid,Abnormal Carnosine Levels in Cerebrospinal Fluid,abnormal_carnosine_levels_in_cerebrospinal_fluid,english,active
abnormal carotid artery morphology,Abnormal Carotid Artery Morphology,abnormal_carotid_artery_morphology,english,active
abnormal carpal bones,Abnormal Carpal Bones,abnormal_carpal_bones,english,active
abnormal carpal morphology,Abnormal Carpal Morphology,abnormal_carpal_morphology,english,active
abnormal cartilage collagen,Abnormal Cartilage Collagen,abnormal_cartilage_collagen,english,active
abnormal cartilage matrix,Abnormal Cartilage Matrix,abnormal_cartilage_matrix,english,active
abnormal cartilage morphology,Abnormal Cartilage Morphology,abnormal_cartilage_morphology,english,active
abnormal caudate nucleus morphology,Abnormal Caudate Nucleus Morphology,abnormal_caudate_nucleus_morphology,english,active
abnormal cd25 upregulation upon tcr activation,Abnormal CD25 Upregulation Upon TCR Activation,abnormal_cd25_upregulation_upon_tcr_activation,english,active
abnormal cd4+ memory t cell proportion,Abnormal CD4+ Memory T Cell Proportion,abnormal_cd4+_memory_t_cell_proportion,english,active
abnormal cd4+ t cell proportion,Abnormal CD4+ T Cell Proportion,abnormal_cd4+_t_cell_proportion,english,active
abnormal cd4+ t cell subset,Abnormal CD4+ T Cell Subset,abnormal_cd4+_t_cell_subset,english,active
abnormal cd4+ t cell subset proportion,Abnormal CD4+ T Cell Subset Proportion,abnormal_cd4+_t_cell_subset_proportion,english,active
abnormal cd4+ t cell subsets,Abnormal CD4+ T Cell Subsets,abnormal_cd4+_t_cell_subsets,english,active
abnormal cd4+cd25+ regulatory t cell proportion,Abnormal CD4+CD25+ Regulatory T Cell Proportion,abnormal_cd4+cd25+_regulatory_t_cell_proportion,english,active
abnormal cd4+cd25+ treg cell proportion,Abnormal CD4+CD25+ Treg Cell Proportion,abnormal_cd4+cd25+_treg_cell_proportion,english,active
"abnormal cd4-negative, cd8-negative regulatory t cell distribution","Abnormal CD4-negative, CD8-negative Regulatory T Cell Distribution","abnormal_cd4-negative,_cd8-negative_regulatory_t_cell_distri",english,active
abnormal cd4:cd8 ratio,Abnormal CD4:CD8 Ratio,abnormal_cd4:cd8_ratio,english,active
abnormal cd69 upregulation upon tcr activation,Abnormal CD69 Upregulation Upon TCR Activation,abnormal_cd69_upregulation_upon_tcr_activation,english,active
abnormal cd8+ memory t cell proportion,Abnormal CD8+ Memory T Cell Proportion,abnormal_cd8+_memory_t_cell_proportion,english,active
abnormal cd8+ t cell proportion,Abnormal CD8+ T Cell Proportion,abnormal_cd8+_t_cell_proportion,english,active
abnormal cd8+ t cell subset proportion,Abnormal CD8+ T Cell Subset Proportion,abnormal_cd8+_t_cell_subset_proportion,english,active
abnormal cd8+ t cell subsets,Abnormal CD8+ T Cell Subsets,abnormal_cd8+_t_cell_subsets,english,active
abnormal cd8-positive temra t cell proportion,Abnormal CD8-positive TEMRA T Cell Proportion,abnormal_cd8-positive_temra_t_cell_proportion,english,active
abnormal cecum morphology,Abnormal Cecum Morphology,abnormal_cecum_morphology,english,active
abnormal celiac artery morphology,Abnormal Celiac Artery Morphology,abnormal_celiac_artery_morphology,english,active
abnormal cell differential of broncho-alveolar fluid,Abnormal Cell Differential of Broncho-alveolar Fluid,abnormal_cell_differential_of_broncho-alveolar_fluid,english,active
abnormal cell morphology,Abnormal Cell Morphology,abnormal_cell_morphology,english,active
abnormal cell proliferation,Abnormal Cell Proliferation,abnormal_cell_proliferation,english,active
abnormal cellular composition of bronchoalveolar fluid,Abnormal Cellular Composition of Bronchoalveolar Fluid,abnormal_cellular_composition_of_bronchoalveolar_fluid,english,active
abnormal cellular immune system morphology,Abnormal Cellular Immune System Morphology,abnormal_cellular_immune_system_morphology,english,active
abnormal cellular phenotype,Abnormal Cellular Phenotype,abnormal_cellular_phenotype,english,active
abnormal cellular physiology,Abnormal Cellular Physiology,abnormal_cellular_physiology,english,active
abnormal cementum morphology,Abnormal Cementum Morphology,abnormal_cementum_morphology,english,active
abnormal central memory cd8+ t cell proportion,Abnormal Central Memory CD8+ T Cell Proportion,abnormal_central_memory_cd8+_t_cell_proportion,english,active
abnormal central microtubular pair morphology of respiratory motile cilia,Abnormal Central Microtubular Pair Morphology of Respiratory Motile Cilia,abnormal_central_microtubular_pair_morphology_of_respiratory,english,active
abnormal central motor function,Abnormal Central Motor Function,abnormal_central_motor_function,english,active
abnormal central response of multifocal electroretinogram,Abnormal Central Response of Multifocal Electroretinogram,abnormal_central_response_of_multifocal_electroretinogram,english,active
abnormal central sensory function,Abnormal Central Sensory Function,abnormal_central_sensory_function,english,active
abnormal cerebellar cortex morphology,Abnormal Cerebellar Cortex Morphology,abnormal_cerebellar_cortex_morphology,english,active
abnormal cerebellar peduncle morphology,Abnormal Cerebellar Peduncle Morphology,abnormal_cerebellar_peduncle_morphology,english,active
abnormal cerebellar vermis morphology,Abnormal Cerebellar Vermis Morphology,abnormal_cerebellar_vermis_morphology,english,active
abnormal cerebellum morphology,Abnormal Cerebellum Morphology,abnormal_cerebellum_morphology,english,active
abnormal cerebral artery morphology,Abnormal Cerebral Artery Morphology,abnormal_cerebral_artery_morphology,english,active
abnormal cerebral cortex morphology,Abnormal Cerebral Cortex Morphology,abnormal_cerebral_cortex_morphology,english,active
abnormal cerebral morphology,Abnormal Cerebral Morphology,abnormal_cerebral_morphology,english,active
abnormal cerebral subcortex morphology,Abnormal Cerebral Subcortex Morphology,abnormal_cerebral_subcortex_morphology,english,active
abnormal cerebral vascular morphology,Abnormal Cerebral Vascular Morphology,abnormal_cerebral_vascular_morphology,english,active
abnormal cerebral vein morphology,Abnormal Cerebral Vein Morphology,abnormal_cerebral_vein_morphology,english,active
abnormal cerebral venous sinus morphology,Abnormal Cerebral Venous Sinus Morphology,abnormal_cerebral_venous_sinus_morphology,english,active
abnormal cerebral ventricle morphology,Abnormal Cerebral Ventricle Morphology,abnormal_cerebral_ventricle_morphology,english,active
abnormal cerebral white matter morphology,Abnormal Cerebral White Matter Morphology,abnormal_cerebral_white_matter_morphology,english,active
abnormal cerebrospinal fluid amino acid level,Abnormal Cerebrospinal Fluid Amino Acid Level,abnormal_cerebrospinal_fluid_amino_acid_level,english,active
abnormal cerebrospinal fluid biopterin level,Abnormal Cerebrospinal Fluid Biopterin Level,abnormal_cerebrospinal_fluid_biopterin_level,english,active
abnormal cerebrospinal fluid metabolite concentration,Abnormal Cerebrospinal Fluid Metabolite Concentration,abnormal_cerebrospinal_fluid_metabolite_concentration,english,active
abnormal cerebrospinal fluid morphology,Abnormal Cerebrospinal Fluid Morphology,abnormal_cerebrospinal_fluid_morphology,english,active
abnormal cerumen color,Abnormal Cerumen Color,abnormal_cerumen_color,english,active
abnormal cerumen pigmentation,Abnormal Cerumen Pigmentation,abnormal_cerumen_pigmentation,english,active
abnormal cervical curvature,Abnormal Cervical Curvature,abnormal_cervical_curvature,english,active
abnormal cervical spine,Abnormal Cervical Spine,abnormal_cervical_spine,english,active
abnormal cervical spine morphology,Abnormal Cervical Spine Morphology,abnormal_cervical_spine_morphology,english,active
abnormal ch50,Abnormal CH50,abnormal_ch50,english,active
abnormal change in sexual drive,Abnormal Change in Sexual Drive,abnormal_change_in_sexual_drive,english,active
abnormal change in social behavior,Abnormal Change in Social Behavior,abnormal_change_in_social_behavior,english,active
abnormal cheek morphology,Abnormal Cheek Morphology,abnormal_cheek_morphology,english,active
abnormal chest radiograph finding (lung),Abnormal Chest Radiograph Finding (lung),abnormal_chest_radiograph_finding_(lung),english,active
abnormal choanae morphology,Abnormal Choanae Morphology,abnormal_choanae_morphology,english,active
abnormal cholesterol homeostasis,Abnormal Cholesterol Homeostasis,abnormal_cholesterol_homeostasis,english,active
abnormal chondrocyte morphology,Abnormal Chondrocyte Morphology,abnormal_chondrocyte_morphology,english,active
abnormal chorion morphology,Abnormal Chorion Morphology,abnormal_chorion_morphology,english,active
abnormal chorioretinal morphology,Abnormal Chorioretinal Morphology,abnormal_chorioretinal_morphology,english,active
abnormal choroid morphology,Abnormal Choroid Morphology,abnormal_choroid_morphology,english,active
abnormal choroid plexus morphology,Abnormal Choroid Plexus Morphology,abnormal_choroid_plexus_morphology,english,active
abnormal chromosome morphology,Abnormal Chromosome Morphology,abnormal_chromosome_morphology,english,active
abnormal chylomicron concentration,Abnormal Chylomicron Concentration,abnormal_chylomicron_concentration,english,active
abnormal ciliary body morphology,Abnormal Ciliary Body Morphology,abnormal_ciliary_body_morphology,english,active
abnormal ciliary motility,Abnormal Ciliary Motility,abnormal_ciliary_motility,english,active
abnormal circle of willis morphology,Abnormal Circle of Willis Morphology,abnormal_circle_of_willis_morphology,english,active
abnormal circulating 18-hydroxycorticosterone level,Abnormal Circulating 18-hydroxycorticosterone Level,abnormal_circulating_18-hydroxycorticosterone_level,english,active
abnormal circulating 7-dehydrocholesterol concentration,Abnormal Circulating 7-dehydrocholesterol Concentration,abnormal_circulating_7-dehydrocholesterol_concentration,english,active
abnormal circulating a-type atrial natriuretic peptide concentration,Abnormal Circulating A-type Atrial Natriuretic Peptide Concentration,abnormal_circulating_a-type_atrial_natriuretic_peptide_conce,english,active
abnormal circulating acylcarnitine concentration,Abnormal Circulating Acylcarnitine Concentration,abnormal_circulating_acylcarnitine_concentration,english,active
abnormal circulating adrenocorticotropin concentration,Abnormal Circulating Adrenocorticotropin Concentration,abnormal_circulating_adrenocorticotropin_concentration,english,active
abnormal circulating alanine concentration,Abnormal Circulating Alanine Concentration,abnormal_circulating_alanine_concentration,english,active
abnormal circulating albumin concentration,Abnormal Circulating Albumin Concentration,abnormal_circulating_albumin_concentration,english,active
abnormal circulating aldolase concentration,Abnormal Circulating Aldolase Concentration,abnormal_circulating_aldolase_concentration,english,active
abnormal circulating aldosterone,Abnormal Circulating Aldosterone,abnormal_circulating_aldosterone,english,active
abnormal circulating aldosterone concentration,Abnormal Circulating Aldosterone Concentration,abnormal_circulating_aldosterone_concentration,english,active
abnormal circulating alpha mannosidase activity,Abnormal Circulating Alpha Mannosidase Activity,abnormal_circulating_alpha_mannosidase_activity,english,active
abnormal circulating alpha-fetoprotein concentration,Abnormal Circulating Alpha-fetoprotein Concentration,abnormal_circulating_alpha-fetoprotein_concentration,english,active
abnormal circulating alpha-l-fucosidase activity,Abnormal Circulating Alpha-L-fucosidase Activity,abnormal_circulating_alpha-l-fucosidase_activity,english,active
abnormal circulating amino acid concentration,Abnormal Circulating Amino Acid Concentration,abnormal_circulating_amino_acid_concentration,english,active
abnormal circulating amino sulfonic acid concentration,Abnormal Circulating Amino Sulfonic Acid Concentration,abnormal_circulating_amino_sulfonic_acid_concentration,english,active
abnormal circulating amylase concentration,Abnormal Circulating Amylase Concentration,abnormal_circulating_amylase_concentration,english,active
abnormal circulating amylase level,Abnormal Circulating Amylase Level,abnormal_circulating_amylase_level,english,active
abnormal circulating androgen level,Abnormal Circulating Androgen Level,abnormal_circulating_androgen_level,english,active
abnormal circulating androstenedione concentration,Abnormal Circulating Androstenedione Concentration,abnormal_circulating_androstenedione_concentration,english,active
abnormal circulating angiostatin concentration,Abnormal Circulating Angiostatin Concentration,abnormal_circulating_angiostatin_concentration,english,active
abnormal circulating antimullerian hormone concentration,Abnormal Circulating Antimullerian Hormone Concentration,abnormal_circulating_antimullerian_hormone_concentration,english,active
abnormal circulating apolipoprotein concentration,Abnormal Circulating Apolipoprotein Concentration,abnormal_circulating_apolipoprotein_concentration,english,active
abnormal circulating arginine concentration,Abnormal Circulating Arginine Concentration,abnormal_circulating_arginine_concentration,english,active
abnormal circulating aromatic amino acid concentration,Abnormal Circulating Aromatic Amino Acid Concentration,abnormal_circulating_aromatic_amino_acid_concentration,english,active
abnormal circulating asparagine concentration,Abnormal Circulating Asparagine Concentration,abnormal_circulating_asparagine_concentration,english,active
abnormal circulating aspartate concentration,Abnormal Circulating Aspartate Concentration,abnormal_circulating_aspartate_concentration,english,active
abnormal circulating aspartate family amino acid concentration,Abnormal Circulating Aspartate Family Amino Acid Concentration,abnormal_circulating_aspartate_family_amino_acid_concentrati,english,active
abnormal circulating aspartic acid concentration,Abnormal Circulating Aspartic Acid Concentration,abnormal_circulating_aspartic_acid_concentration,english,active
abnormal circulating b-type natriuretic peptide concentration,Abnormal Circulating B-type Natriuretic Peptide Concentration,abnormal_circulating_b-type_natriuretic_peptide_concentratio,english,active
abnormal circulating beta globulin concentration,Abnormal Circulating Beta Globulin Concentration,abnormal_circulating_beta_globulin_concentration,english,active
abnormal circulating beta-c-terminal telopeptide level,Abnormal Circulating Beta-C-terminal Telopeptide Level,abnormal_circulating_beta-c-terminal_telopeptide_level,english,active
abnormal circulating beta-carotene concentration,Abnormal Circulating Beta-carotene Concentration,abnormal_circulating_beta-carotene_concentration,english,active
abnormal circulating beta-crosslaps level,Abnormal Circulating Beta-CrossLaps Level,abnormal_circulating_beta-crosslaps_level,english,active
abnormal circulating beta-ctx concentration,Abnormal Circulating Beta-CTX Concentration,abnormal_circulating_beta-ctx_concentration,english,active
abnormal circulating beta-ctx level,Abnormal Circulating Beta-CTx Level,abnormal_circulating_beta-ctx_level,english,active
abnormal circulating beta-mannosidase activity,Abnormal Circulating Beta-mannosidase Activity,abnormal_circulating_beta-mannosidase_activity,english,active
abnormal circulating bilirubin concentration,Abnormal Circulating Bilirubin Concentration,abnormal_circulating_bilirubin_concentration,english,active
abnormal circulating biopterin concentration,Abnormal Circulating Biopterin Concentration,abnormal_circulating_biopterin_concentration,english,active
abnormal circulating biotinidase concentration,Abnormal Circulating Biotinidase Concentration,abnormal_circulating_biotinidase_concentration,english,active
abnormal circulating branched chain amino acid concentration,Abnormal Circulating Branched Chain Amino Acid Concentration,abnormal_circulating_branched_chain_amino_acid_concentration,english,active
abnormal circulating c-peptide concentration,Abnormal Circulating C-peptide Concentration,abnormal_circulating_c-peptide_concentration,english,active
abnormal circulating c-reactive protein concentration,Abnormal Circulating C-reactive Protein Concentration,abnormal_circulating_c-reactive_protein_concentration,english,active
abnormal circulating ca concentration,Abnormal Circulating Ca Concentration,abnormal_circulating_ca_concentration,english,active
abnormal circulating ca2+ concentration,Abnormal Circulating Ca2+ Concentration,abnormal_circulating_ca2+_concentration,english,active
abnormal circulating calcitonin concentration,Abnormal Circulating Calcitonin Concentration,abnormal_circulating_calcitonin_concentration,english,active
abnormal circulating calcium concentration,Abnormal Circulating Calcium Concentration,abnormal_circulating_calcium_concentration,english,active
abnormal circulating calcium-phosphate regulating hormone concentration,Abnormal Circulating Calcium-phosphate Regulating Hormone Concentration,abnormal_circulating_calcium-phosphate_regulating_hormone_co,english,active
abnormal circulating carbohydrate concentration,Abnormal Circulating Carbohydrate Concentration,abnormal_circulating_carbohydrate_concentration,english,active
abnormal circulating carboxylic acid concentration,Abnormal Circulating Carboxylic Acid Concentration,abnormal_circulating_carboxylic_acid_concentration,english,active
abnormal circulating carnitine concentration,Abnormal Circulating Carnitine Concentration,abnormal_circulating_carnitine_concentration,english,active
abnormal circulating carnosine concentration,Abnormal Circulating Carnosine Concentration,abnormal_circulating_carnosine_concentration,english,active
abnormal circulating cc chemokine concentration,Abnormal Circulating CC Chemokine Concentration,abnormal_circulating_cc_chemokine_concentration,english,active
abnormal circulating ceruloplasmin concentration,Abnormal Circulating Ceruloplasmin Concentration,abnormal_circulating_ceruloplasmin_concentration,english,active
abnormal circulating chemokine concentration,Abnormal Circulating Chemokine Concentration,abnormal_circulating_chemokine_concentration,english,active
abnormal circulating cholesterol concentration,Abnormal Circulating Cholesterol Concentration,abnormal_circulating_cholesterol_concentration,english,active
abnormal circulating citrulline concentration,Abnormal Circulating Citrulline Concentration,abnormal_circulating_citrulline_concentration,english,active
abnormal circulating ck concentration,Abnormal Circulating CK Concentration,abnormal_circulating_ck_concentration,english,active
abnormal circulating coenzyme concentration,Abnormal Circulating Coenzyme Concentration,abnormal_circulating_coenzyme_concentration,english,active
abnormal circulating collagen degradation product concentration,Abnormal Circulating Collagen Degradation Product Concentration,abnormal_circulating_collagen_degradation_product_concentrat,english,active
abnormal circulating complement factor h related protein 1 concentration,Abnormal Circulating Complement Factor H Related Protein 1 Concentration,abnormal_circulating_complement_factor_h_related_protein_1_c,english,active
abnormal circulating copper concentration,Abnormal Circulating Copper Concentration,abnormal_circulating_copper_concentration,english,active
abnormal circulating corticosterone level,Abnormal Circulating Corticosterone Level,abnormal_circulating_corticosterone_level,english,active
abnormal circulating cpk concentration,Abnormal Circulating CPK Concentration,abnormal_circulating_cpk_concentration,english,active
abnormal circulating creatine concentration,Abnormal Circulating Creatine Concentration,abnormal_circulating_creatine_concentration,english,active
abnormal circulating creatine kinase concentration,Abnormal Circulating Creatine Kinase Concentration,abnormal_circulating_creatine_kinase_concentration,english,active
abnormal circulating creatinine concentration,Abnormal Circulating Creatinine Concentration,abnormal_circulating_creatinine_concentration,english,active
abnormal circulating creatinine level,Abnormal Circulating Creatinine Level,abnormal_circulating_creatinine_level,english,active
abnormal circulating cysteine concentration,Abnormal Circulating Cysteine Concentration,abnormal_circulating_cysteine_concentration,english,active
abnormal circulating cytokine concentration,Abnormal Circulating Cytokine Concentration,abnormal_circulating_cytokine_concentration,english,active
abnormal circulating dehydroepiandrosterone concentration,Abnormal Circulating Dehydroepiandrosterone Concentration,abnormal_circulating_dehydroepiandrosterone_concentration,english,active
abnormal circulating deoxycorticosterone level,Abnormal Circulating Deoxycorticosterone Level,abnormal_circulating_deoxycorticosterone_level,english,active
abnormal circulating dicarboxylic acid concentration,Abnormal Circulating Dicarboxylic Acid Concentration,abnormal_circulating_dicarboxylic_acid_concentration,english,active
abnormal circulating eicosanoid concentration,Abnormal Circulating Eicosanoid Concentration,abnormal_circulating_eicosanoid_concentration,english,active
abnormal circulating enzyme concentration,Abnormal Circulating Enzyme Concentration,abnormal_circulating_enzyme_concentration,english,active
abnormal circulating enzyme concentration or activity,Abnormal Circulating Enzyme Concentration or Activity,abnormal_circulating_enzyme_concentration_or_activity,english,active
abnormal circulating erythropoietin concentration,Abnormal Circulating Erythropoietin Concentration,abnormal_circulating_erythropoietin_concentration,english,active
abnormal circulating esterified carnitine concentration,Abnormal Circulating Esterified Carnitine Concentration,abnormal_circulating_esterified_carnitine_concentration,english,active
abnormal circulating estrogen level,Abnormal Circulating Estrogen Level,abnormal_circulating_estrogen_level,english,active
abnormal circulating ethanolamine concentration,Abnormal Circulating Ethanolamine Concentration,abnormal_circulating_ethanolamine_concentration,english,active
abnormal circulating fatty-acid anion concentration,Abnormal Circulating Fatty-acid Anion Concentration,abnormal_circulating_fatty-acid_anion_concentration,english,active
abnormal circulating fatty-acid concentration,Abnormal Circulating Fatty-acid Concentration,abnormal_circulating_fatty-acid_concentration,english,active
abnormal circulating ferritin concentration,Abnormal Circulating Ferritin Concentration,abnormal_circulating_ferritin_concentration,english,active
abnormal circulating fetuin a concentration,Abnormal Circulating Fetuin a Concentration,abnormal_circulating_fetuin_a_concentration,english,active
abnormal circulating fibroblast growth factor 23 concentration,Abnormal Circulating Fibroblast Growth Factor 23 Concentration,abnormal_circulating_fibroblast_growth_factor_23_concentrati,english,active
abnormal circulating follicle-stimulating hormone concentration,Abnormal Circulating Follicle-stimulating Hormone Concentration,abnormal_circulating_follicle-stimulating_hormone_concentrat,english,active
abnormal circulating follicle-stimulating hormone level,Abnormal Circulating Follicle-stimulating Hormone Level,abnormal_circulating_follicle-stimulating_hormone_level,english,active
abnormal circulating free fatty acid concentration,Abnormal Circulating Free Fatty Acid Concentration,abnormal_circulating_free_fatty_acid_concentration,english,active
abnormal circulating free fatty acid level,Abnormal Circulating Free Fatty Acid Level,abnormal_circulating_free_fatty_acid_level,english,active
abnormal circulating free t3 concentration,Abnormal Circulating Free T3 Concentration,abnormal_circulating_free_t3_concentration,english,active
abnormal circulating free t3 level,Abnormal Circulating Free T3 Level,abnormal_circulating_free_t3_level,english,active
abnormal circulating free t4 concentration,Abnormal Circulating Free T4 Concentration,abnormal_circulating_free_t4_concentration,english,active
abnormal circulating free t4 level,Abnormal Circulating Free T4 Level,abnormal_circulating_free_t4_level,english,active
abnormal circulating free thyroxine level,Abnormal Circulating Free Thyroxine Level,abnormal_circulating_free_thyroxine_level,english,active
abnormal circulating free triiodotyronine concentration,Abnormal Circulating Free Triiodotyronine Concentration,abnormal_circulating_free_triiodotyronine_concentration,english,active
abnormal circulating gaba concentration,Abnormal Circulating GABA Concentration,abnormal_circulating_gaba_concentration,english,active
abnormal circulating gastrin concentration,Abnormal Circulating Gastrin Concentration,abnormal_circulating_gastrin_concentration,english,active
abnormal circulating gastrin level,Abnormal Circulating Gastrin Level,abnormal_circulating_gastrin_level,english,active
abnormal circulating globulin concentration,Abnormal Circulating Globulin Concentration,abnormal_circulating_globulin_concentration,english,active
abnormal circulating globulin level,Abnormal Circulating Globulin Level,abnormal_circulating_globulin_level,english,active
abnormal circulating glucose-6-phosphate dehydrogenase concentration,Abnormal Circulating Glucose-6-phosphate Dehydrogenase Concentration,abnormal_circulating_glucose-6-phosphate_dehydrogenase_conce,english,active
abnormal circulating glutamate concentration,Abnormal Circulating Glutamate Concentration,abnormal_circulating_glutamate_concentration,english,active
abnormal circulating glutamine concentration,Abnormal Circulating Glutamine Concentration,abnormal_circulating_glutamine_concentration,english,active
abnormal circulating glutamine family amino acid concentration,Abnormal Circulating Glutamine Family Amino Acid Concentration,abnormal_circulating_glutamine_family_amino_acid_concentrati,english,active
abnormal circulating glycerol level,Abnormal Circulating Glycerol Level,abnormal_circulating_glycerol_level,english,active
abnormal circulating glycine concentration,Abnormal Circulating Glycine Concentration,abnormal_circulating_glycine_concentration,english,active
abnormal circulating gonadal steroid concentration,Abnormal Circulating Gonadal Steroid Concentration,abnormal_circulating_gonadal_steroid_concentration,english,active
abnormal circulating gonadocorticoid concentration,Abnormal Circulating Gonadocorticoid Concentration,abnormal_circulating_gonadocorticoid_concentration,english,active
abnormal circulating gonadotropin concentration,Abnormal Circulating Gonadotropin Concentration,abnormal_circulating_gonadotropin_concentration,english,active
abnormal circulating gonadotropin level,Abnormal Circulating Gonadotropin Level,abnormal_circulating_gonadotropin_level,english,active
abnormal circulating haptoglobin concentration,Abnormal Circulating Haptoglobin Concentration,abnormal_circulating_haptoglobin_concentration,english,active
abnormal circulating heparan sulfate level,Abnormal Circulating Heparan Sulfate Level,abnormal_circulating_heparan_sulfate_level,english,active
abnormal circulating heparan sulphate level,Abnormal Circulating Heparan Sulphate Level,abnormal_circulating_heparan_sulphate_level,english,active
abnormal circulating hepatic transaminase activity,Abnormal Circulating Hepatic Transaminase Activity,abnormal_circulating_hepatic_transaminase_activity,english,active
abnormal circulating hepatic transaminase concentration,Abnormal Circulating Hepatic Transaminase Concentration,abnormal_circulating_hepatic_transaminase_concentration,english,active
abnormal circulating hepcidin concentration,Abnormal Circulating Hepcidin Concentration,abnormal_circulating_hepcidin_concentration,english,active
abnormal circulating histidine concentration,Abnormal Circulating Histidine Concentration,abnormal_circulating_histidine_concentration,english,active
abnormal circulating homocysteine concentration,Abnormal Circulating Homocysteine Concentration,abnormal_circulating_homocysteine_concentration,english,active
abnormal circulating hormone concentration,Abnormal Circulating Hormone Concentration,abnormal_circulating_hormone_concentration,english,active
abnormal circulating hormone level,Abnormal Circulating Hormone Level,abnormal_circulating_hormone_level,english,active
abnormal circulating hyaluronic acid concentration,Abnormal Circulating Hyaluronic Acid Concentration,abnormal_circulating_hyaluronic_acid_concentration,english,active
abnormal circulating iga concentration,Abnormal Circulating IgA Concentration,abnormal_circulating_iga_concentration,english,active
abnormal circulating iga level,Abnormal Circulating IgA Level,abnormal_circulating_iga_level,english,active
abnormal circulating igd concentration,Abnormal Circulating IgD Concentration,abnormal_circulating_igd_concentration,english,active
abnormal circulating igd level,Abnormal Circulating IgD Level,abnormal_circulating_igd_level,english,active
abnormal circulating ige concentration,Abnormal Circulating IgE Concentration,abnormal_circulating_ige_concentration,english,active
abnormal circulating ige level,Abnormal Circulating IgE Level,abnormal_circulating_ige_level,english,active
abnormal circulating igg concentration,Abnormal Circulating IgG Concentration,abnormal_circulating_igg_concentration,english,active
abnormal circulating igg level,Abnormal Circulating IgG Level,abnormal_circulating_igg_level,english,active
abnormal circulating igm concentration,Abnormal Circulating IgM Concentration,abnormal_circulating_igm_concentration,english,active
abnormal circulating igm level,Abnormal Circulating IgM Level,abnormal_circulating_igm_level,english,active
abnormal circulating immunoglobulin concentration,Abnormal Circulating Immunoglobulin Concentration,abnormal_circulating_immunoglobulin_concentration,english,active
abnormal circulating inhibin b concentration,Abnormal Circulating Inhibin B Concentration,abnormal_circulating_inhibin_b_concentration,english,active
abnormal circulating inhibin level,Abnormal Circulating Inhibin Level,abnormal_circulating_inhibin_level,english,active
abnormal circulating insulin concentration,Abnormal Circulating Insulin Concentration,abnormal_circulating_insulin_concentration,english,active
abnormal circulating insulin-like growth factor 1 concentration,Abnormal Circulating Insulin-like Growth Factor 1 Concentration,abnormal_circulating_insulin-like_growth_factor_1_concentrat,english,active
abnormal circulating insulin-like growth factor 3 concentration,Abnormal Circulating Insulin-like Growth Factor 3 Concentration,abnormal_circulating_insulin-like_growth_factor_3_concentrat,english,active
abnormal circulating interferon concentration,Abnormal Circulating Interferon Concentration,abnormal_circulating_interferon_concentration,english,active
abnormal circulating interferon-gamma concentration,Abnormal Circulating Interferon-gamma Concentration,abnormal_circulating_interferon-gamma_concentration,english,active
abnormal circulating interleukin 10 concentration,Abnormal Circulating Interleukin 10 Concentration,abnormal_circulating_interleukin_10_concentration,english,active
abnormal circulating interleukin 12 concentration,Abnormal Circulating Interleukin 12 Concentration,abnormal_circulating_interleukin_12_concentration,english,active
abnormal circulating interleukin 17a concentration,Abnormal Circulating Interleukin 17A Concentration,abnormal_circulating_interleukin_17a_concentration,english,active
abnormal circulating interleukin 21 concentration,Abnormal Circulating Interleukin 21 Concentration,abnormal_circulating_interleukin_21_concentration,english,active
abnormal circulating interleukin 22 concentration,Abnormal Circulating Interleukin 22 Concentration,abnormal_circulating_interleukin_22_concentration,english,active
abnormal circulating interleukin 23 concentration,Abnormal Circulating Interleukin 23 Concentration,abnormal_circulating_interleukin_23_concentration,english,active
abnormal circulating interleukin 27 concentration,Abnormal Circulating Interleukin 27 Concentration,abnormal_circulating_interleukin_27_concentration,english,active
abnormal circulating interleukin 6 concentration,Abnormal Circulating Interleukin 6 Concentration,abnormal_circulating_interleukin_6_concentration,english,active
abnormal circulating interleukin 9 concentration,Abnormal Circulating Interleukin 9 Concentration,abnormal_circulating_interleukin_9_concentration,english,active
abnormal circulating interleukin concentration,Abnormal Circulating Interleukin Concentration,abnormal_circulating_interleukin_concentration,english,active
abnormal circulating iron concentration,Abnormal Circulating Iron Concentration,abnormal_circulating_iron_concentration,english,active
abnormal circulating isoleucine concentration,Abnormal Circulating Isoleucine Concentration,abnormal_circulating_isoleucine_concentration,english,active
abnormal circulating keto acid concentration,Abnormal Circulating Keto Acid Concentration,abnormal_circulating_keto_acid_concentration,english,active
abnormal circulating lactate dehydrogenase concentration,Abnormal Circulating Lactate Dehydrogenase Concentration,abnormal_circulating_lactate_dehydrogenase_concentration,english,active
abnormal circulating ldh concentration,Abnormal Circulating LDH Concentration,abnormal_circulating_ldh_concentration,english,active
abnormal circulating leptin concentration,Abnormal Circulating Leptin Concentration,abnormal_circulating_leptin_concentration,english,active
abnormal circulating leucine concentration,Abnormal Circulating Leucine Concentration,abnormal_circulating_leucine_concentration,english,active
abnormal circulating lipid concentration,Abnormal Circulating Lipid Concentration,abnormal_circulating_lipid_concentration,english,active
abnormal circulating lipoprotein lipase concentration,Abnormal Circulating Lipoprotein Lipase Concentration,abnormal_circulating_lipoprotein_lipase_concentration,english,active
abnormal circulating lipoprotein(a) concentration,Abnormal Circulating Lipoprotein(a) Concentration,abnormal_circulating_lipoprotein(a)_concentration,english,active
abnormal circulating long-chain fatty-acid concentration,Abnormal Circulating Long-chain Fatty-acid Concentration,abnormal_circulating_long-chain_fatty-acid_concentration,english,active
abnormal circulating luteinizing hormone concentration,Abnormal Circulating Luteinizing Hormone Concentration,abnormal_circulating_luteinizing_hormone_concentration,english,active
abnormal circulating luteinizing hormone level,Abnormal Circulating Luteinizing Hormone Level,abnormal_circulating_luteinizing_hormone_level,english,active
abnormal circulating lysine concentration,Abnormal Circulating Lysine Concentration,abnormal_circulating_lysine_concentration,english,active
abnormal circulating mannose-binding protein concentration,Abnormal Circulating Mannose-binding Protein Concentration,abnormal_circulating_mannose-binding_protein_concentration,english,active
abnormal circulating membrane cofactor protein concentration,Abnormal Circulating Membrane Cofactor Protein Concentration,abnormal_circulating_membrane_cofactor_protein_concentration,english,active
abnormal circulating metabolite concentration,Abnormal Circulating Metabolite Concentration,abnormal_circulating_metabolite_concentration,english,active
abnormal circulating methionine concentration,Abnormal Circulating Methionine Concentration,abnormal_circulating_methionine_concentration,english,active
abnormal circulating monocarboxylic acid concentration,Abnormal Circulating Monocarboxylic Acid Concentration,abnormal_circulating_monocarboxylic_acid_concentration,english,active
abnormal circulating n-nicotinoylglycine level,Abnormal Circulating N-nicotinoylglycine Level,abnormal_circulating_n-nicotinoylglycine_level,english,active
abnormal circulating na concentration,Abnormal Circulating Na Concentration,abnormal_circulating_na_concentration,english,active
abnormal circulating neopterin concentration,Abnormal Circulating Neopterin Concentration,abnormal_circulating_neopterin_concentration,english,active
abnormal circulating nicotinurate concentration,Abnormal Circulating Nicotinurate Concentration,abnormal_circulating_nicotinurate_concentration,english,active
abnormal circulating nicotinurate level,Abnormal Circulating Nicotinurate Level,abnormal_circulating_nicotinurate_level,english,active
abnormal circulating nitrogen compound concentration,Abnormal Circulating Nitrogen Compound Concentration,abnormal_circulating_nitrogen_compound_concentration,english,active
abnormal circulating non-proteinogenic amino acid concentration,Abnormal Circulating Non-proteinogenic Amino Acid Concentration,abnormal_circulating_non-proteinogenic_amino_acid_concentrat,english,active
abnormal circulating nucleobase concentration,Abnormal Circulating Nucleobase Concentration,abnormal_circulating_nucleobase_concentration,english,active
abnormal circulating organic amino compound concentration,Abnormal Circulating Organic Amino Compound Concentration,abnormal_circulating_organic_amino_compound_concentration,english,active
abnormal circulating organic compound concentration,Abnormal Circulating Organic Compound Concentration,abnormal_circulating_organic_compound_concentration,english,active
abnormal circulating ornithine concentration,Abnormal Circulating Ornithine Concentration,abnormal_circulating_ornithine_concentration,english,active
abnormal circulating osteocalcin level,Abnormal Circulating Osteocalcin Level,abnormal_circulating_osteocalcin_level,english,active
abnormal circulating phenylalanine concentration,Abnormal Circulating Phenylalanine Concentration,abnormal_circulating_phenylalanine_concentration,english,active
abnormal circulating phospholipid concentration,Abnormal Circulating Phospholipid Concentration,abnormal_circulating_phospholipid_concentration,english,active
abnormal circulating phytanic acid concentration,Abnormal Circulating Phytanic Acid Concentration,abnormal_circulating_phytanic_acid_concentration,english,active
abnormal circulating phytanic acid level,Abnormal Circulating Phytanic Acid Level,abnormal_circulating_phytanic_acid_level,english,active
abnormal circulating plasminogen activator inhibitor 1 activity,Abnormal Circulating Plasminogen Activator Inhibitor 1 Activity,abnormal_circulating_plasminogen_activator_inhibitor_1_activ,english,active
abnormal circulating polysaccharide concentration,Abnormal Circulating Polysaccharide Concentration,abnormal_circulating_polysaccharide_concentration,english,active
abnormal circulating porphyrin concentration,Abnormal Circulating Porphyrin Concentration,abnormal_circulating_porphyrin_concentration,english,active
abnormal circulating potassium concentration,Abnormal Circulating Potassium Concentration,abnormal_circulating_potassium_concentration,english,active
abnormal circulating prealbumin concentration,Abnormal Circulating Prealbumin Concentration,abnormal_circulating_prealbumin_concentration,english,active
abnormal circulating pregnenolone concentration,Abnormal Circulating Pregnenolone Concentration,abnormal_circulating_pregnenolone_concentration,english,active
abnormal circulating proanp concentration,Abnormal Circulating ProANP Concentration,abnormal_circulating_proanp_concentration,english,active
abnormal circulating progesterone level,Abnormal Circulating Progesterone Level,abnormal_circulating_progesterone_level,english,active
abnormal circulating proline concentration,Abnormal Circulating Proline Concentration,abnormal_circulating_proline_concentration,english,active
abnormal circulating properdin level,Abnormal Circulating Properdin Level,abnormal_circulating_properdin_level,english,active
abnormal circulating prostaglandin circulation,Abnormal Circulating Prostaglandin Circulation,abnormal_circulating_prostaglandin_circulation,english,active
abnormal circulating protein concentration,Abnormal Circulating Protein Concentration,abnormal_circulating_protein_concentration,english,active
abnormal circulating protein level,Abnormal Circulating Protein Level,abnormal_circulating_protein_level,english,active
abnormal circulating proteinogenic amino acid concentration,Abnormal Circulating Proteinogenic Amino Acid Concentration,abnormal_circulating_proteinogenic_amino_acid_concentration,english,active
abnormal circulating proteinogenic amino acid derivative concentration,Abnormal Circulating Proteinogenic Amino Acid Derivative Concentration,abnormal_circulating_proteinogenic_amino_acid_derivative_con,english,active
abnormal circulating purine concentration,Abnormal Circulating Purine Concentration,abnormal_circulating_purine_concentration,english,active
abnormal circulating purine level,Abnormal Circulating Purine Level,abnormal_circulating_purine_level,english,active
abnormal circulating pyrimidine concentration,Abnormal Circulating Pyrimidine Concentration,abnormal_circulating_pyrimidine_concentration,english,active
abnormal circulating pyruvate family amino acid concentration,Abnormal Circulating Pyruvate Family Amino Acid Concentration,abnormal_circulating_pyruvate_family_amino_acid_concentratio,english,active
abnormal circulating renin,Abnormal Circulating Renin,abnormal_circulating_renin,english,active
abnormal circulating renin concentration,Abnormal Circulating Renin Concentration,abnormal_circulating_renin_concentration,english,active
abnormal circulating reticulated platelet count,Abnormal Circulating Reticulated Platelet Count,abnormal_circulating_reticulated_platelet_count,english,active
abnormal circulating retinol-binding protein concentration,Abnormal Circulating Retinol-binding Protein Concentration,abnormal_circulating_retinol-binding_protein_concentration,english,active
abnormal circulating reverse t3 concentration,Abnormal Circulating Reverse T3 Concentration,abnormal_circulating_reverse_t3_concentration,english,active
abnormal circulating sarcosine concentration,Abnormal Circulating Sarcosine Concentration,abnormal_circulating_sarcosine_concentration,english,active
abnormal circulating selenium concentration,Abnormal Circulating Selenium Concentration,abnormal_circulating_selenium_concentration,english,active
abnormal circulating serine concentration,Abnormal Circulating Serine Concentration,abnormal_circulating_serine_concentration,english,active
abnormal circulating serine family amino acid concentration,Abnormal Circulating Serine Family Amino Acid Concentration,abnormal_circulating_serine_family_amino_acid_concentration,english,active
abnormal circulating sex hormone concentration,Abnormal Circulating Sex Hormone Concentration,abnormal_circulating_sex_hormone_concentration,english,active
abnormal circulating sex steroid concentration,Abnormal Circulating Sex Steroid Concentration,abnormal_circulating_sex_steroid_concentration,english,active
abnormal circulating short-chain fatty-acid concentration,Abnormal Circulating Short-chain Fatty-acid Concentration,abnormal_circulating_short-chain_fatty-acid_concentration,english,active
abnormal circulating sulfur amino acid concentration,Abnormal Circulating Sulfur Amino Acid Concentration,abnormal_circulating_sulfur_amino_acid_concentration,english,active
abnormal circulating sulphur amino acid concentration,Abnormal Circulating Sulphur Amino Acid Concentration,abnormal_circulating_sulphur_amino_acid_concentration,english,active
abnormal circulating superoxide dismutase activity,Abnormal Circulating Superoxide Dismutase Activity,abnormal_circulating_superoxide_dismutase_activity,english,active
abnormal circulating t4 concentration,Abnormal Circulating T4 Concentration,abnormal_circulating_t4_concentration,english,active
abnormal circulating t4 level,Abnormal Circulating T4 Level,abnormal_circulating_t4_level,english,active
abnormal circulating testosterone concentration,Abnormal Circulating Testosterone Concentration,abnormal_circulating_testosterone_concentration,english,active
abnormal circulating threonine concentration,Abnormal Circulating Threonine Concentration,abnormal_circulating_threonine_concentration,english,active
abnormal circulating thromboxane concentration,Abnormal Circulating Thromboxane Concentration,abnormal_circulating_thromboxane_concentration,english,active
abnormal circulating thyroglobulin concentration,Abnormal Circulating Thyroglobulin Concentration,abnormal_circulating_thyroglobulin_concentration,english,active
abnormal circulating thyroglobulin level,Abnormal Circulating Thyroglobulin Level,abnormal_circulating_thyroglobulin_level,english,active
abnormal circulating thyroid hormone concentration,Abnormal Circulating Thyroid Hormone Concentration,abnormal_circulating_thyroid_hormone_concentration,english,active
abnormal circulating thyrotropin concentration,Abnormal Circulating Thyrotropin Concentration,abnormal_circulating_thyrotropin_concentration,english,active
abnormal circulating thyroxine level,Abnormal Circulating Thyroxine Level,abnormal_circulating_thyroxine_level,english,active
abnormal circulating thyroxine-binding globulin concentration,Abnormal Circulating Thyroxine-binding Globulin Concentration,abnormal_circulating_thyroxine-binding_globulin_concentratio,english,active
abnormal circulating transferrin concentration,Abnormal Circulating Transferrin Concentration,abnormal_circulating_transferrin_concentration,english,active
abnormal circulating transferrin level,Abnormal Circulating Transferrin Level,abnormal_circulating_transferrin_level,english,active
abnormal circulating tryptophan concentration,Abnormal Circulating Tryptophan Concentration,abnormal_circulating_tryptophan_concentration,english,active
abnormal circulating tyrosine concentration,Abnormal Circulating Tyrosine Concentration,abnormal_circulating_tyrosine_concentration,english,active
abnormal circulating udp glucose-4-epimerase concentration,Abnormal Circulating UDP Glucose-4-epimerase Concentration,abnormal_circulating_udp_glucose-4-epimerase_concentration,english,active
abnormal circulating unsaturated fatty acid concentration,Abnormal Circulating Unsaturated Fatty Acid Concentration,abnormal_circulating_unsaturated_fatty_acid_concentration,english,active
abnormal circulating uridine diphosphate glucose-4-epimerase concentration,Abnormal Circulating Uridine Diphosphate Glucose-4-epimerase Concentration,abnormal_circulating_uridine_diphosphate_glucose-4-epimerase,english,active
abnormal circulating valine concentration,Abnormal Circulating Valine Concentration,abnormal_circulating_valine_concentration,english,active
abnormal circulating vitamin a concentration,Abnormal Circulating Vitamin a Concentration,abnormal_circulating_vitamin_a_concentration,english,active
abnormal circulating vitamin b12 concentration,Abnormal Circulating Vitamin B12 Concentration,abnormal_circulating_vitamin_b12_concentration,english,active
abnormal circulating vitamin b6 concentration,Abnormal Circulating Vitamin B6 Concentration,abnormal_circulating_vitamin_b6_concentration,english,active
abnormal circulating vitamin b6 level,Abnormal Circulating Vitamin B6 Level,abnormal_circulating_vitamin_b6_level,english,active
abnormal circulating vitamin e concentration,Abnormal Circulating Vitamin E Concentration,abnormal_circulating_vitamin_e_concentration,english,active
abnormal circulation phospho-ck concentration,Abnormal Circulation Phospho-CK Concentration,abnormal_circulation_phospho-ck_concentration,english,active
abnormal citrulline levels in cerebrospinal fluid,Abnormal Citrulline Levels in Cerebrospinal Fluid,abnormal_citrulline_levels_in_cerebrospinal_fluid,english,active
abnormal class-switched memory b cell proportion,Abnormal Class-switched Memory B Cell Proportion,abnormal_class-switched_memory_b_cell_proportion,english,active
abnormal clavicle morphology,Abnormal Clavicle Morphology,abnormal_clavicle_morphology,english,active
abnormal clavicles,Abnormal Clavicles,abnormal_clavicles,english,active
abnormal clitoris morphology,Abnormal Clitoris Morphology,abnormal_clitoris_morphology,english,active
abnormal cns myelination,Abnormal CNS Myelination,abnormal_cns_myelination,english,active
abnormal co2 level in cord blood,Abnormal CO2 Level in Cord Blood,abnormal_co2_level_in_cord_blood,english,active
abnormal co2 levels in blood,Abnormal CO2 Levels in Blood,abnormal_co2_levels_in_blood,english,active
abnormal coagulation factor v activity,Abnormal Coagulation Factor V Activity,abnormal_coagulation_factor_v_activity,english,active
abnormal coagulation profile,Abnormal Coagulation Profile,abnormal_coagulation_profile,english,active
abnormal coccyx morphology,Abnormal Coccyx Morphology,abnormal_coccyx_morphology,english,active
abnormal cochlea morphology,Abnormal Cochlea Morphology,abnormal_cochlea_morphology,english,active
abnormal coeliac artery morphology,Abnormal Coeliac Artery Morphology,abnormal_coeliac_artery_morphology,english,active
abnormal cognitive process,Abnormal Cognitive Process,abnormal_cognitive_process,english,active
abnormal collarbone,Abnormal Collarbone,abnormal_collarbone,english,active
abnormal collecting system,Abnormal Collecting System,abnormal_collecting_system,english,active
abnormal color vision,Abnormal Color Vision,abnormal_color_vision,english,active
abnormal colour vision,Abnormal Colour Vision,abnormal_colour_vision,english,active
abnormal columella morphology,Abnormal Columella Morphology,abnormal_columella_morphology,english,active
abnormal common carotid artery morphology,Abnormal Common Carotid Artery Morphology,abnormal_common_carotid_artery_morphology,english,active
abnormal common tendinous ring morphology,Abnormal Common Tendinous Ring Morphology,abnormal_common_tendinous_ring_morphology,english,active
abnormal communication,Abnormal Communication,abnormal_communication,english,active
abnormal communicative facial expressions,Abnormal Communicative Facial Expressions,abnormal_communicative_facial_expressions,english,active
abnormal communicative gesture use,Abnormal Communicative Gesture Use,abnormal_communicative_gesture_use,english,active
abnormal communicative gestures,Abnormal Communicative Gestures,abnormal_communicative_gestures,english,active
abnormal compact bone morphology,Abnormal Compact Bone Morphology,abnormal_compact_bone_morphology,english,active
abnormal complement of permanent teeth,Abnormal Complement of Permanent Teeth,abnormal_complement_of_permanent_teeth,english,active
abnormal complement of teeth,Abnormal Complement of Teeth,abnormal_complement_of_teeth,english,active
abnormal complex n-glycan level,Abnormal Complex N-glycan Level,abnormal_complex_n-glycan_level,english,active
abnormal concentration of acylcarnitine in the urine,Abnormal Concentration of Acylcarnitine in the Urine,abnormal_concentration_of_acylcarnitine_in_the_urine,english,active
abnormal concentration of complex n-glycans on glycoproteins,Abnormal Concentration of Complex N-glycans On Glycoproteins,abnormal_concentration_of_complex_n-glycans_on_glycoproteins,english,active
abnormal concentration of t-antigen,Abnormal Concentration of T-antigen,abnormal_concentration_of_t-antigen,english,active
abnormal cone-mediated electroretinogram,Abnormal Cone-mediated Electroretinogram,abnormal_cone-mediated_electroretinogram,english,active
abnormal confrontational visual field test,Abnormal Confrontational Visual Field Test,abnormal_confrontational_visual_field_test,english,active
abnormal conjugate eye movement,Abnormal Conjugate Eye Movement,abnormal_conjugate_eye_movement,english,active
abnormal conjunctiva morphology,Abnormal Conjunctiva Morphology,abnormal_conjunctiva_morphology,english,active
abnormal connection between rectum and vagina,Abnormal Connection Between Rectum and Vagina,abnormal_connection_between_rectum_and_vagina,english,active
abnormal connection of the cardiac segments,Abnormal Connection of the Cardiac Segments,abnormal_connection_of_the_cardiac_segments,english,active
abnormal connexion of the cardiac segments,Abnormal Connexion of the Cardiac Segments,abnormal_connexion_of_the_cardiac_segments,english,active
abnormal consumption behavior,Abnormal Consumption Behavior,abnormal_consumption_behavior,english,active
abnormal consumption behaviour,Abnormal Consumption Behaviour,abnormal_consumption_behaviour,english,active
abnormal contrast sensitivity,Abnormal Contrast Sensitivity,abnormal_contrast_sensitivity,english,active
abnormal conus medullaris morphology,Abnormal Conus Medullaris Morphology,abnormal_conus_medullaris_morphology,english,active
abnormal conus terminalis morphology,Abnormal Conus Terminalis Morphology,abnormal_conus_terminalis_morphology,english,active
abnormal cord blood measurement,Abnormal Cord Blood Measurement,abnormal_cord_blood_measurement,english,active
abnormal cord blood oxygen levels,Abnormal Cord Blood Oxygen Levels,abnormal_cord_blood_oxygen_levels,english,active
abnormal core 1 o-glycan level,Abnormal Core 1 O-glycan Level,abnormal_core_1_o-glycan_level,english,active
abnormal cornea morphology,Abnormal Cornea Morphology,abnormal_cornea_morphology,english,active
abnormal corneal endothelium morphology,Abnormal Corneal Endothelium Morphology,abnormal_corneal_endothelium_morphology,english,active
abnormal corneal epithelium morphology,Abnormal Corneal Epithelium Morphology,abnormal_corneal_epithelium_morphology,english,active
abnormal corneal limbus morphology,Abnormal Corneal Limbus Morphology,abnormal_corneal_limbus_morphology,english,active
abnormal corneal reflex,Abnormal Corneal Reflex,abnormal_corneal_reflex,english,active
abnormal corneal stroma morphology,Abnormal Corneal Stroma Morphology,abnormal_corneal_stroma_morphology,english,active
abnormal corneal thickness,Abnormal Corneal Thickness,abnormal_corneal_thickness,english,active
abnormal coronary artery course,Abnormal Coronary Artery Course,abnormal_coronary_artery_course,english,active
abnormal coronary artery morphology,Abnormal Coronary Artery Morphology,abnormal_coronary_artery_morphology,english,active
abnormal coronary artery origin,Abnormal Coronary Artery Origin,abnormal_coronary_artery_origin,english,active
abnormal coronary artery physiology,Abnormal Coronary Artery Physiology,abnormal_coronary_artery_physiology,english,active
abnormal coronary sinus morphology,Abnormal Coronary Sinus Morphology,abnormal_coronary_sinus_morphology,english,active
abnormal corpus callosum,Abnormal Corpus Callosum,abnormal_corpus_callosum,english,active
abnormal corpus callosum morphology,Abnormal Corpus Callosum Morphology,abnormal_corpus_callosum_morphology,english,active
abnormal corpus cavernosum morphology,Abnormal Corpus Cavernosum Morphology,abnormal_corpus_cavernosum_morphology,english,active
abnormal corpus striatum morphology,Abnormal Corpus Striatum Morphology,abnormal_corpus_striatum_morphology,english,active
abnormal cortical bone morphology,Abnormal Cortical Bone Morphology,abnormal_cortical_bone_morphology,english,active
abnormal cortical gyration,Abnormal Cortical Gyration,abnormal_cortical_gyration,english,active
abnormal cortical peritubular capillary lumen morphology,Abnormal Cortical Peritubular Capillary Lumen Morphology,abnormal_cortical_peritubular_capillary_lumen_morphology,english,active
abnormal cortical peritubular capillary morphology,Abnormal Cortical Peritubular Capillary Morphology,abnormal_cortical_peritubular_capillary_morphology,english,active
abnormal cortical radial artery endothelium morphology,Abnormal Cortical Radial Artery Endothelium Morphology,abnormal_cortical_radial_artery_endothelium_morphology,english,active
abnormal cortical radial artery intima/media morphology,Abnormal Cortical Radial Artery Intima/media Morphology,abnormal_cortical_radial_artery_intima/media_morphology,english,active
abnormal cortical radial artery lumen morphology,Abnormal Cortical Radial Artery Lumen Morphology,abnormal_cortical_radial_artery_lumen_morphology,english,active
abnormal cortical radial artery morphology,Abnormal Cortical Radial Artery Morphology,abnormal_cortical_radial_artery_morphology,english,active
abnormal corticospinal tract morphology,Abnormal Corticospinal Tract Morphology,abnormal_corticospinal_tract_morphology,english,active
abnormal cranial ganglion morphology,Abnormal Cranial Ganglion Morphology,abnormal_cranial_ganglion_morphology,english,active
abnormal cranial nerve morphology,Abnormal Cranial Nerve Morphology,abnormal_cranial_nerve_morphology,english,active
abnormal cranial nerve physiology,Abnormal Cranial Nerve Physiology,abnormal_cranial_nerve_physiology,english,active
abnormal cranial suture/fontanelle morphology,Abnormal Cranial Suture/fontanelle Morphology,abnormal_cranial_suture/fontanelle_morphology,english,active
abnormal craniofacial muscle tone,Abnormal Craniofacial Muscle Tone,abnormal_craniofacial_muscle_tone,english,active
abnormal cricoid cartilage morphology,Abnormal Cricoid Cartilage Morphology,abnormal_cricoid_cartilage_morphology,english,active
abnormal cry,Abnormal Cry,abnormal_cry,english,active
abnormal csf 5-hydroxyindoleacetic acid concentration,Abnormal CSF 5-hydroxyindoleacetic Acid Concentration,abnormal_csf_5-hydroxyindoleacetic_acid_concentration,english,active
abnormal csf a[beta]42 level,Abnormal CSF A[beta]42 Level,abnormal_csf_a[beta]42_level,english,active
abnormal csf alanine concentration,Abnormal CSF Alanine Concentration,abnormal_csf_alanine_concentration,english,active
abnormal csf albumin concentration,Abnormal CSF Albumin Concentration,abnormal_csf_albumin_concentration,english,active
abnormal csf alpha-aminobutyrate concentration,Abnormal CSF Alpha-aminobutyrate Concentration,abnormal_csf_alpha-aminobutyrate_concentration,english,active
abnormal csf amino acid concentration,Abnormal CSF Amino Acid Concentration,abnormal_csf_amino_acid_concentration,english,active
abnormal csf amino acid level,Abnormal CSF Amino Acid Level,abnormal_csf_amino_acid_level,english,active
abnormal csf amyloid concentration,Abnormal CSF Amyloid Concentration,abnormal_csf_amyloid_concentration,english,active
abnormal csf amyloid level,Abnormal CSF Amyloid Level,abnormal_csf_amyloid_level,english,active
abnormal csf arginine concentration,Abnormal CSF Arginine Concentration,abnormal_csf_arginine_concentration,english,active
abnormal csf aromatic amino acid concentration,Abnormal CSF Aromatic Amino Acid Concentration,abnormal_csf_aromatic_amino_acid_concentration,english,active
abnormal csf aspartate concentration,Abnormal CSF Aspartate Concentration,abnormal_csf_aspartate_concentration,english,active
abnormal csf aspartate family amino acid concentration,Abnormal CSF Aspartate Family Amino Acid Concentration,abnormal_csf_aspartate_family_amino_acid_concentration,english,active
abnormal csf aspartic acid concentration,Abnormal CSF Aspartic Acid Concentration,abnormal_csf_aspartic_acid_concentration,english,active
abnormal csf biopterin level,Abnormal CSF Biopterin Level,abnormal_csf_biopterin_level,english,active
abnormal csf branched chain amino acid concentration,Abnormal CSF Branched Chain Amino Acid Concentration,abnormal_csf_branched_chain_amino_acid_concentration,english,active
abnormal csf carboxylic acid concentration,Abnormal CSF Carboxylic Acid Concentration,abnormal_csf_carboxylic_acid_concentration,english,active
abnormal csf carnosine concentration,Abnormal CSF Carnosine Concentration,abnormal_csf_carnosine_concentration,english,active
abnormal csf citrulline concentration,Abnormal CSF Citrulline Concentration,abnormal_csf_citrulline_concentration,english,active
abnormal csf dopamine concentration,Abnormal CSF Dopamine Concentration,abnormal_csf_dopamine_concentration,english,active
abnormal csf dopamine level,Abnormal CSF Dopamine Level,abnormal_csf_dopamine_level,english,active
abnormal csf findings,Abnormal CSF Findings,abnormal_csf_findings,english,active
abnormal csf glucose concentration,Abnormal CSF Glucose Concentration,abnormal_csf_glucose_concentration,english,active
abnormal csf glucose level,Abnormal CSF Glucose Level,abnormal_csf_glucose_level,english,active
abnormal csf glutamate concentration,Abnormal CSF Glutamate Concentration,abnormal_csf_glutamate_concentration,english,active
abnormal csf glutamine concentration,Abnormal CSF Glutamine Concentration,abnormal_csf_glutamine_concentration,english,active
abnormal csf glutamine family amino acid concentration,Abnormal CSF Glutamine Family Amino Acid Concentration,abnormal_csf_glutamine_family_amino_acid_concentration,english,active
abnormal csf glycine concentration,Abnormal CSF Glycine Concentration,abnormal_csf_glycine_concentration,english,active
abnormal csf guanidinoacetic acid concentration,Abnormal CSF Guanidinoacetic Acid Concentration,abnormal_csf_guanidinoacetic_acid_concentration,english,active
abnormal csf histidine concentration,Abnormal CSF Histidine Concentration,abnormal_csf_histidine_concentration,english,active
abnormal csf homocarnosine concentration,Abnormal CSF Homocarnosine Concentration,abnormal_csf_homocarnosine_concentration,english,active
abnormal csf homovanillic acid concentration,Abnormal CSF Homovanillic Acid Concentration,abnormal_csf_homovanillic_acid_concentration,english,active
abnormal csf ion concentration,Abnormal CSF Ion Concentration,abnormal_csf_ion_concentration,english,active
abnormal csf isoleucine concentration,Abnormal CSF Isoleucine Concentration,abnormal_csf_isoleucine_concentration,english,active
abnormal csf lactate concentration,Abnormal CSF Lactate Concentration,abnormal_csf_lactate_concentration,english,active
abnormal csf lactate level,Abnormal CSF Lactate Level,abnormal_csf_lactate_level,english,active
abnormal csf leucine concentration,Abnormal CSF Leucine Concentration,abnormal_csf_leucine_concentration,english,active
abnormal csf lysine concentration,Abnormal CSF Lysine Concentration,abnormal_csf_lysine_concentration,english,active
abnormal csf metabolite concentration,Abnormal CSF Metabolite Concentration,abnormal_csf_metabolite_concentration,english,active
abnormal csf metabolite level,Abnormal CSF Metabolite Level,abnormal_csf_metabolite_level,english,active
abnormal csf methionine concentration,Abnormal CSF Methionine Concentration,abnormal_csf_methionine_concentration,english,active
abnormal csf n-acetylaspartic acid concentration,Abnormal CSF N-acetylaspartic Acid Concentration,abnormal_csf_n-acetylaspartic_acid_concentration,english,active
abnormal csf neopterin concentration,Abnormal CSF Neopterin Concentration,abnormal_csf_neopterin_concentration,english,active
abnormal csf neopterin level,Abnormal CSF Neopterin Level,abnormal_csf_neopterin_level,english,active
abnormal csf ornithine concentration,Abnormal CSF Ornithine Concentration,abnormal_csf_ornithine_concentration,english,active
abnormal csf phenylalanine concentration,Abnormal CSF Phenylalanine Concentration,abnormal_csf_phenylalanine_concentration,english,active
abnormal csf protein concentration,Abnormal CSF Protein Concentration,abnormal_csf_protein_concentration,english,active
abnormal csf protein level,Abnormal CSF Protein Level,abnormal_csf_protein_level,english,active
abnormal csf pterin concentration,Abnormal CSF Pterin Concentration,abnormal_csf_pterin_concentration,english,active
abnormal csf pyruvate family amino acid concentration,Abnormal CSF Pyruvate Family Amino Acid Concentration,abnormal_csf_pyruvate_family_amino_acid_concentration,english,active
abnormal csf serine concentration,Abnormal CSF Serine Concentration,abnormal_csf_serine_concentration,english,active
abnormal csf serine family amino acid concentration,Abnormal CSF Serine Family Amino Acid Concentration,abnormal_csf_serine_family_amino_acid_concentration,english,active
abnormal csf threonine concentration,Abnormal CSF Threonine Concentration,abnormal_csf_threonine_concentration,english,active
abnormal csf tryptophan concentration,Abnormal CSF Tryptophan Concentration,abnormal_csf_tryptophan_concentration,english,active
abnormal csf tyrosine concentration,Abnormal CSF Tyrosine Concentration,abnormal_csf_tyrosine_concentration,english,active
abnormal csf urate concentration,Abnormal CSF Urate Concentration,abnormal_csf_urate_concentration,english,active
abnormal csf valine concentration,Abnormal CSF Valine Concentration,abnormal_csf_valine_concentration,english,active
abnormal csf/serum albumin ratio,Abnormal CSF/serum Albumin Ratio,abnormal_csf/serum_albumin_ratio,english,active
abnormal curvature of the vertebral column,Abnormal Curvature of the Vertebral Column,abnormal_curvature_of_the_vertebral_column,english,active
abnormal curve of the backbone,Abnormal Curve of the Backbone,abnormal_curve_of_the_backbone,english,active
abnormal curve of the spine,Abnormal Curve of the Spine,abnormal_curve_of_the_spine,english,active
abnormal curving of the cornea or lens of the eye,Abnormal Curving of the Cornea or Lens of the Eye,abnormal_curving_of_the_cornea_or_lens_of_the_eye,english,active
abnormal curving of the spine,Abnormal Curving of the Spine,abnormal_curving_of_the_spine,english,active
abnormal cutaneous collagen fibril morphology,Abnormal Cutaneous Collagen Fibril Morphology,abnormal_cutaneous_collagen_fibril_morphology,english,active
abnormal cutaneous elastic fiber morphology,Abnormal Cutaneous Elastic Fiber Morphology,abnormal_cutaneous_elastic_fiber_morphology,english,active
abnormal cutaneous elastic fibre morphology,Abnormal Cutaneous Elastic Fibre Morphology,abnormal_cutaneous_elastic_fibre_morphology,english,active
abnormal cystatin c level,Abnormal Cystatin C Level,abnormal_cystatin_c_level,english,active
abnormal cytokine signaling,Abnormal Cytokine Signaling,abnormal_cytokine_signaling,english,active
abnormal cytokine signalling,Abnormal Cytokine Signalling,abnormal_cytokine_signalling,english,active
abnormal cytolog findings in specimens from resp org/thrx,Abnormal Cytolog Findings in Specimens From Resp Org/thrx,abnormal_cytolog_findings_in_specimens_from_resp_org/thrx,english,active
abnormal cytolog findings in specmn from male genital organs,Abnormal Cytolog Findings in Specmn From Male Genital Organs,abnormal_cytolog_findings_in_specmn_from_male_genital_organs,english,active
abnormal cytological findings in cerebrospinal fluid,Abnormal Cytological Findings in Cerebrospinal Fluid,abnormal_cytological_findings_in_cerebrospinal_fluid,english,active
abnormal cytological findings in specimens from oth org/tiss,Abnormal Cytological Findings in Specimens From Oth Org/tiss,abnormal_cytological_findings_in_specimens_from_oth_org/tiss,english,active
abnormal dark-adapted bright flash electroretinogram,Abnormal Dark-adapted Bright Flash Electroretinogram,abnormal_dark-adapted_bright_flash_electroretinogram,english,active
abnormal dark-adapted dim flash electroretinogram,Abnormal Dark-adapted Dim Flash Electroretinogram,abnormal_dark-adapted_dim_flash_electroretinogram,english,active
abnormal dark-adapted electroretinogram,Abnormal Dark-adapted Electroretinogram,abnormal_dark-adapted_electroretinogram,english,active
abnormal delayed hypersensitivity skin test,Abnormal Delayed Hypersensitivity Skin Test,abnormal_delayed_hypersensitivity_skin_test,english,active
abnormal delivery,Abnormal Delivery,abnormal_delivery,english,active
abnormal deltoid muscle morphology,Abnormal Deltoid Muscle Morphology,abnormal_deltoid_muscle_morphology,english,active
abnormal deltoid tuberosity morphology,Abnormal Deltoid Tuberosity Morphology,abnormal_deltoid_tuberosity_morphology,english,active
abnormal demeanor,Abnormal Demeanor,abnormal_demeanor,english,active
abnormal dendritic cell count,Abnormal Dendritic Cell Count,abnormal_dendritic_cell_count,english,active
abnormal dense granule content,Abnormal Dense Granule Content,abnormal_dense_granule_content,english,active
abnormal dense granules,Abnormal Dense Granules,abnormal_dense_granules,english,active
abnormal dense tubular system,Abnormal Dense Tubular System,abnormal_dense_tubular_system,english,active
abnormal dental enamel morphology,Abnormal Dental Enamel Morphology,abnormal_dental_enamel_morphology,english,active
abnormal dental eruption,Abnormal Dental Eruption,abnormal_dental_eruption,english,active
abnormal dental morphology,Abnormal Dental Morphology,abnormal_dental_morphology,english,active
abnormal dental position,Abnormal Dental Position,abnormal_dental_position,english,active
abnormal dental pulp morphology,Abnormal Dental Pulp Morphology,abnormal_dental_pulp_morphology,english,active
abnormal dental root morphology,Abnormal Dental Root Morphology,abnormal_dental_root_morphology,english,active
abnormal dentate nucleus morphology,Abnormal Dentate Nucleus Morphology,abnormal_dentate_nucleus_morphology,english,active
abnormal dentin,Abnormal Dentin,abnormal_dentin,english,active
abnormal dentin morphology,Abnormal Dentin Morphology,abnormal_dentin_morphology,english,active
abnormal dentition,Abnormal Dentition,abnormal_dentition,english,active
abnormal deposits of calcium in the brain,Abnormal Deposits of Calcium in the Brain,abnormal_deposits_of_calcium_in_the_brain,english,active
abnormal dermatoglyphics,Abnormal Dermatoglyphics,abnormal_dermatoglyphics,english,active
abnormal dermatoglyphics on feet,Abnormal Dermatoglyphics On Feet,abnormal_dermatoglyphics_on_feet,english,active
abnormal dermis morphology,Abnormal Dermis Morphology,abnormal_dermis_morphology,english,active
abnormal dermoepidermal hemidesmosome morphology,Abnormal Dermoepidermal Hemidesmosome Morphology,abnormal_dermoepidermal_hemidesmosome_morphology,english,active
abnormal dermoepidermal junction morphology,Abnormal Dermoepidermal Junction Morphology,abnormal_dermoepidermal_junction_morphology,english,active
abnormal descemet membrane morphology,Abnormal Descemet Membrane Morphology,abnormal_descemet_membrane_morphology,english,active
abnormal descending aorta morphology,Abnormal Descending Aorta Morphology,abnormal_descending_aorta_morphology,english,active
abnormal development of the ends of long bones in arms and legs,Abnormal Development of the Ends of Long Bones in Arms and Legs,abnormal_development_of_the_ends_of_long_bones_in_arms_and_l,english,active
abnormal diaphysis morphology,Abnormal Diaphysis Morphology,abnormal_diaphysis_morphology,english,active
abnormal diencephalon morphology,Abnormal Diencephalon Morphology,abnormal_diencephalon_morphology,english,active
abnormal diffusing capacity,Abnormal Diffusing Capacity,abnormal_diffusing_capacity,english,active
abnormal diffusion weighted cerebral mri morphology,Abnormal Diffusion Weighted Cerebral MRI Morphology,abnormal_diffusion_weighted_cerebral_mri_morphology,english,active
abnormal digestive system morphology,Abnormal Digestive System Morphology,abnormal_digestive_system_morphology,english,active
abnormal digit morphology,Abnormal Digit Morphology,abnormal_digit_morphology,english,active
abnormal diminished volition,Abnormal Diminished Volition,abnormal_diminished_volition,english,active
abnormal direction of ventricular apex,Abnormal Direction of Ventricular Apex,abnormal_direction_of_ventricular_apex,english,active
abnormal distal femoral metaphysis morphology,Abnormal Distal Femoral Metaphysis Morphology,abnormal_distal_femoral_metaphysis_morphology,english,active
abnormal distal humeral epiphysis morphology,Abnormal Distal Humeral Epiphysis Morphology,abnormal_distal_humeral_epiphysis_morphology,english,active
abnormal distal phalanx morphology of finger,Abnormal Distal Phalanx Morphology of Finger,abnormal_distal_phalanx_morphology_of_finger,english,active
abnormal distal toe phalanx morphology,Abnormal Distal Toe Phalanx Morphology,abnormal_distal_toe_phalanx_morphology,english,active
abnormal distal ulnar epiphysis morphology,Abnormal Distal Ulnar Epiphysis Morphology,abnormal_distal_ulnar_epiphysis_morphology,english,active
abnormal distribution of cd56 bright/dim natural killer cells,Abnormal Distribution of CD56 Bright/dim Natural Killer Cells,abnormal_distribution_of_cd56_bright/dim_natural_killer_cell,english,active
abnormal distribution of cd56 bright/dim nk cells,Abnormal Distribution of CD56 Bright/dim NK Cells,abnormal_distribution_of_cd56_bright/dim_nk_cells,english,active
abnormal distribution of cell junction proteins in buccal mucosal cells,Abnormal Distribution of Cell Junction Proteins in Buccal Mucosal Cells,abnormal_distribution_of_cell_junction_proteins_in_buccal_mu,english,active
abnormal distribution of hair,Abnormal Distribution of Hair,abnormal_distribution_of_hair,english,active
abnormal dlco,Abnormal DLCO,abnormal_dlco,english,active
abnormal dn treg distribution,Abnormal DN Treg Distribution,abnormal_dn_treg_distribution,english,active
abnormal doll's eye reflex,Abnormal Doll's Eye Reflex,abnormal_doll's_eye_reflex,english,active
abnormal double negative treg distribution,Abnormal Double Negative Treg Distribution,abnormal_double_negative_treg_distribution,english,active
abnormal double-negative regulatory t cell distribution,Abnormal Double-negative Regulatory T Cell Distribution,abnormal_double-negative_regulatory_t_cell_distribution,english,active
abnormal double-negative t cell proportion,Abnormal Double-negative T Cell Proportion,abnormal_double-negative_t_cell_proportion,english,active
abnormal drinking behavior,Abnormal Drinking Behavior,abnormal_drinking_behavior,english,active
abnormal drinking behaviour,Abnormal Drinking Behaviour,abnormal_drinking_behaviour,english,active
abnormal drowsiness,Abnormal Drowsiness,abnormal_drowsiness,english,active
abnormal drug response,Abnormal Drug Response,abnormal_drug_response,english,active
abnormal ductus choledochus morphology,Abnormal Ductus Choledochus Morphology,abnormal_ductus_choledochus_morphology,english,active
abnormal duodenum morphology,Abnormal Duodenum Morphology,abnormal_duodenum_morphology,english,active
abnormal dura mater morphology,Abnormal Dura Mater Morphology,abnormal_dura_mater_morphology,english,active
abnormal dural venous sinus morphology,Abnormal Dural Venous Sinus Morphology,abnormal_dural_venous_sinus_morphology,english,active
abnormal ear morphology,Abnormal Ear Morphology,abnormal_ear_morphology,english,active
abnormal ear physiology,Abnormal Ear Physiology,abnormal_ear_physiology,english,active
abnormal earlobe,Abnormal Earlobe,abnormal_earlobe,english,active
abnormal earlobe morphology,Abnormal Earlobe Morphology,abnormal_earlobe_morphology,english,active
abnormal eating behavior,Abnormal Eating Behavior,abnormal_eating_behavior,english,active
abnormal eating behaviour,Abnormal Eating Behaviour,abnormal_eating_behaviour,english,active
abnormal ecg,Abnormal ECG,abnormal_ecg,english,active
abnormal echoencephalogram,Abnormal Echoencephalogram,abnormal_echoencephalogram,english,active
abnormal eeg,Abnormal EEG,abnormal_eeg,english,active
abnormal effector memory cd8+ t cell proportion,Abnormal Effector Memory CD8+ T Cell Proportion,abnormal_effector_memory_cd8+_t_cell_proportion,english,active
abnormal eighth cranial nerve morphology,Abnormal Eighth Cranial Nerve Morphology,abnormal_eighth_cranial_nerve_morphology,english,active
abnormal ejaculation,Abnormal Ejaculation,abnormal_ejaculation,english,active
abnormal ekg,Abnormal EKG,abnormal_ekg,english,active
abnormal elasticity of skin,Abnormal Elasticity of Skin,abnormal_elasticity_of_skin,english,active
abnormal elbow epiphysis morphology,Abnormal Elbow Epiphysis Morphology,abnormal_elbow_epiphysis_morphology,english,active
abnormal elbow metaphysis morphology,Abnormal Elbow Metaphysis Morphology,abnormal_elbow_metaphysis_morphology,english,active
abnormal elbow morphology,Abnormal Elbow Morphology,abnormal_elbow_morphology,english,active
abnormal elbow physiology,Abnormal Elbow Physiology,abnormal_elbow_physiology,english,active
abnormal electro-oculogram [eog],Abnormal Electro-oculogram [EOG],abnormal_electro-oculogram_[eog],english,active
abnormal electrocardiogram,Abnormal Electrocardiogram,abnormal_electrocardiogram,english,active
abnormal electrocardiogram [ecg] [ekg],Abnormal Electrocardiogram [ECG] [EKG],abnormal_electrocardiogram_[ecg]_[ekg],english,active
abnormal electroencephalogram,Abnormal Electroencephalogram,abnormal_electroencephalogram,english,active
abnormal electroencephalogram [eeg],Abnormal Electroencephalogram [EEG],abnormal_electroencephalogram_[eeg],english,active
abnormal electromyogram [emg],Abnormal Electromyogram [EMG],abnormal_electromyogram_[emg],english,active
abnormal electromyography finding,Abnormal Electromyography Finding,abnormal_electromyography_finding,english,active
abnormal electrooculogram,Abnormal Electrooculogram,abnormal_electrooculogram,english,active
abnormal electrophysiology of sinoatrial node origin,Abnormal Electrophysiology of Sinoatrial Node Origin,abnormal_electrophysiology_of_sinoatrial_node_origin,english,active
abnormal electroretinogram,Abnormal Electroretinogram,abnormal_electroretinogram,english,active
abnormal electroretinogram [erg],Abnormal Electroretinogram [ERG],abnormal_electroretinogram_[erg],english,active
abnormal electroretinography,Abnormal Electroretinography,abnormal_electroretinography,english,active
abnormal embryonic development,Abnormal Embryonic Development,abnormal_embryonic_development,english,active
abnormal emg,Abnormal EMG,abnormal_emg,english,active
abnormal emotional state,Abnormal Emotional State,abnormal_emotional_state,english,active
abnormal enchondral ossification,Abnormal Enchondral Ossification,abnormal_enchondral_ossification,english,active
abnormal endocardium morphology,Abnormal Endocardium Morphology,abnormal_endocardium_morphology,english,active
abnormal endocrine morphology,Abnormal Endocrine Morphology,abnormal_endocrine_morphology,english,active
abnormal endocrine physiology,Abnormal Endocrine Physiology,abnormal_endocrine_physiology,english,active
abnormal endometrium morphology,Abnormal Endometrium Morphology,abnormal_endometrium_morphology,english,active
abnormal energy expenditure,Abnormal Energy Expenditure,abnormal_energy_expenditure,english,active
abnormal enteric ganglion morphology,Abnormal Enteric Ganglion Morphology,abnormal_enteric_ganglion_morphology,english,active
abnormal enteric nervous system morphology,Abnormal Enteric Nervous System Morphology,abnormal_enteric_nervous_system_morphology,english,active
abnormal enteric neuron morphology,Abnormal Enteric Neuron Morphology,abnormal_enteric_neuron_morphology,english,active
abnormal enzyme activity in cultured fibroblasts,Abnormal Enzyme Activity in Cultured Fibroblasts,abnormal_enzyme_activity_in_cultured_fibroblasts,english,active
abnormal enzyme activity in muscle tissue,Abnormal Enzyme Activity in Muscle Tissue,abnormal_enzyme_activity_in_muscle_tissue,english,active
abnormal enzyme concentration or activity,Abnormal Enzyme Concentration or Activity,abnormal_enzyme_concentration_or_activity,english,active
abnormal eog,Abnormal EOG,abnormal_eog,english,active
abnormal eosinophil morphology,Abnormal Eosinophil Morphology,abnormal_eosinophil_morphology,english,active
abnormal epidermal morphology,Abnormal Epidermal Morphology,abnormal_epidermal_morphology,english,active
abnormal epidermal protein expression,Abnormal Epidermal Protein Expression,abnormal_epidermal_protein_expression,english,active
abnormal epidermis stratum granulosum morphology,Abnormal Epidermis Stratum Granulosum Morphology,abnormal_epidermis_stratum_granulosum_morphology,english,active
abnormal epididymis morphology,Abnormal Epididymis Morphology,abnormal_epididymis_morphology,english,active
abnormal epiglottis morphology,Abnormal Epiglottis Morphology,abnormal_epiglottis_morphology,english,active
abnormal epiphyseal ossification,Abnormal Epiphyseal Ossification,abnormal_epiphyseal_ossification,english,active
abnormal epiphysis morphology,Abnormal Epiphysis Morphology,abnormal_epiphysis_morphology,english,active
abnormal epiphysis morphology of the phalanges of the hand,Abnormal Epiphysis Morphology of the Phalanges of the Hand,abnormal_epiphysis_morphology_of_the_phalanges_of_the_hand,english,active
abnormal erection,Abnormal Erection,abnormal_erection,english,active
abnormal erg,Abnormal ERG,abnormal_erg,english,active
abnormal erythrocyte adenosine deaminase activity,Abnormal Erythrocyte Adenosine Deaminase Activity,abnormal_erythrocyte_adenosine_deaminase_activity,english,active
abnormal erythrocyte adenosine triphosphate concentration,Abnormal Erythrocyte Adenosine Triphosphate Concentration,abnormal_erythrocyte_adenosine_triphosphate_concentration,english,active
abnormal erythrocyte enzyme concentration or activity,Abnormal Erythrocyte Enzyme Concentration or Activity,abnormal_erythrocyte_enzyme_concentration_or_activity,english,active
abnormal erythrocyte enzyme level,Abnormal Erythrocyte Enzyme Level,abnormal_erythrocyte_enzyme_level,english,active
abnormal erythrocyte metabolite concentration,Abnormal Erythrocyte Metabolite Concentration,abnormal_erythrocyte_metabolite_concentration,english,active
abnormal erythrocyte morphology,Abnormal Erythrocyte Morphology,abnormal_erythrocyte_morphology,english,active
abnormal erythrocyte physiology,Abnormal Erythrocyte Physiology,abnormal_erythrocyte_physiology,english,active
abnormal erythrocyte sedimentation rate,Abnormal Erythrocyte Sedimentation Rate,abnormal_erythrocyte_sedimentation_rate,english,active
abnormal erythrocyte udp glucose-4-epimerase concentration,Abnormal Erythrocyte UDP Glucose-4-epimerase Concentration,abnormal_erythrocyte_udp_glucose-4-epimerase_concentration,english,active
abnormal erythrocyte uridine diphosphate glucose-4-epimerase concentration,Abnormal Erythrocyte Uridine Diphosphate Glucose-4-epimerase Concentration,abnormal_erythrocyte_uridine_diphosphate_glucose-4-epimerase,english,active
abnormal erythrocyte volume,Abnormal Erythrocyte Volume,abnormal_erythrocyte_volume,english,active
abnormal erythroid lineage cell morphology,Abnormal Erythroid Lineage Cell Morphology,abnormal_erythroid_lineage_cell_morphology,english,active
abnormal esophagus morphology,Abnormal Esophagus Morphology,abnormal_esophagus_morphology,english,active
abnormal esophagus physiology,Abnormal Esophagus Physiology,abnormal_esophagus_physiology,english,active
abnormal esr,Abnormal ESR,abnormal_esr,english,active
abnormal esterified to free carnitine ratio,Abnormal Esterified to Free Carnitine Ratio,abnormal_esterified_to_free_carnitine_ratio,english,active
abnormal esterman grid perimetry test,Abnormal Esterman Grid Perimetry Test,abnormal_esterman_grid_perimetry_test,english,active
abnormal estrogen level,Abnormal Estrogen Level,abnormal_estrogen_level,english,active
abnormal ethanolamine levels in the blood,Abnormal Ethanolamine Levels in the Blood,abnormal_ethanolamine_levels_in_the_blood,english,active
abnormal ethmoid bone morphology,Abnormal Ethmoid Bone Morphology,abnormal_ethmoid_bone_morphology,english,active
abnormal eustachian tube morphology,Abnormal Eustachian Tube Morphology,abnormal_eustachian_tube_morphology,english,active
abnormal exocrine pancreatic function,Abnormal Exocrine Pancreatic Function,abnormal_exocrine_pancreatic_function,english,active
abnormal experience of reality,Abnormal Experience of Reality,abnormal_experience_of_reality,english,active
abnormal external ear cartilage morphology,Abnormal External Ear Cartilage Morphology,abnormal_external_ear_cartilage_morphology,english,active
abnormal external genitalia,Abnormal External Genitalia,abnormal_external_genitalia,english,active
abnormal external genitalia morphology,Abnormal External Genitalia Morphology,abnormal_external_genitalia_morphology,english,active
abnormal external nose morphology,Abnormal External Nose Morphology,abnormal_external_nose_morphology,english,active
abnormal exteroceptive sensation,Abnormal Exteroceptive Sensation,abnormal_exteroceptive_sensation,english,active
abnormal extrahepatic bile duct morphology,Abnormal Extrahepatic Bile Duct Morphology,abnormal_extrahepatic_bile_duct_morphology,english,active
abnormal extraocular movement,Abnormal Extraocular Movement,abnormal_extraocular_movement,english,active
abnormal extraocular movements,Abnormal Extraocular Movements,abnormal_extraocular_movements,english,active
abnormal extraocular muscle physiology,Abnormal Extraocular Muscle Physiology,abnormal_extraocular_muscle_physiology,english,active
abnormal eye,Abnormal Eye,abnormal_eye,english,active
abnormal eye contact,Abnormal Eye Contact,abnormal_eye_contact,english,active
abnormal eye morphology,Abnormal Eye Morphology,abnormal_eye_morphology,english,active
abnormal eye motility,Abnormal Eye Motility,abnormal_eye_motility,english,active
abnormal eye movement,Abnormal Eye Movement,abnormal_eye_movement,english,active
abnormal eye movements,Abnormal Eye Movements,abnormal_eye_movements,english,active
"abnormal eye movements, paroxysmal","Abnormal Eye Movements, Paroxysmal","abnormal_eye_movements,_paroxysmal",english,active
abnormal eye physiology,Abnormal Eye Physiology,abnormal_eye_physiology,english,active
abnormal eye pressure,Abnormal Eye Pressure,abnormal_eye_pressure,english,active
abnormal eye structure,Abnormal Eye Structure,abnormal_eye_structure,english,active
abnormal eyebrow morphology,Abnormal Eyebrow Morphology,abnormal_eyebrow_morphology,english,active
abnormal eyelash morphology,Abnormal Eyelash Morphology,abnormal_eyelash_morphology,english,active
abnormal eyelashes,Abnormal Eyelashes,abnormal_eyelashes,english,active
abnormal eyelid morphology,Abnormal Eyelid Morphology,abnormal_eyelid_morphology,english,active
abnormal eyelid movement,Abnormal Eyelid Movement,abnormal_eyelid_movement,english,active
abnormal eyelid physiology,Abnormal Eyelid Physiology,abnormal_eyelid_physiology,english,active
abnormal face,Abnormal Face,abnormal_face,english,active
abnormal facial artery morphology,Abnormal Facial Artery Morphology,abnormal_facial_artery_morphology,english,active
abnormal facial expression,Abnormal Facial Expression,abnormal_facial_expression,english,active
abnormal facial expression use,Abnormal Facial Expression Use,abnormal_facial_expression_use,english,active
abnormal facial shape,Abnormal Facial Shape,abnormal_facial_shape,english,active
abnormal facial skeleton morphology,Abnormal Facial Skeleton Morphology,abnormal_facial_skeleton_morphology,english,active
abnormal facial vein morphology,Abnormal Facial Vein Morphology,abnormal_facial_vein_morphology,english,active
abnormal facility in opposing the shoulders,Abnormal Facility in Opposing the Shoulders,abnormal_facility_in_opposing_the_shoulders,english,active
abnormal factor ix activity,Abnormal Factor IX Activity,abnormal_factor_ix_activity,english,active
abnormal factor v activity,Abnormal Factor V Activity,abnormal_factor_v_activity,english,active
abnormal factor viii activity,Abnormal Factor VIII Activity,abnormal_factor_viii_activity,english,active
abnormal faecal osmolality,Abnormal Faecal Osmolality,abnormal_faecal_osmolality,english,active
abnormal faecal ph,Abnormal Faecal PH,abnormal_faecal_ph,english,active
abnormal faeces composition,Abnormal Faeces Composition,abnormal_faeces_composition,english,active
abnormal falling asleep,Abnormal Falling Asleep,abnormal_falling_asleep,english,active
abnormal fallopian tube morphology,Abnormal Fallopian Tube Morphology,abnormal_fallopian_tube_morphology,english,active
abnormal fascia morphology,Abnormal Fascia Morphology,abnormal_fascia_morphology,english,active
abnormal fat tissue distribution below the skin,Abnormal Fat Tissue Distribution Below the Skin,abnormal_fat_tissue_distribution_below_the_skin,english,active
abnormal fear,Abnormal Fear,abnormal_fear,english,active
abnormal fear-induced behavior,Abnormal Fear-induced Behavior,abnormal_fear-induced_behavior,english,active
abnormal fear-related cognitions,Abnormal Fear-related Cognitions,abnormal_fear-related_cognitions,english,active
abnormal fear/anxiety-related behavior,Abnormal Fear/anxiety-related Behavior,abnormal_fear/anxiety-related_behavior,english,active
abnormal fear/anxiety-related behaviour,Abnormal Fear/anxiety-related Behaviour,abnormal_fear/anxiety-related_behaviour,english,active
abnormal fecal osmolality,Abnormal Fecal Osmolality,abnormal_fecal_osmolality,english,active
abnormal fecal ph,Abnormal Fecal PH,abnormal_fecal_ph,english,active
abnormal feces composition,Abnormal Feces Composition,abnormal_feces_composition,english,active
abnormal feet structure,Abnormal Feet Structure,abnormal_feet_structure,english,active
abnormal female external genitalia,Abnormal Female External Genitalia,abnormal_female_external_genitalia,english,active
abnormal female external genitalia morphology,Abnormal Female External Genitalia Morphology,abnormal_female_external_genitalia_morphology,english,active
abnormal female meiosis,Abnormal Female Meiosis,abnormal_female_meiosis,english,active
abnormal female reproductive system physiology,Abnormal Female Reproductive System Physiology,abnormal_female_reproductive_system_physiology,english,active
abnormal femoral artery morphology,Abnormal Femoral Artery Morphology,abnormal_femoral_artery_morphology,english,active
abnormal femoral epiphysis morphology,Abnormal Femoral Epiphysis Morphology,abnormal_femoral_epiphysis_morphology,english,active
abnormal femoral head morphology,Abnormal Femoral Head Morphology,abnormal_femoral_head_morphology,english,active
abnormal femoral metaphysis morphology,Abnormal Femoral Metaphysis Morphology,abnormal_femoral_metaphysis_morphology,english,active
abnormal femoral neck morphology,Abnormal Femoral Neck Morphology,abnormal_femoral_neck_morphology,english,active
abnormal femoral neck/head morphology,Abnormal Femoral Neck/head Morphology,abnormal_femoral_neck/head_morphology,english,active
abnormal femoral torsion,Abnormal Femoral Torsion,abnormal_femoral_torsion,english,active
abnormal femur morphology,Abnormal Femur Morphology,abnormal_femur_morphology,english,active
abnormal fertility,Abnormal Fertility,abnormal_fertility,english,active
abnormal fetal abdominal circumference,Abnormal Fetal Abdominal Circumference,abnormal_fetal_abdominal_circumference,english,active
abnormal fetal cardiovascular morphology,Abnormal Fetal Cardiovascular Morphology,abnormal_fetal_cardiovascular_morphology,english,active
abnormal fetal cardiovascular physiology,Abnormal Fetal Cardiovascular Physiology,abnormal_fetal_cardiovascular_physiology,english,active
abnormal fetal central nervous system morphology,Abnormal Fetal Central Nervous System Morphology,abnormal_fetal_central_nervous_system_morphology,english,active
abnormal fetal cns morphology,Abnormal Fetal CNS Morphology,abnormal_fetal_cns_morphology,english,active
abnormal fetal femur length,Abnormal Fetal Femur Length,abnormal_fetal_femur_length,english,active
abnormal fetal gastrointestinal system morphology,Abnormal Fetal Gastrointestinal System Morphology,abnormal_fetal_gastrointestinal_system_morphology,english,active
abnormal fetal genitourinary system morphology,Abnormal Fetal Genitourinary System Morphology,abnormal_fetal_genitourinary_system_morphology,english,active
abnormal fetal head circumference,Abnormal Fetal Head Circumference,abnormal_fetal_head_circumference,english,active
abnormal fetal heart outflow tract,Abnormal Fetal Heart Outflow Tract,abnormal_fetal_heart_outflow_tract,english,active
abnormal fetal long-bone echogenicity,Abnormal Fetal Long-bone Echogenicity,abnormal_fetal_long-bone_echogenicity,english,active
abnormal fetal morphology,Abnormal Fetal Morphology,abnormal_fetal_morphology,english,active
abnormal fetal nasal bone visualization,Abnormal Fetal Nasal Bone Visualization,abnormal_fetal_nasal_bone_visualization,english,active
abnormal fetal physiology,Abnormal Fetal Physiology,abnormal_fetal_physiology,english,active
abnormal fetal pulmonary morphology,Abnormal Fetal Pulmonary Morphology,abnormal_fetal_pulmonary_morphology,english,active
abnormal fetal skeletal morphology,Abnormal Fetal Skeletal Morphology,abnormal_fetal_skeletal_morphology,english,active
abnormal fetal skin morphology,Abnormal Fetal Skin Morphology,abnormal_fetal_skin_morphology,english,active
abnormal fgf23 concentration,Abnormal FGF23 Concentration,abnormal_fgf23_concentration,english,active
abnormal fibula morphology,Abnormal Fibula Morphology,abnormal_fibula_morphology,english,active
abnormal fibular epiphysis morphology,Abnormal Fibular Epiphysis Morphology,abnormal_fibular_epiphysis_morphology,english,active
abnormal fifth cranial nerve morphology,Abnormal Fifth Cranial Nerve Morphology,abnormal_fifth_cranial_nerve_morphology,english,active
abnormal fifth cranial nerve physiology,Abnormal Fifth Cranial Nerve Physiology,abnormal_fifth_cranial_nerve_physiology,english,active
abnormal fifth toe morphology,Abnormal Fifth Toe Morphology,abnormal_fifth_toe_morphology,english,active
"abnormal finding of blood chemistry, unspecified","Abnormal Finding of Blood Chemistry, Unspecified","abnormal_finding_of_blood_chemistry,_unspecified",english,active
abnormal findings in other body fluids and substances,Abnormal Findings in Other Body Fluids and Substances,abnormal_findings_in_other_body_fluids_and_substances,english,active
abnormal findings of blood amino-acid level,Abnormal Findings of Blood Amino-acid Level,abnormal_findings_of_blood_amino-acid_level,english,active
abnormal findings on diagnostic imaging of limbs,Abnormal Findings On Diagnostic Imaging of Limbs,abnormal_findings_on_diagnostic_imaging_of_limbs,english,active
abnormal findings on diagnostic imaging of prt ms sys,Abnormal Findings On Diagnostic Imaging of Prt Ms Sys,abnormal_findings_on_diagnostic_imaging_of_prt_ms_sys,english,active
abnormal findings on dx imaging of heart and cor circ,Abnormal Findings On Dx Imaging of Heart and Cor Circ,abnormal_findings_on_dx_imaging_of_heart_and_cor_circ,english,active
abnormal findings on dx imaging of liver and biliary tract,Abnormal Findings On Dx Imaging of Liver and Biliary Tract,abnormal_findings_on_dx_imaging_of_liver_and_biliary_tract,english,active
abnormal findings on dx imaging of oth body structures,Abnormal Findings On Dx Imaging of Oth Body Structures,abnormal_findings_on_dx_imaging_of_oth_body_structures,english,active
abnormal findings on dx imaging of prt digestive tract,Abnormal Findings On Dx Imaging of Prt Digestive Tract,abnormal_findings_on_dx_imaging_of_prt_digestive_tract,english,active
"abnormal findings on dx imaging of skull and head, nec","Abnormal Findings On Dx Imaging of Skull and Head, NEC","abnormal_findings_on_dx_imaging_of_skull_and_head,_nec",english,active
abnormal finger flexion crease,Abnormal Finger Flexion Crease,abnormal_finger_flexion_crease,english,active
abnormal finger flexion creases,Abnormal Finger Flexion Creases,abnormal_finger_flexion_creases,english,active
abnormal finger morphology,Abnormal Finger Morphology,abnormal_finger_morphology,english,active
abnormal finger phalanx morphology,Abnormal Finger Phalanx Morphology,abnormal_finger_phalanx_morphology,english,active
abnormal finger phalanx ossification,Abnormal Finger Phalanx Ossification,abnormal_finger_phalanx_ossification,english,active
abnormal fingernail development,Abnormal Fingernail Development,abnormal_fingernail_development,english,active
abnormal fingernail morphology,Abnormal Fingernail Morphology,abnormal_fingernail_morphology,english,active
abnormal fingernails,Abnormal Fingernails,abnormal_fingernails,english,active
abnormal fingerprints,Abnormal Fingerprints,abnormal_fingerprints,english,active
abnormal fingertip morphology,Abnormal Fingertip Morphology,abnormal_fingertip_morphology,english,active
abnormal flash visual evoked potentials,Abnormal Flash Visual Evoked Potentials,abnormal_flash_visual_evoked_potentials,english,active
abnormal flow cytometry test result,Abnormal Flow Cytometry Test Result,abnormal_flow_cytometry_test_result,english,active
abnormal foetal cns morphology,Abnormal Foetal CNS Morphology,abnormal_foetal_cns_morphology,english,active
abnormal follicular lymph-node architecture,Abnormal Follicular Lymph-node Architecture,abnormal_follicular_lymph-node_architecture,english,active
abnormal fontanelle morphology,Abnormal Fontanelle Morphology,abnormal_fontanelle_morphology,english,active
abnormal foot bone ossification,Abnormal Foot Bone Ossification,abnormal_foot_bone_ossification,english,active
abnormal foot morphology,Abnormal Foot Morphology,abnormal_foot_morphology,english,active
abnormal foot muscles,Abnormal Foot Muscles,abnormal_foot_muscles,english,active
abnormal foramen magnum morphology,Abnormal Foramen Magnum Morphology,abnormal_foramen_magnum_morphology,english,active
abnormal forearm bone morphology,Abnormal Forearm Bone Morphology,abnormal_forearm_bone_morphology,english,active
abnormal forearm morphology,Abnormal Forearm Morphology,abnormal_forearm_morphology,english,active
abnormal forebrain morphology,Abnormal Forebrain Morphology,abnormal_forebrain_morphology,english,active
abnormal forehead morphology,Abnormal Forehead Morphology,abnormal_forehead_morphology,english,active
abnormal form of ears,Abnormal Form of Ears,abnormal_form_of_ears,english,active
abnormal form of phalanges of the hand,Abnormal Form of Phalanges of the Hand,abnormal_form_of_phalanges_of_the_hand,english,active
abnormal form of the vertebral bodies,Abnormal Form of the Vertebral Bodies,abnormal_form_of_the_vertebral_bodies,english,active
abnormal formation of myelin sheaths,Abnormal Formation of Myelin Sheaths,abnormal_formation_of_myelin_sheaths,english,active
abnormal forward flexion of the trunk manoeuvre,Abnormal Forward Flexion of the Trunk Manoeuvre,abnormal_forward_flexion_of_the_trunk_manoeuvre,english,active
abnormal four chamber view,Abnormal Four Chamber View,abnormal_four_chamber_view,english,active
abnormal four chamber view of the fetal heart,Abnormal Four Chamber View of the Fetal Heart,abnormal_four_chamber_view_of_the_fetal_heart,english,active
abnormal fourth toe morphology,Abnormal Fourth Toe Morphology,abnormal_fourth_toe_morphology,english,active
abnormal fourth ventricle morphology,Abnormal Fourth Ventricle Morphology,abnormal_fourth_ventricle_morphology,english,active
abnormal foveal morphology,Abnormal Foveal Morphology,abnormal_foveal_morphology,english,active
abnormal foveal morphology on macular oct,Abnormal Foveal Morphology On Macular OCT,abnormal_foveal_morphology_on_macular_oct,english,active
abnormal foveal pigmentation,Abnormal Foveal Pigmentation,abnormal_foveal_pigmentation,english,active
abnormal foveal pit on macular oct,Abnormal Foveal Pit On Macular OCT,abnormal_foveal_pit_on_macular_oct,english,active
abnormal frontal bone morphology,Abnormal Frontal Bone Morphology,abnormal_frontal_bone_morphology,english,active
abnormal frontalis muscle physiology,Abnormal Frontalis Muscle Physiology,abnormal_frontalis_muscle_physiology,english,active
abnormal fucosylation of o-linked protein glycosylation,Abnormal Fucosylation of O-linked Protein Glycosylation,abnormal_fucosylation_of_o-linked_protein_glycosylation,english,active
abnormal fucosylation of protein n-linked glycosylation,Abnormal Fucosylation of Protein N-linked Glycosylation,abnormal_fucosylation_of_protein_n-linked_glycosylation,english,active
abnormal full-field electroretinogram,Abnormal Full-field Electroretinogram,abnormal_full-field_electroretinogram,english,active
abnormal function of filtrating structures in kidney,Abnormal Function of Filtrating Structures in Kidney,abnormal_function_of_filtrating_structures_in_kidney,english,active
abnormal functional residual capacity,Abnormal Functional Residual Capacity,abnormal_functional_residual_capacity,english,active
abnormal fundus autofluorescence imaging,Abnormal Fundus Autofluorescence Imaging,abnormal_fundus_autofluorescence_imaging,english,active
abnormal fundus fluorescein angiography,Abnormal Fundus Fluorescein Angiography,abnormal_fundus_fluorescein_angiography,english,active
abnormal fundus morphology,Abnormal Fundus Morphology,abnormal_fundus_morphology,english,active
abnormal fundus pigmentation,Abnormal Fundus Pigmentation,abnormal_fundus_pigmentation,english,active
abnormal g6pd level,Abnormal G6PD Level,abnormal_g6pd_level,english,active
abnormal g6pd level in blood,Abnormal G6PD Level in Blood,abnormal_g6pd_level_in_blood,english,active
abnormal g6pd level in dried blood spot,Abnormal G6PD Level in Dried Blood Spot,abnormal_g6pd_level_in_dried_blood_spot,english,active
abnormal g6pd level in leukocytes,Abnormal G6PD Level in Leukocytes,abnormal_g6pd_level_in_leukocytes,english,active
abnormal g6pd level in rbcs,Abnormal G6PD Level in RBCs,abnormal_g6pd_level_in_rbcs,english,active
abnormal g6pd level in red blood cells,Abnormal G6PD Level in Red Blood Cells,abnormal_g6pd_level_in_red_blood_cells,english,active
abnormal g6pd level in tissue,Abnormal G6PD Level in Tissue,abnormal_g6pd_level_in_tissue,english,active
abnormal gait,Abnormal Gait,abnormal_gait,english,active
abnormal galactosidase enyzme activity,Abnormal Galactosidase Enyzme Activity,abnormal_galactosidase_enyzme_activity,english,active
abnormal gallbladder morphology,Abnormal Gallbladder Morphology,abnormal_gallbladder_morphology,english,active
abnormal gallbladder physiology,Abnormal Gallbladder Physiology,abnormal_gallbladder_physiology,english,active
abnormal gallbladder structure,Abnormal Gallbladder Structure,abnormal_gallbladder_structure,english,active
abnormal gametogenesis,Abnormal Gametogenesis,abnormal_gametogenesis,english,active
abnormal gamma-delta t cell proportion,Abnormal Gamma-delta T Cell Proportion,abnormal_gamma-delta_t_cell_proportion,english,active
abnormal gamma-glutamyltransferase level,Abnormal Gamma-glutamyltransferase Level,abnormal_gamma-glutamyltransferase_level,english,active
abnormal ganglion morphology,Abnormal Ganglion Morphology,abnormal_ganglion_morphology,english,active
abnormal gastric mucosa morphology,Abnormal Gastric Mucosa Morphology,abnormal_gastric_mucosa_morphology,english,active
abnormal gastrointestinal motility,Abnormal Gastrointestinal Motility,abnormal_gastrointestinal_motility,english,active
abnormal gastrointestinal tract morphology,Abnormal Gastrointestinal Tract Morphology,abnormal_gastrointestinal_tract_morphology,english,active
abnormal gastrointestinal transit time,Abnormal Gastrointestinal Transit Time,abnormal_gastrointestinal_transit_time,english,active
abnormal gastrointestinal vascular morphology,Abnormal Gastrointestinal Vascular Morphology,abnormal_gastrointestinal_vascular_morphology,english,active
abnormal geniohyoid muscle morphology,Abnormal Geniohyoid Muscle Morphology,abnormal_geniohyoid_muscle_morphology,english,active
abnormal genital pigmentation,Abnormal Genital Pigmentation,abnormal_genital_pigmentation,english,active
abnormal genital system morphology,Abnormal Genital System Morphology,abnormal_genital_system_morphology,english,active
abnormal germ cell morphology,Abnormal Germ Cell Morphology,abnormal_germ_cell_morphology,english,active
abnormal gesture use,Abnormal Gesture Use,abnormal_gesture_use,english,active
abnormal gestures,Abnormal Gestures,abnormal_gestures,english,active
abnormal gfr,Abnormal GFR,abnormal_gfr,english,active
abnormal gi motility,Abnormal GI Motility,abnormal_gi_motility,english,active
abnormal gi transit time,Abnormal GI Transit Time,abnormal_gi_transit_time,english,active
abnormal glial cell morphology,Abnormal Glial Cell Morphology,abnormal_glial_cell_morphology,english,active
abnormal globus pallidus morphology,Abnormal Globus Pallidus Morphology,abnormal_globus_pallidus_morphology,english,active
abnormal glomerular basement membrane morphology,Abnormal Glomerular Basement Membrane Morphology,abnormal_glomerular_basement_membrane_morphology,english,active
abnormal glomerular basement membrane texture,Abnormal Glomerular Basement Membrane Texture,abnormal_glomerular_basement_membrane_texture,english,active
abnormal glomerular capillary lumen morphology,Abnormal Glomerular Capillary Lumen Morphology,abnormal_glomerular_capillary_lumen_morphology,english,active
abnormal glomerular capillary morphology,Abnormal Glomerular Capillary Morphology,abnormal_glomerular_capillary_morphology,english,active
abnormal glomerular endothelial cell morphology,Abnormal Glomerular Endothelial Cell Morphology,abnormal_glomerular_endothelial_cell_morphology,english,active
abnormal glomerular filtration rate,Abnormal Glomerular Filtration Rate,abnormal_glomerular_filtration_rate,english,active
abnormal glomerular mesangial cellularity,Abnormal Glomerular Mesangial Cellularity,abnormal_glomerular_mesangial_cellularity,english,active
abnormal glomerular mesangial matrix morphology,Abnormal Glomerular Mesangial Matrix Morphology,abnormal_glomerular_mesangial_matrix_morphology,english,active
abnormal glomerular mesangium morphology,Abnormal Glomerular Mesangium Morphology,abnormal_glomerular_mesangium_morphology,english,active
abnormal glomerular parietal epithelial cell morphology,Abnormal Glomerular Parietal Epithelial Cell Morphology,abnormal_glomerular_parietal_epithelial_cell_morphology,english,active
abnormal glomerular visceral epithelial cell morphology,Abnormal Glomerular Visceral Epithelial Cell Morphology,abnormal_glomerular_visceral_epithelial_cell_morphology,english,active
abnormal glossopharyngeal nerve morphology,Abnormal Glossopharyngeal Nerve Morphology,abnormal_glossopharyngeal_nerve_morphology,english,active
abnormal glucagon level,Abnormal Glucagon Level,abnormal_glucagon_level,english,active
abnormal glucose homeostasis,Abnormal Glucose Homeostasis,abnormal_glucose_homeostasis,english,active
abnormal glucose oral tolerance test,Abnormal Glucose Oral Tolerance Test,abnormal_glucose_oral_tolerance_test,english,active
abnormal glucose-6-phosphate dehydrogenase level,Abnormal Glucose-6-phosphate Dehydrogenase Level,abnormal_glucose-6-phosphate_dehydrogenase_level,english,active
abnormal glucose-6-phosphate dehydrogenase level in blood,Abnormal Glucose-6-phosphate Dehydrogenase Level in Blood,abnormal_glucose-6-phosphate_dehydrogenase_level_in_blood,english,active
abnormal glucose-6-phosphate dehydrogenase level in dbs,Abnormal Glucose-6-phosphate Dehydrogenase Level in DBS,abnormal_glucose-6-phosphate_dehydrogenase_level_in_dbs,english,active
abnormal glucose-6-phosphate dehydrogenase level in dried blood spot,Abnormal Glucose-6-phosphate Dehydrogenase Level in Dried Blood Spot,abnormal_glucose-6-phosphate_dehydrogenase_level_in_dried_bl,english,active
abnormal glucose-6-phosphate dehydrogenase level in leukocytes,Abnormal Glucose-6-phosphate Dehydrogenase Level in Leukocytes,abnormal_glucose-6-phosphate_dehydrogenase_level_in_leukocyt,english,active
abnormal glucose-6-phosphate dehydrogenase level in red blood cells,Abnormal Glucose-6-phosphate Dehydrogenase Level in Red Blood Cells,abnormal_glucose-6-phosphate_dehydrogenase_level_in_red_bloo,english,active
abnormal glucose-6-phosphate dehydrogenase level in tissue,Abnormal Glucose-6-phosphate Dehydrogenase Level in Tissue,abnormal_glucose-6-phosphate_dehydrogenase_level_in_tissue,english,active
abnormal glutamic acid levels in cerebrospinal fluid,Abnormal Glutamic Acid Levels in Cerebrospinal Fluid,abnormal_glutamic_acid_levels_in_cerebrospinal_fluid,english,active
abnormal glutamine family amino acid levels in cerebrospinal fluid,Abnormal Glutamine Family Amino Acid Levels in Cerebrospinal Fluid,abnormal_glutamine_family_amino_acid_levels_in_cerebrospinal,english,active
abnormal glutamine levels in cerebrospinal fluid,Abnormal Glutamine Levels in Cerebrospinal Fluid,abnormal_glutamine_levels_in_cerebrospinal_fluid,english,active
abnormal glycine levels in cerebrospinal fluid,Abnormal Glycine Levels in Cerebrospinal Fluid,abnormal_glycine_levels_in_cerebrospinal_fluid,english,active
abnormal glycosidase enzyme activity,Abnormal Glycosidase Enzyme Activity,abnormal_glycosidase_enzyme_activity,english,active
abnormal glycosphingolipid metabolism,Abnormal Glycosphingolipid Metabolism,abnormal_glycosphingolipid_metabolism,english,active
abnormal glycosylation,Abnormal Glycosylation,abnormal_glycosylation,english,active
abnormal gmp pyrophosphorylase level,Abnormal GMP Pyrophosphorylase Level,abnormal_gmp_pyrophosphorylase_level,english,active
abnormal gonadotropin-releasing hormone concentration,Abnormal Gonadotropin-releasing Hormone Concentration,abnormal_gonadotropin-releasing_hormone_concentration,english,active
abnormal gprt level,Abnormal GPRT Level,abnormal_gprt_level,english,active
abnormal granulocyte count,Abnormal Granulocyte Count,abnormal_granulocyte_count,english,active
abnormal granulocyte morphology,Abnormal Granulocyte Morphology,abnormal_granulocyte_morphology,english,active
abnormal granulocytopoietic cell morphology,Abnormal Granulocytopoietic Cell Morphology,abnormal_granulocytopoietic_cell_morphology,english,active
abnormal great auricular nerve morphology,Abnormal Great Auricular Nerve Morphology,abnormal_great_auricular_nerve_morphology,english,active
abnormal greater palatine artery morphology,Abnormal Greater Palatine Artery Morphology,abnormal_greater_palatine_artery_morphology,english,active
abnormal greater sciatic notch morphology,Abnormal Greater Sciatic Notch Morphology,abnormal_greater_sciatic_notch_morphology,english,active
abnormal growth,Abnormal Growth,abnormal_growth,english,active
abnormal growth hormone level,Abnormal Growth Hormone Level,abnormal_growth_hormone_level,english,active
abnormal growth plate morphology,Abnormal Growth Plate Morphology,abnormal_growth_plate_morphology,english,active
abnormal gyration,Abnormal Gyration,abnormal_gyration,english,active
abnormal haemoglobin,Abnormal Haemoglobin,abnormal_haemoglobin,english,active
abnormal haemoglobin concentration,Abnormal Haemoglobin Concentration,abnormal_haemoglobin_concentration,english,active
abnormal hair morphology,Abnormal Hair Morphology,abnormal_hair_morphology,english,active
abnormal hair pattern,Abnormal Hair Pattern,abnormal_hair_pattern,english,active
abnormal hair pattern since birth,Abnormal Hair Pattern Since Birth,abnormal_hair_pattern_since_birth,english,active
abnormal hair quantity,Abnormal Hair Quantity,abnormal_hair_quantity,english,active
abnormal hair whorl,Abnormal Hair Whorl,abnormal_hair_whorl,english,active
abnormal hair whorls,Abnormal Hair Whorls,abnormal_hair_whorls,english,active
abnormal hairshaft morphology,Abnormal Hairshaft Morphology,abnormal_hairshaft_morphology,english,active
abnormal hallux morphology,Abnormal Hallux Morphology,abnormal_hallux_morphology,english,active
abnormal hallux phalanx morphology,Abnormal Hallux Phalanx Morphology,abnormal_hallux_phalanx_morphology,english,active
abnormal hamate bone morphology,Abnormal Hamate Bone Morphology,abnormal_hamate_bone_morphology,english,active
abnormal hand bone ossification,Abnormal Hand Bone Ossification,abnormal_hand_bone_ossification,english,active
abnormal hand cortical bone morphology,Abnormal Hand Cortical Bone Morphology,abnormal_hand_cortical_bone_morphology,english,active
abnormal hand diaphysis morphology,Abnormal Hand Diaphysis Morphology,abnormal_hand_diaphysis_morphology,english,active
abnormal hand epiphysis morphology,Abnormal Hand Epiphysis Morphology,abnormal_hand_epiphysis_morphology,english,active
abnormal hand metaphysis morphology,Abnormal Hand Metaphysis Morphology,abnormal_hand_metaphysis_morphology,english,active
abnormal hand morphology,Abnormal Hand Morphology,abnormal_hand_morphology,english,active
abnormal hand muscles,Abnormal Hand Muscles,abnormal_hand_muscles,english,active
abnormal hands,Abnormal Hands,abnormal_hands,english,active
abnormal haptoglobin level,Abnormal Haptoglobin Level,abnormal_haptoglobin_level,english,active
abnormal hard palate morphology,Abnormal Hard Palate Morphology,abnormal_hard_palate_morphology,english,active
abnormal hardy-rand-rittler plate test,Abnormal Hardy-Rand-Rittler Plate Test,abnormal_hardy-rand-rittler_plate_test,english,active
abnormal hb,Abnormal Hb,abnormal_hb,english,active
abnormal hb concentration,Abnormal Hb Concentration,abnormal_hb_concentration,english,active
abnormal hct,Abnormal Hct,abnormal_hct,english,active
abnormal hdl cholesterol concentration,Abnormal HDL Cholesterol Concentration,abnormal_hdl_cholesterol_concentration,english,active
abnormal hdl subfraction concentration,Abnormal HDL Subfraction Concentration,abnormal_hdl_subfraction_concentration,english,active
abnormal hdl2a concentration,Abnormal HDL2a Concentration,abnormal_hdl2a_concentration,english,active
abnormal hdl2b concentration,Abnormal HDL2b Concentration,abnormal_hdl2b_concentration,english,active
abnormal hdl3a concentration,Abnormal HDL3a Concentration,abnormal_hdl3a_concentration,english,active
abnormal hdl3b concentration,Abnormal HDL3b Concentration,abnormal_hdl3b_concentration,english,active
abnormal hdl3c concentration,Abnormal HDL3c Concentration,abnormal_hdl3c_concentration,english,active
abnormal head,Abnormal Head,abnormal_head,english,active
abnormal head blood vessel morphology,Abnormal Head Blood Vessel Morphology,abnormal_head_blood_vessel_morphology,english,active
abnormal head movements,Abnormal Head Movements,abnormal_head_movements,english,active
abnormal head of long bone in upper arm,Abnormal Head of Long Bone in Upper Arm,abnormal_head_of_long_bone_in_upper_arm,english,active
abnormal head of thigh bone,Abnormal Head of Thigh Bone,abnormal_head_of_thigh_bone,english,active
abnormal hearing,Abnormal Hearing,abnormal_hearing,english,active
abnormal heart left ventricle morphology,Abnormal Heart Left Ventricle Morphology,abnormal_heart_left_ventricle_morphology,english,active
abnormal heart morphology,Abnormal Heart Morphology,abnormal_heart_morphology,english,active
abnormal heart mri,Abnormal Heart MRI,abnormal_heart_mri,english,active
abnormal heart rate,Abnormal Heart Rate,abnormal_heart_rate,english,active
abnormal heart rate variability,Abnormal Heart Rate Variability,abnormal_heart_rate_variability,english,active
abnormal heart sound,Abnormal Heart Sound,abnormal_heart_sound,english,active
abnormal heart valve morphology,Abnormal Heart Valve Morphology,abnormal_heart_valve_morphology,english,active
abnormal heart valve physiology,Abnormal Heart Valve Physiology,abnormal_heart_valve_physiology,english,active
abnormal heel bone,Abnormal Heel Bone,abnormal_heel_bone,english,active
abnormal helices,Abnormal Helices,abnormal_helices,english,active
abnormal helix morphology,Abnormal Helix Morphology,abnormal_helix_morphology,english,active
abnormal helper t cell proportion,Abnormal Helper T Cell Proportion,abnormal_helper_t_cell_proportion,english,active
abnormal hematocrit,Abnormal Hematocrit,abnormal_hematocrit,english,active
abnormal hemidiaphragm morphology,Abnormal Hemidiaphragm Morphology,abnormal_hemidiaphragm_morphology,english,active
abnormal hemoglobin,Abnormal Hemoglobin,abnormal_hemoglobin,english,active
abnormal hemoglobin concentration,Abnormal Hemoglobin Concentration,abnormal_hemoglobin_concentration,english,active
abnormal hepatic artery morphology,Abnormal Hepatic Artery Morphology,abnormal_hepatic_artery_morphology,english,active
abnormal hepatic echogenicity,Abnormal Hepatic Echogenicity,abnormal_hepatic_echogenicity,english,active
abnormal hepatic enzyme activity or concentration,Abnormal Hepatic Enzyme Activity or Concentration,abnormal_hepatic_enzyme_activity_or_concentration,english,active
abnormal hepatic glycogen storage,Abnormal Hepatic Glycogen Storage,abnormal_hepatic_glycogen_storage,english,active
abnormal hepatic iron concentration,Abnormal Hepatic Iron Concentration,abnormal_hepatic_iron_concentration,english,active
abnormal hepatic physiology,Abnormal Hepatic Physiology,abnormal_hepatic_physiology,english,active
abnormal hepatobiliary system physiology,Abnormal Hepatobiliary System Physiology,abnormal_hepatobiliary_system_physiology,english,active
abnormal hepatocyte morphology,Abnormal Hepatocyte Morphology,abnormal_hepatocyte_morphology,english,active
abnormal hepcidin level,Abnormal Hepcidin Level,abnormal_hepcidin_level,english,active
abnormal high-mannose n-glycan level,Abnormal High-mannose N-glycan Level,abnormal_high-mannose_n-glycan_level,english,active
abnormal high-mannose n-glycans on glycoprotein concentration,Abnormal High-mannose N-glycans On Glycoprotein Concentration,abnormal_high-mannose_n-glycans_on_glycoprotein_concentratio,english,active
abnormal hindbrain morphology,Abnormal Hindbrain Morphology,abnormal_hindbrain_morphology,english,active
abnormal hip bone morphology,Abnormal Hip Bone Morphology,abnormal_hip_bone_morphology,english,active
abnormal hip joint morphology,Abnormal Hip Joint Morphology,abnormal_hip_joint_morphology,english,active
abnormal hippocampus morphology,Abnormal Hippocampus Morphology,abnormal_hippocampus_morphology,english,active
abnormal histidine levels in cerebrospinal fluid,Abnormal Histidine Levels in Cerebrospinal Fluid,abnormal_histidine_levels_in_cerebrospinal_fluid,english,active
abnormal histolog findings in specimens from oth org/tiss,Abnormal Histolog Findings in Specimens From Oth Org/tiss,abnormal_histolog_findings_in_specimens_from_oth_org/tiss,english,active
abnormal histolog findings in specimens from resp org/thrx,Abnormal Histolog Findings in Specimens From Resp Org/thrx,abnormal_histolog_findings_in_specimens_from_resp_org/thrx,english,active
abnormal histolog findings in specmn from dgstv org/abd cav,Abnormal Histolog Findings in Specmn From Dgstv Org/abd Cav,abnormal_histolog_findings_in_specmn_from_dgstv_org/abd_cav,english,active
abnormal hla class ii surface expression,Abnormal HLA Class II Surface Expression,abnormal_hla_class_ii_surface_expression,english,active
abnormal hla dr+ cd4+ t cell proportion,Abnormal HLA DR+ CD4+ T Cell Proportion,abnormal_hla_dr+_cd4+_t_cell_proportion,english,active
abnormal hla dr+ cd8+ t cell proportion,Abnormal HLA DR+ CD8+ T Cell Proportion,abnormal_hla_dr+_cd8+_t_cell_proportion,english,active
abnormal homeostasis,Abnormal Homeostasis,abnormal_homeostasis,english,active
abnormal homocarnosine levels in cerebrospinal fluid,Abnormal Homocarnosine Levels in Cerebrospinal Fluid,abnormal_homocarnosine_levels_in_cerebrospinal_fluid,english,active
abnormal horizontal ocular pursuit,Abnormal Horizontal Ocular Pursuit,abnormal_horizontal_ocular_pursuit,english,active
abnormal horizontal rectus muscle physiology,Abnormal Horizontal Rectus Muscle Physiology,abnormal_horizontal_rectus_muscle_physiology,english,active
abnormal human leukocyte antigen class ii surface expression,Abnormal Human Leukocyte Antigen Class II Surface Expression,abnormal_human_leukocyte_antigen_class_ii_surface_expression,english,active
abnormal humeral diaphysis morphology,Abnormal Humeral Diaphysis Morphology,abnormal_humeral_diaphysis_morphology,english,active
abnormal humeral epiphysis morphology,Abnormal Humeral Epiphysis Morphology,abnormal_humeral_epiphysis_morphology,english,active
abnormal humeral head morphology,Abnormal Humeral Head Morphology,abnormal_humeral_head_morphology,english,active
abnormal humeral metaphysis morphology,Abnormal Humeral Metaphysis Morphology,abnormal_humeral_metaphysis_morphology,english,active
abnormal humeral ossification,Abnormal Humeral Ossification,abnormal_humeral_ossification,english,active
abnormal humerus morphology,Abnormal Humerus Morphology,abnormal_humerus_morphology,english,active
abnormal hyoglossus muscle morphology,Abnormal Hyoglossus Muscle Morphology,abnormal_hyoglossus_muscle_morphology,english,active
abnormal hyoid bone morphology,Abnormal Hyoid Bone Morphology,abnormal_hyoid_bone_morphology,english,active
abnormal hypnagogia,Abnormal Hypnagogia,abnormal_hypnagogia,english,active
abnormal hypnopompia,Abnormal Hypnopompia,abnormal_hypnopompia,english,active
abnormal hypopharynx morphology,Abnormal Hypopharynx Morphology,abnormal_hypopharynx_morphology,english,active
abnormal hypothalamus morphology,Abnormal Hypothalamus Morphology,abnormal_hypothalamus_morphology,english,active
abnormal hypothalamus physiology,Abnormal Hypothalamus Physiology,abnormal_hypothalamus_physiology,english,active
abnormal hypoxanthine-guanine phosphoribosyltransferase level,Abnormal Hypoxanthine-guanine Phosphoribosyltransferase Level,abnormal_hypoxanthine-guanine_phosphoribosyltransferase_leve,english,active
abnormal iduronate sulfatase concentration,Abnormal Iduronate Sulfatase Concentration,abnormal_iduronate_sulfatase_concentration,english,active
abnormal iga level in blood,Abnormal IgA Level in Blood,abnormal_iga_level_in_blood,english,active
abnormal igd level in blood,Abnormal IgD Level in Blood,abnormal_igd_level_in_blood,english,active
abnormal ige level in blood,Abnormal IgE Level in Blood,abnormal_ige_level_in_blood,english,active
abnormal igg level in blood,Abnormal IgG Level in Blood,abnormal_igg_level_in_blood,english,active
abnormal igm level in blood,Abnormal IgM Level in Blood,abnormal_igm_level_in_blood,english,active
abnormal ileum morphology,Abnormal Ileum Morphology,abnormal_ileum_morphology,english,active
abnormal iliac artery morphology,Abnormal Iliac Artery Morphology,abnormal_iliac_artery_morphology,english,active
abnormal iliac wing morphology,Abnormal Iliac Wing Morphology,abnormal_iliac_wing_morphology,english,active
abnormal ilium morphology,Abnormal Ilium Morphology,abnormal_ilium_morphology,english,active
abnormal immature b cell proportion,Abnormal Immature B Cell Proportion,abnormal_immature_b_cell_proportion,english,active
abnormal immune serum protein physiology,Abnormal Immune Serum Protein Physiology,abnormal_immune_serum_protein_physiology,english,active
abnormal immune system morphology,Abnormal Immune System Morphology,abnormal_immune_system_morphology,english,active
abnormal immunoglobulin concentration,Abnormal Immunoglobulin Concentration,abnormal_immunoglobulin_concentration,english,active
abnormal immunoglobulin level,Abnormal Immunoglobulin Level,abnormal_immunoglobulin_level,english,active
abnormal immunoglobulin level in body fluid,Abnormal Immunoglobulin Level in Body Fluid,abnormal_immunoglobulin_level_in_body_fluid,english,active
abnormal immunolog findings in specimens from oth org/tiss,Abnormal Immunolog Findings in Specimens From Oth Org/tiss,abnormal_immunolog_findings_in_specimens_from_oth_org/tiss,english,active
abnormal immunolog findings in specimens from resp org/thrx,Abnormal Immunolog Findings in Specimens From Resp Org/thrx,abnormal_immunolog_findings_in_specimens_from_resp_org/thrx,english,active
abnormal immunolog findings in specmn from dgstv org/abd cav,Abnormal Immunolog Findings in Specmn From Dgstv Org/abd Cav,abnormal_immunolog_findings_in_specmn_from_dgstv_org/abd_cav,english,active
"abnormal immunological finding in serum, unspecified","Abnormal Immunological Finding in Serum, Unspecified","abnormal_immunological_finding_in_serum,_unspecified",english,active
abnormal immunological findings in cerebrospinal fluid,Abnormal Immunological Findings in Cerebrospinal Fluid,abnormal_immunological_findings_in_cerebrospinal_fluid,english,active
abnormal incisor morphology,Abnormal Incisor Morphology,abnormal_incisor_morphology,english,active
abnormal incisura morphology,Abnormal Incisura Morphology,abnormal_incisura_morphology,english,active
abnormal incus morphology,Abnormal Incus Morphology,abnormal_incus_morphology,english,active
abnormal index finger bones,Abnormal Index Finger Bones,abnormal_index_finger_bones,english,active
abnormal indocyanine green angiography,Abnormal Indocyanine Green Angiography,abnormal_indocyanine_green_angiography,english,active
abnormal inferior alveolar artery morphology,Abnormal Inferior Alveolar Artery Morphology,abnormal_inferior_alveolar_artery_morphology,english,active
abnormal inferior oblique muscle physiology,Abnormal Inferior Oblique Muscle Physiology,abnormal_inferior_oblique_muscle_physiology,english,active
abnormal inferior rectus muscle physiology,Abnormal Inferior Rectus Muscle Physiology,abnormal_inferior_rectus_muscle_physiology,english,active
abnormal inferior thyroid vein morphology,Abnormal Inferior Thyroid Vein Morphology,abnormal_inferior_thyroid_vein_morphology,english,active
abnormal inferior vena cava morphology,Abnormal Inferior Vena Cava Morphology,abnormal_inferior_vena_cava_morphology,english,active
abnormal inflammatory response,Abnormal Inflammatory Response,abnormal_inflammatory_response,english,active
abnormal infraorbital artery morphology,Abnormal Infraorbital Artery Morphology,abnormal_infraorbital_artery_morphology,english,active
abnormal inner ear epithelium morphology,Abnormal Inner Ear Epithelium Morphology,abnormal_inner_ear_epithelium_morphology,english,active
abnormal inner ear morphology,Abnormal Inner Ear Morphology,abnormal_inner_ear_morphology,english,active
abnormal inner ear nerve morphology,Abnormal Inner Ear Nerve Morphology,abnormal_inner_ear_nerve_morphology,english,active
abnormal innermost 4th toe bone,Abnormal Innermost 4th Toe Bone,abnormal_innermost_4th_toe_bone,english,active
abnormal innermost big toe bone,Abnormal Innermost Big Toe Bone,abnormal_innermost_big_toe_bone,english,active
abnormal innermost bone of middle finger,Abnormal Innermost Bone of Middle Finger,abnormal_innermost_bone_of_middle_finger,english,active
abnormal innermost bone of ring finger,Abnormal Innermost Bone of Ring Finger,abnormal_innermost_bone_of_ring_finger,english,active
abnormal innermost index finger bone,Abnormal Innermost Index Finger Bone,abnormal_innermost_index_finger_bone,english,active
abnormal innermost thumb bone,Abnormal Innermost Thumb Bone,abnormal_innermost_thumb_bone,english,active
abnormal innermost toe bone,Abnormal Innermost Toe Bone,abnormal_innermost_toe_bone,english,active
abnormal insertion of umbilical cord,Abnormal Insertion of Umbilical Cord,abnormal_insertion_of_umbilical_cord,english,active
abnormal insulin level,Abnormal Insulin Level,abnormal_insulin_level,english,active
abnormal interatrial septum morphology,Abnormal Interatrial Septum Morphology,abnormal_interatrial_septum_morphology,english,active
abnormal interest,Abnormal Interest,abnormal_interest,english,active
abnormal interest in others,Abnormal Interest in Others,abnormal_interest_in_others,english,active
abnormal interlobular arterial lumen morphology,Abnormal Interlobular Arterial Lumen Morphology,abnormal_interlobular_arterial_lumen_morphology,english,active
abnormal interlobular artery morphology,Abnormal Interlobular Artery Morphology,abnormal_interlobular_artery_morphology,english,active
abnormal interlobular vein intima/media morphology,Abnormal Interlobular Vein Intima/media Morphology,abnormal_interlobular_vein_intima/media_morphology,english,active
abnormal interlobular vein lumen morphology,Abnormal Interlobular Vein Lumen Morphology,abnormal_interlobular_vein_lumen_morphology,english,active
abnormal interlobular vein morphology,Abnormal Interlobular Vein Morphology,abnormal_interlobular_vein_morphology,english,active
abnormal intermamillary distance,Abnormal Intermamillary Distance,abnormal_intermamillary_distance,english,active
abnormal internal carotid artery morphology,Abnormal Internal Carotid Artery Morphology,abnormal_internal_carotid_artery_morphology,english,active
abnormal internal genitalia,Abnormal Internal Genitalia,abnormal_internal_genitalia,english,active
abnormal interpretation of external stimuli,Abnormal Interpretation of External Stimuli,abnormal_interpretation_of_external_stimuli,english,active
abnormal interventricular septum morphology,Abnormal Interventricular Septum Morphology,abnormal_interventricular_septum_morphology,english,active
abnormal intervertebral disk morphology,Abnormal Intervertebral Disk Morphology,abnormal_intervertebral_disk_morphology,english,active
abnormal intestinal smooth muscle morphology,Abnormal Intestinal Smooth Muscle Morphology,abnormal_intestinal_smooth_muscle_morphology,english,active
abnormal intestine morphology,Abnormal Intestine Morphology,abnormal_intestine_morphology,english,active
abnormal intonation,Abnormal Intonation,abnormal_intonation,english,active
abnormal intrahepatic bile duct morphology,Abnormal Intrahepatic Bile Duct Morphology,abnormal_intrahepatic_bile_duct_morphology,english,active
abnormal intramembranous bone ossification,Abnormal Intramembranous Bone Ossification,abnormal_intramembranous_bone_ossification,english,active
abnormal intramembranous ossification,Abnormal Intramembranous Ossification,abnormal_intramembranous_ossification,english,active
abnormal intraocular pressure,Abnormal Intraocular Pressure,abnormal_intraocular_pressure,english,active
abnormal intrarenal artery morphology,Abnormal Intrarenal Artery Morphology,abnormal_intrarenal_artery_morphology,english,active
abnormal intrarenal vein morphology,Abnormal Intrarenal Vein Morphology,abnormal_intrarenal_vein_morphology,english,active
abnormal intrauterine movements,Abnormal Intrauterine Movements,abnormal_intrauterine_movements,english,active
abnormal involuntary eye movements,Abnormal Involuntary Eye Movements,abnormal_involuntary_eye_movements,english,active
abnormal iris pigmentation,Abnormal Iris Pigmentation,abnormal_iris_pigmentation,english,active
abnormal iris vasculature,Abnormal Iris Vasculature,abnormal_iris_vasculature,english,active
abnormal iron deposition in mitochondria,Abnormal Iron Deposition in Mitochondria,abnormal_iron_deposition_in_mitochondria,english,active
abnormal ischium morphology,Abnormal Ischium Morphology,abnormal_ischium_morphology,english,active
abnormal ischium ossification,Abnormal Ischium Ossification,abnormal_ischium_ossification,english,active
abnormal ishihara plate test,Abnormal Ishihara Plate Test,abnormal_ishihara_plate_test,english,active
abnormal isoelectric focusing of serum transferrin,Abnormal Isoelectric Focusing of Serum Transferrin,abnormal_isoelectric_focusing_of_serum_transferrin,english,active
"abnormal isoelectric focusing of serum transferrin, type i pattern","Abnormal Isoelectric Focusing of Serum Transferrin, Type I Pattern","abnormal_isoelectric_focusing_of_serum_transferrin,_type_i_p",english,active
"abnormal isoelectric focusing of serum transferrin, type ii pattern","Abnormal Isoelectric Focusing of Serum Transferrin, Type II Pattern","abnormal_isoelectric_focusing_of_serum_transferrin,_type_ii_",english,active
abnormal isoelectric focusing of transferrin,Abnormal Isoelectric Focusing of Transferrin,abnormal_isoelectric_focusing_of_transferrin,english,active
abnormal isohemagglutinin level,Abnormal Isohemagglutinin Level,abnormal_isohemagglutinin_level,english,active
abnormal isoleucine levels in cerebrospinal fluid,Abnormal Isoleucine Levels in Cerebrospinal Fluid,abnormal_isoleucine_levels_in_cerebrospinal_fluid,english,active
abnormal jaw morphology,Abnormal Jaw Morphology,abnormal_jaw_morphology,english,active
abnormal jejunum morphology,Abnormal Jejunum Morphology,abnormal_jejunum_morphology,english,active
abnormal joint cavity morphology,Abnormal Joint Cavity Morphology,abnormal_joint_cavity_morphology,english,active
abnormal joint morphology,Abnormal Joint Morphology,abnormal_joint_morphology,english,active
abnormal joint physiology,Abnormal Joint Physiology,abnormal_joint_physiology,english,active
abnormal judgment,Abnormal Judgment,abnormal_judgment,english,active
abnormal jugular vein morphology,Abnormal Jugular Vein Morphology,abnormal_jugular_vein_morphology,english,active
abnormal jugular venous pressure,Abnormal Jugular Venous Pressure,abnormal_jugular_venous_pressure,english,active
abnormal kco,Abnormal KCO,abnormal_kco,english,active
abnormal keratinocyte morphology,Abnormal Keratinocyte Morphology,abnormal_keratinocyte_morphology,english,active
abnormal kidney,Abnormal Kidney,abnormal_kidney,english,active
abnormal kidney arterial blood vessel morphology,Abnormal Kidney Arterial Blood Vessel Morphology,abnormal_kidney_arterial_blood_vessel_morphology,english,active
abnormal kidney artery,Abnormal Kidney Artery,abnormal_kidney_artery,english,active
abnormal kidney function,Abnormal Kidney Function,abnormal_kidney_function,english,active
abnormal kidney location,Abnormal Kidney Location,abnormal_kidney_location,english,active
abnormal kidney morphology,Abnormal Kidney Morphology,abnormal_kidney_morphology,english,active
abnormal kinetic perimetry test,Abnormal Kinetic Perimetry Test,abnormal_kinetic_perimetry_test,english,active
abnormal kinin-kallikrein system component activity,Abnormal Kinin-kallikrein System Component Activity,abnormal_kinin-kallikrein_system_component_activity,english,active
abnormal knee morphology,Abnormal Knee Morphology,abnormal_knee_morphology,english,active
abnormal knee physiology,Abnormal Knee Physiology,abnormal_knee_physiology,english,active
abnormal kneecap,Abnormal Kneecap,abnormal_kneecap,english,active
abnormal l-selectin shedding,Abnormal L-selectin Shedding,abnormal_l-selectin_shedding,english,active
abnormal labia majora morphology,Abnormal Labia Majora Morphology,abnormal_labia_majora_morphology,english,active
abnormal labia minora morphology,Abnormal Labia Minora Morphology,abnormal_labia_minora_morphology,english,active
abnormal labia morphology,Abnormal Labia Morphology,abnormal_labia_morphology,english,active
abnormal lacrimal artery morphology,Abnormal Lacrimal Artery Morphology,abnormal_lacrimal_artery_morphology,english,active
abnormal lacrimal bone morphology,Abnormal Lacrimal Bone Morphology,abnormal_lacrimal_bone_morphology,english,active
abnormal lacrimal duct morphology,Abnormal Lacrimal Duct Morphology,abnormal_lacrimal_duct_morphology,english,active
abnormal lacrimal gland morphology,Abnormal Lacrimal Gland Morphology,abnormal_lacrimal_gland_morphology,english,active
abnormal lacrimal punctum morphology,Abnormal Lacrimal Punctum Morphology,abnormal_lacrimal_punctum_morphology,english,active
abnormal lacrimal sac morphology,Abnormal Lacrimal Sac Morphology,abnormal_lacrimal_sac_morphology,english,active
abnormal lactate dehydrogenase level,Abnormal Lactate Dehydrogenase Level,abnormal_lactate_dehydrogenase_level,english,active
abnormal lactate level by magnetic resonance spectroscopy,Abnormal Lactate Level By Magnetic Resonance Spectroscopy,abnormal_lactate_level_by_magnetic_resonance_spectroscopy,english,active
abnormal langerhans cell morphology,Abnormal Langerhans Cell Morphology,abnormal_langerhans_cell_morphology,english,active
abnormal language feature,Abnormal Language Feature,abnormal_language_feature,english,active
abnormal large bone of ankle,Abnormal Large Bone of Ankle,abnormal_large_bone_of_ankle,english,active
abnormal large intestinal mucosa morphology,Abnormal Large Intestinal Mucosa Morphology,abnormal_large_intestinal_mucosa_morphology,english,active
abnormal large intestine morphology,Abnormal Large Intestine Morphology,abnormal_large_intestine_morphology,english,active
abnormal large intestine physiology,Abnormal Large Intestine Physiology,abnormal_large_intestine_physiology,english,active
abnormal larynx morphology,Abnormal Larynx Morphology,abnormal_larynx_morphology,english,active
abnormal larynx physiology,Abnormal Larynx Physiology,abnormal_larynx_physiology,english,active
abnormal lateral cricoarytenoid muscle morphology,Abnormal Lateral Cricoarytenoid Muscle Morphology,abnormal_lateral_cricoarytenoid_muscle_morphology,english,active
abnormal lateral rectus muscle physiology,Abnormal Lateral Rectus Muscle Physiology,abnormal_lateral_rectus_muscle_physiology,english,active
abnormal lateral semicircular canal morphology,Abnormal Lateral Semicircular Canal Morphology,abnormal_lateral_semicircular_canal_morphology,english,active
abnormal lateral ventricle morphology,Abnormal Lateral Ventricle Morphology,abnormal_lateral_ventricle_morphology,english,active
abnormal layering of muscularis propria,Abnormal Layering of Muscularis Propria,abnormal_layering_of_muscularis_propria,english,active
abnormal ldh level,Abnormal LDH Level,abnormal_ldh_level,english,active
abnormal ldl cholesterol concentration,Abnormal LDL Cholesterol Concentration,abnormal_ldl_cholesterol_concentration,english,active
abnormal ldl-c concentration,Abnormal LDL-C Concentration,abnormal_ldl-c_concentration,english,active
abnormal ldl-c level,Abnormal LDL-C Level,abnormal_ldl-c_level,english,active
abnormal ldlc concentration,Abnormal LDLc Concentration,abnormal_ldlc_concentration,english,active
abnormal lead level in blood,Abnormal Lead Level in Blood,abnormal_lead_level_in_blood,english,active
abnormal left atrium morphology,Abnormal Left Atrium Morphology,abnormal_left_atrium_morphology,english,active
abnormal left hemidiaphragm morphology,Abnormal Left Hemidiaphragm Morphology,abnormal_left_hemidiaphragm_morphology,english,active
abnormal left ventricle morphology,Abnormal Left Ventricle Morphology,abnormal_left_ventricle_morphology,english,active
abnormal left ventricular ejection fraction,Abnormal Left Ventricular Ejection Fraction,abnormal_left_ventricular_ejection_fraction,english,active
abnormal left ventricular end-diastolic volume,Abnormal Left Ventricular End-diastolic Volume,abnormal_left_ventricular_end-diastolic_volume,english,active
abnormal left ventricular endsystolic diameter,Abnormal Left Ventricular Endsystolic Diameter,abnormal_left_ventricular_endsystolic_diameter,english,active
abnormal left ventricular function,Abnormal Left Ventricular Function,abnormal_left_ventricular_function,english,active
abnormal left ventricular outflow tract morphology,Abnormal Left Ventricular Outflow Tract Morphology,abnormal_left_ventricular_outflow_tract_morphology,english,active
abnormal length of corpus callosum,Abnormal Length of Corpus Callosum,abnormal_length_of_corpus_callosum,english,active
abnormal lens capsule morphology,Abnormal Lens Capsule Morphology,abnormal_lens_capsule_morphology,english,active
abnormal lens morphology,Abnormal Lens Morphology,abnormal_lens_morphology,english,active
abnormal leucine levels in cerebrospinal fluid,Abnormal Leucine Levels in Cerebrospinal Fluid,abnormal_leucine_levels_in_cerebrospinal_fluid,english,active
abnormal leukocyte count,Abnormal Leukocyte Count,abnormal_leukocyte_count,english,active
abnormal leukocyte enzyme concentration or activity,Abnormal Leukocyte Enzyme Concentration or Activity,abnormal_leukocyte_enzyme_concentration_or_activity,english,active
abnormal leukocyte migration,Abnormal Leukocyte Migration,abnormal_leukocyte_migration,english,active
abnormal leukocyte morphology,Abnormal Leukocyte Morphology,abnormal_leukocyte_morphology,english,active
abnormal leukocyte physiology,Abnormal Leukocyte Physiology,abnormal_leukocyte_physiology,english,active
abnormal levator palpebrae superioris morphology,Abnormal Levator Palpebrae Superioris Morphology,abnormal_levator_palpebrae_superioris_morphology,english,active
abnormal level of blood mineral,Abnormal Level of Blood Mineral,abnormal_level_of_blood_mineral,english,active
abnormal level of enzymes in cerebrospinal fluid,Abnormal Level of Enzymes in Cerebrospinal Fluid,abnormal_level_of_enzymes_in_cerebrospinal_fluid,english,active
abnormal level of enzymes in specimens from oth org/tiss,Abnormal Level of Enzymes in Specimens From Oth Org/tiss,abnormal_level_of_enzymes_in_specimens_from_oth_org/tiss,english,active
abnormal level of enzymes in specimens from resp org/thrx,Abnormal Level of Enzymes in Specimens From Resp Org/thrx,abnormal_level_of_enzymes_in_specimens_from_resp_org/thrx,english,active
abnormal level of hormones in cerebrospinal fluid,Abnormal Level of Hormones in Cerebrospinal Fluid,abnormal_level_of_hormones_in_cerebrospinal_fluid,english,active
abnormal level of hormones in specimens from oth org/tiss,Abnormal Level of Hormones in Specimens From Oth Org/tiss,abnormal_level_of_hormones_in_specimens_from_oth_org/tiss,english,active
abnormal level of hormones in specimens from resp org/thrx,Abnormal Level of Hormones in Specimens From Resp Org/thrx,abnormal_level_of_hormones_in_specimens_from_resp_org/thrx,english,active
abnormal level of lymph-node cellular cd19 expression,Abnormal Level of Lymph-node Cellular CD19 Expression,abnormal_level_of_lymph-node_cellular_cd19_expression,english,active
abnormal level of lymph-node cellular cd20 expression,Abnormal Level of Lymph-node Cellular CD20 Expression,abnormal_level_of_lymph-node_cellular_cd20_expression,english,active
abnormal level of natural antibody to blood group agents,Abnormal Level of Natural Antibody to Blood Group Agents,abnormal_level_of_natural_antibody_to_blood_group_agents,english,active
abnormal level of paf,Abnormal Level of PAF,abnormal_level_of_paf,english,active
abnormal level of phospholipids,Abnormal Level of Phospholipids,abnormal_level_of_phospholipids,english,active
abnormal level of platelet-activating factor,Abnormal Level of Platelet-activating Factor,abnormal_level_of_platelet-activating_factor,english,active
abnormal level of proteins in the broncho-alveolar fluid,Abnormal Level of Proteins in the Broncho-alveolar Fluid,abnormal_level_of_proteins_in_the_broncho-alveolar_fluid,english,active
abnormal levels of creatine kinase in blood,Abnormal Levels of Creatine Kinase in Blood,abnormal_levels_of_creatine_kinase_in_blood,english,active
abnormal levels of other serum enzymes,Abnormal Levels of Other Serum Enzymes,abnormal_levels_of_other_serum_enzymes,english,active
abnormal lexical patterns,Abnormal Lexical Patterns,abnormal_lexical_patterns,english,active
abnormal libido,Abnormal Libido,abnormal_libido,english,active
abnormal light- and dark-adapted electroretinogram,Abnormal Light- and Dark-adapted Electroretinogram,abnormal_light-_and_dark-adapted_electroretinogram,english,active
abnormal light-adapted 30hz flicker electroretinogram,Abnormal Light-adapted 30Hz Flicker Electroretinogram,abnormal_light-adapted_30hz_flicker_electroretinogram,english,active
abnormal light-adapted 30hz flicker erg,Abnormal Light-adapted 30Hz Flicker ERG,abnormal_light-adapted_30hz_flicker_erg,english,active
abnormal light-adapted electroretinogram,Abnormal Light-adapted Electroretinogram,abnormal_light-adapted_electroretinogram,english,active
abnormal light-adapted flicker electroretinogram,Abnormal Light-adapted Flicker Electroretinogram,abnormal_light-adapted_flicker_electroretinogram,english,active
abnormal light-adapted flicker erg,Abnormal Light-adapted Flicker ERG,abnormal_light-adapted_flicker_erg,english,active
abnormal light-adapted single flash electroretinogram,Abnormal Light-adapted Single Flash Electroretinogram,abnormal_light-adapted_single_flash_electroretinogram,english,active
abnormal limb bone morphology,Abnormal Limb Bone Morphology,abnormal_limb_bone_morphology,english,active
abnormal limb epiphysis morphology,Abnormal Limb Epiphysis Morphology,abnormal_limb_epiphysis_morphology,english,active
abnormal limb muscles,Abnormal Limb Muscles,abnormal_limb_muscles,english,active
abnormal limbs,Abnormal Limbs,abnormal_limbs,english,active
abnormal line of schwalbe morphology,Abnormal Line of Schwalbe Morphology,abnormal_line_of_schwalbe_morphology,english,active
abnormal lingual artery morphology,Abnormal Lingual Artery Morphology,abnormal_lingual_artery_morphology,english,active
abnormal lingual nerve morphology,Abnormal Lingual Nerve Morphology,abnormal_lingual_nerve_morphology,english,active
abnormal lip,Abnormal Lip,abnormal_lip,english,active
abnormal lip morphology,Abnormal Lip Morphology,abnormal_lip_morphology,english,active
abnormal lip pigmentation,Abnormal Lip Pigmentation,abnormal_lip_pigmentation,english,active
abnormal liver,Abnormal Liver,abnormal_liver,english,active
abnormal liver enzyme activity or concentration,Abnormal Liver Enzyme Activity or Concentration,abnormal_liver_enzyme_activity_or_concentration,english,active
abnormal liver enzymes,Abnormal Liver Enzymes,abnormal_liver_enzymes,english,active
abnormal liver function,Abnormal Liver Function,abnormal_liver_function,english,active
abnormal liver function tests,Abnormal Liver Function Tests,abnormal_liver_function_tests,english,active
abnormal liver function tests during pregnancy,Abnormal Liver Function Tests During Pregnancy,abnormal_liver_function_tests_during_pregnancy,english,active
abnormal liver iron concentration,Abnormal Liver Iron Concentration,abnormal_liver_iron_concentration,english,active
abnormal liver iron level,Abnormal Liver Iron Level,abnormal_liver_iron_level,english,active
abnormal liver lobulation,Abnormal Liver Lobulation,abnormal_liver_lobulation,english,active
abnormal liver metabolite concentration,Abnormal Liver Metabolite Concentration,abnormal_liver_metabolite_concentration,english,active
abnormal liver morphology,Abnormal Liver Morphology,abnormal_liver_morphology,english,active
abnormal liver parenchyma morphology,Abnormal Liver Parenchyma Morphology,abnormal_liver_parenchyma_morphology,english,active
abnormal liver physiology,Abnormal Liver Physiology,abnormal_liver_physiology,english,active
abnormal liver sonography,Abnormal Liver Sonography,abnormal_liver_sonography,english,active
abnormal lobe of ear,Abnormal Lobe of Ear,abnormal_lobe_of_ear,english,active
abnormal localisation of kidneys,Abnormal Localisation of Kidneys,abnormal_localisation_of_kidneys,english,active
abnormal localization of kidney,Abnormal Localization of Kidney,abnormal_localization_of_kidney,english,active
abnormal location of ears,Abnormal Location of Ears,abnormal_location_of_ears,english,active
abnormal location of eyebrows,Abnormal Location of Eyebrows,abnormal_location_of_eyebrows,english,active
abnormal location of hair swirl,Abnormal Location of Hair Swirl,abnormal_location_of_hair_swirl,english,active
abnormal location of heart atrium,Abnormal Location of Heart Atrium,abnormal_location_of_heart_atrium,english,active
abnormal location of the eyebrow,Abnormal Location of the Eyebrow,abnormal_location_of_the_eyebrow,english,active
abnormal long bone morphology,Abnormal Long Bone Morphology,abnormal_long_bone_morphology,english,active
abnormal lower cranial nerve function,Abnormal Lower Cranial Nerve Function,abnormal_lower_cranial_nerve_function,english,active
abnormal lower limb bone morphology,Abnormal Lower Limb Bone Morphology,abnormal_lower_limb_bone_morphology,english,active
abnormal lower limb epiphysis morphology,Abnormal Lower Limb Epiphysis Morphology,abnormal_lower_limb_epiphysis_morphology,english,active
abnormal lower lip morphology,Abnormal Lower Lip Morphology,abnormal_lower_lip_morphology,english,active
abnormal lower motor neuron morphology,Abnormal Lower Motor Neuron Morphology,abnormal_lower_motor_neuron_morphology,english,active
abnormal lower-limb metaphysis morphology,Abnormal Lower-limb Metaphysis Morphology,abnormal_lower-limb_metaphysis_morphology,english,active
abnormal lower-limb motor evoked potentials,Abnormal Lower-limb Motor Evoked Potentials,abnormal_lower-limb_motor_evoked_potentials,english,active
abnormal lumbar spine morphology,Abnormal Lumbar Spine Morphology,abnormal_lumbar_spine_morphology,english,active
abnormal lunate bone morphology,Abnormal Lunate Bone Morphology,abnormal_lunate_bone_morphology,english,active
abnormal lung auscultation finding,Abnormal Lung Auscultation Finding,abnormal_lung_auscultation_finding,english,active
abnormal lung development,Abnormal Lung Development,abnormal_lung_development,english,active
abnormal lung lobation,Abnormal Lung Lobation,abnormal_lung_lobation,english,active
abnormal lung morphology,Abnormal Lung Morphology,abnormal_lung_morphology,english,active
abnormal lung parenchyma morphology,Abnormal Lung Parenchyma Morphology,abnormal_lung_parenchyma_morphology,english,active
abnormal luteinizing hormone level,Abnormal Luteinizing Hormone Level,abnormal_luteinizing_hormone_level,english,active
abnormal lymph node cell composition,Abnormal Lymph Node Cell Composition,abnormal_lymph_node_cell_composition,english,active
abnormal lymph node histology,Abnormal Lymph Node Histology,abnormal_lymph_node_histology,english,active
abnormal lymph node mantle zone morphology,Abnormal Lymph Node Mantle Zone Morphology,abnormal_lymph_node_mantle_zone_morphology,english,active
abnormal lymph node marginal zone morphology,Abnormal Lymph Node Marginal Zone Morphology,abnormal_lymph_node_marginal_zone_morphology,english,active
abnormal lymph node morphology,Abnormal Lymph Node Morphology,abnormal_lymph_node_morphology,english,active
abnormal lymph-node biospecimen,Abnormal Lymph-node Biospecimen,abnormal_lymph-node_biospecimen,english,active
abnormal lymph-node cellular antigen expression,Abnormal Lymph-node Cellular Antigen Expression,abnormal_lymph-node_cellular_antigen_expression,english,active
abnormal lymph-node cellular b-cell marker expression,Abnormal Lymph-node Cellular B-cell Marker Expression,abnormal_lymph-node_cellular_b-cell_marker_expression,english,active
abnormal lymph-node cellular finding,Abnormal Lymph-node Cellular Finding,abnormal_lymph-node_cellular_finding,english,active
abnormal lymph-node follicle architecture,Abnormal Lymph-node Follicle Architecture,abnormal_lymph-node_follicle_architecture,english,active
abnormal lymph-node germinal center morphology,Abnormal Lymph-node Germinal Center Morphology,abnormal_lymph-node_germinal_center_morphology,english,active
abnormal lymph-node lymphoctye nuclear morphology,Abnormal Lymph-node Lymphoctye Nuclear Morphology,abnormal_lymph-node_lymphoctye_nuclear_morphology,english,active
abnormal lymph-node lymphocyte chromatin,Abnormal Lymph-node Lymphocyte Chromatin,abnormal_lymph-node_lymphocyte_chromatin,english,active
abnormal lymph-node lymphocyte cytoplasm morphology,Abnormal Lymph-node Lymphocyte Cytoplasm Morphology,abnormal_lymph-node_lymphocyte_cytoplasm_morphology,english,active
abnormal lymph-node marginal or mantle zone morphology,Abnormal Lymph-node Marginal or Mantle Zone Morphology,abnormal_lymph-node_marginal_or_mantle_zone_morphology,english,active
abnormal lymph-node tissue architecture,Abnormal Lymph-node Tissue Architecture,abnormal_lymph-node_tissue_architecture,english,active
abnormal lymphatic vessel morphology,Abnormal Lymphatic Vessel Morphology,abnormal_lymphatic_vessel_morphology,english,active
abnormal lymphocyte count,Abnormal Lymphocyte Count,abnormal_lymphocyte_count,english,active
abnormal lymphocyte counts,Abnormal Lymphocyte Counts,abnormal_lymphocyte_counts,english,active
abnormal lymphocyte morphology,Abnormal Lymphocyte Morphology,abnormal_lymphocyte_morphology,english,active
abnormal lymphocyte physiology,Abnormal Lymphocyte Physiology,abnormal_lymphocyte_physiology,english,active
abnormal lymphocyte proliferation,Abnormal Lymphocyte Proliferation,abnormal_lymphocyte_proliferation,english,active
abnormal lymphocyte surface marker expression,Abnormal Lymphocyte Surface Marker Expression,abnormal_lymphocyte_surface_marker_expression,english,active
abnormal lymphocytes,Abnormal Lymphocytes,abnormal_lymphocytes,english,active
abnormal lysine levels in cerebrospinal fluid,Abnormal Lysine Levels in Cerebrospinal Fluid,abnormal_lysine_levels_in_cerebrospinal_fluid,english,active
abnormal lysosomal morphology,Abnormal Lysosomal Morphology,abnormal_lysosomal_morphology,english,active
abnormal macrophage count,Abnormal Macrophage Count,abnormal_macrophage_count,english,active
abnormal macrophage morphology,Abnormal Macrophage Morphology,abnormal_macrophage_morphology,english,active
abnormal macroscopic urine appearance,Abnormal Macroscopic Urine Appearance,abnormal_macroscopic_urine_appearance,english,active
abnormal macular morphology,Abnormal Macular Morphology,abnormal_macular_morphology,english,active
abnormal macular pigmentation,Abnormal Macular Pigmentation,abnormal_macular_pigmentation,english,active
abnormal macular vasculature morphology,Abnormal Macular Vasculature Morphology,abnormal_macular_vasculature_morphology,english,active
abnormal magnesium concentration,Abnormal Magnesium Concentration,abnormal_magnesium_concentration,english,active
abnormal major histocompatibility complex class ii surface expression,Abnormal Major Histocompatibility Complex Class II Surface Expression,abnormal_major_histocompatibility_complex_class_ii_surface_e,english,active
abnormal malar bone morphology,Abnormal Malar Bone Morphology,abnormal_malar_bone_morphology,english,active
abnormal male external genitalia morphology,Abnormal Male External Genitalia Morphology,abnormal_male_external_genitalia_morphology,english,active
abnormal male genitals,Abnormal Male Genitals,abnormal_male_genitals,english,active
abnormal male germ cell morphology,Abnormal Male Germ Cell Morphology,abnormal_male_germ_cell_morphology,english,active
abnormal male internal genitalia morphology,Abnormal Male Internal Genitalia Morphology,abnormal_male_internal_genitalia_morphology,english,active
abnormal male reproductive system physiology,Abnormal Male Reproductive System Physiology,abnormal_male_reproductive_system_physiology,english,active
abnormal male urethral meatus morphology,Abnormal Male Urethral Meatus Morphology,abnormal_male_urethral_meatus_morphology,english,active
abnormal malleus morphology,Abnormal Malleus Morphology,abnormal_malleus_morphology,english,active
abnormal mandible condylar process morphology,Abnormal Mandible Condylar Process Morphology,abnormal_mandible_condylar_process_morphology,english,active
abnormal mandible coronoid process morphology,Abnormal Mandible Coronoid Process Morphology,abnormal_mandible_coronoid_process_morphology,english,active
abnormal mandible morphology,Abnormal Mandible Morphology,abnormal_mandible_morphology,english,active
abnormal mandibular ramus morphology,Abnormal Mandibular Ramus Morphology,abnormal_mandibular_ramus_morphology,english,active
abnormal mandibular symphysis morphology,Abnormal Mandibular Symphysis Morphology,abnormal_mandibular_symphysis_morphology,english,active
abnormal manganese concentration,Abnormal Manganese Concentration,abnormal_manganese_concentration,english,active
abnormal mannosylation of n-linked protein glycosylation,Abnormal Mannosylation of N-linked Protein Glycosylation,abnormal_mannosylation_of_n-linked_protein_glycosylation,english,active
abnormal manual kinetic perimetry test,Abnormal Manual Kinetic Perimetry Test,abnormal_manual_kinetic_perimetry_test,english,active
abnormal marker expression,Abnormal Marker Expression,abnormal_marker_expression,english,active
abnormal mast cell morphology,Abnormal Mast Cell Morphology,abnormal_mast_cell_morphology,english,active
abnormal mastoid morphology,Abnormal Mastoid Morphology,abnormal_mastoid_morphology,english,active
abnormal maternal serum screening,Abnormal Maternal Serum Screening,abnormal_maternal_serum_screening,english,active
abnormal maturation of breastbone,Abnormal Maturation of Breastbone,abnormal_maturation_of_breastbone,english,active
abnormal maturation of long bone in upper arm,Abnormal Maturation of Long Bone in Upper Arm,abnormal_maturation_of_long_bone_in_upper_arm,english,active
abnormal maturation of long bone of hand,Abnormal Maturation of Long Bone of Hand,abnormal_maturation_of_long_bone_of_hand,english,active
abnormal maxilla morphology,Abnormal Maxilla Morphology,abnormal_maxilla_morphology,english,active
abnormal mch,Abnormal MCH,abnormal_mch,english,active
abnormal mchc,Abnormal MCHC,abnormal_mchc,english,active
abnormal mcv,Abnormal MCV,abnormal_mcv,english,active
abnormal mean corpuscular haemoglobin,Abnormal Mean Corpuscular Haemoglobin,abnormal_mean_corpuscular_haemoglobin,english,active
abnormal mean corpuscular haemoglobin concentration,Abnormal Mean Corpuscular Haemoglobin Concentration,abnormal_mean_corpuscular_haemoglobin_concentration,english,active
abnormal mean corpuscular hb concentration,Abnormal Mean Corpuscular Hb Concentration,abnormal_mean_corpuscular_hb_concentration,english,active
abnormal mean corpuscular hemoglobin concentration,Abnormal Mean Corpuscular Hemoglobin Concentration,abnormal_mean_corpuscular_hemoglobin_concentration,english,active
abnormal mean corpuscular volume,Abnormal Mean Corpuscular Volume,abnormal_mean_corpuscular_volume,english,active
abnormal medial epicondyle morphology,Abnormal Medial Epicondyle Morphology,abnormal_medial_epicondyle_morphology,english,active
abnormal medial rectus muscle physiology,Abnormal Medial Rectus Muscle Physiology,abnormal_medial_rectus_muscle_physiology,english,active
abnormal mediastinum morphology,Abnormal Mediastinum Morphology,abnormal_mediastinum_morphology,english,active
abnormal medulla oblongata morphology,Abnormal Medulla Oblongata Morphology,abnormal_medulla_oblongata_morphology,english,active
abnormal medullary peritubular capillary lumen morphology,Abnormal Medullary Peritubular Capillary Lumen Morphology,abnormal_medullary_peritubular_capillary_lumen_morphology,english,active
abnormal medullary peritubular capillary morphology,Abnormal Medullary Peritubular Capillary Morphology,abnormal_medullary_peritubular_capillary_morphology,english,active
abnormal medullary pyramid morphology,Abnormal Medullary Pyramid Morphology,abnormal_medullary_pyramid_morphology,english,active
abnormal megakaryocyte morphology,Abnormal Megakaryocyte Morphology,abnormal_megakaryocyte_morphology,english,active
abnormal meiosis,Abnormal Meiosis,abnormal_meiosis,english,active
abnormal memory b cell proportion,Abnormal Memory B Cell Proportion,abnormal_memory_b_cell_proportion,english,active
abnormal memory cd8+ t cell proportion,Abnormal Memory CD8+ T Cell Proportion,abnormal_memory_cd8+_t_cell_proportion,english,active
abnormal memory t cell proportion,Abnormal Memory T Cell Proportion,abnormal_memory_t_cell_proportion,english,active
abnormal meningeal morphology,Abnormal Meningeal Morphology,abnormal_meningeal_morphology,english,active
abnormal meniscus morphology,Abnormal Meniscus Morphology,abnormal_meniscus_morphology,english,active
abnormal mesentery morphology,Abnormal Mesentery Morphology,abnormal_mesentery_morphology,english,active
abnormal metabolic brain imaging by mrs,Abnormal Metabolic Brain Imaging By MRS,abnormal_metabolic_brain_imaging_by_mrs,english,active
abnormal metabolic cart test,Abnormal Metabolic Cart Test,abnormal_metabolic_cart_test,english,active
abnormal metabolism,Abnormal Metabolism,abnormal_metabolism,english,active
abnormal metacarpal epiphysis morphology,Abnormal Metacarpal Epiphysis Morphology,abnormal_metacarpal_epiphysis_morphology,english,active
abnormal metacarpal morphology,Abnormal Metacarpal Morphology,abnormal_metacarpal_morphology,english,active
abnormal metacarpal ossification,Abnormal Metacarpal Ossification,abnormal_metacarpal_ossification,english,active
abnormal metacarpophalangeal joint morphology,Abnormal Metacarpophalangeal Joint Morphology,abnormal_metacarpophalangeal_joint_morphology,english,active
abnormal metaphyseal trabeculation,Abnormal Metaphyseal Trabeculation,abnormal_metaphyseal_trabeculation,english,active
abnormal metaphyseal vascular invasion,Abnormal Metaphyseal Vascular Invasion,abnormal_metaphyseal_vascular_invasion,english,active
abnormal metaphysis morphology,Abnormal Metaphysis Morphology,abnormal_metaphysis_morphology,english,active
abnormal metatarsal epiphysis morphology,Abnormal Metatarsal Epiphysis Morphology,abnormal_metatarsal_epiphysis_morphology,english,active
abnormal metatarsal morphology,Abnormal Metatarsal Morphology,abnormal_metatarsal_morphology,english,active
abnormal metatarsal ossification,Abnormal Metatarsal Ossification,abnormal_metatarsal_ossification,english,active
abnormal metencephalon morphology,Abnormal Metencephalon Morphology,abnormal_metencephalon_morphology,english,active
abnormal methacholine challenge test,Abnormal Methacholine Challenge Test,abnormal_methacholine_challenge_test,english,active
abnormal methionine levels in cerebrospinal fluid,Abnormal Methionine Levels in Cerebrospinal Fluid,abnormal_methionine_levels_in_cerebrospinal_fluid,english,active
abnormal mg concentration,Abnormal Mg Concentration,abnormal_mg_concentration,english,active
abnormal mhc ii cell surface expression,Abnormal MHC II Cell Surface Expression,abnormal_mhc_ii_cell_surface_expression,english,active
abnormal mhc surface expression,Abnormal MHC Surface Expression,abnormal_mhc_surface_expression,english,active
abnormal microbiolog findings in specimens from oth org/tiss,Abnormal Microbiolog Findings in Specimens From Oth Org/tiss,abnormal_microbiolog_findings_in_specimens_from_oth_org/tiss,english,active
abnormal microbiolog findings in specmn from resp org/thrx,Abnormal Microbiolog Findings in Specmn From Resp Org/thrx,abnormal_microbiolog_findings_in_specmn_from_resp_org/thrx,english,active
abnormal microbiological findings in cerebrospinal fluid,Abnormal Microbiological Findings in Cerebrospinal Fluid,abnormal_microbiological_findings_in_cerebrospinal_fluid,english,active
abnormal microglia morphology,Abnormal Microglia Morphology,abnormal_microglia_morphology,english,active
abnormal midbrain morphology,Abnormal Midbrain Morphology,abnormal_midbrain_morphology,english,active
abnormal middle bone of ring finger,Abnormal Middle Bone of Ring Finger,abnormal_middle_bone_of_ring_finger,english,active
abnormal middle bones of toe,Abnormal Middle Bones of Toe,abnormal_middle_bones_of_toe,english,active
abnormal middle ear morphology,Abnormal Middle Ear Morphology,abnormal_middle_ear_morphology,english,active
abnormal middle ear reflexes,Abnormal Middle Ear Reflexes,abnormal_middle_ear_reflexes,english,active
abnormal middle finger bone of the middle finger,Abnormal Middle Finger Bone of the Middle Finger,abnormal_middle_finger_bone_of_the_middle_finger,english,active
abnormal middle index finger bone,Abnormal Middle Index Finger Bone,abnormal_middle_index_finger_bone,english,active
abnormal middle phalanx morphology of the hand,Abnormal Middle Phalanx Morphology of the Hand,abnormal_middle_phalanx_morphology_of_the_hand,english,active
abnormal middle-ear-muscles (mem) reflex,Abnormal Middle-ear-muscles (MEM) Reflex,abnormal_middle-ear-muscles_(mem)_reflex,english,active
abnormal midface morphology,Abnormal Midface Morphology,abnormal_midface_morphology,english,active
abnormal migration of corneal endothelium,Abnormal Migration of Corneal Endothelium,abnormal_migration_of_corneal_endothelium,english,active
abnormal mitochondria in muscle,Abnormal Mitochondria in Muscle,abnormal_mitochondria_in_muscle,english,active
abnormal mitochondria in muscle tissue,Abnormal Mitochondria in Muscle Tissue,abnormal_mitochondria_in_muscle_tissue,english,active
abnormal mitochondrial morphology,Abnormal Mitochondrial Morphology,abnormal_mitochondrial_morphology,english,active
abnormal mitochondrial number,Abnormal Mitochondrial Number,abnormal_mitochondrial_number,english,active
abnormal mitochondrial proliferation in podocytes,Abnormal Mitochondrial Proliferation in Podocytes,abnormal_mitochondrial_proliferation_in_podocytes,english,active
abnormal mitochondrial shape,Abnormal Mitochondrial Shape,abnormal_mitochondrial_shape,english,active
abnormal mitochondrion morphology,Abnormal Mitochondrion Morphology,abnormal_mitochondrion_morphology,english,active
abnormal mitral valve annulus morphology,Abnormal Mitral Valve Annulus Morphology,abnormal_mitral_valve_annulus_morphology,english,active
abnormal mitral valve leaflet morphology,Abnormal Mitral Valve Leaflet Morphology,abnormal_mitral_valve_leaflet_morphology,english,active
abnormal mitral valve morphology,Abnormal Mitral Valve Morphology,abnormal_mitral_valve_morphology,english,active
abnormal mitral valve physiology,Abnormal Mitral Valve Physiology,abnormal_mitral_valve_physiology,english,active
abnormal mixed venous oxygen saturation,Abnormal Mixed Venous Oxygen Saturation,abnormal_mixed_venous_oxygen_saturation,english,active
abnormal molar morphology,Abnormal Molar Morphology,abnormal_molar_morphology,english,active
abnormal monocyte count,Abnormal Monocyte Count,abnormal_monocyte_count,english,active
abnormal monocyte morphology,Abnormal Monocyte Morphology,abnormal_monocyte_morphology,english,active
abnormal monocyte number,Abnormal Monocyte Number,abnormal_monocyte_number,english,active
abnormal morphology of bones of the lower limbs,Abnormal Morphology of Bones of the Lower Limbs,abnormal_morphology_of_bones_of_the_lower_limbs,english,active
abnormal morphology of bones of the upper limbs,Abnormal Morphology of Bones of the Upper Limbs,abnormal_morphology_of_bones_of_the_upper_limbs,english,active
abnormal morphology of bony orbit of skull,Abnormal Morphology of Bony Orbit of Skull,abnormal_morphology_of_bony_orbit_of_skull,english,active
abnormal morphology of bowman capsule,Abnormal Morphology of Bowman Capsule,abnormal_morphology_of_bowman_capsule,english,active
abnormal morphology of bowman's capsule,Abnormal Morphology of Bowman's Capsule,abnormal_morphology_of_bowman's_capsule,english,active
abnormal morphology of erythroid progenitor cell,Abnormal Morphology of Erythroid Progenitor Cell,abnormal_morphology_of_erythroid_progenitor_cell,english,active
abnormal morphology of female internal genitalia,Abnormal Morphology of Female Internal Genitalia,abnormal_morphology_of_female_internal_genitalia,english,active
abnormal morphology of left ventricular trabeculae,Abnormal Morphology of Left Ventricular Trabeculae,abnormal_morphology_of_left_ventricular_trabeculae,english,active
abnormal morphology of musculature of pharynx,Abnormal Morphology of Musculature of Pharynx,abnormal_morphology_of_musculature_of_pharynx,english,active
abnormal morphology of myocardial trabeculae,Abnormal Morphology of Myocardial Trabeculae,abnormal_morphology_of_myocardial_trabeculae,english,active
abnormal morphology of phalanx of the 2nd toe,Abnormal Morphology of Phalanx of the 2nd Toe,abnormal_morphology_of_phalanx_of_the_2nd_toe,english,active
abnormal morphology of right ventricular trabeculae,Abnormal Morphology of Right Ventricular Trabeculae,abnormal_morphology_of_right_ventricular_trabeculae,english,active
abnormal morphology of the abdominal musculature,Abnormal Morphology of the Abdominal Musculature,abnormal_morphology_of_the_abdominal_musculature,english,active
abnormal morphology of the amygdala,Abnormal Morphology of the Amygdala,abnormal_morphology_of_the_amygdala,english,active
abnormal morphology of the cerebellar cortex,Abnormal Morphology of the Cerebellar Cortex,abnormal_morphology_of_the_cerebellar_cortex,english,active
abnormal morphology of the chest musculature,Abnormal Morphology of the Chest Musculature,abnormal_morphology_of_the_chest_musculature,english,active
abnormal morphology of the chordae tendinae of the mitral valve,Abnormal Morphology of the Chordae Tendinae of the Mitral Valve,abnormal_morphology_of_the_chordae_tendinae_of_the_mitral_va,english,active
abnormal morphology of the choroidal vasculature,Abnormal Morphology of the Choroidal Vasculature,abnormal_morphology_of_the_choroidal_vasculature,english,active
abnormal morphology of the conjunctiva vasculature,Abnormal Morphology of the Conjunctiva Vasculature,abnormal_morphology_of_the_conjunctiva_vasculature,english,active
abnormal morphology of the conjunctival vasculature,Abnormal Morphology of the Conjunctival Vasculature,abnormal_morphology_of_the_conjunctival_vasculature,english,active
abnormal morphology of the cortex of the humerus,Abnormal Morphology of the Cortex of the Humerus,abnormal_morphology_of_the_cortex_of_the_humerus,english,active
abnormal morphology of the face,Abnormal Morphology of the Face,abnormal_morphology_of_the_face,english,active
abnormal morphology of the frontal region,Abnormal Morphology of the Frontal Region,abnormal_morphology_of_the_frontal_region,english,active
abnormal morphology of the great vessels,Abnormal Morphology of the Great Vessels,abnormal_morphology_of_the_great_vessels,english,active
abnormal morphology of the hippocampus,Abnormal Morphology of the Hippocampus,abnormal_morphology_of_the_hippocampus,english,active
abnormal morphology of the interlobular vein lumen,Abnormal Morphology of the Interlobular Vein Lumen,abnormal_morphology_of_the_interlobular_vein_lumen,english,active
abnormal morphology of the limbic system,Abnormal Morphology of the Limbic System,abnormal_morphology_of_the_limbic_system,english,active
abnormal morphology of the macular vasculature,Abnormal Morphology of the Macular Vasculature,abnormal_morphology_of_the_macular_vasculature,english,active
abnormal morphology of the midface,Abnormal Morphology of the Midface,abnormal_morphology_of_the_midface,english,active
abnormal morphology of the musculature of the neck,Abnormal Morphology of the Musculature of the Neck,abnormal_morphology_of_the_musculature_of_the_neck,english,active
abnormal morphology of the nasal alae,Abnormal Morphology of the Nasal Alae,abnormal_morphology_of_the_nasal_alae,english,active
abnormal morphology of the olfactory bulb,Abnormal Morphology of the Olfactory Bulb,abnormal_morphology_of_the_olfactory_bulb,english,active
abnormal morphology of the palpebral fissure,Abnormal Morphology of the Palpebral Fissure,abnormal_morphology_of_the_palpebral_fissure,english,active
abnormal morphology of the pelvis musculature,Abnormal Morphology of the Pelvis Musculature,abnormal_morphology_of_the_pelvis_musculature,english,active
abnormal morphology of the posterior segment of the globe,Abnormal Morphology of the Posterior Segment of the Globe,abnormal_morphology_of_the_posterior_segment_of_the_globe,english,active
abnormal morphology of the proximal phalanx of the 2nd toe,Abnormal Morphology of the Proximal Phalanx of the 2nd Toe,abnormal_morphology_of_the_proximal_phalanx_of_the_2nd_toe,english,active
abnormal morphology of the proximal phalanx of the 3rd toe,Abnormal Morphology of the Proximal Phalanx of the 3rd Toe,abnormal_morphology_of_the_proximal_phalanx_of_the_3rd_toe,english,active
abnormal morphology of the proximal phalanx of the 4th toe,Abnormal Morphology of the Proximal Phalanx of the 4th Toe,abnormal_morphology_of_the_proximal_phalanx_of_the_4th_toe,english,active
abnormal morphology of the proximal phalanx of the 5th toe,Abnormal Morphology of the Proximal Phalanx of the 5th Toe,abnormal_morphology_of_the_proximal_phalanx_of_the_5th_toe,english,active
abnormal morphology of the proximal phalanx of the hallux,Abnormal Morphology of the Proximal Phalanx of the Hallux,abnormal_morphology_of_the_proximal_phalanx_of_the_hallux,english,active
abnormal morphology of the radius,Abnormal Morphology of the Radius,abnormal_morphology_of_the_radius,english,active
abnormal morphology of the shoulder musculature,Abnormal Morphology of the Shoulder Musculature,abnormal_morphology_of_the_shoulder_musculature,english,active
abnormal morphology of the vestibule of the inner ear,Abnormal Morphology of the Vestibule of the Inner Ear,abnormal_morphology_of_the_vestibule_of_the_inner_ear,english,active
abnormal morphology of ulna,Abnormal Morphology of Ulna,abnormal_morphology_of_ulna,english,active
abnormal motility of the globe of the eye,Abnormal Motility of the Globe of the Eye,abnormal_motility_of_the_globe_of_the_eye,english,active
abnormal motor evoked potentials,Abnormal Motor Evoked Potentials,abnormal_motor_evoked_potentials,english,active
abnormal motor evoked potentials in the lower limb,Abnormal Motor Evoked Potentials in the Lower Limb,abnormal_motor_evoked_potentials_in_the_lower_limb,english,active
abnormal motor evoked potentials in the upper limb,Abnormal Motor Evoked Potentials in the Upper Limb,abnormal_motor_evoked_potentials_in_the_upper_limb,english,active
abnormal motor nerve conduction velocity,Abnormal Motor Nerve Conduction Velocity,abnormal_motor_nerve_conduction_velocity,english,active
abnormal motor neuron morphology,Abnormal Motor Neuron Morphology,abnormal_motor_neuron_morphology,english,active
abnormal mouth,Abnormal Mouth,abnormal_mouth,english,active
abnormal mouth floor morphology,Abnormal Mouth Floor Morphology,abnormal_mouth_floor_morphology,english,active
abnormal movement during sleep,Abnormal Movement During Sleep,abnormal_movement_during_sleep,english,active
abnormal movement of the globe of the eye,Abnormal Movement of the Globe of the Eye,abnormal_movement_of_the_globe_of_the_eye,english,active
abnormal mucociliary clearance,Abnormal Mucociliary Clearance,abnormal_mucociliary_clearance,english,active
abnormal mucociliary transport,Abnormal Mucociliary Transport,abnormal_mucociliary_transport,english,active
abnormal multifocal electroretinogram,Abnormal Multifocal Electroretinogram,abnormal_multifocal_electroretinogram,english,active
abnormal muscle fiber alpha dystroglycan,Abnormal Muscle Fiber Alpha Dystroglycan,abnormal_muscle_fiber_alpha_dystroglycan,english,active
abnormal muscle fiber alpha sarcoglycan,Abnormal Muscle Fiber Alpha Sarcoglycan,abnormal_muscle_fiber_alpha_sarcoglycan,english,active
abnormal muscle fiber beta sarcoglycan,Abnormal Muscle Fiber Beta Sarcoglycan,abnormal_muscle_fiber_beta_sarcoglycan,english,active
abnormal muscle fiber calpain-3,Abnormal Muscle Fiber Calpain-3,abnormal_muscle_fiber_calpain-3,english,active
abnormal muscle fiber delta sarcoglycan,Abnormal Muscle Fiber Delta Sarcoglycan,abnormal_muscle_fiber_delta_sarcoglycan,english,active
abnormal muscle fiber desmin,Abnormal Muscle Fiber Desmin,abnormal_muscle_fiber_desmin,english,active
abnormal muscle fiber dysferlin,Abnormal Muscle Fiber Dysferlin,abnormal_muscle_fiber_dysferlin,english,active
abnormal muscle fiber dystrophin expression,Abnormal Muscle Fiber Dystrophin Expression,abnormal_muscle_fiber_dystrophin_expression,english,active
abnormal muscle fiber emerin,Abnormal Muscle Fiber Emerin,abnormal_muscle_fiber_emerin,english,active
abnormal muscle fiber gamma sarcoglycan,Abnormal Muscle Fiber Gamma Sarcoglycan,abnormal_muscle_fiber_gamma_sarcoglycan,english,active
abnormal muscle fiber lamin a/c,Abnormal Muscle Fiber Lamin A/C,abnormal_muscle_fiber_lamin_a/c,english,active
abnormal muscle fiber laminin beta 1,Abnormal Muscle Fiber Laminin Beta 1,abnormal_muscle_fiber_laminin_beta_1,english,active
abnormal muscle fiber merosin expression,Abnormal Muscle Fiber Merosin Expression,abnormal_muscle_fiber_merosin_expression,english,active
abnormal muscle fiber morphology,Abnormal Muscle Fiber Morphology,abnormal_muscle_fiber_morphology,english,active
abnormal muscle fiber myotilin,Abnormal Muscle Fiber Myotilin,abnormal_muscle_fiber_myotilin,english,active
abnormal muscle fiber protein expression,Abnormal Muscle Fiber Protein Expression,abnormal_muscle_fiber_protein_expression,english,active
abnormal muscle fiber valosin-containing protein,Abnormal Muscle Fiber Valosin-containing Protein,abnormal_muscle_fiber_valosin-containing_protein,english,active
abnormal muscle fiber-type distribution,Abnormal Muscle Fiber-type Distribution,abnormal_muscle_fiber-type_distribution,english,active
abnormal muscle fibre alpha dystroglycan,Abnormal Muscle Fibre Alpha Dystroglycan,abnormal_muscle_fibre_alpha_dystroglycan,english,active
abnormal muscle fibre alpha sarcoglycan,Abnormal Muscle Fibre Alpha Sarcoglycan,abnormal_muscle_fibre_alpha_sarcoglycan,english,active
abnormal muscle fibre beta sarcoglycan,Abnormal Muscle Fibre Beta Sarcoglycan,abnormal_muscle_fibre_beta_sarcoglycan,english,active
abnormal muscle fibre calpain-3,Abnormal Muscle Fibre Calpain-3,abnormal_muscle_fibre_calpain-3,english,active
abnormal muscle fibre delta sarcoglycan,Abnormal Muscle Fibre Delta Sarcoglycan,abnormal_muscle_fibre_delta_sarcoglycan,english,active
abnormal muscle fibre desmin,Abnormal Muscle Fibre Desmin,abnormal_muscle_fibre_desmin,english,active
abnormal muscle fibre dysferlin,Abnormal Muscle Fibre Dysferlin,abnormal_muscle_fibre_dysferlin,english,active
abnormal muscle fibre dystrophin expression,Abnormal Muscle Fibre Dystrophin Expression,abnormal_muscle_fibre_dystrophin_expression,english,active
abnormal muscle fibre emerin,Abnormal Muscle Fibre Emerin,abnormal_muscle_fibre_emerin,english,active
abnormal muscle fibre gamma sarcoglycan,Abnormal Muscle Fibre Gamma Sarcoglycan,abnormal_muscle_fibre_gamma_sarcoglycan,english,active
abnormal muscle fibre lamin a/c,Abnormal Muscle Fibre Lamin A/C,abnormal_muscle_fibre_lamin_a/c,english,active
abnormal muscle fibre laminin beta 1,Abnormal Muscle Fibre Laminin Beta 1,abnormal_muscle_fibre_laminin_beta_1,english,active
abnormal muscle fibre merosin expression,Abnormal Muscle Fibre Merosin Expression,abnormal_muscle_fibre_merosin_expression,english,active
abnormal muscle fibre morphology,Abnormal Muscle Fibre Morphology,abnormal_muscle_fibre_morphology,english,active
abnormal muscle fibre myotilin,Abnormal Muscle Fibre Myotilin,abnormal_muscle_fibre_myotilin,english,active
abnormal muscle fibre protein expression,Abnormal Muscle Fibre Protein Expression,abnormal_muscle_fibre_protein_expression,english,active
abnormal muscle fibre valosin-containing protein,Abnormal Muscle Fibre Valosin-containing Protein,abnormal_muscle_fibre_valosin-containing_protein,english,active
abnormal muscle glycogen content,Abnormal Muscle Glycogen Content,abnormal_muscle_glycogen_content,english,active
abnormal muscle morphology,Abnormal Muscle Morphology,abnormal_muscle_morphology,english,active
abnormal muscle physiology,Abnormal Muscle Physiology,abnormal_muscle_physiology,english,active
abnormal muscle succinate dehydrogenase staining,Abnormal Muscle Succinate Dehydrogenase Staining,abnormal_muscle_succinate_dehydrogenase_staining,english,active
abnormal muscle tissue enzyme activity or level,Abnormal Muscle Tissue Enzyme Activity or Level,abnormal_muscle_tissue_enzyme_activity_or_level,english,active
abnormal muscle tissue metabolite concentration,Abnormal Muscle Tissue Metabolite Concentration,abnormal_muscle_tissue_metabolite_concentration,english,active
abnormal muscle tone,Abnormal Muscle Tone,abnormal_muscle_tone,english,active
abnormal musculoskeletal physiology,Abnormal Musculoskeletal Physiology,abnormal_musculoskeletal_physiology,english,active
abnormal myelination,Abnormal Myelination,abnormal_myelination,english,active
abnormal myeloid cell morphology,Abnormal Myeloid Cell Morphology,abnormal_myeloid_cell_morphology,english,active
abnormal myeloid leukocyte morphology,Abnormal Myeloid Leukocyte Morphology,abnormal_myeloid_leukocyte_morphology,english,active
abnormal myocardium morphology,Abnormal Myocardium Morphology,abnormal_myocardium_morphology,english,active
abnormal nail attachment,Abnormal Nail Attachment,abnormal_nail_attachment,english,active
abnormal nail growth,Abnormal Nail Growth,abnormal_nail_growth,english,active
abnormal nail morphology,Abnormal Nail Morphology,abnormal_nail_morphology,english,active
abnormal nail shape,Abnormal Nail Shape,abnormal_nail_shape,english,active
abnormal nail surface,Abnormal Nail Surface,abnormal_nail_surface,english,active
abnormal naive b cell proportion,Abnormal Naive B Cell Proportion,abnormal_naive_b_cell_proportion,english,active
abnormal naive cd4+ t cell proportion,Abnormal Naive CD4+ T Cell Proportion,abnormal_naive_cd4+_t_cell_proportion,english,active
abnormal naive cd4-positive t cell proportion,Abnormal Naive CD4-positive T Cell Proportion,abnormal_naive_cd4-positive_t_cell_proportion,english,active
abnormal naive cd8+ t cell proportion,Abnormal Naive CD8+ T Cell Proportion,abnormal_naive_cd8+_t_cell_proportion,english,active
abnormal naive t cell proportion,Abnormal Naive T Cell Proportion,abnormal_naive_t_cell_proportion,english,active
abnormal naris morphology,Abnormal Naris Morphology,abnormal_naris_morphology,english,active
abnormal nasal base,Abnormal Nasal Base,abnormal_nasal_base,english,active
abnormal nasal base norphology,Abnormal Nasal Base Norphology,abnormal_nasal_base_norphology,english,active
abnormal nasal bone morphology,Abnormal Nasal Bone Morphology,abnormal_nasal_bone_morphology,english,active
abnormal nasal bridge morphology,Abnormal Nasal Bridge Morphology,abnormal_nasal_bridge_morphology,english,active
abnormal nasal cartilage morphology,Abnormal Nasal Cartilage Morphology,abnormal_nasal_cartilage_morphology,english,active
abnormal nasal cavity morphology,Abnormal Nasal Cavity Morphology,abnormal_nasal_cavity_morphology,english,active
abnormal nasal dorsum morphology,Abnormal Nasal Dorsum Morphology,abnormal_nasal_dorsum_morphology,english,active
abnormal nasal hair morphology,Abnormal Nasal Hair Morphology,abnormal_nasal_hair_morphology,english,active
abnormal nasal morphology,Abnormal Nasal Morphology,abnormal_nasal_morphology,english,active
abnormal nasal mucosa morphology,Abnormal Nasal Mucosa Morphology,abnormal_nasal_mucosa_morphology,english,active
abnormal nasal mucus secretion,Abnormal Nasal Mucus Secretion,abnormal_nasal_mucus_secretion,english,active
abnormal nasal septum morphology,Abnormal Nasal Septum Morphology,abnormal_nasal_septum_morphology,english,active
abnormal nasal skeleton morphology,Abnormal Nasal Skeleton Morphology,abnormal_nasal_skeleton_morphology,english,active
abnormal nasal tip morphology,Abnormal Nasal Tip Morphology,abnormal_nasal_tip_morphology,english,active
abnormal nasolabial region morphology,Abnormal Nasolabial Region Morphology,abnormal_nasolabial_region_morphology,english,active
abnormal nasolacrimal system morphology,Abnormal Nasolacrimal System Morphology,abnormal_nasolacrimal_system_morphology,english,active
abnormal nasopharyngeal adenoid morphology,Abnormal Nasopharyngeal Adenoid Morphology,abnormal_nasopharyngeal_adenoid_morphology,english,active
abnormal nasopharynx morphology,Abnormal Nasopharynx Morphology,abnormal_nasopharynx_morphology,english,active
abnormal natural killer cell morphology,Abnormal Natural Killer Cell Morphology,abnormal_natural_killer_cell_morphology,english,active
abnormal natural killer cell physiology,Abnormal Natural Killer Cell Physiology,abnormal_natural_killer_cell_physiology,english,active
abnormal natural killer subset distribution,Abnormal Natural Killer Subset Distribution,abnormal_natural_killer_subset_distribution,english,active
abnormal navel,Abnormal Navel,abnormal_navel,english,active
abnormal neck blood vessel morphology,Abnormal Neck Blood Vessel Morphology,abnormal_neck_blood_vessel_morphology,english,active
abnormal neck curve,Abnormal Neck Curve,abnormal_neck_curve,english,active
abnormal neck morphology,Abnormal Neck Morphology,abnormal_neck_morphology,english,active
abnormal neck of thigh bone,Abnormal Neck of Thigh Bone,abnormal_neck_of_thigh_bone,english,active
abnormal neck or head of thigh bone,Abnormal Neck or Head of Thigh Bone,abnormal_neck_or_head_of_thigh_bone,english,active
abnormal neck physiology,Abnormal Neck Physiology,abnormal_neck_physiology,english,active
abnormal neoplastic cell morphology,Abnormal Neoplastic Cell Morphology,abnormal_neoplastic_cell_morphology,english,active
abnormal nephron morphology,Abnormal Nephron Morphology,abnormal_nephron_morphology,english,active
abnormal nerve conduction,Abnormal Nerve Conduction,abnormal_nerve_conduction,english,active
abnormal nerve conduction study,Abnormal Nerve Conduction Study,abnormal_nerve_conduction_study,english,active
abnormal nerve conduction velocities,Abnormal Nerve Conduction Velocities,abnormal_nerve_conduction_velocities,english,active
abnormal nerve conduction velocity,Abnormal Nerve Conduction Velocity,abnormal_nerve_conduction_velocity,english,active
abnormal nervous system electrophysiology,Abnormal Nervous System Electrophysiology,abnormal_nervous_system_electrophysiology,english,active
abnormal nervous system morphology,Abnormal Nervous System Morphology,abnormal_nervous_system_morphology,english,active
abnormal nervous system physiology,Abnormal Nervous System Physiology,abnormal_nervous_system_physiology,english,active
abnormal neural tube morphology,Abnormal Neural Tube Morphology,abnormal_neural_tube_morphology,english,active
abnormal neurilemmal cell morphology,Abnormal Neurilemmal Cell Morphology,abnormal_neurilemmal_cell_morphology,english,active
abnormal neurilemmocyte morphology,Abnormal Neurilemmocyte Morphology,abnormal_neurilemmocyte_morphology,english,active
abnormal neuron branching,Abnormal Neuron Branching,abnormal_neuron_branching,english,active
abnormal neuron morphology,Abnormal Neuron Morphology,abnormal_neuron_morphology,english,active
abnormal neuron shape,Abnormal Neuron Shape,abnormal_neuron_shape,english,active
abnormal neuronal branching,Abnormal Neuronal Branching,abnormal_neuronal_branching,english,active
abnormal neuronal migration,Abnormal Neuronal Migration,abnormal_neuronal_migration,english,active
abnormal neuronal morphology,Abnormal Neuronal Morphology,abnormal_neuronal_morphology,english,active
abnormal neutrophil cell number,Abnormal Neutrophil Cell Number,abnormal_neutrophil_cell_number,english,active
abnormal neutrophil count,Abnormal Neutrophil Count,abnormal_neutrophil_count,english,active
abnormal neutrophil morphology,Abnormal Neutrophil Morphology,abnormal_neutrophil_morphology,english,active
abnormal neutrophil physiology,Abnormal Neutrophil Physiology,abnormal_neutrophil_physiology,english,active
abnormal nipple discharge,Abnormal Nipple Discharge,abnormal_nipple_discharge,english,active
abnormal nipple morphology,Abnormal Nipple Morphology,abnormal_nipple_morphology,english,active
abnormal nk cell count,Abnormal NK Cell Count,abnormal_nk_cell_count,english,active
abnormal nk cell physiology,Abnormal NK Cell Physiology,abnormal_nk_cell_physiology,english,active
abnormal nk cells,Abnormal NK Cells,abnormal_nk_cells,english,active
abnormal nonverbal communicative behavior,Abnormal Nonverbal Communicative Behavior,abnormal_nonverbal_communicative_behavior,english,active
abnormal nose morphology,Abnormal Nose Morphology,abnormal_nose_morphology,english,active
abnormal nostril morphology,Abnormal Nostril Morphology,abnormal_nostril_morphology,english,active
abnormal number of adult teeth,Abnormal Number of Adult Teeth,abnormal_number_of_adult_teeth,english,active
abnormal number of alpha granules,Abnormal Number of Alpha Granules,abnormal_number_of_alpha_granules,english,active
abnormal number of b cells,Abnormal Number of B Cells,abnormal_number_of_b_cells,english,active
abnormal number of dense granules,Abnormal Number of Dense Granules,abnormal_number_of_dense_granules,english,active
abnormal number of erythroid precursors,Abnormal Number of Erythroid Precursors,abnormal_number_of_erythroid_precursors,english,active
abnormal number of front teeth,Abnormal Number of Front Teeth,abnormal_number_of_front_teeth,english,active
abnormal number of granulocyte precursors,Abnormal Number of Granulocyte Precursors,abnormal_number_of_granulocyte_precursors,english,active
abnormal number of hair swirls,Abnormal Number of Hair Swirls,abnormal_number_of_hair_swirls,english,active
abnormal number of hair whorls,Abnormal Number of Hair Whorls,abnormal_number_of_hair_whorls,english,active
abnormal number of incisors,Abnormal Number of Incisors,abnormal_number_of_incisors,english,active
abnormal number of lymphocytes,Abnormal Number of Lymphocytes,abnormal_number_of_lymphocytes,english,active
abnormal number of natural killer cells,Abnormal Number of Natural Killer Cells,abnormal_number_of_natural_killer_cells,english,active
abnormal number of permanent teeth,Abnormal Number of Permanent Teeth,abnormal_number_of_permanent_teeth,english,active
abnormal number of secondary dentition,Abnormal Number of Secondary Dentition,abnormal_number_of_secondary_dentition,english,active
abnormal number of t cells,Abnormal Number of T Cells,abnormal_number_of_t_cells,english,active
abnormal number of teeth,Abnormal Number of Teeth,abnormal_number_of_teeth,english,active
abnormal number of tubercles,Abnormal Number of Tubercles,abnormal_number_of_tubercles,english,active
abnormal number of vertebrae,Abnormal Number of Vertebrae,abnormal_number_of_vertebrae,english,active
abnormal numbers of b cells,Abnormal Numbers of B Cells,abnormal_numbers_of_b_cells,english,active
abnormal numbers of lymphocytes,Abnormal Numbers of Lymphocytes,abnormal_numbers_of_lymphocytes,english,active
abnormal o2 blood concentration,Abnormal O2 Blood Concentration,abnormal_o2_blood_concentration,english,active
abnormal o2 level in cord blood,Abnormal O2 Level in Cord Blood,abnormal_o2_level_in_cord_blood,english,active
abnormal oblique muscle physiology,Abnormal Oblique Muscle Physiology,abnormal_oblique_muscle_physiology,english,active
abnormal occipital bone morphology,Abnormal Occipital Bone Morphology,abnormal_occipital_bone_morphology,english,active
abnormal occipitofrontal diameter,Abnormal Occipitofrontal Diameter,abnormal_occipitofrontal_diameter,english,active
abnormal oct-measured foveal thickness,Abnormal OCT-measured Foveal Thickness,abnormal_oct-measured_foveal_thickness,english,active
abnormal oct-measured macular thickness,Abnormal OCT-measured Macular Thickness,abnormal_oct-measured_macular_thickness,english,active
abnormal ocular adnexa morphology,Abnormal Ocular Adnexa Morphology,abnormal_ocular_adnexa_morphology,english,active
abnormal ocular adnexa physiology,Abnormal Ocular Adnexa Physiology,abnormal_ocular_adnexa_physiology,english,active
abnormal ocular alignment,Abnormal Ocular Alignment,abnormal_ocular_alignment,english,active
abnormal ocular movements,Abnormal Ocular Movements,abnormal_ocular_movements,english,active
abnormal oculomotor study,Abnormal Oculomotor Study,abnormal_oculomotor_study,english,active
abnormal odontoid peg,Abnormal Odontoid Peg,abnormal_odontoid_peg,english,active
abnormal odontoid process,Abnormal Odontoid Process,abnormal_odontoid_process,english,active
abnormal odontoid process morphology,Abnormal Odontoid Process Morphology,abnormal_odontoid_process_morphology,english,active
abnormal odontoid tissue morphology,Abnormal Odontoid Tissue Morphology,abnormal_odontoid_tissue_morphology,english,active
abnormal oesophagus morphology,Abnormal Oesophagus Morphology,abnormal_oesophagus_morphology,english,active
abnormal oestrogen level,Abnormal Oestrogen Level,abnormal_oestrogen_level,english,active
abnormal of morphology of nose,Abnormal of Morphology of Nose,abnormal_of_morphology_of_nose,english,active
abnormal of nasal shape,Abnormal of Nasal Shape,abnormal_of_nasal_shape,english,active
abnormal of shape of nose,Abnormal of Shape of Nose,abnormal_of_shape_of_nose,english,active
abnormal olecranon morphology,Abnormal Olecranon Morphology,abnormal_olecranon_morphology,english,active
abnormal olfactory lobe morphology,Abnormal Olfactory Lobe Morphology,abnormal_olfactory_lobe_morphology,english,active
abnormal oligodendroglia morphology,Abnormal Oligodendroglia Morphology,abnormal_oligodendroglia_morphology,english,active
abnormal onset of bleeding,Abnormal Onset of Bleeding,abnormal_onset_of_bleeding,english,active
abnormal oocyte morphology,Abnormal Oocyte Morphology,abnormal_oocyte_morphology,english,active
abnormal optic chiasm morphology,Abnormal Optic Chiasm Morphology,abnormal_optic_chiasm_morphology,english,active
abnormal optic disc morphology,Abnormal Optic Disc Morphology,abnormal_optic_disc_morphology,english,active
abnormal optic disc vasculature morphology,Abnormal Optic Disc Vasculature Morphology,abnormal_optic_disc_vasculature_morphology,english,active
abnormal optic nerve morphology,Abnormal Optic Nerve Morphology,abnormal_optic_nerve_morphology,english,active
abnormal optical coherence tomography,Abnormal Optical Coherence Tomography,abnormal_optical_coherence_tomography,english,active
abnormal oral cavity morphology,Abnormal Oral Cavity Morphology,abnormal_oral_cavity_morphology,english,active
abnormal oral frenulum morphology,Abnormal Oral Frenulum Morphology,abnormal_oral_frenulum_morphology,english,active
abnormal oral glucose tolerance,Abnormal Oral Glucose Tolerance,abnormal_oral_glucose_tolerance,english,active
abnormal oral morphology,Abnormal Oral Morphology,abnormal_oral_morphology,english,active
abnormal oral mucosa morphology,Abnormal Oral Mucosa Morphology,abnormal_oral_mucosa_morphology,english,active
abnormal oral physiology,Abnormal Oral Physiology,abnormal_oral_physiology,english,active
abnormal ornithine levels in cerebrospinal fluid,Abnormal Ornithine Levels in Cerebrospinal Fluid,abnormal_ornithine_levels_in_cerebrospinal_fluid,english,active
abnormal ossification involving metacarpal bones,Abnormal Ossification Involving Metacarpal Bones,abnormal_ossification_involving_metacarpal_bones,english,active
abnormal ossification involving metatarsal bones,Abnormal Ossification Involving Metatarsal Bones,abnormal_ossification_involving_metatarsal_bones,english,active
abnormal ossification involving the bones of the pelvis,Abnormal Ossification Involving the Bones of the Pelvis,abnormal_ossification_involving_the_bones_of_the_pelvis,english,active
abnormal ossification involving the femoral head and neck,Abnormal Ossification Involving the Femoral Head and Neck,abnormal_ossification_involving_the_femoral_head_and_neck,english,active
abnormal ossification of hand bones,Abnormal Ossification of Hand Bones,abnormal_ossification_of_hand_bones,english,active
abnormal ossification of tarsal bones,Abnormal Ossification of Tarsal Bones,abnormal_ossification_of_tarsal_bones,english,active
abnormal ossification of the ischium,Abnormal Ossification of the Ischium,abnormal_ossification_of_the_ischium,english,active
abnormal ossification of the pubic bone,Abnormal Ossification of the Pubic Bone,abnormal_ossification_of_the_pubic_bone,english,active
abnormal ossification of the sacrum,Abnormal Ossification of the Sacrum,abnormal_ossification_of_the_sacrum,english,active
abnormal ossification of the scaphoid,Abnormal Ossification of the Scaphoid,abnormal_ossification_of_the_scaphoid,english,active
abnormal ossification of the trapezium,Abnormal Ossification of the Trapezium,abnormal_ossification_of_the_trapezium,english,active
abnormal ossification of the trapezoid bone,Abnormal Ossification of the Trapezoid Bone,abnormal_ossification_of_the_trapezoid_bone,english,active
abnormal osteoclast count,Abnormal Osteoclast Count,abnormal_osteoclast_count,english,active
abnormal ovarian morphology,Abnormal Ovarian Morphology,abnormal_ovarian_morphology,english,active
abnormal ovarian physiology,Abnormal Ovarian Physiology,abnormal_ovarian_physiology,english,active
abnormal oxygen amount in umbilical cord blood,Abnormal Oxygen Amount in Umbilical Cord Blood,abnormal_oxygen_amount_in_umbilical_cord_blood,english,active
abnormal oxygen level in cord blood,Abnormal Oxygen Level in Cord Blood,abnormal_oxygen_level_in_cord_blood,english,active
abnormal p wave,Abnormal P Wave,abnormal_p_wave,english,active
abnormal p50/n95 ratio of pattern electroretinogram,Abnormal P50/N95 Ratio of Pattern Electroretinogram,abnormal_p50/n95_ratio_of_pattern_electroretinogram,english,active
abnormal palate morphology,Abnormal Palate Morphology,abnormal_palate_morphology,english,active
abnormal palatine bone morphology,Abnormal Palatine Bone Morphology,abnormal_palatine_bone_morphology,english,active
abnormal palm morphology,Abnormal Palm Morphology,abnormal_palm_morphology,english,active
abnormal palmar dermal ridges,Abnormal Palmar Dermal Ridges,abnormal_palmar_dermal_ridges,english,active
abnormal palmar dermatoglyphics,Abnormal Palmar Dermatoglyphics,abnormal_palmar_dermatoglyphics,english,active
abnormal pancreas location,Abnormal Pancreas Location,abnormal_pancreas_location,english,active
abnormal pancreas morphology,Abnormal Pancreas Morphology,abnormal_pancreas_morphology,english,active
abnormal pancreas size,Abnormal Pancreas Size,abnormal_pancreas_size,english,active
abnormal pancreatic acinus morphology,Abnormal Pancreatic Acinus Morphology,abnormal_pancreatic_acinus_morphology,english,active
abnormal pancreatic duct morphology,Abnormal Pancreatic Duct Morphology,abnormal_pancreatic_duct_morphology,english,active
abnormal papillary muscle morphology,Abnormal Papillary Muscle Morphology,abnormal_papillary_muscle_morphology,english,active
abnormal paracentral response of multifocal electroretinogram,Abnormal Paracentral Response of Multifocal Electroretinogram,abnormal_paracentral_response_of_multifocal_electroretinogra,english,active
abnormal paranasal sinus morphology,Abnormal Paranasal Sinus Morphology,abnormal_paranasal_sinus_morphology,english,active
abnormal parathyroid morphology,Abnormal Parathyroid Morphology,abnormal_parathyroid_morphology,english,active
abnormal parietal bone morphology,Abnormal Parietal Bone Morphology,abnormal_parietal_bone_morphology,english,active
abnormal parotid gland morphology,Abnormal Parotid Gland Morphology,abnormal_parotid_gland_morphology,english,active
abnormal partial thromboplastin time,Abnormal Partial Thromboplastin Time,abnormal_partial_thromboplastin_time,english,active
abnormal patella morphology,Abnormal Patella Morphology,abnormal_patella_morphology,english,active
abnormal pattern electroretinogram,Abnormal Pattern Electroretinogram,abnormal_pattern_electroretinogram,english,active
abnormal pattern of respiration,Abnormal Pattern of Respiration,abnormal_pattern_of_respiration,english,active
abnormal pec muscles,Abnormal Pec Muscles,abnormal_pec_muscles,english,active
abnormal pectoral muscle morphology,Abnormal Pectoral Muscle Morphology,abnormal_pectoral_muscle_morphology,english,active
abnormal peer relationships,Abnormal Peer Relationships,abnormal_peer_relationships,english,active
abnormal pelli robson contrast sensitivity chart test,Abnormal Pelli Robson Contrast Sensitivity Chart Test,abnormal_pelli_robson_contrast_sensitivity_chart_test,english,active
abnormal pelvic girdle bone morphology,Abnormal Pelvic Girdle Bone Morphology,abnormal_pelvic_girdle_bone_morphology,english,active
abnormal pelvis bone morphology,Abnormal Pelvis Bone Morphology,abnormal_pelvis_bone_morphology,english,active
abnormal pelvis bone ossification,Abnormal Pelvis Bone Ossification,abnormal_pelvis_bone_ossification,english,active
abnormal penis morphology,Abnormal Penis Morphology,abnormal_penis_morphology,english,active
abnormal perceptual state,Abnormal Perceptual State,abnormal_perceptual_state,english,active
abnormal periauricular region morphology,Abnormal Periauricular Region Morphology,abnormal_periauricular_region_morphology,english,active
abnormal pericardium morphology,Abnormal Pericardium Morphology,abnormal_pericardium_morphology,english,active
abnormal perifollicular morphology,Abnormal Perifollicular Morphology,abnormal_perifollicular_morphology,english,active
abnormal periodontium morphology,Abnormal Periodontium Morphology,abnormal_periodontium_morphology,english,active
abnormal periosteum morphology,Abnormal Periosteum Morphology,abnormal_periosteum_morphology,english,active
abnormal peripapillary microvascular network,Abnormal Peripapillary Microvascular Network,abnormal_peripapillary_microvascular_network,english,active
abnormal peripheral action potential amplitude,Abnormal Peripheral Action Potential Amplitude,abnormal_peripheral_action_potential_amplitude,english,active
abnormal peripheral myelination,Abnormal Peripheral Myelination,abnormal_peripheral_myelination,english,active
abnormal peripheral nerve morphology by anatomical site,Abnormal Peripheral Nerve Morphology By Anatomical Site,abnormal_peripheral_nerve_morphology_by_anatomical_site,english,active
abnormal peripheral nervous system ganglion morphology,Abnormal Peripheral Nervous System Ganglion Morphology,abnormal_peripheral_nervous_system_ganglion_morphology,english,active
abnormal peripheral nervous system morphology,Abnormal Peripheral Nervous System Morphology,abnormal_peripheral_nervous_system_morphology,english,active
abnormal peripheral nervous system physiology,Abnormal Peripheral Nervous System Physiology,abnormal_peripheral_nervous_system_physiology,english,active
abnormal peripheral nervous system structure,Abnormal Peripheral Nervous System Structure,abnormal_peripheral_nervous_system_structure,english,active
abnormal peripheral nervous system synaptic transmission,Abnormal Peripheral Nervous System Synaptic Transmission,abnormal_peripheral_nervous_system_synaptic_transmission,english,active
abnormal peristalsis,Abnormal Peristalsis,abnormal_peristalsis,english,active
abnormal peritoneum morphology,Abnormal Peritoneum Morphology,abnormal_peritoneum_morphology,english,active
abnormal peritubular capillary morphology,Abnormal Peritubular Capillary Morphology,abnormal_peritubular_capillary_morphology,english,active
abnormal periungual morphology,Abnormal Periungual Morphology,abnormal_periungual_morphology,english,active
abnormal periventricular white matter morphology,Abnormal Periventricular White Matter Morphology,abnormal_periventricular_white_matter_morphology,english,active
abnormal permanent molar morphology,Abnormal Permanent Molar Morphology,abnormal_permanent_molar_morphology,english,active
abnormal permanent tooth count,Abnormal Permanent Tooth Count,abnormal_permanent_tooth_count,english,active
abnormal peroxisomal morphology,Abnormal Peroxisomal Morphology,abnormal_peroxisomal_morphology,english,active
abnormal phagocytosis,Abnormal Phagocytosis,abnormal_phagocytosis,english,active
abnormal phalangeal joint morphology of the hand,Abnormal Phalangeal Joint Morphology of the Hand,abnormal_phalangeal_joint_morphology_of_the_hand,english,active
abnormal pharynx morphology,Abnormal Pharynx Morphology,abnormal_pharynx_morphology,english,active
abnormal pharynx physiology,Abnormal Pharynx Physiology,abnormal_pharynx_physiology,english,active
abnormal phenylalanine levels in cerebrospinal fluid,Abnormal Phenylalanine Levels in Cerebrospinal Fluid,abnormal_phenylalanine_levels_in_cerebrospinal_fluid,english,active
abnormal philtrum,Abnormal Philtrum,abnormal_philtrum,english,active
abnormal phosphoribosylpyrophosphate synthetase level,Abnormal Phosphoribosylpyrophosphate Synthetase Level,abnormal_phosphoribosylpyrophosphate_synthetase_level,english,active
abnormal phytanic acid to pristanic acid ratio,Abnormal Phytanic Acid to Pristanic Acid Ratio,abnormal_phytanic_acid_to_pristanic_acid_ratio,english,active
abnormal phytanic acid:pristanic acid ratio,Abnormal Phytanic Acid:pristanic Acid Ratio,abnormal_phytanic_acid:pristanic_acid_ratio,english,active
abnormal pia mater,Abnormal Pia Mater,abnormal_pia_mater,english,active
abnormal pigmentation,Abnormal Pigmentation,abnormal_pigmentation,english,active
abnormal pigmentation in sun-exposed skin,Abnormal Pigmentation in Sun-exposed Skin,abnormal_pigmentation_in_sun-exposed_skin,english,active
abnormal pigmentation of oral cavity,Abnormal Pigmentation of Oral Cavity,abnormal_pigmentation_of_oral_cavity,english,active
abnormal pigmentation of oral mucous membrane,Abnormal Pigmentation of Oral Mucous Membrane,abnormal_pigmentation_of_oral_mucous_membrane,english,active
abnormal pigmentation of the oral mucosa,Abnormal Pigmentation of the Oral Mucosa,abnormal_pigmentation_of_the_oral_mucosa,english,active
abnormal pigmentation of the oral mucosa/gingivae,Abnormal Pigmentation of the Oral Mucosa/gingivae,abnormal_pigmentation_of_the_oral_mucosa/gingivae,english,active
abnormal pineal melatonin secretion,Abnormal Pineal Melatonin Secretion,abnormal_pineal_melatonin_secretion,english,active
abnormal pineal morphology,Abnormal Pineal Morphology,abnormal_pineal_morphology,english,active
abnormal pineal volume,Abnormal Pineal Volume,abnormal_pineal_volume,english,active
abnormal pinhole visual acuity test,Abnormal Pinhole Visual Acuity Test,abnormal_pinhole_visual_acuity_test,english,active
abnormal pinna morphology,Abnormal Pinna Morphology,abnormal_pinna_morphology,english,active
abnormal pinnae,Abnormal Pinnae,abnormal_pinnae,english,active
abnormal pitch,Abnormal Pitch,abnormal_pitch,english,active
abnormal pituitary gland morphology,Abnormal Pituitary Gland Morphology,abnormal_pituitary_gland_morphology,english,active
abnormal pituitary glycoprotein hormone alpha subunit level,Abnormal Pituitary Glycoprotein Hormone Alpha Subunit Level,abnormal_pituitary_glycoprotein_hormone_alpha_subunit_level,english,active
abnormal pituitary stalk morphology,Abnormal Pituitary Stalk Morphology,abnormal_pituitary_stalk_morphology,english,active
abnormal placenta morphology,Abnormal Placenta Morphology,abnormal_placenta_morphology,english,active
abnormal placental adhesion into the uterine wall,Abnormal Placental Adhesion Into the Uterine Wall,abnormal_placental_adhesion_into_the_uterine_wall,english,active
abnormal placental membrane morphology,Abnormal Placental Membrane Morphology,abnormal_placental_membrane_morphology,english,active
abnormal placental pentration beyond the uterine wall,Abnormal Placental Pentration Beyond the Uterine Wall,abnormal_placental_pentration_beyond_the_uterine_wall,english,active
abnormal placental size,Abnormal Placental Size,abnormal_placental_size,english,active
abnormal plantar dermatoglyphics,Abnormal Plantar Dermatoglyphics,abnormal_plantar_dermatoglyphics,english,active
abnormal plasma aldosterone,Abnormal Plasma Aldosterone,abnormal_plasma_aldosterone,english,active
abnormal plasma cell count,Abnormal Plasma Cell Count,abnormal_plasma_cell_count,english,active
abnormal plasma ferritin,Abnormal Plasma Ferritin,abnormal_plasma_ferritin,english,active
abnormal plasma renin,Abnormal Plasma Renin,abnormal_plasma_renin,english,active
abnormal plasma viscosity,Abnormal Plasma Viscosity,abnormal_plasma_viscosity,english,active
abnormal plasmablast proportion,Abnormal Plasmablast Proportion,abnormal_plasmablast_proportion,english,active
abnormal platelet aggregation,Abnormal Platelet Aggregation,abnormal_platelet_aggregation,english,active
abnormal platelet alpha granule secretion,Abnormal Platelet Alpha Granule Secretion,abnormal_platelet_alpha_granule_secretion,english,active
abnormal platelet atp dense granule secretion,Abnormal Platelet ATP Dense Granule Secretion,abnormal_platelet_atp_dense_granule_secretion,english,active
abnormal platelet count,Abnormal Platelet Count,abnormal_platelet_count,english,active
abnormal platelet dense granule atp/adp ratio,Abnormal Platelet Dense Granule ATP/ADP Ratio,abnormal_platelet_dense_granule_atp/adp_ratio,english,active
abnormal platelet dense granule secretion,Abnormal Platelet Dense Granule Secretion,abnormal_platelet_dense_granule_secretion,english,active
abnormal platelet function,Abnormal Platelet Function,abnormal_platelet_function,english,active
abnormal platelet granule secretion,Abnormal Platelet Granule Secretion,abnormal_platelet_granule_secretion,english,active
abnormal platelet granules,Abnormal Platelet Granules,abnormal_platelet_granules,english,active
abnormal platelet lysosome secretion,Abnormal Platelet Lysosome Secretion,abnormal_platelet_lysosome_secretion,english,active
abnormal platelet membrane protein expression,Abnormal Platelet Membrane Protein Expression,abnormal_platelet_membrane_protein_expression,english,active
abnormal platelet morphology,Abnormal Platelet Morphology,abnormal_platelet_morphology,english,active
abnormal platelet phosphatidylserine exposure,Abnormal Platelet Phosphatidylserine Exposure,abnormal_platelet_phosphatidylserine_exposure,english,active
abnormal platelet shape,Abnormal Platelet Shape,abnormal_platelet_shape,english,active
abnormal platelet volume,Abnormal Platelet Volume,abnormal_platelet_volume,english,active
abnormal platysma muscle morphology,Abnormal Platysma Muscle Morphology,abnormal_platysma_muscle_morphology,english,active
abnormal play,Abnormal Play,abnormal_play,english,active
abnormal pleura morphology,Abnormal Pleura Morphology,abnormal_pleura_morphology,english,active
abnormal pns synaptic transmission,Abnormal PNS Synaptic Transmission,abnormal_pns_synaptic_transmission,english,active
abnormal podocyte morphology,Abnormal Podocyte Morphology,abnormal_podocyte_morphology,english,active
abnormal pons morphology,Abnormal Pons Morphology,abnormal_pons_morphology,english,active
abnormal portal venous system morphology,Abnormal Portal Venous System Morphology,abnormal_portal_venous_system_morphology,english,active
abnormal position of hair whorl,Abnormal Position of Hair Whorl,abnormal_position_of_hair_whorl,english,active
abnormal position of the lacrimal punctum,Abnormal Position of the Lacrimal Punctum,abnormal_position_of_the_lacrimal_punctum,english,active
abnormal posterior circulating artery morphology,Abnormal Posterior Circulating Artery Morphology,abnormal_posterior_circulating_artery_morphology,english,active
abnormal posterior cranial fossa morphology,Abnormal Posterior Cranial Fossa Morphology,abnormal_posterior_cranial_fossa_morphology,english,active
abnormal posterior eye segment morphology,Abnormal Posterior Eye Segment Morphology,abnormal_posterior_eye_segment_morphology,english,active
abnormal posterior periventricular white matter morphology,Abnormal Posterior Periventricular White Matter Morphology,abnormal_posterior_periventricular_white_matter_morphology,english,active
abnormal posterior pituitary morphogenesis,Abnormal Posterior Pituitary Morphogenesis,abnormal_posterior_pituitary_morphogenesis,english,active
abnormal posterior segment imaging,Abnormal Posterior Segment Imaging,abnormal_posterior_segment_imaging,english,active
abnormal posterior semicircular canal morphology,Abnormal Posterior Semicircular Canal Morphology,abnormal_posterior_semicircular_canal_morphology,english,active
abnormal postural reaction,Abnormal Postural Reaction,abnormal_postural_reaction,english,active
abnormal postural reflex,Abnormal Postural Reflex,abnormal_postural_reflex,english,active
abnormal posture,Abnormal Posture,abnormal_posture,english,active
abnormal posturing,Abnormal Posturing,abnormal_posturing,english,active
abnormal pr interval,Abnormal PR Interval,abnormal_pr_interval,english,active
abnormal pr segment,Abnormal PR Segment,abnormal_pr_segment,english,active
abnormal preimplantation embryonic development,Abnormal Preimplantation Embryonic Development,abnormal_preimplantation_embryonic_development,english,active
abnormal premolar morphology,Abnormal Premolar Morphology,abnormal_premolar_morphology,english,active
abnormal preoccupation,Abnormal Preoccupation,abnormal_preoccupation,english,active
abnormal preputium morphology,Abnormal Preputium Morphology,abnormal_preputium_morphology,english,active
abnormal presence of ultra-large von willebrand factor multimers,Abnormal Presence of Ultra-large Von Willebrand Factor Multimers,abnormal_presence_of_ultra-large_von_willebrand_factor_multi,english,active
abnormal primary molar morphology,Abnormal Primary Molar Morphology,abnormal_primary_molar_morphology,english,active
abnormal prints on feet,Abnormal Prints On Feet,abnormal_prints_on_feet,english,active
abnormal probe-to-bone test,Abnormal Probe-to-bone Test,abnormal_probe-to-bone_test,english,active
abnormal proerythroblast morphology,Abnormal Proerythroblast Morphology,abnormal_proerythroblast_morphology,english,active
abnormal prolactin level,Abnormal Prolactin Level,abnormal_prolactin_level,english,active
abnormal prominence of the crus of the ear,Abnormal Prominence of the Crus of the Ear,abnormal_prominence_of_the_crus_of_the_ear,english,active
abnormal proportion of cd19+/cd21low b cells,Abnormal Proportion of CD19+/CD21low B Cells,abnormal_proportion_of_cd19+/cd21low_b_cells,english,active
abnormal proportion of cd19+cd27+igd- cells,Abnormal Proportion of CD19+CD27+IgD- Cells,abnormal_proportion_of_cd19+cd27+igd-_cells,english,active
abnormal proportion of cd19+cd38+igm+ cells,Abnormal Proportion of CD19+CD38+IgM+ Cells,abnormal_proportion_of_cd19+cd38+igm+_cells,english,active
abnormal proportion of cd4+ memory t cells,Abnormal Proportion of CD4+ Memory T Cells,abnormal_proportion_of_cd4+_memory_t_cells,english,active
abnormal proportion of cd4+ t cells,Abnormal Proportion of CD4+ T Cells,abnormal_proportion_of_cd4+_t_cells,english,active
abnormal proportion of cd4+cd29+ cells,Abnormal Proportion of CD4+CD29+ Cells,abnormal_proportion_of_cd4+cd29+_cells,english,active
abnormal proportion of cd4+cd45ra+ cells,Abnormal Proportion of CD4+CD45RA+ Cells,abnormal_proportion_of_cd4+cd45ra+_cells,english,active
abnormal proportion of cd4-positive helper t cells,Abnormal Proportion of CD4-positive Helper T Cells,abnormal_proportion_of_cd4-positive_helper_t_cells,english,active
abnormal proportion of cd4-positive memory t cells,Abnormal Proportion of CD4-positive Memory T Cells,abnormal_proportion_of_cd4-positive_memory_t_cells,english,active
abnormal proportion of cd4-positive t cells,Abnormal Proportion of CD4-positive T Cells,abnormal_proportion_of_cd4-positive_t_cells,english,active
"abnormal proportion of cd4-positive, alpha-beta t cells","Abnormal Proportion of CD4-positive, Alpha-beta T Cells","abnormal_proportion_of_cd4-positive,_alpha-beta_t_cells",english,active
abnormal proportion of cd8+ t cells,Abnormal Proportion of CD8+ T Cells,abnormal_proportion_of_cd8+_t_cells,english,active
abnormal proportion of cd8-positive memory t cells,Abnormal Proportion of CD8-positive Memory T Cells,abnormal_proportion_of_cd8-positive_memory_t_cells,english,active
abnormal proportion of cd8-positive t cells,Abnormal Proportion of CD8-positive T Cells,abnormal_proportion_of_cd8-positive_t_cells,english,active
abnormal proportion of cd8-positive temra t cells,Abnormal Proportion of CD8-positive TEMRA T Cells,abnormal_proportion_of_cd8-positive_temra_t_cells,english,active
"abnormal proportion of cd8-positive, alpha-beta t cells","Abnormal Proportion of CD8-positive, Alpha-beta T Cells","abnormal_proportion_of_cd8-positive,_alpha-beta_t_cells",english,active
abnormal proportion of central memory cd8-positive t cells,Abnormal Proportion of Central Memory CD8-positive T Cells,abnormal_proportion_of_central_memory_cd8-positive_t_cells,english,active
abnormal proportion of circulating t-helper cells,Abnormal Proportion of Circulating T-helper Cells,abnormal_proportion_of_circulating_t-helper_cells,english,active
abnormal proportion of class-switched memory b cells,Abnormal Proportion of Class-switched Memory B Cells,abnormal_proportion_of_class-switched_memory_b_cells,english,active
abnormal proportion of double-negative regulatory t cell,Abnormal Proportion of Double-negative Regulatory T Cell,abnormal_proportion_of_double-negative_regulatory_t_cell,english,active
abnormal proportion of effector memory cd8-positive t cells,Abnormal Proportion of Effector Memory CD8-positive T Cells,abnormal_proportion_of_effector_memory_cd8-positive_t_cells,english,active
abnormal proportion of exhausted t cells,Abnormal Proportion of Exhausted T Cells,abnormal_proportion_of_exhausted_t_cells,english,active
abnormal proportion of gamma-delta t cells,Abnormal Proportion of Gamma-delta T Cells,abnormal_proportion_of_gamma-delta_t_cells,english,active
abnormal proportion of gamma-delta t lymphocytes,Abnormal Proportion of Gamma-delta T Lymphocytes,abnormal_proportion_of_gamma-delta_t_lymphocytes,english,active
abnormal proportion of gammadelta t cells,Abnormal Proportion of Gammadelta T Cells,abnormal_proportion_of_gammadelta_t_cells,english,active
abnormal proportion of hla dr+ cd4+ t cells,Abnormal Proportion of HLA DR+ CD4+ T Cells,abnormal_proportion_of_hla_dr+_cd4+_t_cells,english,active
abnormal proportion of hla dr+ cd8+ t cells,Abnormal Proportion of HLA DR+ CD8+ T Cells,abnormal_proportion_of_hla_dr+_cd8+_t_cells,english,active
abnormal proportion of immature b cells,Abnormal Proportion of Immature B Cells,abnormal_proportion_of_immature_b_cells,english,active
abnormal proportion of marginal zone b cells,Abnormal Proportion of Marginal Zone B Cells,abnormal_proportion_of_marginal_zone_b_cells,english,active
abnormal proportion of memory b cells,Abnormal Proportion of Memory B Cells,abnormal_proportion_of_memory_b_cells,english,active
abnormal proportion of memory t cells,Abnormal Proportion of Memory T Cells,abnormal_proportion_of_memory_t_cells,english,active
abnormal proportion of naive b cells,Abnormal Proportion of Naive B Cells,abnormal_proportion_of_naive_b_cells,english,active
abnormal proportion of naive cd4 t cells,Abnormal Proportion of Naive CD4 T Cells,abnormal_proportion_of_naive_cd4_t_cells,english,active
abnormal proportion of naive cd8 t cells,Abnormal Proportion of Naive CD8 T Cells,abnormal_proportion_of_naive_cd8_t_cells,english,active
abnormal proportion of naive t cells,Abnormal Proportion of Naive T Cells,abnormal_proportion_of_naive_t_cells,english,active
"abnormal proportion of naive thymus-derived cd4-positive, alpha-beta t cells","Abnormal Proportion of Naive Thymus-derived CD4-positive, Alpha-beta T Cells","abnormal_proportion_of_naive_thymus-derived_cd4-positive,_al",english,active
"abnormal proportion of naive thymus-derived, alpha-beta t cells","Abnormal Proportion of Naive Thymus-derived, Alpha-beta T Cells","abnormal_proportion_of_naive_thymus-derived,_alpha-beta_t_ce",english,active
abnormal proportion of non-class-switched memory b cells,Abnormal Proportion of Non-class-switched Memory B Cells,abnormal_proportion_of_non-class-switched_memory_b_cells,english,active
abnormal proportion of regulatory t cells,Abnormal Proportion of Regulatory T Cells,abnormal_proportion_of_regulatory_t_cells,english,active
abnormal proportion of rte cd4+ t cells,Abnormal Proportion of RTE CD4+ T Cells,abnormal_proportion_of_rte_cd4+_t_cells,english,active
abnormal proportion of transitional b cells,Abnormal Proportion of Transitional B Cells,abnormal_proportion_of_transitional_b_cells,english,active
abnormal proportion of unswitched memory b cells,Abnormal Proportion of Unswitched Memory B Cells,abnormal_proportion_of_unswitched_memory_b_cells,english,active
abnormal prosody,Abnormal Prosody,abnormal_prosody,english,active
abnormal prostate morphology,Abnormal Prostate Morphology,abnormal_prostate_morphology,english,active
abnormal protein glycosylation,Abnormal Protein Glycosylation,abnormal_protein_glycosylation,english,active
abnormal protein n-linked glycosylation,Abnormal Protein N-linked Glycosylation,abnormal_protein_n-linked_glycosylation,english,active
abnormal protein o-linked glycosylation,Abnormal Protein O-linked Glycosylation,abnormal_protein_o-linked_glycosylation,english,active
abnormal prothrombin time,Abnormal Prothrombin Time,abnormal_prothrombin_time,english,active
abnormal proximal convoluted tubule morphology,Abnormal Proximal Convoluted Tubule Morphology,abnormal_proximal_convoluted_tubule_morphology,english,active
abnormal proximal femoral metaphysis morphology,Abnormal Proximal Femoral Metaphysis Morphology,abnormal_proximal_femoral_metaphysis_morphology,english,active
abnormal proximal phalanx morphology of the hand,Abnormal Proximal Phalanx Morphology of the Hand,abnormal_proximal_phalanx_morphology_of_the_hand,english,active
abnormal proximal radial epiphysis morphology,Abnormal Proximal Radial Epiphysis Morphology,abnormal_proximal_radial_epiphysis_morphology,english,active
abnormal proximal ulnar epiphysis morphology,Abnormal Proximal Ulnar Epiphysis Morphology,abnormal_proximal_ulnar_epiphysis_morphology,english,active
abnormal psychotic pattern,Abnormal Psychotic Pattern,abnormal_psychotic_pattern,english,active
abnormal pt,Abnormal PT,abnormal_pt,english,active
abnormal pubic bone morphology,Abnormal Pubic Bone Morphology,abnormal_pubic_bone_morphology,english,active
abnormal pulmonary alveolar system development,Abnormal Pulmonary Alveolar System Development,abnormal_pulmonary_alveolar_system_development,english,active
abnormal pulmonary alveolar system morphology,Abnormal Pulmonary Alveolar System Morphology,abnormal_pulmonary_alveolar_system_morphology,english,active
abnormal pulmonary artery morphology,Abnormal Pulmonary Artery Morphology,abnormal_pulmonary_artery_morphology,english,active
abnormal pulmonary artery physiology,Abnormal Pulmonary Artery Physiology,abnormal_pulmonary_artery_physiology,english,active
abnormal pulmonary circulation,Abnormal Pulmonary Circulation,abnormal_pulmonary_circulation,english,active
abnormal pulmonary fissure architecture,Abnormal Pulmonary Fissure Architecture,abnormal_pulmonary_fissure_architecture,english,active
abnormal pulmonary fissure count,Abnormal Pulmonary Fissure Count,abnormal_pulmonary_fissure_count,english,active
abnormal pulmonary fissure morphology,Abnormal Pulmonary Fissure Morphology,abnormal_pulmonary_fissure_morphology,english,active
abnormal pulmonary function test,Abnormal Pulmonary Function Test,abnormal_pulmonary_function_test,english,active
abnormal pulmonary interstitial morphology,Abnormal Pulmonary Interstitial Morphology,abnormal_pulmonary_interstitial_morphology,english,active
abnormal pulmonary lobation,Abnormal Pulmonary Lobation,abnormal_pulmonary_lobation,english,active
abnormal pulmonary lymphatics,Abnormal Pulmonary Lymphatics,abnormal_pulmonary_lymphatics,english,active
abnormal pulmonary situs morphology,Abnormal Pulmonary Situs Morphology,abnormal_pulmonary_situs_morphology,english,active
abnormal pulmonary thoracic imaging finding,Abnormal Pulmonary Thoracic Imaging Finding,abnormal_pulmonary_thoracic_imaging_finding,english,active
abnormal pulmonary type ii cell morphology,Abnormal Pulmonary Type II Cell Morphology,abnormal_pulmonary_type_ii_cell_morphology,english,active
abnormal pulmonary valve cusp morphology,Abnormal Pulmonary Valve Cusp Morphology,abnormal_pulmonary_valve_cusp_morphology,english,active
abnormal pulmonary valve morphology,Abnormal Pulmonary Valve Morphology,abnormal_pulmonary_valve_morphology,english,active
abnormal pulmonary valve physiology,Abnormal Pulmonary Valve Physiology,abnormal_pulmonary_valve_physiology,english,active
abnormal pulmonary vein morphology,Abnormal Pulmonary Vein Morphology,abnormal_pulmonary_vein_morphology,english,active
abnormal pulmonary vein physiology,Abnormal Pulmonary Vein Physiology,abnormal_pulmonary_vein_physiology,english,active
abnormal pulse,Abnormal Pulse,abnormal_pulse,english,active
abnormal pulse pressure,Abnormal Pulse Pressure,abnormal_pulse_pressure,english,active
abnormal pupil morphology,Abnormal Pupil Morphology,abnormal_pupil_morphology,english,active
abnormal pupil shape,Abnormal Pupil Shape,abnormal_pupil_shape,english,active
abnormal pupillary function,Abnormal Pupillary Function,abnormal_pupillary_function,english,active
abnormal pupillary light reflex,Abnormal Pupillary Light Reflex,abnormal_pupillary_light_reflex,english,active
abnormal pupillary morphology,Abnormal Pupillary Morphology,abnormal_pupillary_morphology,english,active
abnormal putamen morphology,Abnormal Putamen Morphology,abnormal_putamen_morphology,english,active
abnormal pyramidal sign,Abnormal Pyramidal Sign,abnormal_pyramidal_sign,english,active
abnormal pyramidal tract morphology,Abnormal Pyramidal Tract Morphology,abnormal_pyramidal_tract_morphology,english,active
abnormal pyruvate-family amino acid levels in cerebrospinal fluid,Abnormal Pyruvate-family Amino Acid Levels in Cerebrospinal Fluid,abnormal_pyruvate-family_amino_acid_levels_in_cerebrospinal_,english,active
abnormal q wave,Abnormal Q Wave,abnormal_q_wave,english,active
abnormal qrs axis,Abnormal QRS Axis,abnormal_qrs_axis,english,active
abnormal qrs complex,Abnormal QRS Complex,abnormal_qrs_complex,english,active
abnormal qrs voltage,Abnormal QRS Voltage,abnormal_qrs_voltage,english,active
abnormal qt interval,Abnormal QT Interval,abnormal_qt_interval,english,active
abnormal quality of facial expression,Abnormal Quality of Facial Expression,abnormal_quality_of_facial_expression,english,active
abnormal r wave,Abnormal R Wave,abnormal_r_wave,english,active
abnormal radial artery morphology,Abnormal Radial Artery Morphology,abnormal_radial_artery_morphology,english,active
abnormal radial epiphysis morphology,Abnormal Radial Epiphysis Morphology,abnormal_radial_epiphysis_morphology,english,active
abnormal radial metaphysis morphology,Abnormal Radial Metaphysis Morphology,abnormal_radial_metaphysis_morphology,english,active
abnormal radial ray morphology,Abnormal Radial Ray Morphology,abnormal_radial_ray_morphology,english,active
abnormal radioactive iodine uptake test result,Abnormal Radioactive Iodine Uptake Test Result,abnormal_radioactive_iodine_uptake_test_result,english,active
abnormal radiologic findings on dx imaging of left kidney,Abnormal Radiologic Findings On Dx Imaging of Left Kidney,abnormal_radiologic_findings_on_dx_imaging_of_left_kidney,english,active
abnormal radiologic findings on dx imaging of left testicle,Abnormal Radiologic Findings On Dx Imaging of Left Testicle,abnormal_radiologic_findings_on_dx_imaging_of_left_testicle,english,active
abnormal radiologic findings on dx imaging of r kidney,Abnormal Radiologic Findings On Dx Imaging of R Kidney,abnormal_radiologic_findings_on_dx_imaging_of_r_kidney,english,active
abnormal radiologic findings on dx imaging of right testicle,Abnormal Radiologic Findings On Dx Imaging of Right Testicle,abnormal_radiologic_findings_on_dx_imaging_of_right_testicle,english,active
abnormal radiologic findings on dx imaging of unsp kidney,Abnormal Radiologic Findings On Dx Imaging of Unsp Kidney,abnormal_radiologic_findings_on_dx_imaging_of_unsp_kidney,english,active
abnormal radiologic findings on dx imaging of unsp testicle,Abnormal Radiologic Findings On Dx Imaging of Unsp Testicle,abnormal_radiologic_findings_on_dx_imaging_of_unsp_testicle,english,active
"abnormal radlgc findings on dx imaging of testicles, bi","Abnormal Radlgc Findings On Dx Imaging of Testicles, Bi","abnormal_radlgc_findings_on_dx_imaging_of_testicles,_bi",english,active
abnormal rapid eye movement sleep,Abnormal Rapid Eye Movement Sleep,abnormal_rapid_eye_movement_sleep,english,active
abnormal rbc count,Abnormal RBC Count,abnormal_rbc_count,english,active
abnormal rectum morphology,Abnormal Rectum Morphology,abnormal_rectum_morphology,english,active
abnormal rectus muscle physiology,Abnormal Rectus Muscle Physiology,abnormal_rectus_muscle_physiology,english,active
abnormal red blood cell count,Abnormal Red Blood Cell Count,abnormal_red_blood_cell_count,english,active
abnormal red nucleus morphology,Abnormal Red Nucleus Morphology,abnormal_red_nucleus_morphology,english,active
abnormal reflex,Abnormal Reflex,abnormal_reflex,english,active
abnormal regional left ventricular contraction,Abnormal Regional Left Ventricular Contraction,abnormal_regional_left_ventricular_contraction,english,active
abnormal regulatory t cell proportion,Abnormal Regulatory T Cell Proportion,abnormal_regulatory_t_cell_proportion,english,active
abnormal relationship,Abnormal Relationship,abnormal_relationship,english,active
abnormal rem sleep,Abnormal REM Sleep,abnormal_rem_sleep,english,active
abnormal renal arteriole endothelium morphology,Abnormal Renal Arteriole Endothelium Morphology,abnormal_renal_arteriole_endothelium_morphology,english,active
abnormal renal arteriole intima/media morphology,Abnormal Renal Arteriole Intima/media Morphology,abnormal_renal_arteriole_intima/media_morphology,english,active
abnormal renal arteriole lumen morphology,Abnormal Renal Arteriole Lumen Morphology,abnormal_renal_arteriole_lumen_morphology,english,active
abnormal renal arteriole morphology,Abnormal Renal Arteriole Morphology,abnormal_renal_arteriole_morphology,english,active
abnormal renal artery morphology,Abnormal Renal Artery Morphology,abnormal_renal_artery_morphology,english,active
abnormal renal calyx morphology,Abnormal Renal Calyx Morphology,abnormal_renal_calyx_morphology,english,active
abnormal renal collecting system morphology,Abnormal Renal Collecting System Morphology,abnormal_renal_collecting_system_morphology,english,active
abnormal renal corpuscle morphology,Abnormal Renal Corpuscle Morphology,abnormal_renal_corpuscle_morphology,english,active
abnormal renal cortex morphology,Abnormal Renal Cortex Morphology,abnormal_renal_cortex_morphology,english,active
abnormal renal corticomedullary differentiation,Abnormal Renal Corticomedullary Differentiation,abnormal_renal_corticomedullary_differentiation,english,active
abnormal renal echogenicity,Abnormal Renal Echogenicity,abnormal_renal_echogenicity,english,active
abnormal renal function,Abnormal Renal Function,abnormal_renal_function,english,active
abnormal renal glomerular capsule morphology,Abnormal Renal Glomerular Capsule Morphology,abnormal_renal_glomerular_capsule_morphology,english,active
abnormal renal glomerulus morphology,Abnormal Renal Glomerulus Morphology,abnormal_renal_glomerulus_morphology,english,active
abnormal renal interstitial morphology,Abnormal Renal Interstitial Morphology,abnormal_renal_interstitial_morphology,english,active
abnormal renal medulla morphology,Abnormal Renal Medulla Morphology,abnormal_renal_medulla_morphology,english,active
abnormal renal morphology,Abnormal Renal Morphology,abnormal_renal_morphology,english,active
abnormal renal pelvis morphology,Abnormal Renal Pelvis Morphology,abnormal_renal_pelvis_morphology,english,active
abnormal renal physiology,Abnormal Renal Physiology,abnormal_renal_physiology,english,active
abnormal renal resorption,Abnormal Renal Resorption,abnormal_renal_resorption,english,active
abnormal renal tubular epithelial morphology,Abnormal Renal Tubular Epithelial Morphology,abnormal_renal_tubular_epithelial_morphology,english,active
abnormal renal tubular lumen morphology,Abnormal Renal Tubular Lumen Morphology,abnormal_renal_tubular_lumen_morphology,english,active
abnormal renal tubular luminal morphology,Abnormal Renal Tubular Luminal Morphology,abnormal_renal_tubular_luminal_morphology,english,active
abnormal renal tubular resorption,Abnormal Renal Tubular Resorption,abnormal_renal_tubular_resorption,english,active
abnormal renal tubule morphology,Abnormal Renal Tubule Morphology,abnormal_renal_tubule_morphology,english,active
abnormal renal vascular morphology,Abnormal Renal Vascular Morphology,abnormal_renal_vascular_morphology,english,active
abnormal repetitive mannerism,Abnormal Repetitive Mannerism,abnormal_repetitive_mannerism,english,active
abnormal reproductive system morphology,Abnormal Reproductive System Morphology,abnormal_reproductive_system_morphology,english,active
abnormal residual volume,Abnormal Residual Volume,abnormal_residual_volume,english,active
abnormal respiration,Abnormal Respiration,abnormal_respiration,english,active
abnormal respiratory epithelium morphology,Abnormal Respiratory Epithelium Morphology,abnormal_respiratory_epithelium_morphology,english,active
abnormal respiratory motile cilium morphology,Abnormal Respiratory Motile Cilium Morphology,abnormal_respiratory_motile_cilium_morphology,english,active
abnormal respiratory motile cilium physiology,Abnormal Respiratory Motile Cilium Physiology,abnormal_respiratory_motile_cilium_physiology,english,active
abnormal respiratory patterns,Abnormal Respiratory Patterns,abnormal_respiratory_patterns,english,active
abnormal respiratory system morphology,Abnormal Respiratory System Morphology,abnormal_respiratory_system_morphology,english,active
abnormal respiratory system physiology,Abnormal Respiratory System Physiology,abnormal_respiratory_system_physiology,english,active
abnormal response to acth stimulation test,Abnormal Response to ACTH Stimulation Test,abnormal_response_to_acth_stimulation_test,english,active
abnormal response to adrenocorticotropic-hormone stimulation test,Abnormal Response to Adrenocorticotropic-hormone Stimulation Test,abnormal_response_to_adrenocorticotropic-hormone_stimulation,english,active
abnormal response to corticotropin releasing hormone stimulation test,Abnormal Response to Corticotropin Releasing Hormone Stimulation Test,abnormal_response_to_corticotropin_releasing_hormone_stimula,english,active
abnormal response to corticotropin stimulation test,Abnormal Response to Corticotropin Stimulation Test,abnormal_response_to_corticotropin_stimulation_test,english,active
abnormal response to crh stimulation test,Abnormal Response to CRH Stimulation Test,abnormal_response_to_crh_stimulation_test,english,active
abnormal response to endocrine stimulation test,Abnormal Response to Endocrine Stimulation Test,abnormal_response_to_endocrine_stimulation_test,english,active
abnormal response to glucagon stimulation test,Abnormal Response to Glucagon Stimulation Test,abnormal_response_to_glucagon_stimulation_test,english,active
abnormal response to gnrh stimulation test,Abnormal Response to GnRH Stimulation Test,abnormal_response_to_gnrh_stimulation_test,english,active
abnormal response to gonadotropin-releasing hormone stimulation test,Abnormal Response to Gonadotropin-releasing Hormone Stimulation Test,abnormal_response_to_gonadotropin-releasing_hormone_stimulat,english,active
abnormal response to hcg stimulation test,Abnormal Response to HCG Stimulation Test,abnormal_response_to_hcg_stimulation_test,english,active
abnormal response to human chorionic gonadotrophin stimulation test,Abnormal Response to Human Chorionic Gonadotrophin Stimulation Test,abnormal_response_to_human_chorionic_gonadotrophin_stimulati,english,active
abnormal response to insulin tolerance test,Abnormal Response to Insulin Tolerance Test,abnormal_response_to_insulin_tolerance_test,english,active
"abnormal response to nerve stimulation, unspecified","Abnormal Response to Nerve Stimulation, Unspecified","abnormal_response_to_nerve_stimulation,_unspecified",english,active
abnormal response to short acting pulmonary vasodilator,Abnormal Response to Short Acting Pulmonary Vasodilator,abnormal_response_to_short_acting_pulmonary_vasodilator,english,active
abnormal response to social norms,Abnormal Response to Social Norms,abnormal_response_to_social_norms,english,active
abnormal resting energy expenditure from metabolic cart test,Abnormal Resting Energy Expenditure From Metabolic Cart Test,abnormal_resting_energy_expenditure_from_metabolic_cart_test,english,active
"abnormal result of cardiovascular function study, unsp","Abnormal Result of Cardiovascular Function Study, Unsp","abnormal_result_of_cardiovascular_function_study,_unsp",english,active
abnormal result of other cardiovascular function study,Abnormal Result of Other Cardiovascular Function Study,abnormal_result_of_other_cardiovascular_function_study,english,active
abnormal results of function studies of cnsl,Abnormal Results of Function Studies of Cnsl,abnormal_results_of_function_studies_of_cnsl,english,active
abnormal results of function studies of organs and systems,Abnormal Results of Function Studies of Organs and Systems,abnormal_results_of_function_studies_of_organs_and_systems,english,active
abnormal results of function studies of prph nervous sys,Abnormal Results of Function Studies of Prph Nervous Sys,abnormal_results_of_function_studies_of_prph_nervous_sys,english,active
abnormal results of kidney function studies,Abnormal Results of Kidney Function Studies,abnormal_results_of_kidney_function_studies,english,active
abnormal results of liver function studies,Abnormal Results of Liver Function Studies,abnormal_results_of_liver_function_studies,english,active
abnormal results of other endocrine function studies,Abnormal Results of Other Endocrine Function Studies,abnormal_results_of_other_endocrine_function_studies,english,active
abnormal results of other function studies of eye,Abnormal Results of Other Function Studies of Eye,abnormal_results_of_other_function_studies_of_eye,english,active
abnormal results of pulmonary function studies,Abnormal Results of Pulmonary Function Studies,abnormal_results_of_pulmonary_function_studies,english,active
abnormal results of thyroid function studies,Abnormal Results of Thyroid Function Studies,abnormal_results_of_thyroid_function_studies,english,active
abnormal rete ridge morphology,Abnormal Rete Ridge Morphology,abnormal_rete_ridge_morphology,english,active
abnormal reticulocyte morphology,Abnormal Reticulocyte Morphology,abnormal_reticulocyte_morphology,english,active
abnormal retina,Abnormal Retina,abnormal_retina,english,active
abnormal retinal arterial/arteriolar morphology,Abnormal Retinal Arterial/arteriolar Morphology,abnormal_retinal_arterial/arteriolar_morphology,english,active
abnormal retinal arteriole morphology,Abnormal Retinal Arteriole Morphology,abnormal_retinal_arteriole_morphology,english,active
abnormal retinal artery morphology,Abnormal Retinal Artery Morphology,abnormal_retinal_artery_morphology,english,active
abnormal retinal morphology,Abnormal Retinal Morphology,abnormal_retinal_morphology,english,active
abnormal retinal morphology on macular oct,Abnormal Retinal Morphology On Macular OCT,abnormal_retinal_morphology_on_macular_oct,english,active
abnormal retinal nerve fiber layer morphology,Abnormal Retinal Nerve Fiber Layer Morphology,abnormal_retinal_nerve_fiber_layer_morphology,english,active
abnormal retinal nerve fibre layer morphology,Abnormal Retinal Nerve Fibre Layer Morphology,abnormal_retinal_nerve_fibre_layer_morphology,english,active
abnormal retinal pigmentation,Abnormal Retinal Pigmentation,abnormal_retinal_pigmentation,english,active
abnormal retinal vascular morphology,Abnormal Retinal Vascular Morphology,abnormal_retinal_vascular_morphology,english,active
abnormal retinal vein morphology,Abnormal Retinal Vein Morphology,abnormal_retinal_vein_morphology,english,active
abnormal rhythmic movements of ankle,Abnormal Rhythmic Movements of Ankle,abnormal_rhythmic_movements_of_ankle,english,active
abnormal rib cage morphology,Abnormal Rib Cage Morphology,abnormal_rib_cage_morphology,english,active
abnormal rib morphology,Abnormal Rib Morphology,abnormal_rib_morphology,english,active
abnormal rib ossification,Abnormal Rib Ossification,abnormal_rib_ossification,english,active
abnormal right atrium morphology,Abnormal Right Atrium Morphology,abnormal_right_atrium_morphology,english,active
abnormal right hemidiaphragm morphology,Abnormal Right Hemidiaphragm Morphology,abnormal_right_hemidiaphragm_morphology,english,active
abnormal right ventricle morphology,Abnormal Right Ventricle Morphology,abnormal_right_ventricle_morphology,english,active
abnormal right ventricular function,Abnormal Right Ventricular Function,abnormal_right_ventricular_function,english,active
abnormal rituals,Abnormal Rituals,abnormal_rituals,english,active
abnormal rod and cone electroretinogram,Abnormal Rod and Cone Electroretinogram,abnormal_rod_and_cone_electroretinogram,english,active
abnormal rotation of the kidneys,Abnormal Rotation of the Kidneys,abnormal_rotation_of_the_kidneys,english,active
abnormal rte cd4+ t cell proportion,Abnormal RTE CD4+ T Cell Proportion,abnormal_rte_cd4+_t_cell_proportion,english,active
abnormal rv/tlc ratio,Abnormal RV/TLC Ratio,abnormal_rv/tlc_ratio,english,active
abnormal s wave,Abnormal S Wave,abnormal_s_wave,english,active
abnormal saccadic eye movements,Abnormal Saccadic Eye Movements,abnormal_saccadic_eye_movements,english,active
abnormal saccule morphology,Abnormal Saccule Morphology,abnormal_saccule_morphology,english,active
abnormal sacral segmentation,Abnormal Sacral Segmentation,abnormal_sacral_segmentation,english,active
abnormal sacroiliac joint morphology,Abnormal Sacroiliac Joint Morphology,abnormal_sacroiliac_joint_morphology,english,active
abnormal sacrum morphology,Abnormal Sacrum Morphology,abnormal_sacrum_morphology,english,active
abnormal sadness,Abnormal Sadness,abnormal_sadness,english,active
abnormal salivary cortisol level,Abnormal Salivary Cortisol Level,abnormal_salivary_cortisol_level,english,active
abnormal salivary gland morphology,Abnormal Salivary Gland Morphology,abnormal_salivary_gland_morphology,english,active
abnormal salivary metabolite concentration,Abnormal Salivary Metabolite Concentration,abnormal_salivary_metabolite_concentration,english,active
abnormal sarcomere morphology,Abnormal Sarcomere Morphology,abnormal_sarcomere_morphology,english,active
abnormal scalp morphology,Abnormal Scalp Morphology,abnormal_scalp_morphology,english,active
abnormal scaphoid morphology,Abnormal Scaphoid Morphology,abnormal_scaphoid_morphology,english,active
abnormal scapula morphology,Abnormal Scapula Morphology,abnormal_scapula_morphology,english,active
abnormal schwann cell morphology,Abnormal Schwann Cell Morphology,abnormal_schwann_cell_morphology,english,active
abnormal sclera morphology,Abnormal Sclera Morphology,abnormal_sclera_morphology,english,active
abnormal scleral thickness,Abnormal Scleral Thickness,abnormal_scleral_thickness,english,active
abnormal scrotal rugation,Abnormal Scrotal Rugation,abnormal_scrotal_rugation,english,active
abnormal scrotum morphology,Abnormal Scrotum Morphology,abnormal_scrotum_morphology,english,active
abnormal scrotum position,Abnormal Scrotum Position,abnormal_scrotum_position,english,active
abnormal sebaceous gland morphology,Abnormal Sebaceous Gland Morphology,abnormal_sebaceous_gland_morphology,english,active
abnormal second heart sound,Abnormal Second Heart Sound,abnormal_second_heart_sound,english,active
abnormal second toe morphology,Abnormal Second Toe Morphology,abnormal_second_toe_morphology,english,active
abnormal sella turcica morphology,Abnormal Sella Turcica Morphology,abnormal_sella_turcica_morphology,english,active
abnormal semantics,Abnormal Semantics,abnormal_semantics,english,active
abnormal semicircular canal morphology,Abnormal Semicircular Canal Morphology,abnormal_semicircular_canal_morphology,english,active
abnormal seminal vesicle morphology,Abnormal Seminal Vesicle Morphology,abnormal_seminal_vesicle_morphology,english,active
abnormal seminiferous tubule morphology,Abnormal Seminiferous Tubule Morphology,abnormal_seminiferous_tubule_morphology,english,active
abnormal sense of smell,Abnormal Sense of Smell,abnormal_sense_of_smell,english,active
abnormal sensory nerve conduction velocity,Abnormal Sensory Nerve Conduction Velocity,abnormal_sensory_nerve_conduction_velocity,english,active
abnormal septum pellucidum morphology,Abnormal Septum Pellucidum Morphology,abnormal_septum_pellucidum_morphology,english,active
abnormal serine levels in cerebrospinal fluid,Abnormal Serine Levels in Cerebrospinal Fluid,abnormal_serine_levels_in_cerebrospinal_fluid,english,active
abnormal serine-family amino acid levels in cerebrospinal fluid,Abnormal Serine-family Amino Acid Levels in Cerebrospinal Fluid,abnormal_serine-family_amino_acid_levels_in_cerebrospinal_fl,english,active
abnormal serum androstenolone level,Abnormal Serum Androstenolone Level,abnormal_serum_androstenolone_level,english,active
abnormal serum anion gap,Abnormal Serum Anion Gap,abnormal_serum_anion_gap,english,active
abnormal serum bicarbonate concentration,Abnormal Serum Bicarbonate Concentration,abnormal_serum_bicarbonate_concentration,english,active
abnormal serum bile acid concentration,Abnormal Serum Bile Acid Concentration,abnormal_serum_bile_acid_concentration,english,active
abnormal serum cobalamin level,Abnormal Serum Cobalamin Level,abnormal_serum_cobalamin_level,english,active
abnormal serum dehydroepiandrosterone level,Abnormal Serum Dehydroepiandrosterone Level,abnormal_serum_dehydroepiandrosterone_level,english,active
abnormal serum dhea,Abnormal Serum DHEA,abnormal_serum_dhea,english,active
"abnormal serum enzyme level, unspecified","Abnormal Serum Enzyme Level, Unspecified","abnormal_serum_enzyme_level,_unspecified",english,active
abnormal serum estradiol,Abnormal Serum Estradiol,abnormal_serum_estradiol,english,active
abnormal serum estriol,Abnormal Serum Estriol,abnormal_serum_estriol,english,active
abnormal serum estrone,Abnormal Serum Estrone,abnormal_serum_estrone,english,active
abnormal serum ferritin,Abnormal Serum Ferritin,abnormal_serum_ferritin,english,active
abnormal serum folate,Abnormal Serum Folate,abnormal_serum_folate,english,active
abnormal serum hco3 concentration,Abnormal Serum HCO3 Concentration,abnormal_serum_hco3_concentration,english,active
abnormal serum il level,Abnormal Serum IL Level,abnormal_serum_il_level,english,active
abnormal serum immunoglobulin concentration,Abnormal Serum Immunoglobulin Concentration,abnormal_serum_immunoglobulin_concentration,english,active
abnormal serum immunoglobulin levels,Abnormal Serum Immunoglobulin Levels,abnormal_serum_immunoglobulin_levels,english,active
abnormal serum insulin-like growth factor 1 level,Abnormal Serum Insulin-like Growth Factor 1 Level,abnormal_serum_insulin-like_growth_factor_1_level,english,active
abnormal serum interferon level,Abnormal Serum Interferon Level,abnormal_serum_interferon_level,english,active
abnormal serum interferon-gamma level,Abnormal Serum Interferon-gamma Level,abnormal_serum_interferon-gamma_level,english,active
abnormal serum interleukin level,Abnormal Serum Interleukin Level,abnormal_serum_interleukin_level,english,active
abnormal serum iron concentration,Abnormal Serum Iron Concentration,abnormal_serum_iron_concentration,english,active
abnormal serum level of immunoglobulin,Abnormal Serum Level of Immunoglobulin,abnormal_serum_level_of_immunoglobulin,english,active
abnormal serum methylfolate level,Abnormal Serum Methylfolate Level,abnormal_serum_methylfolate_level,english,active
abnormal serum osmolality,Abnormal Serum Osmolality,abnormal_serum_osmolality,english,active
abnormal serum selenium concentration,Abnormal Serum Selenium Concentration,abnormal_serum_selenium_concentration,english,active
abnormal serum testosterone level,Abnormal Serum Testosterone Level,abnormal_serum_testosterone_level,english,active
abnormal seventh cranial physiology,Abnormal Seventh Cranial Physiology,abnormal_seventh_cranial_physiology,english,active
abnormal sex determination,Abnormal Sex Determination,abnormal_sex_determination,english,active
abnormal sex hormone-binding globulin level,Abnormal Sex Hormone-binding Globulin Level,abnormal_sex_hormone-binding_globulin_level,english,active
abnormal sexual behavior,Abnormal Sexual Behavior,abnormal_sexual_behavior,english,active
abnormal shape of a reproductive cell,Abnormal Shape of a Reproductive Cell,abnormal_shape_of_a_reproductive_cell,english,active
abnormal shape of ankle bones,Abnormal Shape of Ankle Bones,abnormal_shape_of_ankle_bones,english,active
abnormal shape of bones of the lower limbs,Abnormal Shape of Bones of the Lower Limbs,abnormal_shape_of_bones_of_the_lower_limbs,english,active
abnormal shape of bones of the upper limbs,Abnormal Shape of Bones of the Upper Limbs,abnormal_shape_of_bones_of_the_upper_limbs,english,active
abnormal shape of brain,Abnormal Shape of Brain,abnormal_shape_of_brain,english,active
abnormal shape of brainstem,Abnormal Shape of Brainstem,abnormal_shape_of_brainstem,english,active
abnormal shape of cartilage,Abnormal Shape of Cartilage,abnormal_shape_of_cartilage,english,active
abnormal shape of end part of bone,Abnormal Shape of End Part of Bone,abnormal_shape_of_end_part_of_bone,english,active
abnormal shape of end part of limb bones,Abnormal Shape of End Part of Limb Bones,abnormal_shape_of_end_part_of_limb_bones,english,active
abnormal shape of end part of lower limb end bone,Abnormal Shape of End Part of Lower Limb End Bone,abnormal_shape_of_end_part_of_lower_limb_end_bone,english,active
abnormal shape of end part of upper limb long bones,Abnormal Shape of End Part of Upper Limb Long Bones,abnormal_shape_of_end_part_of_upper_limb_long_bones,english,active
abnormal shape of forebrain,Abnormal Shape of Forebrain,abnormal_shape_of_forebrain,english,active
abnormal shape of gallbladder,Abnormal Shape of Gallbladder,abnormal_shape_of_gallbladder,english,active
abnormal shape of hand,Abnormal Shape of Hand,abnormal_shape_of_hand,english,active
abnormal shape of hindbrain,Abnormal Shape of Hindbrain,abnormal_shape_of_hindbrain,english,active
abnormal shape of hypophysial fossa,Abnormal Shape of Hypophysial Fossa,abnormal_shape_of_hypophysial_fossa,english,active
abnormal shape of hypothalamus,Abnormal Shape of Hypothalamus,abnormal_shape_of_hypothalamus,english,active
abnormal shape of joints,Abnormal Shape of Joints,abnormal_shape_of_joints,english,active
abnormal shape of limb bone,Abnormal Shape of Limb Bone,abnormal_shape_of_limb_bone,english,active
abnormal shape of long bone,Abnormal Shape of Long Bone,abnormal_shape_of_long_bone,english,active
abnormal shape of long bones of hand,Abnormal Shape of Long Bones of Hand,abnormal_shape_of_long_bones_of_hand,english,active
abnormal shape of metacarpal bones,Abnormal Shape of Metacarpal Bones,abnormal_shape_of_metacarpal_bones,english,active
abnormal shape of midbrain,Abnormal Shape of Midbrain,abnormal_shape_of_midbrain,english,active
abnormal shape of molar tooth,Abnormal Shape of Molar Tooth,abnormal_shape_of_molar_tooth,english,active
abnormal shape of motor neuron,Abnormal Shape of Motor Neuron,abnormal_shape_of_motor_neuron,english,active
abnormal shape of nervous system,Abnormal Shape of Nervous System,abnormal_shape_of_nervous_system,english,active
abnormal shape of pelvic girdle bone,Abnormal Shape of Pelvic Girdle Bone,abnormal_shape_of_pelvic_girdle_bone,english,active
abnormal shape of pelvis bone,Abnormal Shape of Pelvis Bone,abnormal_shape_of_pelvis_bone,english,active
abnormal shape of pituitary fossa,Abnormal Shape of Pituitary Fossa,abnormal_shape_of_pituitary_fossa,english,active
abnormal shape of platelets,Abnormal Shape of Platelets,abnormal_shape_of_platelets,english,active
abnormal shape of posterior cranium,Abnormal Shape of Posterior Cranium,abnormal_shape_of_posterior_cranium,english,active
abnormal shape of posterior skull,Abnormal Shape of Posterior Skull,abnormal_shape_of_posterior_skull,english,active
abnormal shape of sella turcica,Abnormal Shape of Sella Turcica,abnormal_shape_of_sella_turcica,english,active
abnormal shape of shaft of long bone,Abnormal Shape of Shaft of Long Bone,abnormal_shape_of_shaft_of_long_bone,english,active
abnormal shape of small intestinal villus,Abnormal Shape of Small Intestinal Villus,abnormal_shape_of_small_intestinal_villus,english,active
abnormal shape of sperm,Abnormal Shape of Sperm,abnormal_shape_of_sperm,english,active
abnormal shape of spongy bone,Abnormal Shape of Spongy Bone,abnormal_shape_of_spongy_bone,english,active
abnormal shape of tendon,Abnormal Shape of Tendon,abnormal_shape_of_tendon,english,active
abnormal shape of thalamus,Abnormal Shape of Thalamus,abnormal_shape_of_thalamus,english,active
abnormal shape of the back of the skull,Abnormal Shape of the Back of the Skull,abnormal_shape_of_the_back_of_the_skull,english,active
abnormal shape of the digestive system,Abnormal Shape of the Digestive System,abnormal_shape_of_the_digestive_system,english,active
abnormal shape of the end part of the vertebra bone,Abnormal Shape of the End Part of the Vertebra Bone,abnormal_shape_of_the_end_part_of_the_vertebra_bone,english,active
abnormal shape of the forehead,Abnormal Shape of the Forehead,abnormal_shape_of_the_forehead,english,active
abnormal shape of the frontal region,Abnormal Shape of the Frontal Region,abnormal_shape_of_the_frontal_region,english,active
abnormal shape of the occiput,Abnormal Shape of the Occiput,abnormal_shape_of_the_occiput,english,active
abnormal shape of the opening between the eyelids,Abnormal Shape of the Opening Between the Eyelids,abnormal_shape_of_the_opening_between_the_eyelids,english,active
abnormal shape of the palpebral fissure,Abnormal Shape of the Palpebral Fissure,abnormal_shape_of_the_palpebral_fissure,english,active
abnormal shape of the radius,Abnormal Shape of the Radius,abnormal_shape_of_the_radius,english,active
abnormal shape of thyroid gland,Abnormal Shape of Thyroid Gland,abnormal_shape_of_thyroid_gland,english,active
abnormal shape of upper motor neuron,Abnormal Shape of Upper Motor Neuron,abnormal_shape_of_upper_motor_neuron,english,active
abnormal sharpey fiber morphology,Abnormal Sharpey Fiber Morphology,abnormal_sharpey_fiber_morphology,english,active
abnormal sharpey fibre morphology,Abnormal Sharpey Fibre Morphology,abnormal_sharpey_fibre_morphology,english,active
abnormal shoulder morphology,Abnormal Shoulder Morphology,abnormal_shoulder_morphology,english,active
abnormal shoulder physiology,Abnormal Shoulder Physiology,abnormal_shoulder_physiology,english,active
abnormal sialylation of n-linked protein glycosylation,Abnormal Sialylation of N-linked Protein Glycosylation,abnormal_sialylation_of_n-linked_protein_glycosylation,english,active
abnormal sialylation of o-linked protein glycosylation,Abnormal Sialylation of O-linked Protein Glycosylation,abnormal_sialylation_of_o-linked_protein_glycosylation,english,active
abnormal single motor unit action potential,Abnormal Single Motor Unit Action Potential,abnormal_single_motor_unit_action_potential,english,active
abnormal sixth cranial nerve morphology,Abnormal Sixth Cranial Nerve Morphology,abnormal_sixth_cranial_nerve_morphology,english,active
abnormal size of corpus callosum,Abnormal Size of Corpus Callosum,abnormal_size_of_corpus_callosum,english,active
abnormal size of nasopharyngeal adenoids,Abnormal Size of Nasopharyngeal Adenoids,abnormal_size_of_nasopharyngeal_adenoids,english,active
abnormal size of pituitary gland,Abnormal Size of Pituitary Gland,abnormal_size_of_pituitary_gland,english,active
abnormal size of the clitoris,Abnormal Size of the Clitoris,abnormal_size_of_the_clitoris,english,active
abnormal size of the dental root,Abnormal Size of the Dental Root,abnormal_size_of_the_dental_root,english,active
abnormal size of the opening between the eyelids,Abnormal Size of the Opening Between the Eyelids,abnormal_size_of_the_opening_between_the_eyelids,english,active
abnormal size of the palpebral fissures,Abnormal Size of the Palpebral Fissures,abnormal_size_of_the_palpebral_fissures,english,active
abnormal skeletal morphology,Abnormal Skeletal Morphology,abnormal_skeletal_morphology,english,active
abnormal skeletal muscle fiber morphology,Abnormal Skeletal Muscle Fiber Morphology,abnormal_skeletal_muscle_fiber_morphology,english,active
abnormal skeletal muscle fibre morphology,Abnormal Skeletal Muscle Fibre Morphology,abnormal_skeletal_muscle_fibre_morphology,english,active
abnormal skeletal muscle morphology,Abnormal Skeletal Muscle Morphology,abnormal_skeletal_muscle_morphology,english,active
abnormal skin adnexa morphology,Abnormal Skin Adnexa Morphology,abnormal_skin_adnexa_morphology,english,active
abnormal skin appendage,Abnormal Skin Appendage,abnormal_skin_appendage,english,active
abnormal skin color,Abnormal Skin Color,abnormal_skin_color,english,active
abnormal skin colour,Abnormal Skin Colour,abnormal_skin_colour,english,active
abnormal skin morphology,Abnormal Skin Morphology,abnormal_skin_morphology,english,active
abnormal skin morphology of the palm,Abnormal Skin Morphology of the Palm,abnormal_skin_morphology_of_the_palm,english,active
abnormal skin pigmentation,Abnormal Skin Pigmentation,abnormal_skin_pigmentation,english,active
abnormal skin structure,Abnormal Skin Structure,abnormal_skin_structure,english,active
abnormal skinfold thickness measurement,Abnormal Skinfold Thickness Measurement,abnormal_skinfold_thickness_measurement,english,active
abnormal skull base morphology,Abnormal Skull Base Morphology,abnormal_skull_base_morphology,english,active
abnormal skull morphology,Abnormal Skull Morphology,abnormal_skull_morphology,english,active
abnormal sleep architecture,Abnormal Sleep Architecture,abnormal_sleep_architecture,english,active
abnormal small intestinal mucosa morphology,Abnormal Small Intestinal Mucosa Morphology,abnormal_small_intestinal_mucosa_morphology,english,active
abnormal small intestinal villus morphology,Abnormal Small Intestinal Villus Morphology,abnormal_small_intestinal_villus_morphology,english,active
abnormal small intestine morphology,Abnormal Small Intestine Morphology,abnormal_small_intestine_morphology,english,active
abnormal smooth pursuits,Abnormal Smooth Pursuits,abnormal_smooth_pursuits,english,active
abnormal social awareness,Abnormal Social Awareness,abnormal_social_awareness,english,active
abnormal social behavior,Abnormal Social Behavior,abnormal_social_behavior,english,active
abnormal social development,Abnormal Social Development,abnormal_social_development,english,active
abnormal social emotional interactions,Abnormal Social Emotional Interactions,abnormal_social_emotional_interactions,english,active
abnormal social interactions,Abnormal Social Interactions,abnormal_social_interactions,english,active
abnormal social understanding,Abnormal Social Understanding,abnormal_social_understanding,english,active
abnormal soft palate morphology,Abnormal Soft Palate Morphology,abnormal_soft_palate_morphology,english,active
abnormal somatotropin level,Abnormal Somatotropin Level,abnormal_somatotropin_level,english,active
abnormal spaced incisors,Abnormal Spaced Incisors,abnormal_spaced_incisors,english,active
abnormal spatial orientation of the cardiac segments,Abnormal Spatial Orientation of the Cardiac Segments,abnormal_spatial_orientation_of_the_cardiac_segments,english,active
abnormal specific antibody response,Abnormal Specific Antibody Response,abnormal_specific_antibody_response,english,active
abnormal speech,Abnormal Speech,abnormal_speech,english,active
abnormal speech discrimination,Abnormal Speech Discrimination,abnormal_speech_discrimination,english,active
abnormal speech pattern,Abnormal Speech Pattern,abnormal_speech_pattern,english,active
abnormal speech rate,Abnormal Speech Rate,abnormal_speech_rate,english,active
abnormal speech rhythm,Abnormal Speech Rhythm,abnormal_speech_rhythm,english,active
abnormal speech volume,Abnormal Speech Volume,abnormal_speech_volume,english,active
abnormal sperm axoneme morphology,Abnormal Sperm Axoneme Morphology,abnormal_sperm_axoneme_morphology,english,active
abnormal sperm head morphology,Abnormal Sperm Head Morphology,abnormal_sperm_head_morphology,english,active
abnormal sperm mid-piece morphology,Abnormal Sperm Mid-piece Morphology,abnormal_sperm_mid-piece_morphology,english,active
abnormal sperm morphology,Abnormal Sperm Morphology,abnormal_sperm_morphology,english,active
abnormal sperm motility,Abnormal Sperm Motility,abnormal_sperm_motility,english,active
abnormal sperm neck morphology,Abnormal Sperm Neck Morphology,abnormal_sperm_neck_morphology,english,active
abnormal sperm physiology,Abnormal Sperm Physiology,abnormal_sperm_physiology,english,active
abnormal sperm principal piece morphology,Abnormal Sperm Principal Piece Morphology,abnormal_sperm_principal_piece_morphology,english,active
abnormal sperm tail morphology,Abnormal Sperm Tail Morphology,abnormal_sperm_tail_morphology,english,active
abnormal spermatogenesis,Abnormal Spermatogenesis,abnormal_spermatogenesis,english,active
abnormal spinal cord dorsal column morphology,Abnormal Spinal Cord Dorsal Column Morphology,abnormal_spinal_cord_dorsal_column_morphology,english,active
abnormal spinal cord lateral corticospinal tract morphology,Abnormal Spinal Cord Lateral Corticospinal Tract Morphology,abnormal_spinal_cord_lateral_corticospinal_tract_morphology,english,active
abnormal spinal cord morphology,Abnormal Spinal Cord Morphology,abnormal_spinal_cord_morphology,english,active
abnormal spinal cord physiology,Abnormal Spinal Cord Physiology,abnormal_spinal_cord_physiology,english,active
abnormal spinal cord white matter morphology,Abnormal Spinal Cord White Matter Morphology,abnormal_spinal_cord_white_matter_morphology,english,active
abnormal spinal dura mater morphology,Abnormal Spinal Dura Mater Morphology,abnormal_spinal_dura_mater_morphology,english,active
abnormal spinal meningeal morphology,Abnormal Spinal Meningeal Morphology,abnormal_spinal_meningeal_morphology,english,active
abnormal spinal segmentation,Abnormal Spinal Segmentation,abnormal_spinal_segmentation,english,active
abnormal spine,Abnormal Spine,abnormal_spine,english,active
abnormal spinocerebellar tract morphology,Abnormal Spinocerebellar Tract Morphology,abnormal_spinocerebellar_tract_morphology,english,active
abnormal spit,Abnormal Spit,abnormal_spit,english,active
abnormal spleen location,Abnormal Spleen Location,abnormal_spleen_location,english,active
abnormal spleen morphology,Abnormal Spleen Morphology,abnormal_spleen_morphology,english,active
abnormal spleen physiology,Abnormal Spleen Physiology,abnormal_spleen_physiology,english,active
abnormal sputum,Abnormal Sputum,abnormal_sputum,english,active
abnormal sputum morphology,Abnormal Sputum Morphology,abnormal_sputum_morphology,english,active
abnormal st segment,Abnormal ST Segment,abnormal_st_segment,english,active
abnormal stapes morphology,Abnormal Stapes Morphology,abnormal_stapes_morphology,english,active
abnormal static automated perimetry test,Abnormal Static Automated Perimetry Test,abnormal_static_automated_perimetry_test,english,active
abnormal static perimetry test,Abnormal Static Perimetry Test,abnormal_static_perimetry_test,english,active
abnormal stereopsis,Abnormal Stereopsis,abnormal_stereopsis,english,active
abnormal sternal ossification,Abnormal Sternal Ossification,abnormal_sternal_ossification,english,active
abnormal sternum morphology,Abnormal Sternum Morphology,abnormal_sternum_morphology,english,active
abnormal stomach location,Abnormal Stomach Location,abnormal_stomach_location,english,active
abnormal stomach morphology,Abnormal Stomach Morphology,abnormal_stomach_morphology,english,active
abnormal stool composition,Abnormal Stool Composition,abnormal_stool_composition,english,active
abnormal stool urobilinogen concentration,Abnormal Stool Urobilinogen Concentration,abnormal_stool_urobilinogen_concentration,english,active
abnormal subarachnoid space morphology,Abnormal Subarachnoid Space Morphology,abnormal_subarachnoid_space_morphology,english,active
abnormal subclavian artery morphology,Abnormal Subclavian Artery Morphology,abnormal_subclavian_artery_morphology,english,active
abnormal subcutaneous fat tissue distribution,Abnormal Subcutaneous Fat Tissue Distribution,abnormal_subcutaneous_fat_tissue_distribution,english,active
abnormal subpleural morphology,Abnormal Subpleural Morphology,abnormal_subpleural_morphology,english,active
abnormal substantia nigra morphology,Abnormal Substantia Nigra Morphology,abnormal_substantia_nigra_morphology,english,active
abnormal subthalamic nucleus morphology,Abnormal Subthalamic Nucleus Morphology,abnormal_subthalamic_nucleus_morphology,english,active
abnormal subungual morphology,Abnormal Subungual Morphology,abnormal_subungual_morphology,english,active
abnormal sudomotor regulation,Abnormal Sudomotor Regulation,abnormal_sudomotor_regulation,english,active
abnormal superficial reflex,Abnormal Superficial Reflex,abnormal_superficial_reflex,english,active
abnormal superficial temporal artery morphology,Abnormal Superficial Temporal Artery Morphology,abnormal_superficial_temporal_artery_morphology,english,active
abnormal superior cerebellar peduncle morphology,Abnormal Superior Cerebellar Peduncle Morphology,abnormal_superior_cerebellar_peduncle_morphology,english,active
abnormal superior oblique muscle physiology,Abnormal Superior Oblique Muscle Physiology,abnormal_superior_oblique_muscle_physiology,english,active
abnormal superior rectus muscle physiology,Abnormal Superior Rectus Muscle Physiology,abnormal_superior_rectus_muscle_physiology,english,active
abnormal superior vena cava morphology,Abnormal Superior Vena Cava Morphology,abnormal_superior_vena_cava_morphology,english,active
abnormal superoxide dismutase level,Abnormal Superoxide Dismutase Level,abnormal_superoxide_dismutase_level,english,active
abnormal superoxide:superoxide oxidoreductase activity,Abnormal Superoxide:superoxide Oxidoreductase Activity,abnormal_superoxide:superoxide_oxidoreductase_activity,english,active
abnormal surface-connected open canalicular system,Abnormal Surface-connected Open Canalicular System,abnormal_surface-connected_open_canalicular_system,english,active
abnormal susceptibility to fractures,Abnormal Susceptibility to Fractures,abnormal_susceptibility_to_fractures,english,active
abnormal suspensory ligament of lens morphology,Abnormal Suspensory Ligament of Lens Morphology,abnormal_suspensory_ligament_of_lens_morphology,english,active
abnormal sweat electrolytes,Abnormal Sweat Electrolytes,abnormal_sweat_electrolytes,english,active
abnormal sweat gland morphology,Abnormal Sweat Gland Morphology,abnormal_sweat_gland_morphology,english,active
abnormal sweat homeostasis,Abnormal Sweat Homeostasis,abnormal_sweat_homeostasis,english,active
abnormal synaptic transmission,Abnormal Synaptic Transmission,abnormal_synaptic_transmission,english,active
abnormal synaptic transmission at the neuromuscular junction,Abnormal Synaptic Transmission At the Neuromuscular Junction,abnormal_synaptic_transmission_at_the_neuromuscular_junction,english,active
abnormal synovial bursa morphology,Abnormal Synovial Bursa Morphology,abnormal_synovial_bursa_morphology,english,active
abnormal synovial cavity morphology,Abnormal Synovial Cavity Morphology,abnormal_synovial_cavity_morphology,english,active
abnormal synovial membrane morphology,Abnormal Synovial Membrane Morphology,abnormal_synovial_membrane_morphology,english,active
abnormal syntax,Abnormal Syntax,abnormal_syntax,english,active
abnormal systemic arterial morphology,Abnormal Systemic Arterial Morphology,abnormal_systemic_arterial_morphology,english,active
abnormal systemic artery morphology,Abnormal Systemic Artery Morphology,abnormal_systemic_artery_morphology,english,active
abnormal systemic blood pressure,Abnormal Systemic Blood Pressure,abnormal_systemic_blood_pressure,english,active
abnormal systemic bp,Abnormal Systemic BP,abnormal_systemic_bp,english,active
abnormal t cell activation,Abnormal T Cell Activation,abnormal_t_cell_activation,english,active
abnormal t cell apoptosis,Abnormal T Cell Apoptosis,abnormal_t_cell_apoptosis,english,active
abnormal t cell count,Abnormal T Cell Count,abnormal_t_cell_count,english,active
abnormal t cell morphology,Abnormal T Cell Morphology,abnormal_t_cell_morphology,english,active
abnormal t cell physiology,Abnormal T Cell Physiology,abnormal_t_cell_physiology,english,active
abnormal t cell proliferation,Abnormal T Cell Proliferation,abnormal_t_cell_proliferation,english,active
abnormal t cell subset distribution,Abnormal T Cell Subset Distribution,abnormal_t_cell_subset_distribution,english,active
abnormal t cells,Abnormal T Cells,abnormal_t_cells,english,active
abnormal t lymphocyte activation,Abnormal T Lymphocyte Activation,abnormal_t_lymphocyte_activation,english,active
abnormal t-wave,Abnormal T-wave,abnormal_t-wave,english,active
abnormal t3/t4 ratio,Abnormal T3/T4 Ratio,abnormal_t3/t4_ratio,english,active
abnormal tailbone,Abnormal Tailbone,abnormal_tailbone,english,active
abnormal talus morphology,Abnormal Talus Morphology,abnormal_talus_morphology,english,active
abnormal tarsal bone mineral density,Abnormal Tarsal Bone Mineral Density,abnormal_tarsal_bone_mineral_density,english,active
abnormal tarsal ossification,Abnormal Tarsal Ossification,abnormal_tarsal_ossification,english,active
abnormal tarsals,Abnormal Tarsals,abnormal_tarsals,english,active
abnormal tcr repertoire,Abnormal TCR Repertoire,abnormal_tcr_repertoire,english,active
abnormal teeth,Abnormal Teeth,abnormal_teeth,english,active
abnormal teeth spacing,Abnormal Teeth Spacing,abnormal_teeth_spacing,english,active
abnormal telomere morphology,Abnormal Telomere Morphology,abnormal_telomere_morphology,english,active
abnormal temper tantrums,Abnormal Temper Tantrums,abnormal_temper_tantrums,english,active
abnormal temporal bone morphology,Abnormal Temporal Bone Morphology,abnormal_temporal_bone_morphology,english,active
abnormal temporal lobe morphology,Abnormal Temporal Lobe Morphology,abnormal_temporal_lobe_morphology,english,active
abnormal tendency to infections of the skin,Abnormal Tendency to Infections of the Skin,abnormal_tendency_to_infections_of_the_skin,english,active
abnormal tendon morphology,Abnormal Tendon Morphology,abnormal_tendon_morphology,english,active
abnormal terminal phalanges of the hand,Abnormal Terminal Phalanges of the Hand,abnormal_terminal_phalanges_of_the_hand,english,active
abnormal terminal:vellus ratio,Abnormal Terminal:vellus Ratio,abnormal_terminal:vellus_ratio,english,active
abnormal testis morphology,Abnormal Testis Morphology,abnormal_testis_morphology,english,active
abnormal testosterone: estradiol ratio,Abnormal Testosterone: Estradiol Ratio,abnormal_testosterone:_estradiol_ratio,english,active
abnormal th1 t cell proportion,Abnormal Th1 T Cell Proportion,abnormal_th1_t_cell_proportion,english,active
abnormal th17 t cell proportion,Abnormal Th17 T Cell Proportion,abnormal_th17_t_cell_proportion,english,active
abnormal thalamic mri signal intensity,Abnormal Thalamic MRI Signal Intensity,abnormal_thalamic_mri_signal_intensity,english,active
abnormal thalamic size,Abnormal Thalamic Size,abnormal_thalamic_size,english,active
abnormal thalamus morphology,Abnormal Thalamus Morphology,abnormal_thalamus_morphology,english,active
abnormal thigh muscles,Abnormal Thigh Muscles,abnormal_thigh_muscles,english,active
abnormal thigmesthesia,Abnormal Thigmesthesia,abnormal_thigmesthesia,english,active
abnormal third cranial nerve morphology,Abnormal Third Cranial Nerve Morphology,abnormal_third_cranial_nerve_morphology,english,active
abnormal third toe morphology,Abnormal Third Toe Morphology,abnormal_third_toe_morphology,english,active
abnormal third ventricle morphology,Abnormal Third Ventricle Morphology,abnormal_third_ventricle_morphology,english,active
abnormal thoracic duct morphology,Abnormal Thoracic Duct Morphology,abnormal_thoracic_duct_morphology,english,active
abnormal thoracic spine morphology,Abnormal Thoracic Spine Morphology,abnormal_thoracic_spine_morphology,english,active
abnormal thorax morphology,Abnormal Thorax Morphology,abnormal_thorax_morphology,english,active
abnormal thought pattern,Abnormal Thought Pattern,abnormal_thought_pattern,english,active
abnormal threonine levels in cerebrospinal fluid,Abnormal Threonine Levels in Cerebrospinal Fluid,abnormal_threonine_levels_in_cerebrospinal_fluid,english,active
abnormal thrombosis,Abnormal Thrombosis,abnormal_thrombosis,english,active
abnormal thumb morphology,Abnormal Thumb Morphology,abnormal_thumb_morphology,english,active
abnormal thumb placement,Abnormal Thumb Placement,abnormal_thumb_placement,english,active
abnormal thymus morphology,Abnormal Thymus Morphology,abnormal_thymus_morphology,english,active
abnormal thymus position,Abnormal Thymus Position,abnormal_thymus_position,english,active
abnormal thyroid function,Abnormal Thyroid Function,abnormal_thyroid_function,english,active
abnormal thyroid hormone level,Abnormal Thyroid Hormone Level,abnormal_thyroid_hormone_level,english,active
abnormal thyroid location,Abnormal Thyroid Location,abnormal_thyroid_location,english,active
abnormal thyroid morphology,Abnormal Thyroid Morphology,abnormal_thyroid_morphology,english,active
abnormal thyroid-stimulating hormone level,Abnormal Thyroid-stimulating Hormone Level,abnormal_thyroid-stimulating_hormone_level,english,active
abnormal thyrotropin level,Abnormal Thyrotropin Level,abnormal_thyrotropin_level,english,active
abnormal tibia morphology,Abnormal Tibia Morphology,abnormal_tibia_morphology,english,active
abnormal tibial metaphysis morphology,Abnormal Tibial Metaphysis Morphology,abnormal_tibial_metaphysis_morphology,english,active
abnormal timing of dark-adapted bright flash electroretinogram,Abnormal Timing of Dark-adapted Bright Flash Electroretinogram,abnormal_timing_of_dark-adapted_bright_flash_electroretinogr,english,active
abnormal timing of dark-adapted dim flash electroretinogram,Abnormal Timing of Dark-adapted Dim Flash Electroretinogram,abnormal_timing_of_dark-adapted_dim_flash_electroretinogram,english,active
abnormal timing of flash visual evoked potentials,Abnormal Timing of Flash Visual Evoked Potentials,abnormal_timing_of_flash_visual_evoked_potentials,english,active
abnormal timing of light-adapted flicker electroretinogram,Abnormal Timing of Light-adapted Flicker Electroretinogram,abnormal_timing_of_light-adapted_flicker_electroretinogram,english,active
abnormal timing of light-adapted single flash electroretinogram,Abnormal Timing of Light-adapted Single Flash Electroretinogram,abnormal_timing_of_light-adapted_single_flash_electroretinog,english,active
abnormal timing of pattern electroretinogram,Abnormal Timing of Pattern Electroretinogram,abnormal_timing_of_pattern_electroretinogram,english,active
abnormal timing of pattern onset/offset visual evoked potentials,Abnormal Timing of Pattern Onset/offset Visual Evoked Potentials,abnormal_timing_of_pattern_onset/offset_visual_evoked_potent,english,active
abnormal timing of pattern reversal visual evoked potentials,Abnormal Timing of Pattern Reversal Visual Evoked Potentials,abnormal_timing_of_pattern_reversal_visual_evoked_potentials,english,active
abnormal tissue alpha-n-acetylglucosaminidase activity,Abnormal Tissue Alpha-N-acetylglucosaminidase Activity,abnormal_tissue_alpha-n-acetylglucosaminidase_activity,english,active
abnormal tissue enzyme activity,Abnormal Tissue Enzyme Activity,abnormal_tissue_enzyme_activity,english,active
abnormal tissue enzyme concentration or activity,Abnormal Tissue Enzyme Concentration or Activity,abnormal_tissue_enzyme_concentration_or_activity,english,active
abnormal tissue metabolite concentration,Abnormal Tissue Metabolite Concentration,abnormal_tissue_metabolite_concentration,english,active
abnormal tlco,Abnormal TLCO,abnormal_tlco,english,active
abnormal toe epiphysis morphology,Abnormal Toe Epiphysis Morphology,abnormal_toe_epiphysis_morphology,english,active
abnormal toe morphology,Abnormal Toe Morphology,abnormal_toe_morphology,english,active
abnormal toe phalanx morphology,Abnormal Toe Phalanx Morphology,abnormal_toe_phalanx_morphology,english,active
abnormal toenail development,Abnormal Toenail Development,abnormal_toenail_development,english,active
abnormal toenail morphology,Abnormal Toenail Morphology,abnormal_toenail_morphology,english,active
abnormal tongue,Abnormal Tongue,abnormal_tongue,english,active
abnormal tongue morphology,Abnormal Tongue Morphology,abnormal_tongue_morphology,english,active
abnormal tongue physiology,Abnormal Tongue Physiology,abnormal_tongue_physiology,english,active
abnormal tooth count,Abnormal Tooth Count,abnormal_tooth_count,english,active
abnormal tooth enamel,Abnormal Tooth Enamel,abnormal_tooth_enamel,english,active
abnormal total b cell count,Abnormal Total B Cell Count,abnormal_total_b_cell_count,english,active
abnormal total basophil count,Abnormal Total Basophil Count,abnormal_total_basophil_count,english,active
abnormal total eosinophil count,Abnormal Total Eosinophil Count,abnormal_total_eosinophil_count,english,active
abnormal total hemolytic complement activity,Abnormal Total Hemolytic Complement Activity,abnormal_total_hemolytic_complement_activity,english,active
abnormal total iron binding capacity,Abnormal Total Iron Binding Capacity,abnormal_total_iron_binding_capacity,english,active
abnormal total natural killer cell count,Abnormal Total Natural Killer Cell Count,abnormal_total_natural_killer_cell_count,english,active
abnormal total neutrophil count,Abnormal Total Neutrophil Count,abnormal_total_neutrophil_count,english,active
abnormal total t cell count,Abnormal Total T Cell Count,abnormal_total_t_cell_count,english,active
abnormal trabecular bone morphology,Abnormal Trabecular Bone Morphology,abnormal_trabecular_bone_morphology,english,active
abnormal trabecular meshwork morphology,Abnormal Trabecular Meshwork Morphology,abnormal_trabecular_meshwork_morphology,english,active
abnormal trachea morphology,Abnormal Trachea Morphology,abnormal_trachea_morphology,english,active
abnormal tracheal cartilaginous ring,Abnormal Tracheal Cartilaginous Ring,abnormal_tracheal_cartilaginous_ring,english,active
abnormal tracheal morphology,Abnormal Tracheal Morphology,abnormal_tracheal_morphology,english,active
abnormal tracheobronchial morphology,Abnormal Tracheobronchial Morphology,abnormal_tracheobronchial_morphology,english,active
abnormal tragus morphology,Abnormal Tragus Morphology,abnormal_tragus_morphology,english,active
abnormal transfer factor of the lung for carbon monoxide,Abnormal Transfer Factor of the Lung for Carbon Monoxide,abnormal_transfer_factor_of_the_lung_for_carbon_monoxide,english,active
abnormal transferrin isoelectric focusing,Abnormal Transferrin Isoelectric Focusing,abnormal_transferrin_isoelectric_focusing,english,active
abnormal transferrin saturation,Abnormal Transferrin Saturation,abnormal_transferrin_saturation,english,active
abnormal transition from sleep to wakefulness,Abnormal Transition From Sleep to Wakefulness,abnormal_transition_from_sleep_to_wakefulness,english,active
abnormal transition from wakefulness to sleep,Abnormal Transition From Wakefulness to Sleep,abnormal_transition_from_wakefulness_to_sleep,english,active
abnormal transitional b cell proportion,Abnormal Transitional B Cell Proportion,abnormal_transitional_b_cell_proportion,english,active
abnormal trapezium morphology,Abnormal Trapezium Morphology,abnormal_trapezium_morphology,english,active
abnormal trapezoid bone morphology,Abnormal Trapezoid Bone Morphology,abnormal_trapezoid_bone_morphology,english,active
abnormal treadmill test,Abnormal Treadmill Test,abnormal_treadmill_test,english,active
abnormal treg proportion,Abnormal Treg Proportion,abnormal_treg_proportion,english,active
abnormal triceps skinfold thickness,Abnormal Triceps Skinfold Thickness,abnormal_triceps_skinfold_thickness,english,active
abnormal tricuspid chordae tendinae morphology,Abnormal Tricuspid Chordae Tendinae Morphology,abnormal_tricuspid_chordae_tendinae_morphology,english,active
abnormal tricuspid valve annulus morphology,Abnormal Tricuspid Valve Annulus Morphology,abnormal_tricuspid_valve_annulus_morphology,english,active
abnormal tricuspid valve leaflet morphology,Abnormal Tricuspid Valve Leaflet Morphology,abnormal_tricuspid_valve_leaflet_morphology,english,active
abnormal tricuspid valve morphology,Abnormal Tricuspid Valve Morphology,abnormal_tricuspid_valve_morphology,english,active
abnormal tricuspid valve physiology,Abnormal Tricuspid Valve Physiology,abnormal_tricuspid_valve_physiology,english,active
abnormal trigeminal nerve morphology,Abnormal Trigeminal Nerve Morphology,abnormal_trigeminal_nerve_morphology,english,active
abnormal tryptophan levels in cerebrospinal fluid,Abnormal Tryptophan Levels in Cerebrospinal Fluid,abnormal_tryptophan_levels_in_cerebrospinal_fluid,english,active
abnormal tsh level,Abnormal TSH Level,abnormal_tsh_level,english,active
abnormal tsh response to thyrotrophin-releasing hormone stimulation test,Abnormal TSH Response to Thyrotrophin-releasing Hormone Stimulation Test,abnormal_tsh_response_to_thyrotrophin-releasing_hormone_stim,english,active
abnormal tsh response to trh stimulation test,Abnormal TSH Response to TRH Stimulation Test,abnormal_tsh_response_to_trh_stimulation_test,english,active
abnormal tubular basement membrane morphology,Abnormal Tubular Basement Membrane Morphology,abnormal_tubular_basement_membrane_morphology,english,active
abnormal tubulointerstitial morphology,Abnormal Tubulointerstitial Morphology,abnormal_tubulointerstitial_morphology,english,active
abnormal tympanic membrane morphology,Abnormal Tympanic Membrane Morphology,abnormal_tympanic_membrane_morphology,english,active
abnormal type ii pneumocyte morphology,Abnormal Type II Pneumocyte Morphology,abnormal_type_ii_pneumocyte_morphology,english,active
abnormal tyrosine levels in cerebrospinal fluid,Abnormal Tyrosine Levels in Cerebrospinal Fluid,abnormal_tyrosine_levels_in_cerebrospinal_fluid,english,active
abnormal u wave,Abnormal U Wave,abnormal_u_wave,english,active
abnormal udp-glucose 4-epimerase activity level in plasma,Abnormal UDP-glucose 4-epimerase Activity Level in Plasma,abnormal_udp-glucose_4-epimerase_activity_level_in_plasma,english,active
abnormal udp-glucose 4-epimerase level in rbcs,Abnormal UDP-glucose 4-epimerase Level in RBCs,abnormal_udp-glucose_4-epimerase_level_in_rbcs,english,active
abnormal udp-glucose 4-epimerase level in red blood cells,Abnormal UDP-glucose 4-epimerase Level in Red Blood Cells,abnormal_udp-glucose_4-epimerase_level_in_red_blood_cells,english,active
abnormal ulnar epiphysis morphology,Abnormal Ulnar Epiphysis Morphology,abnormal_ulnar_epiphysis_morphology,english,active
abnormal ulnar metaphysis morphology,Abnormal Ulnar Metaphysis Morphology,abnormal_ulnar_metaphysis_morphology,english,active
abnormal ulnar styloid process morphology,Abnormal Ulnar Styloid Process Morphology,abnormal_ulnar_styloid_process_morphology,english,active
abnormal umbilical artery doppler waveform during pregnancy,Abnormal Umbilical Artery Doppler Waveform During Pregnancy,abnormal_umbilical_artery_doppler_waveform_during_pregnancy,english,active
abnormal umbilical blood flow measurement,Abnormal Umbilical Blood Flow Measurement,abnormal_umbilical_blood_flow_measurement,english,active
abnormal umbilical cord blood levels of carbon dioxide,Abnormal Umbilical Cord Blood Levels of Carbon Dioxide,abnormal_umbilical_cord_blood_levels_of_carbon_dioxide,english,active
abnormal umbilical cord blood vessel morphology,Abnormal Umbilical Cord Blood Vessel Morphology,abnormal_umbilical_cord_blood_vessel_morphology,english,active
abnormal umbilical cord blood vessels,Abnormal Umbilical Cord Blood Vessels,abnormal_umbilical_cord_blood_vessels,english,active
abnormal umbilical stump bleeding,Abnormal Umbilical Stump Bleeding,abnormal_umbilical_stump_bleeding,english,active
abnormal umbilicus,Abnormal Umbilicus,abnormal_umbilicus,english,active
abnormal umbilicus morphology,Abnormal Umbilicus Morphology,abnormal_umbilicus_morphology,english,active
abnormal unaided visual acuity test,Abnormal Unaided Visual Acuity Test,abnormal_unaided_visual_acuity_test,english,active
abnormal unswitched memory b cell proportion,Abnormal Unswitched Memory B Cell Proportion,abnormal_unswitched_memory_b_cell_proportion,english,active
abnormal upper limb bone morphology,Abnormal Upper Limb Bone Morphology,abnormal_upper_limb_bone_morphology,english,active
abnormal upper limb epiphysis morphology,Abnormal Upper Limb Epiphysis Morphology,abnormal_upper_limb_epiphysis_morphology,english,active
abnormal upper limb metaphysis morphology,Abnormal Upper Limb Metaphysis Morphology,abnormal_upper_limb_metaphysis_morphology,english,active
abnormal upper limb muscles,Abnormal Upper Limb Muscles,abnormal_upper_limb_muscles,english,active
abnormal upper lip morphology,Abnormal Upper Lip Morphology,abnormal_upper_lip_morphology,english,active
abnormal upper motor neuron morphology,Abnormal Upper Motor Neuron Morphology,abnormal_upper_motor_neuron_morphology,english,active
abnormal upper to lower segment ratio,Abnormal Upper to Lower Segment Ratio,abnormal_upper_to_lower_segment_ratio,english,active
abnormal upper-limb motor evoked potentials,Abnormal Upper-limb Motor Evoked Potentials,abnormal_upper-limb_motor_evoked_potentials,english,active
abnormal ureter morphology,Abnormal Ureter Morphology,abnormal_ureter_morphology,english,active
abnormal ureter physiology,Abnormal Ureter Physiology,abnormal_ureter_physiology,english,active
abnormal urethral discharge,Abnormal Urethral Discharge,abnormal_urethral_discharge,english,active
abnormal uridine diphosphate glucose-4-epimerase level in plasma,Abnormal Uridine Diphosphate Glucose-4-epimerase Level in Plasma,abnormal_uridine_diphosphate_glucose-4-epimerase_level_in_pl,english,active
abnormal uridine diphosphate glucose-4-epimerase level in red blood cells,Abnormal Uridine Diphosphate Glucose-4-epimerase Level in Red Blood Cells,abnormal_uridine_diphosphate_glucose-4-epimerase_level_in_re,english,active
abnormal urinary 1-methylhistidine concentration,Abnormal Urinary 1-methylhistidine Concentration,abnormal_urinary_1-methylhistidine_concentration,english,active
abnormal urinary 2-oxoglutarate level,Abnormal Urinary 2-oxoglutarate Level,abnormal_urinary_2-oxoglutarate_level,english,active
abnormal urinary 3-methylhistidine level,Abnormal Urinary 3-methylhistidine Level,abnormal_urinary_3-methylhistidine_level,english,active
abnormal urinary acylglycine profile,Abnormal Urinary Acylglycine Profile,abnormal_urinary_acylglycine_profile,english,active
abnormal urinary bile acid level,Abnormal Urinary Bile Acid Level,abnormal_urinary_bile_acid_level,english,active
abnormal urinary color,Abnormal Urinary Color,abnormal_urinary_color,english,active
abnormal urinary copper concentration,Abnormal Urinary Copper Concentration,abnormal_urinary_copper_concentration,english,active
abnormal urinary creatine level,Abnormal Urinary Creatine Level,abnormal_urinary_creatine_level,english,active
abnormal urinary electrolyte concentration,Abnormal Urinary Electrolyte Concentration,abnormal_urinary_electrolyte_concentration,english,active
abnormal urinary guanosine level,Abnormal Urinary Guanosine Level,abnormal_urinary_guanosine_level,english,active
abnormal urinary hypoxanthine level,Abnormal Urinary Hypoxanthine Level,abnormal_urinary_hypoxanthine_level,english,active
abnormal urinary inosine level,Abnormal Urinary Inosine Level,abnormal_urinary_inosine_level,english,active
abnormal urinary isobutyrylglycine levels,Abnormal Urinary Isobutyrylglycine Levels,abnormal_urinary_isobutyrylglycine_levels,english,active
abnormal urinary mineral level,Abnormal Urinary Mineral Level,abnormal_urinary_mineral_level,english,active
abnormal urinary n-hexanoylglycine levels,Abnormal Urinary N-hexanoylglycine Levels,abnormal_urinary_n-hexanoylglycine_levels,english,active
abnormal urinary nitrogen compound level,Abnormal Urinary Nitrogen Compound Level,abnormal_urinary_nitrogen_compound_level,english,active
abnormal urinary non-proteinogenic amino acid level,Abnormal Urinary Non-proteinogenic Amino Acid Level,abnormal_urinary_non-proteinogenic_amino_acid_level,english,active
abnormal urinary nucleobase concentration,Abnormal Urinary Nucleobase Concentration,abnormal_urinary_nucleobase_concentration,english,active
abnormal urinary odor,Abnormal Urinary Odor,abnormal_urinary_odor,english,active
abnormal urinary organic compound level,Abnormal Urinary Organic Compound Level,abnormal_urinary_organic_compound_level,english,active
abnormal urinary purine level,Abnormal Urinary Purine Level,abnormal_urinary_purine_level,english,active
abnormal urinary pyrimidine level,Abnormal Urinary Pyrimidine Level,abnormal_urinary_pyrimidine_level,english,active
abnormal urinary sulfate concentration,Abnormal Urinary Sulfate Concentration,abnormal_urinary_sulfate_concentration,english,active
abnormal urinary sulphate concentration,Abnormal Urinary Sulphate Concentration,abnormal_urinary_sulphate_concentration,english,active
abnormal urinary uromodulin level,Abnormal Urinary Uromodulin Level,abnormal_urinary_uromodulin_level,english,active
abnormal urine alpha-ketoglutarate concentration,Abnormal Urine Alpha-ketoglutarate Concentration,abnormal_urine_alpha-ketoglutarate_concentration,english,active
abnormal urine amino acid level,Abnormal Urine Amino Acid Level,abnormal_urine_amino_acid_level,english,active
abnormal urine carbohydrate level,Abnormal Urine Carbohydrate Level,abnormal_urine_carbohydrate_level,english,active
abnormal urine carboxylic acid level,Abnormal Urine Carboxylic Acid Level,abnormal_urine_carboxylic_acid_level,english,active
abnormal urine chloride concentration,Abnormal Urine Chloride Concentration,abnormal_urine_chloride_concentration,english,active
abnormal urine citrate concentration,Abnormal Urine Citrate Concentration,abnormal_urine_citrate_concentration,english,active
abnormal urine citric acid concentration,Abnormal Urine Citric Acid Concentration,abnormal_urine_citric_acid_concentration,english,active
abnormal urine cl concentration,Abnormal Urine Cl Concentration,abnormal_urine_cl_concentration,english,active
abnormal urine color,Abnormal Urine Color,abnormal_urine_color,english,active
abnormal urine colour,Abnormal Urine Colour,abnormal_urine_colour,english,active
abnormal urine cytology,Abnormal Urine Cytology,abnormal_urine_cytology,english,active
abnormal urine d-xylose test,Abnormal Urine D-xylose Test,abnormal_urine_d-xylose_test,english,active
abnormal urine decanedioic acid concentration,Abnormal Urine Decanedioic Acid Concentration,abnormal_urine_decanedioic_acid_concentration,english,active
abnormal urine guanidinoacetic acid level,Abnormal Urine Guanidinoacetic Acid Level,abnormal_urine_guanidinoacetic_acid_level,english,active
abnormal urine hexanoylglycine concentration,Abnormal Urine Hexanoylglycine Concentration,abnormal_urine_hexanoylglycine_concentration,english,active
abnormal urine hormone level,Abnormal Urine Hormone Level,abnormal_urine_hormone_level,english,active
abnormal urine isobutyrylglycine concentration,Abnormal Urine Isobutyrylglycine Concentration,abnormal_urine_isobutyrylglycine_concentration,english,active
abnormal urine k concentration,Abnormal Urine K Concentration,abnormal_urine_k_concentration,english,active
abnormal urine levels of substances chiefly nonmed source,Abnormal Urine Levels of Substances Chiefly Nonmed Source,abnormal_urine_levels_of_substances_chiefly_nonmed_source,english,active
abnormal urine magnesium concentration,Abnormal Urine Magnesium Concentration,abnormal_urine_magnesium_concentration,english,active
abnormal urine metabolite level,Abnormal Urine Metabolite Level,abnormal_urine_metabolite_level,english,active
abnormal urine na concentration,Abnormal Urine Na Concentration,abnormal_urine_na_concentration,english,active
abnormal urine na+ levels,Abnormal Urine Na+ Levels,abnormal_urine_na+_levels,english,active
abnormal urine osmolality,Abnormal Urine Osmolality,abnormal_urine_osmolality,english,active
abnormal urine output,Abnormal Urine Output,abnormal_urine_output,english,active
abnormal urine ph,Abnormal Urine PH,abnormal_urine_ph,english,active
abnormal urine phosphate concentration,Abnormal Urine Phosphate Concentration,abnormal_urine_phosphate_concentration,english,active
abnormal urine potassium concentration,Abnormal Urine Potassium Concentration,abnormal_urine_potassium_concentration,english,active
abnormal urine protein level,Abnormal Urine Protein Level,abnormal_urine_protein_level,english,active
abnormal urine sebacic acid concentration,Abnormal Urine Sebacic Acid Concentration,abnormal_urine_sebacic_acid_concentration,english,active
abnormal urine smell,Abnormal Urine Smell,abnormal_urine_smell,english,active
abnormal urine sodium concentration,Abnormal Urine Sodium Concentration,abnormal_urine_sodium_concentration,english,active
abnormal urine urobilinogen level,Abnormal Urine Urobilinogen Level,abnormal_urine_urobilinogen_level,english,active
abnormal uterine cervix morphology,Abnormal Uterine Cervix Morphology,abnormal_uterine_cervix_morphology,english,active
abnormal uterus bleeding,Abnormal Uterus Bleeding,abnormal_uterus_bleeding,english,active
abnormal uterus morphology,Abnormal Uterus Morphology,abnormal_uterus_morphology,english,active
abnormal utricle morphology,Abnormal Utricle Morphology,abnormal_utricle_morphology,english,active
abnormal uvea morphology,Abnormal Uvea Morphology,abnormal_uvea_morphology,english,active
abnormal uvula morphology,Abnormal Uvula Morphology,abnormal_uvula_morphology,english,active
abnormal vagina morphology,Abnormal Vagina Morphology,abnormal_vagina_morphology,english,active
abnormal vaginal bleeding,Abnormal Vaginal Bleeding,abnormal_vaginal_bleeding,english,active
abnormal vaginal discharge,Abnormal Vaginal Discharge,abnormal_vaginal_discharge,english,active
abnormal vaginal physiology,Abnormal Vaginal Physiology,abnormal_vaginal_physiology,english,active
abnormal valine levels in cerebrospinal fluid,Abnormal Valine Levels in Cerebrospinal Fluid,abnormal_valine_levels_in_cerebrospinal_fluid,english,active
abnormal vas deferens morphology,Abnormal Vas Deferens Morphology,abnormal_vas_deferens_morphology,english,active
abnormal vasa vasorum morphology,Abnormal Vasa Vasorum Morphology,abnormal_vasa_vasorum_morphology,english,active
abnormal vascular morphology,Abnormal Vascular Morphology,abnormal_vascular_morphology,english,active
abnormal vascular physiology,Abnormal Vascular Physiology,abnormal_vascular_physiology,english,active
abnormal vasculature of the conjunctiva morphology,Abnormal Vasculature of the Conjunctiva Morphology,abnormal_vasculature_of_the_conjunctiva_morphology,english,active
abnormal vein,Abnormal Vein,abnormal_vein,english,active
abnormal vein of face,Abnormal Vein of Face,abnormal_vein_of_face,english,active
abnormal vena cava morphology,Abnormal Vena Cava Morphology,abnormal_vena_cava_morphology,english,active
abnormal vena cava physiology,Abnormal Vena Cava Physiology,abnormal_vena_cava_physiology,english,active
abnormal venous morphology,Abnormal Venous Morphology,abnormal_venous_morphology,english,active
abnormal ventricular axis,Abnormal Ventricular Axis,abnormal_ventricular_axis,english,active
abnormal ventricular filling,Abnormal Ventricular Filling,abnormal_ventricular_filling,english,active
abnormal ventricular myocardium morphology,Abnormal Ventricular Myocardium Morphology,abnormal_ventricular_myocardium_morphology,english,active
abnormal ventricular septum morphology,Abnormal Ventricular Septum Morphology,abnormal_ventricular_septum_morphology,english,active
abnormal ventriculo-arterial connection,Abnormal Ventriculo-arterial Connection,abnormal_ventriculo-arterial_connection,english,active
abnormal ventriculoarterial connection,Abnormal Ventriculoarterial Connection,abnormal_ventriculoarterial_connection,english,active
abnormal ventriculoarterial connexion,Abnormal Ventriculoarterial Connexion,abnormal_ventriculoarterial_connexion,english,active
abnormal vertebrae,Abnormal Vertebrae,abnormal_vertebrae,english,active
abnormal vertebral artery morphology,Abnormal Vertebral Artery Morphology,abnormal_vertebral_artery_morphology,english,active
abnormal vertebral bodies,Abnormal Vertebral Bodies,abnormal_vertebral_bodies,english,active
abnormal vertebral column,Abnormal Vertebral Column,abnormal_vertebral_column,english,active
abnormal vertebral epiphysis morphology,Abnormal Vertebral Epiphysis Morphology,abnormal_vertebral_epiphysis_morphology,english,active
abnormal vertebral morphology,Abnormal Vertebral Morphology,abnormal_vertebral_morphology,english,active
abnormal vertebral ossification,Abnormal Vertebral Ossification,abnormal_vertebral_ossification,english,active
abnormal vertebral pedicle morphology,Abnormal Vertebral Pedicle Morphology,abnormal_vertebral_pedicle_morphology,english,active
abnormal vertebral segmentation and fusion,Abnormal Vertebral Segmentation and Fusion,abnormal_vertebral_segmentation_and_fusion,english,active
abnormal vertical rectus muscle physiology,Abnormal Vertical Rectus Muscle Physiology,abnormal_vertical_rectus_muscle_physiology,english,active
abnormal vestibular function,Abnormal Vestibular Function,abnormal_vestibular_function,english,active
abnormal vestibular function study,Abnormal Vestibular Function Study,abnormal_vestibular_function_study,english,active
abnormal vestibular saccule morphology,Abnormal Vestibular Saccule Morphology,abnormal_vestibular_saccule_morphology,english,active
abnormal vestibulo-ocular reflex,Abnormal Vestibulo-ocular Reflex,abnormal_vestibulo-ocular_reflex,english,active
abnormal vestibulo-spinal reflex,Abnormal Vestibulo-spinal Reflex,abnormal_vestibulo-spinal_reflex,english,active
abnormal vestibulocochlear nerve morphology,Abnormal Vestibulocochlear Nerve Morphology,abnormal_vestibulocochlear_nerve_morphology,english,active
abnormal vestibuloocular reflex,Abnormal Vestibuloocular Reflex,abnormal_vestibuloocular_reflex,english,active
abnormal visceral epithelial cell morphology,Abnormal Visceral Epithelial Cell Morphology,abnormal_visceral_epithelial_cell_morphology,english,active
abnormal vision evoked potentials,Abnormal Vision Evoked Potentials,abnormal_vision_evoked_potentials,english,active
abnormal vistech contrast sensitivity test,Abnormal Vistech Contrast Sensitivity Test,abnormal_vistech_contrast_sensitivity_test,english,active
abnormal visual accommodation,Abnormal Visual Accommodation,abnormal_visual_accommodation,english,active
abnormal visual behavior for age,Abnormal Visual Behavior for Age,abnormal_visual_behavior_for_age,english,active
abnormal visual behaviour for age,Abnormal Visual Behaviour for Age,abnormal_visual_behaviour_for_age,english,active
abnormal visual electrophysiology,Abnormal Visual Electrophysiology,abnormal_visual_electrophysiology,english,active
abnormal visual evoked potential,Abnormal Visual Evoked Potential,abnormal_visual_evoked_potential,english,active
abnormal visual evoked responses,Abnormal Visual Evoked Responses,abnormal_visual_evoked_responses,english,active
abnormal visual field test,Abnormal Visual Field Test,abnormal_visual_field_test,english,active
abnormal visual fixation,Abnormal Visual Fixation,abnormal_visual_fixation,english,active
abnormal visual-evoked potentials,Abnormal Visual-evoked Potentials,abnormal_visual-evoked_potentials,english,active
abnormal visually evoked potential [vep],Abnormal Visually Evoked Potential [VEP],abnormal_visually_evoked_potential_[vep],english,active
abnormal vitamin b12 level,Abnormal Vitamin B12 Level,abnormal_vitamin_b12_level,english,active
abnormal vitreous humor morphology,Abnormal Vitreous Humor Morphology,abnormal_vitreous_humor_morphology,english,active
abnormal vitreous humour morphology,Abnormal Vitreous Humour Morphology,abnormal_vitreous_humour_morphology,english,active
abnormal vldl cholesterol concentration,Abnormal VLDL Cholesterol Concentration,abnormal_vldl_cholesterol_concentration,english,active
abnormal vocal cord morphology,Abnormal Vocal Cord Morphology,abnormal_vocal_cord_morphology,english,active
abnormal vocalisation,Abnormal Vocalisation,abnormal_vocalisation,english,active
abnormal vocalization,Abnormal Vocalization,abnormal_vocalization,english,active
abnormal volitional state,Abnormal Volitional State,abnormal_volitional_state,english,active
abnormal vomer morphology,Abnormal Vomer Morphology,abnormal_vomer_morphology,english,active
abnormal von willebrand factor multimer distribution,Abnormal Von Willebrand Factor Multimer Distribution,abnormal_von_willebrand_factor_multimer_distribution,english,active
abnormal waist to hip ratio,Abnormal Waist to Hip Ratio,abnormal_waist_to_hip_ratio,english,active
abnormal walk,Abnormal Walk,abnormal_walk,english,active
abnormal weight gain,Abnormal Weight Gain,abnormal_weight_gain,english,active
abnormal weight loss,Abnormal Weight Loss,abnormal_weight_loss,english,active
abnormal westergren sedimentation rate,Abnormal Westergren Sedimentation Rate,abnormal_westergren_sedimentation_rate,english,active
abnormal white blood cell count,Abnormal White Blood Cell Count,abnormal_white_blood_cell_count,english,active
abnormal whorl of hair,Abnormal Whorl of Hair,abnormal_whorl_of_hair,english,active
abnormal wide portion of elbow bone,Abnormal Wide Portion of Elbow Bone,abnormal_wide_portion_of_elbow_bone,english,active
abnormal wide portion of innermost thighbone,Abnormal Wide Portion of Innermost Thighbone,abnormal_wide_portion_of_innermost_thighbone,english,active
abnormal wrist bone maturation,Abnormal Wrist Bone Maturation,abnormal_wrist_bone_maturation,english,active
abnormal wrist morphology,Abnormal Wrist Morphology,abnormal_wrist_morphology,english,active
abnormal wrist physiology,Abnormal Wrist Physiology,abnormal_wrist_physiology,english,active
abnormal z disk morphology,Abnormal Z Disk Morphology,abnormal_z_disk_morphology,english,active
abnormal zona pellucida morphology,Abnormal Zona Pellucida Morphology,abnormal_zona_pellucida_morphology,english,active
abnormal zygomatic arch morphology,Abnormal Zygomatic Arch Morphology,abnormal_zygomatic_arch_morphology,english,active
abnormal zygomatic bone morphology,Abnormal Zygomatic Bone Morphology,abnormal_zygomatic_bone_morphology,english,active
abnormalities of arcuate arteries,Abnormalities of Arcuate Arteries,abnormalities_of_arcuate_arteries,english,active
abnormalities of placenta or umbilical cord,Abnormalities of Placenta or Umbilical Cord,abnormalities_of_placenta_or_umbilical_cord,english,active
abnormalities of shaft of long bone of the hand,Abnormalities of Shaft of Long Bone of the Hand,abnormalities_of_shaft_of_long_bone_of_the_hand,english,active
abnormalities of the arcuate arterial intima/media,Abnormalities of the Arcuate Arterial Intima/media,abnormalities_of_the_arcuate_arterial_intima/media,english,active
abnormalities of the arcuate arterial lumen,Abnormalities of the Arcuate Arterial Lumen,abnormalities_of_the_arcuate_arterial_lumen,english,active
abnormalities of the diaphyses of the hand,Abnormalities of the Diaphyses of the Hand,abnormalities_of_the_diaphyses_of_the_hand,english,active
abnormalities of the fingers,Abnormalities of the Fingers,abnormalities_of_the_fingers,english,active
abnormalities of the hallux,Abnormalities of the Hallux,abnormalities_of_the_hallux,english,active
abnormalities of the interlobular arterial endothelium,Abnormalities of the Interlobular Arterial Endothelium,abnormalities_of_the_interlobular_arterial_endothelium,english,active
abnormalities of the interlobular arterial intima/media,Abnormalities of the Interlobular Arterial Intima/media,abnormalities_of_the_interlobular_arterial_intima/media,english,active
abnormalities of the metaphyses of the hand,Abnormalities of the Metaphyses of the Hand,abnormalities_of_the_metaphyses_of_the_hand,english,active
abnormalities of the toes,Abnormalities of the Toes,abnormalities_of_the_toes,english,active
abnormalities of the wrists,Abnormalities of the Wrists,abnormalities_of_the_wrists,english,active
abnormality glomerular mesangium morphology,Abnormality Glomerular Mesangium Morphology,abnormality_glomerular_mesangium_morphology,english,active
abnormality in area between air sacs in lung,Abnormality in Area Between Air Sacs in Lung,abnormality_in_area_between_air_sacs_in_lung,english,active
abnormality in emotional social interactions,Abnormality in Emotional Social Interactions,abnormality_in_emotional_social_interactions,english,active
abnormality involving the diaphyses of the limbs,Abnormality Involving the Diaphyses of the Limbs,abnormality_involving_the_diaphyses_of_the_limbs,english,active
abnormality involving the diaphyses of the upper limbs,Abnormality Involving the Diaphyses of the Upper Limbs,abnormality_involving_the_diaphyses_of_the_upper_limbs,english,active
abnormality involving the epiphyses of the limbs,Abnormality Involving the Epiphyses of the Limbs,abnormality_involving_the_epiphyses_of_the_limbs,english,active
abnormality involving the epiphyses of the lower limbs,Abnormality Involving the Epiphyses of the Lower Limbs,abnormality_involving_the_epiphyses_of_the_lower_limbs,english,active
abnormality involving the epiphyses of the upper limbs,Abnormality Involving the Epiphyses of the Upper Limbs,abnormality_involving_the_epiphyses_of_the_upper_limbs,english,active
abnormality iris morphology,Abnormality Iris Morphology,abnormality_iris_morphology,english,active
abnormality nasal septum cartilage morphology,Abnormality Nasal Septum Cartilage Morphology,abnormality_nasal_septum_cartilage_morphology,english,active
abnormality of 2nd finger phalanges,Abnormality of 2nd Finger Phalanges,abnormality_of_2nd_finger_phalanges,english,active
abnormality of 3rd finger phalanges,Abnormality of 3rd Finger Phalanges,abnormality_of_3rd_finger_phalanges,english,active
abnormality of abdomen morphology,Abnormality of Abdomen Morphology,abnormality_of_abdomen_morphology,english,active
abnormality of abdomen structure,Abnormality of Abdomen Structure,abnormality_of_abdomen_structure,english,active
abnormality of abdominal situs,Abnormality of Abdominal Situs,abnormality_of_abdominal_situs,english,active
abnormality of acid-base homeostasis,Abnormality of Acid-base Homeostasis,abnormality_of_acid-base_homeostasis,english,active
abnormality of adenoids,Abnormality of Adenoids,abnormality_of_adenoids,english,active
abnormality of adipose tissue,Abnormality of Adipose Tissue,abnormality_of_adipose_tissue,english,active
abnormality of adrenal morphology,Abnormality of Adrenal Morphology,abnormality_of_adrenal_morphology,english,active
abnormality of adrenal physiology,Abnormality of Adrenal Physiology,abnormality_of_adrenal_physiology,english,active
abnormality of alanine metabolism,Abnormality of Alanine Metabolism,abnormality_of_alanine_metabolism,english,active
abnormality of albumin,Abnormality of Albumin,abnormality_of_albumin,english,active
abnormality of alignment of incisors,Abnormality of Alignment of Incisors,abnormality_of_alignment_of_incisors,english,active
abnormality of alignment of teeth,Abnormality of Alignment of Teeth,abnormality_of_alignment_of_teeth,english,active
abnormality of alkaline phosphatase activity,Abnormality of Alkaline Phosphatase Activity,abnormality_of_alkaline_phosphatase_activity,english,active
abnormality of alkaline phosphatase level,Abnormality of Alkaline Phosphatase Level,abnormality_of_alkaline_phosphatase_level,english,active
abnormality of alp level,Abnormality of ALP Level,abnormality_of_alp_level,english,active
abnormality of alphafetoprotein,Abnormality of Alphafetoprotein,abnormality_of_alphafetoprotein,english,active
abnormality of alveolar margin,Abnormality of Alveolar Margin,abnormality_of_alveolar_margin,english,active
abnormality of amino acid metabolism,Abnormality of Amino Acid Metabolism,abnormality_of_amino_acid_metabolism,english,active
abnormality of angular artery,Abnormality of Angular Artery,abnormality_of_angular_artery,english,active
abnormality of anterior crus of antihelix,Abnormality of Anterior Crus of Antihelix,abnormality_of_anterior_crus_of_antihelix,english,active
abnormality of anterior ethmoidal artery,Abnormality of Anterior Ethmoidal Artery,abnormality_of_anterior_ethmoidal_artery,english,active
abnormality of apophyseal joint,Abnormality of Apophyseal Joint,abnormality_of_apophyseal_joint,english,active
abnormality of arginine metabolism,Abnormality of Arginine Metabolism,abnormality_of_arginine_metabolism,english,active
abnormality of aromatic amino acid family metabolism,Abnormality of Aromatic Amino Acid Family Metabolism,abnormality_of_aromatic_amino_acid_family_metabolism,english,active
abnormality of artery of lower lip,Abnormality of Artery of Lower Lip,abnormality_of_artery_of_lower_lip,english,active
abnormality of asparagine metabolism,Abnormality of Asparagine Metabolism,abnormality_of_asparagine_metabolism,english,active
abnormality of auricular lobule,Abnormality of Auricular Lobule,abnormality_of_auricular_lobule,english,active
abnormality of axial muscles,Abnormality of Axial Muscles,abnormality_of_axial_muscles,english,active
abnormality of b cell count,Abnormality of B Cell Count,abnormality_of_b_cell_count,english,active
abnormality of b cell numbers,Abnormality of B Cell Numbers,abnormality_of_b_cell_numbers,english,active
abnormality of b cell physiology,Abnormality of B Cell Physiology,abnormality_of_b_cell_physiology,english,active
abnormality of b cells,Abnormality of B Cells,abnormality_of_b_cells,english,active
abnormality of b-vitamin metabolism,Abnormality of B-vitamin Metabolism,abnormality_of_b-vitamin_metabolism,english,active
abnormality of baby teeth,Abnormality of Baby Teeth,abnormality_of_baby_teeth,english,active
abnormality of balance,Abnormality of Balance,abnormality_of_balance,english,active
abnormality of base of nose,Abnormality of Base of Nose,abnormality_of_base_of_nose,english,active
abnormality of basophils,Abnormality of Basophils,abnormality_of_basophils,english,active
abnormality of bicuspid,Abnormality of Bicuspid,abnormality_of_bicuspid,english,active
abnormality of bicuspid morphology,Abnormality of Bicuspid Morphology,abnormality_of_bicuspid_morphology,english,active
abnormality of binocular vision,Abnormality of Binocular Vision,abnormality_of_binocular_vision,english,active
abnormality of bladder morphology,Abnormality of Bladder Morphology,abnormality_of_bladder_morphology,english,active
abnormality of blood and blood-forming tissues,Abnormality of Blood and Blood-forming Tissues,abnormality_of_blood_and_blood-forming_tissues,english,active
abnormality of blood circulation,Abnormality of Blood Circulation,abnormality_of_blood_circulation,english,active
abnormality of blood glucose concentration,Abnormality of Blood Glucose Concentration,abnormality_of_blood_glucose_concentration,english,active
abnormality of blood vessel of head,Abnormality of Blood Vessel of Head,abnormality_of_blood_vessel_of_head,english,active
abnormality of blood vessel of neck,Abnormality of Blood Vessel of Neck,abnormality_of_blood_vessel_of_neck,english,active
abnormality of blood vessels,Abnormality of Blood Vessels,abnormality_of_blood_vessels,english,active
abnormality of blood volume homeostasis,Abnormality of Blood Volume Homeostasis,abnormality_of_blood_volume_homeostasis,english,active
abnormality of body height,Abnormality of Body Height,abnormality_of_body_height,english,active
abnormality of body mass index,Abnormality of Body Mass Index,abnormality_of_body_mass_index,english,active
abnormality of body weight,Abnormality of Body Weight,abnormality_of_body_weight,english,active
abnormality of bone marrow cell morphology,Abnormality of Bone Marrow Cell Morphology,abnormality_of_bone_marrow_cell_morphology,english,active
abnormality of bone marrow stromal cells,Abnormality of Bone Marrow Stromal Cells,abnormality_of_bone_marrow_stromal_cells,english,active
abnormality of bone mineral density,Abnormality of Bone Mineral Density,abnormality_of_bone_mineral_density,english,active
abnormality of bone mineral density involving tarsal bones,Abnormality of Bone Mineral Density Involving Tarsal Bones,abnormality_of_bone_mineral_density_involving_tarsal_bones,english,active
abnormality of bone mineralisation and ossification,Abnormality of Bone Mineralisation and Ossification,abnormality_of_bone_mineralisation_and_ossification,english,active
abnormality of bone trabeculation,Abnormality of Bone Trabeculation,abnormality_of_bone_trabeculation,english,active
abnormality of bones of the orbit of the skull,Abnormality of Bones of the Orbit of the Skull,abnormality_of_bones_of_the_orbit_of_the_skull,english,active
abnormality of bony orbit of skull,Abnormality of Bony Orbit of Skull,abnormality_of_bony_orbit_of_skull,english,active
abnormality of brain morphology,Abnormality of Brain Morphology,abnormality_of_brain_morphology,english,active
abnormality of brainstem morphology,Abnormality of Brainstem Morphology,abnormality_of_brainstem_morphology,english,active
abnormality of branchial apparatus,Abnormality of Branchial Apparatus,abnormality_of_branchial_apparatus,english,active
abnormality of branchial arch,Abnormality of Branchial Arch,abnormality_of_branchial_arch,english,active
abnormality of buccal fat pad,Abnormality of Buccal Fat Pad,abnormality_of_buccal_fat_pad,english,active
abnormality of buccal mucosa,Abnormality of Buccal Mucosa,abnormality_of_buccal_mucosa,english,active
abnormality of buccinator muscle,Abnormality of Buccinator Muscle,abnormality_of_buccinator_muscle,english,active
abnormality of cachectin secretion,Abnormality of Cachectin Secretion,abnormality_of_cachectin_secretion,english,active
abnormality of cachexin secretion,Abnormality of Cachexin Secretion,abnormality_of_cachexin_secretion,english,active
abnormality of calf musculature,Abnormality of Calf Musculature,abnormality_of_calf_musculature,english,active
abnormality of calvarium,Abnormality of Calvarium,abnormality_of_calvarium,english,active
abnormality of canine,Abnormality of Canine,abnormality_of_canine,english,active
abnormality of cardiac atrium morphology,Abnormality of Cardiac Atrium Morphology,abnormality_of_cardiac_atrium_morphology,english,active
abnormality of cardiac conduction,Abnormality of Cardiac Conduction,abnormality_of_cardiac_conduction,english,active
abnormality of cardiac conduction system,Abnormality of Cardiac Conduction System,abnormality_of_cardiac_conduction_system,english,active
abnormality of cardiac morphology,Abnormality of Cardiac Morphology,abnormality_of_cardiac_morphology,english,active
abnormality of cardiac ventricle,Abnormality of Cardiac Ventricle,abnormality_of_cardiac_ventricle,english,active
abnormality of cardiovascular system electrophysiology,Abnormality of Cardiovascular System Electrophysiology,abnormality_of_cardiovascular_system_electrophysiology,english,active
abnormality of cardiovascular system morphology,Abnormality of Cardiovascular System Morphology,abnormality_of_cardiovascular_system_morphology,english,active
abnormality of cardiovascular system physiology,Abnormality of Cardiovascular System Physiology,abnormality_of_cardiovascular_system_physiology,english,active
abnormality of carnosine metabolism,Abnormality of Carnosine Metabolism,abnormality_of_carnosine_metabolism,english,active
abnormality of carpal bone ossification,Abnormality of Carpal Bone Ossification,abnormality_of_carpal_bone_ossification,english,active
abnormality of cartilage morphology,Abnormality of Cartilage Morphology,abnormality_of_cartilage_morphology,english,active
abnormality of cartilage of external ear,Abnormality of Cartilage of External Ear,abnormality_of_cartilage_of_external_ear,english,active
abnormality of cartilage of nasal septum,Abnormality of Cartilage of Nasal Septum,abnormality_of_cartilage_of_nasal_septum,english,active
abnormality of cartilage of nose,Abnormality of Cartilage of Nose,abnormality_of_cartilage_of_nose,english,active
abnormality of cartilage of septum of nose,Abnormality of Cartilage of Septum of Nose,abnormality_of_cartilage_of_septum_of_nose,english,active
abnormality of cation homeostasis,Abnormality of Cation Homeostasis,abnormality_of_cation_homeostasis,english,active
abnormality of cell physiology,Abnormality of Cell Physiology,abnormality_of_cell_physiology,english,active
abnormality of cells of the erythroid lineage,Abnormality of Cells of the Erythroid Lineage,abnormality_of_cells_of_the_erythroid_lineage,english,active
abnormality of cells of the granulocytic lineage,Abnormality of Cells of the Granulocytic Lineage,abnormality_of_cells_of_the_granulocytic_lineage,english,active
abnormality of cells of the lymphoid lineage,Abnormality of Cells of the Lymphoid Lineage,abnormality_of_cells_of_the_lymphoid_lineage,english,active
abnormality of cells of the megakaryocyte lineage,Abnormality of Cells of the Megakaryocyte Lineage,abnormality_of_cells_of_the_megakaryocyte_lineage,english,active
abnormality of central motor conduction,Abnormality of Central Motor Conduction,abnormality_of_central_motor_conduction,english,active
