correct_term,misspelling,term_type,status
fainting,fainted,verb_form,active
gahabok,gahbok,symptom_root,active
gahabok,gahabuk,symptom_root,active
gahabok,gahaboc,symptom_root,active
gahabok,gahubok,symptom_root,active
gahabok,gahubg,symptom_root,active
gahubag,gahubg,symptom_root,active
gahubag,gahubak,symptom_root,active
gahubag,gahabag,symptom_root,active
gahubag,gahubeg,symptom_root,active
gahubag,gahubug,symptom_root,active
hubag,hubak,symptom_root,active
hubag,hubg,symptom_root,active
hubag,habag,symptom_root,active
hubag,hobag,symptom_root,active
habok,habuk,symptom_root,active
habok,haboc,symptom_root,active
habok,habog,symptom_root,active
namaga,namago,symptom_root,active
namaga,namaka,symptom_root,active
gasakit,gasaket,symptom_root,active
gasakit,gasakut,symptom_root,active
masakit,masaket,symptom_root,active
masakit,masakut,symptom_root,active
gakatol,gakatul,symptom_root,active
gakatol,kakatol,symptom_root,active
kakatol,kakatul,symptom_root,active
kakatol,gakatol,symptom_root,active
gapula,gapola,symptom_root,active
bilat,bilad,symptom_root,active
itlog,itlug,symptom_root,active
itlog,itlogg,symptom_root,active
itlug,itlog,symptom_root,active
ari,ary,symptom_root,active
ari,are,symptom_root,active
mata,mataa,symptom_root,active
kamot,kamut,symptom_root,active
dughan,dughan ko,symptom_root,active
dughan,dughang,symptom_root,active
ginahilanat,ginahilanat ko,symptom_root,active
ginahilanat,ginahilanat gid,symptom_root,active
mahamok,mahamoc,algorithmic,active
mahamok,mahamuk,algorithmic,active
gahabok,gahabog,algorithmic,active
mahamok,mahamog,algorithmic,active
abaga,abaka,algorithmic,active
bayag,bayak,algorithmic,active
galagas,galakas,algorithmic,active
ginkagat,ginkakat,algorithmic,active
nag-uyam,nak-uyam,algorithmic,active
nagadugo,nakadugo,algorithmic,active
nagalagas,nakalagas,algorithmic,active
nagdugo,nakdugo,algorithmic,active
nagsuka,naksuka,algorithmic,active
naguyam,nakuyam,algorithmic,active
nasumbag,nasumbak,algorithmic,active
abaga,abuga,algorithmic,active
bayag,bayug,algorithmic,active
galagas,galugas,algorithmic,active
ginkagat,ginkugat,algorithmic,active
hubag,hubug,algorithmic,active
nag-uyam,nug-uyam,algorithmic,active
nagadugo,nugadugo,algorithmic,active
nagalagas,nugalagas,algorithmic,active
nagdugo,nugdugo,algorithmic,active
nagsuka,nugsuka,algorithmic,active
naguyam,nuguyam,algorithmic,active
namaga,namuga,algorithmic,active
nasumbag,nasumbug,algorithmic,active
abaga,abega,algorithmic,active
bayag,bayeg,algorithmic,active
galagas,galegas,algorithmic,active
ginkagat,ginkegat,algorithmic,active
hubag,hubeg,algorithmic,active
nag-uyam,neg-uyam,algorithmic,active
nagadugo,negadugo,algorithmic,active
nagalagas,negalagas,algorithmic,active
nagdugo,negdugo,algorithmic,active
nagsuka,negsuka,algorithmic,active
naguyam,neguyam,algorithmic,active
namaga,namega,algorithmic,active
nasumbag,nasumbeg,algorithmic,active
gahubag,gahobag,algorithmic,active
ginauubo,ginauobo,algorithmic,active
ginauubo,ginauabo,algorithmic,active
gahubag,gahupag,algorithmic,active
ginauubo,ginauupo,algorithmic,active
hubag,hupag,algorithmic,active
gahabok,gahabbok,algorithmic,active
habok,habbok,algorithmic,active
gahabok,gaahbok,algorithmic,active
habok,ahbok,algorithmic,active
dalunggan,dalungkan,algorithmic,active
gadugo,kadugo,algorithmic,active
gahabok,kahabok,algorithmic,active
gahika,kahika,algorithmic,active
gahubag,kahubag,algorithmic,active
gakitol,kakitol,algorithmic,active
galagas,kalagas,algorithmic,active
galuya,kaluya,algorithmic,active
gapula,kapula,algorithmic,active
gasakit,kasakit,algorithmic,active
ngabil,nkabil,algorithmic,active
abaga,abagha,algorithmic,active
dalunggan,dalungghan,algorithmic,active
gadugo,ghadugo,algorithmic,active
gahabok,ghahabok,algorithmic,active
gahika,ghahika,algorithmic,active
gahubag,ghahubag,algorithmic,active
gakatol,ghakatol,algorithmic,active
gakitol,ghakitol,algorithmic,active
galagas,ghalagas,algorithmic,active
galuya,ghaluya,algorithmic,active
gapula,ghapula,algorithmic,active
gasakit,ghasakit,algorithmic,active
ginkagat,ginkaghat,algorithmic,active
nagadugo,naghadugo,algorithmic,active
nagalagas,naghalagas,algorithmic,active
namaga,namagha,algorithmic,active
ngabil,nghabil,algorithmic,active
abaga,abaqa,algorithmic,active
dalunggan,dalungqan,algorithmic,active
gadugo,qadugo,algorithmic,active
gahabok,qahabok,algorithmic,active
gahika,qahika,algorithmic,active
gahubag,qahubag,algorithmic,active
gakatol,qakatol,algorithmic,active
gakitol,qakitol,algorithmic,active
galagas,qalagas,algorithmic,active
galuya,qaluya,algorithmic,active
gapula,qapula,algorithmic,active
gasakit,qasakit,algorithmic,active
ginkagat,ginkaqat,algorithmic,active
nagadugo,naqadugo,algorithmic,active
nagalagas,naqalagas,algorithmic,active
namaga,namaqa,algorithmic,active
ngabil,nqabil,algorithmic,active
ginabaldom,kinabaldom,algorithmic,active
ginadudul-om,kinadudul-om,algorithmic,active
ginadudulom,kinadudulom,algorithmic,active
ginahika,kinahika,algorithmic,active
ginahilanat,kinahilanat,algorithmic,active
ginakamang,kinakamang,algorithmic,active
ginakapos,kinakapos,algorithmic,active
ginapula,kinapula,algorithmic,active
ginasuka,kinasuka,algorithmic,active
ginasuka-uka,kinasuka-uka,algorithmic,active
ginauubo,kinauubo,algorithmic,active
ginkagat,kinkagat,algorithmic,active
pisngi,pisnki,algorithmic,active
singit,sinkit,algorithmic,active
ginabaldom,jinabaldom,algorithmic,active
ginadudul-om,jinadudul-om,algorithmic,active
ginadudulom,jinadudulom,algorithmic,active
ginahika,jinahika,algorithmic,active
ginahilanat,jinahilanat,algorithmic,active
ginakamang,jinakamang,algorithmic,active
ginakapos,jinakapos,algorithmic,active
ginapula,jinapula,algorithmic,active
ginasuka,jinasuka,algorithmic,active
ginasuka-uka,jinasuka-uka,algorithmic,active
ginauubo,jinauubo,algorithmic,active
ginkagat,jinkagat,algorithmic,active
pisngi,pisnji,algorithmic,active
singit,sinjit,algorithmic,active
ginabaldom,ghinabaldom,algorithmic,active
ginadudul-om,ghinadudul-om,algorithmic,active
ginadudulom,ghinadudulom,algorithmic,active
ginahika,ghinahika,algorithmic,active
ginahilanat,ghinahilanat,algorithmic,active
ginakamang,ghinakamang,algorithmic,active
ginakapos,ghinakapos,algorithmic,active
ginapula,ghinapula,algorithmic,active
ginasuka,ghinasuka,algorithmic,active
ginasuka-uka,ghinasuka-uka,algorithmic,active
ginauubo,ghinauubo,algorithmic,active
ginkagat,ghinkagat,algorithmic,active
pisngi,pisnghi,algorithmic,active
singit,singhit,algorithmic,active
ginabaldom,ginobaldom,algorithmic,active
ginadudul-om,ginodudul-om,algorithmic,active
ginadudulom,ginodudulom,algorithmic,active
ginahika,ginohika,algorithmic,active
ginahilanat,ginohilanat,algorithmic,active
ginakamang,ginokamang,algorithmic,active
ginakapos,ginokapos,algorithmic,active
ginapula,ginopula,algorithmic,active
ginasuka,ginosuka,algorithmic,active
ginasuka-uka,ginosuka-uka,algorithmic,active
ginauubo,ginouubo,algorithmic,active
hilanat,hilanot,algorithmic,active
na-utod,no-utod,algorithmic,active
naaksidente,noaksidente,algorithmic,active
nabali,nobali,algorithmic,active
nabun-og,nobun-og,algorithmic,active
nabunggo,nobunggo,algorithmic,active
nabunog,nobunog,algorithmic,active
nag-uyam,nog-uyam,algorithmic,active
nagadugo,nogadugo,algorithmic,active
nagalagas,nogalagas,algorithmic,active
nagdugo,nogdugo,algorithmic,active
nagsuka,nogsuka,algorithmic,active
naguyam,noguyam,algorithmic,active
nahihilo,nohihilo,algorithmic,active
nahilo,nohilo,algorithmic,active
nakuryente,nokuryente,algorithmic,active
namaga,nomaga,algorithmic,active
nana,nona,algorithmic,active
nasumbag,nosumbag,algorithmic,active
nasunog,nosunog,algorithmic,active
naukas,noukas,algorithmic,active
nautod,noutod,algorithmic,active
ginabaldom,gingabaldom,algorithmic,active
ginadudul-om,gingadudul-om,algorithmic,active
ginadudulom,gingadudulom,algorithmic,active
ginahika,gingahika,algorithmic,active
ginahilanat,gingahilanat,algorithmic,active
ginakamang,gingakamang,algorithmic,active
ginakapos,gingakapos,algorithmic,active
ginapula,gingapula,algorithmic,active
ginasuka,gingasuka,algorithmic,active
ginasuka-uka,gingasuka-uka,algorithmic,active
ginauubo,gingauubo,algorithmic,active
hilanat,hilangat,algorithmic,active
na-utod,nga-utod,algorithmic,active
naaksidente,ngaaksidente,algorithmic,active
nabali,ngabali,algorithmic,active
nabun-og,ngabun-og,algorithmic,active
nabunggo,ngabunggo,algorithmic,active
nabunog,ngabunog,algorithmic,active
nag-uyam,ngag-uyam,algorithmic,active
nagadugo,ngagadugo,algorithmic,active
nagalagas,ngagalagas,algorithmic,active
nagdugo,ngagdugo,algorithmic,active
nagsuka,ngagsuka,algorithmic,active
naguyam,ngaguyam,algorithmic,active
nahihilo,ngahihilo,algorithmic,active
nahilo,ngahilo,algorithmic,active
nakuryente,ngakuryente,algorithmic,active
namaga,ngamaga,algorithmic,active
nana,ngana,algorithmic,active
nasumbag,ngasumbag,algorithmic,active
nasunog,ngasunog,algorithmic,active
naukas,ngaukas,algorithmic,active
nautod,ngautod,algorithmic,active
ginabaldom,ginahbaldom,algorithmic,active
ginadudul-om,ginahdudul-om,algorithmic,active
ginadudulom,ginahdudulom,algorithmic,active
ginahika,ginahhika,algorithmic,active
ginahilanat,ginahhilanat,algorithmic,active
ginakamang,ginahkamang,algorithmic,active
ginakapos,ginahkapos,algorithmic,active
ginapula,ginahpula,algorithmic,active
ginasuka,ginahsuka,algorithmic,active
ginasuka-uka,ginahsuka-uka,algorithmic,active
ginauubo,ginahuubo,algorithmic,active
hilanat,hilanaht,algorithmic,active
na-utod,nah-utod,algorithmic,active
naaksidente,nahaksidente,algorithmic,active
nabali,nahbali,algorithmic,active
nabun-og,nahbun-og,algorithmic,active
nabunggo,nahbunggo,algorithmic,active
nabunog,nahbunog,algorithmic,active
nag-uyam,nahg-uyam,algorithmic,active
nagadugo,nahgadugo,algorithmic,active
nagalagas,nahgalagas,algorithmic,active
nagdugo,nahgdugo,algorithmic,active
nagsuka,nahgsuka,algorithmic,active
naguyam,nahguyam,algorithmic,active
nahihilo,nahhihilo,algorithmic,active
nahilo,nahhilo,algorithmic,active
nakuryente,nahkuryente,algorithmic,active
namaga,nahmaga,algorithmic,active
nana,nahna,algorithmic,active
nasumbag,nahsumbag,algorithmic,active
nasunog,nahsunog,algorithmic,active
naukas,nahukas,algorithmic,active
nautod,nahutod,algorithmic,active
bukongbukong,bukungbukong,algorithmic,active
kuko,kuku,algorithmic,active
likod,likud,algorithmic,active
siko,siku,algorithmic,active
bukongbukong,bucohngbukong,algorithmic,active
kuko,kucoh,algorithmic,active
likod,licohd,algorithmic,active
siko,sicoh,algorithmic,active
bukongbukong,bukohngbukong,algorithmic,active
kuko,kukoh,algorithmic,active
likod,likohd,algorithmic,active
siko,sikoh,algorithmic,active
gakitol,gaketol,algorithmic,active
hita,heta,algorithmic,active
itlog,etlog,algorithmic,active
sakit,saket,algorithmic,active
singit,singet,algorithmic,active
titi,teti,algorithmic,active
gakitol,gakytol,algorithmic,active
gasakit,gasakyt,algorithmic,active
hita,hyta,algorithmic,active
itlog,ytlog,algorithmic,active
masakit,masakyt,algorithmic,active
sakit,sakyt,algorithmic,active
singit,singyt,algorithmic,active
titi,tyti,algorithmic,active
gakitol,gakittol,algorithmic,active
gasakit,gasakitt,algorithmic,active
hita,hitta,algorithmic,active
itlog,ittlog,algorithmic,active
masakit,masakitt,algorithmic,active
sakit,sakitt,algorithmic,active
singit,singitt,algorithmic,active
titi,titti,algorithmic,active
bilad,belad,algorithmic,active
bilat,belat,algorithmic,active
ngabil,ngabel,algorithmic,active
bilad,bulad,algorithmic,active
bilat,bulat,algorithmic,active
ngabil,ngabul,algorithmic,active
gakatol,gakadol,algorithmic,active
ginahilanat,ginahilanad,algorithmic,active
ginkagat,ginkagad,algorithmic,active
hilanat,hilanad,algorithmic,active
kakatol,kakadol,algorithmic,active
kilid mata,kilid mada,algorithmic,active
mata,mada,algorithmic,active
mataas,madaas,algorithmic,active
talukap mata,talukap mada,algorithmic,active
bilat,bilet,algorithmic,active
gakatol,gaketol,algorithmic,active
ginahilanat,ginahilanet,algorithmic,active
ginkagat,ginkaget,algorithmic,active
hilanat,hilanet,algorithmic,active
kakatol,kaketol,algorithmic,active
kilid mata,kilid meta,algorithmic,active
mata,meta,algorithmic,active
mataas,metaas,algorithmic,active
talukap mata,talukap meta,algorithmic,active
bilat,bilaad,algorithmic,active
gakatol,gakaadol,algorithmic,active
ginahilanat,ginahilanaad,algorithmic,active
ginkagat,ginkagaad,algorithmic,active
hilanat,hilanaad,algorithmic,active
kakatol,kakaadol,algorithmic,active
kilid mata,kilid maada,algorithmic,active
mata,maada,algorithmic,active
mataas,maadaas,algorithmic,active
talukap mata,talukap maada,algorithmic,active
hilanat,hilantan,symptom_root,active
hilanat,hilant,symptom_root,active
hilanat,hilantat,symptom_root,active
hilanat,ginahilant,symptom_root,active
ginatugnaw,ginatugnaww,symptom_root,active
ginatugnaw,ginatugaw,symptom_root,active
ginasip-on,ginasipon,symptom_root,active
ginasip-on,ginasipn,symptom_root,active
ginasip-on,sippon,symptom_root,active
ubo,uboo,symptom_root,active
ubo,uhbo,symptom_root,active
budlay ginhawa,budlay ginhawaa,symptom_phrase,active
budlay magginhawa,budlai magginhawa,symptom_phrase,active
ginasakit ulo,ginasakit ulo ko,symptom_phrase,active
ginasakit ulo,ginasakitulo,symptom_phrase,active
ginasakit tutunlan,ginasakit tutunlan ko,symptom_phrase,active
ginasakit tutunlan,ginasakit tutunaln,symptom_phrase,active
ginasakit dughan,ginasakit dugan,symptom_phrase,active
ginasakit tiyan,ginasakit tyan,symptom_phrase,active
ginakalipong,ginakalipng,symptom_root,active
ginakalipong,ginakalipon,symptom_root,active
ginasuka,ginasuka ko,symptom_phrase,active
ginapalanuka,ginapalanuka ko,symptom_phrase,active
ginapalanuka,ginapalanukaa,symptom_root,active
ginakalibanga,ginakalibanga ko,symptom_phrase,active
ginakalibanga,ginakalibnga,symptom_root,active
constipation,constipated,symptom_root,active
ginakapoy,ginakapoyy,symptom_root,active
ginapalanhubag,ginapalanhubg,symptom_root,active
ginakurog,ginakurogg,symptom_root,active
ginapanuhot,ginapanuot,symptom_root,active
ginahapdos,ginahapdos mata,symptom_phrase,active
ginakati,ginakati panit,symptom_phrase,active
ginadugo ilong,ginadugo ilng,symptom_phrase,active
trangkaso,trankaso,condition,active
trangkaso,trangkasu,condition,active
trangkaso,trangkazoo,condition,active
pneumonia,neumonia,condition,active
pneumonia,punemonia,condition,active
pneumonia,pnumonia,condition,active
tuberculosis,tubercolosis,condition,active
tuberculosis,tiberculosis,condition,active
leptospirosis,leptospirsis,condition,active
leptospirosis,leptospiroses,condition,active
diabetes,diebetes,condition,active
diabetes,diabetez,condition,active
hypertension,hight blood,condition,active
hypertension,hig blood,condition,active
measles,measeles,condition,active
mumps,mumpss,condition,active
chickenpox,chikenpox,condition,active
chickenpox,chickenpoxx,condition,active
fever,fevr,clinical,active
fever,feber,clinical,active
fever,feveer,clinical,active
fever,feaver,clinical,active
fever,fevor,clinical,active
lagnat,lagnaat,clinical,active
lagnat,lagant,clinical,active
lagnat,lagnatt,clinical,active
lagnat,lagnate,clinical,active
lagnat,laganat,clinical,active
ubo,uboo,clinical,active
ubo,uboh,clinical,active
ubo,ubbo,clinical,active
ubo,ubou,clinical,active
sip-on,siponn,clinical,active
sip-on,sipon,clinical,active
sip-on,sippon,clinical,active
sip-on,syp-on,clinical,active
headache,hedache,clinical,active
headache,headak,clinical,active
headache,headace,clinical,active
headache,hedachee,clinical,active
headache,headahe,clinical,active
difficulty breathing,hirap humingga,clinical,active
difficulty breathing,budlay ginhwa,clinical,active
difficulty breathing,budlay ginhawa,clinical,active
difficulty breathing,hirap huminga,clinical,active
chest pain,masakit dughanh,clinical,active
chest pain,masakit dughan,clinical,active
chest pain,chest pan,clinical,active
chest pain,chestpain,clinical,active
ginakalagnat,ginakalagnatt,clinical,active
ginakalagnat,ginakalagnat,clinical,active
ginakalagnat,ginakalnagat,clinical,active
cough,coug,clinical,active
cough,cogh,clinical,active
cough,couph,clinical,active
cough,coughh,clinical,active
vomiting,vomitting,clinical,active
vomiting,vomitin,clinical,active
diarrhea,diarrea,clinical,active
diarrhea,diarrhoea,clinical,active
diarrhea,dyarrea,clinical,active
diarrhea,diarhhea,clinical,active
abdomen,abdomin,clinical,active
abdomen,abdoman,clinical,active
abdomen,abdomenn,clinical,active
pregnant,pregnent,clinical,active
pregnant,pregyant,clinical,active
pregnant,pregnat,clinical,active
asthma,asma,clinical,active
asthma,asthma,clinical,active
asthma,asthmaa,clinical,active
diabetes,diabetis,clinical,active
diabetes,diabites,clinical,active
diabetes,diabeties,clinical,active
fever,feever,generated,active
fever,fver,generated,active
fever,feve,generated,active
fever,fiver,generated,active
fever,feverr,generated,active
fever,efver,generated,active
cough,cogh,generated,active
cough,kough,generated,active
cough,coughh,generated,active
cough,couhg,generated,active
cough,coough,generated,active
cough,couggh,generated,active
headache,headaache,generated,active
headache,ehadache,generated,active
headache,hadache,generated,active
headache,heeadache,generated,active
headache,headche,generated,active
headache,headcahe,generated,active
chest pain,cheest pain,generated,active
chest pain,chest paen,generated,active
chest pain,chest paiin,generated,active
chest pain,chset pain,generated,active
chest pain,chest painn,generated,active
chest pain,chets pain,generated,active
difficulty breathing,difficulty breatihng,generated,active
difficulty breathing,dfficulty breathing,generated,active
difficulty breathing,idfficulty breathing,generated,active
difficulty breathing,difficulty rbeathing,generated,active
difficulty breathing,difficult breathing,generated,active
difficulty breathing,difficutly breathing,generated,active
shortness of breath,shhortness of breath,generated,active
shortness of breath,shortness of breatth,generated,active
shortness of breath,sohrtness of breath,generated,active
shortness of breath,shortness of beath,generated,active
shortness of breath,shrotness of breath,generated,active
shortness of breath,shortness of breaath,generated,active
vomiting,vomitiing,generated,active
vomiting,omiting,generated,active
vomiting,vomtiing,generated,active
vomiting,vommiting,generated,active
vomiting,vomitng,generated,active
vomiting,vmiting,generated,active
diarrhea,ddiarrhea,generated,active
diarrhea,diaarrhea,generated,active
diarrhea,dearrhea,generated,active
diarrhea,diarreha,generated,active
diarrhea,diarrhe,generated,active
diarrhea,diarrhae,generated,active
abdominal pain,abdominal paain,generated,active
abdominal pain,abdominal pan,generated,active
abdominal pain,abdominal pian,generated,active
abdominal pain,abddominal pain,generated,active
abdominal pain,abdominal paiin,generated,active
abdominal pain,abdomnal pain,generated,active
nausea,neusea,generated,active
nausea,nausa,generated,active
nausea,nauesa,generated,active
nausea,nnausea,generated,active
nausea,nause,generated,active
nausea,nausae,generated,active
dizziness,dzziness,generated,active
dizziness,dizzienss,generated,active
dizziness,dizzness,generated,active
dizziness,dizizness,generated,active
dizziness,dizziniss,generated,active
dizziness,izziness,generated,active
fatigue,fatiguue,generated,active
fatigue,fatiigue,generated,active
fatigue,fatige,generated,active
fatigue,fatigui,generated,active
fatigue,phatigue,generated,active
fatigue,aftigue,generated,active
sore throat,sore thrroat,generated,active
sore throat,sre throat,generated,active
sore throat,soret hroat,generated,active
sore throat,sore throt,generated,active
sore throat,sor ethroat,generated,active
sore throat,sroe throat,generated,active
runny nose,runyn nose,generated,active
runny nose,runny nuse,generated,active
runny nose,rnuny nose,generated,active
runny nose,runny nos,generated,active
runny nose,runny nosi,generated,active
runny nose,runy nose,generated,active
body pain,body pian,generated,active
body pain,body paiin,generated,active
body pain,body ain,generated,active
body pain,ody pain,generated,active
body pain,boyd pain,generated,active
body pain,bodyp ain,generated,active
back pain,back pian,generated,active
back pain,beck pain,generated,active
back pain,backpain,generated,active
back pain,bck pain,generated,active
back pain,back pin,generated,active
back pain,back paain,generated,active
ear pain,era pain,generated,active
ear pain,earpain,generated,active
ear pain,ear paiin,generated,active
ear pain,aer pain,generated,active
ear pain,earr pain,generated,active
ear pain,ea rpain,generated,active
eye pain,eye paiin,generated,active
eye pain,eeye pain,generated,active
eye pain,ye pain,generated,active
eye pain,iye pain,generated,active
eye pain,eye ain,generated,active
eye pain,eye painn,generated,active
rash,rahs,generated,active
rash,raash,generated,active
rash,rsah,generated,active
rash,resh,generated,active
rash,rassh,generated,active
rash,rashh,generated,active
palpitations,palpitattions,generated,active
palpitations,palptiations,generated,active
palpitations,papitations,generated,active
palpitations,palitations,generated,active
palpitations,palpitatons,generated,active
palpitations,alpitations,generated,active
confusion,cnfusion,generated,active
confusion,confusiion,generated,active
confusion,conusion,generated,active
confusion,connfusion,generated,active
confusion,cofusion,generated,active
confusion,confussion,generated,active
seizure,seizuer,generated,active
seizure,seiure,generated,active
seizure,seizue,generated,active
seizure,sezure,generated,active
seizure,seeizure,generated,active
seizure,eizure,generated,active
bleeding,bleedinng,generated,active
bleeding,bleedig,generated,active
bleeding,lbeeding,generated,active
bleeding,blieding,generated,active
bleeding,bleedin,generated,active
bleeding,blleeding,generated,active
burn,brun,generated,active
burn,bun,generated,active
burn,buurn,generated,active
burn,ubrn,generated,active
burn,brn,generated,active
burn,bburn,generated,active
weakness,ewakness,generated,active
weakness,wakness,generated,active
weakness,weacness,generated,active
weakness,wweakness,generated,active
weakness,waekness,generated,active
weakness,weakkness,generated,active
swelling,swelliing,generated,active
swelling,swellingg,generated,active
swelling,swellign,generated,active
swelling,sweling,generated,active
swelling,swellig,generated,active
swelling,swwelling,generated,active
itching,tching,generated,active
itching,itcching,generated,active
itching,itcing,generated,active
itching,ithcing,generated,active
itching,ittching,generated,active
itching,itchin,generated,active
chills,chlils,generated,active
chills,cchills,generated,active
chills,chiills,generated,active
chills,chill,generated,active
chills,chils,generated,active
chills,chells,generated,active
loss of appetite,loss of appetitte,generated,active
loss of appetite,loss ofa ppetite,generated,active
loss of appetite,loss o appetite,generated,active
loss of appetite,loss of apetite,generated,active
loss of appetite,loss of appettite,generated,active
loss of appetite,loss of appetie,generated,active
urinary pain,urinary pian,generated,active
urinary pain,urianry pain,generated,active
urinary pain,urinry pain,generated,active
urinary pain,urinray pain,generated,active
urinary pain,urinery pain,generated,active
urinary pain,urinaary pain,generated,active
constipation,constipattion,generated,active
constipation,ocnstipation,generated,active
constipation,costipation,generated,active
constipation,cnostipation,generated,active
constipation,constiipation,generated,active
constipation,constepation,generated,active
insomnia,innsomnia,generated,active
insomnia,insmonia,generated,active
insomnia,iinsomnia,generated,active
insomnia,insomna,generated,active
insomnia,nisomnia,generated,active
insomnia,insomnnia,generated,active
wheezing,weezing,generated,active
wheezing,wheezng,generated,active
wheezing,whezeing,generated,active
wheezing,wheezin,generated,active
wheezing,wheeznig,generated,active
wheezing,wheezinng,generated,active
coughing blood,coguhing blood,generated,active
coughing blood,cougihng blood,generated,active
coughing blood,coughing bloodd,generated,active
coughing blood,coughng blood,generated,active
coughing blood,coughing blod,generated,active
coughing blood,coughing lbood,generated,active
vomiting blood,vomiting bloo,generated,active
vomiting blood,vomitingblood,generated,active
vomiting blood,vomiting bolod,generated,active
vomiting blood,vomitting blood,generated,active
vomiting blood,vomiting  blood,generated,active
vomiting blood,vomtiing blood,generated,active
fainting,faitning,generated,active
fainting,afinting,generated,active
fainting,faenting,generated,active
fainting,faintinng,generated,active
fainting,fainitng,generated,active
fainting,fainnting,generated,active
numbness,nubmness,generated,active
numbness,unmbness,generated,active
numbness,nummbness,generated,active
numbness,nubness,generated,active
numbness,numbnness,generated,active
numbness,nmubness,generated,active
paralysis,parralysis,generated,active
paralysis,paralysi,generated,active
paralysis,praalysis,generated,active
paralysis,pparalysis,generated,active
paralysis,paralysiis,generated,active
paralysis,paaralysis,generated,active
vision loss,viion loss,generated,active
vision loss,visoin loss,generated,active
vision loss,visionn loss,generated,active
vision loss,visino loss,generated,active
vision loss,vsiion loss,generated,active
vision loss,ision loss,generated,active
1-methylhistidinuria,1-methylhistidinuuria,generated,active
1-methylhistidinuria,1-methylhistidinuriia,generated,active
1-methylhistidinuria,1-methylhistidiunria,generated,active
1-methylhistidinuria,1-mehtylhistidinuria,generated,active
1-methylhistidinuria,1-methylhistdinuria,generated,active
1-methylhistidinuria,1-mithylhistidinuria,generated,active
1-minute apgar score of 0,1-minute agar score of 0,generated,active
1-minute apgar score of 0,1-minut apgar score of 0,generated,active
1-minute apgar score of 0,1-miinute apgar score of 0,generated,active
1-minute apgar score of 0,1-minute appgar score of 0,generated,active
1-minute apgar score of 0,1-minuet apgar score of 0,generated,active
1-minute apgar score of 0,1-minute  apgar score of 0,generated,active
1-minute apgar score of 1,1-minute apgar score of1,generated,active
1-minute apgar score of 1,1-minute apgaar score of 1,generated,active
1-minute apgar score of 1,1-minute epgar score of 1,generated,active
1-minute apgar score of 1,11-minute apgar score of 1,generated,active
1-minute apgar score of 1,1-minute apgar scre of 1,generated,active
1-minute apgar score of 1,1-inute apgar score of 1,generated,active
1-minute apgar score of 2,1m-inute apgar score of 2,generated,active
1-minute apgar score of 2,1-minutee apgar score of 2,generated,active
1-minute apgar score of 2,1-minuteapgar score of 2,generated,active
1-minute apgar score of 2,1-minute apgar scoreo f 2,generated,active
1-minute apgar score of 2,1-minute apgar score of2,generated,active
1-minute apgar score of 2,1-minte apgar score of 2,generated,active
1-minute apgar score of 3,1-minute apgar socre of 3,generated,active
1-minute apgar score of 3,1-minute apgar scorre of 3,generated,active
1-minute apgar score of 3,1-minute apgars core of 3,generated,active
1-minute apgar score of 3,1-minute agar score of 3,generated,active
1-minute apgar score of 3,1-minute apgarr score of 3,generated,active
1-minute apgar score of 3,1-minute apgar sore of 3,generated,active
1-minute apgar score of 4,1-minute apgar score of 44,generated,active
1-minute apgar score of 4,1-minute apgar csore of 4,generated,active
1-minute apgar score of 4,1-minutee apgar score of 4,generated,active
1-minute apgar score of 4,1-minute apgar scure of 4,generated,active
1-minute apgar score of 4,1-minut apgar score of 4,generated,active
1-minute apgar score of 4,1-minute apgar core of 4,generated,active
1-minute apgar score of 5,1-minute apgar score of 55,generated,active
1-minute apgar score of 5,1-minute apgra score of 5,generated,active
1-minute apgar score of 5,1-minutea pgar score of 5,generated,active
1-minute apgar score of 5,1-minute  apgar score of 5,generated,active
1-minute apgar score of 5,1-mminute apgar score of 5,generated,active
1-minute apgar score of 5,1-minute aapgar score of 5,generated,active
1-minute apgar score of 6,1-minute apgr score of 6,generated,active
1-minute apgar score of 6,1-minuti apgar score of 6,generated,active
1-minute apgar score of 6,1-minuteapgar score of 6,generated,active
1-minute apgar score of 6,1-minute apgar score  of 6,generated,active
1-minute apgar score of 6,1-minutee apgar score of 6,generated,active
1-minute apgar score of 6,1-minute apga rscore of 6,generated,active
10 pairs of ribs,10 pairs oph ribs,generated,active
10 pairs of ribs,10 pairs  of ribs,generated,active
10 pairs of ribs,10 paairs of ribs,generated,active
10 pairs of ribs,10 peirs of ribs,generated,active
10 pairs of ribs,10 piars of ribs,generated,active
10 pairs of ribs,10 pairs ofr ibs,generated,active
10-minute apgar score of 0,10-minute apgar scoore of 0,generated,active
10-minute apgar score of 0,10-minute apgar scroe of 0,generated,active
10-minute apgar score of 0,10-minut eapgar score of 0,generated,active
10-minute apgar score of 0,10-minute apgar scre of 0,generated,active
10-minute apgar score of 0,10-minute pagar score of 0,generated,active
10-minute apgar score of 0,10-minute apar score of 0,generated,active
10-minute apgar score of 1,10-minute apgar scre of 1,generated,active
10-minute apgar score of 1,10-minuti apgar score of 1,generated,active
10-minute apgar score of 1,01-minute apgar score of 1,generated,active
10-minute apgar score of 1,10-minute pagar score of 1,generated,active
10-minute apgar score of 1,10-minute apgarr score of 1,generated,active
10-minute apgar score of 1,10-minute apgar score f 1,generated,active
10-minute apgar score of 2,10-inute apgar score of 2,generated,active
10-minute apgar score of 2,10-minute agar score of 2,generated,active
10-minute apgar score of 2,10-minute apgar score of2,generated,active
10-minute apgar score of 2,10--minute apgar score of 2,generated,active
10-minute apgar score of 2,10-minuute apgar score of 2,generated,active
10-minute apgar score of 2,10-minute apgar scoreof 2,generated,active
10-minute apgar score of 3,10-minute apgar sore of 3,generated,active
10-minute apgar score of 3,10-minute apgar scor eof 3,generated,active
10-minute apgar score of 3,10-mintue apgar score of 3,generated,active
10-minute apgar score of 3,10-minute apgar  score of 3,generated,active
10-minute apgar score of 3,10-minutte apgar score of 3,generated,active
10-minute apgar score of 3,10--minute apgar score of 3,generated,active
10-minute apgar score of 4,10-mintue apgar score of 4,generated,active
10-minute apgar score of 4,10-minute apgar sscore of 4,generated,active
10-minute apgar score of 4,10-minute apgr score of 4,generated,active
10-minute apgar score of 4,10-minute apgar scoer of 4,generated,active
10-minute apgar score of 4,10-minute apgar scor of 4,generated,active
10-minute apgar score of 4,10-minute apgar sccore of 4,generated,active
10-minute apgar score of 5,10-minute apggar score of 5,generated,active
10-minute apgar score of 5,10-minute  apgar score of 5,generated,active
10-minute apgar score of 5,10-minute apgars core of 5,generated,active
10-minute apgar score of 5,10-minute agar score of 5,generated,active
10-minute apgar score of 5,10-minute pagar score of 5,generated,active
10-minute apgar score of 5,10-minuti apgar score of 5,generated,active
10-minute apgar score of 6,10-minute aapgar score of 6,generated,active
10-minute apgar score of 6,10-minute apgar score oph 6,generated,active
10-minute apgar score of 6,10-minute apgar sore of 6,generated,active
10-minute apgar score of 6,10-minute apgar score o f6,generated,active
10-minute apgar score of 6,10-minute apggar score of 6,generated,active
10-minute apgar score of 6,10-minute pgar score of 6,generated,active
11 pairs of ribs,11 paers of ribs,generated,active
11 pairs of ribs,11 apirs of ribs,generated,active
11 pairs of ribs,11 pair sof ribs,generated,active
11 pairs of ribs,11pairs of ribs,generated,active
11 pairs of ribs,11 pars of ribs,generated,active
11 pairs of ribs,11 paris of ribs,generated,active
11 thoracic vertebrae,11 thoracic verttebrae,generated,active
11 thoracic vertebrae,11 thorakic vertebrae,generated,active
11 thoracic vertebrae,11 thoracic verrtebrae,generated,active
11 thoracic vertebrae,11 thoracic vertebare,generated,active
11 thoracic vertebrae,11 thoracic ertebrae,generated,active
11 thoracic vertebrae,11 thoracic vetebrae,generated,active
2 vessel cord,22 vessel cord,generated,active
2 vessel cord,2 vesselcord,generated,active
2 vessel cord,2 vsesel cord,generated,active
2 vessel cord,2 vessel ocrd,generated,active
2 vessel cord,2 vssel cord,generated,active
2 vessel cord,2 vessel cod,generated,active
2 vessel umbilical cord,2 vessel umbiliccal cord,generated,active
2 vessel umbilical cord,2v essel umbilical cord,generated,active
2 vessel umbilical cord,2 vessel umbilicla cord,generated,active
2 vessel umbilical cord,2 vessel umbilicel cord,generated,active
2 vessel umbilical cord,2 vessel mbilical cord,generated,active
2 vessel umbilical cord,2 essel umbilical cord,generated,active
"2,8-dihydroxyadenine crystalluria","2,8-dihydrooxyadenine crystalluria",generated,active
"2,8-dihydroxyadenine crystalluria","2,8-dihydruxyadenine crystalluria",generated,active
"2,8-dihydroxyadenine crystalluria","2,8-diydroxyadenine crystalluria",generated,active
"2,8-dihydroxyadenine crystalluria","2,88-dihydroxyadenine crystalluria",generated,active
"2,8-dihydroxyadenine crystalluria","2,8-dihdroxyadenine crystalluria",generated,active
"2,8-dihydroxyadenine crystalluria","2,8-dihydroxaydenine crystalluria",generated,active
"2,8-dihydroxyadenine urinary crystals","2,8-dihydroxyaenine urinary crystals",generated,active
"2,8-dihydroxyadenine urinary crystals","2,8-dihydroxyadeine urinary crystals",generated,active
"2,8-dihydroxyadenine urinary crystals","2,8-dihydroxyadenien urinary crystals",generated,active
"2,8-dihydroxyadenine urinary crystals","2,8-dihydroxyadenine urnary crystals",generated,active
"2,8-dihydroxyadenine urinary crystals","2,8-dihydroxyadeninne urinary crystals",generated,active
"2,8-dihydroxyadenine urinary crystals","2,8--dihydroxyadenine urinary crystals",generated,active
2--hydroxyphenylacetic aciduria,2--hydroxyphenylacetic acidura,generated,active
2--hydroxyphenylacetic aciduria,2--hydroxyphenylacetic aciduriaa,generated,active
2--hydroxyphenylacetic aciduria,2--hydroxypheylacetic aciduria,generated,active
2--hydroxyphenylacetic aciduria,2--hydroxyphenylacetic acidruia,generated,active
2--hydroxyphenylacetic aciduria,2--hydroxyphenlyacetic aciduria,generated,active
2--hydroxyphenylacetic aciduria,2--hydroxyphenylacetic ciduria,generated,active
2-aminoadipic aciduria,2-aminooadipic aciduria,generated,active
2-aminoadipic aciduria,2-aminoadipci aciduria,generated,active
2-aminoadipic aciduria,2-aminoadipic acidria,generated,active
2-aminoadipic aciduria,2-aminoadipic aicduria,generated,active
2-aminoadipic aciduria,2-aminoadipiic aciduria,generated,active
2-aminoadipic aciduria,2-aminoadipic acidurria,generated,active
2-ethylhydracylic aciduria,2-ethylhydraccylic aciduria,generated,active
2-ethylhydracylic aciduria,2-ethylhydracylic aicduria,generated,active
2-ethylhydracylic aciduria,2-ethyllhydracylic aciduria,generated,active
2-ethylhydracylic aciduria,2-ethylhydracylic aciduira,generated,active
2-ethylhydracylic aciduria,2-ehtylhydracylic aciduria,generated,active
2-ethylhydracylic aciduria,2-ethylhydrcylic aciduria,generated,active
2-hydroxyadipic acid high in urine,2-hydroxyadipic acid high ni urine,generated,active
2-hydroxyadipic acid high in urine,2-hydroxyadipic acid hgh in urine,generated,active
2-hydroxyadipic acid high in urine,2-hydroxyadipic cid high in urine,generated,active
2-hydroxyadipic acid high in urine,2-hydroxyadipic acid high in urnie,generated,active
2-hydroxyadipic acid high in urine,2-hydroxyadipic acid high in urne,generated,active
2-hydroxyadipic acid high in urine,2-hydroxyadipic acid high in uriine,generated,active
2-hydroxyadipic aciduria,2-hydroxyadpic aciduria,generated,active
2-hydroxyadipic aciduria,2-hydroxyadipic aciduira,generated,active
2-hydroxyadipic aciduria,2-hydroxyadipi aciduria,generated,active
2-hydroxyadipic aciduria,2-hydroxyadepic aciduria,generated,active
2-hydroxyadipic aciduria,2-hydroxyadipc aciduria,generated,active
2-hydroxyadipic aciduria,2-hydroxyadippic aciduria,generated,active
2-hydroxyglutarate aciduria,-2hydroxyglutarate aciduria,generated,active
2-hydroxyglutarate aciduria,2-hydroxygluterate aciduria,generated,active
2-hydroxyglutarate aciduria,2-hydroxyglutaratea ciduria,generated,active
2-hydroxyglutarate aciduria,2-hydroxxyglutarate aciduria,generated,active
2-hydroxyglutarate aciduria,2-hydroxygglutarate aciduria,generated,active
2-hydroxyglutarate aciduria,2-hydroxygltarate aciduria,generated,active
2-methylacetoacetic acid present in urine,2-methylactoacetic acid present in urine,generated,active
2-methylacetoacetic acid present in urine,2-methlacetoacetic acid present in urine,generated,active
2-methylacetoacetic acid present in urine,2-methylacetoacetic acid presen in urine,generated,active
2-methylacetoacetic acid present in urine,2-methylacetoacetic acid present in urie,generated,active
2-methylacetoacetic acid present in urine,2-methylacetoaetic acid present in urine,generated,active
2-methylacetoacetic acid present in urine,2-methylacetocetic acid present in urine,generated,active
2-methylbutyryl glycinuria,2-methylbutyryl glykinuria,generated,active
2-methylbutyryl glycinuria,2-methylbutyryl glcinuria,generated,active
2-methylbutyryl glycinuria,2-mthylbutyryl glycinuria,generated,active
2-methylbutyryl glycinuria,2-methylutyryl glycinuria,generated,active
2-methylbutyryl glycinuria,2methylbutyryl glycinuria,generated,active
2-methylbutyryl glycinuria,2-methylbutyryl glycinuia,generated,active
2-methylcitric acid high in urine,2-methylcitric acid hihg in urine,generated,active
2-methylcitric acid high in urine,2-methylcitric acid highh in urine,generated,active
2-methylcitric acid high in urine,2-metthylcitric acid high in urine,generated,active
2-methylcitric acid high in urine,2-methyclitric acid high in urine,generated,active
2-methylcitric acid high in urine,2-metylcitric acid high in urine,generated,active
2-methylcitric acid high in urine,2-methylcitric acid high in urien,generated,active
2-oxoadipic aciduria,2-oxooadipic aciduria,generated,active
2-oxoadipic aciduria,2-oxoadiipic aciduria,generated,active
2-oxoadipic aciduria,22-oxoadipic aciduria,generated,active
2-oxoadipic aciduria,2-oxoadipic aicduria,generated,active
2-oxoadipic aciduria,2-oxoadipi caciduria,generated,active
2-oxoadipic aciduria,2-oxoadipi aciduria,generated,active
2:1 atrioventricular block,2:1 atrioventricular blocc,generated,active
2:1 atrioventricular block,2:1 atriovetricular block,generated,active
2:1 atrioventricular block,2:1 atrioventriicular block,generated,active
2:1 atrioventricular block,2:1 atrioventricular bloock,generated,active
2:1 atrioventricular block,2:1 atrioventricular lbock,generated,active
2:1 atrioventricular block,2:1 atioventricular block,generated,active
2:1 av block,21 av block,generated,active
2:1 av block,2:1 av blok,generated,active
2:1 av block,2:1av block,generated,active
2:1 av block,2:1 va block,generated,active
2:1 av block,2:1 av blocck,generated,active
2:1 av block,2:1 a block,generated,active
2nd toe symphalangism,2nd oe symphalangism,generated,active
2nd toe symphalangism,2nd toe symphalangim,generated,active
2nd toe symphalangism,2nd toe sypmhalangism,generated,active
2nd toe symphalangism,2nd toe symphalanngism,generated,active
2nd toe symphalangism,2nd toe syymphalangism,generated,active
2nd toe symphalangism,2nd toe symphalangsim,generated,active
2nd-5th toe middle phalangeal hypoplasia,2nd-5th toe midde phalangeal hypoplasia,generated,active
2nd-5th toe middle phalangeal hypoplasia,2nd-5th toi middle phalangeal hypoplasia,generated,active
2nd-5th toe middle phalangeal hypoplasia,2nd5th toe middle phalangeal hypoplasia,generated,active
2nd-5th toe middle phalangeal hypoplasia,2nd-5th to emiddle phalangeal hypoplasia,generated,active
2nd-5th toe middle phalangeal hypoplasia,2nd-5th toe middle phalangeal hyopplasia,generated,active
2nd-5th toe middle phalangeal hypoplasia,2nd-5th toe middle phalangel hypoplasia,generated,active
3-hydroxydicarboxylic aciduria,3h-ydroxydicarboxylic aciduria,generated,active
3-hydroxydicarboxylic aciduria,3-hydroxydicarboxylic acciduria,generated,active
3-hydroxydicarboxylic aciduria,3-hyrdoxydicarboxylic aciduria,generated,active
3-hydroxydicarboxylic aciduria,3-hydroxydicarboylic aciduria,generated,active
3-hydroxydicarboxylic aciduria,3-hydruxydicarboxylic aciduria,generated,active
3-hydroxydicarboxylic aciduria,3-hydroxydicarboxylicc aciduria,generated,active
3-hydroxyglutaric acid high in urine,3-hydroxyglutaric aicd high in urine,generated,active
3-hydroxyglutaric acid high in urine,3-hydrooxyglutaric acid high in urine,generated,active
3-hydroxyglutaric acid high in urine,3-hydroxyglutaric acid hihg in urine,generated,active
3-hydroxyglutaric acid high in urine,3-hydroxyglutaric acid high in urnie,generated,active
3-hydroxyglutaric acid high in urine,3-hydroxyglutarec acid high in urine,generated,active
3-hydroxyglutaric acid high in urine,3-hydroxyglutairc acid high in urine,generated,active
3-hydroxyisovaleric aciduria,3-hdroxyisovaleric aciduria,generated,active
3-hydroxyisovaleric aciduria,3-hydroxyesovaleric aciduria,generated,active
3-hydroxyisovaleric aciduria,3h-ydroxyisovaleric aciduria,generated,active
3-hydroxyisovaleric aciduria,3-hydroxyisovalric aciduria,generated,active
3-hydroxyisovaleric aciduria,3-hydroxyisovaleric aciuria,generated,active
3-hydroxyisovaleric aciduria,3-hydroxyyisovaleric aciduria,generated,active
3-hydroxypropionic acid high in urine,3-hydroxypropionic acidd high in urine,generated,active
3-hydroxypropionic acid high in urine,3-hydoxypropionic acid high in urine,generated,active
3-hydroxypropionic acid high in urine,3-hydroxypropioinc acid high in urine,generated,active
3-hydroxypropionic acid high in urine,3-hydroxypropionic acid high in uriine,generated,active
3-hydroxypropionic acid high in urine,3-hhydroxypropionic acid high in urine,generated,active
3-hydroxypropionic acid high in urine,3-hydroxyprropionic acid high in urine,generated,active
3-ketoacyl-coa thiolase (thio) deficiency,3-ketoacyl-coa thiolase (tho) deficiency,generated,active
3-ketoacyl-coa thiolase (thio) deficiency,3-ketoacyl-coa thiolase(thio) deficiency,generated,active
3-ketoacyl-coa thiolase (thio) deficiency,3-ketoacyl-coa hiolase (thio) deficiency,generated,active
3-ketoacyl-coa thiolase (thio) deficiency,3-ketacyl-coa thiolase (thio) deficiency,generated,active
3-ketoacyl-coa thiolase (thio) deficiency,3-ketoacyl-oa thiolase (thio) deficiency,generated,active
3-ketoacyl-coa thiolase (thio) deficiency,3-ketoacl-coa thiolase (thio) deficiency,generated,active
3-methylglutaconic aciduria,3-methylglutaconic aciduia,generated,active
3-methylglutaconic aciduria,3-methylglutaconica ciduria,generated,active
3-methylglutaconic aciduria,3-methylglutacconic aciduria,generated,active
3-methylglutaconic aciduria,3-mehylglutaconic aciduria,generated,active
3-methylglutaconic aciduria,3-methylglutakonic aciduria,generated,active
3-methylglutaconic aciduria,3-methlglutaconic aciduria,generated,active
3-methylglutaconicaciduria,3-methylglutcaonicaciduria,generated,active
3-methylglutaconicaciduria,3-methylglutaconciaciduria,generated,active
3-methylglutaconicaciduria,-methylglutaconicaciduria,generated,active
3-methylglutaconicaciduria,3-methylglutacoicaciduria,generated,active
3-methylglutaconicaciduria,3-methylglutaconicacidruia,generated,active
3-methylglutaconicaciduria,3-methylglutaconiccaciduria,generated,active
3-methylglutaric aciduria,3-methylgluttaric aciduria,generated,active
3-methylglutaric aciduria,-methylglutaric aciduria,generated,active
3-methylglutaric aciduria,3-methygllutaric aciduria,generated,active
3-methylglutaric aciduria,3-methylgluteric aciduria,generated,active
3-methylglutaric aciduria,3-mithylglutaric aciduria,generated,active
3-methylglutaric aciduria,33-methylglutaric aciduria,generated,active
3-methylglutaricaciduria,3-methylglutaircaciduria,generated,active
3-methylglutaricaciduria,3-methylglutaricaciduia,generated,active
3-methylglutaricaciduria,3-methylglutaricacidduria,generated,active
3-methylglutaricaciduria,3-methylglutaricaciduri,generated,active
3-methylglutaricaciduria,3m-ethylglutaricaciduria,generated,active
3-methylglutaricaciduria,3-methhylglutaricaciduria,generated,active
3-methylhistidinuria,3-methylhistidinurria,generated,active
3-methylhistidinuria,3-methylhistdinuria,generated,active
3-methylhistidinuria,3-methlhistidinuria,generated,active
3-methylhistidinuria,3-mtehylhistidinuria,generated,active
3-methylhistidinuria,3-methylhisidinuria,generated,active
3-methylhistidinuria,3-methylhistidinruia,generated,active
3rd toe clinodactyly,3rd toe cclinodactyly,generated,active
3rd toe clinodactyly,3d toe clinodactyly,generated,active
3rd toe clinodactyly,3rdd toe clinodactyly,generated,active
3rd toe clinodactyly,3rd toe clinodcatyly,generated,active
3rd toe clinodactyly,3rd toe clindactyly,generated,active
3rd toe clinodactyly,3rd toe clinodactlyy,generated,active
4-hydroxyisovaleric acid present in urine,4-hydroxyisovaleric acid present in urie,generated,active
4-hydroxyisovaleric acid present in urine,4-hydroxyisovaleric cid present in urine,generated,active
4-hydroxyisovaleric acid present in urine,4-hydroxyisovaleric acid preset in urine,generated,active
4-hydroxyisovaleric acid present in urine,4-hydroxyisovaleric acid present inurine,generated,active
4-hydroxyisovaleric acid present in urine,4-hydroxyisovaleric acid present in urne,generated,active
4-hydroxyisovaleric acid present in urine,4-hydroxyisovaleric acid present in rine,generated,active
4-hydroxyphenylacetic aciduria,4-hydroxyphenylaceetic aciduria,generated,active
4-hydroxyphenylacetic aciduria,4-hydroxyphenylacetic acidruia,generated,active
4-hydroxyphenylacetic aciduria,4-hdyroxyphenylacetic aciduria,generated,active
4-hydroxyphenylacetic aciduria,4-hydroxyphenylacetica ciduria,generated,active
4-hydroxyphenylacetic aciduria,4-hydroxyphenylacetic acciduria,generated,active
4-hydroxyphenylacetic aciduria,4-hydroxyphenylaceti caciduria,generated,active
4-hydroxyphenyllactic aciduria,4-hydroxypphenyllactic aciduria,generated,active
4-hydroxyphenyllactic aciduria,4-hydroxyphenyllactic acidruia,generated,active
4-hydroxyphenyllactic aciduria,4-hydroxyphenyllactic aciduriia,generated,active
4-hydroxyphenyllactic aciduria,4-hydroxyphenyllacctic aciduria,generated,active
4-hydroxyphenyllactic aciduria,4-hyydroxyphenyllactic aciduria,generated,active
4-hydroxyphenyllactic aciduria,4-hdroxyphenyllactic aciduria,generated,active
4-hydroxyphenylpyruvic aciduria,4-hydrxyphenylpyruvic aciduria,generated,active
4-hydroxyphenylpyruvic aciduria,4-hydrxoyphenylpyruvic aciduria,generated,active
4-hydroxyphenylpyruvic aciduria,4-hydroxyphenylpyruvic acidruia,generated,active
4-hydroxyphenylpyruvic aciduria,4-hydroxyphenylpyruvvic aciduria,generated,active
4-hydroxyphenylpyruvic aciduria,4-hydroxypheenylpyruvic aciduria,generated,active
4-hydroxyphenylpyruvic aciduria,4-hydroxyphenylpyruic aciduria,generated,active
4-layered lissencephaly,4-layered lsisencephaly,generated,active
4-layered lissencephaly,4-layered lissencepahly,generated,active
4-layered lissencephaly,4-layered lissencephlay,generated,active
4-layered lissencephaly,4-layereed lissencephaly,generated,active
4-layered lissencephaly,4-layered ilssencephaly,generated,active
4-layered lissencephaly,4-layeredd lissencephaly,generated,active
"46,xy gonadal dysgenesis","46,xy goadal dysgenesis",generated,active
"46,xy gonadal dysgenesis","46,xy gonadal ysgenesis",generated,active
"46,xy gonadal dysgenesis","46,xy gonadal dysgeneis",generated,active
"46,xy gonadal dysgenesis","46,y gonadal dysgenesis",generated,active
"46,xy gonadal dysgenesis","46,xy gnoadal dysgenesis",generated,active
"46,xy gonadal dysgenesis","46,xy gonadal dysgeneses",generated,active
4th finger camptodactyly,4th fingir camptodactyly,generated,active
4th finger camptodactyly,4th fnger camptodactyly,generated,active
4th finger camptodactyly,4th fingre camptodactyly,generated,active
4th finger camptodactyly,4tth finger camptodactyly,generated,active
4th finger camptodactyly,4th ffinger camptodactyly,generated,active
4th finger camptodactyly,4th finnger camptodactyly,generated,active
5-fluorouracil exposure,5-fluoruracil exposure,generated,active
5-fluorouracil exposure,5-fluorouracil  exposure,generated,active
5-fluorouracil exposure,5-fluooruracil exposure,generated,active
5-fluorouracil exposure,5-fluorouracil expoosure,generated,active
5-fluorouracil exposure,5-fluorouracl exposure,generated,active
5-fluorouracil exposure,5-ffluorouracil exposure,generated,active
5-hydroxymethyluracil high in blood,5-hydroxymethylurecil high in blood,generated,active
5-hydroxymethyluracil high in blood,5-hydoxymethyluracil high in blood,generated,active
5-hydroxymethyluracil high in blood,5-hhydroxymethyluracil high in blood,generated,active
5-hydroxymethyluracil high in blood,5-hydrxymethyluracil high in blood,generated,active
5-hydroxymethyluracil high in blood,5-hydroxymethyluracil hgh in blood,generated,active
5-hydroxymethyluracil high in blood,5-hydroxymethyluracil hgih in blood,generated,active
5-hydroxymethyluracil high in csf,5-hydroxymethyluuracil high in csf,generated,active
5-hydroxymethyluracil high in csf,5-hydroxymethyluracil hhigh in csf,generated,active
5-hydroxymethyluracil high in csf,5-hydroxymetthyluracil high in csf,generated,active
5-hydroxymethyluracil high in csf,5h-ydroxymethyluracil high in csf,generated,active
5-hydroxymethyluracil high in csf,5-hydroxymethyluracil high in  csf,generated,active
5-hydroxymethyluracil high in csf,5-hydoxymethyluracil high in csf,generated,active
5-hydroxymethyluracil high in urine,5-hydroxymethlyuracil high in urine,generated,active
5-hydroxymethyluracil high in urine,5-hydroxymetyhluracil high in urine,generated,active
5-hydroxymethyluracil high in urine,5-hydroxymethyluracil ihgh in urine,generated,active
5-hydroxymethyluracil high in urine,5-hydroxymehtyluracil high in urine,generated,active
5-hydroxymethyluracil high in urine,5-hydroxymethylurcil high in urine,generated,active
5-hydroxymethyluracil high in urine,5-hydroxymethylurakil high in urine,generated,active
5-minute apgar score of 0,5-minute apgra score of 0,generated,active
5-minute apgar score of 0,5-minute aapgar score of 0,generated,active
5-minute apgar score of 0,5-minute apgar csore of 0,generated,active
5-minute apgar score of 0,5-minute pgar score of 0,generated,active
5-minute apgar score of 0,5-minute apgar  score of 0,generated,active
5-minute apgar score of 0,5-minute apgar scroe of 0,generated,active
5-minute apgar score of 1,5-minute apgar score of1,generated,active
5-minute apgar score of 1,55-minute apgar score of 1,generated,active
5-minute apgar score of 1,5-minute pgar score of 1,generated,active
5-minute apgar score of 1,5-minute apgar score fo 1,generated,active
5-minute apgar score of 1,5-minute aapgar score of 1,generated,active
5-minute apgar score of 1,5-minute apgaar score of 1,generated,active
5-minute apgar score of 2,5-minute apggar score of 2,generated,active
5-minute apgar score of 2,5-minute apgar score f 2,generated,active
5-minute apgar score of 2,5-minute apgar scor eof 2,generated,active
5-minute apgar score of 2,5-minute apgar score of2,generated,active
5-minute apgar score of 2,5-minte apgar score of 2,generated,active
5-minute apgar score of 2,-5minute apgar score of 2,generated,active
5-minute apgar score of 3,5-minut apgar score of 3,generated,active
5-minute apgar score of 3,5-minute apgar sscore of 3,generated,active
5-minute apgar score of 3,5-minute apgar scoreo f 3,generated,active
5-minute apgar score of 3,5-minue apgar score of 3,generated,active
5-minute apgar score of 3,5-minute appgar score of 3,generated,active
5-minute apgar score of 3,5-minute apgar score of 33,generated,active
5-minute apgar score of 4,5-minute apgar scoore of 4,generated,active
5-minute apgar score of 4,5-minute apga score of 4,generated,active
5-minute apgar score of 4,5-minute apga rscore of 4,generated,active
5-minute apgar score of 4,5-minutea pgar score of 4,generated,active
5-minute apgar score of 4,5-minute apgar score o f4,generated,active
5-minute apgar score of 4,5-minute apgar scorre of 4,generated,active
5-minute apgar score of 5,5-minute apgar scre of 5,generated,active
5-minute apgar score of 5,5-minute apgar score oof 5,generated,active
5-minute apgar score of 5,5-minute apgar score fo 5,generated,active
5-minute apgar score of 5,5-minute apgar score o 5,generated,active
5-minute apgar score of 5,5-minute apgar scoer of 5,generated,active
5-minute apgar score of 5,5minute apgar score of 5,generated,active
5-minute apgar score of 6,5-minuute apgar score of 6,generated,active
5-minute apgar score of 6,5-minute apgar score of6,generated,active
5-minute apgar score of 6,5-minute apgar score oof 6,generated,active
5-minute apgar score of 6,5--minute apgar score of 6,generated,active
5-minute apgar score of 6,5-minute apgar core of 6,generated,active
5-minute apgar score of 6,5-minute apgarscore of 6,generated,active
5-oxoprolinase deficiency,5-ooxoprolinase deficiency,generated,active
5-oxoprolinase deficiency,5oxoprolinase deficiency,generated,active
5-oxoprolinase deficiency,5-oxoprolinase deficienyc,generated,active
5-oxoprolinase deficiency,5-oxoprolnase deficiency,generated,active
5-oxoprolinase deficiency,5-oxoproliase deficiency,generated,active
5-oxoprolinase deficiency,5-oxoprolinase dfeiciency,generated,active
5th finger middle phalangeal hypoplasia,5th finger middle phalanngeal hypoplasia,generated,active
5th finger middle phalangeal hypoplasia,5th finger middle phlaangeal hypoplasia,generated,active
5th finger middle phalangeal hypoplasia,5th finger miiddle phalangeal hypoplasia,generated,active
5th finger middle phalangeal hypoplasia,5th finger middle pphalangeal hypoplasia,generated,active
5th finger middle phalangeal hypoplasia,5th finger middle pahlangeal hypoplasia,generated,active
5th finger middle phalangeal hypoplasia,5th finger middle phalangeal hypoplasai,generated,active
6 long bones of hand,6 longb ones of hand,generated,active
6 long bones of hand,6 long bones of  hand,generated,active
6 long bones of hand,6 long bones of hnad,generated,active
6 long bones of hand,6 long bone sof hand,generated,active
6 long bones of hand,6 lon gbones of hand,generated,active
6 long bones of hand,6 long boens of hand,generated,active
6 metacarpals,6 metacaarpals,generated,active
6 metacarpals,6 metacarppals,generated,active
6 metacarpals,6 mmetacarpals,generated,active
6 metacarpals,6 metacarrpals,generated,active
6 metacarpals,6 metacrpals,generated,active
6 metacarpals,6  metacarpals,generated,active
6-layered lissencephaly,6-layered issencephaly,generated,active
6-layered lissencephaly,6-layered lissencephay,generated,active
6-layered lissencephaly,6-layered lissencphaly,generated,active
6-layered lissencephaly,6-laayered lissencephaly,generated,active
6-layered lissencephaly,6layered lissencephaly,generated,active
6-layered lissencephaly,6-lyered lissencephaly,generated,active
6-mercaptopurine exposure,6-mercapotpurine exposure,generated,active
6-mercaptopurine exposure,66-mercaptopurine exposure,generated,active
6-mercaptopurine exposure,6-mercaptopurien exposure,generated,active
6-mercaptopurine exposure,6-mercatopurine exposure,generated,active
6-mercaptopurine exposure,6-mercaptopurine exposuree,generated,active
6-mercaptopurine exposure,6-ercaptopurine exposure,generated,active
aa amyloidosis,a amyloidosis,generated,active
aa amyloidosis,aa amyloidois,generated,active
aa amyloidosis,aa amyloidosi,generated,active
aa amyloidosis,aa aymloidosis,generated,active
aa amyloidosis,aa aamyloidosis,generated,active
aa amyloidosis,aa amyloidosiss,generated,active
abasia,abasai,generated,active
abasia,abassia,generated,active
abasia,abaia,generated,active
abasia,aabsia,generated,active
abasia,abasea,generated,active
abasia,abasiaa,generated,active
abdominal adhesions,aabdominal adhesions,generated,active
abdominal adhesions,abdominal adehsions,generated,active
abdominal adhesions,abdominal adhesion,generated,active
abdominal adhesions,abdminal adhesions,generated,active
abdominal adhesions,abdominal adhesioons,generated,active
abdominal adhesions,abdominal adhessions,generated,active
abdominal aortic aneurysm,abdominal aotic aneurysm,generated,active
abdominal aortic aneurysm,abddominal aortic aneurysm,generated,active
abdominal aortic aneurysm,abdominnal aortic aneurysm,generated,active
abdominal aortic aneurysm,abdominal aortic aneursym,generated,active
abdominal aortic aneurysm,abdominal aortic aneurys,generated,active
abdominal aortic aneurysm,abdominal aortic aenurysm,generated,active
abdominal aortic calcification,abdominl aortic calcification,generated,active
abdominal aortic calcification,abdominal oartic calcification,generated,active
abdominal aortic calcification,abdomial aortic calcification,generated,active
abdominal aortic calcification,abdominal aoritc calcification,generated,active
abdominal aortic calcification,abdominal aortic calcfiication,generated,active
abdominal aortic calcification,abominal aortic calcification,generated,active
abdominal aortic dissection,abdominal aortci dissection,generated,active
abdominal aortic dissection,abddominal aortic dissection,generated,active
abdominal aortic dissection,abdominal aortic disssection,generated,active
abdominal aortic dissection,abdominal aortic disseection,generated,active
abdominal aortic dissection,abdominal aortic dissecttion,generated,active
abdominal aortic dissection,abdomianl aortic dissection,generated,active
abdominal aseptic abscess,abdominal aseptic absceess,generated,active
abdominal aseptic abscess,abdominal asepti cabscess,generated,active
abdominal aseptic abscess,abdomial aseptic abscess,generated,active
abdominal aseptic abscess,abdomenal aseptic abscess,generated,active
abdominal aseptic abscess,abdominal aseptic abscesss,generated,active
abdominal aseptic abscess,adominal aseptic abscess,generated,active
abdominal aura,abominal aura,generated,active
abdominal aura,abdominalaura,generated,active
abdominal aura,abdominal auraa,generated,active
abdominal aura,abdominal aurra,generated,active
abdominal aura,abdominal arua,generated,active
abdominal aura,abdomnial aura,generated,active
abdominal bloating,abdominal bloaating,generated,active
abdominal bloating,abdominal bloatingg,generated,active
abdominal bloating,abdomminal bloating,generated,active
abdominal bloating,abdminal bloating,generated,active
abdominal bloating,abdominal boating,generated,active
abdominal bloating,abdomnal bloating,generated,active
abdominal colic,abdominal clic,generated,active
abdominal colic,abdominal colci,generated,active
abdominal colic,abdominal kolic,generated,active
abdominal colic,abominal colic,generated,active
abdominal colic,abddominal colic,generated,active
abdominal colic,badominal colic,generated,active
abdominal cramps,abdominal craps,generated,active
abdominal cramps,abominal cramps,generated,active
abdominal cramps,abbdominal cramps,generated,active
abdominal cramps,abdominal crmps,generated,active
abdominal cramps,adominal cramps,generated,active
abdominal cramps,abdoinal cramps,generated,active
abdominal distension,abdominal istension,generated,active
abdominal distension,abdomenal distension,generated,active
abdominal distension,abddominal distension,generated,active
abdominal distension,abdominl distension,generated,active
abdominal distension,abdominal distenison,generated,active
abdominal distension,abodminal distension,generated,active
abdominal distension (gaseous),abduminal distension (gaseous),generated,active
abdominal distension (gaseous),abdominal distension (aseous),generated,active
abdominal distension (gaseous),abdominal istension (gaseous),generated,active
abdominal distension (gaseous),abddominal distension (gaseous),generated,active
abdominal distension (gaseous),abdominal disstension (gaseous),generated,active
abdominal distension (gaseous),abdominl distension (gaseous),generated,active
abdominal distention,abdominla distention,generated,active
abdominal distention,abbdominal distention,generated,active
abdominal distention,abdominal distenttion,generated,active
abdominal distention,abdoominal distention,generated,active
abdominal distention,abdoinal distention,generated,active
abdominal distention,abdominaal distention,generated,active
abdominal ectopia cordis,abdominal ctopia cordis,generated,active
abdominal ectopia cordis,abdominal ectopia crdis,generated,active
abdominal ectopia cordis,abdoimnal ectopia cordis,generated,active
abdominal ectopia cordis,abdominal ectopa cordis,generated,active
abdominal ectopia cordis,badominal ectopia cordis,generated,active
abdominal ectopia cordis,abdominla ectopia cordis,generated,active
abdominal guarding,abdominnal guarding,generated,active
abdominal guarding,abdominal guuarding,generated,active
abdominal guarding,bdominal guarding,generated,active
abdominal guarding,abdominal guadring,generated,active
abdominal guarding,abdominal gurding,generated,active
abdominal guarding,abdoinal guarding,generated,active
abdominal mass,abdomnal mass,generated,active
abdominal mass,adbominal mass,generated,active
abdominal mass,abdomminal mass,generated,active
abdominal mass,abddominal mass,generated,active
abdominal mass,abdominal ass,generated,active
abdominal mass,abdomnial mass,generated,active
abdominal muscular hypoplasia,abdomnial muscular hypoplasia,generated,active
abdominal muscular hypoplasia,abdominalm uscular hypoplasia,generated,active
abdominal muscular hypoplasia,abdmoinal muscular hypoplasia,generated,active
abdominal muscular hypoplasia,abdomnal muscular hypoplasia,generated,active
abdominal muscular hypoplasia,abdominal uscular hypoplasia,generated,active
abdominal muscular hypoplasia,abdominal muscularhypoplasia,generated,active
abdominal obesity,adbominal obesity,generated,active
abdominal obesity,abdominal boesity,generated,active
abdominal obesity,abdominalo besity,generated,active
abdominal obesity,abdominal oebsity,generated,active
abdominal obesity,bdominal obesity,generated,active
abdominal obesity,abdominal obeity,generated,active
abdominal organ duplication,abdominal organ duplicationn,generated,active
abdominal organ duplication,abdominal organ  duplication,generated,active
abdominal organ duplication,aabdominal organ duplication,generated,active
abdominal organ duplication,abdominal orga nduplication,generated,active
abdominal organ duplication,abdomiinal organ duplication,generated,active
abdominal organ duplication,abdominal orgaan duplication,generated,active
abdominal protuberance,abdominal prtouberance,generated,active
abdominal protuberance,abbdominal protuberance,generated,active
abdominal protuberance,abdominal protuberacne,generated,active
abdominal protuberance,abdoinal protuberance,generated,active
abdominal protuberance,abdominall protuberance,generated,active
abdominal protuberance,abdominal protbuerance,generated,active
abdominal reflex absent,abdominal reflexabsent,generated,active
abdominal reflex absent,abodminal reflex absent,generated,active
abdominal reflex absent,abdominal reflex basent,generated,active
abdominal reflex absent,adominal reflex absent,generated,active
abdominal reflex absent,abdominal relex absent,generated,active
abdominal reflex absent,abdominal refex absent,generated,active
abdominal rigidity,abdominal rigidtiy,generated,active
abdominal rigidity,abdominal rigiidity,generated,active
abdominal rigidity,abdominal rigidiy,generated,active
abdominal rigidity,abdoinal rigidity,generated,active
abdominal rigidity,abdominal rigdity,generated,active
abdominal rigidity,abdominal riggidity,generated,active
"abdominal rigidity, unspecified site","abdominal rigidit, unspecified site",generated,active
"abdominal rigidity, unspecified site","abdomial rigidity, unspecified site",generated,active
"abdominal rigidity, unspecified site","abdominalr igidity, unspecified site",generated,active
"abdominal rigidity, unspecified site","abdominnal rigidity, unspecified site",generated,active
"abdominal rigidity, unspecified site","abdominal rigidity, unsepcified site",generated,active
"abdominal rigidity, unspecified site","abdominal rigidity, unspecifie site",generated,active
abdominal situs ambiguus,abdominal situs ambigguus,generated,active
abdominal situs ambiguus,abdminal situs ambiguus,generated,active
abdominal situs ambiguus,abdominal ssitus ambiguus,generated,active
abdominal situs ambiguus,abdomial situs ambiguus,generated,active
abdominal situs ambiguus,abdomnial situs ambiguus,generated,active
abdominal situs ambiguus,abdominal situss ambiguus,generated,active
abdominal situs inversus,abdominal situ inversus,generated,active
abdominal situs inversus,abdominal stius inversus,generated,active
abdominal situs inversus,adominal situs inversus,generated,active
abdominal situs inversus,abdominal situs inversuss,generated,active
abdominal situs inversus,abdomial situs inversus,generated,active
abdominal situs inversus,abdminal situs inversus,generated,active
abdominal swelling,abdominnal swelling,generated,active
abdominal swelling,abdominal welling,generated,active
abdominal swelling,abdomina lswelling,generated,active
abdominal swelling,abdominaal swelling,generated,active
abdominal swelling,abdominals welling,generated,active
abdominal swelling,abdominal  swelling,generated,active
abdominal symptom,abdoimnal symptom,generated,active
abdominal symptom,abdominal symptomm,generated,active
abdominal symptom,abdominal symmptom,generated,active
abdominal symptom,abdominal symtom,generated,active
abdominal symptom,aabdominal symptom,generated,active
abdominal symptom,abdominal syptom,generated,active
"abdominal tenderness, unspecified site","abdominal tenderness, unspecifed site",generated,active
"abdominal tenderness, unspecified site","abdominal tendernss, unspecified site",generated,active
"abdominal tenderness, unspecified site","abdominal tenderness, unspecified sitte",generated,active
"abdominal tenderness, unspecified site","abodminal tenderness, unspecified site",generated,active
"abdominal tenderness, unspecified site","abduminal tenderness, unspecified site",generated,active
"abdominal tenderness, unspecified site","abdominal tenderness, unspecified stie",generated,active
abdominal wall defect,abdominal waall defect,generated,active
abdominal wall defect,abdominal wall dfect,generated,active
abdominal wall defect,abdominal wall defectt,generated,active
abdominal wall defect,abdominal wall defecct,generated,active
abdominal wall defect,abdominal  wall defect,generated,active
abdominal wall defect,abdomnal wall defect,generated,active
abdominal wall mass,abdminal wall mass,generated,active
abdominal wall mass,adbominal wall mass,generated,active
abdominal wall mass,abdominal wll mass,generated,active
abdominal wall mass,abdominaal wall mass,generated,active
abdominal wall mass,abdominal wlal mass,generated,active
abdominal wall mass,abdominal wall masss,generated,active
abdominal wall muscle weakness,abdominal wall musscle weakness,generated,active
abdominal wall muscle weakness,abdminal wall muscle weakness,generated,active
abdominal wall muscle weakness,abdominal wall muscle weakess,generated,active
abdominal wall muscle weakness,abdominal wallm uscle weakness,generated,active
abdominal wall muscle weakness,abdominal wall muscleweakness,generated,active
abdominal wall muscle weakness,abduminal wall muscle weakness,generated,active
abducens nerve palsy,abduccens nerve palsy,generated,active
abducens nerve palsy,abducens nervee palsy,generated,active
abducens nerve palsy,abducens nevre palsy,generated,active
abducens nerve palsy,abduens nerve palsy,generated,active
abducens nerve palsy,abducens nerve plsy,generated,active
abducens nerve palsy,abducenss nerve palsy,generated,active
abducens nerve paralysis,abducens nerve paralysiss,generated,active
abducens nerve paralysis,bducens nerve paralysis,generated,active
abducens nerve paralysis,abducens nerve pparalysis,generated,active
abducens nerve paralysis,abducens  nerve paralysis,generated,active
abducens nerve paralysis,abdcuens nerve paralysis,generated,active
abducens nerve paralysis,abducens neerve paralysis,generated,active
abducens nerve paresis,abducens nerve paressis,generated,active
abducens nerve paresis,abducens neerve paresis,generated,active
abducens nerve paresis,abducens nerev paresis,generated,active
abducens nerve paresis,abucens nerve paresis,generated,active
abducens nerve paresis,adbucens nerve paresis,generated,active
abducens nerve paresis,abducens nreve paresis,generated,active
abducens palsy,abbducens palsy,generated,active
abducens palsy,abduecns palsy,generated,active
abducens palsy,abducins palsy,generated,active
abducens palsy,abucens palsy,generated,active
abducens palsy,abducenns palsy,generated,active
abducens palsy,abducens palys,generated,active
abducted thumb,abductde thumb,generated,active
abducted thumb,abducted thhumb,generated,active
abducted thumb,abdducted thumb,generated,active
abducted thumb,aducted thumb,generated,active
abducted thumb,abducted htumb,generated,active
abducted thumb,baducted thumb,generated,active
abduction contracture of the shoulder,abduction contracture of teh shoulder,generated,active
abduction contracture of the shoulder,abdduction contracture of the shoulder,generated,active
abduction contracture of the shoulder,abductino contracture of the shoulder,generated,active
abduction contracture of the shoulder,abduction contracture o the shoulder,generated,active
abduction contracture of the shoulder,ebduction contracture of the shoulder,generated,active
abduction contracture of the shoulder,abductiion contracture of the shoulder,generated,active
aberrant melanosome maturation,aberrant melanosome maturaation,generated,active
aberrant melanosome maturation,aberrant emlanosome maturation,generated,active
aberrant melanosome maturation,aberrant melaosome maturation,generated,active
aberrant melanosome maturation,berrant melanosome maturation,generated,active
aberrant melanosome maturation,aberrant melanosome maturtion,generated,active
aberrant melanosome maturation,aberrant melansoome maturation,generated,active
aberrant neuronal branching,aberrant neurunal branching,generated,active
aberrant neuronal branching,aberrat neuronal branching,generated,active
aberrant neuronal branching,aaberrant neuronal branching,generated,active
aberrant neuronal branching,aberrant neuronal branchig,generated,active
aberrant neuronal branching,aberrant neuronal braching,generated,active
aberrant neuronal branching,aberrant neuronal branchng,generated,active
aberrant right subclavian artery,aberrant right suubclavian artery,generated,active
aberrant right subclavian artery,aberrant rihgt subclavian artery,generated,active
aberrant right subclavian artery,aberrant right subclavia artery,generated,active
aberrant right subclavian artery,aberrant riht subclavian artery,generated,active
aberrant right subclavian artery,aberrant right subclaivan artery,generated,active
aberrant right subclavian artery,aberrant right sublavian artery,generated,active
aberrant right subclavian artery syndrome,aberrant right subclavia artery syndrome,generated,active
aberrant right subclavian artery syndrome,aberran right subclavian artery syndrome,generated,active
aberrant right subclavian artery syndrome,aberrant right subclavian arery syndrome,generated,active
aberrant right subclavian artery syndrome,aberrant ight subclavian artery syndrome,generated,active
aberrant right subclavian artery syndrome,aberrnt right subclavian artery syndrome,generated,active
aberrant right subclavian artery syndrome,aberrant righ subclavian artery syndrome,generated,active
aberrant thyroid,baerrant thyroid,generated,active
aberrant thyroid,abrrant thyroid,generated,active
aberrant thyroid,aberrant htyroid,generated,active
aberrant thyroid,aerrant thyroid,generated,active
aberrant thyroid,aberrant thyroiid,generated,active
aberrant thyroid,aberant thyroid,generated,active
aberrant thyroid gland,aberrant tyhroid gland,generated,active
aberrant thyroid gland,abberrant thyroid gland,generated,active
aberrant thyroid gland,aberrant thyroid land,generated,active
aberrant thyroid gland,aberrant thryoid gland,generated,active
aberrant thyroid gland,aberrant hyroid gland,generated,active
aberrant thyroid gland,abirrant thyroid gland,generated,active
abetalipoproteinemia,abetalipoproteniemia,generated,active
abetalipoproteinemia,abetaliipoproteinemia,generated,active
abetalipoproteinemia,abetalipoproteinemiaa,generated,active
abetalipoproteinemia,abetailpoproteinemia,generated,active
abetalipoproteinemia,ebetalipoproteinemia,generated,active
abetalipoproteinemia,abetalipoproteeinemia,generated,active
ablepharon,alepharon,generated,active
ablepharon,ableparon,generated,active
ablepharon,abepharon,generated,active
ablepharon,ablephharon,generated,active
ablepharon,albepharon,generated,active
ablepharon,ablephron,generated,active
ablepharon of eyelid,ableepharon of eyelid,generated,active
ablepharon of eyelid,ablepharon of eeylid,generated,active
ablepharon of eyelid,ablepharon ofeyelid,generated,active
ablepharon of eyelid,ablepharono f eyelid,generated,active
ablepharon of eyelid,ablpharon of eyelid,generated,active
ablepharon of eyelid,ablepharon of eyeldi,generated,active
abnormal 1st metacarpal morphology,abnormal 1stm etacarpal morphology,generated,active
abnormal 1st metacarpal morphology,abnormal 1st metacarpal morpology,generated,active
abnormal 1st metacarpal morphology,abnormal 1s metacarpal morphology,generated,active
abnormal 1st metacarpal morphology,abnormal 1st metacarpal orphology,generated,active
abnormal 1st metacarpal morphology,abnromal 1st metacarpal morphology,generated,active
abnormal 1st metacarpal morphology,abnormal 1st metacrpal morphology,generated,active
abnormal 2nd finger morphology,bnormal 2nd finger morphology,generated,active
abnormal 2nd finger morphology,abnormal 2nd finger mmorphology,generated,active
abnormal 2nd finger morphology,abnnormal 2nd finger morphology,generated,active
abnormal 2nd finger morphology,abnormal 2nd finger morphlogy,generated,active
abnormal 2nd finger morphology,abnormal 2nd finger orphology,generated,active
abnormal 2nd finger morphology,abnormal 2nd finger morphologyy,generated,active
abnormal 2nd metacarpal morphology,abnormal 2nd metacarpal  morphology,generated,active
abnormal 2nd metacarpal morphology,abnormal 2nd metacarpal moorphology,generated,active
abnormal 2nd metacarpal morphology,abnormal 2nd metacarpal orphology,generated,active
abnormal 2nd metacarpal morphology,abnormal 2nd meatcarpal morphology,generated,active
abnormal 2nd metacarpal morphology,abnormal 2nd metacarpa morphology,generated,active
abnormal 2nd metacarpal morphology,abnormal 2nd metaacrpal morphology,generated,active
abnormal 2nd toe morphology,abnormal 2nd toe  morphology,generated,active
abnormal 2nd toe morphology,abnorma 2nd toe morphology,generated,active
abnormal 2nd toe morphology,abnormal 2nd to emorphology,generated,active
abnormal 2nd toe morphology,abonrmal 2nd toe morphology,generated,active
abnormal 2nd toe morphology,abnomral 2nd toe morphology,generated,active
abnormal 2nd toe morphology,abnormal 2nd teo morphology,generated,active
abnormal 2nd toe phalanx morphology,abnormal 2nd toe phalanx morhpology,generated,active
abnormal 2nd toe phalanx morphology,abnormal 2nd toe phalan morphology,generated,active
abnormal 2nd toe phalanx morphology,abnormal 2nd toe phalanx moorphology,generated,active
abnormal 2nd toe phalanx morphology,abnormal 2nd toe phalanx morpology,generated,active
abnormal 2nd toe phalanx morphology,abnoraml 2nd toe phalanx morphology,generated,active
abnormal 2nd toe phalanx morphology,abnormal nd toe phalanx morphology,generated,active
abnormal 3rd finger morphology,abnormal 3rd figer morphology,generated,active
abnormal 3rd finger morphology,abnormal3rd finger morphology,generated,active
abnormal 3rd finger morphology,abnrmal 3rd finger morphology,generated,active
abnormal 3rd finger morphology,abnormal 3rdf inger morphology,generated,active
abnormal 3rd finger morphology,abnormal 3d finger morphology,generated,active
abnormal 3rd finger morphology,abnormal 3rd fenger morphology,generated,active
abnormal 3rd finger phalanx morphology,abnormal 3rd fniger phalanx morphology,generated,active
abnormal 3rd finger phalanx morphology,abnormal 3rd figner phalanx morphology,generated,active
abnormal 3rd finger phalanx morphology,abnormal 3rd finger phalanx morphlogy,generated,active
abnormal 3rd finger phalanx morphology,abnormal 3rd finger phlaanx morphology,generated,active
abnormal 3rd finger phalanx morphology,anbormal 3rd finger phalanx morphology,generated,active
abnormal 3rd finger phalanx morphology,abnormal 3rd finger phalanx morpholoogy,generated,active
abnormal 3rd metacarpal morphology,abnormal 3rd metacapal morphology,generated,active
abnormal 3rd metacarpal morphology,abnoormal 3rd metacarpal morphology,generated,active
abnormal 3rd metacarpal morphology,abnorml 3rd metacarpal morphology,generated,active
abnormal 3rd metacarpal morphology,abnormal 3rd metacarpa morphology,generated,active
abnormal 3rd metacarpal morphology,abnormal 3rrd metacarpal morphology,generated,active
abnormal 3rd metacarpal morphology,abnomal 3rd metacarpal morphology,generated,active
abnormal 3rd toe morphology,abnorrmal 3rd toe morphology,generated,active
abnormal 3rd toe morphology,abnrmal 3rd toe morphology,generated,active
abnormal 3rd toe morphology,abnormal 3rd toe omrphology,generated,active
abnormal 3rd toe morphology,abnormal 3rd toemorphology,generated,active
abnormal 3rd toe morphology,abnormal 3rd toe mrphology,generated,active
abnormal 3rd toe morphology,abnormal 3rd ttoe morphology,generated,active
abnormal 4th finger morphology,abnormal 4th finger morpholgoy,generated,active
abnormal 4th finger morphology,abnorma l4th finger morphology,generated,active
abnormal 4th finger morphology,abnormal 4th finger morhology,generated,active
abnormal 4th finger morphology,abnormal 4th fingerm orphology,generated,active
abnormal 4th finger morphology,ebnormal 4th finger morphology,generated,active
abnormal 4th finger morphology,abnormmal 4th finger morphology,generated,active
abnormal 4th finger phalanx morphology,abnormal 4th finger phalanx morphlogy,generated,active
abnormal 4th finger phalanx morphology,abnormal 4th finger phalanx morphoogy,generated,active
abnormal 4th finger phalanx morphology,abnormal 4th finger phhalanx morphology,generated,active
abnormal 4th finger phalanx morphology,abnormal 4th finger phalaxn morphology,generated,active
abnormal 4th finger phalanx morphology,abnormal 4th finger phallanx morphology,generated,active
abnormal 4th finger phalanx morphology,abnormal 4th finger phalanx morpohlogy,generated,active
abnormal 4th metacarpal morphology,abnormal 4th metacarpal morphologgy,generated,active
abnormal 4th metacarpal morphology,abnormal 4th emtacarpal morphology,generated,active
abnormal 4th metacarpal morphology,abnormal 4th metacarpal morphlogy,generated,active
abnormal 4th metacarpal morphology,abnormal 4th metacarpal morphhology,generated,active
abnormal 4th metacarpal morphology,ebnormal 4th metacarpal morphology,generated,active
abnormal 4th metacarpal morphology,abnormal 4th metaacarpal morphology,generated,active
abnormal 4th toe morphology,abnorml 4th toe morphology,generated,active
abnormal 4th toe morphology,abnnormal 4th toe morphology,generated,active
abnormal 4th toe morphology,abnormaal 4th toe morphology,generated,active
abnormal 4th toe morphology,abnormal4th toe morphology,generated,active
abnormal 4th toe morphology,abnormal 4th toe morpholog,generated,active
abnormal 4th toe morphology,abnormal 4thh toe morphology,generated,active
abnormal 5th finger morphology,abnormal 5th finge morphology,generated,active
abnormal 5th finger morphology,abbnormal 5th finger morphology,generated,active
abnormal 5th finger morphology,abnormal 5th finnger morphology,generated,active
abnormal 5th finger morphology,abnormal 5thh finger morphology,generated,active
abnormal 5th finger morphology,abnormal 5th finger morrphology,generated,active
abnormal 5th finger morphology,abormal 5th finger morphology,generated,active
abnormal 5th finger phalanx morphology,abnnormal 5th finger phalanx morphology,generated,active
abnormal 5th finger phalanx morphology,abnormal 5th finger phalanx morphologgy,generated,active
abnormal 5th finger phalanx morphology,abnrmal 5th finger phalanx morphology,generated,active
abnormal 5th finger phalanx morphology,abnormal 5t hfinger phalanx morphology,generated,active
abnormal 5th finger phalanx morphology,abnormal 5th finger phalanxmorphology,generated,active
abnormal 5th finger phalanx morphology,abnormal 5th figner phalanx morphology,generated,active
abnormal 5th metacarpal morphology,abnormal 5th metacarpal morphhology,generated,active
abnormal 5th metacarpal morphology,abnormal 5th mettacarpal morphology,generated,active
abnormal 5th metacarpal morphology,abonrmal 5th metacarpal morphology,generated,active
abnormal 5th metacarpal morphology,abnormal 5t metacarpal morphology,generated,active
abnormal 5th metacarpal morphology,abnormal 5ht metacarpal morphology,generated,active
abnormal 5th metacarpal morphology,abnormal 5th emtacarpal morphology,generated,active
abnormal 5th toe morphology,anbormal 5th toe morphology,generated,active
abnormal 5th toe morphology,abnoormal 5th toe morphology,generated,active
abnormal 5th toe morphology,abnormal 5th toe morhology,generated,active
abnormal 5th toe morphology,abnormal 5th toe morphhology,generated,active
abnormal 5th toe morphology,abnormal 5th toe morrphology,generated,active
abnormal 5th toe morphology,abnormal 5th tooe morphology,generated,active
abnormal abdomen morphology,abnormal abdomen mmorphology,generated,active
abnormal abdomen morphology,abnormal abdomen morpohlogy,generated,active
abnormal abdomen morphology,abnormal abdomen morphlogy,generated,active
abnormal abdomen morphology,abnormal abdomen morphologgy,generated,active
abnormal abdomen morphology,abnoormal abdomen morphology,generated,active
abnormal abdomen morphology,abnormal abdomen morfology,generated,active
abnormal abdominal wall morphology,abnormala bdominal wall morphology,generated,active
abnormal abdominal wall morphology,abnormal abdominal wall moorphology,generated,active
abnormal abdominal wall morphology,abnormal abdominal  wall morphology,generated,active
abnormal abdominal wall morphology,abnormal  abdominal wall morphology,generated,active
abnormal abdominal wall morphology,abnormal abdoimnal wall morphology,generated,active
abnormal abdominal wall morphology,abnormal abdominal wall morfology,generated,active
abnormal abducens nerve morphology,abnormal abducens nerve morphologgy,generated,active
abnormal abducens nerve morphology,abnormal abducens nerve morhology,generated,active
abnormal abducens nerve morphology,abnromal abducens nerve morphology,generated,active
abnormal abducens nerve morphology,abnomal abducens nerve morphology,generated,active
abnormal abducens nerve morphology,bnormal abducens nerve morphology,generated,active
abnormal abducens nerve morphology,abnormal abducens nerve morphollogy,generated,active
abnormal abeta 40 level,abnormala beta 40 level,generated,active
abnormal abeta 40 level,abnorma labeta 40 level,generated,active
abnormal abeta 40 level,abnormal abeta 400 level,generated,active
abnormal abeta 40 level,abnoormal abeta 40 level,generated,active
abnormal abeta 40 level,abnormall abeta 40 level,generated,active
abnormal abeta 40 level,abnormal abetaa 40 level,generated,active
abnormal absence of menstruation,abnoormal absence of menstruation,generated,active
abnormal absence of menstruation,abnormal  absence of menstruation,generated,active
abnormal absence of menstruation,abnormal absence of menstraution,generated,active
abnormal absence of menstruation,abnormal absenc eof menstruation,generated,active
abnormal absence of menstruation,abnormal absence of menstruatino,generated,active
abnormal absence of menstruation,abnormal absence of menstrution,generated,active
abnormal acetabulum morphology,abnormal aetabulum morphology,generated,active
abnormal acetabulum morphology,abnormal acetabulum morphollogy,generated,active
abnormal acetabulum morphology,abnormal accetabulum morphology,generated,active
abnormal acetabulum morphology,abnormal acetabullum morphology,generated,active
abnormal acetabulum morphology,abnormla acetabulum morphology,generated,active
abnormal acetabulum morphology,abnormala cetabulum morphology,generated,active
abnormal achilles tendon morphology,abnormal achiilles tendon morphology,generated,active
abnormal achilles tendon morphology,abnormal achillest endon morphology,generated,active
abnormal achilles tendon morphology,abnoraml achilles tendon morphology,generated,active
abnormal achilles tendon morphology,abnormal achillis tendon morphology,generated,active
abnormal achilles tendon morphology,abnromal achilles tendon morphology,generated,active
abnormal achilles tendon morphology,abnormal ahcilles tendon morphology,generated,active
abnormal adiponectin level,abnromal adiponectin level,generated,active
abnormal adiponectin level,abnormal adiponecin level,generated,active
abnormal adiponectin level,abnormal adiponecti level,generated,active
abnormal adiponectin level,abnormal  adiponectin level,generated,active
abnormal adiponectin level,abnormal adiponectin levvel,generated,active
abnormal adiponectin level,abnormal adipoectin level,generated,active
abnormal adipose tissue morphology,abnormal adipose tissue morrphology,generated,active
abnormal adipose tissue morphology,abnormal adipoose tissue morphology,generated,active
abnormal adipose tissue morphology,abnormal adipsoe tissue morphology,generated,active
abnormal adipose tissue morphology,abnoormal adipose tissue morphology,generated,active
abnormal adipose tissue morphology,abnormal dipose tissue morphology,generated,active
abnormal adipose tissue morphology,abnormal adipose tissue moprhology,generated,active
abnormal adrenal gland position,abnormal adreanl gland position,generated,active
abnormal adrenal gland position,abnorma adrenal gland position,generated,active
abnormal adrenal gland position,abnormal adrenal gland psition,generated,active
abnormal adrenal gland position,abnormal adernal gland position,generated,active
abnormal adrenal gland position,abnormal adrenal land position,generated,active
abnormal adrenal gland position,abnormal adrenal gland osition,generated,active
abnormal adrenal morphology,abnormal adrenal morphhology,generated,active
abnormal adrenal morphology,abnormal adrneal morphology,generated,active
abnormal adrenal morphology,abnormal adrnal morphology,generated,active
abnormal adrenal morphology,abnormal addrenal morphology,generated,active
abnormal adrenal morphology,abonrmal adrenal morphology,generated,active
abnormal adrenal morphology,abnormaal adrenal morphology,generated,active
abnormal affect,abnomral affect,generated,active
abnormal affect,abnorml affect,generated,active
abnormal affect,abnormalaffect,generated,active
abnormal affect,abnormal  affect,generated,active
abnormal affect,bnormal affect,generated,active
abnormal affect,abnormmal affect,generated,active
abnormal affect regulation,abnomal affect regulation,generated,active
abnormal affect regulation,abnrmal affect regulation,generated,active
abnormal affect regulation,abnormal affect regulatio,generated,active
abnormal affect regulation,abnoormal affect regulation,generated,active
abnormal affect regulation,abnormal affect  regulation,generated,active
abnormal affect regulation,abnormal affecct regulation,generated,active
abnormal albumin level,abnurmal albumin level,generated,active
abnormal albumin level,abnormal  albumin level,generated,active
abnormal albumin level,abbnormal albumin level,generated,active
abnormal albumin level,abormal albumin level,generated,active
abnormal albumin level,abnormal albumi nlevel,generated,active
abnormal albumin level,abnormal albumin leel,generated,active
abnormal alcohol consumption,abnurmal alcohol consumption,generated,active
abnormal alcohol consumption,abnormal alcohl consumption,generated,active
abnormal alcohol consumption,abnormal alcohol consumtion,generated,active
abnormal alcohol consumption,abnormal alkohol consumption,generated,active
abnormal alcohol consumption,abnoormal alcohol consumption,generated,active
abnormal alcohol consumption,abnormal acohol consumption,generated,active
abnormal aldolase level,abnurmal aldolase level,generated,active
abnormal aldolase level,abnormal aldolas level,generated,active
abnormal aldolase level,abnormal aldloase level,generated,active
abnormal aldolase level,abnormal aldolase lvel,generated,active
abnormal aldolase level,abnormal ldolase level,generated,active
abnormal aldolase level,abnormal aldolase lveel,generated,active
abnormal alpha granule content,abnormal alpha granule contet,generated,active
abnormal alpha granule content,abnormal alpha granuule content,generated,active
abnormal alpha granule content,abormal alpha granule content,generated,active
abnormal alpha granule content,abnormal alpha granule conten,generated,active
abnormal alpha granule content,abnormal alpha graunle content,generated,active
abnormal alpha granule content,abnormal alpha granul econtent,generated,active
abnormal alpha granule distribution,abnormal lpha granule distribution,generated,active
abnormal alpha granule distribution,abonrmal alpha granule distribution,generated,active
abnormal alpha granule distribution,abnormal alpha granulee distribution,generated,active
abnormal alpha granule distribution,abnormal alpha garnule distribution,generated,active
abnormal alpha granule distribution,abnormal alpha granule distrribution,generated,active
abnormal alpha granule distribution,abnormal alpha granule distributoin,generated,active
abnormal alpha granules,abnormal alpha granuless,generated,active
abnormal alpha granules,abnorml alpha granules,generated,active
abnormal alpha granules,anormal alpha granules,generated,active
abnormal alpha granules,abnormal alpha grannules,generated,active
abnormal alpha granules,abbnormal alpha granules,generated,active
abnormal alpha granules,abnormal alph agranules,generated,active
abnormal alveolar macrophage morphology,abnormal alveolar macrophage morpholoyg,generated,active
abnormal alveolar macrophage morphology,abnormal alveolar macrrophage morphology,generated,active
abnormal alveolar macrophage morphology,abnormal alveolar macrophage morphlogy,generated,active
abnormal alveolar macrophage morphology,abnormal alveoalr macrophage morphology,generated,active
abnormal alveolar macrophage morphology,abnormal avleolar macrophage morphology,generated,active
abnormal alveolar macrophage morphology,abnormal alveola macrophage morphology,generated,active
abnormal alveolar ridge morphology,abnrmal alveolar ridge morphology,generated,active
abnormal alveolar ridge morphology,abnormal alveolar ridge morpohlogy,generated,active
abnormal alveolar ridge morphology,abnormal alveollar ridge morphology,generated,active
abnormal alveolar ridge morphology,abnormal alveolar ridge morpholoyg,generated,active
abnormal alveolar ridge morphology,abnormal alveolar ridge morhpology,generated,active
abnormal alveolar ridge morphology,abnormal allveolar ridge morphology,generated,active
abnormal alveolar volume,abnormal alveolar vlume,generated,active
abnormal alveolar volume,abnurmal alveolar volume,generated,active
abnormal alveolar volume,bnormal alveolar volume,generated,active
abnormal alveolar volume,abnormal alveolar volumee,generated,active
abnormal alveolar volume,abnormal alveolarv olume,generated,active
abnormal alveolar volume,abnormal alveolar vloume,generated,active
abnormal amniotic fluid,abnormal amniotic flid,generated,active
abnormal amniotic fluid,abnomal amniotic fluid,generated,active
abnormal amniotic fluid,abnormal  amniotic fluid,generated,active
abnormal amniotic fluid,abnormal aamniotic fluid,generated,active
abnormal amniotic fluid,abnormal amnioticc fluid,generated,active
abnormal amniotic fluid,abnormalamniotic fluid,generated,active
abnormal amsler grid test,abnormal amsler grid tes,generated,active
abnormal amsler grid test,abnormal amsleer grid test,generated,active
abnormal amsler grid test,abnormal amsler gridd test,generated,active
abnormal amsler grid test,abnromal amsler grid test,generated,active
abnormal amsler grid test,abnormal amsler  grid test,generated,active
abnormal amsler grid test,abnorma amsler grid test,generated,active
abnormal amygdala morphology,ebnormal amygdala morphology,generated,active
abnormal amygdala morphology,abnormaal amygdala morphology,generated,active
abnormal amygdala morphology,abnormal amygdalam orphology,generated,active
abnormal amygdala morphology,abnormal ammygdala morphology,generated,active
abnormal amygdala morphology,abnormal amygdala morhology,generated,active
abnormal amygdala morphology,abbnormal amygdala morphology,generated,active
abnormal anatomic location of the heart,abnormal antaomic location of the heart,generated,active
abnormal anatomic location of the heart,abnormal anatomic location oft he heart,generated,active
abnormal anatomic location of the heart,abnormal anatomic locatin of the heart,generated,active
abnormal anatomic location of the heart,abnormal aantomic location of the heart,generated,active
abnormal anatomic location of the heart,abnormal anatomic location of the eart,generated,active
abnormal anatomic location of the heart,abnormal anatomic location of the ehart,generated,active
abnormal ankle bones,abnormal anle bones,generated,active
abnormal ankle bones,abnormal ankle bnoes,generated,active
abnormal ankle bones,abnormal anklebones,generated,active
abnormal ankle bones,abnormal ankle bonse,generated,active
abnormal ankle bones,abnormal anlke bones,generated,active
abnormal ankle bones,abnormal  ankle bones,generated,active
abnormal ankle morphology,abnormal annkle morphology,generated,active
abnormal ankle morphology,abnormal ankle morpholgy,generated,active
abnormal ankle morphology,abnormal ankli morphology,generated,active
abnormal ankle morphology,banormal ankle morphology,generated,active
abnormal ankle morphology,abnormal ankle morpohlogy,generated,active
abnormal ankle morphology,abnormal ankkle morphology,generated,active
abnormal ankle physiology,aabnormal ankle physiology,generated,active
abnormal ankle physiology,abnormal nakle physiology,generated,active
abnormal ankle physiology,abnormal anklle physiology,generated,active
abnormal ankle physiology,abnormal ankel physiology,generated,active
abnormal ankle physiology,abnormal ankle physology,generated,active
abnormal ankle physiology,abnoormal ankle physiology,generated,active
abnormal antehelix,abnoormal antehelix,generated,active
abnormal antehelix,abnoraml antehelix,generated,active
abnormal antehelix,abormal antehelix,generated,active
abnormal antehelix,abnormal anttehelix,generated,active
abnormal antehelix,abnomal antehelix,generated,active
abnormal antehelix,abnnormal antehelix,generated,active
abnormal anterior chamber morphology,abnomal anterior chamber morphology,generated,active
abnormal anterior chamber morphology,abnormal anterior chmber morphology,generated,active
abnormal anterior chamber morphology,abnormal anterior hamber morphology,generated,active
abnormal anterior chamber morphology,abnormla anterior chamber morphology,generated,active
abnormal anterior chamber morphology,abnormal anterior chammber morphology,generated,active
abnormal anterior chamber morphology,abnormal anterior chamber morpholog,generated,active
abnormal anterior eye segment morphology,abnormal anteroir eye segment morphology,generated,active
abnormal anterior eye segment morphology,abnormal anterior eyesegment morphology,generated,active
abnormal anterior eye segment morphology,abnormal anterio eye segment morphology,generated,active
abnormal anterior eye segment morphology,abnormal antirior eye segment morphology,generated,active
abnormal anterior eye segment morphology,abnormal anterior eye segmet morphology,generated,active
abnormal anterior eye segment morphology,abnormal anterior eye segmen tmorphology,generated,active
abnormal anterior fontanelle morphology,abnormal atnerior fontanelle morphology,generated,active
abnormal anterior fontanelle morphology,abnormal anetrior fontanelle morphology,generated,active
abnormal anterior fontanelle morphology,abnormal anterio rfontanelle morphology,generated,active
abnormal anterior fontanelle morphology,abnormal  anterior fontanelle morphology,generated,active
abnormal anterior fontanelle morphology,abnormal anterior fontanelle moprhology,generated,active
abnormal anterior fontanelle morphology,abnorma anterior fontanelle morphology,generated,active
abnormal anterior horn cell morphology,abnormal anterior horn cellmorphology,generated,active
abnormal anterior horn cell morphology,abnormal aterior horn cell morphology,generated,active
abnormal anterior horn cell morphology,bnormal anterior horn cell morphology,generated,active
abnormal anterior horn cell morphology,abnoraml anterior horn cell morphology,generated,active
abnormal anterior horn cell morphology,abnormal anterior horn cll morphology,generated,active
abnormal anterior horn cell morphology,abnormal anterio rhorn cell morphology,generated,active
abnormal anterior segment morphology,abnormal anterior segment morphologgy,generated,active
abnormal anterior segment morphology,abnormal annterior segment morphology,generated,active
abnormal anterior segment morphology,abnormal anterior segment morhology,generated,active
abnormal anterior segment morphology,abnormal anterior segment morfology,generated,active
abnormal anterior segment morphology,abnormal anteiror segment morphology,generated,active
abnormal anterior segment morphology,abnorrmal anterior segment morphology,generated,active
abnormal anthelix,abnromal anthelix,generated,active
abnormal anthelix,abnormal  anthelix,generated,active
abnormal anthelix,abnormal antthelix,generated,active
abnormal anthelix,abnormal antelix,generated,active
abnormal anthelix,ebnormal anthelix,generated,active
abnormal anthelix,abnormal athelix,generated,active
abnormal antihelix,abnurmal antihelix,generated,active
abnormal antihelix,abnomral antihelix,generated,active
abnormal antihelix,abnormal antihelx,generated,active
abnormal antihelix,abnormal antihellix,generated,active
abnormal antihelix,abnorma lantihelix,generated,active
abnormal antihelix,abnormal anthielix,generated,active
abnormal antihelix morphology,abnormal antiheli xmorphology,generated,active
abnormal antihelix morphology,abnormmal antihelix morphology,generated,active
abnormal antihelix morphology,abnorml antihelix morphology,generated,active
abnormal antihelix morphology,abnomral antihelix morphology,generated,active
abnormal antihelix morphology,abnormal atihelix morphology,generated,active
abnormal antihelix morphology,abnormalantihelix morphology,generated,active
abnormal antimullerian hormone level,abnormal antimullerian hormoe level,generated,active
abnormal antimullerian hormone level,abnormal antiullerian hormone level,generated,active
abnormal antimullerian hormone level,abnormal antimulleriaan hormone level,generated,active
abnormal antimullerian hormone level,abnormal antimullerian hormoen level,generated,active
abnormal antimullerian hormone level,abnormal antimullerian ormone level,generated,active
abnormal antimullerian hormone level,abnormal anttimullerian hormone level,generated,active
abnormal antitragus morphology,abnormal antitagus morphology,generated,active
abnormal antitragus morphology,bnormal antitragus morphology,generated,active
abnormal antitragus morphology,abnormal antitragus morpholoogy,generated,active
abnormal antitragus morphology,abnormal antirtagus morphology,generated,active
abnormal antitragus morphology,abnormal antitragus moprhology,generated,active
abnormal antitragus morphology,abnormall antitragus morphology,generated,active
abnormal antral follicle count,abnoraml antral follicle count,generated,active
abnormal antral follicle count,abnorrmal antral follicle count,generated,active
abnormal antral follicle count,abnormal antral follicle cuont,generated,active
abnormal antral follicle count,abnormal antral folliccle count,generated,active
abnormal antral follicle count,abnormal anral follicle count,generated,active
abnormal antral follicle count,abnormal antral folliclecount,generated,active
abnormal anus morphology,abnorml anus morphology,generated,active
abnormal anus morphology,bnormal anus morphology,generated,active
abnormal anus morphology,aabnormal anus morphology,generated,active
abnormal anus morphology,abnormal aanus morphology,generated,active
abnormal anus morphology,abnormal anus morpholgy,generated,active
abnormal anus morphology,ebnormal anus morphology,generated,active
abnormal anus physiology,banormal anus physiology,generated,active
abnormal anus physiology,abnormal anus physioloy,generated,active
abnormal anus physiology,abnurmal anus physiology,generated,active
abnormal anus physiology,abnormal anus physioolgy,generated,active
abnormal anus physiology,abnoral anus physiology,generated,active
abnormal anus physiology,abnormal anus physioology,generated,active
abnormal anus position,abnormal anu position,generated,active
abnormal anus position,abormal anus position,generated,active
abnormal anus position,abbnormal anus position,generated,active
abnormal anus position,abnormal anu sposition,generated,active
abnormal anus position,abnormala nus position,generated,active
abnormal anus position,abnormal anuss position,generated,active
abnormal aorta morphology,abnormal aorta morphollogy,generated,active
abnormal aorta morphology,abnormal aorta morphoogy,generated,active
abnormal aorta morphology,abnormal aorta morpology,generated,active
abnormal aorta morphology,abnormal aorta morhpology,generated,active
abnormal aorta morphology,abnormal aortta morphology,generated,active
abnormal aorta morphology,abnormal arta morphology,generated,active
abnormal aortic arch morphology,abnormal aortic arch morpholgy,generated,active
abnormal aortic arch morphology,anbormal aortic arch morphology,generated,active
abnormal aortic arch morphology,abnormal aortic arch morpohlogy,generated,active
abnormal aortic arch morphology,abnoormal aortic arch morphology,generated,active
abnormal aortic arch morphology,abnormal aorticarch morphology,generated,active
abnormal aortic arch morphology,abnormal aorti arch morphology,generated,active
abnormal aortic morphology,abnormmal aortic morphology,generated,active
abnormal aortic morphology,abnrmal aortic morphology,generated,active
abnormal aortic morphology,abnormal aorticc morphology,generated,active
abnormal aortic morphology,abnurmal aortic morphology,generated,active
abnormal aortic morphology,abnnormal aortic morphology,generated,active
abnormal aortic morphology,abnormal aaortic morphology,generated,active
abnormal aortic physiology,abnromal aortic physiology,generated,active
abnormal aortic physiology,bnormal aortic physiology,generated,active
abnormal aortic physiology,abnrmal aortic physiology,generated,active
abnormal aortic physiology,abnormal aorti cphysiology,generated,active
abnormal aortic physiology,anormal aortic physiology,generated,active
abnormal aortic physiology,abnomral aortic physiology,generated,active
abnormal aortic valve cusp morphology,abnormal aortic valve cusp morphologyy,generated,active
abnormal aortic valve cusp morphology,abnormal aortic valve cusp mmorphology,generated,active
abnormal aortic valve cusp morphology,abnormal aortic vale cusp morphology,generated,active
abnormal aortic valve cusp morphology,abnormal aortic valvee cusp morphology,generated,active
abnormal aortic valve cusp morphology,abnormal aortic valve cusp orphology,generated,active
abnormal aortic valve cusp morphology,abnormal aortic valev cusp morphology,generated,active
abnormal aortic valve morphology,abnormal aortic valve morphloogy,generated,active
abnormal aortic valve morphology,abnormal aaortic valve morphology,generated,active
abnormal aortic valve morphology,abnormal aortic valvemorphology,generated,active
abnormal aortic valve morphology,abnormal aortic valve morphollogy,generated,active
abnormal aortic valve morphology,ebnormal aortic valve morphology,generated,active
abnormal aortic valve morphology,abnormal aortic vlave morphology,generated,active
abnormal aortic valve physiology,abnormal aortic vallve physiology,generated,active
abnormal aortic valve physiology,abnormal aortic valve physilogy,generated,active
abnormal aortic valve physiology,abnormal aoritc valve physiology,generated,active
abnormal aortic valve physiology,abnormal aortic valve physioogy,generated,active
abnormal aortic valve physiology,abnormal aortic valve pphysiology,generated,active
abnormal aortic valve physiology,abnormmal aortic valve physiology,generated,active
abnormal apolipoprotein level,abnormal appolipoprotein level,generated,active
abnormal apolipoprotein level,abnormal apolipoprotin level,generated,active
abnormal apolipoprotein level,abormal apolipoprotein level,generated,active
abnormal apolipoprotein level,abnormal apolipoproteinl evel,generated,active
abnormal apolipoprotein level,abnormal apolipoprotein llevel,generated,active
abnormal apolipoprotein level,abnomral apolipoprotein level,generated,active
abnormal apoptosis,abbnormal apoptosis,generated,active
abnormal apoptosis,abnorml apoptosis,generated,active
abnormal apoptosis,abnormal apoptoses,generated,active
abnormal apoptosis,abnormal apoptsois,generated,active
abnormal apoptosis,abnormal appoptosis,generated,active
abnormal apoptosis,abnorma lapoptosis,generated,active
abnormal appendicular skeleton morphology,abnormal appendiular skeleton morphology,generated,active
abnormal appendicular skeleton morphology,abnormal appenicular skeleton morphology,generated,active
abnormal appendicular skeleton morphology,abnormal appedicular skeleton morphology,generated,active
abnormal appendicular skeleton morphology,abnrmal appendicular skeleton morphology,generated,active
abnormal appendicular skeleton morphology,abnormal appendicular skeleton morpholgy,generated,active
abnormal appendicular skeleton morphology,abnormal appendicular seleton morphology,generated,active
abnormal arachnoid mater morphology,abnormal arachnoid maetr morphology,generated,active
abnormal arachnoid mater morphology,abnormal arachnoid maer morphology,generated,active
abnormal arachnoid mater morphology,abnormal aarachnoid mater morphology,generated,active
abnormal arachnoid mater morphology,abnormal arachnoid mater morpholgoy,generated,active
abnormal arachnoid mater morphology,abnromal arachnoid mater morphology,generated,active
abnormal arachnoid mater morphology,abnormal arachnoid mater mrphology,generated,active
abnormal arcuate artery lumen morphology,abnormal arcuate artery lumenmorphology,generated,active
abnormal arcuate artery lumen morphology,abnormal arcuate arteyr lumen morphology,generated,active
abnormal arcuate artery lumen morphology,abnorma larcuate artery lumen morphology,generated,active
abnormal arcuate artery lumen morphology,abnormal arcuate artey lumen morphology,generated,active
abnormal arcuate artery lumen morphology,abnomal arcuate artery lumen morphology,generated,active
abnormal arcuate artery lumen morphology,abnormal arcuatea rtery lumen morphology,generated,active
abnormal arcuate artery morphology,abnormal arcuate aretry morphology,generated,active
abnormal arcuate artery morphology,abnormal arcuate artery mrophology,generated,active
abnormal arcuate artery morphology,bnormal arcuate artery morphology,generated,active
abnormal arcuate artery morphology,aabnormal arcuate artery morphology,generated,active
abnormal arcuate artery morphology,abnormal arcuate artery morrphology,generated,active
abnormal arcuate artery morphology,abnormal arcuate artey morphology,generated,active
abnormal arcuate vein lumen morphology,abnormal arcuate vein lumen morpholog,generated,active
abnormal arcuate vein lumen morphology,abnormal arcate vein lumen morphology,generated,active
abnormal arcuate vein lumen morphology,abnormaal arcuate vein lumen morphology,generated,active
abnormal arcuate vein lumen morphology,abnormal arcuate vein lumn morphology,generated,active
abnormal arcuate vein lumen morphology,abnormal arcuate vein lumen morphologgy,generated,active
abnormal arcuate vein lumen morphology,abnormal arcuate veein lumen morphology,generated,active
abnormal arcuate vein morphology,abnormal arcuate veein morphology,generated,active
abnormal arcuate vein morphology,bnormal arcuate vein morphology,generated,active
abnormal arcuate vein morphology,abnormal arcute vein morphology,generated,active
abnormal arcuate vein morphology,abnormal arcuate vein morpphology,generated,active
abnormal arcuate vein morphology,abnormal arucate vein morphology,generated,active
abnormal arcuate vein morphology,abnomal arcuate vein morphology,generated,active
abnormal areolar morphology,abnormal areolar moprhology,generated,active
abnormal areolar morphology,abnormal areolar morpholgy,generated,active
abnormal areolar morphology,abnnormal areolar morphology,generated,active
abnormal areolar morphology,abnormal areolar morhology,generated,active
abnormal areolar morphology,abnormal areoalr morphology,generated,active
abnormal areolar morphology,abnormal reolar morphology,generated,active
abnormal arm span,abnoraml arm span,generated,active
abnormal arm span,ebnormal arm span,generated,active
abnormal arm span,abnormal armm span,generated,active
abnormal arm span,abnormal arm sapn,generated,active
abnormal arm span,abnormal amr span,generated,active
abnormal arm span,abnormal arm san,generated,active
abnormal aromatase activity,abnormal aroomatase activity,generated,active
abnormal aromatase activity,abnorma aromatase activity,generated,active
abnormal aromatase activity,abnormal aromatase ativity,generated,active
abnormal aromatase activity,abnormal aromatase actiity,generated,active
abnormal aromatase activity,abnormal aromatse activity,generated,active
abnormal aromatase activity,abnormal aroatase activity,generated,active
abnormal arterial physiology,abnormaal arterial physiology,generated,active
abnormal arterial physiology,abnnormal arterial physiology,generated,active
abnormal arterial physiology,abnormal arterial physiolog,generated,active
abnormal arterial physiology,abnormla arterial physiology,generated,active
abnormal arterial physiology,abnomral arterial physiology,generated,active
abnormal arterial physiology,abnormal arterial physiloogy,generated,active
abnormal aryepiglottic fold morphology,abnormal aryepgilottic fold morphology,generated,active
abnormal aryepiglottic fold morphology,abnormal aryepiglottic fol dmorphology,generated,active
abnormal aryepiglottic fold morphology,abnormal aryepigltotic fold morphology,generated,active
abnormal aryepiglottic fold morphology,abnormal aryepiglotticc fold morphology,generated,active
abnormal aryepiglottic fold morphology,abnormal aryepiglottic fold omrphology,generated,active
abnormal aryepiglottic fold morphology,abnormal aryepiglotti fold morphology,generated,active
abnormal aryepiglottic folds,abnormal aryepglottic folds,generated,active
abnormal aryepiglottic folds,abnormal areypiglottic folds,generated,active
abnormal aryepiglottic folds,abnormal aryepiglottic fodls,generated,active
abnormal aryepiglottic folds,abnormal aryepiiglottic folds,generated,active
abnormal aryepiglottic folds,abnoraml aryepiglottic folds,generated,active
abnormal aryepiglottic folds,abbnormal aryepiglottic folds,generated,active
abnormal ascending aorta morphology,abnormla ascending aorta morphology,generated,active
abnormal ascending aorta morphology,abnormmal ascending aorta morphology,generated,active
abnormal ascending aorta morphology,abnormal ascneding aorta morphology,generated,active
abnormal ascending aorta morphology,abormal ascending aorta morphology,generated,active
abnormal ascending aorta morphology,abnormal sacending aorta morphology,generated,active
abnormal ascending aorta morphology,abnormal ascending aortam orphology,generated,active
abnormal astrocyte morphology,abnormal asttrocyte morphology,generated,active
abnormal astrocyte morphology,abnormal  astrocyte morphology,generated,active
abnormal astrocyte morphology,abnormal astrocyte morfology,generated,active
abnormal astrocyte morphology,abnorrmal astrocyte morphology,generated,active
abnormal astrocyte morphology,abnormal astrocyyte morphology,generated,active
abnormal astrocyte morphology,abnormal astrocyte morphologyy,generated,active
abnormal atrial arrangement,anormal atrial arrangement,generated,active
abnormal atrial arrangement,abnormal atriala rrangement,generated,active
abnormal atrial arrangement,abnormal trial arrangement,generated,active
abnormal atrial arrangement,abnorma atrial arrangement,generated,active
abnormal atrial arrangement,abnormal atrial arrangeement,generated,active
abnormal atrial arrangement,abnormal atrial arrangemnt,generated,active
abnormal atrial septum morphology,abnormall atrial septum morphology,generated,active
abnormal atrial septum morphology,abnormal atrial septum morpholog,generated,active
abnormal atrial septum morphology,abnormal atrial septum morhpology,generated,active
abnormal atrial septum morphology,abnormal atrial setpum morphology,generated,active
abnormal atrial septum morphology,abnormal attrial septum morphology,generated,active
abnormal atrial septum morphology,abnormalatrial septum morphology,generated,active
abnormal atrioventricular conduction,abnormal atrioventricular conduuction,generated,active
abnormal atrioventricular conduction,abnormal atrioventricular cconduction,generated,active
abnormal atrioventricular conduction,abnorml atrioventricular conduction,generated,active
abnormal atrioventricular conduction,abnormal attrioventricular conduction,generated,active
abnormal atrioventricular conduction,abnormal atrioventriicular conduction,generated,active
abnormal atrioventricular conduction,abnrmal atrioventricular conduction,generated,active
abnormal atrioventricular connection,abnormal atrioventricular connecion,generated,active
abnormal atrioventricular connection,abnomal atrioventricular connection,generated,active
abnormal atrioventricular connection,abnormal atrioventircular connection,generated,active
abnormal atrioventricular connection,abnormal atrioventricular connction,generated,active
abnormal atrioventricular connection,abnormal atrioventricular connectio,generated,active
abnormal atrioventricular connection,abnormal atrioventricuular connection,generated,active
abnormal atrioventricular connexion,abnormal atrioventricular connexin,generated,active
abnormal atrioventricular connexion,abnormal atriventricular connexion,generated,active
abnormal atrioventricular connexion,abnormal atriovenntricular connexion,generated,active
abnormal atrioventricular connexion,abnormal atrioventricular conexion,generated,active
abnormal atrioventricular connexion,abnorrmal atrioventricular connexion,generated,active
abnormal atrioventricular connexion,abnormal atrioventriclar connexion,generated,active
abnormal auditory canal morphology,abnormal audetory canal morphology,generated,active
abnormal auditory canal morphology,abnormal auditory canal morhpology,generated,active
abnormal auditory canal morphology,abnormal aauditory canal morphology,generated,active
abnormal auditory canal morphology,abnorma lauditory canal morphology,generated,active
abnormal auditory canal morphology,abnormal auditory canal morpholog,generated,active
abnormal auditory canal morphology,abnormal auditoyr canal morphology,generated,active
abnormal auditory evoked potentials,abnormal auditory evoked poentials,generated,active
abnormal auditory evoked potentials,abnormal audiory evoked potentials,generated,active
abnormal auditory evoked potentials,abnormal auditory evoked potentialls,generated,active
abnormal auditory evoked potentials,abnormal audtiory evoked potentials,generated,active
abnormal auditory evoked potentials,abnormal auditor yevoked potentials,generated,active
abnormal auditory evoked potentials,abnormal auditory eovked potentials,generated,active
abnormal auditory function study,anormal auditory function study,generated,active
abnormal auditory function study,abnormal audtory function study,generated,active
abnormal auditory function study,abnormla auditory function study,generated,active
abnormal auditory function study,abnormal auditry function study,generated,active
abnormal auditory function study,abnormal auditory fucntion study,generated,active
abnormal auditory function study,abnormal aditory function study,generated,active
abnormal auditory reflex,abnormal auditoyr reflex,generated,active
abnormal auditory reflex,abnormal auditroy reflex,generated,active
abnormal auditory reflex,abnormal auditorry reflex,generated,active
abnormal auditory reflex,abnormal auditoy reflex,generated,active
abnormal auditory reflex,abnormall auditory reflex,generated,active
abnormal auditory reflex,banormal auditory reflex,generated,active
abnormal automated kinetic perimetry test,abnormal automated kinetic primetry test,generated,active
abnormal automated kinetic perimetry test,abnormal automaed kinetic perimetry test,generated,active
abnormal automated kinetic perimetry test,abnormal automated kinetic perimetr test,generated,active
abnormal automated kinetic perimetry test,abnormal automated kineticperimetry test,generated,active
abnormal automated kinetic perimetry test,abnormal auomated kinetic perimetry test,generated,active
abnormal automated kinetic perimetry test,abnormal automated inetic perimetry test,generated,active
abnormal axial muscle morphology,abnormal axial musclle morphology,generated,active
abnormal axial muscle morphology,abnorml axial muscle morphology,generated,active
abnormal axial muscle morphology,abnormal aixal muscle morphology,generated,active
abnormal axial muscle morphology,abnormal axial muscle mrophology,generated,active
abnormal axial muscle morphology,abnormal axial muscle mophology,generated,active
abnormal axial muscle morphology,abnorma laxial muscle morphology,generated,active
abnormal axial skeleton morphology,abbnormal axial skeleton morphology,generated,active
abnormal axial skeleton morphology,abnorml axial skeleton morphology,generated,active
abnormal axial skeleton morphology,banormal axial skeleton morphology,generated,active
abnormal axial skeleton morphology,abnormal axial skeleton morphoolgy,generated,active
abnormal axial skeleton morphology,abnormal axial skeleton mmorphology,generated,active
abnormal axial skeleton morphology,abnormal axial sceleton morphology,generated,active
abnormal b cell count,abnorma b cell count,generated,active
abnormal b cell count,abnormal b cll count,generated,active
abnormal b cell count,abnormal b cel count,generated,active
abnormal b cell count,banormal b cell count,generated,active
abnormal b cell count,abnorrmal b cell count,generated,active
abnormal b cell count,abnomral b cell count,generated,active
abnormal b cell morphology,abnormal  cell morphology,generated,active
abnormal b cell morphology,abnomral b cell morphology,generated,active
abnormal b cell morphology,anbormal b cell morphology,generated,active
abnormal b cell morphology,abnormal bc ell morphology,generated,active
abnormal b cell morphology,abnormal b kell morphology,generated,active
abnormal b cell morphology,abnormal b cell morpholoyg,generated,active
abnormal b cell physiology,abnormal b cell physology,generated,active
abnormal b cell physiology,abnormaal b cell physiology,generated,active
abnormal b cell physiology,abnormal b cell physioloy,generated,active
abnormal b cell physiology,abnormal  cell physiology,generated,active
abnormal b cell physiology,ebnormal b cell physiology,generated,active
abnormal b cell physiology,abnromal b cell physiology,generated,active
abnormal b cell proliferation,abnormal b cell poliferation,generated,active
abnormal b cell proliferation,abnormal b cell proliferatoin,generated,active
abnormal b cell proliferation,abnormal b clel proliferation,generated,active
abnormal b cell proliferation,abnorma lb cell proliferation,generated,active
abnormal b cell proliferation,abnormal b cell proilferation,generated,active
abnormal b cell proliferation,anormal b cell proliferation,generated,active
abnormal b cell subset distribution,abnormall b cell subset distribution,generated,active
abnormal b cell subset distribution,abnormal b cell subset distirbution,generated,active
abnormal b cell subset distribution,abnormal b kell subset distribution,generated,active
abnormal b cell subset distribution,abnormal  bcell subset distribution,generated,active
abnormal b cell subset distribution,abnormalb cell subset distribution,generated,active
abnormal b cell subset distribution,abnormaal b cell subset distribution,generated,active
abnormal b cells,abnormal b cellss,generated,active
abnormal b cells,abnorma b cells,generated,active
abnormal b cells,abnormal b cellls,generated,active
abnormal b cells,abnomral b cells,generated,active
abnormal b cells,abnormal b cell,generated,active
abnormal b cells,banormal b cells,generated,active
abnormal b-type natriuretic peptide level,abnormal b-type natriurtic peptide level,generated,active
abnormal b-type natriuretic peptide level,abnormal b-type natriuetic peptide level,generated,active
abnormal b-type natriuretic peptide level,abnormal b-type natriuretic peptid level,generated,active
abnormal b-type natriuretic peptide level,abnormal b-typ natriuretic peptide level,generated,active
abnormal b-type natriuretic peptide level,abnormal b-ype natriuretic peptide level,generated,active
abnormal b-type natriuretic peptide level,abnormal b-type natriuretic pepide level,generated,active
abnormal basal ganglia morphology,abnormal basal ganlgia morphology,generated,active
abnormal basal ganglia morphology,abnormal basal anglia morphology,generated,active
abnormal basal ganglia morphology,abnormal  basal ganglia morphology,generated,active
abnormal basal ganglia morphology,abnormal basal ganglia moorphology,generated,active
abnormal basal ganglia morphology,abnormal basal ganglia morpholoogy,generated,active
abnormal basal ganglia morphology,abnormal basal gannglia morphology,generated,active
abnormal base excess,abnoraml base excess,generated,active
abnormal base excess,abnormal bae excess,generated,active
abnormal base excess,abnormal basi excess,generated,active
abnormal base excess,abnormal base  excess,generated,active
abnormal base excess,abnormal base exkess,generated,active
abnormal base excess,abnormal base eexcess,generated,active
abnormal basophil morphology,abnormal basophli morphology,generated,active
abnormal basophil morphology,abnormal bbasophil morphology,generated,active
abnormal basophil morphology,abnormal basophil omrphology,generated,active
abnormal basophil morphology,abnormal baosphil morphology,generated,active
abnormal basophil morphology,abnoormal basophil morphology,generated,active
abnormal basophil morphology,abnormalb asophil morphology,generated,active
abnormal beliefs,abnromal beliefs,generated,active
abnormal beliefs,abormal beliefs,generated,active
abnormal beliefs,abnoral beliefs,generated,active
abnormal beliefs,abnormal eliefs,generated,active
abnormal beliefs,abnomal beliefs,generated,active
abnormal beliefs,abnormal beliephs,generated,active
abnormal belly button,abnormal belly buton,generated,active
abnormal belly button,abnorma lbelly button,generated,active
abnormal belly button,abnormal belly btton,generated,active
abnormal belly button,abnormal belly butto,generated,active
abnormal belly button,abnormal bbelly button,generated,active
abnormal belly button,abnormal blly button,generated,active
abnormal beta amyloid 40 level,abnormal beeta amyloid 40 level,generated,active
abnormal beta amyloid 40 level,abnormal beta ayloid 40 level,generated,active
abnormal beta amyloid 40 level,abnormal beta amyloid 40 levle,generated,active
abnormal beta amyloid 40 level,abnormal beta ammyloid 40 level,generated,active
abnormal beta amyloid 40 level,abnormal beta amyloid 440 level,generated,active
abnormal beta amyloid 40 level,abnormal betaa myloid 40 level,generated,active
abnormal big toe bones,abnormal  big toe bones,generated,active
abnormal big toe bones,abnormal bi gtoe bones,generated,active
abnormal big toe bones,abnormal big te bones,generated,active
abnormal big toe bones,abnormal big toe boes,generated,active
abnormal big toe bones,abnormal bbig toe bones,generated,active
abnormal big toe bones,abnormal ibg toe bones,generated,active
abnormal biliary tract morphology,abonrmal biliary tract morphology,generated,active
abnormal biliary tract morphology,abnoral biliary tract morphology,generated,active
abnormal biliary tract morphology,abnorma lbiliary tract morphology,generated,active
abnormal biliary tract morphology,abnnormal biliary tract morphology,generated,active
abnormal biliary tract morphology,abnormal biliary tractm orphology,generated,active
abnormal biliary tract morphology,abnormal biliary trat morphology,generated,active
abnormal biliary tract physiology,abnormal biliary traact physiology,generated,active
abnormal biliary tract physiology,abnormal biliary tract physilogy,generated,active
abnormal biliary tract physiology,abnormal biliary trakt physiology,generated,active
abnormal biliary tract physiology,abnormal biliiary tract physiology,generated,active
abnormal biliary tract physiology,abnormal biliary tract hysiology,generated,active
abnormal biliary tract physiology,abnormal billiary tract physiology,generated,active
abnormal biotinidase level,abnorml biotinidase level,generated,active
abnormal biotinidase level,abnormal biotinidase elvel,generated,active
abnormal biotinidase level,abnormalbiotinidase level,generated,active
abnormal biotinidase level,abnormal biotiidase level,generated,active
abnormal biotinidase level,abnormal biotindase level,generated,active
abnormal biotinidase level,abnormal iotinidase level,generated,active
abnormal biparietal diameter,abnormal biparietal dameter,generated,active
abnormal biparietal diameter,abnormla biparietal diameter,generated,active
abnormal biparietal diameter,abnormal biparietal iameter,generated,active
abnormal biparietal diameter,abnormal biparietald iameter,generated,active
abnormal biparietal diameter,abnormal biaprietal diameter,generated,active
abnormal biparietal diameter,abnormal iparietal diameter,generated,active
abnormal bladder morphology,abnormal blaadder morphology,generated,active
abnormal bladder morphology,aabnormal bladder morphology,generated,active
abnormal bladder morphology,abnormal bladder morpholoyg,generated,active
abnormal bladder morphology,abnormal bladder morhology,generated,active
abnormal bladder morphology,abnormal bladder morpholoogy,generated,active
abnormal bladder morphology,abnormal bladder morphoology,generated,active
abnormal bleeding,abnorml bleeding,generated,active
abnormal bleeding,abnormal blieding,generated,active
abnormal bleeding,abnormla bleeding,generated,active
abnormal bleeding,abnormalbleeding,generated,active
abnormal bleeding,abnormaal bleeding,generated,active
abnormal bleeding,anormal bleeding,generated,active
abnormal blink rate,abnormal blink ratte,generated,active
abnormal blink rate,abnormal blin rate,generated,active
abnormal blink rate,abnoral blink rate,generated,active
abnormal blink rate,abnorrmal blink rate,generated,active
abnormal blink rate,abnorma blink rate,generated,active
abnormal blink rate,anbormal blink rate,generated,active
abnormal blistering of the skin,abnormal blistering of th eskin,generated,active
abnormal blistering of the skin,abnoormal blistering of the skin,generated,active
abnormal blistering of the skin,abnormal blistering of the ksin,generated,active
abnormal blistering of the skin,abnormmal blistering of the skin,generated,active
abnormal blistering of the skin,abnormal blistering of the skiin,generated,active
abnormal blistering of the skin,abnormal blistering of tthe skin,generated,active
abnormal blood calcium concentration,abnormall blood calcium concentration,generated,active
abnormal blood calcium concentration,abnormal blood calcium conccentration,generated,active
abnormal blood calcium concentration,abnormal blood calceum concentration,generated,active
abnormal blood calcium concentration,abnormal bblood calcium concentration,generated,active
abnormal blood calcium concentration,abnormal bolod calcium concentration,generated,active
abnormal blood calcium concentration,abnormal blood calcium cocnentration,generated,active
abnormal blood calcium levels,abnormal blood calcium  levels,generated,active
abnormal blood calcium levels,abnormal blood calciu mlevels,generated,active
abnormal blood calcium levels,abnormal bloo calcium levels,generated,active
abnormal blood calcium levels,aabnormal blood calcium levels,generated,active
abnormal blood calcium levels,abnormal blood calcium leves,generated,active
abnormal blood calcium levels,abnormal blood aclcium levels,generated,active
abnormal blood carbon dioxide level,abormal blood carbon dioxide level,generated,active
abnormal blood carbon dioxide level,abnormal blood carbon dioxide llevel,generated,active
abnormal blood carbon dioxide level,abnorma lblood carbon dioxide level,generated,active
abnormal blood carbon dioxide level,abnormal blood carboon dioxide level,generated,active
abnormal blood carbon dioxide level,abnurmal blood carbon dioxide level,generated,active
abnormal blood carbon dioxide level,bnormal blood carbon dioxide level,generated,active
abnormal blood cation concentration,abnormal blood cation concntration,generated,active
abnormal blood cation concentration,abnormal blood cation concentratioon,generated,active
abnormal blood cation concentration,abnormal blood cationconcentration,generated,active
abnormal blood cation concentration,abnormal blood catino concentration,generated,active
abnormal blood cation concentration,abnormal blood catio concentration,generated,active
abnormal blood cation concentration,abnormal blood cateon concentration,generated,active
abnormal blood chloride concentration,abnormal blood chlordie concentration,generated,active
abnormal blood chloride concentration,abnormal blood chloride concentratin,generated,active
abnormal blood chloride concentration,abnorma blood chloride concentration,generated,active
abnormal blood chloride concentration,abnormal blood chloride conentration,generated,active
abnormal blood chloride concentration,abnormal blood chloride cconcentration,generated,active
abnormal blood chloride concentration,abnorrmal blood chloride concentration,generated,active
abnormal blood cl concentration,abnormall blood cl concentration,generated,active
abnormal blood cl concentration,abnormal blood cl concentratio,generated,active
abnormal blood cl concentration,abnormal blood cll concentration,generated,active
abnormal blood cl concentration,abnomral blood cl concentration,generated,active
abnormal blood cl concentration,banormal blood cl concentration,generated,active
abnormal blood cl concentration,abnormal blood cl conecntration,generated,active
abnormal blood clot,abonrmal blood clot,generated,active
abnormal blood clot,abnormal bllood clot,generated,active
abnormal blood clot,abnorma blood clot,generated,active
abnormal blood clot,anbormal blood clot,generated,active
abnormal blood clot,abnormal blood lot,generated,active
abnormal blood clot,abnomal blood clot,generated,active
abnormal blood clotting,abnormal bllood clotting,generated,active
abnormal blood clotting,anbormal blood clotting,generated,active
abnormal blood clotting,abnormmal blood clotting,generated,active
abnormal blood clotting,abormal blood clotting,generated,active
abnormal blood clotting,ebnormal blood clotting,generated,active
abnormal blood clotting,abnorma lblood clotting,generated,active
abnormal blood coagulation studies,abnormal blood coagulattion studies,generated,active
abnormal blood coagulation studies,banormal blood coagulation studies,generated,active
abnormal blood coagulation studies,abnormal blood coagulation studie,generated,active
abnormal blood coagulation studies,abnormal blood coagulation studiees,generated,active
abnormal blood coagulation studies,abnormal blood coauglation studies,generated,active
abnormal blood coagulation studies,abnormal bood coagulation studies,generated,active
abnormal blood creatinine level,abnomral blood creatinine level,generated,active
abnormal blood creatinine level,abnormal blood creatiinine level,generated,active
abnormal blood creatinine level,abnormal bloo creatinine level,generated,active
abnormal blood creatinine level,abnormal blood creatiine level,generated,active
abnormal blood creatinine level,abnormal blood  creatinine level,generated,active
abnormal blood creatinine level,anbormal blood creatinine level,generated,active
abnormal blood folate concentration,abnormal blood folate cocentration,generated,active
abnormal blood folate concentration,abnormal bloodfolate concentration,generated,active
abnormal blood folate concentration,abnormal blood foltae concentration,generated,active
abnormal blood folate concentration,abnoral blood folate concentration,generated,active
abnormal blood folate concentration,abnorrmal blood folate concentration,generated,active
abnormal blood folate concentration,abnormal blood folae concentration,generated,active
abnormal blood gas level in cord blood,banormal blood gas level in cord blood,generated,active
abnormal blood gas level in cord blood,abnormal blood gas level in kord blood,generated,active
abnormal blood gas level in cord blood,abnormal blood gas evel in cord blood,generated,active
abnormal blood gas level in cord blood,abnomral blood gas level in cord blood,generated,active
abnormal blood gas level in cord blood,abnurmal blood gas level in cord blood,generated,active
abnormal blood gas level in cord blood,abnormal blood gas levvel in cord blood,generated,active
abnormal blood glucose concentration,abnormal blood glucose cconcentration,generated,active
abnormal blood glucose concentration,abnormal blood  glucose concentration,generated,active
abnormal blood glucose concentration,abnormal blood glucose concentratoin,generated,active
abnormal blood glucose concentration,abnorml blood glucose concentration,generated,active
abnormal blood glucose concentration,abnormal blood glucose concentrtion,generated,active
abnormal blood glucose concentration,abnormal blodo glucose concentration,generated,active
abnormal blood ion concentration,abnormal blood ion ocncentration,generated,active
abnormal blood ion concentration,abnorma lblood ion concentration,generated,active
abnormal blood ion concentration,abnormal blood ionn concentration,generated,active
abnormal blood ion concentration,abnormal blood ion concenration,generated,active
abnormal blood ion concentration,abnormal blood ion koncentration,generated,active
abnormal blood ion concentration,abnormal bood ion concentration,generated,active
abnormal blood k concentration,ebnormal blood k concentration,generated,active
abnormal blood k concentration,abnomral blood k concentration,generated,active
abnormal blood k concentration,abnormal blood k  concentration,generated,active
abnormal blood k concentration,abnormal blood k concentrationn,generated,active
abnormal blood k concentration,abnormal blood k cnocentration,generated,active
abnormal blood k concentration,abnoraml blood k concentration,generated,active
abnormal blood na+ levels,abnormal bllood na+ levels,generated,active
abnormal blood na+ levels,abnormal blood na+l evels,generated,active
abnormal blood na+ levels,abnormal blod na+ levels,generated,active
abnormal blood na+ levels,abnomral blood na+ levels,generated,active
abnormal blood na+ levels,ebnormal blood na+ levels,generated,active
abnormal blood na+ levels,bnormal blood na+ levels,generated,active
abnormal blood o2 level,abnormal blood o2  level,generated,active
abnormal blood o2 level,abnormal bloo o2 level,generated,active
abnormal blood o2 level,abnormal blood o2l evel,generated,active
abnormal blood o2 level,anormal blood o2 level,generated,active
abnormal blood o2 level,abnormmal blood o2 level,generated,active
abnormal blood o2 level,abnormal blood o2 leve,generated,active
abnormal blood oxygen level,abnormal blood oxygen lvel,generated,active
abnormal blood oxygen level,abnormal blood  oxygen level,generated,active
abnormal blood oxygen level,abnormal blood oxygne level,generated,active
abnormal blood oxygen level,abnoral blood oxygen level,generated,active
abnormal blood oxygen level,abnromal blood oxygen level,generated,active
abnormal blood oxygen level,abnorma blood oxygen level,generated,active
abnormal blood oxygen levels,abnormal blood oxygn levels,generated,active
abnormal blood oxygen levels,abnormal blood oxygen leveels,generated,active
abnormal blood oxygen levels,abnormal blood oygen levels,generated,active
abnormal blood oxygen levels,abnormal bloo doxygen levels,generated,active
abnormal blood oxygen levels,abnoral blood oxygen levels,generated,active
abnormal blood oxygen levels,abnormal blood oxygen leels,generated,active
abnormal blood phosphate concentration,abnormal blood phosphate concentrattion,generated,active
abnormal blood phosphate concentration,abnormal blood phosphate cocnentration,generated,active
abnormal blood phosphate concentration,abnormal blood fosphate concentration,generated,active
abnormal blood phosphate concentration,abnormal blood phosphate concentrationn,generated,active
abnormal blood phosphate concentration,abnormal bloodp hosphate concentration,generated,active
abnormal blood phosphate concentration,abnormal blood phospahte concentration,generated,active
abnormal blood potassium concentration,abnormal blood potassium conceentration,generated,active
abnormal blood potassium concentration,anbormal blood potassium concentration,generated,active
abnormal blood potassium concentration,abnormal bllood potassium concentration,generated,active
abnormal blood potassium concentration,abnormal blood potassium concetnration,generated,active
abnormal blood potassium concentration,abnormal blood potasium concentration,generated,active
abnormal blood potassium concentration,abnormal blood otassium concentration,generated,active
abnormal blood sodium concentration,abnormal blood sodiumm concentration,generated,active
abnormal blood sodium concentration,abnormal lbood sodium concentration,generated,active
abnormal blood sodium concentration,abnormal bood sodium concentration,generated,active
abnormal blood sodium concentration,abbnormal blood sodium concentration,generated,active
abnormal blood sodium concentration,abnorma blood sodium concentration,generated,active
abnormal blood sodium concentration,abnormal blood sodium oncentration,generated,active
abnormal blood vessel morphology,abnormal lood vessel morphology,generated,active
abnormal blood vessel morphology,abnormal blood vessel morpology,generated,active
abnormal blood vessel morphology,aabnormal blood vessel morphology,generated,active
abnormal blood vessel morphology,abnormal blood  vessel morphology,generated,active
abnormal blood vessel morphology,abnormal bloodd vessel morphology,generated,active
abnormal blood vessel morphology,abnormaal blood vessel morphology,generated,active
abnormal blood zinc concentration,abnormal blood zincc concentration,generated,active
abnormal blood zinc concentration,abnormal bloodd zinc concentration,generated,active
abnormal blood zinc concentration,abnormal bblood zinc concentration,generated,active
abnormal blood zinc concentration,abnormal blood zinc concentrattion,generated,active
abnormal blood zinc concentration,abnormal blood zinc concentation,generated,active
abnormal blood zinc concentration,abnormal bloodzinc concentration,generated,active
abnormal blood-gas level,abnorml blood-gas level,generated,active
abnormal blood-gas level,anbormal blood-gas level,generated,active
abnormal blood-gas level,abnormal blood-gas leevel,generated,active
abnormal blood-gas level,abnormal blood-gas leevl,generated,active
abnormal blood-gas level,abnormal bllood-gas level,generated,active
abnormal blood-gas level,abnormal blood-gas levle,generated,active
abnormal bmi,abnormal bi,generated,active
abnormal bmi,abnormal bbmi,generated,active
abnormal bmi,abnormalb mi,generated,active
abnormal bmi,abnorml bmi,generated,active
abnormal bmi,abnurmal bmi,generated,active
abnormal bmi,abnoral bmi,generated,active
abnormal body mass index,abnormal body mss index,generated,active
abnormal body mass index,abnoraml body mass index,generated,active
abnormal body mass index,abnormal body mass nidex,generated,active
abnormal body mass index,abnormla body mass index,generated,active
abnormal body mass index,banormal body mass index,generated,active
abnormal body mass index,abnormal body masss index,generated,active
abnormal bone collagen fibril morphology,abnormal bone collagenfibril morphology,generated,active
abnormal bone collagen fibril morphology,abnorma bone collagen fibril morphology,generated,active
abnormal bone collagen fibril morphology,abnormal bone collagen fibrli morphology,generated,active
abnormal bone collagen fibril morphology,abnormla bone collagen fibril morphology,generated,active
abnormal bone collagen fibril morphology,abnurmal bone collagen fibril morphology,generated,active
abnormal bone collagen fibril morphology,abnormal bone collagen fibrl morphology,generated,active
abnormal bone marrow cell morphology,abnormall bone marrow cell morphology,generated,active
abnormal bone marrow cell morphology,abnormal bone marroww cell morphology,generated,active
abnormal bone marrow cell morphology,abnormal one marrow cell morphology,generated,active
abnormal bone marrow cell morphology,abnormal bonee marrow cell morphology,generated,active
abnormal bone marrow cell morphology,abnormla bone marrow cell morphology,generated,active
abnormal bone marrow cell morphology,abnormal bone marrow cell orphology,generated,active
abnormal bone maturation of vertebra,abnormal bone maturation of vertebrra,generated,active
abnormal bone maturation of vertebra,banormal bone maturation of vertebra,generated,active
abnormal bone maturation of vertebra,abnormal bone maturation of verteba,generated,active
abnormal bone maturation of vertebra,abnorml bone maturation of vertebra,generated,active
abnormal bone maturation of vertebra,abnormal bone maturation of veertebra,generated,active
abnormal bone maturation of vertebra,abnormal bon ematuration of vertebra,generated,active
abnormal bone ossification,abnormal bone ossifiation,generated,active
abnormal bone ossification,abnormal bone osification,generated,active
abnormal bone ossification,abnormal bonee ossification,generated,active
abnormal bone ossification,abnormal bon eossification,generated,active
abnormal bone ossification,abnormal bone ossificatoin,generated,active
abnormal bone ossification,abnormal boone ossification,generated,active
abnormal bone structure,abnomral bone structure,generated,active
abnormal bone structure,abnormal bone structrue,generated,active
abnormal bone structure,abnorrmal bone structure,generated,active
abnormal bone structure,abnromal bone structure,generated,active
abnormal bone structure,bnormal bone structure,generated,active
abnormal bone structure,abnormal bone strcture,generated,active
abnormal bones of 4th finger,abnormal ones of 4th finger,generated,active
abnormal bones of 4th finger,abnormal boness of 4th finger,generated,active
abnormal bones of 4th finger,abnormal bones of 4th fniger,generated,active
abnormal bones of 4th finger,abnormal bones of 4th fingeer,generated,active
abnormal bones of 4th finger,abnorrmal bones of 4th finger,generated,active
abnormal bones of 4th finger,abnnormal bones of 4th finger,generated,active
abnormal bowel sounds,abnormal bwel sounds,generated,active
abnormal bowel sounds,abnormal bowe lsounds,generated,active
abnormal bowel sounds,abnormal bowels ounds,generated,active
abnormal bowel sounds,aabnormal bowel sounds,generated,active
abnormal bowel sounds,abnoraml bowel sounds,generated,active
abnormal bowel sounds,abnormmal bowel sounds,generated,active
abnormal bowman capsule morphology,abnormal bowman  capsule morphology,generated,active
abnormal bowman capsule morphology,abnormal bowman capsule mophology,generated,active
abnormal bowman capsule morphology,bnormal bowman capsule morphology,generated,active
abnormal bowman capsule morphology,abnormal bowman capsule morpholgy,generated,active
abnormal bowman capsule morphology,abnormal bowman capsule morpholgoy,generated,active
abnormal bowman capsule morphology,abnormal boowman capsule morphology,generated,active
abnormal bowman space morphology,abnormal bowmn space morphology,generated,active
abnormal bowman space morphology,abnormal bowman psace morphology,generated,active
abnormal bowman space morphology,anbormal bowman space morphology,generated,active
abnormal bowman space morphology,abnormla bowman space morphology,generated,active
abnormal bowman space morphology,abnrmal bowman space morphology,generated,active
abnormal bowman space morphology,abnormal owman space morphology,generated,active
abnormal bpd,abnormal bp,generated,active
abnormal bpd,abnormal bd,generated,active
abnormal bpd,aabnormal bpd,generated,active
abnormal bpd,abormal bpd,generated,active
abnormal bpd,abnormla bpd,generated,active
abnormal bpd,banormal bpd,generated,active
abnormal brain choline level by mrs,abnormall brain choline level by mrs,generated,active
abnormal brain choline level by mrs,abnormal brain cholien level by mrs,generated,active
abnormal brain choline level by mrs,abnormal brain cholne level by mrs,generated,active
abnormal brain choline level by mrs,abnoormal brain choline level by mrs,generated,active
abnormal brain choline level by mrs,abnormal brain choline elvel by mrs,generated,active
abnormal brain choline level by mrs,abnormal brain choline levle by mrs,generated,active
abnormal brain creatine level by mrs,abnormalbrain creatine level by mrs,generated,active
abnormal brain creatine level by mrs,abnormal brain creattine level by mrs,generated,active
abnormal brain creatine level by mrs,abnormal brain creatine levelby mrs,generated,active
abnormal brain creatine level by mrs,aabnormal brain creatine level by mrs,generated,active
abnormal brain creatine level by mrs,abnomral brain creatine level by mrs,generated,active
abnormal brain creatine level by mrs,abnormal brrain creatine level by mrs,generated,active
abnormal brain fdg pet scan,abnormal brain fdg  pet scan,generated,active
abnormal brain fdg pet scan,anormal brain fdg pet scan,generated,active
abnormal brain fdg pet scan,abnormla brain fdg pet scan,generated,active
abnormal brain fdg pet scan,abnormal brain fdg pets can,generated,active
abnormal brain fdg pet scan,abnormal brani fdg pet scan,generated,active
abnormal brain fdg pet scan,abnorml brain fdg pet scan,generated,active
abnormal brain glutamine level by mrs,abnormall brain glutamine level by mrs,generated,active
abnormal brain glutamine level by mrs,abnormal brain glutamie level by mrs,generated,active
abnormal brain glutamine level by mrs,abnormal brain  glutamine level by mrs,generated,active
abnormal brain glutamine level by mrs,abnormal brain glutaminel evel by mrs,generated,active
abnormal brain glutamine level by mrs,abnormal brain gluutamine level by mrs,generated,active
abnormal brain glutamine level by mrs,abnormal brain glutamine leel by mrs,generated,active
abnormal brain imaging,abnoraml brain imaging,generated,active
abnormal brain imaging,abnormal brain iamging,generated,active
abnormal brain imaging,abnormal brain imagging,generated,active
abnormal brain imaging,abnnormal brain imaging,generated,active
abnormal brain imaging,abnormal rain imaging,generated,active
abnormal brain imaging,abnormal brian imaging,generated,active
abnormal brain lactate level by mrs,abnormal brain lcatate level by mrs,generated,active
abnormal brain lactate level by mrs,abnormal bbrain lactate level by mrs,generated,active
abnormal brain lactate level by mrs,abnormalbrain lactate level by mrs,generated,active
abnormal brain lactate level by mrs,abnormal bran lactate level by mrs,generated,active
abnormal brain lactate level by mrs,abnormal brian lactate level by mrs,generated,active
abnormal brain lactate level by mrs,abnomral brain lactate level by mrs,generated,active
abnormal brain morphology,abnormal brain morpholoyg,generated,active
abnormal brain morphology,abnormal brainm orphology,generated,active
abnormal brain morphology,abnormal brani morphology,generated,active
abnormal brain morphology,abnormal brain mmorphology,generated,active
abnormal brain morphology,abnormal brain morhpology,generated,active
abnormal brain morphology,ebnormal brain morphology,generated,active
abnormal brain pet scan,abnormal brain pet csan,generated,active
abnormal brain pet scan,abnormal brain pet san,generated,active
abnormal brain pet scan,abnormal brainpet scan,generated,active
abnormal brain pet scan,abnormal brain et scan,generated,active
abnormal brain pet scan,abnormal brain pe scan,generated,active
abnormal brain pet scan,aabnormal brain pet scan,generated,active
abnormal brain scan,abnormmal brain scan,generated,active
abnormal brain scan,abnormal rbain scan,generated,active
abnormal brain scan,abnormal brain scn,generated,active
abnormal brain scan,ebnormal brain scan,generated,active
abnormal brain scan,abnormal brains can,generated,active
abnormal brain scan,abnormal brain san,generated,active
abnormal brain-evoked potentials,abnormal brain-evokked potentials,generated,active
abnormal brain-evoked potentials,bnormal brain-evoked potentials,generated,active
abnormal brain-evoked potentials,abnormal brain-eoked potentials,generated,active
abnormal brain-evoked potentials,abnormal brain-evokd potentials,generated,active
abnormal brain-evoked potentials,abnormal brain-evoke potentials,generated,active
abnormal brain-evoked potentials,abnoormal brain-evoked potentials,generated,active
abnormal brainstem morphology,abnormal brainstem morphoology,generated,active
abnormal brainstem morphology,abnnormal brainstem morphology,generated,active
abnormal brainstem morphology,abnormal brainstem omrphology,generated,active
abnormal brainstem morphology,abnormal brainstem morphollogy,generated,active
abnormal brainstem morphology,abnormal brainste mmorphology,generated,active
abnormal brainstem morphology,abnormal brainstem  morphology,generated,active
abnormal brainstem mri signal intensity,anbormal brainstem mri signal intensity,generated,active
abnormal brainstem mri signal intensity,abnormal  brainstem mri signal intensity,generated,active
abnormal brainstem mri signal intensity,abnormal brainstem mri signal intenisty,generated,active
abnormal brainstem mri signal intensity,abnormal brainstem mri signal inensity,generated,active
abnormal brainstem mri signal intensity,abnormal brainstem mri signal nitensity,generated,active
abnormal brainstem mri signal intensity,abnormal brainstem mri signnal intensity,generated,active
abnormal breast morphology,abnormal breaast morphology,generated,active
abnormal breast morphology,abnormal breast morpholgy,generated,active
abnormal breast morphology,abnormal reast morphology,generated,active
abnormal breast morphology,abnormal breast morphoolgy,generated,active
abnormal breast morphology,abnormal bbreast morphology,generated,active
abnormal breast morphology,abnormal breast morhology,generated,active
abnormal breast physiology,abnoormal breast physiology,generated,active
abnormal breast physiology,abormal breast physiology,generated,active
abnormal breast physiology,abnorml breast physiology,generated,active
abnormal breast physiology,abnormal breast hysiology,generated,active
abnormal breast physiology,abnormal breast physioloy,generated,active
abnormal breast physiology,abnormal brast physiology,generated,active
abnormal breath sound,abnorma lbreath sound,generated,active
abnormal breath sound,abormal breath sound,generated,active
abnormal breath sound,abnormal reath sound,generated,active
abnormal breath sound,abnormal breaths ound,generated,active
abnormal breath sound,abnormmal breath sound,generated,active
abnormal breath sound,abnorma breath sound,generated,active
abnormal breathing,abnormal  breathing,generated,active
abnormal breathing,abnrmal breathing,generated,active
abnormal breathing,bnormal breathing,generated,active
abnormal breathing,abnormal breaathing,generated,active
abnormal breathing,abnormal breathng,generated,active
abnormal breathing,abnormall breathing,generated,active
abnormal bronchial artery morphology,abnormal rbonchial artery morphology,generated,active
abnormal bronchial artery morphology,abnorma lbronchial artery morphology,generated,active
abnormal bronchial artery morphology,abnormal bronchial arterry morphology,generated,active
abnormal bronchial artery morphology,abnormal bronchial artery moprhology,generated,active
abnormal bronchial artery morphology,abnormal bronchial artery morpholog,generated,active
abnormal bronchial artery morphology,abnormal bronchial arteyr morphology,generated,active
abnormal bronchus morphology,abnormal bronchus morhpology,generated,active
abnormal bronchus morphology,abnormal brocnhus morphology,generated,active
abnormal bronchus morphology,abnormal brochus morphology,generated,active
abnormal bronchus morphology,abnormal bronchus morphologgy,generated,active
abnormal bronchus morphology,abnormal bronchus morpholgy,generated,active
abnormal bronchus morphology,abnormal bronchu morphology,generated,active
abnormal bronchus physiology,abnormal bronchus physiollogy,generated,active
abnormal bronchus physiology,abnormal bronchus physiologyy,generated,active
abnormal bronchus physiology,abnrmal bronchus physiology,generated,active
abnormal bronchus physiology,abnormal bronchus physoilogy,generated,active
abnormal bronchus physiology,anbormal bronchus physiology,generated,active
abnormal bronchus physiology,abnormal bronchus physeology,generated,active
abnormal buccal fat pad morphology,abnormal buccall fat pad morphology,generated,active
abnormal buccal fat pad morphology,abnorrmal buccal fat pad morphology,generated,active
abnormal buccal fat pad morphology,abnormal buccal fat pad mophology,generated,active
abnormal buccal fat pad morphology,abnormal buccal  fat pad morphology,generated,active
abnormal buccal fat pad morphology,abnoraml buccal fat pad morphology,generated,active
abnormal buccal fat pad morphology,abnormmal buccal fat pad morphology,generated,active
abnormal buccal mucosa cell morphology,abnorrmal buccal mucosa cell morphology,generated,active
abnormal buccal mucosa cell morphology,abnormal buccal mmucosa cell morphology,generated,active
abnormal buccal mucosa cell morphology,abnormal buccal mucosa ceell morphology,generated,active
abnormal buccal mucosa cell morphology,abnormal buccal mucsa cell morphology,generated,active
abnormal buccal mucosa cell morphology,abnormal buccal mucosaa cell morphology,generated,active
abnormal buccal mucosa cell morphology,abnormal buccal umcosa cell morphology,generated,active
abnormal buccal mucosa morphology,abnormal buccal mucosa morphoogy,generated,active
abnormal buccal mucosa morphology,abnormal buccal ucosa morphology,generated,active
abnormal buccal mucosa morphology,abnormal buccal mcosa morphology,generated,active
abnormal buccal mucosa morphology,abnrmal buccal mucosa morphology,generated,active
abnormal buccal mucosa morphology,banormal buccal mucosa morphology,generated,active
abnormal buccal mucosa morphology,abnormal buccal mcuosa morphology,generated,active
abnormal bulbus cordis morphology,abnormal ublbus cordis morphology,generated,active
abnormal bulbus cordis morphology,abnormal bulbus cords morphology,generated,active
abnormal bulbus cordis morphology,abnormmal bulbus cordis morphology,generated,active
abnormal bulbus cordis morphology,abnormal bulbus cordis morpholgy,generated,active
abnormal bulbus cordis morphology,abonrmal bulbus cordis morphology,generated,active
abnormal bulbus cordis morphology,abnormal bulbus cordis orphology,generated,active
abnormal bun concentration,abnormal bun cocnentration,generated,active
abnormal bun concentration,abnormla bun concentration,generated,active
abnormal bun concentration,abnorma lbun concentration,generated,active
abnormal bun concentration,abormal bun concentration,generated,active
abnormal bun concentration,abnormal bun cconcentration,generated,active
abnormal bun concentration,abnormal bun concentratino,generated,active
abnormal bursal fluid morphology,bnormal bursal fluid morphology,generated,active
abnormal bursal fluid morphology,abnormal bursal fluidmorphology,generated,active
abnormal bursal fluid morphology,abnormal bursal fluid morphoolgy,generated,active
abnormal bursal fluid morphology,abnormal bursa lfluid morphology,generated,active
abnormal bursal fluid morphology,abnormal bursal fluid morpholgoy,generated,active
abnormal bursal fluid morphology,abnoral bursal fluid morphology,generated,active
abnormal c peptide level,abnormal c peptide leevel,generated,active
abnormal c peptide level,abnrmal c peptide level,generated,active
abnormal c peptide level,abnorma c peptide level,generated,active
abnormal c peptide level,abnoral c peptide level,generated,active
abnormal c peptide level,abnormal c peptid elevel,generated,active
abnormal c peptide level,abnormal c  peptide level,generated,active
abnormal c-reactive protein level,abnormal c-reactive protein  level,generated,active
abnormal c-reactive protein level,abnnormal c-reactive protein level,generated,active
abnormal c-reactive protein level,abnormalc-reactive protein level,generated,active
abnormal c-reactive protein level,abnormal c-reactive  protein level,generated,active
abnormal c-reactive protein level,aabnormal c-reactive protein level,generated,active
abnormal c-reactive protein level,abnormal -reactive protein level,generated,active
abnormal ca-phos regulating hormone level,abnomal ca-phos regulating hormone level,generated,active
abnormal ca-phos regulating hormone level,abnormal ca-phos reguating hormone level,generated,active
abnormal ca-phos regulating hormone level,abnormal ca-phos reulating hormone level,generated,active
abnormal ca-phos regulating hormone level,abnormal ca-phos regulating horone level,generated,active
abnormal ca-phos regulating hormone level,abnormal ca-pho regulating hormone level,generated,active
abnormal ca-phos regulating hormone level,abnormal ca-fos regulating hormone level,generated,active
abnormal caecum morphology,abnormal caecum morphologyy,generated,active
abnormal caecum morphology,abnorml caecum morphology,generated,active
abnormal caecum morphology,abnormal caecum morpholog,generated,active
abnormal caecum morphology,abnormal caecum morphollogy,generated,active
abnormal caecum morphology,abnormal acecum morphology,generated,active
abnormal caecum morphology,abnormal caecum morphhology,generated,active
abnormal calcification of the wrist bones,abnormal calcification of the wristbones,generated,active
abnormal calcification of the wrist bones,abnormal calcification of he wrist bones,generated,active
abnormal calcification of the wrist bones,abnormal calcification of thewrist bones,generated,active
abnormal calcification of the wrist bones,abnormal calciication of the wrist bones,generated,active
abnormal calcification of the wrist bones,abnormal calcification of the rist bones,generated,active
abnormal calcification of the wrist bones,abnormal calcification of the wrist bnes,generated,active
abnormal calf muscles,abnormal caalf muscles,generated,active
abnormal calf muscles,abnormal calf musccles,generated,active
abnormal calf muscles,abnormal calf muscls,generated,active
abnormal calf muscles,abnormal calf musclees,generated,active
abnormal calf muscles,anormal calf muscles,generated,active
abnormal calf muscles,abnormal aclf muscles,generated,active
abnormal calf musculature morphology,abnormal calf musculature morphollogy,generated,active
abnormal calf musculature morphology,abnormal calf musculature morphoology,generated,active
abnormal calf musculature morphology,abonrmal calf musculature morphology,generated,active
abnormal calf musculature morphology,abnormal calfm usculature morphology,generated,active
abnormal calf musculature morphology,abnormal calf muscultaure morphology,generated,active
abnormal calf musculature morphology,abnormal calf musculture morphology,generated,active
abnormal calvaria morphology,abnormal calvaria morpphology,generated,active
abnormal calvaria morphology,abnormal calvaria morphloogy,generated,active
abnormal calvaria morphology,abnormal calvaria moprhology,generated,active
abnormal calvaria morphology,abbnormal calvaria morphology,generated,active
abnormal calvaria morphology,abnormal calvaria moorphology,generated,active
abnormal calvaria morphology,abnormal callvaria morphology,generated,active
abnormal capillary morphology,abnormal capillary  morphology,generated,active
abnormal capillary morphology,abnormal capillary morphologyy,generated,active
abnormal capillary morphology,abnormal capillary mrophology,generated,active
abnormal capillary morphology,abnormal capillayr morphology,generated,active
abnormal capillary morphology,abormal capillary morphology,generated,active
abnormal capillary morphology,abnnormal capillary morphology,generated,active
abnormal capillary physiology,abnormal capillary phyisology,generated,active
abnormal capillary physiology,abnormal capillary phyiology,generated,active
abnormal capillary physiology,abnormal capillray physiology,generated,active
abnormal capillary physiology,abnormal caplilary physiology,generated,active
abnormal capillary physiology,abnormal capillry physiology,generated,active
abnormal capillary physiology,abonrmal capillary physiology,generated,active
abnormal capitate bone morphology,abnormal capitate bone morpholgoy,generated,active
abnormal capitate bone morphology,abnormal capitate bone morphlogy,generated,active
abnormal capitate bone morphology,abnormal capitate bone morphologyy,generated,active
abnormal capitate bone morphology,abnormal capittae bone morphology,generated,active
abnormal capitate bone morphology,abnormal capitate bonemorphology,generated,active
abnormal capitate bone morphology,abormal capitate bone morphology,generated,active
abnormal cardiac atrial physiology,abnormal  cardiac atrial physiology,generated,active
abnormal cardiac atrial physiology,abnormal cardiac artial physiology,generated,active
abnormal cardiac atrial physiology,abnromal cardiac atrial physiology,generated,active
abnormal cardiac atrial physiology,abnormal ardiac atrial physiology,generated,active
abnormal cardiac atrial physiology,abnormal caardiac atrial physiology,generated,active
abnormal cardiac atrial physiology,abnormal cardiac tarial physiology,generated,active
abnormal cardiac atrium morphology,abnormal cadriac atrium morphology,generated,active
abnormal cardiac atrium morphology,abnormal cardiac atirum morphology,generated,active
abnormal cardiac atrium morphology,abnormal cardica atrium morphology,generated,active
abnormal cardiac atrium morphology,abnormal crdiac atrium morphology,generated,active
abnormal cardiac atrium morphology,abnormal cardia atrium morphology,generated,active
abnormal cardiac atrium morphology,abnormalc ardiac atrium morphology,generated,active
abnormal cardiac biomarker test,abnorrmal cardiac biomarker test,generated,active
abnormal cardiac biomarker test,abnormal cardiac biomarkertest,generated,active
abnormal cardiac biomarker test,abnormal cardac biomarker test,generated,active
abnormal cardiac biomarker test,abnormal cardica biomarker test,generated,active
abnormal cardiac biomarker test,abnormal cardiac bbiomarker test,generated,active
abnormal cardiac biomarker test,abnoraml cardiac biomarker test,generated,active
abnormal cardiac cath,abnormal ccardiac cath,generated,active
abnormal cardiac cath,abnormal cadiac cath,generated,active
abnormal cardiac cath,abnormal cardiac ath,generated,active
abnormal cardiac cath,abnormal cardiac ctah,generated,active
abnormal cardiac cath,abbnormal cardiac cath,generated,active
abnormal cardiac cath,ebnormal cardiac cath,generated,active
abnormal cardiac catheterization,anormal cardiac catheterization,generated,active
abnormal cardiac catheterization,abnorml cardiac catheterization,generated,active
abnormal cardiac catheterization,abnomral cardiac catheterization,generated,active
abnormal cardiac catheterization,abnormal cardeac catheterization,generated,active
abnormal cardiac catheterization,abnrmal cardiac catheterization,generated,active
abnormal cardiac catheterization,abnormal cardiac catheteerization,generated,active
abnormal cardiac exercise stress test,abnromal cardiac exercise stress test,generated,active
abnormal cardiac exercise stress test,abnormal cardiac exercise stress teest,generated,active
abnormal cardiac exercise stress test,abnormal cardiac exercise tress test,generated,active
abnormal cardiac exercise stress test,abnormal cardiac eercise stress test,generated,active
abnormal cardiac exercise stress test,abnorml cardiac exercise stress test,generated,active
abnormal cardiac exercise stress test,abnormal cardiac exerciise stress test,generated,active
abnormal cardiac exercise test,abnormal carrdiac exercise test,generated,active
abnormal cardiac exercise test,abnormal cardiac exercis etest,generated,active
abnormal cardiac exercise test,anormal cardiac exercise test,generated,active
abnormal cardiac exercise test,abnormal ccardiac exercise test,generated,active
abnormal cardiac exercise test,abnormal cardiace xercise test,generated,active
abnormal cardiac exercise test,abnormal cardiac ixercise test,generated,active
abnormal cardiac index,abnormal cadriac index,generated,active
abnormal cardiac index,abnormalcardiac index,generated,active
abnormal cardiac index,abnromal cardiac index,generated,active
abnormal cardiac index,abnurmal cardiac index,generated,active
abnormal cardiac index,abnormal cardiac indx,generated,active
abnormal cardiac index,abnoraml cardiac index,generated,active
abnormal cardiac mri,abbnormal cardiac mri,generated,active
abnormal cardiac mri,abonrmal cardiac mri,generated,active
abnormal cardiac mri,abnormal cardiac mi,generated,active
abnormal cardiac mri,abnormal cardiaac mri,generated,active
abnormal cardiac mri,abnormal cardia mri,generated,active
abnormal cardiac mri,aabnormal cardiac mri,generated,active
abnormal cardiac muscle cell morphology,abnormal cardiac mmuscle cell morphology,generated,active
abnormal cardiac muscle cell morphology,abnormal cardiac muscl ecell morphology,generated,active
abnormal cardiac muscle cell morphology,abnormal cardiac muscle cell mrphology,generated,active
abnormal cardiac muscle cell morphology,abnormal cardiac mucle cell morphology,generated,active
abnormal cardiac muscle cell morphology,abnoral cardiac muscle cell morphology,generated,active
abnormal cardiac muscle cell morphology,abnormal cardiac muscle cell morphologgy,generated,active
abnormal cardiac output,abnorma cardiac output,generated,active
abnormal cardiac output,abnormal cardiac otput,generated,active
abnormal cardiac output,abonrmal cardiac output,generated,active
abnormal cardiac output,abnormal cardiaac output,generated,active
abnormal cardiac output,abnormal cardiac outpu,generated,active
abnormal cardiac output,abnomal cardiac output,generated,active
abnormal cardiac septum morphology,abnormal cardiac seputm morphology,generated,active
abnormal cardiac septum morphology,abnormal cardiac septum orphology,generated,active
abnormal cardiac septum morphology,abnormal cardiac septum morpohlogy,generated,active
abnormal cardiac septum morphology,abnoraml cardiac septum morphology,generated,active
abnormal cardiac septum morphology,abnormal cardiac septum morhology,generated,active
abnormal cardiac septum morphology,abnormal cardiac septum morphoogy,generated,active
abnormal cardiac test,abnormal cardaic test,generated,active
abnormal cardiac test,ebnormal cardiac test,generated,active
abnormal cardiac test,abnormaal cardiac test,generated,active
abnormal cardiac test,aabnormal cardiac test,generated,active
abnormal cardiac test,abnormalc ardiac test,generated,active
abnormal cardiac test,abnormal cardiac ttest,generated,active
abnormal cardiac ventricle morphology,abormal cardiac ventricle morphology,generated,active
abnormal cardiac ventricle morphology,abnormal cardiac ventricle morhology,generated,active
abnormal cardiac ventricle morphology,abnormal cardiac ventricle morphoolgy,generated,active
abnormal cardiac ventricle morphology,abnormal cardia cventricle morphology,generated,active
abnormal cardiac ventricle morphology,abnomal cardiac ventricle morphology,generated,active
abnormal cardiac ventricle morphology,anormal cardiac ventricle morphology,generated,active
abnormal cardiac ventricular function,abnnormal cardiac ventricular function,generated,active
abnormal cardiac ventricular function,abnormal cardiac ventricular funnction,generated,active
abnormal cardiac ventricular function,abnormal cardiacc ventricular function,generated,active
abnormal cardiac ventricular function,bnormal cardiac ventricular function,generated,active
abnormal cardiac ventricular function,abnromal cardiac ventricular function,generated,active
abnormal cardiac ventricular function,banormal cardiac ventricular function,generated,active
abnormal cardiomyocyte morphology,abnormal caardiomyocyte morphology,generated,active
abnormal cardiomyocyte morphology,abnormal cardiomyocyte morphoology,generated,active
abnormal cardiomyocyte morphology,abnormal cardiomyocyti morphology,generated,active
abnormal cardiomyocyte morphology,abnormal cardiomyoocyte morphology,generated,active
abnormal cardiomyocyte morphology,abnromal cardiomyocyte morphology,generated,active
abnormal cardiomyocyte morphology,abnormal cardiomyocyte morpology,generated,active
abnormal cardiovascular system morphology,abnormal cardiovascular system morphlogy,generated,active
abnormal cardiovascular system morphology,abnormal cardiovascular system orphology,generated,active
abnormal cardiovascular system morphology,abnormal cardiovascular system morhology,generated,active
abnormal cardiovascular system morphology,abnomal cardiovascular system morphology,generated,active
abnormal cardiovascular system morphology,abnormal cardiovascular system morphoogy,generated,active
abnormal cardiovascular system morphology,abnorml cardiovascular system morphology,generated,active
abnormal cardiovascular system physiology,abnorml cardiovascular system physiology,generated,active
abnormal cardiovascular system physiology,abnoral cardiovascular system physiology,generated,active
abnormal cardiovascular system physiology,anormal cardiovascular system physiology,generated,active
abnormal cardiovascular system physiology,abnormal cardiovascular system physioloy,generated,active
abnormal cardiovascular system physiology,abnormal cardiovascularsystem physiology,generated,active
abnormal cardiovascular system physiology,abnormal cardiovascular system fysiology,generated,active
abnormal carotid artery morphology,ebnormal carotid artery morphology,generated,active
abnormal carotid artery morphology,abnormal carotid artery morphologgy,generated,active
abnormal carotid artery morphology,abnorma lcarotid artery morphology,generated,active
abnormal carotid artery morphology,abnormal carotid ratery morphology,generated,active
abnormal carotid artery morphology,abnormal carotid artery morpholgoy,generated,active
abnormal carotid artery morphology,aabnormal carotid artery morphology,generated,active
abnormal carpal bones,abnormal carpalbones,generated,active
abnormal carpal bones,anbormal carpal bones,generated,active
abnormal carpal bones,abnnormal carpal bones,generated,active
abnormal carpal bones,abnormal capal bones,generated,active
abnormal carpal bones,abormal carpal bones,generated,active
abnormal carpal bones,abonrmal carpal bones,generated,active
abnormal carpal morphology,abnormal carpa lmorphology,generated,active
abnormal carpal morphology,abnormal carpal morpology,generated,active
abnormal carpal morphology,abnormal crapal morphology,generated,active
abnormal carpal morphology,abnormal carpal morphloogy,generated,active
abnormal carpal morphology,abnorml carpal morphology,generated,active
abnormal carpal morphology,abnormaal carpal morphology,generated,active
abnormal cartilage collagen,abnormal cartilage cllagen,generated,active
abnormal cartilage collagen,abnormal cartilage collageen,generated,active
abnormal cartilage collagen,banormal cartilage collagen,generated,active
abnormal cartilage collagen,abnormal caartilage collagen,generated,active
abnormal cartilage collagen,abnormal  cartilage collagen,generated,active
abnormal cartilage collagen,abnorrmal cartilage collagen,generated,active
abnormal cartilage matrix,abnrmal cartilage matrix,generated,active
abnormal cartilage matrix,abnormal cartilage mattrix,generated,active
abnormal cartilage matrix,abnormal cartilagematrix,generated,active
abnormal cartilage matrix,abnnormal cartilage matrix,generated,active
abnormal cartilage matrix,bnormal cartilage matrix,generated,active
abnormal cartilage matrix,abnormal cartilage atrix,generated,active
abnormal cartilage morphology,abnormaal cartilage morphology,generated,active
abnormal cartilage morphology,abnormal cartilage morphollogy,generated,active
abnormal cartilage morphology,abnormal cartilage morpholoy,generated,active
abnormal cartilage morphology,abnorml cartilage morphology,generated,active
abnormal cartilage morphology,abnormal cartialge morphology,generated,active
abnormal cartilage morphology,anbormal cartilage morphology,generated,active
abnormal caudate nucleus morphology,abormal caudate nucleus morphology,generated,active
abnormal caudate nucleus morphology,abnormal caudate nucleus mrophology,generated,active
abnormal caudate nucleus morphology,abnoral caudate nucleus morphology,generated,active
abnormal caudate nucleus morphology,abnormal caudate nucleus orphology,generated,active
abnormal caudate nucleus morphology,abnormal caudate nucleus mmorphology,generated,active
abnormal caudate nucleus morphology,abnormal caudate nucleusmorphology,generated,active
abnormal cd4+ memory t cell proportion,abnurmal cd4+ memory t cell proportion,generated,active
abnormal cd4+ memory t cell proportion,abnormalc d4+ memory t cell proportion,generated,active
abnormal cd4+ memory t cell proportion,abnormal cd4+ memory t cell proprotion,generated,active
abnormal cd4+ memory t cell proportion,banormal cd4+ memory t cell proportion,generated,active
abnormal cd4+ memory t cell proportion,abnormal cd4+ memry t cell proportion,generated,active
abnormal cd4+ memory t cell proportion,ebnormal cd4+ memory t cell proportion,generated,active
abnormal cd4+ t cell proportion,abnormal cd4+ t cell propotion,generated,active
abnormal cd4+ t cell proportion,abnormal cd4+ t cell propotrion,generated,active
abnormal cd4+ t cell proportion,abnormal c4+ t cell proportion,generated,active
abnormal cd4+ t cell proportion,abonrmal cd4+ t cell proportion,generated,active
abnormal cd4+ t cell proportion,abnomral cd4+ t cell proportion,generated,active
abnormal cd4+ t cell proportion,abnormal cd4+t  cell proportion,generated,active
abnormal cd4+ t cell subset,abnormal cd4+ t cel subset,generated,active
abnormal cd4+ t cell subset,abnormal cd4+ t ccell subset,generated,active
abnormal cd4+ t cell subset,abnormal cd4+ t celll subset,generated,active
abnormal cd4+ t cell subset,abnormal cd4+ t ell subset,generated,active
abnormal cd4+ t cell subset,abnormal cd4+ t clel subset,generated,active
abnormal cd4+ t cell subset,abnormla cd4+ t cell subset,generated,active
abnormal cd4+ t cell subset proportion,abnomral cd4+ t cell subset proportion,generated,active
abnormal cd4+ t cell subset proportion,abnormal cd4+ t cell subset proporton,generated,active
abnormal cd4+ t cell subset proportion,abnormal cd4+t  cell subset proportion,generated,active
abnormal cd4+ t cell subset proportion,abnormal cd4+ t cell subset proprotion,generated,active
abnormal cd4+ t cell subset proportion,abnormal cd4+ t cell subset propotion,generated,active
abnormal cd4+ t cell subset proportion,abnormal cd4+ t cell subset proprtion,generated,active
abnormal cd4+ t cell subsets,abnormal cd4+ t cell subssets,generated,active
abnormal cd4+ t cell subsets,abnormal cd4+ t cell subsest,generated,active
abnormal cd4+ t cell subsets,abnurmal cd4+ t cell subsets,generated,active
abnormal cd4+ t cell subsets,abnormal cd44+ t cell subsets,generated,active
abnormal cd4+ t cell subsets,abnormal cd4+ t cells ubsets,generated,active
abnormal cd4+ t cell subsets,abnormal cd4+ tcell subsets,generated,active
abnormal cd4+cd25+ treg cell proportion,abbnormal cd4+cd25+ treg cell proportion,generated,active
abnormal cd4+cd25+ treg cell proportion,abnormal cd4+cd25+ treg cell proortion,generated,active
abnormal cd4+cd25+ treg cell proportion,abnormal cd4+cd25+ treg cell proportiion,generated,active
abnormal cd4+cd25+ treg cell proportion,abnormal cd44+cd25+ treg cell proportion,generated,active
abnormal cd4+cd25+ treg cell proportion,abnormal cd4+cd25+ treg cell prooportion,generated,active
abnormal cd4+cd25+ treg cell proportion,abnnormal cd4+cd25+ treg cell proportion,generated,active
abnormal cd4:cd8 ratio,abnormal cd44:cd8 ratio,generated,active
abnormal cd4:cd8 ratio,abnormal cd4:d8 ratio,generated,active
abnormal cd4:cd8 ratio,abnormal cd4c:d8 ratio,generated,active
abnormal cd4:cd8 ratio,abnormal cdd4:cd8 ratio,generated,active
abnormal cd4:cd8 ratio,abnormal cd4cd8 ratio,generated,active
abnormal cd4:cd8 ratio,abnorma cd4:cd8 ratio,generated,active
abnormal cd8+ memory t cell proportion,abnormal cd8+ memory t ccell proportion,generated,active
abnormal cd8+ memory t cell proportion,abnormalcd8+ memory t cell proportion,generated,active
abnormal cd8+ memory t cell proportion,abnormal cd8+ meory t cell proportion,generated,active
abnormal cd8+ memory t cell proportion,abnormal cd8++ memory t cell proportion,generated,active
abnormal cd8+ memory t cell proportion,abnormal cd8+ memory t cell proporion,generated,active
abnormal cd8+ memory t cell proportion,abnoral cd8+ memory t cell proportion,generated,active
abnormal cd8+ t cell proportion,abnomal cd8+ t cell proportion,generated,active
abnormal cd8+ t cell proportion,abnormal cd8+ t ceell proportion,generated,active
abnormal cd8+ t cell proportion,abnormaal cd8+ t cell proportion,generated,active
abnormal cd8+ t cell proportion,abnormal cd8+  cell proportion,generated,active
abnormal cd8+ t cell proportion,abnormal cd8+ t cell proporrtion,generated,active
abnormal cd8+ t cell proportion,abnormal cd8+ t cell proportino,generated,active
abnormal cd8+ t cell subset proportion,abnormal cd8+ t cill subset proportion,generated,active
abnormal cd8+ t cell subset proportion,abnormal cd8+ t cell suubset proportion,generated,active
abnormal cd8+ t cell subset proportion,abnormal cd8+ t cell subset proportionn,generated,active
abnormal cd8+ t cell subset proportion,ebnormal cd8+ t cell subset proportion,generated,active
abnormal cd8+ t cell subset proportion,abnormal cd8+ t cell subset prpoortion,generated,active
abnormal cd8+ t cell subset proportion,abnormal cd8+  cell subset proportion,generated,active
abnormal cd8+ t cell subsets,abnormal cd8+ t  cell subsets,generated,active
abnormal cd8+ t cell subsets,abnomral cd8+ t cell subsets,generated,active
abnormal cd8+ t cell subsets,abnormal cd8+ t clel subsets,generated,active
abnormal cd8+ t cell subsets,abnormmal cd8+ t cell subsets,generated,active
abnormal cd8+ t cell subsets,banormal cd8+ t cell subsets,generated,active
abnormal cd8+ t cell subsets,abnormall cd8+ t cell subsets,generated,active
abnormal cecum morphology,abnormal ceccum morphology,generated,active
abnormal cecum morphology,abnormal cecum morphollogy,generated,active
abnormal cecum morphology,abnomal cecum morphology,generated,active
abnormal cecum morphology,abnormal ecum morphology,generated,active
abnormal cecum morphology,abnormal cecum mophology,generated,active
abnormal cecum morphology,abnormal cecum moprhology,generated,active
abnormal celiac artery morphology,abnormal ecliac artery morphology,generated,active
abnormal celiac artery morphology,abnromal celiac artery morphology,generated,active
abnormal celiac artery morphology,abnormal celiac arter morphology,generated,active
abnormal celiac artery morphology,abnormal celiac artery mmorphology,generated,active
abnormal celiac artery morphology,bnormal celiac artery morphology,generated,active
abnormal celiac artery morphology,abnormal celiac arterry morphology,generated,active
abnormal cell morphology,abnormal cell morphoogy,generated,active
abnormal cell morphology,abnormal cellmorphology,generated,active
abnormal cell morphology,aabnormal cell morphology,generated,active
abnormal cell morphology,abnormal  cell morphology,generated,active
abnormal cell morphology,ebnormal cell morphology,generated,active
abnormal cell morphology,abnormal kell morphology,generated,active
abnormal cell proliferation,abnormal cell prolifration,generated,active
abnormal cell proliferation,ebnormal cell proliferation,generated,active
abnormal cell proliferation,abnormal cell proliferaiton,generated,active
abnormal cell proliferation,abnomal cell proliferation,generated,active
abnormal cell proliferation,abnormal cell prolifertion,generated,active
abnormal cell proliferation,abnormal cell prolfieration,generated,active
abnormal cellular phenotype,abnomral cellular phenotype,generated,active
abnormal cellular phenotype,abnormmal cellular phenotype,generated,active
abnormal cellular phenotype,ebnormal cellular phenotype,generated,active
abnormal cellular phenotype,abnormal cellula phenotype,generated,active
abnormal cellular phenotype,abnormal cellular phenotyppe,generated,active
abnormal cellular phenotype,abormal cellular phenotype,generated,active
abnormal cellular physiology,abnomal cellular physiology,generated,active
abnormal cellular physiology,abnormal kellular physiology,generated,active
abnormal cellular physiology,abnormal ceellular physiology,generated,active
abnormal cellular physiology,abnnormal cellular physiology,generated,active
abnormal cellular physiology,abnorma cellular physiology,generated,active
abnormal cellular physiology,abnormal celullar physiology,generated,active
abnormal cementum morphology,abnormal cimentum morphology,generated,active
abnormal cementum morphology,abnormal ceemntum morphology,generated,active
abnormal cementum morphology,abnormal cementum moorphology,generated,active
abnormal cementum morphology,abnormal cementum morphologgy,generated,active
abnormal cementum morphology,abnomal cementum morphology,generated,active
abnormal cementum morphology,abnormalc ementum morphology,generated,active
abnormal central motor function,abnormal central motor fuunction,generated,active
abnormal central motor function,abnormal centra motor function,generated,active
abnormal central motor function,abnormal central motor functoin,generated,active
abnormal central motor function,abnomal central motor function,generated,active
abnormal central motor function,abnormal central motor functio,generated,active
abnormal central motor function,abnormal centrl motor function,generated,active
abnormal central sensory function,abnormal central sensory ufnction,generated,active
abnormal central sensory function,abnormal central sensory ffunction,generated,active
abnormal central sensory function,abnormal centra sensory function,generated,active
abnormal central sensory function,abnormal central sensory fuunction,generated,active
abnormal central sensory function,abnormal central sensory functtion,generated,active
abnormal central sensory function,abnormal central sensory functoin,generated,active
abnormal cerebellar cortex morphology,abnormalc erebellar cortex morphology,generated,active
abnormal cerebellar cortex morphology,abnormal cerebellar cortex morphloogy,generated,active
abnormal cerebellar cortex morphology,abnormal cerebellar cortex morphologgy,generated,active
abnormal cerebellar cortex morphology,abnormal cerebellar cortex morhology,generated,active
abnormal cerebellar cortex morphology,abnormal cerebellar cotex morphology,generated,active
abnormal cerebellar cortex morphology,anormal cerebellar cortex morphology,generated,active
abnormal cerebellar peduncle morphology,abnormal erebellar peduncle morphology,generated,active
abnormal cerebellar peduncle morphology,abnormal cerebellar peduncle morpholgoy,generated,active
abnormal cerebellar peduncle morphology,abnorma cerebellar peduncle morphology,generated,active
abnormal cerebellar peduncle morphology,abnormal cerebellar peduuncle morphology,generated,active
abnormal cerebellar peduncle morphology,abnormal cerebellar peduncle  morphology,generated,active
abnormal cerebellar peduncle morphology,abnormal cerebellar peduncle morrphology,generated,active
abnormal cerebellar vermis morphology,abnormal cerebellar vermis morhology,generated,active
abnormal cerebellar vermis morphology,abnormal cerebellar vermmis morphology,generated,active
abnormal cerebellar vermis morphology,abnnormal cerebellar vermis morphology,generated,active
abnormal cerebellar vermis morphology,abnormal cerebellar vermis morpholoyg,generated,active
abnormal cerebellar vermis morphology,abnormal cerebellaar vermis morphology,generated,active
abnormal cerebellar vermis morphology,abnormal cereellar vermis morphology,generated,active
abnormal cerebellum morphology,abnomal cerebellum morphology,generated,active
abnormal cerebellum morphology,abnormal cerebelulm morphology,generated,active
abnormal cerebellum morphology,aabnormal cerebellum morphology,generated,active
abnormal cerebellum morphology,abnormal cerebellum moprhology,generated,active
abnormal cerebellum morphology,banormal cerebellum morphology,generated,active
abnormal cerebellum morphology,abnormal cirebellum morphology,generated,active
abnormal cerebral artery morphology,abnrmal cerebral artery morphology,generated,active
abnormal cerebral artery morphology,abnormal cerebral artery omrphology,generated,active
abnormal cerebral artery morphology,abnormal erebral artery morphology,generated,active
abnormal cerebral artery morphology,abnormal cereral artery morphology,generated,active
abnormal cerebral artery morphology,abnorma cerebral artery morphology,generated,active
abnormal cerebral artery morphology,abnormall cerebral artery morphology,generated,active
abnormal cerebral cortex morphology,abnormal cerebral coortex morphology,generated,active
abnormal cerebral cortex morphology,abnormal cerebrla cortex morphology,generated,active
abnormal cerebral cortex morphology,abnormal cerebral cortex  morphology,generated,active
abnormal cerebral cortex morphology,abnormal cerebral cortex morpholoogy,generated,active
abnormal cerebral cortex morphology,abnormal cerebral cortex morpholoy,generated,active
abnormal cerebral cortex morphology,abnormal cerebral cortex morpphology,generated,active
abnormal cerebral morphology,abnormal cerebral morpology,generated,active
abnormal cerebral morphology,abnormal cerebrla morphology,generated,active
abnormal cerebral morphology,abnormal cerebral mmorphology,generated,active
abnormal cerebral morphology,abnormal ceebral morphology,generated,active
abnormal cerebral morphology,abnormal crebral morphology,generated,active
abnormal cerebral morphology,abnormal ecrebral morphology,generated,active
abnormal cerebral subcortex morphology,abnormal erebral subcortex morphology,generated,active
abnormal cerebral subcortex morphology,abnorml cerebral subcortex morphology,generated,active
abnormal cerebral subcortex morphology,abnormal cerebral subcortex  morphology,generated,active
abnormal cerebral subcortex morphology,abnormal cereral subcortex morphology,generated,active
abnormal cerebral subcortex morphology,abnormal cerebral subcortex morpphology,generated,active
abnormal cerebral subcortex morphology,abnorrmal cerebral subcortex morphology,generated,active
abnormal cerebral vascular morphology,abnormal cerebral vascular moprhology,generated,active
abnormal cerebral vascular morphology,abnormal cerebrall vascular morphology,generated,active
abnormal cerebral vascular morphology,abnorml cerebral vascular morphology,generated,active
abnormal cerebral vascular morphology,abnormalc erebral vascular morphology,generated,active
abnormal cerebral vascular morphology,abnormal cerebral vascular morpphology,generated,active
abnormal cerebral vascular morphology,abnormal cirebral vascular morphology,generated,active
abnormal cerebral vein morphology,bnormal cerebral vein morphology,generated,active
abnormal cerebral vein morphology,abnormal cerebral vein omrphology,generated,active
abnormal cerebral vein morphology,abnormal cerebral vein  morphology,generated,active
abnormal cerebral vein morphology,abnormal cerebral vein morphologgy,generated,active
abnormal cerebral vein morphology,abnormal cerebral veni morphology,generated,active
abnormal cerebral vein morphology,abnormal ecrebral vein morphology,generated,active
abnormal cerebral venous sinus morphology,abnormal cerebral venous sinus morhology,generated,active
abnormal cerebral venous sinus morphology,abnormal cerebral venous sius morphology,generated,active
abnormal cerebral venous sinus morphology,abnormal cerebral venos sinus morphology,generated,active
abnormal cerebral venous sinus morphology,abnormal cerebral venous sinus morpology,generated,active
abnormal cerebral venous sinus morphology,abnormal cerebral vnous sinus morphology,generated,active
abnormal cerebral venous sinus morphology,abnormal cerebral venous sinus morpholoy,generated,active
abnormal cerebral ventricle morphology,abnormal cerebral ventricle morphoology,generated,active
abnormal cerebral ventricle morphology,abnormal cerebrral ventricle morphology,generated,active
abnormal cerebral ventricle morphology,abnormal cerebral ventricle mmorphology,generated,active
abnormal cerebral ventricle morphology,abnromal cerebral ventricle morphology,generated,active
abnormal cerebral ventricle morphology,abnormal cerbral ventricle morphology,generated,active
abnormal cerebral ventricle morphology,abnormal cerebarl ventricle morphology,generated,active
abnormal cerebral white matter morphology,abnormal cerebral white matter morfology,generated,active
abnormal cerebral white matter morphology,abnormal cerebral white matter morpholgy,generated,active
abnormal cerebral white matter morphology,abnormal cerebral white matter mrphology,generated,active
abnormal cerebral white matter morphology,abormal cerebral white matter morphology,generated,active
abnormal cerebral white matter morphology,abnormal ceebral white matter morphology,generated,active
abnormal cerebral white matter morphology,abnormal cereral white matter morphology,generated,active
abnormal cerebrospinal fluid morphology,abnormal cerebrospinal fulid morphology,generated,active
abnormal cerebrospinal fluid morphology,abnormal cererbospinal fluid morphology,generated,active
abnormal cerebrospinal fluid morphology,abnormal cerebrospinall fluid morphology,generated,active
abnormal cerebrospinal fluid morphology,abnormmal cerebrospinal fluid morphology,generated,active
abnormal cerebrospinal fluid morphology,abnormal cerebrospinal fluid morrphology,generated,active
abnormal cerebrospinal fluid morphology,abnormal cerebropinal fluid morphology,generated,active
abnormal cerumen color,abnormal cerume color,generated,active
abnormal cerumen color,abnorma lcerumen color,generated,active
abnormal cerumen color,abormal cerumen color,generated,active
abnormal cerumen color,abnomral cerumen color,generated,active
abnormal cerumen color,abnormal cerummen color,generated,active
abnormal cerumen color,abnormal creumen color,generated,active
abnormal cerumen pigmentation,ebnormal cerumen pigmentation,generated,active
abnormal cerumen pigmentation,abnormal cerumen piigmentation,generated,active
abnormal cerumen pigmentation,abnormal cerumen piggmentation,generated,active
abnormal cerumen pigmentation,abnormal cerumen pigmenttation,generated,active
abnormal cerumen pigmentation,abormal cerumen pigmentation,generated,active
abnormal cerumen pigmentation,abnormal cerumen pigmentatino,generated,active
abnormal cervical curvature,abnoral cervical curvature,generated,active
abnormal cervical curvature,abnoraml cervical curvature,generated,active
abnormal cervical curvature,abnormal crevical curvature,generated,active
abnormal cervical curvature,abnormal cervical cuvrature,generated,active
abnormal cervical curvature,abnormal cervicla curvature,generated,active
abnormal cervical curvature,abnorma lcervical curvature,generated,active
abnormal cervical spine,abnormal cervica spine,generated,active
abnormal cervical spine,ebnormal cervical spine,generated,active
abnormal cervical spine,abnormalc ervical spine,generated,active
abnormal cervical spine,abnormal cervcal spine,generated,active
abnormal cervical spine,abnromal cervical spine,generated,active
abnormal cervical spine,abnormal cervical spinne,generated,active
abnormal cervical spine morphology,abnormal cervical spine morpholoogy,generated,active
abnormal cervical spine morphology,abnormal cerviical spine morphology,generated,active
abnormal cervical spine morphology,abnormal cervecal spine morphology,generated,active
abnormal cervical spine morphology,abnorma cervical spine morphology,generated,active
abnormal cervical spine morphology,abnormal cervical spin morphology,generated,active
abnormal cervical spine morphology,abnormal cervical spinee morphology,generated,active
abnormal ch50,abnorma ch50,generated,active
abnormal ch50,abnormmal ch50,generated,active
abnormal ch50,abonrmal ch50,generated,active
abnormal ch50,banormal ch50,generated,active
abnormal ch50,abnormal hc50,generated,active
abnormal ch50,abnormaal ch50,generated,active
abnormal change in sexual drive,abnormal change in sexual  drive,generated,active
abnormal change in sexual drive,abnormal change ins exual drive,generated,active
abnormal change in sexual drive,abnoraml change in sexual drive,generated,active
abnormal change in sexual drive,abnormal change in sexuual drive,generated,active
abnormal change in sexual drive,abonrmal change in sexual drive,generated,active
abnormal change in sexual drive,abnormal chagne in sexual drive,generated,active
abnormal change in social behavior,abnormal change in social beavior,generated,active
abnormal change in social behavior,abnormal change in sociaal behavior,generated,active
abnormal change in social behavior,abnormal changee in social behavior,generated,active
abnormal change in social behavior,abnormal chang ein social behavior,generated,active
abnormal change in social behavior,abnormal change i nsocial behavior,generated,active
abnormal change in social behavior,abnormal chane in social behavior,generated,active
abnormal cheek morphology,abnormal ceek morphology,generated,active
abnormal cheek morphology,abnormmal cheek morphology,generated,active
abnormal cheek morphology,abnormal chheek morphology,generated,active
abnormal cheek morphology,abnorma lcheek morphology,generated,active
abnormal cheek morphology,abnoormal cheek morphology,generated,active
abnormal cheek morphology,abormal cheek morphology,generated,active
abnormal chest radiograph finding (lung),abnormal chest radiogarph finding (lung),generated,active
abnormal chest radiograph finding (lung),abnormal chest raidograph finding (lung),generated,active
abnormal chest radiograph finding (lung),abnormal chest radioraph finding (lung),generated,active
abnormal chest radiograph finding (lung),abnormal chest radiograph finding(lung),generated,active
abnormal chest radiograph finding (lung),abnormal chest radiograph finding lung),generated,active
abnormal chest radiograph finding (lung),abnormal chest radiograph findnig (lung),generated,active
abnormal choanae morphology,abnormal choanae mophology,generated,active
abnormal choanae morphology,abormal choanae morphology,generated,active
abnormal choanae morphology,abnormal choanae morphoolgy,generated,active
abnormal choanae morphology,abnormal choanae omrphology,generated,active
abnormal choanae morphology,abnormal chaonae morphology,generated,active
abnormal choanae morphology,abnormmal choanae morphology,generated,active
abnormal cholesterol homeostasis,abbnormal cholesterol homeostasis,generated,active
abnormal cholesterol homeostasis,abnormal cholesterol homeostasiss,generated,active
abnormal cholesterol homeostasis,abnorma cholesterol homeostasis,generated,active
abnormal cholesterol homeostasis,abnormal cholesterl homeostasis,generated,active
abnormal cholesterol homeostasis,abnormal cholesterol homeosatsis,generated,active
abnormal cholesterol homeostasis,abnormal cholesterrol homeostasis,generated,active
abnormal chondrocyte morphology,anbormal chondrocyte morphology,generated,active
abnormal chondrocyte morphology,abnorma lchondrocyte morphology,generated,active
abnormal chondrocyte morphology,abnormal chonndrocyte morphology,generated,active
abnormal chondrocyte morphology,abnormal chondrocyte  morphology,generated,active
abnormal chondrocyte morphology,abnormal chondrocyte morphhology,generated,active
abnormal chondrocyte morphology,abnoral chondrocyte morphology,generated,active
abnormal chorion morphology,abnorma chorion morphology,generated,active
abnormal chorion morphology,abnorml chorion morphology,generated,active
abnormal chorion morphology,abnormal chorion morphoolgy,generated,active
abnormal chorion morphology,abnormall chorion morphology,generated,active
abnormal chorion morphology,abnormal chorion morphologgy,generated,active
abnormal chorion morphology,abormal chorion morphology,generated,active
abnormal chorioretinal morphology,abnorma chorioretinal morphology,generated,active
abnormal chorioretinal morphology,abnormal choriioretinal morphology,generated,active
abnormal chorioretinal morphology,abnormal chorioretinal morphologyy,generated,active
abnormal chorioretinal morphology,abnormal chorioretinal moprhology,generated,active
abnormal chorioretinal morphology,abnormal chorioretina morphology,generated,active
abnormal chorioretinal morphology,abbnormal chorioretinal morphology,generated,active
abnormal choroid morphology,anormal choroid morphology,generated,active
abnormal choroid morphology,abnormal khoroid morphology,generated,active
abnormal choroid morphology,abnormal choroid morphoology,generated,active
abnormal choroid morphology,abnorma choroid morphology,generated,active
abnormal choroid morphology,abnomral choroid morphology,generated,active
abnormal choroid morphology,abnomal choroid morphology,generated,active
abnormal choroid plexus morphology,abnormal choroid plexus  morphology,generated,active
abnormal choroid plexus morphology,abnormal chorroid plexus morphology,generated,active
abnormal choroid plexus morphology,abnnormal choroid plexus morphology,generated,active
abnormal choroid plexus morphology,abnormal choroid lpexus morphology,generated,active
abnormal choroid plexus morphology,abnormal choroid plexuus morphology,generated,active
abnormal choroid plexus morphology,abnoraml choroid plexus morphology,generated,active
abnormal chromosome morphology,abnormal chromosome morpholog,generated,active
abnormal chromosome morphology,abnormal chrommosome morphology,generated,active
abnormal chromosome morphology,abnoormal chromosome morphology,generated,active
abnormal chromosome morphology,abnormal chromosmoe morphology,generated,active
abnormal chromosome morphology,abnormal chormosome morphology,generated,active
abnormal chromosome morphology,abnormal chromosome morhology,generated,active
abnormal chylomicron concentration,abnorml chylomicron concentration,generated,active
abnormal chylomicron concentration,abnormal chylomicron concentrtaion,generated,active
abnormal chylomicron concentration,abnorrmal chylomicron concentration,generated,active
abnormal chylomicron concentration,abnormal chylomicron concentratioon,generated,active
abnormal chylomicron concentration,abnormal chylomicon concentration,generated,active
abnormal chylomicron concentration,abnormal cyhlomicron concentration,generated,active
abnormal ciliary body morphology,abnormaal ciliary body morphology,generated,active
abnormal ciliary body morphology,abnormal ciliary body morpholgoy,generated,active
abnormal ciliary body morphology,abnormal ciliaary body morphology,generated,active
abnormal ciliary body morphology,abnormal ciliary bbody morphology,generated,active
abnormal ciliary body morphology,abnoormal ciliary body morphology,generated,active
abnormal ciliary body morphology,abnormal ciliary bod morphology,generated,active
abnormal ciliary motility,abnormal ciliayr motility,generated,active
abnormal ciliary motility,abnormal cciliary motility,generated,active
abnormal ciliary motility,abnormaal ciliary motility,generated,active
abnormal ciliary motility,abnormal ciliary motiliyt,generated,active
abnormal ciliary motility,abnormal ciliary motiltiy,generated,active
abnormal ciliary motility,abnormal ciliary motiity,generated,active
abnormal circle of willis morphology,abnormal circle of williis morphology,generated,active
abnormal circle of willis morphology,abnormal cicle of willis morphology,generated,active
abnormal circle of willis morphology,abnormmal circle of willis morphology,generated,active
abnormal circle of willis morphology,abnormal cirrcle of willis morphology,generated,active
abnormal circle of willis morphology,abnormal circle of willis morpholoy,generated,active
abnormal circle of willis morphology,abnormal circle o willis morphology,generated,active
abnormal circulating aldosterone,abnormal  circulating aldosterone,generated,active
abnormal circulating aldosterone,aabnormal circulating aldosterone,generated,active
abnormal circulating aldosterone,abnormal circulatign aldosterone,generated,active
abnormal circulating aldosterone,abnormalcirculating aldosterone,generated,active
abnormal circulating aldosterone,abnormal circulaating aldosterone,generated,active
abnormal circulating aldosterone,abnormal circulting aldosterone,generated,active
abnormal circulating amylase level,abnormal circulating amlyase level,generated,active
abnormal circulating amylase level,abnoral circulating amylase level,generated,active
abnormal circulating amylase level,abnormal circulatin amylase level,generated,active
abnormal circulating amylase level,abnomral circulating amylase level,generated,active
abnormal circulating amylase level,abnormal kirculating amylase level,generated,active
abnormal circulating amylase level,abnormal circulating amylaes level,generated,active
abnormal circulating androgen level,abnnormal circulating androgen level,generated,active
abnormal circulating androgen level,abnormal circulating androggen level,generated,active
abnormal circulating androgen level,abnormal circlating androgen level,generated,active
abnormal circulating androgen level,abnormal circulating androogen level,generated,active
abnormal circulating androgen level,abnormal cerculating androgen level,generated,active
abnormal circulating androgen level,abnormal circluating androgen level,generated,active
abnormal circulating beta-crosslaps level,abnormal circulaing beta-crosslaps level,generated,active
abnormal circulating beta-crosslaps level,abnormal circulating beta-crosslas level,generated,active
abnormal circulating beta-crosslaps level,abnormal circulating bta-crosslaps level,generated,active
abnormal circulating beta-crosslaps level,abnorma circulating beta-crosslaps level,generated,active
abnormal circulating beta-crosslaps level,abnorml circulating beta-crosslaps level,generated,active
abnormal circulating beta-crosslaps level,abnormal circulating betacrosslaps level,generated,active
abnormal circulating beta-ctx level,abnormal circulating bta-ctx level,generated,active
abnormal circulating beta-ctx level,abnormal circulatin gbeta-ctx level,generated,active
abnormal circulating beta-ctx level,abnormal circulatingb eta-ctx level,generated,active
abnormal circulating beta-ctx level,abnormal circulating eta-ctx level,generated,active
abnormal circulating beta-ctx level,abnormal circlating beta-ctx level,generated,active
abnormal circulating beta-ctx level,abnormal circulating beta-ctx leel,generated,active
abnormal circulating ca concentration,abnormal circulatingca concentration,generated,active
abnormal circulating ca concentration,abnormal circulating c aconcentration,generated,active
abnormal circulating ca concentration,abnormal circulating ca concentratoin,generated,active
abnormal circulating ca concentration,abnormal circultaing ca concentration,generated,active
abnormal circulating ca concentration,abnormal circculating ca concentration,generated,active
abnormal circulating ca concentration,abnormal circulating ca concetnration,generated,active
abnormal circulating ca2+ concentration,aabnormal circulating ca2+ concentration,generated,active
abnormal circulating ca2+ concentration,abnormal circulatign ca2+ concentration,generated,active
abnormal circulating ca2+ concentration,abnormal circulating ca2+ conentration,generated,active
abnormal circulating ca2+ concentration,abnormal circulating ca2++ concentration,generated,active
abnormal circulating ca2+ concentration,abnormal ccirculating ca2+ concentration,generated,active
abnormal circulating ca2+ concentration,abnormal circuulating ca2+ concentration,generated,active
abnormal circulating ck concentration,abnormal circulating ck cconcentration,generated,active
abnormal circulating ck concentration,abnormal circulatin gck concentration,generated,active
abnormal circulating ck concentration,abnormal circulating ck concentrration,generated,active
abnormal circulating ck concentration,abnormal circulating c concentration,generated,active
abnormal circulating ck concentration,abnormal circulating  ck concentration,generated,active
abnormal circulating ck concentration,abnormal cicrulating ck concentration,generated,active
abnormal circulating copper concentration,abnormal ciculating copper concentration,generated,active
abnormal circulating copper concentration,abnormal circulatig copper concentration,generated,active
abnormal circulating copper concentration,abnrmal circulating copper concentration,generated,active
abnormal circulating copper concentration,abnormal circulating copper concentratin,generated,active
abnormal circulating copper concentration,abnormal circulating coper concentration,generated,active
abnormal circulating copper concentration,abnormal circulting copper concentration,generated,active
abnormal circulating corticosterone level,abnormal circulating corticosteron level,generated,active
abnormal circulating corticosterone level,abnoral circulating corticosterone level,generated,active
abnormal circulating corticosterone level,abnormalcirculating corticosterone level,generated,active
abnormal circulating corticosterone level,abnormal crculating corticosterone level,generated,active
abnormal circulating corticosterone level,abnormal circulating corticostrone level,generated,active
abnormal circulating corticosterone level,abnormal circulating corticoserone level,generated,active
abnormal circulating cpk concentration,abnormal circulating cpk concentrtion,generated,active
abnormal circulating cpk concentration,abnorrmal circulating cpk concentration,generated,active
abnormal circulating cpk concentration,abnormal circulating cpk concentraation,generated,active
abnormal circulating cpk concentration,abnormal circlating cpk concentration,generated,active
abnormal circulating cpk concentration,abnormal circulating cpk concintration,generated,active
abnormal circulating cpk concentration,abnormal cerculating cpk concentration,generated,active
abnormal circulating creatinine level,abnormal circlating creatinine level,generated,active
abnormal circulating creatinine level,abnormal circulating cretinine level,generated,active
abnormal circulating creatinine level,abnormal circulatin creatinine level,generated,active
abnormal circulating creatinine level,abnormal circultaing creatinine level,generated,active
abnormal circulating creatinine level,abnormal  circulating creatinine level,generated,active
abnormal circulating creatinine level,abnormal circulating creatinine levle,generated,active
abnormal circulating enzyme concentration,abnormal circulatingenzyme concentration,generated,active
abnormal circulating enzyme concentration,abnormal circulaing enzyme concentration,generated,active
abnormal circulating enzyme concentration,abnormal circulating enzyme concntration,generated,active
abnormal circulating enzyme concentration,abnormal irculating enzyme concentration,generated,active
abnormal circulating enzyme concentration,abnormal circulating enzyme oncentration,generated,active
abnormal circulating enzyme concentration,abnormal circulating enzyme concentratin,generated,active
abnormal circulating estrogen level,abnormal circulaing estrogen level,generated,active
abnormal circulating estrogen level,abnormal circulating estroogen level,generated,active
abnormal circulating estrogen level,abnormal circulating eestrogen level,generated,active
abnormal circulating estrogen level,abnormal cerculating estrogen level,generated,active
abnormal circulating estrogen level,bnormal circulating estrogen level,generated,active
abnormal circulating estrogen level,abnorrmal circulating estrogen level,generated,active
abnormal circulating free t3 level,abnormal circulating free t3 leveel,generated,active
abnormal circulating free t3 level,ebnormal circulating free t3 level,generated,active
abnormal circulating free t3 level,abnormal circulatinng free t3 level,generated,active
abnormal circulating free t3 level,abnormal kirculating free t3 level,generated,active
abnormal circulating free t3 level,abnormal circulating free t3 leevl,generated,active
abnormal circulating free t3 level,abnormal circulatiing free t3 level,generated,active
abnormal circulating free t4 level,abnormal circuating free t4 level,generated,active
abnormal circulating free t4 level,abnormal ciruclating free t4 level,generated,active
abnormal circulating free t4 level,abnormal circulting free t4 level,generated,active
abnormal circulating free t4 level,abnormal circualting free t4 level,generated,active
abnormal circulating free t4 level,abnormal circulatingf ree t4 level,generated,active
abnormal circulating free t4 level,abnormal circulating free 4 level,generated,active
abnormal circulating free thyroxine level,abnormalcirculating free thyroxine level,generated,active
abnormal circulating free thyroxine level,abnomal circulating free thyroxine level,generated,active
abnormal circulating free thyroxine level,abnorml circulating free thyroxine level,generated,active
abnormal circulating free thyroxine level,abnormal circulating freethyroxine level,generated,active
abnormal circulating free thyroxine level,abnormal circulating free thyroxine leve,generated,active
abnormal circulating free thyroxine level,abnormal circulating free thyroxine leel,generated,active
abnormal circulating gaba concentration,abnormal icrculating gaba concentration,generated,active
abnormal circulating gaba concentration,abnormal circulating gab concentration,generated,active
abnormal circulating gaba concentration,abnormal circulating gaba concentrtaion,generated,active
abnormal circulating gaba concentration,abnormal circulating gaab concentration,generated,active
abnormal circulating gaba concentration,abnormal circullating gaba concentration,generated,active
abnormal circulating gaba concentration,abnormal circulating gaba ocncentration,generated,active
abnormal circulating gastrin level,abnormal circulating gastrn level,generated,active
abnormal circulating gastrin level,abnormal circulatting gastrin level,generated,active
abnormal circulating gastrin level,abnormal circulating gasrtin level,generated,active
abnormal circulating gastrin level,abnormal  circulating gastrin level,generated,active
abnormal circulating gastrin level,abnormall circulating gastrin level,generated,active
abnormal circulating gastrin level,abnormal circulating gasrin level,generated,active
abnormal circulating globulin level,abnormal circulating globulin  level,generated,active
abnormal circulating globulin level,abnormal circulating lobulin level,generated,active
abnormal circulating globulin level,abnormal circulatingg lobulin level,generated,active
abnormal circulating globulin level,abnormal circullating globulin level,generated,active
abnormal circulating globulin level,abnormal circulating globulin lvel,generated,active
abnormal circulating globulin level,abnorrmal circulating globulin level,generated,active
abnormal circulating glycerol level,abnoormal circulating glycerol level,generated,active
abnormal circulating glycerol level,abnormal circulating gylcerol level,generated,active
abnormal circulating glycerol level,abnormal circulating lgycerol level,generated,active
abnormal circulating glycerol level,abnormal circuating glycerol level,generated,active
abnormal circulating glycerol level,abnormal circulating glyerol level,generated,active
abnormal circulating glycerol level,abnormal circulating glycero llevel,generated,active
abnormal circulating gonadotropin level,abnormal circulating gonadootropin level,generated,active
abnormal circulating gonadotropin level,aabnormal circulating gonadotropin level,generated,active
abnormal circulating gonadotropin level,abnormal circulaating gonadotropin level,generated,active
abnormal circulating gonadotropin level,abnormal circulating gonadotroin level,generated,active
abnormal circulating gonadotropin level,abnormal circulating gonadotropin levell,generated,active
abnormal circulating gonadotropin level,abnormal circulating  gonadotropin level,generated,active
abnormal circulating hormone level,abnormal circulating hormone elvel,generated,active
abnormal circulating hormone level,abnormal circulating hormoen level,generated,active
abnormal circulating hormone level,abnormal circulating hormone evel,generated,active
abnormal circulating hormone level,abnormaal circulating hormone level,generated,active
abnormal circulating hormone level,abnormal circulating horone level,generated,active
abnormal circulating hormone level,abnormal crculating hormone level,generated,active
abnormal circulating iga concentration,abnormal circulating iga concentratioon,generated,active
abnormal circulating iga concentration,abnormal circulating igga concentration,generated,active
abnormal circulating iga concentration,abormal circulating iga concentration,generated,active
abnormal circulating iga concentration,abnormal circulatingg iga concentration,generated,active
abnormal circulating iga concentration,abnormal circulating iga concentraton,generated,active
abnormal circulating iga concentration,abnomral circulating iga concentration,generated,active
abnormal circulating iga level,abnormal circulating ia level,generated,active
abnormal circulating iga level,abnormal circulating iga lvel,generated,active
abnormal circulating iga level,aabnormal circulating iga level,generated,active
abnormal circulating iga level,abnormal ccirculating iga level,generated,active
abnormal circulating iga level,abnormal circulating iga leve,generated,active
abnormal circulating iga level,abnormal cirulating iga level,generated,active
abnormal circulating igd concentration,abnormmal circulating igd concentration,generated,active
abnormal circulating igd concentration,abnorma lcirculating igd concentration,generated,active
abnormal circulating igd concentration,abnormal circulatiing igd concentration,generated,active
abnormal circulating igd concentration,abnormal circulating igd concenntration,generated,active
abnormal circulating igd concentration,abnormal circulatingg igd concentration,generated,active
abnormal circulating igd concentration,abnormal circulating igd concentratio,generated,active
abnormal circulating igd level,abnomral circulating igd level,generated,active
abnormal circulating igd level,abnormaal circulating igd level,generated,active
abnormal circulating igd level,abnormal circulaating igd level,generated,active
abnormal circulating igd level,abnormal circultaing igd level,generated,active
abnormal circulating igd level,abnomal circulating igd level,generated,active
abnormal circulating igd level,abnrmal circulating igd level,generated,active
abnormal circulating ige concentration,abnormal cirrculating ige concentration,generated,active
abnormal circulating ige concentration,abnormal circulating ige concentrration,generated,active
abnormal circulating ige concentration,abnormal circulating ige concentratin,generated,active
abnormal circulating ige concentration,abnoraml circulating ige concentration,generated,active
abnormal circulating ige concentration,abnormal circulaing ige concentration,generated,active
abnormal circulating ige concentration,banormal circulating ige concentration,generated,active
abnormal circulating ige level,abnoral circulating ige level,generated,active
abnormal circulating ige level,abnrmal circulating ige level,generated,active
abnormal circulating ige level,abnormal circulating ige elvel,generated,active
abnormal circulating ige level,abnormal circullating ige level,generated,active
abnormal circulating ige level,abnurmal circulating ige level,generated,active
abnormal circulating ige level,abnormal irculating ige level,generated,active
abnormal circulating igg concentration,abnormal circulating igg concentrtaion,generated,active
abnormal circulating igg concentration,abnormal circulating igg cocnentration,generated,active
abnormal circulating igg concentration,abnormal circulating igg cooncentration,generated,active
abnormal circulating igg concentration,abnormal ciirculating igg concentration,generated,active
abnormal circulating igg concentration,abnorrmal circulating igg concentration,generated,active
abnormal circulating igg concentration,abnormal circulating  igg concentration,generated,active
abnormal circulating igg level,abnormal circulating gg level,generated,active
abnormal circulating igg level,abnormal cirulating igg level,generated,active
abnormal circulating igg level,abnormall circulating igg level,generated,active
abnormal circulating igg level,abnormal circulating igg livel,generated,active
abnormal circulating igg level,abnormal circulating igg levell,generated,active
abnormal circulating igg level,abnorma lcirculating igg level,generated,active
abnormal circulating igm concentration,abnromal circulating igm concentration,generated,active
abnormal circulating igm concentration,abnormal circultaing igm concentration,generated,active
abnormal circulating igm concentration,abnormal circulaitng igm concentration,generated,active
abnormal circulating igm concentration,abnorrmal circulating igm concentration,generated,active
abnormal circulating igm concentration,abnormal circulating igm concentrtion,generated,active
abnormal circulating igm concentration,abnormal irculating igm concentration,generated,active
abnormal circulating igm level,aabnormal circulating igm level,generated,active
abnormal circulating igm level,abnormal circulating igm elvel,generated,active
abnormal circulating igm level,banormal circulating igm level,generated,active
abnormal circulating igm level,abnormal circulating img level,generated,active
abnormal circulating igm level,abnorma circulating igm level,generated,active
abnormal circulating igm level,abnormal circulatingi gm level,generated,active
abnormal circulating inhibin level,abnormal circulating inhibin levvel,generated,active
abnormal circulating inhibin level,abnorml circulating inhibin level,generated,active
abnormal circulating inhibin level,abnormal circulating  inhibin level,generated,active
abnormal circulating inhibin level,abnormal circulatig inhibin level,generated,active
abnormal circulating inhibin level,abnormal icrculating inhibin level,generated,active
abnormal circulating inhibin level,abnormal circulating inhiin level,generated,active
abnormal circulating iron concentration,abnormal circulating iron cncentration,generated,active
abnormal circulating iron concentration,abnormal circulating ironn concentration,generated,active
abnormal circulating iron concentration,abnormal circulating iron conentration,generated,active
abnormal circulating iron concentration,abnormal circuulating iron concentration,generated,active
abnormal circulating iron concentration,abnormal circulating iron oncentration,generated,active
abnormal circulating iron concentration,abnormal circulaing iron concentration,generated,active
abnormal circulating ldh concentration,abnormal circulating ldhh concentration,generated,active
abnormal circulating ldh concentration,abnormal circulaating ldh concentration,generated,active
abnormal circulating ldh concentration,abnoraml circulating ldh concentration,generated,active
abnormal circulating ldh concentration,abnormal circulatingl dh concentration,generated,active
abnormal circulating ldh concentration,abnormal circulating ldh ocncentration,generated,active
abnormal circulating ldh concentration,abnormaal circulating ldh concentration,generated,active
abnormal circulating leptin concentration,abnrmal circulating leptin concentration,generated,active
abnormal circulating leptin concentration,abnormalcirculating leptin concentration,generated,active
abnormal circulating leptin concentration,abnorml circulating leptin concentration,generated,active
abnormal circulating leptin concentration,abnormal circulating leptin concentratin,generated,active
abnormal circulating leptin concentration,abnormal circulating leptin concentraton,generated,active
abnormal circulating leptin concentration,abnormal circulating leptin cocentration,generated,active
abnormal circulating lipid concentration,abnormal circulating lipid cnocentration,generated,active
abnormal circulating lipid concentration,anormal circulating lipid concentration,generated,active
abnormal circulating lipid concentration,abnormal circuating lipid concentration,generated,active
abnormal circulating lipid concentration,abnormal circulating lipdi concentration,generated,active
abnormal circulating lipid concentration,abnorma circulating lipid concentration,generated,active
abnormal circulating lipid concentration,abnormal circulatign lipid concentration,generated,active
abnormal circulating lysine concentration,abnormal irculating lysine concentration,generated,active
abnormal circulating lysine concentration,abnoral circulating lysine concentration,generated,active
abnormal circulating lysine concentration,abnormal circulating lysine concentraion,generated,active
abnormal circulating lysine concentration,abnormal circlating lysine concentration,generated,active
abnormal circulating lysine concentration,abnormal circulating lysine concentratio,generated,active
abnormal circulating lysine concentration,abnormal circulating lsine concentration,generated,active
abnormal circulating na concentration,abnormal ccirculating na concentration,generated,active
abnormal circulating na concentration,abnormal cerculating na concentration,generated,active
abnormal circulating na concentration,abnormal circulating na cnocentration,generated,active
abnormal circulating na concentration,abnormal circulating na concentratin,generated,active
abnormal circulating na concentration,abnormal cicrulating na concentration,generated,active
abnormal circulating na concentration,abnormal circulating na concetration,generated,active
abnormal circulating nicotinurate level,abnormal circulating nicotinuraet level,generated,active
abnormal circulating nicotinurate level,abnormal circlating nicotinurate level,generated,active
abnormal circulating nicotinurate level,abnormal  circulating nicotinurate level,generated,active
abnormal circulating nicotinurate level,abnormla circulating nicotinurate level,generated,active
abnormal circulating nicotinurate level,abnormal circulatingg nicotinurate level,generated,active
abnormal circulating nicotinurate level,abonrmal circulating nicotinurate level,generated,active
abnormal circulating osteocalcin level,abnorrmal circulating osteocalcin level,generated,active
abnormal circulating osteocalcin level,abnormal circulating osteocalcni level,generated,active
abnormal circulating osteocalcin level,anormal circulating osteocalcin level,generated,active
abnormal circulating osteocalcin level,abnormal circulating otseocalcin level,generated,active
abnormal circulating osteocalcin level,abnormal circulating osteocalcin levell,generated,active
abnormal circulating osteocalcin level,abnorma circulating osteocalcin level,generated,active
abnormal circulating phytanic acid level,abnormal circulating phytanic acid lvel,generated,active
abnormal circulating phytanic acid level,abnormal circulating phytanic aci dlevel,generated,active
abnormal circulating phytanic acid level,abnormal circulatin phytanic acid level,generated,active
abnormal circulating phytanic acid level,abnurmal circulating phytanic acid level,generated,active
abnormal circulating phytanic acid level,abnormal circualting phytanic acid level,generated,active
abnormal circulating phytanic acid level,abnormal circulating phytanic aci level,generated,active
abnormal circulating proanp concentration,abnormal circulating proanp concentraion,generated,active
abnormal circulating proanp concentration,abnormal circulating proanp concentation,generated,active
abnormal circulating proanp concentration,abnormal irculating proanp concentration,generated,active
abnormal circulating proanp concentration,abnormal circulating proanp cocentration,generated,active
abnormal circulating proanp concentration,abnormal circuating proanp concentration,generated,active
abnormal circulating proanp concentration,abnormal circulating proap concentration,generated,active
abnormal circulating progesterone level,abnormal circulating progesterone levle,generated,active
abnormal circulating progesterone level,abnormal circulating progesteronelevel,generated,active
abnormal circulating progesterone level,abnormal circulatinng progesterone level,generated,active
abnormal circulating progesterone level,anbormal circulating progesterone level,generated,active
abnormal circulating progesterone level,abnormalcirculating progesterone level,generated,active
abnormal circulating progesterone level,abnormal circulating progesterone lveel,generated,active
abnormal circulating properdin level,abnormal circulating poperdin level,generated,active
abnormal circulating properdin level,abnormal circulating prperdin level,generated,active
abnormal circulating properdin level,abnormal circultaing properdin level,generated,active
abnormal circulating properdin level,abnormal circulating propredin level,generated,active
abnormal circulating properdin level,abnormal circualting properdin level,generated,active
abnormal circulating properdin level,abnormal circulating propedrin level,generated,active
abnormal circulating protein level,abnormal circuulating protein level,generated,active
abnormal circulating protein level,abnormal circulating protein leve,generated,active
abnormal circulating protein level,abnormal circulatin protein level,generated,active
abnormal circulating protein level,abnormal circuating protein level,generated,active
abnormal circulating protein level,abnorma circulating protein level,generated,active
abnormal circulating protein level,abnromal circulating protein level,generated,active
abnormal circulating purine concentration,abormal circulating purine concentration,generated,active
abnormal circulating purine concentration,bnormal circulating purine concentration,generated,active
abnormal circulating purine concentration,abnormal circulaing purine concentration,generated,active
abnormal circulating purine concentration,abnomal circulating purine concentration,generated,active
abnormal circulating purine concentration,abnormal ciculating purine concentration,generated,active
abnormal circulating purine concentration,abnormal circulating purine concntration,generated,active
abnormal circulating purine level,abnormal circullating purine level,generated,active
abnormal circulating purine level,abnromal circulating purine level,generated,active
abnormal circulating purine level,abnormal circluating purine level,generated,active
abnormal circulating purine level,abnomal circulating purine level,generated,active
abnormal circulating purine level,abnorml circulating purine level,generated,active
abnormal circulating purine level,abnormal icrculating purine level,generated,active
abnormal circulating renin,abnormal circulating reniin,generated,active
abnormal circulating renin,abnormaal circulating renin,generated,active
abnormal circulating renin,abnormal circulating rein,generated,active
abnormal circulating renin,abnormal circulating reinn,generated,active
abnormal circulating renin,abnormal circulating rnein,generated,active
abnormal circulating renin,abnormal ciirculating renin,generated,active
abnormal circulating renin concentration,abnormal circulating renin concenration,generated,active
abnormal circulating renin concentration,ebnormal circulating renin concentration,generated,active
abnormal circulating renin concentration,abnormla circulating renin concentration,generated,active
abnormal circulating renin concentration,abnormal circulatingr enin concentration,generated,active
abnormal circulating renin concentration,abnormal circulating renin concentraton,generated,active
abnormal circulating renin concentration,abnormal circulating renin cncentration,generated,active
abnormal circulating serine concentration,abnormalcirculating serine concentration,generated,active
abnormal circulating serine concentration,abnormal circlating serine concentration,generated,active
abnormal circulating serine concentration,abnormal circuating serine concentration,generated,active
abnormal circulating serine concentration,abnormal circulating serine concntration,generated,active
abnormal circulating serine concentration,anormal circulating serine concentration,generated,active
abnormal circulating serine concentration,abnormal ciculating serine concentration,generated,active
abnormal circulating t4 concentration,abnormal icrculating t4 concentration,generated,active
abnormal circulating t4 concentration,abnormal circulating t4 concentrration,generated,active
abnormal circulating t4 concentration,abnormal circulatin gt4 concentration,generated,active
abnormal circulating t4 concentration,abnormal circulating t44 concentration,generated,active
abnormal circulating t4 concentration,abnormal circulating t4 concentartion,generated,active
abnormal circulating t4 concentration,abnormal circulting t4 concentration,generated,active
abnormal circulating t4 level,abnnormal circulating t4 level,generated,active
abnormal circulating t4 level,abnomal circulating t4 level,generated,active
abnormal circulating t4 level,abnurmal circulating t4 level,generated,active
abnormal circulating t4 level,abnormal circlating t4 level,generated,active
abnormal circulating t4 level,abnormal circulating  t4 level,generated,active
abnormal circulating t4 level,abnormal circulatin t4 level,generated,active
abnormal circulating thyroglobulin level,abnormal circulating thyroglobluin level,generated,active
abnormal circulating thyroglobulin level,abnormal circulating thyrogloulin level,generated,active
abnormal circulating thyroglobulin level,abnormal circulating thyroglobulin lvel,generated,active
abnormal circulating thyroglobulin level,abnormal cirulating thyroglobulin level,generated,active
abnormal circulating thyroglobulin level,abnorma circulating thyroglobulin level,generated,active
abnormal circulating thyroglobulin level,abnormal circulating tyhroglobulin level,generated,active
abnormal circulating thyroxine level,abnormal crculating thyroxine level,generated,active
abnormal circulating thyroxine level,abnormal circulating thyroxiine level,generated,active
abnormal circulating thyroxine level,abormal circulating thyroxine level,generated,active
abnormal circulating thyroxine level,abnormal criculating thyroxine level,generated,active
abnormal circulating thyroxine level,abnormal circulatting thyroxine level,generated,active
abnormal circulating thyroxine level,abnormal circulatin gthyroxine level,generated,active
abnormal circulating transferrin level,abnormal cicrulating transferrin level,generated,active
abnormal circulating transferrin level,abnormal circulating tarnsferrin level,generated,active
abnormal circulating transferrin level,abnormal circualting transferrin level,generated,active
abnormal circulating transferrin level,abnormal circuating transferrin level,generated,active
abnormal circulating transferrin level,aabnormal circulating transferrin level,generated,active
abnormal circulating transferrin level,abnormal circculating transferrin level,generated,active
abnormal circulating valine concentration,abnormal irculating valine concentration,generated,active
abnormal circulating valine concentration,abnomal circulating valine concentration,generated,active
abnormal circulating valine concentration,abnormal circulaing valine concentration,generated,active
abnormal circulating valine concentration,abnormal cirulating valine concentration,generated,active
abnormal circulating valine concentration,abnormal circulatin valine concentration,generated,active
abnormal circulating valine concentration,abnormal circulating valine concetration,generated,active
abnormal circulating vitamin b6 level,aabnormal circulating vitamin b6 level,generated,active
abnormal circulating vitamin b6 level,abnormall circulating vitamin b6 level,generated,active
abnormal circulating vitamin b6 level,abnormal circulatin gvitamin b6 level,generated,active
abnormal circulating vitamin b6 level,abnormal circullating vitamin b6 level,generated,active
abnormal circulating vitamin b6 level,abnormal circulating vitaminb6 level,generated,active
abnormal circulating vitamin b6 level,abnormal circulating vitammin b6 level,generated,active
abnormal clavicle morphology,abnormal clavicle mrphology,generated,active
abnormal clavicle morphology,abnormal clavicle mophology,generated,active
abnormal clavicle morphology,abnormal clavicel morphology,generated,active
abnormal clavicle morphology,abnormal clavicle morphologgy,generated,active
abnormal clavicle morphology,abnoraml clavicle morphology,generated,active
abnormal clavicle morphology,ebnormal clavicle morphology,generated,active
abnormal clavicles,abnormal claviclees,generated,active
abnormal clavicles,abnormla clavicles,generated,active
abnormal clavicles,abnormal clavilces,generated,active
abnormal clavicles,abnormal claviclis,generated,active
abnormal clavicles,abnormal clavicels,generated,active
abnormal clavicles,abnormal clavcles,generated,active
lagnat,algnat,hiligaynon,active
lagnat,lagnt,hiligaynon,active
lagnat,llagnat,hiligaynon,active
lagnat,lanat,hiligaynon,active
hilanat,hilana,hiligaynon,active
hilanat,hhilanat,hiligaynon,active
hilanat,hilanaat,hiligaynon,active
hilanat,hilaant,hiligaynon,active
ginakalagnat,ginakalagnatt,hiligaynon,active
ginakalagnat,ginaklagnat,hiligaynon,active
ginakalagnat,ginakalagnaat,hiligaynon,active
ginakalagnat,inakalagnat,hiligaynon,active
ginalagnat,ginnalagnat,hiligaynon,active
ginalagnat,ginaalgnat,hiligaynon,active
ginalagnat,ginalganat,hiligaynon,active
ginalagnat,ginalagant,hiligaynon,active
gahilanat,gahhilanat,hiligaynon,active
gahilanat,gahilnat,hiligaynon,active
gahilanat,gaihlanat,hiligaynon,active
gahilanat,gahilannat,hiligaynon,active
ginahilanat,ginahilnat,hiligaynon,active
ginahilanat,ginahilanatt,hiligaynon,active
ginahilanat,ginahiilanat,hiligaynon,active
ginahilanat,ginahilaant,hiligaynon,active
may init lawas,may init awas,hiligaynon,active
may init lawas,ma yinit lawas,hiligaynon,active
may init lawas,may inti lawas,hiligaynon,active
may init lawas,may init laaws,hiligaynon,active
init lawas,init lwaas,hiligaynon,active
init lawas,init  lawas,hiligaynon,active
init lawas,iit lawas,hiligaynon,active
init lawas,initlawas,hiligaynon,active
may lagnat,may algnat,hiligaynon,active
may lagnat,mmay lagnat,hiligaynon,active
may lagnat,may lanat,hiligaynon,active
may lagnat,may lagat,hiligaynon,active
ginainitan,ginainnitan,hiligaynon,active
ginainitan,genainitan,hiligaynon,active
ginainitan,gininitan,hiligaynon,active
ginainitan,ginaiinitan,hiligaynon,active
ubo,uboo,hiligaynon,active
ubo,uubo,hiligaynon,active
ubo,ubu,hiligaynon,active
ubo,uo,hiligaynon,active
gaubo,gauob,hiligaynon,active
gaubo,ggaubo,hiligaynon,active
gaubo,gaubu,hiligaynon,active
gaubo,gaaubo,hiligaynon,active
ginaubo,ginnaubo,hiligaynon,active
ginaubo,ginubo,hiligaynon,active
ginaubo,ginauo,hiligaynon,active
ginaubo,genaubo,hiligaynon,active
nagauba,nagaauba,hiligaynon,active
nagauba,nagaua,hiligaynon,active
nagauba,nagauuba,hiligaynon,active
nagauba,agauba,hiligaynon,active
ginauubo,ginauubbo,hiligaynon,active
ginauubo,gnauubo,hiligaynon,active
ginauubo,ginaauubo,hiligaynon,active
ginauubo,gginauubo,hiligaynon,active
may ubo,may uob,hiligaynon,active
may ubo,may uboo,hiligaynon,active
may ubo,mey ubo,hiligaynon,active
may ubo,mayy ubo,hiligaynon,active
ubo-ubo,ubu-ubo,hiligaynon,active
ubo-ubo,ubo-ub,hiligaynon,active
ubo-ubo,ubo-uboo,hiligaynon,active
ubo-ubo,ub-oubo,hiligaynon,active
sip-on,sip-o,hiligaynon,active
sip-on,ssip-on,hiligaynon,active
sip-on,sip-no,hiligaynon,active
sip-on,si-on,hiligaynon,active
sipon,sipoon,hiligaynon,active
sipon,sipno,hiligaynon,active
sipon,ispon,hiligaynon,active
sipon,sippon,hiligaynon,active
may sip-on,may sip-oon,hiligaynon,active
may sip-on,mayy sip-on,hiligaynon,active
may sip-on,ma sip-on,hiligaynon,active
may sip-on,may  sip-on,hiligaynon,active
ginapanuhot,ginapanhot,hiligaynon,active
ginapanuhot,giinapanuhot,hiligaynon,active
ginapanuhot,ginapaunhot,hiligaynon,active
ginapanuhot,ginapannuhot,hiligaynon,active
panuhot,panhuot,hiligaynon,active
panuhot,panuhott,hiligaynon,active
panuhot,panhot,hiligaynon,active
panuhot,pnauhot,hiligaynon,active
barado ilong,baradu ilong,hiligaynon,active
barado ilong,barad oilong,hiligaynon,active
barado ilong,berado ilong,hiligaynon,active
barado ilong,bbarado ilong,hiligaynon,active
budlay ginhawa,budlay ginhaa,hiligaynon,active
budlay ginhawa,budlay gginhawa,hiligaynon,active
budlay ginhawa,budlay ginhwaa,hiligaynon,active
budlay ginhawa,budlay ginhaawa,hiligaynon,active
budlay magginhawa,budly magginhawa,hiligaynon,active
budlay magginhawa,budlay magginahwa,hiligaynon,active
budlay magginhawa,budlay maginhawa,hiligaynon,active
budlay magginhawa,buddlay magginhawa,hiligaynon,active
budlay gid ginhawa,budlaygid ginhawa,hiligaynon,active
budlay gid ginhawa,bdlay gid ginhawa,hiligaynon,active
budlay gid ginhawa,budlay gidginhawa,hiligaynon,active
budlay gid ginhawa,budlay gid ginhwa,hiligaynon,active
budlay gid ang ginhawa,budlay gid ang ginhaa,hiligaynon,active
budlay gid ang ginhawa,budlay gd ang ginhawa,hiligaynon,active
budlay gid ang ginhawa,budlay gida ng ginhawa,hiligaynon,active
budlay gid ang ginhawa,budlay ggid ang ginhawa,hiligaynon,active
indi ko kaginhawa,inddi ko kaginhawa,hiligaynon,active
indi ko kaginhawa,iindi ko kaginhawa,hiligaynon,active
indi ko kaginhawa,indik o kaginhawa,hiligaynon,active
indi ko kaginhawa,indi ko kaginahwa,hiligaynon,active
indi makaginhawa,indi mmakaginhawa,hiligaynon,active
indi makaginhawa,inid makaginhawa,hiligaynon,active
indi makaginhawa,indi makagnhawa,hiligaynon,active
indi makaginhawa,indi makaginhawaa,hiligaynon,active
dula ginhawa,dula giinhawa,hiligaynon,active
dula ginhawa,dula ginhaaw,hiligaynon,active
dula ginhawa,dula ginhaw,hiligaynon,active
dula ginhawa,dua ginhawa,hiligaynon,active
ginakapos ginhawa,ginakapoos ginhawa,hiligaynon,active
ginakapos ginhawa,ginakpos ginhawa,hiligaynon,active
ginakapos ginhawa,ginakaapos ginhawa,hiligaynon,active
ginakapos ginhawa,ignakapos ginhawa,hiligaynon,active
ginahapo,ginahapoo,hiligaynon,active
ginahapo,ginaahapo,hiligaynon,active
ginahapo,gginahapo,hiligaynon,active
ginahapo,ginahaop,hiligaynon,active
hapo,hao,hiligaynon,active
hapo,hhapo,hiligaynon,active
hapo,ahpo,hiligaynon,active
hapo,hepo,hiligaynon,active
masakit dughan,asakit dughan,hiligaynon,active
masakit dughan,masaki tdughan,hiligaynon,active
masakit dughan,masakit dugghan,hiligaynon,active
masakit dughan,masakit dughhan,hiligaynon,active
gasakit dughan,asakit dughan,hiligaynon,active
gasakit dughan,gasakit dughann,hiligaynon,active
gasakit dughan,gasakit udghan,hiligaynon,active
gasakit dughan,gasakit duughan,hiligaynon,active
sakit dughan,ssakit dughan,hiligaynon,active
sakit dughan,sakit dughna,hiligaynon,active
sakit dughan,sacit dughan,hiligaynon,active
sakit dughan,sakit dughann,hiligaynon,active
hapdi dughan,hapdi dugghan,hiligaynon,active
hapdi dughan,hapdi dugha,hiligaynon,active
hapdi dughan,hapdi dughn,hiligaynon,active
hapdi dughan,hapdi ughan,hiligaynon,active
masakit dibdib,masakit diibdib,hiligaynon,active
masakit dibdib,msakit dibdib,hiligaynon,active
masakit dibdib,maaskit dibdib,hiligaynon,active
masakit dibdib,maakit dibdib,hiligaynon,active
masakit akon dughan,massakit akon dughan,hiligaynon,active
masakit akon dughan,masakit akon dugha,hiligaynon,active
masakit akon dughan,masakti akon dughan,hiligaynon,active
masakit akon dughan,masakit kon dughan,hiligaynon,active
masakit tiyan,masakit tiyna,hiligaynon,active
masakit tiyan,maskait tiyan,hiligaynon,active
masakit tiyan,masakit tian,hiligaynon,active
masakit tiyan,masakit  tiyan,hiligaynon,active
gasakit tiyan,gasacit tiyan,hiligaynon,active
gasakit tiyan,gasakit tian,hiligaynon,active
gasakit tiyan,gasakit tyan,hiligaynon,active
gasakit tiyan,gaskait tiyan,hiligaynon,active
sakit tiyan,saikt tiyan,hiligaynon,active
sakit tiyan,saki tiyan,hiligaynon,active
sakit tiyan,sakit tiiyan,hiligaynon,active
sakit tiyan,sakit tiyyan,hiligaynon,active
masakit akon tiyan,masakit akonn tiyan,hiligaynon,active
masakit akon tiyan,maaskit akon tiyan,hiligaynon,active
masakit akon tiyan,masakit akon ttiyan,hiligaynon,active
masakit akon tiyan,maakit akon tiyan,hiligaynon,active
gapalanakit tiyan,gapalanakit tian,hiligaynon,active
gapalanakit tiyan,gapalnaakit tiyan,hiligaynon,active
gapalanakit tiyan,gapalanakkit tiyan,hiligaynon,active
gapalanakit tiyan,gappalanakit tiyan,hiligaynon,active
gasakit ulo,gasakti ulo,hiligaynon,active
gasakit ulo,gaaskit ulo,hiligaynon,active
gasakit ulo,gasacit ulo,hiligaynon,active
gasakit ulo,gasakit uo,hiligaynon,active
gapalanakit ulo,gapalanakit uo,hiligaynon,active
gapalanakit ulo,gapalanakit  ulo,hiligaynon,active
gapalanakit ulo,gapalanakitu lo,hiligaynon,active
gapalanakit ulo,gapalaankit ulo,hiligaynon,active
sakit ulo,sakit lo,hiligaynon,active
sakit ulo,sakit uol,hiligaynon,active
sakit ulo,sakitu lo,hiligaynon,active
sakit ulo,saket ulo,hiligaynon,active
masakit ulo,masakkit ulo,hiligaynon,active
masakit ulo,masaakit ulo,hiligaynon,active
masakit ulo,masaket ulo,hiligaynon,active
masakit ulo,mmasakit ulo,hiligaynon,active
lipong ulo,lipnog ulo,hiligaynon,active
lipong ulo,lipong uulo,hiligaynon,active
lipong ulo,ilpong ulo,hiligaynon,active
lipong ulo,lipong ullo,hiligaynon,active
gasuka,gaskua,hiligaynon,active
gasuka,gesuka,hiligaynon,active
gasuka,gasuca,hiligaynon,active
gasuka,ggasuka,hiligaynon,active
ginasuka,ginsauka,hiligaynon,active
ginasuka,ginaskua,hiligaynon,active
ginasuka,ginassuka,hiligaynon,active
ginasuka,gniasuka,hiligaynon,active
nagasuka,nagasuuka,hiligaynon,active
nagasuka,naasuka,hiligaynon,active
nagasuka,nagaskua,hiligaynon,active
nagasuka,nagasukka,hiligaynon,active
naga suka,naga uska,hiligaynon,active
naga suka,nag suka,hiligaynon,active
naga suka,nag asuka,hiligaynon,active
naga suka,nega suka,hiligaynon,active
gapalanuka,agpalanuka,hiligaynon,active
gapalanuka,gepalanuka,hiligaynon,active
gapalanuka,gapaalnuka,hiligaynon,active
gapalanuka,gapalanuuka,hiligaynon,active
ginsuka,ginuska,hiligaynon,active
ginsuka,ginsuk,hiligaynon,active
ginsuka,ginsua,hiligaynon,active
ginsuka,gnsuka,hiligaynon,active
suka,sukka,hiligaynon,active
suka,skua,hiligaynon,active
suka,suke,hiligaynon,active
suka,suuka,hiligaynon,active
ginakulba,ginakuulba,hiligaynon,active
ginakulba,ginakulbaa,hiligaynon,active
ginakulba,genakulba,hiligaynon,active
ginakulba,ginaculba,hiligaynon,active
kulba,culba,hiligaynon,active
kulba,kullba,hiligaynon,active
kulba,ulba,hiligaynon,active
kulba,klba,hiligaynon,active
ginakulba ko,inakulba ko,hiligaynon,active
ginakulba ko,ginkulba ko,hiligaynon,active
ginakulba ko,ginakulb ako,hiligaynon,active
ginakulba ko,ginaakulba ko,hiligaynon,active
daw magasuka,daww magasuka,hiligaynon,active
daw magasuka,da wmagasuka,hiligaynon,active
daw magasuka,daw magaskua,hiligaynon,active
daw magasuka,daw amgasuka,hiligaynon,active
ginakalipong,ginakalipung,hiligaynon,active
ginakalipong,ginakallipong,hiligaynon,active
ginakalipong,ginakaalipong,hiligaynon,active
ginakalipong,ginnakalipong,hiligaynon,active
lipong,lpong,hiligaynon,active
lipong,lipongg,hiligaynon,active
lipong,lipnog,hiligaynon,active
lipong,liipong,hiligaynon,active
nagakalipong,angakalipong,hiligaynon,active
nagakalipong,negakalipong,hiligaynon,active
nagakalipong,nagakalipongg,hiligaynon,active
nagakalipong,nagakaipong,hiligaynon,active
kalipong,alipong,hiligaynon,active
kalipong,kelipong,hiligaynon,active
kalipong,kaipong,hiligaynon,active
kalipong,kalipogn,hiligaynon,active
naluya,nnaluya,hiligaynon,active
naluya,naluy,hiligaynon,active
naluya,aluya,hiligaynon,active
naluya,naluuya,hiligaynon,active
ginapangluya,ginappangluya,hiligaynon,active
ginapangluya,ginapangluay,hiligaynon,active
ginapangluya,ginapanngluya,hiligaynon,active
ginapangluya,ginaapangluya,hiligaynon,active
luya,luyya,hiligaynon,active
luya,lya,hiligaynon,active
luya,uya,hiligaynon,active
luya,lluya,hiligaynon,active
kapoy,akpoy,hiligaynon,active
kapoy,kepoy,hiligaynon,active
kapoy,kapo,hiligaynon,active
kapoy,kapyo,hiligaynon,active
kapoy gid,kapoy gidd,hiligaynon,active
kapoy gid,kapoy igd,hiligaynon,active
kapoy gid,kpaoy gid,hiligaynon,active
kapoy gid,kapoyy gid,hiligaynon,active
ginakapoy,ignakapoy,hiligaynon,active
ginakapoy,ginaakapoy,hiligaynon,active
ginakapoy,ginakpaoy,hiligaynon,active
ginakapoy,giakapoy,hiligaynon,active
gahubag,ahubag,hiligaynon,active
gahubag,ghaubag,hiligaynon,active
gahubag,gahubbag,hiligaynon,active
gahubag,ghubag,hiligaynon,active
hubag,hubagg,hiligaynon,active
hubag,ubag,hiligaynon,active
hubag,hubg,hiligaynon,active
hubag,hhubag,hiligaynon,active
ginahubag,ginahubg,hiligaynon,active
ginahubag,ginahbuag,hiligaynon,active
ginahubag,ginahbag,hiligaynon,active
ginahubag,ginahuubag,hiligaynon,active
nagahubag,nagahubga,hiligaynon,active
nagahubag,nagahubbag,hiligaynon,active
nagahubag,angahubag,hiligaynon,active
nagahubag,nagahuubag,hiligaynon,active
ginakurog,ginaakurog,hiligaynon,active
ginakurog,ginaurog,hiligaynon,active
ginakurog,ginakurogg,hiligaynon,active
ginakurog,ginakruog,hiligaynon,active
nagakurog,ngaakurog,hiligaynon,active
nagakurog,nagakuurog,hiligaynon,active
nagakurog,agakurog,hiligaynon,active
nagakurog,nagakurrog,hiligaynon,active
kurog,urog,hiligaynon,active
kurog,kuurog,hiligaynon,active
kurog,ukrog,hiligaynon,active
kurog,kuro,hiligaynon,active
ginakulba lawas,ginakubla lawas,hiligaynon,active
ginakulba lawas,ginauklba lawas,hiligaynon,active
ginakulba lawas,giankulba lawas,hiligaynon,active
ginakulba lawas,ginaakulba lawas,hiligaynon,active
may dugo sa suka,may dugosa suka,hiligaynon,active
may dugo sa suka,ay dugo sa suka,hiligaynon,active
may dugo sa suka,may dugoo sa suka,hiligaynon,active
may dugo sa suka,may dugo sasuka,hiligaynon,active
nagsuka dugo,nagssuka dugo,hiligaynon,active
nagsuka dugo,nagsukaa dugo,hiligaynon,active
nagsuka dugo,ngsuka dugo,hiligaynon,active
nagsuka dugo,naguka dugo,hiligaynon,active
dugo sa suka,dugo sa sukka,hiligaynon,active
dugo sa suka,ugo sa suka,hiligaynon,active
dugo sa suka,dugo sa uska,hiligaynon,active
dugo sa suka,dugo sa ska,hiligaynon,active
may dugo sa ihi,may  dugo sa ihi,hiligaynon,active
may dugo sa ihi,ma ydugo sa ihi,hiligaynon,active
may dugo sa ihi,may dugo sa hii,hiligaynon,active
may dugo sa ihi,may dug osa ihi,hiligaynon,active
dugo sa ihi,dugo sa ehi,hiligaynon,active
dugo sa ihi,dugo saihi,hiligaynon,active
dugo sa ihi,dugos a ihi,hiligaynon,active
dugo sa ihi,dugo sa ihii,hiligaynon,active
pula ihi,ppula ihi,hiligaynon,active
pula ihi,pula ihhi,hiligaynon,active
pula ihi,pulaa ihi,hiligaynon,active
pula ihi,plua ihi,hiligaynon,active
may dugo sa dumi,may dugo sa  dumi,hiligaynon,active
may dugo sa dumi,may dugo sa dui,hiligaynon,active
may dugo sa dumi,may dugos a dumi,hiligaynon,active
may dugo sa dumi,may dugo sa duim,hiligaynon,active
dugo sa tae,ddugo sa tae,hiligaynon,active
dugo sa tae,duggo sa tae,hiligaynon,active
dugo sa tae,dugo a tae,hiligaynon,active
dugo sa tae,udgo sa tae,hiligaynon,active
dugo sa dumi,dugo as dumi,hiligaynon,active
dugo sa dumi,duog sa dumi,hiligaynon,active
dugo sa dumi,duugo sa dumi,hiligaynon,active
dugo sa dumi,dugo sa umi,hiligaynon,active
budlay tulog,budlay tullog,hiligaynon,active
budlay tulog,bbudlay tulog,hiligaynon,active
budlay tulog,budlay ttulog,hiligaynon,active
budlay tulog,budlayy tulog,hiligaynon,active
indi makatulog,indi makatluog,hiligaynon,active
indi makatulog,indim akatulog,hiligaynon,active
indi makatulog,indi makatullog,hiligaynon,active
indi makatulog,indi maakatulog,hiligaynon,active
wala tulog,wala tulug,hiligaynon,active
wala tulog,wala tuulog,hiligaynon,active
wala tulog,waa tulog,hiligaynon,active
wala tulog,wal tulog,hiligaynon,active
nagabudlay lakat,nagabudlay laka,hiligaynon,active
nagabudlay lakat,naagabudlay lakat,hiligaynon,active
nagabudlay lakat,nagabudlay  lakat,hiligaynon,active
nagabudlay lakat,nagbudlay lakat,hiligaynon,active
budlay maglakat,budlaay maglakat,hiligaynon,active
budlay maglakat,buday maglakat,hiligaynon,active
budlay maglakat,budaly maglakat,hiligaynon,active
budlay maglakat,udlay maglakat,hiligaynon,active
indi makalakat,indi makalakaat,hiligaynon,active
indi makalakat,idi makalakat,hiligaynon,active
indi makalakat,indi maklakat,hiligaynon,active
indi makalakat,indi makalkaat,hiligaynon,active
naga tae,nag atae,hiligaynon,active
naga tae,naaga tae,hiligaynon,active
naga tae,naga  tae,hiligaynon,active
naga tae,naga tea,hiligaynon,active
tae-tae,tae-ae,hiligaynon,active
tae-tae,taetae,hiligaynon,active
tae-tae,ate-tae,hiligaynon,active
tae-tae,tea-tae,hiligaynon,active
malusaw tae,malusawtae,hiligaynon,active
malusaw tae,malussaw tae,hiligaynon,active
malusaw tae,malsaw tae,hiligaynon,active
malusaw tae,maluswa tae,hiligaynon,active
nagakalibang,nagakalbiang,hiligaynon,active
nagakalibang,nagakalibnag,hiligaynon,active
nagakalibang,nagakalibanng,hiligaynon,active
nagakalibang,nagakaliibang,hiligaynon,active
sakit tutunlan,sakit tutunln,hiligaynon,active
sakit tutunlan,ssakit tutunlan,hiligaynon,active
sakit tutunlan,sakit ttunlan,hiligaynon,active
sakit tutunlan,sakit tuttunlan,hiligaynon,active
hapdi tutunlan,hapdi tutulnan,hiligaynon,active
hapdi tutunlan,hadi tutunlan,hiligaynon,active
hapdi tutunlan,hapdi tuttunlan,hiligaynon,active
hapdi tutunlan,hapdii tutunlan,hiligaynon,active
masakit tutunlan,masacit tutunlan,hiligaynon,active
masakit tutunlan,masakkit tutunlan,hiligaynon,active
masakit tutunlan,masakt tutunlan,hiligaynon,active
masakit tutunlan,masakit tutunln,hiligaynon,active
sakit lawas,sakit lawass,hiligaynon,active
sakit lawas,sakit lawaas,hiligaynon,active
sakit lawas,saikt lawas,hiligaynon,active
sakit lawas,sakit laas,hiligaynon,active
masakit lawas,massakit lawas,hiligaynon,active
masakit lawas,masaikt lawas,hiligaynon,active
masakit lawas,masakit awas,hiligaynon,active
masakit lawas,masacit lawas,hiligaynon,active
gapalanakit lawas,gapalanakitlawas,hiligaynon,active
gapalanakit lawas,gapalanaikt lawas,hiligaynon,active
gapalanakit lawas,gapaalnakit lawas,hiligaynon,active
gapalanakit lawas,gapalnakit lawas,hiligaynon,active
paminsa,paminas,hiligaynon,active
paminsa,pminsa,hiligaynon,active
paminsa,ppaminsa,hiligaynon,active
paminsa,paminsaa,hiligaynon,active
panganud,pangnaud,hiligaynon,active
panganud,pangnud,hiligaynon,active
panganud,pagnanud,hiligaynon,active
panganud,pangaanud,hiligaynon,active
gahubag panit,gahuba panit,hiligaynon,active
gahubag panit,gahubag paniit,hiligaynon,active
gahubag panit,gehubag panit,hiligaynon,active
gahubag panit,gahubag panitt,hiligaynon,active
kalapata,alapata,hiligaynon,active
kalapata,kalapta,hiligaynon,active
kalapata,kaapata,hiligaynon,active
kalapata,kalaptaa,hiligaynon,active
pantal,antal,hiligaynon,active
pantal,pantla,hiligaynon,active
pantal,patal,hiligaynon,active
pantal,pantl,hiligaynon,active
sakit dulunggan,sakit  dulunggan,hiligaynon,active
sakit dulunggan,akit dulunggan,hiligaynon,active
sakit dulunggan,sakit ulunggan,hiligaynon,active
sakit dulunggan,sekit dulunggan,hiligaynon,active
masakit dulunggan,masakit dulunggna,hiligaynon,active
masakit dulunggan,masakit dulungga,hiligaynon,active
masakit dulunggan,masakitt dulunggan,hiligaynon,active
masakit dulunggan,maaskit dulunggan,hiligaynon,active
sakit mata,skait mata,hiligaynon,active
sakit mata,skit mata,hiligaynon,active
sakit mata,sakit mataa,hiligaynon,active
sakit mata,saakit mata,hiligaynon,active
masakit mata,masakitmata,hiligaynon,active
masakit mata,asakit mata,hiligaynon,active
masakit mata,masakti mata,hiligaynon,active
masakit mata,massakit mata,hiligaynon,active
sakit likod,sakit llikod,hiligaynon,active
sakit likod,sakt likod,hiligaynon,active
sakit likod,sakit  likod,hiligaynon,active
sakit likod,sakit likkod,hiligaynon,active
masakit likod,mmasakit likod,hiligaynon,active
masakit likod,masakit likkod,hiligaynon,active
masakit likod,asakit likod,hiligaynon,active
masakit likod,maskait likod,hiligaynon,active
hapdi mag-ihi,hepdi mag-ihi,hiligaynon,active
hapdi mag-ihi,hadpi mag-ihi,hiligaynon,active
hapdi mag-ihi,hapdi mag-ih,hiligaynon,active
hapdi mag-ihi,hapdi magihi,hiligaynon,active
sakit mag-ihi,sakit ag-ihi,hiligaynon,active
sakit mag-ihi,saikt mag-ihi,hiligaynon,active
sakit mag-ihi,sakit mga-ihi,hiligaynon,active
sakit mag-ihi,akit mag-ihi,hiligaynon,active
masakit ihi,masakit  ihi,hiligaynon,active
masakit ihi,massakit ihi,hiligaynon,active
masakit ihi,mmasakit ihi,hiligaynon,active
masakit ihi,masakiti hi,hiligaynon,active
naga pitik dughan,naga iptik dughan,hiligaynon,active
naga pitik dughan,naga pitik dughn,hiligaynon,active
naga pitik dughan,naga piitik dughan,hiligaynon,active
naga pitik dughan,naga pitik udghan,hiligaynon,active
madasig pitik,madasig piitik,hiligaynon,active
madasig pitik,maasig pitik,hiligaynon,active
madasig pitik,madsaig pitik,hiligaynon,active
madasig pitik,madasig pitikk,hiligaynon,active
naguyam,anguyam,hiligaynon,active
naguyam,nagyuam,hiligaynon,active
naguyam,naugyam,hiligaynon,active
naguyam,naguam,hiligaynon,active
ginsuyam,ginsuya,hiligaynon,active
ginsuyam,ginsuam,hiligaynon,active
ginsuyam,ginsuyaam,hiligaynon,active
ginsuyam,ginsuyem,hiligaynon,active
nagauyam,naguyam,hiligaynon,active
nagauyam,nagauyaam,hiligaynon,active
nagauyam,naaguyam,hiligaynon,active
nagauyam,naggauyam,hiligaynon,active
nadulaan malay,nadulaan maly,hiligaynon,active
nadulaan malay,naddulaan malay,hiligaynon,active
nadulaan malay,andulaan malay,hiligaynon,active
nadulaan malay,nadulaan mallay,hiligaynon,active
nagpunaw,nagpnuaw,hiligaynon,active
nagpunaw,agpunaw,hiligaynon,active
nagpunaw,nagpunw,hiligaynon,active
nagpunaw,nagpunwa,hiligaynon,active
wala malay,waal malay,hiligaynon,active
wala malay,wala malya,hiligaynon,active
wala malay,wela malay,hiligaynon,active
wala malay,walla malay,hiligaynon,active
nagadugo,nagadgo,hiligaynon,active
nagadugo,nagaadugo,hiligaynon,active
nagadugo,naggadugo,hiligaynon,active
nagadugo,nagaudgo,hiligaynon,active
gadugo,gaugo,hiligaynon,active
gadugo,gaduugo,hiligaynon,active
gadugo,gdugo,hiligaynon,active
gadugo,ggadugo,hiligaynon,active
grabe nagadugo,grrabe nagadugo,hiligaynon,active
grabe nagadugo,grabe nagaduog,hiligaynon,active
grabe nagadugo,grabe nnagadugo,hiligaynon,active
grabe nagadugo,grabe nagdaugo,hiligaynon,active
abnormal breast physiology,ebnormal breast physiology,generated,active
5-hydroxymethyluracil high in urine,5-hydroxymethluracil high in urine,generated,active
coughing blood,coughhing blood,generated,active
abnormal cardiac biomarker test,anormal cardiac biomarker test,generated,active
abnormal dermis morphology,abnormal drmis morphology,generated,active
5-hydroxymethyluracil high in urine,5-hyddroxymethyluracil high in urine,generated,active
abnormal blood o2 level,abnormal blood o2 lveel,generated,active
abnormal csf pterin concentration,abnormmal csf pterin concentration,generated,active
abdominal bloating,abdominal bolating,generated,active
4-hydroxyphenyllactic aciduria,4-hydrroxyphenyllactic aciduria,generated,active
abnormal abdomen morphology,abnoraml abdomen morphology,generated,active
abnormal coagulation profile,abnormal cooagulation profile,generated,active
abdominal distension,abdoinal distension,generated,active
abnormal corneal thickness,abnormal corneal thicknss,generated,active
abnormal cochlea morphology,anormal cochlea morphology,generated,active
abnormal communication,abormal communication,generated,active
6 metacarpals,6 metaacarpals,generated,active
abnormal coeliac artery morphology,abormal coeliac artery morphology,generated,active
abdominal distension (gaseous),adbominal distension (gaseous),generated,active
abnormal bronchus physiology,abnormal bronchs physiology,generated,active
abnormal cd4+ t cell subset,abnormal cd+4 t cell subset,generated,active
abnormal blood glucose concentration,abnormal blood glucoe concentration,generated,active
6 long bones of hand,6 long bones fo hand,generated,active
abnormal dentin morphology,abnormal dentin orphology,generated,active
1-minute apgar score of 4,1-minuute apgar score of 4,generated,active
abnormal co2 level in cord blood,abnormal co2 level in cor dblood,generated,active
abnormal corticospinal tract morphology,abnormal corticospinal tract morphollogy,generated,active
abnormal bun concentration,abnormal bun concenration,generated,active
5th finger middle phalangeal hypoplasia,5th finger middle falangeal hypoplasia,generated,active
abnormal csf valine concentration,abnoraml csf valine concentration,generated,active
abnormal axial skeleton morphology,abnormal axial skeleton morphoogy,generated,active
abnormal circulating gaba concentration,abnormal circulating gaba  concentration,generated,active
abnormal b cell count,abnormal bcell count,generated,active
abnormal cardiac output,abnromal cardiac output,generated,active
abnormal color vision,abnormal color visionn,generated,active
aa amyloidosis,aa ammyloidosis,generated,active
abnormal csf glucose level,abnormal csf glcose level,generated,active
abnormal csf aspartate concentration,ebnormal csf aspartate concentration,generated,active
abnormal ca-phos regulating hormone level,abnormal ca-phos reglating hormone level,generated,active
abnormal csf lactate concentration,abnormal csf lactate concentrtaion,generated,active
abnormal corneal reflex,abonrmal corneal reflex,generated,active
abnormal brain lactate level by mrs,abnormal brain lactate level yb mrs,generated,active
abnormal descemet membrane morphology,abnomral descemet membrane morphology,generated,active
4-layered lissencephaly,-layered lissencephaly,generated,active
5-fluorouracil exposure,5-fluorouraci exposure,generated,active
abnormal conjunctiva morphology,abnormal conjunctiva  morphology,generated,active
"2,8-dihydroxyadenine urinary crystals","2,-8dihydroxyadenine urinary crystals",generated,active
abnormal diaphysis morphology,abnormal diaphyysis morphology,generated,active
abnormal b cells,abnormal b ells,generated,active
abdominal bloating,abdominal  bloating,generated,active
abnormal blood chloride concentration,abnormal bood chloride concentration,generated,active
abnormal dental position,abormal dental position,generated,active
abnormal csf aspartic acid concentration,abnrmal csf aspartic acid concentration,generated,active
aberrant right subclavian artery syndrome,aberrant right subclvian artery syndrome,generated,active
abnormal corticospinal tract morphology,abnoormal corticospinal tract morphology,generated,active
abnormal blood calcium concentration,abnormal blood calcum concentration,generated,active
abnormal c-reactive protein level,abnormal c-riactive protein level,generated,active
abnormal dn treg distribution,abnormal dn treg distribtion,generated,active
abnormal corneal thickness,abnormal crneal thickness,generated,active
abnormal antitragus morphology,abnormal antitragus morpholog,generated,active
abnormal cytokine signalling,abnormal cytokine signaalling,generated,active
abdominal wall defect,abdominnal wall defect,generated,active
4-hydroxyphenyllactic aciduria,4-hydroxypehnyllactic aciduria,generated,active
abnormal blood zinc concentration,abnormal blood zinc concentraton,generated,active
abnormal b cell count,abnormalb  cell count,generated,active
abnormal csf histidine concentration,abnrmal csf histidine concentration,generated,active
abnormal circulating t4 level,abnrmal circulating t4 level,generated,active
10-minute apgar score of 2,1-0minute apgar score of 2,generated,active
abnormal cardiac atrium morphology,abnormal cardiac atrium morpphology,generated,active
abnormal buccal mucosa morphology,abnormal buccalm ucosa morphology,generated,active
abnormal cardiac atrial physiology,abnormal cardiac attrial physiology,generated,active
abnormal bladder morphology,abnormal bladder morphologyy,generated,active
abnormal cd8+ t cell subsets,abnormal kd8+ t cell subsets,generated,active
abnormal brain fdg pet scan,abnormal brain phdg pet scan,generated,active
abnormal dentin morphology,abbnormal dentin morphology,generated,active
diarrhea,diarrhhea,generated,active
abdominal guarding,ebdominal guarding,generated,active
abnormal chorion morphology,abnormal chorin morphology,generated,active
abnormal aldolase level,abnormmal aldolase level,generated,active
abnormal coronary artery physiology,abnormal cornary artery physiology,generated,active
abnormal brain glutamine level by mrs,abnormal brain glutamine level byy mrs,generated,active
1-minute apgar score of 3,1-minute apgra score of 3,generated,active
palpitations,palpittions,generated,active
abnormal cytokine signalling,abnormal cytokin signalling,generated,active
abnormal csf amyloid concentration,abnormal csf amyloidc oncentration,generated,active
abnormal c-reactive protein level,abnormal c-reacttive protein level,generated,active
abnormal brain scan,abnormal brani scan,generated,active
aa amyloidosis,aa ayloidosis,generated,active
abnormal communicative gestures,abnormal communictaive gestures,generated,active
abnormal coronary artery morphology,abnormal coronary atery morphology,generated,active
abnormal cystatin c level,abnomal cystatin c level,generated,active
3rd toe clinodactyly,3rd toe clinodatcyly,generated,active
abnormal calf musculature morphology,abnormal clf musculature morphology,generated,active
abnormal atrioventricular connection,abnormal  atrioventricular connection,generated,active
3-hydroxydicarboxylic aciduria,3-hydroxyydicarboxylic aciduria,generated,active
abnormal cholesterol homeostasis,abnormal cholisterol homeostasis,generated,active
abnormal blood calcium levels,abnormal blood calcium llevels,generated,active
abnormal diffusing capacity,abormal diffusing capacity,generated,active
abnormal circulating thyroglobulin level,abnormal ciruclating thyroglobulin level,generated,active
abnormal circulating free t3 level,abnormal ciculating free t3 level,generated,active
abnormal cardiovascular system physiology,abnomal cardiovascular system physiology,generated,active
abnormal cardiac index,anbormal cardiac index,generated,active
abnormal circulating gastrin level,abnormal circulating gastrin lveel,generated,active
abnormal csf arginine concentration,abormal csf arginine concentration,generated,active
abnormal cartilage collagen,abnormal cartilage colllagen,generated,active
abnormal common carotid artery morphology,abnormal common carotid arery morphology,generated,active
abnormal atrioventricular connection,abnormal atrioventricular connectino,generated,active
abnormal coronary artery morphology,abnomral coronary artery morphology,generated,active
3-hydroxydicarboxylic aciduria,3-hydroxydicarboxylic acidura,generated,active
abnormal csf arginine concentration,abnorml csf arginine concentration,generated,active
abnormal cerebral artery morphology,aabnormal cerebral artery morphology,generated,active
abnormal descending aorta morphology,abnormal descening aorta morphology,generated,active
abnormal csf neopterin concentration,abnormal csf neopterin concenntration,generated,active
abnormal csf urate concentration,abnormal csfurate concentration,generated,active
abnormal cd4+ t cell subset,abnormal cd4+ t cell sbset,generated,active
3-methylglutaconicaciduria,3-methhylglutaconicaciduria,generated,active
abnormal capillary morphology,banormal capillary morphology,generated,active
abnormal cervical spine morphology,abnormal cervical spine morpology,generated,active
abnormal bowman capsule morphology,abnormal bowwman capsule morphology,generated,active
10-minute apgar score of 5,10-minute apgar scoree of 5,generated,active
"46,xy gonadal dysgenesis","46,xy gonadal dysgnesis",generated,active
abnormal amygdala morphology,abnorml amygdala morphology,generated,active
abnormal craniofacial muscle tone,abnormal crraniofacial muscle tone,generated,active
abnormal csf tryptophan concentration,abnormal csf tryptophan conceentration,generated,active
abnormal csf dopamine concentration,banormal csf dopamine concentration,generated,active
abnormal circulating ca concentration,abnormal circulating ca cconcentration,generated,active
abnormal atrioventricular connection,abnormal atrrioventricular connection,generated,active
abnormal circulating lysine concentration,abnormal circulating lysine concetration,generated,active
abdominal guarding,abdominal guardinng,generated,active
abnormal atrioventricular connection,abnoormal atrioventricular connection,generated,active
abnormal blood zinc concentration,abnormal blood zinc concentratino,generated,active
abnormal collarbone,abnormal coollarbone,generated,active
abdominal distention,abdominal idstention,generated,active
abnormal corneal stroma morphology,abnormal cornea lstroma morphology,generated,active
abnormal curve of the backbone,abnormaal curve of the backbone,generated,active
4-layered lissencephaly,4-layyered lissencephaly,generated,active
abnormal circulating inhibin level,abnormal circulating inhibin leel,generated,active
abnormal biliary tract physiology,abnormal  biliary tract physiology,generated,active
abnormal cochlea morphology,abnormalcochlea morphology,generated,active
abnormal cerebral artery morphology,abnormal cerebral artey morphology,generated,active
abnormal corpus callosum,abnormal coorpus callosum,generated,active
abnormal csf histidine concentration,abnormal csf histidine concentraton,generated,active
vision loss,vesion loss,generated,active
abnormal belly button,abnnormal belly button,generated,active
abdominal muscular hypoplasia,abdominal muscuar hypoplasia,generated,active
abnormal circulating valine concentration,bnormal circulating valine concentration,generated,active
abnormal cone-mediated electroretinogram,abnormal cone-mediatd electroretinogram,generated,active
abnormal blood k concentration,abnormal blood k cooncentration,generated,active
abnormal cardiac biomarker test,abnorma cardiac biomarker test,generated,active
abnormal apolipoprotein level,abnormal apolipopotein level,generated,active
abnormal co2 level in cord blood,abnormal co2 level i cord blood,generated,active
abnormal atrioventricular conduction,abnormal atrioventricular coonduction,generated,active
abnormal csf serine concentration,abnormal csf serine cocnentration,generated,active
abnormal blood o2 level,abnomral blood o2 level,generated,active
abnormal dentition,abnorma ldentition,generated,active
abnormal bone maturation of vertebra,abnormal bone mturation of vertebra,generated,active
abnormal cheek morphology,abnormal cheek morpholog,generated,active
abnormal consumption behaviour,abnormal consumptionb ehaviour,generated,active
abnormal csf dopamine level,abnormal sf dopamine level,generated,active
abnormal dendritic cell count,bnormal dendritic cell count,generated,active
abnormal antitragus morphology,abnormal antitragusm orphology,generated,active
abnormal csf threonine concentration,abnomral csf threonine concentration,generated,active
abducens nerve paralysis,abducens nervee paralysis,generated,active
abnormal consumption behaviour,abnormal consumption bihaviour,generated,active
abnormal csf homocarnosine concentration,abnurmal csf homocarnosine concentration,generated,active
abnormal delivery,abnormal dlivery,generated,active
abnormal alveolar macrophage morphology,abnormal alveolar macrphage morphology,generated,active
abnormal deltoid muscle morphology,abnoral deltoid muscle morphology,generated,active
abnormal cortical bone morphology,abnormal cortical bone morphlogy,generated,active
abnormal appendicular skeleton morphology,abnoral appendicular skeleton morphology,generated,active
abnormal coronary artery morphology,abnormal coronarry artery morphology,generated,active
abnormal circulating thyroglobulin level,abnormal circulating thyoglobulin level,generated,active
abnormal dental morphology,abnormal denta morphology,generated,active
abnormal color vision,abnorrmal color vision,generated,active
6-layered lissencephaly,6-leyered lissencephaly,generated,active
abnormal cerebral white matter morphology,abnormal cerebral white matter morphoogy,generated,active
abnormal circulating igg concentration,anbormal circulating igg concentration,generated,active
3-methylglutaric aciduria,3-methylglutaric aciuria,generated,active
abnormal doll's eye reflex,abnormal doll'se ye reflex,generated,active
abnormal descemet membrane morphology,abormal descemet membrane morphology,generated,active
confusion,coonfusion,generated,active
abnormal csf dopamine concentration,abnormal csf dopamine concentrtaion,generated,active
1-minute apgar score of 4,1-minue apgar score of 4,generated,active
abnormal circulating hormone level,abnormal circulating hormonne level,generated,active
5-minute apgar score of 4,5-minute agar score of 4,generated,active
abnormal blood carbon dioxide level,abnormal blood carbon diioxide level,generated,active
abnormal beta amyloid 40 level,banormal beta amyloid 40 level,generated,active
abnormal coronary artery course,abnormal coronary artiry course,generated,active
abnormal cardiovascular system physiology,abnormal cardiovascular sstem physiology,generated,active
abnormal conjugate eye movement,abnorma conjugate eye movement,generated,active
2-ethylhydracylic aciduria,-ethylhydracylic aciduria,generated,active
abnormal dentate nucleus morphology,abnormal dentate nucleus moprhology,generated,active
abnormal collarbone,abnormal collarbonee,generated,active
abnormal csf ion concentration,abnormal csf ioon concentration,generated,active
abnormal cerebral white matter morphology,abnormal cerebral wite matter morphology,generated,active
paralysis,paralyssis,generated,active
abnormal csf aspartate concentration,abnrmal csf aspartate concentration,generated,active
abnormal calvaria morphology,abnormmal calvaria morphology,generated,active
abnormal capitate bone morphology,abnormal capitatebone morphology,generated,active
abnormal cellular physiology,abnormal cellular pysiology,generated,active
abnormal common tendinous ring morphology,abnormal common teninous ring morphology,generated,active
abnormal communicative gestures,abnormal communicative gesutres,generated,active
abnormal circulating progesterone level,abnormal circulating progesetrone level,generated,active
abnormal ca-phos regulating hormone level,abnormal ca-phos regulating hormne level,generated,active
abnormal core 1 o-glycan level,abnormal core 1 o-glycan leve,generated,active
abnormal b cell proliferation,abnormal b cell rpoliferation,generated,active
abnormal cardiac catheterization,abnormal cardiacc catheterization,generated,active
abnormal circulating ldh concentration,abnormal circulating ldh concentratoin,generated,active
abnormal blood calcium levels,abnormal blood calcium levls,generated,active
1-minute apgar score of 3,1-minute apgar score o 3,generated,active
abnormal blood cation concentration,abnormal blood cation conecntration,generated,active
abnormal collarbone,abnromal collarbone,generated,active
2nd toe symphalangism,2nnd toe symphalangism,generated,active
abnormal circulating globulin level,abnormal circulating globulinl evel,generated,active
abnormal blood ion concentration,abnomral blood ion concentration,generated,active
abnormal communicative gestures,abnormal communicative gestues,generated,active
abnormal clitoris morphology,abnormal clitoris morpholog,generated,active
abnormal bone ossification,abnorma lbone ossification,generated,active
coughing blood,coghing blood,generated,active
aberrant right subclavian artery,aberrant rright subclavian artery,generated,active
abnormal dermatoglyphics,abnormal dermatoglyphiccs,generated,active
abnormal blood potassium concentration,abnoormal blood potassium concentration,generated,active
3-hydroxydicarboxylic aciduria,3-hydroxdyicarboxylic aciduria,generated,active
"abdominal rigidity, unspecified site","abdominal rigidity, unspecified ite",generated,active
abnormal blood na+ levels,abormal blood na+ levels,generated,active
abnormal auditory canal morphology,abnormal auuditory canal morphology,generated,active
abnormal digestive system morphology,abnormal digestive ssystem morphology,generated,active
itching,itchign,generated,active
abnormal bowman capsule morphology,abnormal bowman capssule morphology,generated,active
abnormal apoptosis,abnormal apoptosi,generated,active
abnormal csf phenylalanine concentration,abnormal csf phinylalanine concentration,generated,active
abnormal distal toe phalanx morphology,abnormal distal toe phaalnx morphology,generated,active
2-hydroxyadipic acid high in urine,2-hydroxyadipic acid igh in urine,generated,active
abetalipoproteinemia,abetlipoproteinemia,generated,active
abnormal color vision,abnormal color visio,generated,active
abnormal collecting system,abnomal collecting system,generated,active
abnormal alveolar ridge morphology,abnormal alveolr ridge morphology,generated,active
abnormal carpal bones,abnorma lcarpal bones,generated,active
abnormal csf homocarnosine concentration,abnormal csf homocarnoine concentration,generated,active
abnormal brain imaging,abnormal brainn imaging,generated,active
abnormal circulating phytanic acid level,abonrmal circulating phytanic acid level,generated,active
abnormal change in sexual drive,abnormal change in sexual drrive,generated,active
abnormal cornea morphology,abnormal cornea orphology,generated,active
abnormal distribution of hair,abnormla distribution of hair,generated,active
abnormal carotid artery morphology,abnormal karotid artery morphology,generated,active
abnormal csf glutamate concentration,abnorma csf glutamate concentration,generated,active
abnormal coronary artery morphology,abnormal coronary artery moprhology,generated,active
abnormal dense granule content,banormal dense granule content,generated,active
abnormal deposits of calcium in the brain,abnormal deposits ofcalcium in the brain,generated,active
abnormal 3rd finger phalanx morphology,abnormal 3rd finger phalanx morpholoyg,generated,active
abnormal ascending aorta morphology,abnormal aascending aorta morphology,generated,active
abnormal central sensory function,abnormal central sesory function,generated,active
abnormal dental pulp morphology,abnormal dental pulp morphloogy,generated,active
abnormal circulating iga concentration,abnormal circulaing iga concentration,generated,active
abnormal csf pterin concentration,abnormal csf pterin concentratiion,generated,active
abnormal dermatoglyphics,abnormal dermmatoglyphics,generated,active
abnormal anterior horn cell morphology,abnormla anterior horn cell morphology,generated,active
abnormal breathing,abnormal brreathing,generated,active
insomnia,insomni,generated,active
abnormal csf lactate level,abnormal csf lactatel evel,generated,active
abnormal complex n-glycan level,abnormal complex n-glycan levell,generated,active
abnormal cd8+ memory t cell proportion,abnormal cd8+ memoryy t cell proportion,generated,active
abnormal csf amyloid concentration,bnormal csf amyloid concentration,generated,active
abnormal csf amino acid level,abnormal csf amino acdi level,generated,active
abnormal doll's eye reflex,abnormal doll's eye rreflex,generated,active
abnormal cerebral white matter morphology,abnormal cerebal white matter morphology,generated,active
abnormal dentin morphology,abnormal ddentin morphology,generated,active
abnormal csf arginine concentration,abnormal csff arginine concentration,generated,active
abnormal diminished volition,abnormmal diminished volition,generated,active
abnormal b cell proliferation,abnormaal b cell proliferation,generated,active
ablepharon of eyelid,abblepharon of eyelid,generated,active
abnormal cerebral white matter morphology,abnormal cerebral white matter morphlogy,generated,active
abnormal csf glutamine concentration,abnormal csf glutamine concentrtion,generated,active
4-hydroxyphenylacetic aciduria,4-hydroxyphenylacetic aciuria,generated,active
abnormal cerebellar vermis morphology,abnormal kerebellar vermis morphology,generated,active
abnormal aortic valve cusp morphology,abnormal aortic valve ucsp morphology,generated,active
1-minute apgar score of 6,1-minute apgar csore of 6,generated,active
10-minute apgar score of 4,0-minute apgar score of 4,generated,active
2:1 av block,2:1 ev block,generated,active
abnormal cerebellar peduncle morphology,abnormal cerebellar peduncle morhology,generated,active
abnormal aortic morphology,abnoral aortic morphology,generated,active
abnormal doll's eye reflex,abnormal doll's eye reflxe,generated,active
abnormal colour vision,abnormal colour  vision,generated,active
abnormal circulating cpk concentration,abbnormal circulating cpk concentration,generated,active
"abdominal rigidity, unspecified site","abdominal riggidity, unspecified site",generated,active
abnormal base excess,abnormal base exces,generated,active
abnormal cerebrospinal fluid morphology,abnormal cerebrospinal fluid morphologgy,generated,active
abducens palsy,bducens palsy,generated,active
abnormal csf metabolite level,abnormal csf metaboite level,generated,active
abnormal deltoid muscle morphology,abnormal deltoid muuscle morphology,generated,active
abnormal circulating estrogen level,abnormal circulating estroggen level,generated,active
abnormal belly button,abnormal belly buttton,generated,active
abnormal corneal stroma morphology,abnormal corneal stroma morrphology,generated,active
abnormal chorion morphology,abnormal chorion morpohlogy,generated,active
abnormal circulating nicotinurate level,abnormal circulating nicottinurate level,generated,active
6 metacarpals,6 mitacarpals,generated,active
abnormal common carotid artery morphology,abormal common carotid artery morphology,generated,active
abnormal csf citrulline concentration,abnormal csf citrulline concentation,generated,active
chills,chillls,generated,active
abnormal distal toe phalanx morphology,abnormal distal toe phalanx morpology,generated,active
abnormal cns myelination,banormal cns myelination,generated,active
abnormal cervical spine morphology,abnorma lcervical spine morphology,generated,active
abnormal circulating vitamin b6 level,abbnormal circulating vitamin b6 level,generated,active
abducens nerve paresis,abducens nerve pareesis,generated,active
wheezing,wheezign,generated,active
abnormal deposits of calcium in the brain,abnormal deposits of calcim in the brain,generated,active
abnormal auditory canal morphology,abnormal auditory canaal morphology,generated,active
aberrant melanosome maturation,aberrant melaanosome maturation,generated,active
abnormal circulating vitamin b6 level,abnormal circulating vitamin b6 leve,generated,active
abnormal cytokine signaling,abnormal cyttokine signaling,generated,active
abnormal b cell count,abnurmal b cell count,generated,active
abnormal cd4+ t cell subsets,abnormal cd4+  tcell subsets,generated,active
abnormal diaphysis morphology,abonrmal diaphysis morphology,generated,active
abnormal complement of permanent teeth,abnormal complement of pemanent teeth,generated,active
abnormal anterior fontanelle morphology,abnormal anterior fontanelle morphologgy,generated,active
abnormal diencephalon morphology,abnormal diencephalonm orphology,generated,active
abnormal aortic arch morphology,abnormal aortic arch omrphology,generated,active
abnormal dental pulp morphology,abnomal dental pulp morphology,generated,active
abnormal circulating ldh concentration,abnormal circulating ldh cncentration,generated,active
abnormal dendritic cell count,abnrmal dendritic cell count,generated,active
abdominal aura,abdoominal aura,generated,active
abnormal body mass index,abnrmal body mass index,generated,active
abnormal conus medullaris morphology,abnorma lconus medullaris morphology,generated,active
abnormal descending aorta morphology,abnomal descending aorta morphology,generated,active
abnormal arachnoid mater morphology,abnoormal arachnoid mater morphology,generated,active
abnormal bleeding,abnoraml bleeding,generated,active
abnormal anatomic location of the heart,abnormal anatomic location of the herat,generated,active
abnormal corneal reflex,abnormal conreal reflex,generated,active
abnormal antihelix morphology,abnormala ntihelix morphology,generated,active
6 long bones of hand,6 long bonnes of hand,generated,active
10-minute apgar score of 3,10-minute apgar score of3,generated,active
5-minute apgar score of 0,5-minute apgarscore of 0,generated,active
abnormal b-type natriuretic peptide level,abnormal b-type natriuretic pptide level,generated,active
shortness of breath,shortnes of breath,generated,active
abetalipoproteinemia,abetalipopproteinemia,generated,active
abnormal dense granule content,abnormal dense granule conent,generated,active
abnormal cd4+ t cell subset proportion,abnormal cd4+  cell subset proportion,generated,active
abnormal alpha granule distribution,abnormal alpha granue distribution,generated,active
abnormal circulating renin,abnormalc irculating renin,generated,active
abnormal cranial nerve physiology,abnormal cranial nreve physiology,generated,active
abnormal curve of the spine,abnormal ccurve of the spine,generated,active
abnormal dendritic cell count,abnormal dendritic cell cuont,generated,active
abnormal corpus callosum morphology,abnormal corpus callosum morrphology,generated,active
abnormal coccyx morphology,abnomral coccyx morphology,generated,active
abnormal dense tubular system,abnormal dense tubular systtem,generated,active
abnormal diminished volition,abbnormal diminished volition,generated,active
abnormal csf glucose concentration,abnormal csf gucose concentration,generated,active
abnormal apolipoprotein level,abnormal apoliipoprotein level,generated,active
abnormal cervical spine morphology,abnormmal cervical spine morphology,generated,active
abnormal csf lactate level,abnormal csfl actate level,generated,active
abnormal cone-mediated electroretinogram,abnormal cone-mediated leectroretinogram,generated,active
abnormal ankle bones,abnormal ankel bones,generated,active
body pain,boody pain,generated,active
abnormal cognitive process,abnormalc ognitive process,generated,active
abnormal csf a[beta]42 level,abnormal  csf a[beta]42 level,generated,active
abnormal csf neopterin level,abbnormal csf neopterin level,generated,active
abnormal corneal limbus morphology,abnormal corneal limbus mrophology,generated,active
3-methylglutaricaciduria,3-mtehylglutaricaciduria,generated,active
abdominal swelling,abdominal sweelling,generated,active
abnormal dense granules,abnormal desne granules,generated,active
abnormal descemet membrane morphology,anormal descemet membrane morphology,generated,active
abnormal aryepiglottic folds,abnormal aryepiglottic olds,generated,active
abnormal anterior chamber morphology,abnormal anterior chamber morphlogy,generated,active
abnormal blood folate concentration,abnormal blood folate concentraton,generated,active
abnormal brain-evoked potentials,abnormal brain-evoked potentialls,generated,active
abnormal central sensory function,abnormal central senssory function,generated,active
abnormal atrioventricular connexion,abnormal atrioventricular connxion,generated,active
abdominal aortic aneurysm,abdominla aortic aneurysm,generated,active
abnormal dental position,abnormal dental positio,generated,active
abnormal blood o2 level,abbnormal blood o2 level,generated,active
abnormal diencephalon morphology,abormal diencephalon morphology,generated,active
abnormal cardiac septum morphology,abnormal cardia cseptum morphology,generated,active
abnormal breath sound,abnorml breath sound,generated,active
abnormal circulating aldosterone,abnormal cicrulating aldosterone,generated,active
abnormal chylomicron concentration,abnoral chylomicron concentration,generated,active
abnormal corneal epithelium morphology,abnormal ccorneal epithelium morphology,generated,active
abnormal csf dopamine concentration,abnurmal csf dopamine concentration,generated,active
abnormal change in sexual drive,abnormal change in sexual rdive,generated,active
abnormal cheek morphology,abnormal cheek morphoolgy,generated,active
abnormal circulating beta-crosslaps level,abnrmal circulating beta-crosslaps level,generated,active
abnormal b cell proliferation,abonrmal b cell proliferation,generated,active
abnormal 5th finger morphology,abnormal 5th fnger morphology,generated,active
abnormal circulating ca2+ concentration,abnormal circulating ca2+ concintration,generated,active
4-hydroxyphenyllactic aciduria,4-hydroxyphenyllactic aciduriaa,generated,active
abnormal cerebral venous sinus morphology,abnormal cerebral venous snus morphology,generated,active
abnormal cardiac ventricle morphology,abnormal cardiac vntricle morphology,generated,active
abnormal atrial septum morphology,abnormal atrial  septum morphology,generated,active
bleeding,bleeing,generated,active
abnormal consumption behaviour,abnormal cconsumption behaviour,generated,active
abnormal dendritic cell count,abnormal dendritic cell cont,generated,active
abdominal reflex absent,abdominal refllex absent,generated,active
abnormal circulating properdin level,abnormal circuating properdin level,generated,active
abnormal direction of ventricular apex,abnormal direction of ventricularapex,generated,active
abnormal csf lysine concentration,abnormal csf lysiine concentration,generated,active
abnormal cardiac index,abnormal caardiac index,generated,active
abnormal circulating igd level,abnormal circulaitng igd level,generated,active
abdominal organ duplication,abdomenal organ duplication,generated,active
abnormal csf amino acid concentration,abnorml csf amino acid concentration,generated,active
abnormal chylomicron concentration,abnormal chylmicron concentration,generated,active
abnormal cardiovascular system morphology,abnormal cardiovascular sytem morphology,generated,active
abnormal circulating phytanic acid level,abnormal circulatin gphytanic acid level,generated,active
abnormal buccal mucosa morphology,abnormal buccal mucosa  morphology,generated,active
wheezing,wheezzing,generated,active
abnormal dense granules,abnormal dense granuels,generated,active
vomiting blood,vomiting bblood,generated,active
abnormal csf citrulline concentration,abnormal csf citrullien concentration,generated,active
1-minute apgar score of 5,1-minute apgar scorre of 5,generated,active
abdominal swelling,abdominal swellig,generated,active
abnormal consumption behavior,abnormal consumption beehavior,generated,active
abnormal csf glucose concentration,abnormal csf glucose concentraation,generated,active
abnormal circulating igd concentration,abnormal circlating igd concentration,generated,active
abnormal adipose tissue morphology,abnormal adipose tissue morfology,generated,active
2--hydroxyphenylacetic aciduria,2--hydroxyphenylacetic aicduria,generated,active
abnormal dermatoglyphics,abnormal dermatoglyhpics,generated,active
abnormal csf glutamine concentration,abnormal cs fglutamine concentration,generated,active
abnormal bursal fluid morphology,abnormal bursal fluid morpholgy,generated,active
abnormal dental pulp morphology,abnormal denntal pulp morphology,generated,active
abnormal bone marrow cell morphology,abnormalb one marrow cell morphology,generated,active
abnormal breathing,abnomral breathing,generated,active
abnormal circulating t4 level,abnormal circulating t4 lveel,generated,active
abnormal arterial physiology,abnormal arterial pyhsiology,generated,active
abdominal wall mass,abodminal wall mass,generated,active
abnormal breathing,abnormal breathig,generated,active
abnormal corticospinal tract morphology,abnormal coticospinal tract morphology,generated,active
4-hydroxyphenylpyruvic aciduria,4-hydroxyphenyplyruvic aciduria,generated,active
abnormal corneal thickness,abnormal cornea thickness,generated,active
abnormal blood-gas level,abnorma blood-gas level,generated,active
abnormal complement of teeth,abnormal complement f teeth,generated,active
abnormal acetabulum morphology,abnomral acetabulum morphology,generated,active
abnormal dense tubular system,abnormal dense tubular sysem,generated,active
abnormal diminished volition,abnormal diminnished volition,generated,active
abdominal aortic aneurysm,abdoominal aortic aneurysm,generated,active
abnormal circulating t4 level,abnormalcirculating t4 level,generated,active
abnormal 4th toe morphology,abbnormal 4th toe morphology,generated,active
abnormal curving of the spine,ebnormal curving of the spine,generated,active
abnormal bone collagen fibril morphology,ebnormal bone collagen fibril morphology,generated,active
abnormal chorioretinal morphology,abnormal chorioretinal mrophology,generated,active
abnormal cerebral venous sinus morphology,abormal cerebral venous sinus morphology,generated,active
abnormal csf arginine concentration,abnormal csf arginine concentraation,generated,active
abnormal anterior chamber morphology,abnormal anteriorc hamber morphology,generated,active
abnormal dense granule content,abnormal dense grranule content,generated,active
abnormal body mass index,ebnormal body mass index,generated,active
abnormal coronary artery physiology,abnomral coronary artery physiology,generated,active
abnormal dentate nucleus morphology,abnormal dentate nucleuss morphology,generated,active
abnormal ankle bones,abnomral ankle bones,generated,active
abnormal circulating glycerol level,abnormal circlating glycerol level,generated,active
abnormal columella morphology,abnormal columella morhpology,generated,active
abdominal swelling,abdominal swelliing,generated,active
abnormal csf lactate level,abnormal csf lactaate level,generated,active
abnormal cortical bone morphology,abnormal cortical bon morphology,generated,active
abnormal dentin,abnormla dentin,generated,active
"abdominal rigidity, unspecified site","abdominal rigidity, uunspecified site",generated,active
abnormal achilles tendon morphology,abnormal achilles tendon morpology,generated,active
abnormal circulating igm concentration,abnormal circulating igm  concentration,generated,active
abnormal curve of the backbone,abnoral curve of the backbone,generated,active
abnormal circulating iga level,abnomal circulating iga level,generated,active
abnormal chondrocyte morphology,abnormal choondrocyte morphology,generated,active
abnormal choanae morphology,abnormal choanae morphologyy,generated,active
abnormal anus morphology,abnormal anus morpholoy,generated,active
abnormal columella morphology,abnormal columella morphologgy,generated,active
abnormal brain-evoked potentials,abnormal brain-evoked otentials,generated,active
abnormal arterial physiology,anbormal arterial physiology,generated,active
abnormal corneal reflex,abnormal crneal reflex,generated,active
abnormal csf albumin concentration,abnormal csph albumin concentration,generated,active
abnormal calcification of the wrist bones,abnormal calcifcation of the wrist bones,generated,active
abnormal co2 levels in blood,abnormal co2 lvels in blood,generated,active
abnormal csf albumin concentration,abnromal csf albumin concentration,generated,active
abnormal csf protein level,abnoraml csf protein level,generated,active
abnormal csf isoleucine concentration,abnormal csf isoleeucine concentration,generated,active
abnormal aortic physiology,abnormal aortic phyisology,generated,active
abnormal cranial nerve physiology,abnormal cranial nerve physioloogy,generated,active
abdominal wall mass,abdominal wal mass,generated,active
abnormal cord blood measurement,abnormal cord blood measureent,generated,active
abnormal amniotic fluid,abbnormal amniotic fluid,generated,active
abnormal coronary sinus morphology,abnormal coronary sinnus morphology,generated,active
abnormal csf neopterin level,abnormall csf neopterin level,generated,active
abnormal basal ganglia morphology,abnoral basal ganglia morphology,generated,active
abnormal cognitive process,abnrmal cognitive process,generated,active
abnormal central motor function,abnoral central motor function,generated,active
abnormal dn treg distribution,abnormal dn treg diistribution,generated,active
abnormal corpus striatum morphology,abnormal corups striatum morphology,generated,active
abnormal biliary tract morphology,banormal biliary tract morphology,generated,active
abnormal descending aorta morphology,abnormal discending aorta morphology,generated,active
constipation,constippation,generated,active
abnormal blood clot,abnormal bloodc lot,generated,active
abnormal circulating igd concentration,abnormal circulating id concentration,generated,active
3-methylglutaric aciduria,3-methylglutaric aciduira,generated,active
aberrant right subclavian artery,aberrant righht subclavian artery,generated,active
aberrant right subclavian artery,aberrant rigth subclavian artery,generated,active
abnormal dental root morphology,abnormal edntal root morphology,generated,active
abnormal cardiac index,abnormal cadiac index,generated,active
abnormal cerebral vein morphology,abnormal cereral vein morphology,generated,active
4-layered lissencephaly,4-layered lissencephay,generated,active
abnormal csf arginine concentration,abnormal ksf arginine concentration,generated,active
abnormal breast morphology,abnormal breast morpholoyg,generated,active
3-methylglutaconicaciduria,3-methylglutaconiaciduria,generated,active
abnormal csf protein level,abnormal csf protein llevel,generated,active
abnormal dentate nucleus morphology,abnormal dentate nucleus morpohlogy,generated,active
abnormal cellular phenotype,abnormal cellular phenotpe,generated,active
vomiting,vvomiting,generated,active
abnormal ca-phos regulating hormone level,abnormal caphos regulating hormone level,generated,active
abnormal axial muscle morphology,abnormal axial musclemorphology,generated,active
abnormal 4th finger morphology,abnormal 4th finger morrphology,generated,active
abnormal arcuate artery morphology,abnormal arcuuate artery morphology,generated,active
abnormal circulating gaba concentration,abnoraml circulating gaba concentration,generated,active
abnormal distal toe phalanx morphology,abnormal dista ltoe phalanx morphology,generated,active
abnormal clitoris morphology,abnormal cliotris morphology,generated,active
abnormal b cell morphology,abnormal b cell mrophology,generated,active
abnormal aortic physiology,abnoraml aortic physiology,generated,active
abnormal deltoid tuberosity morphology,abnormal deltoid tuberosity morhology,generated,active
abnormal 3rd toe morphology,abnormal 3rd toe morpholoogy,generated,active
chills,khills,generated,active
abnormal cardiomyocyte morphology,abnormal cradiomyocyte morphology,generated,active
abnormal 5th toe morphology,abnormal 5th toe morphollogy,generated,active
abnormal common tendinous ring morphology,abormal common tendinous ring morphology,generated,active
2-methylacetoacetic acid present in urine,2-methylacetoaceti acid present in urine,generated,active
abdominal situs inversus,abdominal situs inversu,generated,active
abnormal amygdala morphology,abnormal amygdala morpholoogy,generated,active
abnormal buccal mucosa cell morphology,abnurmal buccal mucosa cell morphology,generated,active
2:1 av block,2:1 av blck,generated,active
abnormal circulating ca concentration,abnormal circulating ca  concentration,generated,active
abnormal choroid morphology,abnormal chorid morphology,generated,active
abnormal cytokine signaling,abnorma lcytokine signaling,generated,active
abnormal conjunctiva morphology,abnormalconjunctiva morphology,generated,active
abnormal circulating gonadotropin level,bnormal circulating gonadotropin level,generated,active
1-minute apgar score of 5,1-minute apga score of 5,generated,active
abnormal circulating gonadotropin level,abnormal circulating gonaadotropin level,generated,active
abnormal common carotid artery morphology,abnormal common carotid artery morpology,generated,active
abnormal adrenal gland position,abnormal drenal gland position,generated,active
abnormal cerebrospinal fluid morphology,abnormal cerebrospinal fluid morphologyy,generated,active
abnormal adipose tissue morphology,abnormal adipose tisseu morphology,generated,active
abnormal brain choline level by mrs,banormal brain choline level by mrs,generated,active
abnormal circulating leptin concentration,abnormal circulating leptin concentation,generated,active
swelling,wselling,generated,active
abasia,abaisa,generated,active
abnormal biotinidase level,abnormal biotinidasee level,generated,active
abnormal co2 levels in blood,abnormal co2 levels in lbood,generated,active
abnormal cerumen pigmentation,abnormal cerumen pgimentation,generated,active
abnormal blistering of the skin,abnorrmal blistering of the skin,generated,active
5-hydroxymethyluracil high in blood,5-hydroxymethyluracil hih in blood,generated,active
1-minute apgar score of 5,1-minute apgar scre of 5,generated,active
abnormal cranial nerve morphology,abnormal cranial nerve mrphology,generated,active
6 long bones of hand,6long bones of hand,generated,active
abnormal communicative gesture use,abnorml communicative gesture use,generated,active
abnormal delivery,abnormal edlivery,generated,active
abnormal bun concentration,abnormal un concentration,generated,active
abnormal alpha granule distribution,abnormal alpha granule distirbution,generated,active
abnormal caecum morphology,abnromal caecum morphology,generated,active
urinary pain,uriary pain,generated,active
abnormal csf histidine concentration,abnormal csf histidine cocnentration,generated,active
abnormal c-reactive protein level,abnormal c-reactive protein leel,generated,active
difficulty breathing,difficullty breathing,generated,active
abnormal aortic arch morphology,abnormal artic arch morphology,generated,active
5-minute apgar score of 2,5--minute apgar score of 2,generated,active
abnormal circulating inhibin level,banormal circulating inhibin level,generated,active
abnormal cheek morphology,abnorma cheek morphology,generated,active
abnormal bowman space morphology,abnormal bbowman space morphology,generated,active
abnormal cardiac ventricular function,anbormal cardiac ventricular function,generated,active
3-methylglutaconicaciduria,3-methlglutaconicaciduria,generated,active
abdominal symptom,abdominals ymptom,generated,active
abnormal bowman space morphology,abnormal bowman spacee morphology,generated,active
abnormal circulating beta-ctx level,abnormal circulating beta-ctx leevl,generated,active
abnormal cd8+ t cell subsets,abormal cd8+ t cell subsets,generated,active
abnormal chylomicron concentration,abnormal chylomicron concntration,generated,active
abnormal cystatin c level,abnormal csytatin c level,generated,active
abnormal deltoid muscle morphology,abnormal deltodi muscle morphology,generated,active
abnormal auditory evoked potentials,abnormal auditory  evoked potentials,generated,active
nausea,nuasea,generated,active
abnormal bone structure,abnormal bone structue,generated,active
abnormal cerebellar vermis morphology,abnormal cerebeellar vermis morphology,generated,active
abnormal brainstem mri signal intensity,abnormal brainstem mri signal intesity,generated,active
abnormal cell morphology,abnorrmal cell morphology,generated,active
abnormal cortical gyration,abnormal cortical gyraiton,generated,active
abnormal affect regulation,abnormal afefct regulation,generated,active
abnormal clavicles,abnorma lclavicles,generated,active
abnormal cellular phenotype,abnormal ellular phenotype,generated,active
abnormal circulating vitamin b6 level,abnomal circulating vitamin b6 level,generated,active
abnormal cornea morphology,abnormal cornea morphologyy,generated,active
abnormal core 1 o-glycan level,abnormal core 1 og-lycan level,generated,active
abnormal achilles tendon morphology,abnoormal achilles tendon morphology,generated,active
5-minute apgar score of 2,5-minute apgar scoore of 2,generated,active
abnormal corneal thickness,abnormal corneal thicknness,generated,active
abnormal csf amyloid concentration,abnormal csf amyoid concentration,generated,active
abnormal conjunctiva morphology,abnormal cojunctiva morphology,generated,active
abnormal 5th toe morphology,abnoraml 5th toe morphology,generated,active
abnormal blood calcium levels,abnormal blood calciu levels,generated,active
abnormal aortic physiology,abnormal aortic  physiology,generated,active
abnormal csf albumin concentration,abnormal csf albumin cnocentration,generated,active
abnormal csf protein concentration,abnormal csf prtein concentration,generated,active
abnormal diminished volition,ebnormal diminished volition,generated,active
abnormal csf aspartate concentration,abnormal csf aspartat econcentration,generated,active
abducens nerve palsy,abdukens nerve palsy,generated,active
abnormal anthelix,abnormal annthelix,generated,active
abnormal breast physiology,abnormal breast physsiology,generated,active
abnormal brain pet scan,anbormal brain pet scan,generated,active
abnormal aorta morphology,abnormal aotra morphology,generated,active
abnormal dense granules,abnormmal dense granules,generated,active
abnormal cardiac septum morphology,abnormal cardiacs eptum morphology,generated,active
headache,headacche,generated,active
4-layered lissencephaly,4-layered lisssencephaly,generated,active
abnormal distribution of hair,abnormal distribuiton of hair,generated,active
abnormal circulating gastrin level,abnormal circulating gastrrin level,generated,active
abnormal columella morphology,abnormalcolumella morphology,generated,active
abnormal corneal stroma morphology,abnormal corneal sttroma morphology,generated,active
abdominal mass,abduminal mass,generated,active
abnormal craniofacial muscle tone,abnormall craniofacial muscle tone,generated,active
abnormal cochlea morphology,abnormal cochle amorphology,generated,active
abnormal csf methionine concentration,abnormal csf methionnie concentration,generated,active
abnormal csf albumin concentration,abbnormal csf albumin concentration,generated,active
abnormal diffusing capacity,abnormal dfifusing capacity,generated,active
abnormal csf valine concentration,banormal csf valine concentration,generated,active
abnormal csf dopamine level,abormal csf dopamine level,generated,active
abnormal blood potassium concentration,abonrmal blood potassium concentration,generated,active
abnormal csf serine concentration,abnormal csf serine concentraation,generated,active
10-minute apgar score of 5,10-minute apgar core of 5,generated,active
abnormal circulating proanp concentration,abnormal circulating proanp concentratio,generated,active
abnormal c-reactive protein level,abnormal k-reactive protein level,generated,active
abnormal abdominal wall morphology,abnormal abdominal wall morpholoy,generated,active
abnormal cerebrospinal fluid morphology,abormal cerebrospinal fluid morphology,generated,active
fever,ffever,generated,active
fever,fveer,generated,active
fever,feveer,generated,active
fever,feer,generated,active
cough,ough,generated,active
cough,cuugh,generated,active
cough,couugh,generated,active
cough,couh,generated,active
headache,headachhe,generated,active
headache,headachee,generated,active
headache,headach,generated,active
headache,headace,generated,active
headache,hedaache,generated,active
chest pain,chest pian,generated,active
chest pain,chest pani,generated,active
chest pain,chest pai,generated,active
chest pain,chest pein,generated,active
chest pain,chest pin,generated,active
chest pain,chet pain,generated,active
difficulty breathing,diffculty breathing,generated,active
difficulty breathing,difficulty  breathing,generated,active
difficulty breathing,difficulty bretahing,generated,active
difficulty breathing,difficulty breatthing,generated,active
difficulty breathing,difficulty reathing,generated,active
difficulty breathing,dfificulty breathing,generated,active
shortness of breath,shortnesss of breath,generated,active
shortness of breath,shoortness of breath,generated,active
shortness of breath,shorrtness of breath,generated,active
shortness of breath,shortness o fbreath,generated,active
shortness of breath,hortness of breath,generated,active
vomiting,voimting,generated,active
vomiting,vomitting,generated,active
vomiting,vomitnig,generated,active
vomiting,vomiing,generated,active
diarrhea,dierrhea,generated,active
diarrhea,diarrheaa,generated,active
diarrhea,diarrrhea,generated,active
abdominal pain,abdominnal pain,generated,active
abdominal pain,abdominl pain,generated,active
abdominal pain,abdomina pain,generated,active
abdominal pain,abbdominal pain,generated,active
abdominal pain,abdominall pain,generated,active
abdominal pain,aabdominal pain,generated,active
nausea,nusea,generated,active
nausea,nauseaa,generated,active
nausea,naausea,generated,active
nausea,nauea,generated,active
nausea,nauusea,generated,active
dizziness,dizzineess,generated,active
dizziness,diizziness,generated,active
dizziness,ddizziness,generated,active
dizziness,dizzinesss,generated,active
dizziness,dizzniess,generated,active
fatigue,faitgue,generated,active
fatigue,atigue,generated,active
fatigue,ftaigue,generated,active
fatigue,ffatigue,generated,active
fatigue,fatgue,generated,active
sore throat,sori throat,generated,active
sore throat,sore throa,generated,active
sore throat,sure throat,generated,active
sore throat,ssore throat,generated,active
sore throat,sore thhroat,generated,active
runny nose,runny nosee,generated,active
runny nose,runnyy nose,generated,active
runny nose,runny onse,generated,active
runny nose,runnynose,generated,active
runny nose,runny  nose,generated,active
runny nose,runnny nose,generated,active
body pain,bdoy pain,generated,active
body pain,obdy pain,generated,active
body pain,bodyy pain,generated,active
body pain,body pin,generated,active
back pain,back paen,generated,active
back pain,back ain,generated,active
back pain,backk pain,generated,active
back pain,back  pain,generated,active
back pain,backp ain,generated,active
ear pain,ear ppain,generated,active
ear pain,eer pain,generated,active
ear pain,ear pani,generated,active
eye pain,eye pein,generated,active
eye pain,eye pian,generated,active
eye pain,eye paain,generated,active
eye pain,ey epain,generated,active
eye pain,ee pain,generated,active
rash,rah,generated,active
rash,rsh,generated,active
rash,ash,generated,active
rash,rrash,generated,active
palpitations,palpitatinos,generated,active
palpitations,palpiitations,generated,active
palpitations,palpitatins,generated,active
palpitations,palpittaions,generated,active
palpitations,palpitatios,generated,active
confusion,cconfusion,generated,active
confusion,confusioon,generated,active
confusion,conffusion,generated,active
confusion,confuusion,generated,active
seizure,seezure,generated,active
seizure,seizuree,generated,active
seizure,seizzure,generated,active
seizure,seizre,generated,active
bleeding,bledeing,generated,active
bleeding,beleding,generated,active
bleeding,beeding,generated,active
burn,burrn,generated,active
burn,bur,generated,active
weakness,weaknses,generated,active
weakness,weaknss,generated,active
weakness,weaknes,generated,active
weakness,wekness,generated,active
swelling,swellling,generated,active
swelling,selling,generated,active
swelling,swellng,generated,active
swelling,swellin,generated,active
swelling,sweelling,generated,active
itching,itchhing,generated,active
itching,etching,generated,active
itching,itchingg,generated,active
itching,ithing,generated,active
chills,chhills,generated,active
chills,chillss,generated,active
chills,cihlls,generated,active
loss of appetite,loss oph appetite,generated,active
loss of appetite,loss of appetit,generated,active
loss of appetite,oss of appetite,generated,active
loss of appetite,loss ofappetite,generated,active
loss of appetite,loss of appetiet,generated,active
urinary pain,rinary pain,generated,active
urinary pain,urnary pain,generated,active
urinary pain,urinary pai,generated,active
urinary pain,uurinary pain,generated,active
urinary pain,urinary pan,generated,active
constipation,constipatiion,generated,active
constipation,consstipation,generated,active
constipation,connstipation,generated,active
constipation,constiption,generated,active
insomnia,insumnia,generated,active
insomnia,insomina,generated,active
insomnia,isomnia,generated,active
insomnia,insmnia,generated,active
wheezing,wehezing,generated,active
wheezing,wheezeng,generated,active
wheezing,heezing,generated,active
wheezing,whheezing,generated,active
coughing blood,cuoghing blood,generated,active
coughing blood,couhging blood,generated,active
coughing blood,coughin blood,generated,active
coughing blood,coughig blood,generated,active
coughing blood,coughin gblood,generated,active
vomiting blood,vomitig blood,generated,active
vomiting blood,vommiting blood,generated,active
vomiting blood,voomiting blood,generated,active
fainting,faiting,generated,active
fainting,faainting,generated,active
fainting,phainting,generated,active
fainting,fianting,generated,active
fainting,faining,generated,active
fainting,faiinting,generated,active
numbness,numnbess,generated,active
numbness,numbess,generated,active
numbness,umbness,generated,active
numbness,numbnss,generated,active
numbness,numbniss,generated,active
paralysis,parallysis,generated,active
paralysis,aralysis,generated,active
paralysis,paralsis,generated,active
paralysis,paralsyis,generated,active
vision loss,vision lloss,generated,active
vision loss,visin loss,generated,active
vision loss,viision loss,generated,active
1-methylhistidinuria,1-methylhisttidinuria,generated,active
1-methylhistidinuria,1-methylhistidiuria,generated,active
1-methylhistidinuria,11-methylhistidinuria,generated,active
1-methylhistidinuria,1-mtehylhistidinuria,generated,active
1-methylhistidinuria,1-methlyhistidinuria,generated,active
1-methylhistidinuria,1-methylhistidinurria,generated,active
1-minute apgar score of 0,1-minute apgar  score of 0,generated,active
1-minute apgar score of 0,1-minute agpar score of 0,generated,active
1-minute apgar score of 0,1-minute apgar scoore of 0,generated,active
1-minute apgar score of 0,-1minute apgar score of 0,generated,active
1-minute apgar score of 0,1-minute apgar score of 00,generated,active
1-minute apgar score of 0,1-minute apgar scroe of 0,generated,active
1-minute apgar score of 1,1-minute apgar scoore of 1,generated,active
1-minute apgar score of 1,1-minute apgar scoreof 1,generated,active
1-minute apgar score of 1,1--minute apgar score of 1,generated,active
1-minute apgar score of 1,1-minut apgar score of 1,generated,active
1-minute apgar score of 1,1-minute apgar scroe of 1,generated,active
1-minute apgar score of 1,1-minute aapgar score of 1,generated,active
1-minute apgar score of 2,1-minute agar score of 2,generated,active
1-minute apgar score of 2,1-minute apgarr score of 2,generated,active
1-minute apgar score of 2,-minute apgar score of 2,generated,active
1-minute apgar score of 2,1-minute apgar score oof 2,generated,active
1-minute apgar score of 2,1-minute apgar core of 2,generated,active
1-minute apgar score of 3,1-mminute apgar score of 3,generated,active
1-minute apgar score of 3,1-minute apgar core of 3,generated,active
1-minute apgar score of 3,1-minute  apgar score of 3,generated,active
1-minute apgar score of 3,1-minute epgar score of 3,generated,active
1-minute apgar score of 3,1-minute apgar score o f3,generated,active
1-minute apgar score of 3,1-minute apgar score off 3,generated,active
1-minute apgar score of 4,1-minute apgar score o f4,generated,active
1-minute apgar score of 4,1-minute pagar score of 4,generated,active
1-minute apgar score of 4,1-minute apga score of 4,generated,active
1-minute apgar score of 4,1-miunte apgar score of 4,generated,active
1-minute apgar score of 4,1-minute apgar scoer of 4,generated,active
1-minute apgar score of 5,1-minute apar score of 5,generated,active
1-minute apgar score of 5,1-menute apgar score of 5,generated,active
1-minute apgar score of 5,1-minute apgar score of  5,generated,active
1-minute apgar score of 5,1-miute apgar score of 5,generated,active
1-minute apgar score of 5,1m-inute apgar score of 5,generated,active
1-minute apgar score of 5,1-minute apgar sscore of 5,generated,active
1-minute apgar score of 6,1-minute agar score of 6,generated,active
1-minute apgar score of 6,1-minute apggar score of 6,generated,active
1-minute apgar score of 6,11-minute apgar score of 6,generated,active
1-minute apgar score of 6,1-minuute apgar score of 6,generated,active
1-minute apgar score of 6,1-minute apgar scroe of 6,generated,active
10 pairs of ribs,110 pairs of ribs,generated,active
10 pairs of ribs,10 pairs of ribbs,generated,active
10 pairs of ribs,10 pars of ribs,generated,active
10 pairs of ribs,10 pairs o fribs,generated,active
10 pairs of ribs,10 pairs of risb,generated,active
10-minute apgar score of 0,1-0minute apgar score of 0,generated,active
10-minute apgar score of 0,10-miute apgar score of 0,generated,active
10-minute apgar score of 0,1-minute apgar score of 0,generated,active
10-minute apgar score of 0,10-mintue apgar score of 0,generated,active
10-minute apgar score of 0,10-minute apgarr score of 0,generated,active
10-minute apgar score of 1,10-minute apgar scoer of 1,generated,active
10-minute apgar score of 1,10-minute agpar score of 1,generated,active
10-minute apgar score of 1,10-minute aapgar score of 1,generated,active
10-minute apgar score of 1,10-mnute apgar score of 1,generated,active
10-minute apgar score of 1,10-minute apgar score of 11,generated,active
10-minute apgar score of 1,10-minute apgar scoree of 1,generated,active
10-minute apgar score of 2,10minute apgar score of 2,generated,active
10-minute apgar score of 2,10-minute apgar sore of 2,generated,active
10-minute apgar score of 2,10-minute apgars core of 2,generated,active
10-minute apgar score of 2,10-minuteapgar score of 2,generated,active
10-minute apgar score of 2,10-minute apgar sscore of 2,generated,active
10-minute apgar score of 2,0-minute apgar score of 2,generated,active
10-minute apgar score of 3,10-minute apgra score of 3,generated,active
10-minute apgar score of 3,10-miinute apgar score of 3,generated,active
10-minute apgar score of 3,10-minute apgar core of 3,generated,active
10-minute apgar score of 3,10-minute apgar scorre of 3,generated,active
10-minute apgar score of 3,1-minute apgar score of 3,generated,active
10-minute apgar score of 3,10-minute agar score of 3,generated,active
10-minute apgar score of 4,10-minue apgar score of 4,generated,active
10-minute apgar score of 4,10-minute apggar score of 4,generated,active
10-minute apgar score of 4,10-minute apgar scoreof 4,generated,active
10-minute apgar score of 4,10-minute apagr score of 4,generated,active
10-minute apgar score of 4,10-minnute apgar score of 4,generated,active
10-minute apgar score of 5,110-minute apgar score of 5,generated,active
10-minute apgar score of 5,10-minute aapgar score of 5,generated,active
10-minute apgar score of 5,10-minutea pgar score of 5,generated,active
10-minute apgar score of 5,100-minute apgar score of 5,generated,active
10-minute apgar score of 5,10-minute apgar scroe of 5,generated,active
10-minute apgar score of 6,01-minute apgar score of 6,generated,active
10-minute apgar score of 6,10-minute apgarscore of 6,generated,active
10-minute apgar score of 6,10-minute apgar core of 6,generated,active
10-minute apgar score of 6,10-minute apgar score of 66,generated,active
11 pairs of ribs,11 pairs o fribs,generated,active
11 pairs of ribs,11 pairs of ibs,generated,active
11 pairs of ribs,11 pairs o ribs,generated,active
11 pairs of ribs,11 pairss of ribs,generated,active
11 pairs of ribs,11 pairs of rbs,generated,active
11 pairs of ribs,11 pairs of ribbs,generated,active
11 thoracic vertebrae,11 thoraccic vertebrae,generated,active
11 thoracic vertebrae,11 toracic vertebrae,generated,active
11 thoracic vertebrae,11 tohracic vertebrae,generated,active
11 thoracic vertebrae,11 thoracic vertebrea,generated,active
11 thoracic vertebrae,11 thoracic vvertebrae,generated,active
11 thoracic vertebrae,11 tthoracic vertebrae,generated,active
2 vessel cord,2 vessel curd,generated,active
2 vessel cord,2 essel cord,generated,active
2 vessel cord,2 vessle cord,generated,active
2 vessel umbilical cord,2 vessel umbiilcal cord,generated,active
2 vessel umbilical cord,2 vessell umbilical cord,generated,active
2 vessel umbilical cord,2 vessel umbilical crod,generated,active
2 vessel umbilical cord,2 vessel umbilical cod,generated,active
2 vessel umbilical cord,2 vessel umbiilical cord,generated,active
"2,8-dihydroxyadenine crystalluria","2,8-dihydroxyadenine crytalluria",generated,active
"2,8-dihydroxyadenine crystalluria","2,8d-ihydroxyadenine crystalluria",generated,active
"2,8-dihydroxyadenine crystalluria","2,8-dihydroxyadeine crystalluria",generated,active
"2,8-dihydroxyadenine crystalluria","2,8-dihydroxyadenine ccrystalluria",generated,active
"2,8-dihydroxyadenine crystalluria","2,8-dihydroyadenine crystalluria",generated,active
"2,8-dihydroxyadenine crystalluria","2,8-dihydroxyedenine crystalluria",generated,active
"2,8-dihydroxyadenine urinary crystals","2,8-dihydroxyadenine urinary crsytals",generated,active
"2,8-dihydroxyadenine urinary crystals","2,8-dihydrooxyadenine urinary crystals",generated,active
"2,8-dihydroxyadenine urinary crystals","2,8-dihydroxyadenine urinaryy crystals",generated,active
"2,8-dihydroxyadenine urinary crystals","2,8-dihydroxyadenine urinary crystal",generated,active
"2,8-dihydroxyadenine urinary crystals",",28-dihydroxyadenine urinary crystals",generated,active
"2,8-dihydroxyadenine urinary crystals","2,8-dihydruxyadenine urinary crystals",generated,active
2--hydroxyphenylacetic aciduria,2--hydroxyphenlacetic aciduria,generated,active
2--hydroxyphenylacetic aciduria,2--hydroxyphhenylacetic aciduria,generated,active
2--hydroxyphenylacetic aciduria,2--hydrxyphenylacetic aciduria,generated,active
2--hydroxyphenylacetic aciduria,2--hyroxyphenylacetic aciduria,generated,active
2--hydroxyphenylacetic aciduria,2--hydroxyhpenylacetic aciduria,generated,active
2-aminoadipic aciduria,2-aminoaadipic aciduria,generated,active
2-aminoadipic aciduria,2-aminoadipicc aciduria,generated,active
2-aminoadipic aciduria,2-aminoadipic aciduriia,generated,active
2-aminoadipic aciduria,-2aminoadipic aciduria,generated,active
2-aminoadipic aciduria,2-aminoadipic acciduria,generated,active
2-aminoadipic aciduria,2-aminoadipic acduria,generated,active
2-ethylhydracylic aciduria,2-ethylhydracylicaciduria,generated,active
2-ethylhydracylic aciduria,-2ethylhydracylic aciduria,generated,active
2-ethylhydracylic aciduria,2-ethyhlydracylic aciduria,generated,active
2-ethylhydracylic aciduria,2-ethylhydracylic aciudria,generated,active
2-hydroxyadipic acid high in urine,2-hydroxyadipic acid high in urin,generated,active
2-hydroxyadipic acid high in urine,2h-ydroxyadipic acid high in urine,generated,active
2-hydroxyadipic acid high in urine,2-hydroxyadipic aci dhigh in urine,generated,active
2-hydroxyadipic acid high in urine,2-hydroxyadpiic acid high in urine,generated,active
2-hydroxyadipic aciduria,2hydroxyadipic aciduria,generated,active
2-hydroxyadipic aciduria,2-hydroxyadipic aciduri,generated,active
2-hydroxyadipic aciduria,2-hydroxyaidpic aciduria,generated,active
2-hydroxyadipic aciduria,2-hydroxyadipiic aciduria,generated,active
2-hydroxyadipic aciduria,2-hydroxyadipic aciuria,generated,active
2-hydroxyglutarate aciduria,2-hydroxyglutarate acidria,generated,active
2-hydroxyglutarate aciduria,2-hydroxylutarate aciduria,generated,active
2-hydroxyglutarate aciduria,2-yhdroxyglutarate aciduria,generated,active
2-hydroxyglutarate aciduria,2-hydrxyglutarate aciduria,generated,active
2-hydroxyglutarate aciduria,2-hydrxoyglutarate aciduria,generated,active
2-hydroxyglutarate aciduria,2-hdyroxyglutarate aciduria,generated,active
2-methylacetoacetic acid present in urine,2-methylacetoacetic aci present in urine,generated,active
2-methylacetoacetic acid present in urine,2-methylacetoacetic acid present in rine,generated,active
2-methylacetoacetic acid present in urine,2-methylacetoacetic acid preent in urine,generated,active
2-methylbutyryl glycinuria,2-methylbutyryl gllycinuria,generated,active
2-methylbutyryl glycinuria,2-methylbbutyryl glycinuria,generated,active
2-methylbutyryl glycinuria,2-methylbutyrl glycinuria,generated,active
2-methylbutyryl glycinuria,2-methylbutyryl glycinurria,generated,active
2-methylbutyryl glycinuria,2-metylbutyryl glycinuria,generated,active
2-methylcitric acid high in urine,2-methlcitric acid high in urine,generated,active
2-methylcitric acid high in urine,2-methylcitrric acid high in urine,generated,active
2-methylcitric acid high in urine,2-methylcitric aacid high in urine,generated,active
2-methylcitric acid high in urine,2-methylcitric acid high in rine,generated,active
2-methylcitric acid high in urine,2-methylccitric acid high in urine,generated,active
2-methylcitric acid high in urine,2-methylcitric acid high in uirne,generated,active
2-oxoadipic aciduria,2-oxodipic aciduria,generated,active
2-oxoadipic aciduria,2-oxoadipic ciduria,generated,active
2-oxoadipic aciduria,2-oxoadepic aciduria,generated,active
2-oxoadipic aciduria,2-oxoadipic acdiuria,generated,active
2-oxoadipic aciduria,2-oxoadipicaciduria,generated,active
2:1 atrioventricular block,22:1 atrioventricular block,generated,active
2:1 atrioventricular block,2:1 atrioventricluar block,generated,active
2:1 atrioventricular block,2:1 atriovnetricular block,generated,active
2:1 atrioventricular block,2:1 atrioventricularblock,generated,active
2:1 av block,2: 1av block,generated,active
2:1 av block,2:1 av bock,generated,active
2:1 av block,2:1 av bloc,generated,active
2:1 av block,:21 av block,generated,active
2:1 av block,22:1 av block,generated,active
2nd toe symphalangism,2nd toe symfalangism,generated,active
2nd toe symphalangism,2ndd toe symphalangism,generated,active
2nd toe symphalangism,2nd toe symphalangis,generated,active
2nd toe symphalangism,2nd toe symhpalangism,generated,active
2nd toe symphalangism,2nd toe symphalangims,generated,active
2nd toe symphalangism,2nd ttoe symphalangism,generated,active
2nd-5th toe middle phalangeal hypoplasia,2nd-5th toe middle phalangeal hyppolasia,generated,active
2nd-5th toe middle phalangeal hypoplasia,2nd-5th toe middle phalangeal hpoplasia,generated,active
2nd-5th toe middle phalangeal hypoplasia,2nd-5th toe middle phlangeal hypoplasia,generated,active
2nd-5th toe middle phalangeal hypoplasia,2nd-5th toe middle phalaneal hypoplasia,generated,active
2nd-5th toe middle phalangeal hypoplasia,2nd-5th to middle phalangeal hypoplasia,generated,active
2nd-5th toe middle phalangeal hypoplasia,2nd-5th toe middle phalangea lhypoplasia,generated,active
3-hydroxydicarboxylic aciduria,3-hydroxydicarboxylic acdiuria,generated,active
3-hydroxydicarboxylic aciduria,3-hydrxydicarboxylic aciduria,generated,active
3-hydroxydicarboxylic aciduria,33-hydroxydicarboxylic aciduria,generated,active
3-hydroxydicarboxylic aciduria,3-hydroxydicarobxylic aciduria,generated,active
3-hydroxydicarboxylic aciduria,3-hydroxydicarboxyli aciduria,generated,active
3-hydroxyglutaric acid high in urine,3-hydroxygutaric acid high in urine,generated,active
3-hydroxyglutaric acid high in urine,3-hydroyglutaric acid high in urine,generated,active
3-hydroxyglutaric acid high in urine,3-hydroxyglutaric acid high  in urine,generated,active
3-hydroxyglutaric acid high in urine,3-hydroxyglutaric aciid high in urine,generated,active
3-hydroxyglutaric acid high in urine,3-hydroxyglutaric  acid high in urine,generated,active
3-hydroxyisovaleric aciduria,3-hydroxyisoaleric aciduria,generated,active
3-hydroxyisovaleric aciduria,3-hydroxyisovaleric aicduria,generated,active
3-hydroxyisovaleric aciduria,3-hydroxyisovalerci aciduria,generated,active
3-hydroxyisovaleric aciduria,3-hydroxyisovaleric acidduria,generated,active
3-hydroxyisovaleric aciduria,3-hydrooxyisovaleric aciduria,generated,active
3-hydroxyisovaleric aciduria,3-hydrroxyisovaleric aciduria,generated,active
3-hydroxypropionic acid high in urine,3-hydroxypropionic acid hhigh in urine,generated,active
3-hydroxypropionic acid high in urine,3-hydroyxpropionic acid high in urine,generated,active
3-hydroxypropionic acid high in urine,3-hydroxypropionic acid high inurine,generated,active
3-hydroxypropionic acid high in urine,3-ydroxypropionic acid high in urine,generated,active
3-hydroxypropionic acid high in urine,3-hydroxypropionic acid highin urine,generated,active
3-hydroxypropionic acid high in urine,3-hydroxyypropionic acid high in urine,generated,active
3-ketoacyl-coa thiolase (thio) deficiency,3-ketoacyl-coa thiolase (thio) eficiency,generated,active
3-ketoacyl-coa thiolase (thio) deficiency,3-ketoacyl-coa thilase (thio) deficiency,generated,active
3-ketoacyl-coa thiolase (thio) deficiency,3-ketoacyl-coa thiolase (hio) deficiency,generated,active
3-ketoacyl-coa thiolase (thio) deficiency,3-ketoacyl-coa thiolase (thio) defiiency,generated,active
3-ketoacyl-coa thiolase (thio) deficiency,3-ketoacyl-coa thiolas (thio) deficiency,generated,active
3-methylglutaconic aciduria,3-methylglutaconi caciduria,generated,active
3-methylglutaconic aciduria,3-methylglutaconic acidura,generated,active
3-methylglutaconic aciduria,3-methylglutaconic aaciduria,generated,active
3-methylglutaconic aciduria,3-mtehylglutaconic aciduria,generated,active
3-methylglutaconic aciduria,3-emthylglutaconic aciduria,generated,active
3-methylglutaconicaciduria,3-methylglutaconicaciduriia,generated,active
3-methylglutaconicaciduria,3-methylglutaconiccaiduria,generated,active
3-methylglutaconicaciduria,3-methylglutaconicaicduria,generated,active
3-methylglutaconicaciduria,3-methylglutaconicaciudria,generated,active
3-methylglutaric aciduria,3-methylglutaric aciduriia,generated,active
3-methylglutaric aciduria,3-methylglutaric aaciduria,generated,active
3-methylglutaric aciduria,3-methylglutaic aciduria,generated,active
3-methylglutaric aciduria,3-methylglutaric acidurria,generated,active
3-methylglutaric aciduria,3-methylglutaric aciduia,generated,active
3-methylglutaric aciduria,3-methylglutarec aciduria,generated,active
3-methylglutaricaciduria,3-methylglutariicaciduria,generated,active
3-methylglutaricaciduria,3-methylglutaricaciduriaa,generated,active
3-methylglutaricaciduria,3-methylglutaricaciduira,generated,active
3-methylglutaricaciduria,3-methylgutaricaciduria,generated,active
3-methylglutaricaciduria,3--methylglutaricaciduria,generated,active
3-methylglutaricaciduria,3-methyglutaricaciduria,generated,active
3-methylhistidinuria,3-methylhistidinuri,generated,active
3-methylhistidinuria,3-mmethylhistidinuria,generated,active
3-methylhistidinuria,3-methylistidinuria,generated,active
3-methylhistidinuria,3-methyhlistidinuria,generated,active
3-methylhistidinuria,3-methylhistidinurai,generated,active
3rd toe clinodactyly,3rd toe lcinodactyly,generated,active
3rd toe clinodactyly,3rd toe clinodactyy,generated,active
3rd toe clinodactyly,3rd  toe clinodactyly,generated,active
3rd toe clinodactyly,3rd toe cllinodactyly,generated,active
4-hydroxyisovaleric acid present in urine,4-hydroxyisovaleric acd present in urine,generated,active
4-hydroxyisovaleric acid present in urine,4-hydroxyisoaleric acid present in urine,generated,active
4-hydroxyisovaleric acid present in urine,4-hydroxyisovaleric acid presen in urine,generated,active
4-hydroxyisovaleric acid present in urine,4-hydroxyisovaleric acid pesent in urine,generated,active
4-hydroxyisovaleric acid present in urine,4-hydroxyisovaleric acid present in uine,generated,active
4-hydroxyisovaleric acid present in urine,4-hydroyisovaleric acid present in urine,generated,active
4-hydroxyphenylacetic aciduria,4-hydrxyphenylacetic aciduria,generated,active
4-hydroxyphenylacetic aciduria,-hydroxyphenylacetic aciduria,generated,active
4-hydroxyphenylacetic aciduria,4-hydroxphenylacetic aciduria,generated,active
4-hydroxyphenylacetic aciduria,4-hydroxyphenylacetic aciduia,generated,active
4-hydroxyphenylacetic aciduria,4-hyroxyphenylacetic aciduria,generated,active
4-hydroxyphenylacetic aciduria,4-hydroxyphenylaetic aciduria,generated,active
4-hydroxyphenyllactic aciduria,44-hydroxyphenyllactic aciduria,generated,active
4-hydroxyphenyllactic aciduria,4h-ydroxyphenyllactic aciduria,generated,active
4-hydroxyphenyllactic aciduria,4-hydroxyphenyllactic aciduri,generated,active
4-hydroxyphenyllactic aciduria,4-hydroxyfenyllactic aciduria,generated,active
4-hydroxyphenyllactic aciduria,4-hyrdoxyphenyllactic aciduria,generated,active
4-hydroxyphenyllactic aciduria,4-hydroxyphenyllactic aciudria,generated,active
4-hydroxyphenylpyruvic aciduria,4-hydroxyphenypyruvic aciduria,generated,active
4-hydroxyphenylpyruvic aciduria,4-hydroxyphenylppyruvic aciduria,generated,active
4-hydroxyphenylpyruvic aciduria,4-hydroxyyphenylpyruvic aciduria,generated,active
4-hydroxyphenylpyruvic aciduria,4-hydroxyphenylpyruvic caiduria,generated,active
4-hydroxyphenylpyruvic aciduria,4-hydroxyphenylyruvic aciduria,generated,active
4-layered lissencephaly,4-layered lissencephal,generated,active
4-layered lissencephaly,4-layered lissencephalyy,generated,active
4-layered lissencephaly,4-layered lissencepaly,generated,active
4-layered lissencephaly,4-layered lissenncephaly,generated,active
4-layered lissencephaly,4-layered lissencphaly,generated,active
"46,xy gonadal dysgenesis","46,xy gonadal dysgeesis",generated,active
"46,xy gonadal dysgenesis","46,xy gonadal dysgensis",generated,active
"46,xy gonadal dysgenesis","46,xy gonadal ddysgenesis",generated,active
"46,xy gonadal dysgenesis","46,xy gonadl dysgenesis",generated,active
"46,xy gonadal dysgenesis","46,xy gonadal dygenesis",generated,active
"46,xy gonadal dysgenesis","46x,y gonadal dysgenesis",generated,active
4th finger camptodactyly,4th finger camptodacctyly,generated,active
4th finger camptodactyly,4th fingercamptodactyly,generated,active
4th finger camptodactyly,th finger camptodactyly,generated,active
4th finger camptodactyly,4h finger camptodactyly,generated,active
4th finger camptodactyly,4thf inger camptodactyly,generated,active
4th finger camptodactyly,4th finger cmaptodactyly,generated,active
5-fluorouracil exposure,5-fluorouraccil exposure,generated,active
5-fluorouracil exposure,5-fluorouracil expsoure,generated,active
5-fluorouracil exposure,5-fluororacil exposure,generated,active
5-fluorouracil exposure,55-fluorouracil exposure,generated,active
5-fluorouracil exposure,5-fluorouracil exosure,generated,active
5-fluorouracil exposure,5-fluorouracil exposurre,generated,active
5-hydroxymethyluracil high in blood,5-hydroxymethyluracil high inblood,generated,active
5-hydroxymethyluracil high in blood,5-hydroxymethyluracil high in  blood,generated,active
5-hydroxymethyluracil high in blood,5-hydroxymthyluracil high in blood,generated,active
5-hydroxymethyluracil high in blood,5-hydruxymethyluracil high in blood,generated,active
5-hydroxymethyluracil high in blood,5-hydroxymethluracil high in blood,generated,active
5-hydroxymethyluracil high in blood,5-hydorxymethyluracil high in blood,generated,active
5-hydroxymethyluracil high in csf,5-hydroxymethyluracil high inn csf,generated,active
5-hydroxymethyluracil high in csf,5-hydroxymethyluracill high in csf,generated,active
5-hydroxymethyluracil high in csf,5-hydroxymethyluracil hihg in csf,generated,active
5-hydroxymethyluracil high in csf,5-hydroxymethyluracil hiigh in csf,generated,active
5-hydroxymethyluracil high in csf,5-hydroxymethylurecil high in csf,generated,active
5-hydroxymethyluracil high in csf,5-hydroxymethyluracil hgh in csf,generated,active
5-hydroxymethyluracil high in urine,5-hydroxymethyluracil highi n urine,generated,active
5-hydroxymethyluracil high in urine,5-hydroxymethyluraacil high in urine,generated,active
5-hydroxymethyluracil high in urine,5-hydroxymethyluracl high in urine,generated,active
5-hydroxymethyluracil high in urine,5-hydoxymethyluracil high in urine,generated,active
5-hydroxymethyluracil high in urine,5-hydroxymethyuracil high in urine,generated,active
5-minute apgar score of 0,5-miute apgar score of 0,generated,active
5-minute apgar score of 0,5-minute agar score of 0,generated,active
5-minute apgar score of 0,5-minute apgaar score of 0,generated,active
5-minute apgar score of 0,5-minute apgar score of0,generated,active
5-minute apgar score of 0,5-minute apgar score  of 0,generated,active
5-minute apgar score of 1,5-minute apgar scor eof 1,generated,active
5-minute apgar score of 1,5-mintue apgar score of 1,generated,active
5-minute apgar score of 1,5-minute epgar score of 1,generated,active
5-minute apgar score of 1,5-minute apgar scoe of 1,generated,active
5-minute apgar score of 1,5m-inute apgar score of 1,generated,active
5-minute apgar score of 1,5-minue apgar score of 1,generated,active
5-minute apgar score of 2,-minute apgar score of 2,generated,active
5-minute apgar score of 2,5-mminute apgar score of 2,generated,active
5-minute apgar score of 2,5-minute apgar scorre of 2,generated,active
5-minute apgar score of 2,5-minute apar score of 2,generated,active
5-minute apgar score of 2,5-miinute apgar score of 2,generated,active
5-minute apgar score of 3,5-minute aapgar score of 3,generated,active
5-minute apgar score of 3,5-minuet apgar score of 3,generated,active
5-minute apgar score of 3,5-minute apggar score of 3,generated,active
5-minute apgar score of 3,5-menute apgar score of 3,generated,active
5-minute apgar score of 3,5-minute apgar scor of 3,generated,active
5-minute apgar score of 3,5-minute apgar scroe of 3,generated,active
5-minute apgar score of 4,5-minute apgars core of 4,generated,active
5-minute apgar score of 4,5-minute apgar scoreo f 4,generated,active
5-minute apgar score of 4,5-minute  apgar score of 4,generated,active
5-minute apgar score of 4,5-minute apgarr score of 4,generated,active
5-minute apgar score of 4,5-minute apgar score  of 4,generated,active
5-minute apgar score of 4,5-minute apagr score of 4,generated,active
5-minute apgar score of 5,5-minute apgar  score of 5,generated,active
5-minute apgar score of 5,5-minute apgar scoree of 5,generated,active
5-minute apgar score of 5,5-minute apgar scoreof 5,generated,active
5-minute apgar score of 5,5-minute apagr score of 5,generated,active
5-minute apgar score of 5,5m-inute apgar score of 5,generated,active
5-minute apgar score of 5,5-minute apggar score of 5,generated,active
5-minute apgar score of 6,5-minute  apgar score of 6,generated,active
5-minute apgar score of 6,5-miinute apgar score of 6,generated,active
5-minute apgar score of 6,5-minuteapgar score of 6,generated,active
5-minute apgar score of 6,5-minute agar score of 6,generated,active
5-oxoprolinase deficiency,5-oxoprolinase defficiency,generated,active
5-oxoprolinase deficiency,55-oxoprolinase deficiency,generated,active
5-oxoprolinase deficiency,5-oxoprolinas edeficiency,generated,active
5-oxoprolinase deficiency,5-oxoprolinasse deficiency,generated,active
5-oxoprolinase deficiency,5-ooxprolinase deficiency,generated,active
5-oxoprolinase deficiency,-oxoprolinase deficiency,generated,active
5th finger middle phalangeal hypoplasia,5th finger middle phalangeal hypuplasia,generated,active
5th finger middle phalangeal hypoplasia,5th fniger middle phalangeal hypoplasia,generated,active
5th finger middle phalangeal hypoplasia,5th fnger middle phalangeal hypoplasia,generated,active
5th finger middle phalangeal hypoplasia,5th finger middlephalangeal hypoplasia,generated,active
5th finger middle phalangeal hypoplasia,5th finger middle phalangeal hpoplasia,generated,active
5th finger middle phalangeal hypoplasia,5th finger middle halangeal hypoplasia,generated,active
6 long bones of hand,6 long bones of handd,generated,active
6 long bones of hand,6 long bonesof hand,generated,active
6 long bones of hand,6 long bnoes of hand,generated,active
6 long bones of hand,6 long boneso f hand,generated,active
6 long bones of hand,6 lnog bones of hand,generated,active
6 metacarpals,6 metacapals,generated,active
6 metacarpals,6 metcaarpals,generated,active
6 metacarpals,6 metakarpals,generated,active
6 metacarpals,6 metcarpals,generated,active
6-layered lissencephaly,6-layered lissencepphaly,generated,active
6-layered lissencephaly,6-laered lissencephaly,generated,active
6-layered lissencephaly,6-layeredl issencephaly,generated,active
6-layered lissencephaly,6-layred lissencephaly,generated,active
6-layered lissencephaly,6-layerde lissencephaly,generated,active
6-layered lissencephaly,6-layered lissencephhaly,generated,active
6-mercaptopurine exposure,6-mercaptopurine expoosure,generated,active
6-mercaptopurine exposure,6-mercaptopurine expossure,generated,active
6-mercaptopurine exposure,6-mercaptopurinee exposure,generated,active
6-mercaptopurine exposure,6-merccaptopurine exposure,generated,active
6-mercaptopurine exposure,6-mercaptopurine eexposure,generated,active
6-mercaptopurine exposure,6-mercaptopurne exposure,generated,active
aa amyloidosis,aa amyloiddosis,generated,active
aa amyloidosis,aaa myloidosis,generated,active
aa amyloidosis,aa amyolidosis,generated,active
aa amyloidosis,aa amyliodosis,generated,active
aa amyloidosis,aa  amyloidosis,generated,active
aa amyloidosis,aa amyloidsois,generated,active
abasia,abaasia,generated,active
abasia,abasa,generated,active
abasia,ebasia,generated,active
abasia,abbasia,generated,active
abasia,aabasia,generated,active
abasia,basia,generated,active
abdominal adhesions,abdominal adhesiions,generated,active
abdominal adhesions,abdominaal adhesions,generated,active
abdominal adhesions,abdmoinal adhesions,generated,active
abdominal adhesions,abdominal adheisons,generated,active
abdominal adhesions,abduminal adhesions,generated,active
abdominal aortic aneurysm,abdominal aaortic aneurysm,generated,active
abdominal aortic aneurysm,abdomiinal aortic aneurysm,generated,active
abdominal aortic aneurysm,abdominal aortiic aneurysm,generated,active
abdominal aortic aneurysm,abdminal aortic aneurysm,generated,active
abdominal aortic aneurysm,abdominal aortic aneruysm,generated,active
abdominal aortic calcification,abdominal aortic calcfication,generated,active
abdominal aortic calcification,abdoinal aortic calcification,generated,active
abdominal aortic calcification,abdominal aortic calcificatin,generated,active
abdominal aortic calcification,abdominal aortic calcifciation,generated,active
abdominal aortic calcification,abdominal aortic calicfication,generated,active
abdominal aortic dissection,abdominal aortic disection,generated,active
abdominal aortic dissection,abdoinal aortic dissection,generated,active
abdominal aortic dissection,abdominal aortic dissectoin,generated,active
abdominal aortic dissection,abdominal aortic dissecion,generated,active
abdominal aortic dissection,abdominal aortic dissetcion,generated,active
abdominal aortic dissection,abdominal aorti cdissection,generated,active
abdominal aseptic abscess,abdominal aseptic bscess,generated,active
abdominal aseptic abscess,abdominal aseptic absscess,generated,active
abdominal aseptic abscess,abdominal aseptic bascess,generated,active
abdominal aseptic abscess,abdominal aseptic absecss,generated,active
abdominal aseptic abscess,abdoominal aseptic abscess,generated,active
abdominal aura,abdominal auura,generated,active
abdominal aura,abdomianl aura,generated,active
abdominal aura,abdoimnal aura,generated,active
abdominal aura,abdominal aaura,generated,active
abdominal bloating,adbominal bloating,generated,active
abdominal bloating,abdominal blating,generated,active
abdominal bloating,abdominal bloaing,generated,active
abdominal bloating,abdominal lboating,generated,active
abdominal colic,abdominaal colic,generated,active
abdominal colic,abdominal collic,generated,active
abdominal colic,abdominall colic,generated,active
abdominal colic,aabdominal colic,generated,active
abdominal colic,abdominal oclic,generated,active
abdominal cramps,abdominal cramp,generated,active
abdominal cramps,abduminal cramps,generated,active
abdominal cramps,abdominal crammps,generated,active
abdominal cramps,abdminal cramps,generated,active
abdominal cramps,abdmoinal cramps,generated,active
abdominal cramps,abdoominal cramps,generated,active
abdominal distension,abdominal distenssion,generated,active
abdominal distension,abbdominal distension,generated,active
abdominal distension,adominal distension,generated,active
abdominal distension,abdominal distensionn,generated,active
abdominal distension,abdominal distinsion,generated,active
abdominal distension (gaseous),abdominaal distension (gaseous),generated,active
abdominal distension (gaseous),abdominal distenison (gaseous),generated,active
abdominal distension (gaseous),bdominal distension (gaseous),generated,active
abdominal distension (gaseous),abdominal distension (gasous),generated,active
abdominal distension (gaseous),abdominal distension (gaseous)),generated,active
abdominal distention,abdomnial distention,generated,active
abdominal distention,abdominal distntion,generated,active
abdominal distention,abdominal distentino,generated,active
abdominal distention,abdominal distenton,generated,active
abdominal distention,abdominal diistention,generated,active
abdominal distention,abdminal distention,generated,active
abdominal ectopia cordis,abdomnial ectopia cordis,generated,active
abdominal ectopia cordis,abdominal ectopia corddis,generated,active
abdominal ectopia cordis,abdominal eectopia cordis,generated,active
abdominal ectopia cordis,abdominal etopia cordis,generated,active
abdominal guarding,abdominal guardign,generated,active
abdominal guarding,abdominal guarrding,generated,active
abdominal guarding,abdoimnal guarding,generated,active
abdominal guarding,abdomiinal guarding,generated,active
abdominal guarding,adominal guarding,generated,active
abdominal guarding,abdominal guading,generated,active
abdominal mass,abdominal maass,generated,active
abdominal mass,abbdominal mass,generated,active
abdominal mass,badominal mass,generated,active
abdominal mass,abdominalm ass,generated,active
abdominal mass,abdmoinal mass,generated,active
abdominal muscular hypoplasia,abdominal muscular hypoplsia,generated,active
abdominal muscular hypoplasia,abdominal muscular hpyoplasia,generated,active
abdominal muscular hypoplasia,abdominal musculra hypoplasia,generated,active
abdominal muscular hypoplasia,abdominal muscular hpoplasia,generated,active
abdominal muscular hypoplasia,abdominal muscular hypoplaia,generated,active
abdominal muscular hypoplasia,abbdominal muscular hypoplasia,generated,active
abdominal obesity,abdominal obesityy,generated,active
abdominal obesity,abdominal obesit,generated,active
abdominal obesity,abdominal oobesity,generated,active
abdominal obesity,abdomnial obesity,generated,active
abdominal obesity,abdominal obessity,generated,active
abdominal obesity,abdominal obseity,generated,active
abdominal organ duplication,abdominal organ duplicaiton,generated,active
abdominal organ duplication,ebdominal organ duplication,generated,active
abdominal organ duplication,abdominal organ dduplication,generated,active
abdominal organ duplication,abdominal organ duuplication,generated,active
abdominal organ duplication,abdominal orgn duplication,generated,active
abdominal protuberance,abdominal protubeerance,generated,active
abdominal protuberance,abdominal portuberance,generated,active
abdominal protuberance,abdomina lprotuberance,generated,active
abdominal protuberance,abdominal protubirance,generated,active
abdominal protuberance,abdominal rotuberance,generated,active
abdominal reflex absent,abdominal reflxe absent,generated,active
abdominal reflex absent,abdominla reflex absent,generated,active
abdominal reflex absent,abdominnal reflex absent,generated,active
abdominal reflex absent,abdominaal reflex absent,generated,active
abdominal reflex absent,abdominal reflex abseent,generated,active
abdominal rigidity,adominal rigidity,generated,active
abdominal rigidity,abdominl rigidity,generated,active
abdominal rigidity,abdomial rigidity,generated,active
abdominal rigidity,abdominal riigdity,generated,active
abdominal rigidity,abdominla rigidity,generated,active
"abdominal rigidity, unspecified site","abbdominal rigidity, unspecified site",generated,active
"abdominal rigidity, unspecified site","abdominal rigidity, unspecified siet",generated,active
"abdominal rigidity, unspecified site","abdominal rigiidity, unspecified site",generated,active
"abdominal rigidity, unspecified site","abdominal rigidity, unspecifiedsite",generated,active
"abdominal rigidity, unspecified site","abdominal igidity, unspecified site",generated,active
abdominal situs ambiguus,abdominal situs amibguus,generated,active
abdominal situs ambiguus,abdomina situs ambiguus,generated,active
abdominal situs ambiguus,abdominal situ ambiguus,generated,active
abdominal situs ambiguus,abdominal stius ambiguus,generated,active
abdominal situs inversus,abominal situs inversus,generated,active
abdominal situs inversus,abdomminal situs inversus,generated,active
abdominal situs inversus,abduminal situs inversus,generated,active
abdominal situs inversus,abdominal situs inverrsus,generated,active
abdominal swelling,aabdominal swelling,generated,active
abdominal swelling,adbominal swelling,generated,active
abdominal swelling,abdomminal swelling,generated,active
abdominal swelling,abdominall swelling,generated,active
abdominal swelling,bdominal swelling,generated,active
abdominal swelling,abdomina swelling,generated,active
abdominal symptom,abdominal smptom,generated,active
abdominal symptom,abdominal sympto,generated,active
abdominal symptom,abdomenal symptom,generated,active
abdominal symptom,abdmoinal symptom,generated,active
abdominal symptom,abdominal symptm,generated,active
abdominal symptom,abdminal symptom,generated,active
"abdominal tenderness, unspecified site","abdominal tenderness, unspeciied site",generated,active
"abdominal tenderness, unspecified site","abdominal tenderness,unspecified site",generated,active
"abdominal tenderness, unspecified site","abdominal tenderness, unspecifieds ite",generated,active
"abdominal tenderness, unspecified site","abdominal tederness, unspecified site",generated,active
"abdominal tenderness, unspecified site","aabdominal tenderness, unspecified site",generated,active
abdominal wall defect,abdmoinal wall defect,generated,active
abdominal wall defect,abdominal wal defect,generated,active
abdominal wall defect,abdominalw all defect,generated,active
abdominal wall defect,abdominal wall deefct,generated,active
abdominal wall defect,abodminal wall defect,generated,active
abdominal wall mass,abdomnial wall mass,generated,active
abdominal wall mass,abdominal walll mass,generated,active
abdominal wall mass,abdominal awll mass,generated,active
abdominal wall mass,abdominal  wall mass,generated,active
abdominal wall mass,abdmoinal wall mass,generated,active
abdominal wall muscle weakness,abdominla wall muscle weakness,generated,active
abdominal wall muscle weakness,abdominal wwall muscle weakness,generated,active
abdominal wall muscle weakness,abdomina lwall muscle weakness,generated,active
abdominal wall muscle weakness,abdominal  wall muscle weakness,generated,active
abdominal wall muscle weakness,abdominnal wall muscle weakness,generated,active
abdominal wall muscle weakness,abdominal wallmuscle weakness,generated,active
abducens nerve palsy,abducens nerve pasly,generated,active
abducens nerve palsy,abducens nerve aplsy,generated,active
abducens nerve palsy,abducens nerrve palsy,generated,active
abducens nerve palsy,abducenns nerve palsy,generated,active
abducens nerve palsy,abducens neerve palsy,generated,active
abducens nerve paralysis,abduceens nerve paralysis,generated,active
abducens nerve paralysis,abducens nerve paralyysis,generated,active
abducens nerve paralysis,abducen nerve paralysis,generated,active
abducens nerve paralysis,abducens nerrve paralysis,generated,active
abducens nerve paralysis,abducensnerve paralysis,generated,active
abducens nerve paresis,abducens nerve paesis,generated,active
abducens nerve paresis,abducens nervee paresis,generated,active
abducens nerve paresis,abducens nerv paresis,generated,active
abducens nerve paresis,aducens nerve paresis,generated,active
abducens palsy,abducens plsy,generated,active
abducens palsy,baducens palsy,generated,active
abducens palsy,abdducens palsy,generated,active
abducens palsy,abducenspalsy,generated,active
abducens palsy,abducesn palsy,generated,active
abducted thumb,abducteed thumb,generated,active
abducted thumb,abucted thumb,generated,active
abducted thumb,abductedthumb,generated,active
abducted thumb,abduted thumb,generated,active
abduction contracture of the shoulder,abbduction contracture of the shoulder,generated,active
abduction contracture of the shoulder,abductionn contracture of the shoulder,generated,active
abduction contracture of the shoulder,abduction contarcture of the shoulder,generated,active
abduction contracture of the shoulder,abduction contratcure of the shoulder,generated,active
aberrant melanosome maturation,aberrant melnosome maturation,generated,active
aberrant melanosome maturation,aberrant melanosome mmaturation,generated,active
aberrant melanosome maturation,aberrant melanosome maturaiton,generated,active
aberrant melanosome maturation,aberrant melanosome maturaton,generated,active
aberrant melanosome maturation,aberrant melaonsome maturation,generated,active
aberrant melanosome maturation,abrrant melanosome maturation,generated,active
aberrant neuronal branching,aberrant neuronal brannching,generated,active
aberrant neuronal branching,aberrant neuroal branching,generated,active
aberrant neuronal branching,aberrant neuronal bracnhing,generated,active
aberrant neuronal branching,aberraant neuronal branching,generated,active
aberrant neuronal branching,aberrant neuronal brankhing,generated,active
aberrant right subclavian artery,aberrant right  subclavian artery,generated,active
aberrant right subclavian artery,aberrant right subclavian aartery,generated,active
aberrant right subclavian artery,aberrant right subclaavian artery,generated,active
aberrant right subclavian artery,aberrant right subclavian artrey,generated,active
aberrant right subclavian artery,abrrant right subclavian artery,generated,active
aberrant right subclavian artery syndrome,aberrant right sublavian artery syndrome,generated,active
aberrant right subclavian artery syndrome,aberrant rigt subclavian artery syndrome,generated,active
aberrant right subclavian artery syndrome,aberrant right subclavian artery syndrme,generated,active
aberrant right subclavian artery syndrome,aberrant right subclavian artry syndrome,generated,active
aberrant right subclavian artery syndrome,aberrant right subcavian artery syndrome,generated,active
aberrant thyroid,aberratn thyroid,generated,active
aberrant thyroid,aberran thyroid,generated,active
aberrant thyroid,aberrant thyroi,generated,active
aberrant thyroid,aberrrant thyroid,generated,active
aberrant thyroid,aberrant hyroid,generated,active
aberrant thyroid gland,aberrant thyroi dgland,generated,active
aberrant thyroid gland,aberrantt thyroid gland,generated,active
aberrant thyroid gland,baerrant thyroid gland,generated,active
aberrant thyroid gland,aberrant thyorid gland,generated,active
aberrant thyroid gland,aberraant thyroid gland,generated,active
abetalipoproteinemia,abetaliopproteinemia,generated,active
abetalipoproteinemia,abtalipoproteinemia,generated,active
abetalipoproteinemia,abetalipoproteienmia,generated,active
abetalipoproteinemia,abetalipoproteinmeia,generated,active
abetalipoproteinemia,abetalipoproteinema,generated,active
ablepharon,ablephaaron,generated,active
ablepharon,ablpeharon,generated,active
ablepharon,ableepharon,generated,active
ablepharon,ablephraon,generated,active
ablepharon,ableppharon,generated,active
ablepharon,aablepharon,generated,active
ablepharon of eyelid,ablepharon  of eyelid,generated,active
ablepharon of eyelid,ablepharon of yeelid,generated,active
ablepharon of eyelid,blepharon of eyelid,generated,active
ablepharon of eyelid,ablepharo of eyelid,generated,active
ablepharon of eyelid,ableharon of eyelid,generated,active
abnormal 1st metacarpal morphology,abnormall 1st metacarpal morphology,generated,active
abnormal 1st metacarpal morphology,abnormal 1st metacarpal mrophology,generated,active
abnormal 1st metacarpal morphology,abnormal 1st meatcarpal morphology,generated,active
abnormal 1st metacarpal morphology,abnormal 1st metacarpal morfology,generated,active
abnormal 1st metacarpal morphology,abonrmal 1st metacarpal morphology,generated,active
abnormal 2nd finger morphology,abnormal 2nnd finger morphology,generated,active
abnormal 2nd finger morphology,abnormal 2nd finger morhpology,generated,active
abnormal 2nd finger morphology,abnormal 2nd fenger morphology,generated,active
abnormal 2nd finger morphology,abnormal2nd finger morphology,generated,active
abnormal 2nd finger morphology,abnormal 2nd finegr morphology,generated,active
abnormal 2nd finger morphology,abnormal 2ndfinger morphology,generated,active
abnormal 2nd metacarpal morphology,abnormal 2nd metcarpal morphology,generated,active
abnormal 2nd metacarpal morphology,abnormal 2nd emtacarpal morphology,generated,active
abnormal 2nd metacarpal morphology,abnormal 2nd metacarrpal morphology,generated,active
abnormal 2nd metacarpal morphology,abnormal 2nd metacarpall morphology,generated,active
abnormal 2nd metacarpal morphology,abnormal 2nd metacarpal mmorphology,generated,active
abnormal 2nd metacarpal morphology,abnormal 2nd metacarpal morfology,generated,active
abnormal 2nd toe morphology,abnorma l2nd toe morphology,generated,active
abnormal 2nd toe morphology,abnormal 2ndt oe morphology,generated,active
abnormal 2nd toe morphology,abnormal n2d toe morphology,generated,active
abnormal 2nd toe morphology,abnormal 2nd ttoe morphology,generated,active
abnormal 2nd toe morphology,abnormal 2nd toe moorphology,generated,active
abnormal 2nd toe morphology,abnromal 2nd toe morphology,generated,active
abnormal 2nd toe phalanx morphology,abnormal 2nd toe phalax morphology,generated,active
abnormal 2nd toe phalanx morphology,abnormal 2nd  toe phalanx morphology,generated,active
abnormal 2nd toe phalanx morphology,abnoormal 2nd toe phalanx morphology,generated,active
abnormal 2nd toe phalanx morphology,abnormal 2ndd toe phalanx morphology,generated,active
abnormal 2nd toe phalanx morphology,abnormal 2nd toe phalanx mmorphology,generated,active
abnormal 2nd toe phalanx morphology,abnormal 2nd toe phalanxm orphology,generated,active
abnormal 3rd finger morphology,abormal 3rd finger morphology,generated,active
abnormal 3rd finger morphology,abnormal  3rd finger morphology,generated,active
abnormal 3rd finger morphology,abnomal 3rd finger morphology,generated,active
abnormal 3rd finger morphology,abnormal 3rd fingermorphology,generated,active
abnormal 3rd finger morphology,abnormal 3rd finger morpology,generated,active
abnormal 3rd finger phalanx morphology,abnormal 3rd finger phalanx mmorphology,generated,active
abnormal 3rd finger phalanx morphology,abnormal 3rd finger phalanx mrophology,generated,active
abnormal 3rd finger phalanx morphology,abnormal 3rd finger phalanx morphollogy,generated,active
abnormal 3rd finger phalanx morphology,abnormal 3dr finger phalanx morphology,generated,active
abnormal 3rd finger phalanx morphology,abnormal 3rdf inger phalanx morphology,generated,active
abnormal 3rd finger phalanx morphology,abnormal 3rd finger phalanx orphology,generated,active
abnormal 3rd metacarpal morphology,abnormal 3rd metacrapal morphology,generated,active
abnormal 3rd metacarpal morphology,abnormal 3r dmetacarpal morphology,generated,active
abnormal 3rd metacarpal morphology,abnormal 3rd metacarpaal morphology,generated,active
abnormal 3rd metacarpal morphology,abnormal 3d metacarpal morphology,generated,active
abnormal 3rd metacarpal morphology,ebnormal 3rd metacarpal morphology,generated,active
abnormal 3rd toe morphology,abnormal 3rd toe morphologgy,generated,active
abnormal 3rd toe morphology,abnormal 3rd  toe morphology,generated,active
abnormal 3rd toe morphology,abnormal  3rd toe morphology,generated,active
abnormal 3rd toe morphology,abnormal 3rd ote morphology,generated,active
abnormal 3rd toe morphology,abnormal 3r dtoe morphology,generated,active
abnormal 3rd toe morphology,abnomral 3rd toe morphology,generated,active
abnormal 4th finger morphology,abnoormal 4th finger morphology,generated,active
abnormal 4th finger morphology,abonrmal 4th finger morphology,generated,active
abnormal 4th finger morphology,abnormal 4th finger morphologyy,generated,active
abnormal 4th finger morphology,abnormal 4th fnger morphology,generated,active
abnormal 4th finger morphology,abnoral 4th finger morphology,generated,active
abnormal 4th finger morphology,abnormal 4th fingr morphology,generated,active
abnormal 4th finger phalanx morphology,abnorma 4th finger phalanx morphology,generated,active
abnormal 4th finger phalanx morphology,abnormal 4th finger pphalanx morphology,generated,active
abnormal 4th finger phalanx morphology,abnormal 4th finger phalanx morphhology,generated,active
abnormal 4th finger phalanx morphology,abnormal 4th inger phalanx morphology,generated,active
abnormal 4th finger phalanx morphology,abnormal 4th finger phalanx morphologgy,generated,active
abnormal 4th finger phalanx morphology,abnormal 4h finger phalanx morphology,generated,active
abnormal 4th metacarpal morphology,abnormal 4th mteacarpal morphology,generated,active
abnormal 4th metacarpal morphology,abnormal 4th metacarpal mmorphology,generated,active
abnormal 4th metacarpal morphology,abnormal 4th meatcarpal morphology,generated,active
abnormal 4th metacarpal morphology,abnormal 4t metacarpal morphology,generated,active
abnormal 4th metacarpal morphology,abnormal 4th metacarpal mrphology,generated,active
abnormal 4th toe morphology,abnormal 4th toe morhpology,generated,active
abnormal 4th toe morphology,abnormal 4th toe morpohlogy,generated,active
abnormal 4th toe morphology,abnormal 44th toe morphology,generated,active
abnormal 4th toe morphology,abnormal 4th toe morpholoy,generated,active
abnormal 4th toe morphology,abnormal 4th toe mrphology,generated,active
abnormal 4th toe morphology,banormal 4th toe morphology,generated,active
abnormal 5th finger morphology,abnormal 5th ffinger morphology,generated,active
abnormal 5th finger morphology,abnormal 5th figer morphology,generated,active
abnormal 5th finger morphology,abnromal 5th finger morphology,generated,active
abnormal 5th finger morphology,abnormal 5th fingerr morphology,generated,active
abnormal 5th finger morphology,abnormal 55th finger morphology,generated,active
abnormal 5th finger morphology,abnoraml 5th finger morphology,generated,active
abnormal 5th finger phalanx morphology,abnormal 5th finger phalanx  morphology,generated,active
abnormal 5th finger phalanx morphology,abnormal 5th finger phalanx morhology,generated,active
abnormal 5th finger phalanx morphology,abnormal 5th finger phlanx morphology,generated,active
abnormal 5th finger phalanx morphology,abnoraml 5th finger phalanx morphology,generated,active
abnormal 5th finger phalanx morphology,abnormal 5th finger phalanx morpohlogy,generated,active
abnormal 5th metacarpal morphology,abnormal 5th metacapal morphology,generated,active
abnormal 5th metacarpal morphology,abnormal 5th mtacarpal morphology,generated,active
abnormal 5th metacarpal morphology,abnoral 5th metacarpal morphology,generated,active
abnormal 5th metacarpal morphology,abnormal 5th metacarpa lmorphology,generated,active
abnormal 5th metacarpal morphology,abnormal 5th metacarpal morphoogy,generated,active
abnormal 5th toe morphology,abnormal 5th toe moorphology,generated,active
abnormal 5th toe morphology,abnurmal 5th toe morphology,generated,active
abnormal 5th toe morphology,bnormal 5th toe morphology,generated,active
abnormal 5th toe morphology,abnormal 5th toe morpholoogy,generated,active
abnormal 5th toe morphology,abormal 5th toe morphology,generated,active
abnormal 5th toe morphology,abnoral 5th toe morphology,generated,active
abnormal abdomen morphology,abnormal bdomen morphology,generated,active
abnormal abdomen morphology,abonrmal abdomen morphology,generated,active
abnormal abdomen morphology,abnormalabdomen morphology,generated,active
abnormal abdomen morphology,abnormal abdomen morphoogy,generated,active
abnormal abdomen morphology,abnomral abdomen morphology,generated,active
abnormal abdomen morphology,abnormal abdomen mophology,generated,active
abnormal abdominal wall morphology,abnormal abdominaal wall morphology,generated,active
abnormal abdominal wall morphology,abnormal abdominal wlal morphology,generated,active
abnormal abdominal wall morphology,abnormal abdominal awll morphology,generated,active
abnormal abdominal wall morphology,abnormal abdominal wal lmorphology,generated,active
abnormal abdominal wall morphology,abnormal abdominalw all morphology,generated,active
abnormal abdominal wall morphology,abnormal abdominl wall morphology,generated,active
abnormal abducens nerve morphology,abnormal abduceens nerve morphology,generated,active
abnormal abducens nerve morphology,abnormal abdducens nerve morphology,generated,active
abnormal abducens nerve morphology,abnomral abducens nerve morphology,generated,active
abnormal abducens nerve morphology,abnormal abducens neve morphology,generated,active
abnormal abducens nerve morphology,abnormal abucens nerve morphology,generated,active
abnormal abducens nerve morphology,abnormal abducnes nerve morphology,generated,active
abnormal abeta 40 level,abnormal abeta 40 leel,generated,active
abnormal abeta 40 level,abnormal abeta 40 leveel,generated,active
abnormal abeta 40 level,abnormal abeta 40 leve,generated,active
abnormal abeta 40 level,abnorrmal abeta 40 level,generated,active
abnormal abeta 40 level,banormal abeta 40 level,generated,active
abnormal abeta 40 level,abnormal abeta40 level,generated,active
abnormal absence of menstruation,abnormal absence of mnstruation,generated,active
abnormal absence of menstruation,abnormal abesnce of menstruation,generated,active
abnormal absence of menstruation,abnormal absence of menstruaation,generated,active
abnormal absence of menstruation,abnormala bsence of menstruation,generated,active
abnormal absence of menstruation,abnormal absence of menstruatio,generated,active
abnormal absence of menstruation,abnormal absence ofmenstruation,generated,active
abnormal acetabulum morphology,abnormal acetabulum morphoology,generated,active
abnormal acetabulum morphology,abnnormal acetabulum morphology,generated,active
abnormal acetabulum morphology,abnormalacetabulum morphology,generated,active
abnormal acetabulum morphology,abnormal acetbaulum morphology,generated,active
abnormal acetabulum morphology,abnormal aceatbulum morphology,generated,active
abnormal acetabulum morphology,abnormal acetablum morphology,generated,active
abnormal achilles tendon morphology,abnormal achilles tendon morrphology,generated,active
abnormal achilles tendon morphology,abnormal achliles tendon morphology,generated,active
abnormal achilles tendon morphology,abonrmal achilles tendon morphology,generated,active
abnormal achilles tendon morphology,abnormal achilles tendon morpholoyg,generated,active
abnormal achilles tendon morphology,abnormal achilles tendonm orphology,generated,active
abnormal achilles tendon morphology,abnormal achills tendon morphology,generated,active
abnormal adiponectin level,abnormal adiponeectin level,generated,active
abnormal adiponectin level,abnormal adipoenctin level,generated,active
abnormal adiponectin level,abnormal adiponectni level,generated,active
abnormal adiponectin level,abnormal adiponectiin level,generated,active
abnormal adiponectin level,abnormla adiponectin level,generated,active
abnormal adiponectin level,abnormal adeponectin level,generated,active
abnormal adipose tissue morphology,abnomral adipose tissue morphology,generated,active
abnormal adipose tissue morphology,abnormal adipose tisuse morphology,generated,active
abnormal adipose tissue morphology,abnormal adipose tissue morphollogy,generated,active
abnormal adipose tissue morphology,abnormal adiopse tissue morphology,generated,active
abnormal adipose tissue morphology,abnormal adipose tissuue morphology,generated,active
abnormal adipose tissue morphology,abnormal adiposse tissue morphology,generated,active
abnormal adrenal gland position,abnomral adrenal gland position,generated,active
abnormal adrenal gland position,abnormaladrenal gland position,generated,active
abnormal adrenal gland position,abnormal adrenla gland position,generated,active
abnormal adrenal gland position,abnormal adrenal glad position,generated,active
abnormal adrenal gland position,abnormal adrenal glan position,generated,active
abnormal adrenal morphology,abnormal adrenal morphologgy,generated,active
abnormal adrenal morphology,abnormal adernal morphology,generated,active
abnormal adrenal morphology,abnormal adrenal morrphology,generated,active
abnormal adrenal morphology,abnormala drenal morphology,generated,active
abnormal adrenal morphology,abnurmal adrenal morphology,generated,active
abnormal affect,abnromal affect,generated,active
abnormal affect,abnnormal affect,generated,active
abnormal affect,abnormal aaffect,generated,active
abnormal affect,abnormal afffect,generated,active
abnormal affect regulation,abbnormal affect regulation,generated,active
abnormal affect regulation,abnormal affect rregulation,generated,active
abnormal affect regulation,abnormal affect regulatioon,generated,active
abnormal affect regulation,abnorma affect regulation,generated,active
abnormal affect regulation,abnormal affect reguation,generated,active
abnormal affect regulation,abnormal affect reuglation,generated,active
abnormal albumin level,abnormmal albumin level,generated,active
abnormal albumin level,banormal albumin level,generated,active
abnormal albumin level,anbormal albumin level,generated,active
abnormal albumin level,abnormal albumin  level,generated,active
abnormal albumin level,abnormal aalbumin level,generated,active
abnormal albumin level,abnomal albumin level,generated,active
abnormal alcohol consumption,abnormal allcohol consumption,generated,active
abnormal alcohol consumption,abnormal alcoohol consumption,generated,active
abnormal alcohol consumption,abnorma alcohol consumption,generated,active
abnormal alcohol consumption,abnormal alcohool consumption,generated,active
abnormal alcohol consumption,abnormal alcohol consuumption,generated,active
abnormal aldolase level,abnormal aaldolase level,generated,active
abnormal aldolase level,aabnormal aldolase level,generated,active
abnormal aldolase level,abnormal aldolase levvel,generated,active
abnormal aldolase level,abnormal aldolase leevel,generated,active
abnormal aldolase level,abnoral aldolase level,generated,active
abnormal alpha granule content,abnorma alpha granule content,generated,active
abnormal alpha granule content,abnormal alpha granule conntent,generated,active
abnormal alpha granule content,abnormal alpha granule kontent,generated,active
abnormal alpha granule content,abnormal alpha granulecontent,generated,active
abnormal alpha granule content,abnnormal alpha granule content,generated,active
abnormal alpha granule content,abnormal alphaa granule content,generated,active
abnormal alpha granule distribution,abnormal alpha ranule distribution,generated,active
abnormal alpha granule distribution,abnormal alpha granule ditsribution,generated,active
abnormal alpha granule distribution,abnormal alpha granulle distribution,generated,active
abnormal alpha granule distribution,abnormal alpha granule distriution,generated,active
abnormal alpha granule distribution,abnromal alpha granule distribution,generated,active
abnormal alpha granule distribution,abnormal alpha granule ditribution,generated,active
abnormal alpha granules,abnormal alphha granules,generated,active
abnormal alpha granules,abnormal alfa granules,generated,active
abnormal alpha granules,abnormal aplha granules,generated,active
abnormal alpha granules,abnormal alphagranules,generated,active
abnormal alpha granules,aabnormal alpha granules,generated,active
abnormal alveolar macrophage morphology,abnormal alvoelar macrophage morphology,generated,active
abnormal alveolar macrophage morphology,abnormal aveolar macrophage morphology,generated,active
abnormal alveolar macrophage morphology,abormal alveolar macrophage morphology,generated,active
abnormal alveolar macrophage morphology,abnormal aalveolar macrophage morphology,generated,active
abnormal alveolar macrophage morphology,abnorma lalveolar macrophage morphology,generated,active
abnormal alveolar macrophage morphology,abnormalalveolar macrophage morphology,generated,active
abnormal alveolar ridge morphology,abnormal alveloar ridge morphology,generated,active
abnormal alveolar ridge morphology,abnormal alveolar ridge mmorphology,generated,active
abnormal alveolar ridge morphology,anbormal alveolar ridge morphology,generated,active
abnormal alveolar ridge morphology,abnoraml alveolar ridge morphology,generated,active
abnormal alveolar ridge morphology,abnormal alveolar ridge morpphology,generated,active
abnormal alveolar volume,abnoormal alveolar volume,generated,active
abnormal alveolar volume,abnormal alveolar olume,generated,active
abnormal alveolar volume,abnormal alveolar volme,generated,active
abnormal alveolar volume,abnormal alveolar volue,generated,active
abnormal alveolar volume,abnormal alvelar volume,generated,active
abnormal amniotic fluid,abnormal amnioticfluid,generated,active
abnormal amniotic fluid,abnormal amniottic fluid,generated,active
abnormal amniotic fluid,abnormal amniotic flud,generated,active
abnormal amniotic fluid,abnromal amniotic fluid,generated,active
abnormal amniotic fluid,abnrmal amniotic fluid,generated,active
abnormal amniotic fluid,abnormal anmiotic fluid,generated,active
abnormal amsler grid test,abnormal amslerg rid test,generated,active
abnormal amsler grid test,abnormal amsler gridt est,generated,active
abnormal amsler grid test,abnormal amsler grid tesst,generated,active
abnormal amsler grid test,abnnormal amsler grid test,generated,active
abnormal amygdala morphology,abnormal amygdala mmorphology,generated,active
abnormal amygdala morphology,abnormal amygdala morpology,generated,active
abnormal amygdala morphology,abnormal mygdala morphology,generated,active
abnormal amygdala morphology,abnormal amygdala moprhology,generated,active
abnormal amygdala morphology,abnormal aamygdala morphology,generated,active
abnormal anatomic location of the heart,abnormaal anatomic location of the heart,generated,active
abnormal anatomic location of the heart,abnormal anatomc location of the heart,generated,active
abnormal anatomic location of the heart,anbormal anatomic location of the heart,generated,active
abnormal anatomic location of the heart,abnormal anatomic loctaion of the heart,generated,active
abnormal anatomic location of the heart,abnormal anatomic location of the hheart,generated,active
abnormal anatomic location of the heart,abnormal anatomic location o the heart,generated,active
abnormal ankle bones,abnoral ankle bones,generated,active
abnormal ankle bones,abnormal annkle bones,generated,active
abnormal ankle bones,abnormal ankle bnes,generated,active
abnormal ankle bones,abnormal anklle bones,generated,active
abnormal ankle bones,abnormal ankle boones,generated,active
abnormal ankle morphology,abnormal anklee morphology,generated,active
abnormal ankle morphology,abnormal ankle  morphology,generated,active
abnormal ankle morphology,abnormal anlke morphology,generated,active
abnormal ankle morphology,abnoormal ankle morphology,generated,active
abnormal ankle physiology,abnormal ankle hysiology,generated,active
abnormal ankle physiology,abnormal ankle physiologyy,generated,active
abnormal ankle physiology,bnormal ankle physiology,generated,active
abnormal ankle physiology,abnormal ankle pyhsiology,generated,active
abnormal ankle physiology,abnormal anle physiology,generated,active
abnormal antehelix,abnomral antehelix,generated,active
abnormal antehelix,abnormal anteehlix,generated,active
abnormal antehelix,abnromal antehelix,generated,active
abnormal antehelix,abnormala ntehelix,generated,active
abnormal antehelix,abnorma lantehelix,generated,active
abnormal antehelix,abnormaal antehelix,generated,active
abnormal anterior chamber morphology,abnormal atnerior chamber morphology,generated,active
abnormal anterior chamber morphology,abnormal anterior cahmber morphology,generated,active
abnormal anterior chamber morphology,abnormal anterior chamebr morphology,generated,active
abnormal anterior chamber morphology,abnormaal anterior chamber morphology,generated,active
abnormal anterior chamber morphology,abnormal anterior chamber morphoolgy,generated,active
abnormal anterior eye segment morphology,abnormalanterior eye segment morphology,generated,active
abnormal anterior eye segment morphology,abnormal anterior eye sgement morphology,generated,active
abnormal anterior eye segment morphology,abnormal anterior ey segment morphology,generated,active
abnormal anterior eye segment morphology,abnormal anterior eye esgment morphology,generated,active
abnormal anterior eye segment morphology,anormal anterior eye segment morphology,generated,active
abnormal anterior eye segment morphology,abnormal aterior eye segment morphology,generated,active
abnormal anterior fontanelle morphology,abnormal antreior fontanelle morphology,generated,active
abnormal anterior fontanelle morphology,abnormal anterior fontanelle morpholog,generated,active
abnormal anterior fontanelle morphology,abnormal anterior fnotanelle morphology,generated,active
abnormal anterior fontanelle morphology,abnormal antirior fontanelle morphology,generated,active
abnormal anterior fontanelle morphology,abnormal anterior fontanelle orphology,generated,active
abnormal anterior fontanelle morphology,abnormal anterior fontanellee morphology,generated,active
abnormal anterior horn cell morphology,abnormal anterior hrn cell morphology,generated,active
abnormal anterior horn cell morphology,abnormmal anterior horn cell morphology,generated,active
abnormal anterior horn cell morphology,abnormal anterior horrn cell morphology,generated,active
abnormal anterior horn cell morphology,abnormal nterior horn cell morphology,generated,active
abnormal anterior horn cell morphology,abnormal anterior  horn cell morphology,generated,active
abnormal anterior segment morphology,abnormal anterior seggment morphology,generated,active
abnormal anterior segment morphology,abnormal anteriorsegment morphology,generated,active
abnormal anterior segment morphology,abnoraml anterior segment morphology,generated,active
abnormal anterior segment morphology,abnormal naterior segment morphology,generated,active
abnormal anterior segment morphology,abnormal anterior segment morphloogy,generated,active
abnormal anterior segment morphology,abnormal anterior segemnt morphology,generated,active
abnormal anthelix,anormal anthelix,generated,active
abnormal anthelix,abnormal anthleix,generated,active
abnormal anthelix,abnormal anthelxi,generated,active
abnormal anthelix,abbnormal anthelix,generated,active
abnormal anthelix,abnormal anthellix,generated,active
abnormal anthelix,abnormal anthelixx,generated,active
abnormal antihelix,abnormal antihelixx,generated,active
abnormal antihelix,abnrmal antihelix,generated,active
abnormal antihelix,abnormal antiehlix,generated,active
abnormal antihelix,abnormal antiheilx,generated,active
abnormal antihelix,abnormal ntihelix,generated,active
abnormal antihelix morphology,abnorrmal antihelix morphology,generated,active
abnormal antihelix morphology,abnormal ntihelix morphology,generated,active
abnormal antihelix morphology,abnormal antihhelix morphology,generated,active
abnormal antihelix morphology,abnormall antihelix morphology,generated,active
abnormal antihelix morphology,abnormal antihelix morpology,generated,active
abnormal antihelix morphology,abnormal antehelix morphology,generated,active
abnormal antimullerian hormone level,abnormmal antimullerian hormone level,generated,active
abnormal antimullerian hormone level,abnormal antimulerian hormone level,generated,active
abnormal antimullerian hormone level,abnormall antimullerian hormone level,generated,active
abnormal antimullerian hormone level,abnormal antimullerian hormonne level,generated,active
abnormal antimullerian hormone level,abnormal antimullerian hormonee level,generated,active
abnormal antimullerian hormone level,abnormal antimullerian hormone levvel,generated,active
abnormal antitragus morphology,aabnormal antitragus morphology,generated,active
abnormal antitragus morphology,abnormal antitragus morphollogy,generated,active
abnormal antitragus morphology,abnorma lantitragus morphology,generated,active
abnormal antitragus morphology,abnormal antitragsu morphology,generated,active
abnormal antitragus morphology,abnormal antitraagus morphology,generated,active
abnormal antitragus morphology,ebnormal antitragus morphology,generated,active
abnormal antral follicle count,abnromal antral follicle count,generated,active
abnormal antral follicle count,abnormaal antral follicle count,generated,active
abnormal antral follicle count,abnormal antral ollicle count,generated,active
abnormal antral follicle count,ebnormal antral follicle count,generated,active
abnormal anus morphology,abnormal anus moorphology,generated,active
abnormal anus morphology,abnoral anus morphology,generated,active
abnormal anus morphology,anbormal anus morphology,generated,active
abnormal anus morphology,abnormal anus morphhology,generated,active
abnormal anus morphology,abnormal anus morhology,generated,active
abnormal anus physiology,abnormmal anus physiology,generated,active
abnormal anus physiology,abnnormal anus physiology,generated,active
abnormal anus physiology,abnormla anus physiology,generated,active
abnormal anus physiology,abnorml anus physiology,generated,active
abnormal anus physiology,aabnormal anus physiology,generated,active
abnormal anus physiology,abnormal anu physiology,generated,active
abnormal anus position,abnormal anus positio,generated,active
abnormal anus position,bnormal anus position,generated,active
abnormal anus position,abnoormal anus position,generated,active
abnormal anus position,abnormaal anus position,generated,active
abnormal anus position,abnormal anus postiion,generated,active
abnormal anus position,abnormal anuus position,generated,active
abnormal aorta morphology,ebnormal aorta morphology,generated,active
abnormal aorta morphology,anormal aorta morphology,generated,active
abnormal aorta morphology,abnormal aortamorphology,generated,active
abnormal aorta morphology,abnrmal aorta morphology,generated,active
abnormal aorta morphology,abnormal aorta morpholoy,generated,active
abnormal aortic arch morphology,abnormla aortic arch morphology,generated,active
abnormal aortic arch morphology,abnormal aortic arch morphollogy,generated,active
abnormal aortic arch morphology,abnormal aortic arch mrophology,generated,active
abnormal aortic arch morphology,abnormal aortic arch moorphology,generated,active
abnormal aortic arch morphology,abnormaal aortic arch morphology,generated,active
abnormal aortic arch morphology,abnormal aortic arch morpholoyg,generated,active
abnormal aortic morphology,abnormal aoritc morphology,generated,active
abnormal aortic morphology,abnormal arotic morphology,generated,active
abnormal aortic morphology,abnorml aortic morphology,generated,active
abnormal aortic morphology,anbormal aortic morphology,generated,active
abnormal aortic morphology,abnormal aortec morphology,generated,active
abnormal aortic morphology,abnormal aortic morpohlogy,generated,active
abnormal aortic physiology,abonrmal aortic physiology,generated,active
abnormal aortic physiology,abnormal ortic physiology,generated,active
abnormal aortic physiology,abnoormal aortic physiology,generated,active
abnormal aortic physiology,abnormaal aortic physiology,generated,active
abnormal aortic physiology,abnormal aotric physiology,generated,active
abnormal aortic valve cusp morphology,abnormal aortic valve csup morphology,generated,active
abnormal aortic valve cusp morphology,abnormal aotric valve cusp morphology,generated,active
abnormal aortic valve cusp morphology,anormal aortic valve cusp morphology,generated,active
abnormal aortic valve cusp morphology,abnoraml aortic valve cusp morphology,generated,active
abnormal aortic valve cusp morphology,abnorml aortic valve cusp morphology,generated,active
abnormal aortic valve cusp morphology,abnormal aortic valvec usp morphology,generated,active
abnormal aortic valve morphology,abnormal aortic valv morphology,generated,active
abnormal aortic valve morphology,abnormal aortic valvi morphology,generated,active
abnormal aortic valve morphology,abnormal aortic avlve morphology,generated,active
abnormal aortic valve morphology,abnnormal aortic valve morphology,generated,active
abnormal aortic valve morphology,abnormal aortic valve  morphology,generated,active
abnormal aortic valve morphology,abnoormal aortic valve morphology,generated,active
abnormal aortic valve physiology,abnormal aortic vvalve physiology,generated,active
abnormal aortic valve physiology,abnormal aortic valve phyisology,generated,active
abnormal aortic valve physiology,abnormal  aortic valve physiology,generated,active
abnormal aortic valve physiology,abnormal aotric valve physiology,generated,active
abnormal aortic valve physiology,abnormal aoric valve physiology,generated,active
abnormal aortic valve physiology,abnormal aorti cvalve physiology,generated,active
abnormal apolipoprotein level,abnormalapolipoprotein level,generated,active
abnormal apolipoprotein level,abnormal apolipoprotein lvel,generated,active
abnormal apolipoprotein level,abnormal apolippoprotein level,generated,active
abnormal apolipoprotein level,abbnormal apolipoprotein level,generated,active
abnormal apolipoprotein level,abnormal apolipoproteinlevel,generated,active
abnormal apolipoprotein level,abnurmal apolipoprotein level,generated,active
abnormal apoptosis,abnomal apoptosis,generated,active
abnormal apoptosis,abnormall apoptosis,generated,active
abnormal apoptosis,abnormal paoptosis,generated,active
abnormal apoptosis,abnurmal apoptosis,generated,active
abnormal apoptosis,anbormal apoptosis,generated,active
abnormal appendicular skeleton morphology,abnormal appendicular skeleton mrphology,generated,active
abnormal appendicular skeleton morphology,abnormal appendiclar skeleton morphology,generated,active
abnormal appendicular skeleton morphology,abnormal appendicular skeleton morpholog,generated,active
abnormal appendicular skeleton morphology,abnormal appendicular skeeton morphology,generated,active
abnormal arachnoid mater morphology,abnormal arachhnoid mater morphology,generated,active
abnormal arachnoid mater morphology,abnormal raachnoid mater morphology,generated,active
abnormal arachnoid mater morphology,abnormal arachnoid  mater morphology,generated,active
abnormal arachnoid mater morphology,abnormal  arachnoid mater morphology,generated,active
abnormal arachnoid mater morphology,abnormal aracnhoid mater morphology,generated,active
abnormal arachnoid mater morphology,abnormal arachnoid materr morphology,generated,active
abnormal arcuate artery lumen morphology,abnormal arcuate artery umen morphology,generated,active
abnormal arcuate artery lumen morphology,abonrmal arcuate artery lumen morphology,generated,active
abnormal arcuate artery lumen morphology,abnormal arcuate artery lumen morphloogy,generated,active
abnormal arcuate artery lumen morphology,abnormal arcuate artery lumne morphology,generated,active
abnormal arcuate artery lumen morphology,abnormal arcuate arter lumen morphology,generated,active
abnormal arcuate artery lumen morphology,abnormal arcuate artery lumen morpholog,generated,active
abnormal arcuate artery morphology,abnorma arcuate artery morphology,generated,active
abnormal arcuate artery morphology,abnormal arcuate artery morphologyy,generated,active
abnormal arcuate artery morphology,anbormal arcuate artery morphology,generated,active
abnormal arcuate artery morphology,abbnormal arcuate artery morphology,generated,active
abnormal arcuate artery morphology,abnormal arcuate artery morphollogy,generated,active
abnormal arcuate artery morphology,abnormal arcuate atery morphology,generated,active
abnormal arcuate vein lumen morphology,abnormal arcuate vein lumen morphloogy,generated,active
abnormal arcuate vein lumen morphology,abnormal arcuate vein lumen moorphology,generated,active
abnormal arcuate vein lumen morphology,abnormal arcuaet vein lumen morphology,generated,active
abnormal arcuate vein lumen morphology,abnormal arcuae vein lumen morphology,generated,active
abnormal arcuate vein lumen morphology,abnormal arcuatte vein lumen morphology,generated,active
abnormal arcuate vein lumen morphology,abnormal acruate vein lumen morphology,generated,active
abnormal arcuate vein morphology,abnormal arcuate evin morphology,generated,active
abnormal arcuate vein morphology,abnormal arcuuate vein morphology,generated,active
abnormal arcuate vein morphology,abnormal arcuaate vein morphology,generated,active
abnormal arcuate vein morphology,abnormal arcuate vein morrphology,generated,active
abnormal arcuate vein morphology,abnormal arcuate vein morphologgy,generated,active
abnormal areolar morphology,aabnormal areolar morphology,generated,active
abnormal areolar morphology,abnormal areolar morphhology,generated,active
abnormal areolar morphology,abnormalareolar morphology,generated,active
abnormal areolar morphology,abnormal areolar mmorphology,generated,active
abnormal areolar morphology,abnormal areolar morpholoogy,generated,active
abnormal arm span,abnormal ar mspan,generated,active
abnormal arm span,abnoral arm span,generated,active
abnormal arm span,abnormal rm span,generated,active
abnormal arm span,abnormal arm spaan,generated,active
abnormal arm span,anbormal arm span,generated,active
abnormal arm span,anormal arm span,generated,active
abnormal aromatase activity,abnorma laromatase activity,generated,active
abnormal aromatase activity,abnormal armatase activity,generated,active
abnormal aromatase activity,abnorrmal aromatase activity,generated,active
abnormal aromatase activity,abnormal aromatase atcivity,generated,active
abnormal aromatase activity,abnormal aromataase activity,generated,active
abnormal aromatase activity,abnormal aromatase  activity,generated,active
abnormal arterial physiology,abnormal rterial physiology,generated,active
abnormal arterial physiology,abnormal arterial physiiology,generated,active
abnormal arterial physiology,abnormal arterial phsiology,generated,active
abnormal arterial physiology,abnormal arterial physioolgy,generated,active
abnormal arterial physiology,abnormal arterialphysiology,generated,active
abnormal arterial physiology,abnorrmal arterial physiology,generated,active
abnormal aryepiglottic fold morphology,abnormal aryepiglottci fold morphology,generated,active
abnormal aryepiglottic fold morphology,abnormal aryepglottic fold morphology,generated,active
abnormal aryepiglottic fold morphology,abnorrmal aryepiglottic fold morphology,generated,active
abnormal aryepiglottic fold morphology,bnormal aryepiglottic fold morphology,generated,active
abnormal aryepiglottic fold morphology,abnormal aryepiglottic fold mophology,generated,active
abnormal aryepiglottic fold morphology,abnormal aryeepiglottic fold morphology,generated,active
abnormal aryepiglottic folds,abnormal ayrepiglottic folds,generated,active
abnormal aryepiglottic folds,abnormal aryepiglotttic folds,generated,active
abnormal aryepiglottic folds,abnormal arypeiglottic folds,generated,active
abnormal aryepiglottic folds,abnormalaryepiglottic folds,generated,active
abnormal aryepiglottic folds,abnormal aryepigloottic folds,generated,active
abnormal aryepiglottic folds,bnormal aryepiglottic folds,generated,active
abnormal ascending aorta morphology,abnormal ascinding aorta morphology,generated,active
abnormal ascending aorta morphology,abnormal ascendinng aorta morphology,generated,active
abnormal ascending aorta morphology,abnomral ascending aorta morphology,generated,active
abnormal ascending aorta morphology,abnormal ascending arota morphology,generated,active
abnormal ascending aorta morphology,abnormal ascending aorta moprhology,generated,active
abnormal ascending aorta morphology,abnormal ascending aortta morphology,generated,active
abnormal astrocyte morphology,abnorma astrocyte morphology,generated,active
abnormal astrocyte morphology,abnormal atrocyte morphology,generated,active
abnormal astrocyte morphology,abnormal astrocyte morrphology,generated,active
abnormal astrocyte morphology,abonrmal astrocyte morphology,generated,active
abnormal astrocyte morphology,abnormal strocyte morphology,generated,active
abnormal astrocyte morphology,abnormal astrocyte morphoology,generated,active
abnormal atrial arrangement,abnormal atrial arranngement,generated,active
abnormal atrial arrangement,abnromal atrial arrangement,generated,active
abnormal atrial arrangement,abnormal  atrial arrangement,generated,active
abnormal atrial arrangement,abnormal atrial arrangemennt,generated,active
abnormal atrial arrangement,abnomal atrial arrangement,generated,active
abnormal atrial arrangement,abnormal atrial arrangiment,generated,active
abnormal atrial septum morphology,anormal atrial septum morphology,generated,active
abnormal atrial septum morphology,abnoraml atrial septum morphology,generated,active
abnormal atrial septum morphology,abnormal atrial septum morphoogy,generated,active
abnormal atrial septum morphology,abnormal atrial septum mrphology,generated,active
abnormal atrial septum morphology,abnormal atrila septum morphology,generated,active
abnormal atrial septum morphology,abnormal atrial seeptum morphology,generated,active
abnormal atrioventricular conduction,abnnormal atrioventricular conduction,generated,active
abnormal atrioventricular conduction,abnormal aatrioventricular conduction,generated,active
abnormal atrioventricular conduction,abnormall atrioventricular conduction,generated,active
abnormal atrioventricular conduction,abnormal atrioventricula rconduction,generated,active
abnormal atrioventricular conduction,abnormal atrioventricular conductionn,generated,active
abnormal atrioventricular connection,abnormall atrioventricular connection,generated,active
abnormal atrioventricular connection,abnomral atrioventricular connection,generated,active
abnormal atrioventricular connection,abnormal atrioventrciular connection,generated,active
abnormal atrioventricular connection,abnormal atrioventricluar connection,generated,active
abnormal atrioventricular connexion,abnormal atrioventriccular connexion,generated,active
abnormal atrioventricular connexion,abnormal atrioventriular connexion,generated,active
abnormal atrioventricular connexion,ebnormal atrioventricular connexion,generated,active
abnormal atrioventricular connexion,abnormla atrioventricular connexion,generated,active
abnormal atrioventricular connexion,abnormal atrioventriicular connexion,generated,active
abnormal atrioventricular connexion,abnormal atrioventricular connexio,generated,active
abnormal auditory canal morphology,abnoraml auditory canal morphology,generated,active
abnormal auditory canal morphology,abnormal auditory canal  morphology,generated,active
abnormal auditory canal morphology,abnormal uditory canal morphology,generated,active
abnormal auditory canal morphology,abnorma auditory canal morphology,generated,active
abnormal auditory canal morphology,abnormal auditory canal morphoogy,generated,active
abnormal auditory evoked potentials,abnorml auditory evoked potentials,generated,active
abnormal auditory evoked potentials,abnormal auditory evoked pottentials,generated,active
abnormal auditory evoked potentials,abnormal auditory evokedd potentials,generated,active
abnormal auditory evoked potentials,abnormal auditory evoked potenntials,generated,active
abnormal auditory evoked potentials,abnormal auditory evoekd potentials,generated,active
abnormal auditory function study,abnormal auditory fuction study,generated,active
abnormal auditory function study,abnormal auditory  function study,generated,active
abnormal auditory function study,abnormal auditory fuunction study,generated,active
abnormal auditory function study,abnormal audiotry function study,generated,active
abnormal auditory function study,abnormal audiory function study,generated,active
abnormal auditory function study,abnormal auditory function sudy,generated,active
abnormal auditory reflex,ebnormal auditory reflex,generated,active
abnormal auditory reflex,abnromal auditory reflex,generated,active
abnormal auditory reflex,abnormal auditory refflex,generated,active
abnormal auditory reflex,abnormal auditory refleex,generated,active
abnormal auditory reflex,abnormal aduitory reflex,generated,active
abnormal auditory reflex,abnormal auditor yreflex,generated,active
abnormal automated kinetic perimetry test,abnormal automted kinetic perimetry test,generated,active
abnormal automated kinetic perimetry test,abnormal automated kinetc perimetry test,generated,active
abnormal automated kinetic perimetry test,abnormal atomated kinetic perimetry test,generated,active
abnormal automated kinetic perimetry test,abnormal automated kinetic perimetry est,generated,active
abnormal axial muscle morphology,abnormal axial mucle morphology,generated,active
abnormal axial muscle morphology,abnorma axial muscle morphology,generated,active
abnormal axial muscle morphology,abnormal axiial muscle morphology,generated,active
abnormal axial muscle morphology,abnormal axial muscle morhology,generated,active
abnormal axial muscle morphology,abnormal axial muscle morphollogy,generated,active
abnormal axial muscle morphology,abnormal axial muscle morphloogy,generated,active
abnormal axial skeleton morphology,abnormal axial skeleton morphhology,generated,active
abnormal axial skeleton morphology,abnormal axial skeeton morphology,generated,active
abnormal axial skeleton morphology,abnomal axial skeleton morphology,generated,active
abnormal axial skeleton morphology,abnormal axial skeleton morfology,generated,active
abnormal axial skeleton morphology,abnormal axial skelton morphology,generated,active
abnormal axial skeleton morphology,abnoormal axial skeleton morphology,generated,active
abnormal b cell count,abnormal b cel lcount,generated,active
abnormal b cell count,abnormal b cell  count,generated,active
abnormal b cell count,abnorma lb cell count,generated,active
abnormal b cell count,abnormal b cell coun,generated,active
abnormal b cell count,abnormal b celll count,generated,active
abnormal b cell morphology,abnormal b cill morphology,generated,active
abnormal b cell morphology,abnormal b cell morpholgoy,generated,active
abnormal b cell morphology,abnormal b cell morpholoogy,generated,active
abnormal b cell morphology,abnormal b cell morphloogy,generated,active
abnormal b cell morphology,bnormal b cell morphology,generated,active
abnormal b cell morphology,abnormal b cell morphoogy,generated,active
abnormal b cell physiology,abnormal b cell phsiology,generated,active
abnormal b cell physiology,abnormal b cell physilogy,generated,active
abnormal b cell physiology,anbormal b cell physiology,generated,active
abnormal b cell physiology,abnormal b cell physoilogy,generated,active
abnormal b cell physiology,aabnormal b cell physiology,generated,active
abnormal b cell proliferation,ebnormal b cell proliferation,generated,active
abnormal b cell proliferation,abnormal b cell prooliferation,generated,active
abnormal b cell proliferation,abnormal b cell prolifertaion,generated,active
abnormal b cell proliferation,abnorml b cell proliferation,generated,active
abnormal b cell proliferation,abnormal b cell prolfieration,generated,active
abnormal b cell proliferation,abnormal b ccell proliferation,generated,active
abnormal b cell subset distribution,abormal b cell subset distribution,generated,active
abnormal b cell subset distribution,abnormal b cell subset ditsribution,generated,active
abnormal b cell subset distribution,abnormal b cell subset idstribution,generated,active
abnormal b cell subset distribution,abnoraml b cell subset distribution,generated,active
abnormal b cell subset distribution,abnormal b cell subset disstribution,generated,active
abnormal b cell subset distribution,abnormal b ccell subset distribution,generated,active
abnormal b cells,abnoraml b cells,generated,active
abnormal b cells,abnormal  b cells,generated,active
abnormal b cells,abnormal b eclls,generated,active
abnormal b cells,abnormla b cells,generated,active
abnormal b cells,abnormal  bcells,generated,active
abnormal b cells,abnormal b kells,generated,active
abnormal b-type natriuretic peptide level,abnorma b-type natriuretic peptide level,generated,active
abnormal b-type natriuretic peptide level,abnormal b-type natriureic peptide level,generated,active
abnormal b-type natriuretic peptide level,abnormal b-type natiuretic peptide level,generated,active
abnormal b-type natriuretic peptide level,abnormal b-type natriretic peptide level,generated,active
abnormal b-type natriuretic peptide level,abnormal b-typenatriuretic peptide level,generated,active
abnormal basal ganglia morphology,abormal basal ganglia morphology,generated,active
abnormal basal ganglia morphology,abnormal basaal ganglia morphology,generated,active
abnormal basal ganglia morphology,abnormal basal ganglia mrophology,generated,active
abnormal basal ganglia morphology,abnormal basal gnaglia morphology,generated,active
abnormal basal ganglia morphology,abnormal basal ganglia morphoolgy,generated,active
abnormal basal ganglia morphology,abnormmal basal ganglia morphology,generated,active
abnormal base excess,abnormalbase excess,generated,active
abnormal base excess,abnurmal base excess,generated,active
abnormal base excess,abormal base excess,generated,active
abnormal base excess,abnrmal base excess,generated,active
abnormal base excess,anbormal base excess,generated,active
abnormal base excess,anormal base excess,generated,active
abnormal basophil morphology,abnormal basophil morpology,generated,active
abnormal basophil morphology,abnormal basophill morphology,generated,active
abnormal basophil morphology,abnormal baspohil morphology,generated,active
abnormal basophil morphology,abnormal basophil  morphology,generated,active
abnormal basophil morphology,abnormal  basophil morphology,generated,active
abnormal basophil morphology,abnormal basopihl morphology,generated,active
abnormal beliefs,abnormal belieefs,generated,active
abnormal beliefs,abbnormal beliefs,generated,active
abnormal beliefs,abnormal belies,generated,active
abnormal beliefs,anbormal beliefs,generated,active
abnormal beliefs,abnormal beliefss,generated,active
abnormal beliefs,abnormal bleiefs,generated,active
abnormal belly button,abnurmal belly button,generated,active
abnormal belly button,abnormal blely button,generated,active
abnormal belly button,abnormal bely button,generated,active
abnormal belly button,abnoormal belly button,generated,active
abnormal belly button,abnromal belly button,generated,active
abnormal beta amyloid 40 level,abnormal beta amyloid 40 lvel,generated,active
abnormal beta amyloid 40 level,abnormal beta amyloid40 level,generated,active
abnormal beta amyloid 40 level,abnormal beta amyloid 04 level,generated,active
abnormal beta amyloid 40 level,abnormal betaa amyloid 40 level,generated,active
abnormal beta amyloid 40 level,abnormal beta  amyloid 40 level,generated,active
abnormal big toe bones,abnormal big toe bone,generated,active
abnormal big toe bones,abnormal big tooe bones,generated,active
abnormal big toe bones,abnormal big toe bnes,generated,active
abnormal big toe bones,abnormal big toe bbones,generated,active
abnormal big toe bones,abnoormal big toe bones,generated,active
abnormal biliary tract morphology,abnormal biliar tract morphology,generated,active
abnormal biliary tract morphology,abnormal biliary tract moprhology,generated,active
abnormal biliary tract morphology,abnormal biliarry tract morphology,generated,active
abnormal biliary tract morphology,abnormal biliary tract morpology,generated,active
abnormal biliary tract morphology,abnormal biliary tarct morphology,generated,active
abnormal biliary tract morphology,abnormal biliary tractt morphology,generated,active
abnormal biliary tract physiology,bnormal biliary tract physiology,generated,active
abnormal biliary tract physiology,abnormal bliiary tract physiology,generated,active
abnormal biliary tract physiology,abnormal biliary trac tphysiology,generated,active
abnormal biliary tract physiology,abnormalbiliary tract physiology,generated,active
abnormal biliary tract physiology,abnormal biliary tract pphysiology,generated,active
abnormal biotinidase level,abnomral biotinidase level,generated,active
abnormal biotinidase level,abnormal biotinidase leevel,generated,active
abnormal biotinidase level,abnormal biotniidase level,generated,active
abnormal biotinidase level,abnormal biotinnidase level,generated,active
abnormal biotinidase level,abnormal biotinidaes level,generated,active
abnormal biotinidase level,abnormal biotinidase llevel,generated,active
abnormal biparietal diameter,abnormal biprietal diameter,generated,active
abnormal biparietal diameter,abnomral biparietal diameter,generated,active
abnormal biparietal diameter,abbnormal biparietal diameter,generated,active
abnormal biparietal diameter,abnormal biparietal idameter,generated,active
abnormal biparietal diameter,abnormal biparietaldiameter,generated,active
abnormal biparietal diameter,abnormal biparietal diametter,generated,active
abnormal bladder morphology,bnormal bladder morphology,generated,active
abnormal bladder morphology,abnoral bladder morphology,generated,active
abnormal bladder morphology,abnormal bladder morphologgy,generated,active
abnormal bladder morphology,abnorml bladder morphology,generated,active
abnormal bladder morphology,abnorrmal bladder morphology,generated,active
abnormal bladder morphology,abnormal bladdr morphology,generated,active
abnormal bleeding,abnormal bledeing,generated,active
abnormal bleeding,abnormall bleeding,generated,active
abnormal bleeding,bnormal bleeding,generated,active
abnormal bleeding,abnormal bleding,generated,active
abnormal bleeding,abnormal bleedng,generated,active
abnormal bleeding,abnormal bleeing,generated,active
abnormal blink rate,abnromal blink rate,generated,active
abnormal blink rate,abnormal bilnk rate,generated,active
abnormal blink rate,abnormal blink arte,generated,active
abnormal blink rate,abnomral blink rate,generated,active
abnormal blink rate,abnormal blink  rate,generated,active
abnormal blink rate,abnormal link rate,generated,active
abnormal blistering of the skin,abnormal blistering of the kin,generated,active
abnormal blistering of the skin,abnormal blistering of thes kin,generated,active
abnormal blistering of the skin,abnormal blisering of the skin,generated,active
abnormal blistering of the skin,abnormal blisternig of the skin,generated,active
abnormal blistering of the skin,abnormal blistering of the scin,generated,active
abnormal blistering of the skin,abnormal blistering of teh skin,generated,active
abnormal blood calcium concentration,abnorma blood calcium concentration,generated,active
abnormal blood calcium concentration,abnormalblood calcium concentration,generated,active
abnormal blood calcium concentration,abnormal bloodc alcium concentration,generated,active
abnormal blood calcium concentration,anbormal blood calcium concentration,generated,active
abnormal blood calcium concentration,abnoraml blood calcium concentration,generated,active
abnormal blood calcium concentration,abnormal lbood calcium concentration,generated,active
abnormal blood calcium levels,bnormal blood calcium levels,generated,active
abnormal blood calcium levels,abnormal blood caclium levels,generated,active
abnormal blood calcium levels,abnormal blood calcim levels,generated,active
abnormal blood calcium levels,abnormal blood calcium levles,generated,active
abnormal blood calcium levels,abnormal blood calceum levels,generated,active
abnormal blood calcium levels,abnormalblood calcium levels,generated,active
abnormal blood carbon dioxide level,abnormal blood carbon dixoide level,generated,active
abnormal blood carbon dioxide level,abnormal blood carbo dioxide level,generated,active
abnormal blood carbon dioxide level,anbormal blood carbon dioxide level,generated,active
abnormal blood carbon dioxide level,abnormal blood carbon dioxide levvel,generated,active
abnormal blood carbon dioxide level,abnormal blod carbon dioxide level,generated,active
abnormal blood carbon dioxide level,abnormal bood carbon dioxide level,generated,active
abnormal blood cation concentration,abnormal blod cation concentration,generated,active
abnormal blood cation concentration,abnormal blood cation  concentration,generated,active
abnormal blood cation concentration,abnormaal blood cation concentration,generated,active
abnormal blood cation concentration,abnrmal blood cation concentration,generated,active
abnormal blood cation concentration,abnormal blood  cation concentration,generated,active
abnormal blood chloride concentration,abnormal bloo dchloride concentration,generated,active
abnormal blood chloride concentration,abnormal blood chloride conncentration,generated,active
abnormal blood chloride concentration,abnormal blood chloride concentraion,generated,active
abnormal blood chloride concentration,abbnormal blood chloride concentration,generated,active
abnormal blood cl concentration,abnormal blood cl concetration,generated,active
abnormal blood cl concentration,abnorml blood cl concentration,generated,active
abnormal blood cl concentration,abnormal blood cl concenrtation,generated,active
abnormal blood cl concentration,abnormal blood cl conceentration,generated,active
abnormal blood cl concentration,abnormal bloo cl concentration,generated,active
abnormal blood cl concentration,anbormal blood cl concentration,generated,active
abnormal blood clot,abnoraml blood clot,generated,active
abnormal blood clot,aabnormal blood clot,generated,active
abnormal blood clot,ebnormal blood clot,generated,active
abnormal blood clot,abnormal blood cot,generated,active
abnormal blood clot,abormal blood clot,generated,active
abnormal blood clotting,abnnormal blood clotting,generated,active
abnormal blood clotting,abnoral blood clotting,generated,active
abnormal blood clotting,abnormaal blood clotting,generated,active
abnormal blood clotting,abnormal blood clottin,generated,active
abnormal blood clotting,abnormal blood  clotting,generated,active
abnormal blood clotting,abnorrmal blood clotting,generated,active
abnormal blood coagulation studies,abnormal blood coagulaion studies,generated,active
abnormal blood coagulation studies,abnormal blood coagulation studdies,generated,active
abnormal blood coagulation studies,abnormal blood coagulation tudies,generated,active
abnormal blood coagulation studies,abormal blood coagulation studies,generated,active
abnormal blood coagulation studies,abnomral blood coagulation studies,generated,active
abnormal blood coagulation studies,abnormal blood oagulation studies,generated,active
abnormal blood creatinine level,abnormal blood creatinine elvel,generated,active
abnormal blood creatinine level,abnormal blood creaatinine level,generated,active
abnormal blood creatinine level,abnormal blood creatinine llevel,generated,active
abnormal blood creatinine level,abnorml blood creatinine level,generated,active
abnormal blood creatinine level,abnormal blood creatinine leevl,generated,active
abnormal blood creatinine level,abnormal blood creatinine lvel,generated,active
abnormal blood folate concentration,abnorma lblood folate concentration,generated,active
abnormal blood folate concentration,abnormal blood folate concnetration,generated,active
abnormal blood folate concentration,abnormal blood folte concentration,generated,active
abnormal blood folate concentration,abnormal bllood folate concentration,generated,active
abnormal blood folate concentration,abnormal blood folate cconcentration,generated,active
abnormal blood gas level in cord blood,abnormal blood gas level i cord blood,generated,active
abnormal blood gas level in cord blood,abnormal bloodgas level in cord blood,generated,active
abnormal blood gas level in cord blood,abnormal blood gas  level in cord blood,generated,active
abnormal blood gas level in cord blood,ebnormal blood gas level in cord blood,generated,active
abnormal blood gas level in cord blood,abnormal blood gas leevel in cord blood,generated,active
abnormal blood glucose concentration,abnormal blood glucose oncentration,generated,active
abnormal blood glucose concentration,abnormmal blood glucose concentration,generated,active
abnormal blood glucose concentration,abnormal blood glucose concnetration,generated,active
abnormal blood glucose concentration,abnormal blood glucose concentratio,generated,active
abnormal blood glucose concentration,abnormal blood glcose concentration,generated,active
abnormal blood glucose concentration,abnormal blood glucose ocncentration,generated,active
abnormal blood ion concentration,abnormaal blood ion concentration,generated,active
abnormal blood ion concentration,abnormal blood ion conentration,generated,active
abnormal blood ion concentration,abnormal blood ion concnetration,generated,active
abnormal blood ion concentration,abnorrmal blood ion concentration,generated,active
abnormal blood ion concentration,abnormal blood ion concentrtaion,generated,active
abnormal blood ion concentration,abnormal blood ion concenttration,generated,active
abnormal blood k concentration,abnormal  blood k concentration,generated,active
abnormal blood k concentration,abnormal blood k concenntration,generated,active
abnormal blood k concentration,abonrmal blood k concentration,generated,active
abnormal blood k concentration,abnormal blood k concentratio,generated,active
abnormal blood k concentration,abnorma lblood k concentration,generated,active
abnormal blood na+ levels,anbormal blood na+ levels,generated,active
abnormal blood na+ levels,abnrmal blood na+ levels,generated,active
abnormal blood na+ levels,abnormal bloodna+ levels,generated,active
abnormal blood na+ levels,abnormal blood na+ livels,generated,active
abnormal blood na+ levels,abnormal blood na +levels,generated,active
abnormal blood o2 level,abnormal blood o2 lvel,generated,active
abnormal blood o2 level,abnormal lbood o2 level,generated,active
abnormal blood o2 level,abnormal blood o2 leel,generated,active
abnormal blood o2 level,aabnormal blood o2 level,generated,active
abnormal blood o2 level,abnormal bood o2 level,generated,active
abnormal blood oxygen level,abnorml blood oxygen level,generated,active
abnormal blood oxygen level,abnormal blood oxygenlevel,generated,active
abnormal blood oxygen level,abnnormal blood oxygen level,generated,active
abnormal blood oxygen level,abnormal blood oxygen leel,generated,active
abnormal blood oxygen level,anbormal blood oxygen level,generated,active
abnormal blood oxygen level,abnormall blood oxygen level,generated,active
abnormal blood oxygen levels,abnormal blodo oxygen levels,generated,active
abnormal blood oxygen levels,abnormall blood oxygen levels,generated,active
abnormal blood oxygen levels,abnormal blood oxyegn levels,generated,active
abnormal blood oxygen levels,abnormal blood oxygen  levels,generated,active
abnormal blood oxygen levels,abnormal blood oxxygen levels,generated,active
abnormal blood oxygen levels,abnomal blood oxygen levels,generated,active
abnormal blood phosphate concentration,abnormal blood pohsphate concentration,generated,active
abnormal blood phosphate concentration,abnormal blood phosphate concentratoin,generated,active
abnormal blood phosphate concentration,abnomral blood phosphate concentration,generated,active
abnormal blood phosphate concentration,abnromal blood phosphate concentration,generated,active
abnormal blood phosphate concentration,abnormalblood phosphate concentration,generated,active
abnormal blood phosphate concentration,abnormal blood phospphate concentration,generated,active
abnormal blood potassium concentration,abnormal lood potassium concentration,generated,active
abnormal blood potassium concentration,abnormal blood poassium concentration,generated,active
abnormal blood potassium concentration,abnormal blood potassium concentartion,generated,active
abnormal blood potassium concentration,abnormal blood potassium concentratiion,generated,active
abnormal blood potassium concentration,abnormal bloood potassium concentration,generated,active
abnormal blood sodium concentration,abnnormal blood sodium concentration,generated,active
abnormal blood sodium concentration,abnoormal blood sodium concentration,generated,active
abnormal blood sodium concentration,abnormal blood sodium concentraton,generated,active
abnormal blood sodium concentration,abnormal blood sodium concenration,generated,active
abnormal blood sodium concentration,abnormal blood odium concentration,generated,active
abnormal blood sodium concentration,abnormall blood sodium concentration,generated,active
abnormal blood vessel morphology,abnormal blood vessel mrphology,generated,active
abnormal blood vessel morphology,abnormal blood vessel mrophology,generated,active
abnormal blood vessel morphology,abnormal blod vessel morphology,generated,active
abnormal blood vessel morphology,abnormal blood vesse morphology,generated,active
abnormal blood vessel morphology,bnormal blood vessel morphology,generated,active
abnormal blood zinc concentration,abnormal blood zenc concentration,generated,active
abnormal blood zinc concentration,anbormal blood zinc concentration,generated,active
abnormal blood zinc concentration,abnormal blood zinc concentratoin,generated,active
abnormal blood zinc concentration,abnormal blood zinc concenrtation,generated,active
abnormal blood zinc concentration,abnoral blood zinc concentration,generated,active
abnormal blood zinc concentration,abnrmal blood zinc concentration,generated,active
abnormal blood-gas level,abnormla blood-gas level,generated,active
abnormal blood-gas level,abnormal blood-gass level,generated,active
abnormal blood-gas level,abnomral blood-gas level,generated,active
abnormal blood-gas level,abnormal bblood-gas level,generated,active
abnormal blood-gas level,abnoormal blood-gas level,generated,active
abnormal bmi,abnoormal bmi,generated,active
abnormal bmi,abnormla bmi,generated,active
abnormal bmi,abnrmal bmi,generated,active
abnormal bmi,ebnormal bmi,generated,active
abnormal bmi,bnormal bmi,generated,active
abnormal body mass index,abnormal body mass inddex,generated,active
abnormal body mass index,bnormal body mass index,generated,active
abnormal body mass index,abnormal bod ymass index,generated,active
abnormal body mass index,abnormal obdy mass index,generated,active
abnormal body mass index,abnormal body maass index,generated,active
abnormal body mass index,abnorml body mass index,generated,active
abnormal bone collagen fibril morphology,abnormal bon ecollagen fibril morphology,generated,active
abnormal bone collagen fibril morphology,abnormal bone collagen fibril morhpology,generated,active
abnormal bone collagen fibril morphology,abnormal bone collagen fibril omrphology,generated,active
abnormal bone collagen fibril morphology,banormal bone collagen fibril morphology,generated,active
abnormal bone collagen fibril morphology,anormal bone collagen fibril morphology,generated,active
abnormal bone collagen fibril morphology,abnromal bone collagen fibril morphology,generated,active
abnormal bone marrow cell morphology,abnormal bone marrowc ell morphology,generated,active
abnormal bone marrow cell morphology,abnormal bone marrow cell morpphology,generated,active
abnormal bone marrow cell morphology,abnormal bone marrrow cell morphology,generated,active
abnormal bone marrow cell morphology,abbnormal bone marrow cell morphology,generated,active
abnormal bone marrow cell morphology,abnormmal bone marrow cell morphology,generated,active
abnormal bone marrow cell morphology,abnorma bone marrow cell morphology,generated,active
abnormal bone maturation of vertebra,abnormal bone maturation of evrtebra,generated,active
abnormal bone maturation of vertebra,abnormalbone maturation of vertebra,generated,active
abnormal bone maturation of vertebra,abnormal bone maturation ofvertebra,generated,active
abnormal bone maturation of vertebra,abnormal bone maturation of  vertebra,generated,active
abnormal bone maturation of vertebra,abnormal obne maturation of vertebra,generated,active
abnormal bone ossification,abnormal bone ossificaation,generated,active
abnormal bone ossification,abnormal bone ossfication,generated,active
abnormal bone ossification,aabnormal bone ossification,generated,active
abnormal bone ossification,abnorrmal bone ossification,generated,active
abnormal bone ossification,abnormall bone ossification,generated,active
abnormal bone ossification,abnorma bone ossification,generated,active
abnormal bone structure,anormal bone structure,generated,active
abnormal bone structure,abnormal one structure,generated,active
abnormal bone structure,abnormal bone sttructure,generated,active
abnormal bone structure,abnormal boe structure,generated,active
abnormal bone structure,abnormal bone stucture,generated,active
abnormal bone structure,abnormal bone structuree,generated,active
abnormal bones of 4th finger,abnormal bonees of 4th finger,generated,active
abnormal bones of 4th finger,abnormal bones of 4th inger,generated,active
abnormal bones of 4th finger,abnormal bones fo 4th finger,generated,active
abnormal bones of 4th finger,abnoral bones of 4th finger,generated,active
abnormal bones of 4th finger,abnormal bones of4th finger,generated,active
abnormal bones of 4th finger,abnoraml bones of 4th finger,generated,active
abnormal bowel sounds,abnormal bowel souns,generated,active
abnormal bowel sounds,abnormaal bowel sounds,generated,active
abnormal bowel sounds,abnormal  bowel sounds,generated,active
abnormal bowel sounds,abormal bowel sounds,generated,active
abnormal bowel sounds,abnormal bowel sounsd,generated,active
abnormal bowman capsule morphology,abnormal bowman cpsule morphology,generated,active
abnormal bowman capsule morphology,abnormal bowman capsuule morphology,generated,active
abnormal bowman capsule morphology,abnormal bowmaan capsule morphology,generated,active
abnormal bowman capsule morphology,abnormal bowman capsule mrphology,generated,active
abnormal bowman capsule morphology,abnormal bowman capsule omrphology,generated,active
abnormal bowman capsule morphology,abnormal bowman capsule morpohlogy,generated,active
abnormal bowman space morphology,abnormal bowan space morphology,generated,active
abnormal bowman space morphology,abnormal bomwan space morphology,generated,active
abnormal bowman space morphology,abnormal bowman space omrphology,generated,active
abnormal bowman space morphology,abnorrmal bowman space morphology,generated,active
abnormal bowman space morphology,abnormal bowman spce morphology,generated,active
abnormal bowman space morphology,abnormal bowmna space morphology,generated,active
abnormal bpd,abnomal bpd,generated,active
abnormal bpd,abonrmal bpd,generated,active
abnormal bpd,abnormmal bpd,generated,active
abnormal bpd,abbnormal bpd,generated,active
abnormal brain choline level by mrs,abnormal brain choline leveel by mrs,generated,active
abnormal brain choline level by mrs,abnormal brain choline level by  mrs,generated,active
abnormal brain choline level by mrs,abnrmal brain choline level by mrs,generated,active
abnormal brain choline level by mrs,abnormalbrain choline level by mrs,generated,active
abnormal brain choline level by mrs,abnormal brain cohline level by mrs,generated,active
abnormal brain creatine level by mrs,banormal brain creatine level by mrs,generated,active
abnormal brain creatine level by mrs,abnormal brain creatine levle by mrs,generated,active
abnormal brain creatine level by mrs,abnurmal brain creatine level by mrs,generated,active
abnormal brain creatine level by mrs,abnormal brain creatine level by ms,generated,active
abnormal brain creatine level by mrs,abnormal brain creatine level by rms,generated,active
abnormal brain creatine level by mrs,abnorrmal brain creatine level by mrs,generated,active
abnormal brain fdg pet scan,abnormal brain fdg ept scan,generated,active
abnormal brain fdg pet scan,abnormal brain fd pet scan,generated,active
abnormal brain fdg pet scan,abnorma lbrain fdg pet scan,generated,active
abnormal brain fdg pet scan,abnoormal brain fdg pet scan,generated,active
abnormal brain fdg pet scan,abnormal brain fdg pet scn,generated,active
abnormal brain fdg pet scan,abnormal brain fdg pet skan,generated,active
abnormal brain glutamine level by mrs,abnromal brain glutamine level by mrs,generated,active
abnormal brain glutamine level by mrs,abnorma brain glutamine level by mrs,generated,active
abnormal brain glutamine level by mrs,abnormal brain glutaimne level by mrs,generated,active
abnormal brain glutamine level by mrs,abnormal brain glutamnie level by mrs,generated,active
abnormal brain glutamine level by mrs,abnormal brain glutaminne level by mrs,generated,active
abnormal brain glutamine level by mrs,abnormal brain glutamine level b ymrs,generated,active
abnormal brain imaging,abnormal bran imaging,generated,active
abnormal brain imaging,abnomral brain imaging,generated,active
abnormal brain imaging,abnormal braen imaging,generated,active
abnormal brain imaging,abnormal bbrain imaging,generated,active
abnormal brain imaging,bnormal brain imaging,generated,active
abnormal brain imaging,abnrmal brain imaging,generated,active
abnormal brain lactate level by mrs,abnormal brain lacttae level by mrs,generated,active
abnormal brain lactate level by mrs,abnormal brin lactate level by mrs,generated,active
abnormal brain lactate level by mrs,abnormal brain laktate level by mrs,generated,active
abnormal brain lactate level by mrs,abnormaal brain lactate level by mrs,generated,active
abnormal brain lactate level by mrs,ebnormal brain lactate level by mrs,generated,active
abnormal brain morphology,abnormal brain omrphology,generated,active
abnormal brain morphology,abnormal brain morphologyy,generated,active
abnormal brain morphology,abnormal brainmorphology,generated,active
abnormal brain morphology,abnormal barin morphology,generated,active
abnormal brain morphology,aabnormal brain morphology,generated,active
abnormal brain morphology,abnormal braen morphology,generated,active
abnormal brain pet scan,abnromal brain pet scan,generated,active
abnormal brain pet scan,abnormal bbrain pet scan,generated,active
abnormal brain pet scan,abnrmal brain pet scan,generated,active
abnormal brain pet scan,abnormalbrain pet scan,generated,active
abnormal brain pet scan,abnoral brain pet scan,generated,active
abnormal brain pet scan,abnormal brain  pet scan,generated,active
abnormal brain scan,abnormal barin scan,generated,active
abnormal brain scan,abnormal brain sca,generated,active
abnormal brain scan,abnorma lbrain scan,generated,active
abnormal brain scan,banormal brain scan,generated,active
abnormal brain scan,abnorml brain scan,generated,active
abnormal brain-evoked potentials,abnormal barin-evoked potentials,generated,active
abnormal brain-evoked potentials,abnormal bbrain-evoked potentials,generated,active
abnormal brain-evoked potentials,abnormal brain-evokedp otentials,generated,active
abnormal brain-evoked potentials,abnormal  brain-evoked potentials,generated,active
abnormal brain-evoked potentials,abnormal brain-evokde potentials,generated,active
abnormal brain-evoked potentials,abnormal brain-evoked potentiaals,generated,active
abnormal brainstem morphology,abonrmal brainstem morphology,generated,active
abnormal brainstem morphology,abnormal brainstem morpholoyg,generated,active
abnormal brainstem morphology,abnormal brainstem morpholgy,generated,active
abnormal brainstem morphology,ebnormal brainstem morphology,generated,active
abnormal brainstem morphology,abnoormal brainstem morphology,generated,active
abnormal brainstem morphology,abnormal brainstem morpology,generated,active
abnormal brainstem mri signal intensity,abnormaal brainstem mri signal intensity,generated,active
abnormal brainstem mri signal intensity,anormal brainstem mri signal intensity,generated,active
abnormal brainstem mri signal intensity,abnormal brainstem mrisignal intensity,generated,active
abnormal brainstem mri signal intensity,abnormal brainstem mri siganl intensity,generated,active
abnormal brainstem mri signal intensity,abbnormal brainstem mri signal intensity,generated,active
abnormal brainstem mri signal intensity,abnormal brainstem mri signali ntensity,generated,active
abnormal breast morphology,abnormal breast morpohlogy,generated,active
abnormal breast morphology,abnormal brest morphology,generated,active
abnormal breast morphology,abnorma lbreast morphology,generated,active
abnormal breast morphology,abnoral breast morphology,generated,active
abnormal breast morphology,abnormal rbeast morphology,generated,active
abnormal breast physiology,bnormal breast physiology,generated,active
abnormal breast physiology,abnromal breast physiology,generated,active
abnormal breast physiology,abnormall breast physiology,generated,active
abnormal breast physiology,abnrmal breast physiology,generated,active
abnormal breast physiology,abnormal breast physioloyg,generated,active
abnormal breast physiology,anormal breast physiology,generated,active
abnormal breath sound,abnrmal breath sound,generated,active
abnormal breath sound,abnormal brath sound,generated,active
abnormal breath sound,abnormaal breath sound,generated,active
abnormal breath sound,abnormal breat sound,generated,active
abnormal breath sound,abnormal breat hsound,generated,active
abnormal breathing,abnormal rbeathing,generated,active
abnormal breathing,abnormal brething,generated,active
abnormal breathing,abnnormal breathing,generated,active
abnormal breathing,anormal breathing,generated,active
abnormal breathing,abnomal breathing,generated,active
abnormal bronchial artery morphology,abnormal bronchial arteryy morphology,generated,active
abnormal bronchial artery morphology,abnormal bronchial artery morpphology,generated,active
abnormal bronchial artery morphology,abnormal ronchial artery morphology,generated,active
abnormal bronchial artery morphology,abnormal broncihal artery morphology,generated,active
abnormal bronchial artery morphology,abnormal bronchial arrtery morphology,generated,active
abnormal bronchial artery morphology,abnorrmal bronchial artery morphology,generated,active
abnormal bronchus morphology,abnnormal bronchus morphology,generated,active
abnormal bronchus morphology,abnormal bornchus morphology,generated,active
abnormal bronchus morphology,abnormal bronchuus morphology,generated,active
abnormal bronchus morphology,abnorrmal bronchus morphology,generated,active
abnormal bronchus morphology,abnormal bronchus morpology,generated,active
abnormal bronchus physiology,abnormal bronchus physioloogy,generated,active
abnormal bronchus physiology,abnormal bronchusp hysiology,generated,active
abnormal bronchus physiology,aabnormal bronchus physiology,generated,active
abnormal bronchus physiology,abnormal bronchu sphysiology,generated,active
abnormal bronchus physiology,abonrmal bronchus physiology,generated,active
abnormal bronchus physiology,abnormla bronchus physiology,generated,active
abnormal buccal fat pad morphology,abnormal buccal fat pad morpholoy,generated,active
abnormal buccal fat pad morphology,abnormal buccal fat pda morphology,generated,active
abnormal buccal fat pad morphology,abnormal buccal fat pad morphlogy,generated,active
abnormal buccal fat pad morphology,abnormla buccal fat pad morphology,generated,active
abnormal buccal fat pad morphology,abnormal buccal fat pad morphoogy,generated,active
abnormal buccal mucosa cell morphology,abnormal buccal mucosacell morphology,generated,active
abnormal buccal mucosa cell morphology,abbnormal buccal mucosa cell morphology,generated,active
abnormal buccal mucosa cell morphology,abnormal buccal mucosa cell morfology,generated,active
abnormal buccal mucosa cell morphology,abnormal buccal mucoosa cell morphology,generated,active
abnormal buccal mucosa cell morphology,abormal buccal mucosa cell morphology,generated,active
abnormal buccal mucosa cell morphology,ebnormal buccal mucosa cell morphology,generated,active
abnormal buccal mucosa morphology,abnormal buccal mucosa mmorphology,generated,active
abnormal buccal mucosa morphology,abnormal buccal muosa morphology,generated,active
abnormal buccal mucosa morphology,abnormal buccal mucosa morpholgy,generated,active
abnormal buccal mucosa morphology,abnormal buccl mucosa morphology,generated,active
abnormal buccal mucosa morphology,abnorma buccal mucosa morphology,generated,active
abnormal bulbus cordis morphology,abnoral bulbus cordis morphology,generated,active
abnormal bulbus cordis morphology,abnormal bulbus cordism orphology,generated,active
abnormal bulbus cordis morphology,abnormal bulbus cordes morphology,generated,active
abnormal bulbus cordis morphology,abnormal bbulbus cordis morphology,generated,active
abnormal bulbus cordis morphology,abnormalbulbus cordis morphology,generated,active
abnormal bulbus cordis morphology,abnormal bulbuscordis morphology,generated,active
abnormal bun concentration,abnrmal bun concentration,generated,active
abnormal bun concentration,abnormal bun concentraton,generated,active
abnormal bun concentration,abnormal bun cocentration,generated,active
abnormal bun concentration,abnormal bun cnocentration,generated,active
abnormal bun concentration,abnormal bunconcentration,generated,active
abnormal bun concentration,aabnormal bun concentration,generated,active
abnormal bursal fluid morphology,abnormalbursal fluid morphology,generated,active
abnormal bursal fluid morphology,abnormal bursal fluid morphollogy,generated,active
abnormal bursal fluid morphology,abnormal bursa fluid morphology,generated,active
abnormal bursal fluid morphology,abnormal burssal fluid morphology,generated,active
abnormal bursal fluid morphology,ebnormal bursal fluid morphology,generated,active
abnormal bursal fluid morphology,abnormal bursla fluid morphology,generated,active
abnormal c peptide level,ebnormal c peptide level,generated,active
abnormal c peptide level,abnormal c peptide elvel,generated,active
abnormal c peptide level,abnurmal c peptide level,generated,active
abnormal c peptide level,abnormal c petide level,generated,active
abnormal c peptide level,abnormal c peptide  level,generated,active
abnormal c-reactive protein level,anbormal c-reactive protein level,generated,active
abnormal c-reactive protein level,abnormal c-reactiev protein level,generated,active
abnormal c-reactive protein level,abnormal c-reaactive protein level,generated,active
abnormal c-reactive protein level,abnormal c-reactive protein lveel,generated,active
abnormal c-reactive protein level,abnormal c-raective protein level,generated,active
abnormal ca-phos regulating hormone level,abnormal ca-phos regulating homone level,generated,active
abnormal ca-phos regulating hormone level,abnormal ca-phos regulating hormoe level,generated,active
abnormal ca-phos regulating hormone level,abnormal ca-phosregulating hormone level,generated,active
abnormal ca-phos regulating hormone level,abormal ca-phos regulating hormone level,generated,active
abnormal caecum morphology,abnormal caecmu morphology,generated,active
abnormal caecum morphology,anormal caecum morphology,generated,active
abnormal caecum morphology,abnormal caceum morphology,generated,active
abnormal caecum morphology,abnormal caecum morphologgy,generated,active
abnormal caecum morphology,abnomal caecum morphology,generated,active
abnormal caecum morphology,abnoral caecum morphology,generated,active
abnormal calcification of the wrist bones,abnomal calcification of the wrist bones,generated,active
abnormal calcification of the wrist bones,abnormal calcification o the wrist bones,generated,active
abnormal calcification of the wrist bones,abnormal alcification of the wrist bones,generated,active
abnormal calf muscles,abnorrmal calf muscles,generated,active
abnormal calf muscles,abnormal clf muscles,generated,active
abnormal calf muscles,abnormal calf musles,generated,active
abnormal calf musculature morphology,abnormal calf musculature morrphology,generated,active
abnormal calf musculature morphology,abnormal calf musculatuer morphology,generated,active
abnormal calf musculature morphology,abnormal claf musculature morphology,generated,active
abnormal calf musculature morphology,abnormal calfmusculature morphology,generated,active
abnormal calf musculature morphology,abnormal callf musculature morphology,generated,active
abnormal calvaria morphology,abnormal calvaria mophology,generated,active
abnormal calvaria morphology,abnormal calvaria morhology,generated,active
abnormal calvaria morphology,abnoormal calvaria morphology,generated,active
abnormal calvaria morphology,abnomal calvaria morphology,generated,active
abnormal calvaria morphology,abnormal calvaria morphoogy,generated,active
abnormal capillary morphology,abnormal caipllary morphology,generated,active
abnormal capillary morphology,abnormal caillary morphology,generated,active
abnormal capillary morphology,abnoraml capillary morphology,generated,active
abnormal capillary morphology,abnormal capilalry morphology,generated,active
abnormal capillary morphology,abnormal capillary morhology,generated,active
abnormal capillary physiology,abnormal capillary physioology,generated,active
abnormal capillary physiology,abnormal capillary  physiology,generated,active
abnormal capillary physiology,abnormal apillary physiology,generated,active
abnormal capillary physiology,anbormal capillary physiology,generated,active
abnormal capillary physiology,abnormal capillary physiolgy,generated,active
abnormal capillary physiology,abnomral capillary physiology,generated,active
abnormal capitate bone morphology,abnormal capittate bone morphology,generated,active
abnormal capitate bone morphology,abnorrmal capitate bone morphology,generated,active
abnormal capitate bone morphology,abnoraml capitate bone morphology,generated,active
abnormal capitate bone morphology,abnormal capitate bone morphoogy,generated,active
abnormal capitate bone morphology,abnormal capitate bone mrophology,generated,active
abnormal cardiac atrial physiology,abnormal cardiac atrialphysiology,generated,active
abnormal cardiac atrial physiology,abnormal cardiac atrial physilogy,generated,active
abnormal cardiac atrial physiology,abnormal cardiac atrial phyysiology,generated,active
abnormal cardiac atrial physiology,abnormaal cardiac atrial physiology,generated,active
abnormal cardiac atrial physiology,abnormal cardiac atria lphysiology,generated,active
abnormal cardiac atrial physiology,abnormal cardeac atrial physiology,generated,active
abnormal cardiac atrium morphology,abnormal caardiac atrium morphology,generated,active
abnormal cardiac atrium morphology,abnoraml cardiac atrium morphology,generated,active
abnormal cardiac atrium morphology,aabnormal cardiac atrium morphology,generated,active
abnormal cardiac atrium morphology,banormal cardiac atrium morphology,generated,active
abnormal cardiac atrium morphology,abnormal cardiac atrium mophology,generated,active
abnormal cardiac biomarker test,abnormal cardiac biomarker etst,generated,active
abnormal cardiac biomarker test,abnormal cardiiac biomarker test,generated,active
abnormal cardiac biomarker test,abnormal cardiac bioomarker test,generated,active
abnormal cardiac biomarker test,abnormal cardiac biomaarker test,generated,active
abnormal cardiac biomarker test,abnormal cardiac bimoarker test,generated,active
abnormal cardiac biomarker test,abnormal cardiac biomrker test,generated,active
abnormal cardiac cath,abnormal cardiac caath,generated,active
abnormal cardiac cath,abnormal cardiac cth,generated,active
abnormal cardiac cath,abnorma lcardiac cath,generated,active
abnormal cardiac cath,abnormal cardiac caht,generated,active
abnormal cardiac cath,abnormall cardiac cath,generated,active
abnormal cardiac catheterization,abbnormal cardiac catheterization,generated,active
abnormal cardiac catheterization,abnormal cardiac cathetreization,generated,active
abnormal cardiac catheterization,abormal cardiac catheterization,generated,active
abnormal cardiac catheterization,abnormal acrdiac catheterization,generated,active
abnormal cardiac catheterization,abnormal cardiac catheterizzation,generated,active
abnormal cardiac catheterization,abnormal cardiac catheterizatino,generated,active
abnormal cardiac exercise stress test,abnormal cardiac exercis estress test,generated,active
abnormal cardiac exercise stress test,abnormal cardiac exercise sress test,generated,active
abnormal cardiac exercise stress test,abnormal cardiac exercises tress test,generated,active
abnormal cardiac exercise stress test,abnormalcardiac exercise stress test,generated,active
abnormal cardiac exercise stress test,abnormal cardiac exercise stress tset,generated,active
abnormal cardiac exercise stress test,abnoraml cardiac exercise stress test,generated,active
abnormal cardiac exercise test,abnormal  cardiac exercise test,generated,active
abnormal cardiac exercise test,abnormal cardiac exercise etst,generated,active
abnormal cardiac exercise test,abnormal cardiac exercse test,generated,active
abnormal cardiac exercise test,abnormal cardiac exerciise test,generated,active
abnormal cardiac exercise test,abnormalc ardiac exercise test,generated,active
abnormal cardiac exercise test,abnormal cardiac exercise tes,generated,active
abnormal cardiac index,abnormaal cardiac index,generated,active
abnormal cardiac index,abormal cardiac index,generated,active
abnormal cardiac index,abnormal cardiac idnex,generated,active
abnormal cardiac index,abnormal cardiac indix,generated,active
abnormal cardiac index,abnormal cardiac inndex,generated,active
abnormal cardiac mri,abnormal cardiiac mri,generated,active
abnormal cardiac mri,abnormal cardac mri,generated,active
abnormal cardiac mri,abnoormal cardiac mri,generated,active
abnormal cardiac mri,abnormal acrdiac mri,generated,active
abnormal cardiac mri,abnormalc ardiac mri,generated,active
abnormal cardiac muscle cell morphology,abnormal cardiac muscle cell moorphology,generated,active
abnormal cardiac muscle cell morphology,abnormal cardiacm uscle cell morphology,generated,active
abnormal cardiac muscle cell morphology,abnormal cardiac musclee cell morphology,generated,active
abnormal cardiac muscle cell morphology,abnormal cardia muscle cell morphology,generated,active
abnormal cardiac muscle cell morphology,abnormall cardiac muscle cell morphology,generated,active
abnormal cardiac muscle cell morphology,abnormal cardiac mscle cell morphology,generated,active
abnormal cardiac output,abnormal cadiac output,generated,active
abnormal cardiac output,abnormal kardiac output,generated,active
abnormal cardiac output,abnoraml cardiac output,generated,active
abnormal cardiac output,abnormal acrdiac output,generated,active
abnormal cardiac septum morphology,abnormalcardiac septum morphology,generated,active
abnormal cardiac septum morphology,abnormal cardiac esptum morphology,generated,active
abnormal cardiac septum morphology,abnormal cardiac septum morpholgy,generated,active
abnormal cardiac septum morphology,abnormal carddiac septum morphology,generated,active
abnormal cardiac septum morphology,abonrmal cardiac septum morphology,generated,active
abnormal cardiac septum morphology,abnormal caridac septum morphology,generated,active
abnormal cardiac test,bnormal cardiac test,generated,active
abnormal cardiac test,abnorma lcardiac test,generated,active
abnormal cardiac test,abnormal cardiac  test,generated,active
abnormal cardiac test,abnormal crdiac test,generated,active
abnormal cardiac test,abnomral cardiac test,generated,active
abnormal cardiac test,abnrmal cardiac test,generated,active
abnormal cardiac ventricle morphology,abnormal cardiac vnetricle morphology,generated,active
abnormal cardiac ventricle morphology,abnormal cardiac ventricle moprhology,generated,active
abnormal cardiac ventricle morphology,abnormal cardiac ventriclee morphology,generated,active
abnormal cardiac ventricle morphology,abonrmal cardiac ventricle morphology,generated,active
abnormal cardiac ventricle morphology,abnormal cardiac ventricle morpholgy,generated,active
abnormal cardiac ventricle morphology,abnormal cadriac ventricle morphology,generated,active
abnormal cardiac ventricular function,abnormal cardiac ventricula rfunction,generated,active
abnormal cardiac ventricular function,abnormal cardeac ventricular function,generated,active
abnormal cardiac ventricular function,abnoormal cardiac ventricular function,generated,active
abnormal cardiac ventricular function,abnorrmal cardiac ventricular function,generated,active
abnormal cardiac ventricular function,abonrmal cardiac ventricular function,generated,active
abnormal cardiac ventricular function,abnormal cardiac ventircular function,generated,active
abnormal cardiomyocyte morphology,anbormal cardiomyocyte morphology,generated,active
abnormal cardiomyocyte morphology,abnormall cardiomyocyte morphology,generated,active
abnormal cardiomyocyte morphology,abnomal cardiomyocyte morphology,generated,active
abnormal cardiomyocyte morphology,abnoraml cardiomyocyte morphology,generated,active
abnormal cardiomyocyte morphology,abnomral cardiomyocyte morphology,generated,active
abnormal cardiomyocyte morphology,abnormal cardiomyocyte morpholgoy,generated,active
abnormal cardiovascular system morphology,abnormal cardiovasculr system morphology,generated,active
abnormal cardiovascular system morphology,bnormal cardiovascular system morphology,generated,active
abnormal cardiovascular system morphology,abnormal cardiovascuar system morphology,generated,active
abnormal cardiovascular system morphology,abnormal cardivascular system morphology,generated,active
abnormal cardiovascular system morphology,abnormal cardiovascular system mophology,generated,active
abnormal cardiovascular system morphology,abnormal cardiovascula system morphology,generated,active
abnormal cardiovascular system physiology,abnormal cardiovascular system phsiology,generated,active
abnormal cardiovascular system physiology,abnrmal cardiovascular system physiology,generated,active
abnormal cardiovascular system physiology,abnormal cardiovascular system phyiology,generated,active
abnormal cardiovascular system physiology,abormal cardiovascular system physiology,generated,active
abnormal carotid artery morphology,abnormal carotid rtery morphology,generated,active
abnormal carotid artery morphology,abnormal carotid artery mrophology,generated,active
abnormal carotid artery morphology,abnormaal carotid artery morphology,generated,active
abnormal carotid artery morphology,abnormal carotid arrtery morphology,generated,active
abnormal carotid artery morphology,abnormal carotid artey morphology,generated,active
abnormal carotid artery morphology,abnormal carotid arter morphology,generated,active
abnormal carpal bones,abnorrmal carpal bones,generated,active
abnormal carpal bones,abnormal carpal bone,generated,active
abnormal carpal bones,abnormal carpa bones,generated,active
abnormal carpal bones,abnormal carrpal bones,generated,active
abnormal carpal bones,anormal carpal bones,generated,active
abnormal carpal bones,abnormal carpaal bones,generated,active
abnormal carpal morphology,abnormal carpal morphologyy,generated,active
abnormal carpal morphology,abnormal carpal morpholgoy,generated,active
abnormal carpal morphology,abnormal carpla morphology,generated,active
abnormal carpal morphology,abormal carpal morphology,generated,active
abnormal carpal morphology,abbnormal carpal morphology,generated,active
abnormal cartilage collagen,abnormal cartialge collagen,generated,active
abnormal cartilage collagen,abnormal cartilgae collagen,generated,active
abnormal cartilage collagen,abnormmal cartilage collagen,generated,active
abnormal cartilage collagen,abonrmal cartilage collagen,generated,active
abnormal cartilage collagen,abnormal catilage collagen,generated,active
abnormal cartilage matrix,abnormal carilage matrix,generated,active
abnormal cartilage matrix,abnormal cartelage matrix,generated,active
abnormal cartilage matrix,abnormal cartilag matrix,generated,active
abnormal cartilage matrix,abnormalcartilage matrix,generated,active
abnormal cartilage matrix,abnormal cartlage matrix,generated,active
abnormal cartilage matrix,abnormal cratilage matrix,generated,active
abnormal cartilage morphology,abnormal cartilage morhpology,generated,active
abnormal cartilage morphology,abnormal cartilag morphology,generated,active
abnormal cartilage morphology,abonrmal cartilage morphology,generated,active
abnormal cartilage morphology,abnnormal cartilage morphology,generated,active
abnormal cartilage morphology,abnormal cartilage morpholoogy,generated,active
abnormal cartilage morphology,abnormal cartelage morphology,generated,active
abnormal caudate nucleus morphology,abnormal acudate nucleus morphology,generated,active
abnormal caudate nucleus morphology,abnormal caudate nucleus mophology,generated,active
abnormal caudate nucleus morphology,abnormal caudate nucles morphology,generated,active
abnormal caudate nucleus morphology,abnorma lcaudate nucleus morphology,generated,active
abnormal caudate nucleus morphology,abnormal caudate nculeus morphology,generated,active
abnormal cd4+ memory t cell proportion,abnormal cd4+ emmory t cell proportion,generated,active
abnormal cd4+ memory t cell proportion,abnormal cd4+ memory t cel lproportion,generated,active
abnormal cd4+ memory t cell proportion,abnormal cd4+ memory t cell proporrtion,generated,active
abnormal cd4+ memory t cell proportion,abnormal cd4+ mimory t cell proportion,generated,active
abnormal cd4+ memory t cell proportion,abnormal cd4+ memory t ecll proportion,generated,active
abnormal cd4+ memory t cell proportion,abnormal kd4+ memory t cell proportion,generated,active
abnormal cd4+ t cell proportion,abnormal cd4+ t cel proportion,generated,active
abnormal cd4+ t cell proportion,abnormal cd4 t cell proportion,generated,active
abnormal cd4+ t cell proportion,abnormal cd4+ t cell proporteon,generated,active
abnormal cd4+ t cell proportion,abnormal cd44+ t cell proportion,generated,active
abnormal cd4+ t cell proportion,abnormal cd4+ t ceell proportion,generated,active
abnormal cd4+ t cell subset,abnormal cd4+ t ceell subset,generated,active
abnormal cd4+ t cell subset,abnormal cd4+ t cell subseet,generated,active
abnormal cd4+ t cell subset,abormal cd4+ t cell subset,generated,active
abnormal cd4+ t cell subset,anbormal cd4+ t cell subset,generated,active
abnormal cd4+ t cell subset,abnormal cd4+ t cell subbset,generated,active
abnormal cd4+ t cell subset,abnorma lcd4+ t cell subset,generated,active
abnormal cd4+ t cell subset proportion,abnnormal cd4+ t cell subset proportion,generated,active
abnormal cd4+ t cell subset proportion,abnormal cd4+ tcell subset proportion,generated,active
abnormal cd4+ t cell subset proportion,abnormal cd4+ t cell subset prportion,generated,active
abnormal cd4+ t cell subset proportion,abnormal cd4+ t cll subset proportion,generated,active
abnormal cd4+ t cell subset proportion,bnormal cd4+ t cell subset proportion,generated,active
abnormal cd4+ t cell subset proportion,abnormal kd4+ t cell subset proportion,generated,active
abnormal cd4+ t cell subsets,abnormal cd4+ t cell subsetts,generated,active
abnormal cd4+ t cell subsets,abnormaal cd4+ t cell subsets,generated,active
abnormal cd4+ t cell subsets,abnormal cd4+ t ell subsets,generated,active
abnormal cd4+ t cell subsets,abnormal cd4 +t cell subsets,generated,active
abnormal cd4+ t cell subsets,abnormal cd4+ t cell subbsets,generated,active
abnormal cd4+ t cell subsets,abnormal cd4+ tt cell subsets,generated,active
abnormal cd4+cd25+ treg cell proportion,abnormal cd4+cd25+ treg cell proportino,generated,active
abnormal cd4+cd25+ treg cell proportion,abnormal cd4+cd25+ treg celll proportion,generated,active
abnormal cd4+cd25+ treg cell proportion,abnormal cd4+cd25+ treg ecll proportion,generated,active
abnormal cd4+cd25+ treg cell proportion,abnormal cd4+cd25+treg cell proportion,generated,active
abnormal cd4+cd25+ treg cell proportion,abnormall cd4+cd25+ treg cell proportion,generated,active
abnormal cd4+cd25+ treg cell proportion,abnoraml cd4+cd25+ treg cell proportion,generated,active
abnormal cd4:cd8 ratio,abnormal  cd4:cd8 ratio,generated,active
abnormal cd4:cd8 ratio,abnorma lcd4:cd8 ratio,generated,active
abnormal cd4:cd8 ratio,abnormal cd4:cd 8ratio,generated,active
abnormal cd4:cd8 ratio,abnormal cd:4cd8 ratio,generated,active
abnormal cd4:cd8 ratio,ebnormal cd4:cd8 ratio,generated,active
abnormal cd8+ memory t cell proportion,abnormal cd8+ memory t cell prooportion,generated,active
abnormal cd8+ memory t cell proportion,abnormal cd8+ memory t clel proportion,generated,active
abnormal cd8+ memory t cell proportion,abnormal cd8+ memory t cell poportion,generated,active
abnormal cd8+ memory t cell proportion,abnormal cd8+ memry t cell proportion,generated,active
abnormal cd8+ memory t cell proportion,abnormal d8+ memory t cell proportion,generated,active
abnormal cd8+ memory t cell proportion,ebnormal cd8+ memory t cell proportion,generated,active
abnormal cd8+ t cell proportion,abnormal cd8+ t cell proportio,generated,active
abnormal cd8+ t cell proportion,abnormal cd8+  t cell proportion,generated,active
abnormal cd8+ t cell proportion,abonrmal cd8+ t cell proportion,generated,active
abnormal cd8+ t cell proportion,abnormal d8+ t cell proportion,generated,active
abnormal cd8+ t cell proportion,abnormal c8+ t cell proportion,generated,active
abnormal cd8+ t cell proportion,abnormal cdd8+ t cell proportion,generated,active
abnormal cd8+ t cell subset proportion,abnormal cd8+ t cell subset proportoin,generated,active
abnormal cd8+ t cell subset proportion,abnormal cd8+ t cell subset proportioon,generated,active
abnormal cd8+ t cell subset proportion,abnormal cd8+ t cell subbset proportion,generated,active
abnormal cd8+ t cell subset proportion,anormal cd8+ t cell subset proportion,generated,active
abnormal cd8+ t cell subset proportion,abnormal cd8+ t ccell subset proportion,generated,active
abnormal cd8+ t cell subset proportion,abnormal cd8+ t cll subset proportion,generated,active
abnormal cd8+ t cell subsets,abnormal d8+ t cell subsets,generated,active
abnormal cd8+ t cell subsets,abnormal cd8+ t cell sbsets,generated,active
abnormal cd8+ t cell subsets,abnorml cd8+ t cell subsets,generated,active
abnormal cd8+ t cell subsets,abnormal cd8+ t cell usbsets,generated,active
abnormal cd8+ t cell subsets,abnormal cd8+ t cill subsets,generated,active
abnormal cd8+ t cell subsets,abnormal cd8+ t cell subsetts,generated,active
abnormal cecum morphology,abnormal cecum morfology,generated,active
abnormal cecum morphology,abnorma cecum morphology,generated,active
abnormal cecum morphology,abonrmal cecum morphology,generated,active
abnormal cecum morphology,abnormal cecum morpholgoy,generated,active
abnormal cecum morphology,abnormal cicum morphology,generated,active
abnormal celiac artery morphology,abnormal celia cartery morphology,generated,active
abnormal celiac artery morphology,abnormal cleiac artery morphology,generated,active
abnormal celiac artery morphology,abnormal celiac artery morphloogy,generated,active
abnormal celiac artery morphology,abnormal celiac artery mophology,generated,active
abnormal celiac artery morphology,abnormal eliac artery morphology,generated,active
abnormal cell morphology,abnormal cell morpholgoy,generated,active
abnormal cell morphology,abnormal cell morpology,generated,active
abnormal cell morphology,bnormal cell morphology,generated,active
abnormal cell morphology,abnormal cell morphollogy,generated,active
abnormal cell morphology,abnurmal cell morphology,generated,active
abnormal cell proliferation,abnormalcell proliferation,generated,active
abnormal cell proliferation,abnormal cell rpoliferation,generated,active
abnormal cell proliferation,abnorrmal cell proliferation,generated,active
abnormal cell proliferation,abnormal ccell proliferation,generated,active
abnormal cell proliferation,abnormal cel lproliferation,generated,active
abnormal cell proliferation,abnormal cell proliefration,generated,active
abnormal cellular phenotype,abnoral cellular phenotype,generated,active
abnormal cellular phenotype,abnormal cellulaar phenotype,generated,active
abnormal cellular phenotype,abnormal cellular henotype,generated,active
abnormal cellular phenotype,abnormal  cellular phenotype,generated,active
abnormal cellular phenotype,abnormal cellular phenotyep,generated,active
abnormal cellular physiology,abnormal cellular physiolgoy,generated,active
abnormal cellular physiology,abnormal cellular physioloy,generated,active
abnormal cellular physiology,abnormal ellular physiology,generated,active
abnormal cellular physiology,abnormal cellular fysiology,generated,active
abnormal cellular physiology,abnormal cellular phyisology,generated,active
abnormal cellular physiology,abnormal cellular hysiology,generated,active
abnormal cementum morphology,abnormmal cementum morphology,generated,active
abnormal cementum morphology,abnormal cementum morpholoyg,generated,active
abnormal cementum morphology,abnurmal cementum morphology,generated,active
abnormal cementum morphology,aabnormal cementum morphology,generated,active
abnormal cementum morphology,abnormal cementm morphology,generated,active
abnormal cementum morphology,abnormal cementum mrphology,generated,active
abnormal central motor function,abnormal central motor fuction,generated,active
abnormal central motor function,abnormalcentral motor function,generated,active
abnormal central motor function,abnormal cenrtal motor function,generated,active
abnormal central motor function,abnormal central motor fnction,generated,active
abnormal central motor function,abnormall central motor function,generated,active
abnormal central sensory function,abnormal central senory function,generated,active
abnormal central sensory function,abnormal central sensory funciton,generated,active
abnormal central sensory function,abnromal central sensory function,generated,active
abnormal central sensory function,abnormal central senosry function,generated,active
abnormal central sensory function,abonrmal central sensory function,generated,active
abnormal central sensory function,ebnormal central sensory function,generated,active
abnormal cerebellar cortex morphology,abnormal cerebelalr cortex morphology,generated,active
abnormal cerebellar cortex morphology,abnormal cerebellar cortex mophology,generated,active
abnormal cerebellar cortex morphology,abnormal cerebellarc ortex morphology,generated,active
abnormal cerebellar cortex morphology,abnormal cerebellar cortex morpholgy,generated,active
abnormal cerebellar cortex morphology,abnorma cerebellar cortex morphology,generated,active
abnormal cerebellar cortex morphology,abnormal crebellar cortex morphology,generated,active
abnormal cerebellar peduncle morphology,abnormal cerebellar peduncle morphologyy,generated,active
abnormal cerebellar peduncle morphology,abnormal cerebellar  peduncle morphology,generated,active
abnormal cerebellar peduncle morphology,abnrmal cerebellar peduncle morphology,generated,active
abnormal cerebellar peduncle morphology,abnormal cerebelar peduncle morphology,generated,active
abnormal cerebellar peduncle morphology,anormal cerebellar peduncle morphology,generated,active
abnormal cerebellar vermis morphology,abnormal cerebella vermis morphology,generated,active
abnormal cerebellar vermis morphology,abnormal ecrebellar vermis morphology,generated,active
abnormal cerebellar vermis morphology,abnormal cerebellar vermi morphology,generated,active
abnormal cerebellar vermis morphology,abnormal cerebellar vermiss morphology,generated,active
abnormal cerebellar vermis morphology,abnormal cerebelar vermis morphology,generated,active
abnormal cerebellum morphology,abnormal ceebellum morphology,generated,active
abnormal cerebellum morphology,abnormal cerebellum morhology,generated,active
abnormal cerebellum morphology,abnormal erebellum morphology,generated,active
abnormal cerebellum morphology,abnormal cerebellum morphoogy,generated,active
abnormal cerebellum morphology,abnormal cerebellum morpholog,generated,active
abnormal cerebellum morphology,abnormal cerebellum morphloogy,generated,active
abnormal cerebral artery morphology,abnormal cerebral  artery morphology,generated,active
abnormal cerebral artery morphology,anbormal cerebral artery morphology,generated,active
abnormal cerebral artery morphology,abnormal cerebral artery morfology,generated,active
abnormal cerebral artery morphology,abnormal cerebral artery moprhology,generated,active
abnormal cerebral artery morphology,abnormal cerebral artery morpholog,generated,active
abnormal cerebral artery morphology,abnoral cerebral artery morphology,generated,active
abnormal cerebral cortex morphology,abnromal cerebral cortex morphology,generated,active
abnormal cerebral cortex morphology,abnoraml cerebral cortex morphology,generated,active
abnormal cerebral cortex morphology,aabnormal cerebral cortex morphology,generated,active
abnormal cerebral cortex morphology,abnrmal cerebral cortex morphology,generated,active
abnormal cerebral cortex morphology,abnormal cerebral crtex morphology,generated,active
abnormal cerebral morphology,abnomal cerebral morphology,generated,active
abnormal cerebral morphology,abnormalc erebral morphology,generated,active
abnormal cerebral morphology,abnormal erebral morphology,generated,active
abnormal cerebral morphology,abnormmal cerebral morphology,generated,active
abnormal cerebral morphology,abnormal cerebralmorphology,generated,active
abnormal cerebral subcortex morphology,abormal cerebral subcortex morphology,generated,active
abnormal cerebral subcortex morphology,abnormal cerebrla subcortex morphology,generated,active
abnormal cerebral subcortex morphology,abnormal cerebral subcortex orphology,generated,active
abnormal cerebral subcortex morphology,abnormal cerberal subcortex morphology,generated,active
abnormal cerebral subcortex morphology,abnormal cereebral subcortex morphology,generated,active
abnormal cerebral subcortex morphology,abnoormal cerebral subcortex morphology,generated,active
abnormal cerebral vascular morphology,abnormal ccerebral vascular morphology,generated,active
abnormal cerebral vascular morphology,abnormal cerbral vascular morphology,generated,active
abnormal cerebral vascular morphology,abnormal cereebral vascular morphology,generated,active
abnormal cerebral vascular morphology,abnormla cerebral vascular morphology,generated,active
abnormal cerebral vascular morphology,abnormal cerebrral vascular morphology,generated,active
abnormal cerebral vascular morphology,abnormall cerebral vascular morphology,generated,active
abnormal cerebral vein morphology,abnormalcerebral vein morphology,generated,active
abnormal cerebral vein morphology,abnormal cerebral vein morphlogy,generated,active
abnormal cerebral vein morphology,abnormal cerebrl vein morphology,generated,active
abnormal cerebral vein morphology,abnormal cirebral vein morphology,generated,active
abnormal cerebral vein morphology,abnormal cerebrall vein morphology,generated,active
abnormal cerebral venous sinus morphology,abnormal cerebral venous sinus mrphology,generated,active
abnormal cerebral venous sinus morphology,anormal cerebral venous sinus morphology,generated,active
abnormal cerebral venous sinus morphology,abnormal cerebra venous sinus morphology,generated,active
abnormal cerebral venous sinus morphology,abnormal cerebrl venous sinus morphology,generated,active
abnormal cerebral venous sinus morphology,abnormal cerebral venous inus morphology,generated,active
abnormal cerebral ventricle morphology,abnormal cerebral ventrecle morphology,generated,active
abnormal cerebral ventricle morphology,abnormal cerebral venttricle morphology,generated,active
abnormal cerebral ventricle morphology,abnormal ceerbral ventricle morphology,generated,active
abnormal cerebral ventricle morphology,abnormal cerebral ventricle morphoolgy,generated,active
abnormal cerebral ventricle morphology,anormal cerebral ventricle morphology,generated,active
abnormal cerebral white matter morphology,abnormal cerebrl white matter morphology,generated,active
abnormal cerebral white matter morphology,abnormal cerebral hite matter morphology,generated,active
abnormal cerebral white matter morphology,abnormal cerebral white mattermorphology,generated,active
abnormal cerebral white matter morphology,abnormal cerebralwhite matter morphology,generated,active
abnormal cerebral white matter morphology,abnoral cerebral white matter morphology,generated,active
abnormal cerebrospinal fluid morphology,abnormal cerebrospinal fluid morpholog,generated,active
abnormal cerebrospinal fluid morphology,abnormal cerebrospinal fluid morphoology,generated,active
abnormal cerebrospinal fluid morphology,abnormal ceerbrospinal fluid morphology,generated,active
abnormal cerebrospinal fluid morphology,abnormal  cerebrospinal fluid morphology,generated,active
abnormal cerebrospinal fluid morphology,abnormal cererospinal fluid morphology,generated,active
abnormal cerumen color,abnormmal cerumen color,generated,active
abnormal cerumen color,abnormal erumen color,generated,active
abnormal cerumen color,abbnormal cerumen color,generated,active
abnormal cerumen color,abnormaal cerumen color,generated,active
abnormal cerumen color,abonrmal cerumen color,generated,active
abnormal cerumen color,abnoormal cerumen color,generated,active
abnormal cerumen pigmentation,abnormal crumen pigmentation,generated,active
abnormal cerumen pigmentation,abnormal cerume npigmentation,generated,active
abnormal cerumen pigmentation,abnormal cerumenp igmentation,generated,active
abnormal cerumen pigmentation,abnormal ceerumen pigmentation,generated,active
abnormal cerumen pigmentation,aabnormal cerumen pigmentation,generated,active
abnormal cerumen pigmentation,abnormal ceruen pigmentation,generated,active
abnormal cervical curvature,abnormal cervcial curvature,generated,active
abnormal cervical curvature,abnormal cervical curvaure,generated,active
abnormal cervical curvature,abnormal  cervical curvature,generated,active
abnormal cervical curvature,abnormal cervical curavture,generated,active
abnormal cervical curvature,abnormal cervical curvaature,generated,active
abnormal cervical curvature,abnormal cervial curvature,generated,active
abnormal cervical spine,abnormal cervical spin,generated,active
abnormal cervical spine,abnormal crvical spine,generated,active
abnormal cervical spine,abnormal cerivcal spine,generated,active
abnormal cervical spine,abnormal cervica lspine,generated,active
abnormal cervical spine,abnurmal cervical spine,generated,active
abnormal cervical spine,abnormal cerical spine,generated,active
abnormal cervical spine morphology,abnormal cervical spine mophology,generated,active
abnormal cervical spine morphology,abnormal cervcal spine morphology,generated,active
abnormal cervical spine morphology,abnormal cervical spine morpholgoy,generated,active
abnormal cervical spine morphology,abnormal cerviacl spine morphology,generated,active
abnormal cervical spine morphology,abnormal cerrvical spine morphology,generated,active
abnormal ch50,abnormal chh50,generated,active
abnormal ch50,abnoormal ch50,generated,active
abnormal ch50,abnormal  ch50,generated,active
abnormal ch50,abnormal cch50,generated,active
abnormal ch50,abormal ch50,generated,active
abnormal ch50,abnomal ch50,generated,active
abnormal change in sexual drive,abnormall change in sexual drive,generated,active
abnormal change in sexual drive,abnormal change  in sexual drive,generated,active
abnormal change in sexual drive,abnormal changee in sexual drive,generated,active
abnormal change in sexual drive,abnormal change in seual drive,generated,active
abnormal change in sexual drive,abnormal chane in sexual drive,generated,active
abnormal change in sexual drive,abnorma lchange in sexual drive,generated,active
abnormal change in social behavior,abnormal change in social bheavior,generated,active
abnormal change in social behavior,abnormal change ins ocial behavior,generated,active
abnormal change in social behavior,abnurmal change in social behavior,generated,active
abnormal change in social behavior,abnormal cchange in social behavior,generated,active
abnormal change in social behavior,abnormal change in social behavio,generated,active
abnormal change in social behavior,abormal change in social behavior,generated,active
abnormal cheek morphology,abnomral cheek morphology,generated,active
abnormal cheek morphology,abnormal cheek moprhology,generated,active
abnormal cheek morphology,anbormal cheek morphology,generated,active
abnormal cheek morphology,abonrmal cheek morphology,generated,active
abnormal cheek morphology,abnormal cheek morpholoy,generated,active
abnormal cheek morphology,abnormal cheek morpholgoy,generated,active
abnormal chest radiograph finding (lung),abnorma chest radiograph finding (lung),generated,active
abnormal chest radiograph finding (lung),banormal chest radiograph finding (lung),generated,active
abnormal chest radiograph finding (lung),ebnormal chest radiograph finding (lung),generated,active
abnormal chest radiograph finding (lung),abnormal chest adiograph finding (lung),generated,active
abnormal chest radiograph finding (lung),abnormal chest radiograph findign (lung),generated,active
abnormal chest radiograph finding (lung),abnormal ches radiograph finding (lung),generated,active
abnormal choanae morphology,abnormal choane morphology,generated,active
abnormal choanae morphology,abnormal choana emorphology,generated,active
abnormal choanae morphology,bnormal choanae morphology,generated,active
abnormal choanae morphology,abnormal choanae morhpology,generated,active
abnormal choanae morphology,abnormal choanae moprhology,generated,active
abnormal cholesterol homeostasis,abnormal cholestterol homeostasis,generated,active
abnormal cholesterol homeostasis,abnormal ccholesterol homeostasis,generated,active
abnormal cholesterol homeostasis,bnormal cholesterol homeostasis,generated,active
abnormal cholesterol homeostasis,abnormal holesterol homeostasis,generated,active
abnormal cholesterol homeostasis,abnormal cholesterol homeoostasis,generated,active
abnormal chondrocyte morphology,bnormal chondrocyte morphology,generated,active
abnormal chondrocyte morphology,abnormal chondrocyte morrphology,generated,active
abnormal chondrocyte morphology,aabnormal chondrocyte morphology,generated,active
abnormal chondrocyte morphology,abnormal chondrocyte omrphology,generated,active
abnormal chondrocyte morphology,abnorma chondrocyte morphology,generated,active
abnormal chondrocyte morphology,abnormal chondrocye morphology,generated,active
abnormal chorion morphology,abnormal chorrion morphology,generated,active
abnormal chorion morphology,abnormal choriion morphology,generated,active
abnormal chorion morphology,abnormal chorion morpholog,generated,active
abnormal chorion morphology,abnormal chorion mmorphology,generated,active
abnormal chorion morphology,abnormal chorion morpholoy,generated,active
abnormal chorion morphology,abnormal chorion morpholgoy,generated,active
abnormal chorioretinal morphology,aabnormal chorioretinal morphology,generated,active
abnormal chorioretinal morphology,abnormal chorioertinal morphology,generated,active
abnormal chorioretinal morphology,abnormal hcorioretinal morphology,generated,active
abnormal chorioretinal morphology,abnormal chorioretinla morphology,generated,active
abnormal chorioretinal morphology,abormal chorioretinal morphology,generated,active
abnormal choroid morphology,abnoormal choroid morphology,generated,active
abnormal choroid morphology,abnormal choorid morphology,generated,active
abnormal choroid morphology,abnormal choroid morhpology,generated,active
abnormal choroid morphology,abnormal choroidm orphology,generated,active
abnormal choroid morphology,abnormal choroid omrphology,generated,active
abnormal choroid plexus morphology,abnormal choroid plexus morphologgy,generated,active
abnormal choroid plexus morphology,abnormal choroid plexus morphlogy,generated,active
abnormal choroid plexus morphology,abnormal choroid plexus mrophology,generated,active
abnormal choroid plexus morphology,abnormal choroid plexus morphhology,generated,active
abnormal choroid plexus morphology,abnormal horoid plexus morphology,generated,active
abnormal choroid plexus morphology,abnormal choroid plexus omrphology,generated,active
abnormal chromosome morphology,abnormal chromosom emorphology,generated,active
abnormal chromosome morphology,abnormal chhromosome morphology,generated,active
abnormal chromosome morphology,banormal chromosome morphology,generated,active
abnormal chromosome morphology,abnormal chromosome morrphology,generated,active
abnormal chromosome morphology,abnormal chrromosome morphology,generated,active
abnormal chromosome morphology,abnormal chromosome morphoology,generated,active
abnormal chylomicron concentration,abnormal chylomicron oncentration,generated,active
abnormal chylomicron concentration,abnormal chylomicron concentraton,generated,active
abnormal chylomicron concentration,abnormal hcylomicron concentration,generated,active
abnormal chylomicron concentration,abnormal chylomciron concentration,generated,active
abnormal chylomicron concentration,abnormal chyylomicron concentration,generated,active
abnormal ciliary body morphology,abnormal ciliry body morphology,generated,active
abnormal ciliary body morphology,abnormal ciliary body mmorphology,generated,active
abnormal ciliary body morphology,abnormal iliary body morphology,generated,active
abnormal ciliary body morphology,abnormal ciliary obdy morphology,generated,active
abnormal ciliary body morphology,abnorml ciliary body morphology,generated,active
abnormal ciliary motility,abnormal ciliarym otility,generated,active
abnormal ciliary motility,abnormal ciliary motiility,generated,active
abnormal ciliary motility,abnormal ciliary mtoility,generated,active
abnormal ciliary motility,abnoral ciliary motility,generated,active
abnormal ciliary motility,abnormal ciliay motility,generated,active
abnormal ciliary motility,abnormal ciliary motilityy,generated,active
abnormal circle of willis morphology,abnormal circle of willi smorphology,generated,active
abnormal circle of willis morphology,abnoormal circle of willis morphology,generated,active
abnormal circle of willis morphology,abnormal circle of willis morphoology,generated,active
abnormal circle of willis morphology,abnormal circli of willis morphology,generated,active
abnormal circulating aldosterone,abnormal circulating aldosteroone,generated,active
abnormal circulating aldosterone,abnormal circulating aldosterne,generated,active
abnormal circulating aldosterone,abnormal circulating aldsterone,generated,active
abnormal circulating aldosterone,abnormal circulating aldoterone,generated,active
abnormal circulating aldosterone,abnormal circulating alodsterone,generated,active
abnormal circulating amylase level,abnorma circulating amylase level,generated,active
abnormal circulating amylase level,anormal circulating amylase level,generated,active
abnormal circulating amylase level,abnormal circulatingamylase level,generated,active
abnormal circulating amylase level,aabnormal circulating amylase level,generated,active
abnormal circulating amylase level,abnormal criculating amylase level,generated,active
abnormal circulating amylase level,ebnormal circulating amylase level,generated,active
abnormal circulating androgen level,abnormal circulating anrdogen level,generated,active
abnormal circulating androgen level,abnormal circuating androgen level,generated,active
abnormal circulating androgen level,abnormla circulating androgen level,generated,active
abnormal circulating androgen level,abnomral circulating androgen level,generated,active
abnormal circulating androgen level,abnormal circulatingandrogen level,generated,active
abnormal circulating androgen level,abnoral circulating androgen level,generated,active
abnormal circulating beta-crosslaps level,bnormal circulating beta-crosslaps level,generated,active
abnormal circulating beta-crosslaps level,abnormal circulating bet-crosslaps level,generated,active
abnormal circulating beta-crosslaps level,abnormal circulating beta-crsslaps level,generated,active
abnormal circulating beta-crosslaps level,abnormal circulating beta-crosslaps levl,generated,active
abnormal circulating beta-crosslaps level,abnormal circulatingbeta-crosslaps level,generated,active
abnormal circulating beta-ctx level,abnormal circulating beta-ctx leve,generated,active
abnormal circulating beta-ctx level,abnormal circulating beta-ctxx level,generated,active
abnormal circulating beta-ctx level,abnormal circullating beta-ctx level,generated,active
abnormal circulating beta-ctx level,abnormal circulating beta-ctx levell,generated,active
abnormal circulating beta-ctx level,abnormal circulatingbeta-ctx level,generated,active
abnormal circulating beta-ctx level,abnormal kirculating beta-ctx level,generated,active
abnormal circulating ca concentration,abnormal circulating ca concentraation,generated,active
abnormal circulating ca concentration,anormal circulating ca concentration,generated,active
abnormal circulating ca concentration,abnormal circulating ca concentratio,generated,active
abnormal circulating ca concentration,abnormal kirculating ca concentration,generated,active
abnormal circulating ca concentration,abnormal circulating ca conecntration,generated,active
abnormal circulating ca2+ concentration,abnormal ciruclating ca2+ concentration,generated,active
abnormal circulating ca2+ concentration,abnormal circualting ca2+ concentration,generated,active
abnormal circulating ca2+ concentration,abnormal cirulating ca2+ concentration,generated,active
abnormal circulating ca2+ concentration,abnormal circulating ca2+ concentrtion,generated,active
abnormal circulating ck concentration,abnormal circlating ck concentration,generated,active
abnormal circulating ck concentration,abnormal circulating ck concintration,generated,active
abnormal circulating ck concentration,abnormal circulating ck conentration,generated,active
abnormal circulating ck concentration,abnormal ciirculating ck concentration,generated,active
abnormal circulating ck concentration,abnnormal circulating ck concentration,generated,active
abnormal circulating ck concentration,abnormal circulaating ck concentration,generated,active
abnormal circulating copper concentration,abnormal circulating cpper concentration,generated,active
abnormal circulating copper concentration,abnormal circulating coppe concentration,generated,active
abnormal circulating copper concentration,abnormal circulating copper concentraion,generated,active
abnormal circulating copper concentration,abnormalcirculating copper concentration,generated,active
abnormal circulating copper concentration,abnormal circulatng copper concentration,generated,active
abnormal circulating copper concentration,abnormal circulatingcopper concentration,generated,active
abnormal circulating corticosterone level,abnorma circulating corticosterone level,generated,active
abnormal circulating corticosterone level,abnormal circulating corticosterne level,generated,active
abnormal circulating corticosterone level,abnormal circulating corticosterone leve,generated,active
abnormal circulating corticosterone level,abnormal circulating corticosterone levl,generated,active
abnormal circulating corticosterone level,abnormal circuating corticosterone level,generated,active
abnormal circulating cpk concentration,abnormal circulating cpk cncentration,generated,active
abnormal circulating cpk concentration,abnormal circulatiing cpk concentration,generated,active
abnormal circulating cpk concentration,abnormal ciirculating cpk concentration,generated,active
abnormal circulating cpk concentration,abnormal circulating cpk conecntration,generated,active
abnormal circulating cpk concentration,abnormal criculating cpk concentration,generated,active
abnormal circulating cpk concentration,anbormal circulating cpk concentration,generated,active
abnormal circulating creatinine level,abnormal circulatign creatinine level,generated,active
abnormal circulating creatinine level,abnormal circulatingcreatinine level,generated,active
abnormal circulating creatinine level,abnormal circulating creatinie level,generated,active
abnormal circulating creatinine level,abnormal circulating craetinine level,generated,active
abnormal circulating creatinine level,abnormal circulating creatinnie level,generated,active
abnormal circulating creatinine level,abnormal ciruclating creatinine level,generated,active
abnormal circulating enzyme concentration,abnormal circlating enzyme concentration,generated,active
abnormal circulating enzyme concentration,abnormal circulating enzyme concentratio,generated,active
abnormal circulating enzyme concentration,abnrmal circulating enzyme concentration,generated,active
abnormal circulating enzyme concentration,abnormal circulating enzyme concentrtion,generated,active
abnormal circulating enzyme concentration,abnormal circulating enzyme concentraion,generated,active
abnormal circulating enzyme concentration,abnoral circulating enzyme concentration,generated,active
abnormal circulating estrogen level,abnormal circulating estrogeen level,generated,active
abnormal circulating estrogen level,anormal circulating estrogen level,generated,active
abnormal circulating estrogen level,abnormal circulating estorgen level,generated,active
abnormal circulating estrogen level,abnormal circulating estrogne level,generated,active
abnormal circulating estrogen level,abnormal circulating estogen level,generated,active
abnormal circulating free t3 level,abnorma lcirculating free t3 level,generated,active
abnormal circulating free t3 level,abnormal circulating free 3t level,generated,active
abnormal circulating free t3 level,abnormal circulting free t3 level,generated,active
abnormal circulating free t3 level,abnormal cirrculating free t3 level,generated,active
abnormal circulating free t3 level,abnormal circulatingfree t3 level,generated,active
abnormal circulating free t3 level,abnormal circulatign free t3 level,generated,active
abnormal circulating free t4 level,abnormal circullating free t4 level,generated,active
abnormal circulating free t4 level,abnormal circulaating free t4 level,generated,active
abnormal circulating free t4 level,abnormal circulating free t4 leel,generated,active
abnormal circulating free t4 level,abnormal circulating frie t4 level,generated,active
abnormal circulating free t4 level,abnormal circulating fere t4 level,generated,active
abnormal circulating free t4 level,abnormla circulating free t4 level,generated,active
abnormal circulating free thyroxine level,abnormal circulating free thyroxne level,generated,active
abnormal circulating free thyroxine level,abnormal circulating free hyroxine level,generated,active
abnormal circulating free thyroxine level,abnormal circulating free thyroxine evel,generated,active
abnormal circulating free thyroxine level,abnrmal circulating free thyroxine level,generated,active
abnormal circulating free thyroxine level,abnormal circlating free thyroxine level,generated,active
abnormal circulating gaba concentration,abnormal circulating gaba cooncentration,generated,active
abnormal circulating gaba concentration,abnrmal circulating gaba concentration,generated,active
abnormal circulating gaba concentration,abnormal circulating gaba cconcentration,generated,active
abnormal circulating gaba concentration,abnormal circulatnig gaba concentration,generated,active
abnormal circulating gaba concentration,abnormal circulating gaba concentrration,generated,active
abnormal circulating gastrin level,abnoral circulating gastrin level,generated,active
abnormal circulating gastrin level,aabnormal circulating gastrin level,generated,active
abnormal circulating gastrin level,abnormal circulating gaastrin level,generated,active
abnormal circulating gastrin level,abnormal circulatign gastrin level,generated,active
abnormal circulating gastrin level,abnormal ciruclating gastrin level,generated,active
abnormal circulating gastrin level,abnomral circulating gastrin level,generated,active
abnormal circulating globulin level,anormal circulating globulin level,generated,active
abnormal circulating globulin level,abnormal circulatin globulin level,generated,active
abnormal circulating globulin level,abnormal circculating globulin level,generated,active
abnormal circulating globulin level,abonrmal circulating globulin level,generated,active
abnormal circulating globulin level,abnormal circuating globulin level,generated,active
abnormal circulating globulin level,abnormal cerculating globulin level,generated,active
abnormal circulating glycerol level,abnormal circulating glycerol elvel,generated,active
abnormal circulating glycerol level,abnormal circulating glycerol leevel,generated,active
abnormal circulating glycerol level,abnormal circulating glycerol leveel,generated,active
abnormal circulating glycerol level,abnormalc irculating glycerol level,generated,active
abnormal circulating glycerol level,abnormmal circulating glycerol level,generated,active
abnormal circulating glycerol level,abnormal circulating glyycerol level,generated,active
abnormal circulating gonadotropin level,abnormal circulating gonadotrropin level,generated,active
abnormal circulating gonadotropin level,abnoraml circulating gonadotropin level,generated,active
abnormal circulating gonadotropin level,ebnormal circulating gonadotropin level,generated,active
abnormal circulating gonadotropin level,abnormal crculating gonadotropin level,generated,active
abnormal circulating gonadotropin level,abonrmal circulating gonadotropin level,generated,active
abnormal circulating hormone level,abnormal circulating hormon elevel,generated,active
abnormal circulating hormone level,bnormal circulating hormone level,generated,active
abnormal circulating hormone level,aabnormal circulating hormone level,generated,active
abnormal circulating hormone level,abnoraml circulating hormone level,generated,active
abnormal circulating hormone level,abnormal circulating hormonee level,generated,active
abnormal circulating hormone level,abnormla circulating hormone level,generated,active
abnormal circulating iga concentration,abnormal circulating iga cnocentration,generated,active
abnormal circulating iga concentration,abnormal circulating ig aconcentration,generated,active
abnormal circulating iga concentration,aabnormal circulating iga concentration,generated,active
abnormal circulating iga concentration,banormal circulating iga concentration,generated,active
abnormal circulating iga concentration,abnormal circuulating iga concentration,generated,active
abnormal circulating iga concentration,abnormal circulating ig concentration,generated,active
abnormal circulating iga level,ebnormal circulating iga level,generated,active
abnormal circulating iga level,anbormal circulating iga level,generated,active
abnormal circulating iga level,abnormal circulating iga leevel,generated,active
abnormal circulating iga level,abnormal circulating iga leveel,generated,active
abnormal circulating iga level,abnormal circualting iga level,generated,active
abnormal circulating iga level,abnormal circlating iga level,generated,active
abnormal circulating igd concentration,abnormal circulating igd conccentration,generated,active
abnormal circulating igd concentration,abnormal cirulating igd concentration,generated,active
abnormal circulating igd concentration,abnormal circulating igdd concentration,generated,active
abnormal circulating igd concentration,abnormal circulating igd concentratioon,generated,active
abnormal circulating igd concentration,abnormal circulating ig concentration,generated,active
abnormal circulating igd concentration,abnormal circulating  igd concentration,generated,active
abnormal circulating igd level,bnormal circulating igd level,generated,active
abnormal circulating igd level,abnormal circulating igd evel,generated,active
abnormal circulating igd level,abnormall circulating igd level,generated,active
abnormal circulating igd level,abnorrmal circulating igd level,generated,active
abnormal circulating igd level,abnorma circulating igd level,generated,active
abnormal circulating ige concentration,abnormal cerculating ige concentration,generated,active
abnormal circulating ige concentration,abnorma circulating ige concentration,generated,active
abnormal circulating ige concentration,abnormal circulatin ige concentration,generated,active
abnormal circulating ige concentration,abnormal ciculating ige concentration,generated,active
abnormal circulating ige concentration,abnormal circulating ie concentration,generated,active
abnormal circulating ige concentration,abnormal circulating ig concentration,generated,active
abnormal circulating ige level,abormal circulating ige level,generated,active
abnormal circulating ige level,abnormal circlating ige level,generated,active
abnormal circulating ige level,abnormal circulating ige levle,generated,active
abnormal circulating ige level,abnormal circulating ge level,generated,active
abnormal circulating ige level,bnormal circulating ige level,generated,active
abnormal circulating ige level,abnormal circulating ige levl,generated,active
abnormal circulating igg concentration,abnormal circuulating igg concentration,generated,active
abnormal circulating igg concentration,banormal circulating igg concentration,generated,active
abnormal circulating igg concentration,abnormal circulatinng igg concentration,generated,active
abnormal circulating igg concentration,abnormal circulating igg concenrtation,generated,active
abnormal circulating igg concentration,abnormal circulating igg concentrration,generated,active
abnormal circulating igg level,abnorma circulating igg level,generated,active
abnormal circulating igg level,abnormal circulating igg leve,generated,active
abnormal circulating igg level,abnormal circulating igglevel,generated,active
abnormal circulating igg level,anormal circulating igg level,generated,active
abnormal circulating igg level,abnormal cerculating igg level,generated,active
abnormal circulating igm concentration,abnormal circulating igm concentraton,generated,active
abnormal circulating igm concentration,abnormal circulating igm concentratioon,generated,active
abnormal circulating igm concentration,abnormal circulating ig concentration,generated,active
abnormal circulating igm concentration,abnormal criculating igm concentration,generated,active
abnormal circulating igm concentration,abnoral circulating igm concentration,generated,active
abnormal circulating igm concentration,abnormal circulating igm ocncentration,generated,active
abnormal circulating igm level,abnormal circulating igm evel,generated,active
abnormal circulating igm level,abnormmal circulating igm level,generated,active
abnormal circulating igm level,abnormal circulatiing igm level,generated,active
abnormal circulating igm level,abnnormal circulating igm level,generated,active
abnormal circulating igm level,abnormal circuating igm level,generated,active
abnormal circulating igm level,abonrmal circulating igm level,generated,active
abnormal circulating inhibin level,abnormal ciculating inhibin level,generated,active
abnormal circulating inhibin level,abnurmal circulating inhibin level,generated,active
abnormal circulating inhibin level,abormal circulating inhibin level,generated,active
abnormal circulating inhibin level,abonrmal circulating inhibin level,generated,active
abnormal circulating inhibin level,anbormal circulating inhibin level,generated,active
abnormal circulating inhibin level,aabnormal circulating inhibin level,generated,active
abnormal circulating iron concentration,abnormal circulatinng iron concentration,generated,active
abnormal circulating iron concentration,abnormal circulatingi ron concentration,generated,active
abnormal circulating iron concentration,abnormal circuating iron concentration,generated,active
abnormal circulating iron concentration,abnormalc irculating iron concentration,generated,active
abnormal circulating iron concentration,abnormal circullating iron concentration,generated,active
abnormal circulating iron concentration,abnormal circulating iron concentrration,generated,active
abnormal circulating ldh concentration,abnormal circulating ldh  concentration,generated,active
abnormal circulating ldh concentration,abnormal circulating ldh concentraion,generated,active
abnormal circulating ldh concentration,abnormal circulaitng ldh concentration,generated,active
abnormal circulating ldh concentration,bnormal circulating ldh concentration,generated,active
abnormal circulating ldh concentration,abnormal circulating ldh concentrattion,generated,active
abnormal circulating ldh concentration,ebnormal circulating ldh concentration,generated,active
abnormal circulating leptin concentration,abnormal circulating leptin concntration,generated,active
abnormal circulating leptin concentration,abnormal circulating leptin concentratio,generated,active
abnormal circulating leptin concentration,abnormal circulating lepin concentration,generated,active
abnormal circulating leptin concentration,abnormal circulating leptin conentration,generated,active
abnormal circulating leptin concentration,anormal circulating leptin concentration,generated,active
abnormal circulating leptin concentration,abnormal circlating leptin concentration,generated,active
abnormal circulating lipid concentration,abnormal circulating lpid concentration,generated,active
abnormal circulating lipid concentration,abnormal circulatingl ipid concentration,generated,active
abnormal circulating lipid concentration,abnormalcirculating lipid concentration,generated,active
abnormal circulating lipid concentration,abnormal circulaing lipid concentration,generated,active
abnormal circulating lipid concentration,abnormal circulating lipid concentratin,generated,active
abnormal circulating lipid concentration,abnormal circulating lipid ocncentration,generated,active
abnormal circulating lysine concentration,abnormal circulaing lysine concentration,generated,active
abnormal circulating lysine concentration,abnormal circulatin lysine concentration,generated,active
abnormal circulating lysine concentration,abnormal circuating lysine concentration,generated,active
abnormal circulating lysine concentration,abnormal circulating lysine concntration,generated,active
abnormal circulating lysine concentration,abnormal circulatinglysine concentration,generated,active
abnormal circulating lysine concentration,abnormal circulating lyine concentration,generated,active
abnormal circulating na concentration,abnormal circuulating na concentration,generated,active
abnormal circulating na concentration,abnorml circulating na concentration,generated,active
abnormal circulating na concentration,abnormal circulating n aconcentration,generated,active
abnormal circulating na concentration,abnormal circlating na concentration,generated,active
abnormal circulating nicotinurate level,abnoraml circulating nicotinurate level,generated,active
abnormal circulating nicotinurate level,abnormal circulaating nicotinurate level,generated,active
abnormal circulating nicotinurate level,abnormal circulating nicotiunrate level,generated,active
abnormal circulating nicotinurate level,abnormal circulatting nicotinurate level,generated,active
abnormal circulating nicotinurate level,abnormal circulating niotinurate level,generated,active
abnormal circulating osteocalcin level,abnormal circulatig osteocalcin level,generated,active
abnormal circulating osteocalcin level,bnormal circulating osteocalcin level,generated,active
abnormal circulating osteocalcin level,abnormal circulating osteocalci level,generated,active
abnormal circulating osteocalcin level,abnormaal circulating osteocalcin level,generated,active
abnormal circulating osteocalcin level,abnormal circculating osteocalcin level,generated,active
abnormal circulating osteocalcin level,abnormal circulating osteocalcinl evel,generated,active
abnormal circulating phytanic acid level,abnoral circulating phytanic acid level,generated,active
abnormal circulating phytanic acid level,abnormal circulating phtanic acid level,generated,active
abnormal circulating phytanic acid level,abnormal circulating phytaic acid level,generated,active
abnormal circulating phytanic acid level,abnormal circulating phytanic acid levl,generated,active
abnormal circulating phytanic acid level,abnormal circulating hytanic acid level,generated,active
abnormal circulating proanp concentration,abnormal circulating proanp concetration,generated,active
abnormal circulating proanp concentration,abnrmal circulating proanp concentration,generated,active
abnormal circulating proanp concentration,abnormalcirculating proanp concentration,generated,active
abnormal circulating proanp concentration,abnormal circulating proanp oncentration,generated,active
abnormal circulating proanp concentration,abnorml circulating proanp concentration,generated,active
abnormal circulating progesterone level,abnormal circulating progesterone leveel,generated,active
abnormal circulating progesterone level,abnormal circulating pogesterone level,generated,active
abnormal circulating progesterone level,abnormal circulating progetserone level,generated,active
abnormal circulating progesterone level,abnormal circculating progesterone level,generated,active
abnormal circulating progesterone level,abnormal circulating progestterone level,generated,active
abnormal circulating progesterone level,abnormal cerculating progesterone level,generated,active
abnormal circulating properdin level,abnrmal circulating properdin level,generated,active
abnormal circulating properdin level,anbormal circulating properdin level,generated,active
abnormal circulating properdin level,abnormal circulating properdin leveel,generated,active
abnormal circulating properdin level,abnormal circulating properdin levell,generated,active
abnormal circulating properdin level,abnnormal circulating properdin level,generated,active
abnormal circulating properdin level,abnormal circulaating properdin level,generated,active
abnormal circulating protein level,abnormmal circulating protein level,generated,active
abnormal circulating protein level,abbnormal circulating protein level,generated,active
abnormal circulating protein level,abnormal circulating protein lveel,generated,active
abnormal circulating protein level,abnormal circulating protein levl,generated,active
abnormal circulating protein level,abnorml circulating protein level,generated,active
abnormal circulating protein level,abnormal circullating protein level,generated,active
abnormal circulating purine concentration,abnormal circulatingpurine concentration,generated,active
abnormal circulating purine concentration,abnormal circulting purine concentration,generated,active
abnormal circulating purine concentration,abnormal circulatng purine concentration,generated,active
abnormal circulating purine concentration,abnormal circulating prine concentration,generated,active
abnormal circulating purine concentration,abnormal circulating purine concentrtion,generated,active
abnormal circulating purine concentration,anormal circulating purine concentration,generated,active
abnormal circulating purine level,abnormal ccirculating purine level,generated,active
abnormal circulating purine level,abnormal circulating prine level,generated,active
abnormal circulating purine level,abnormal circulating purine leve,generated,active
abnormal circulating purine level,abnormal circulating purinne level,generated,active
abnormal circulating purine level,abnormal circulatingg purine level,generated,active
abnormal circulating purine level,abnormal circulatig purine level,generated,active
abnormal circulating renin,abormal circulating renin,generated,active
abnormal circulating renin,abnormal circualting renin,generated,active
abnormal circulating renin,abnormal circulatin grenin,generated,active
abnormal circulating renin,abnormal circulatng renin,generated,active
abnormal circulating renin,abnormalcirculating renin,generated,active
abnormal circulating renin concentration,abnorma circulating renin concentration,generated,active
abnormal circulating renin concentration,abnormal circulatng renin concentration,generated,active
abnormal circulating renin concentration,abnormal circulating renin concetnration,generated,active
abnormal circulating renin concentration,abnorml circulating renin concentration,generated,active
abnormal circulating renin concentration,abnormal cicrulating renin concentration,generated,active
abnormal circulating renin concentration,abnormal circulating renin conecntration,generated,active
abnormal circulating serine concentration,abnomal circulating serine concentration,generated,active
abnormal circulating serine concentration,abnormal crculating serine concentration,generated,active
abnormal circulating serine concentration,abnormal circulating serie concentration,generated,active
abnormal circulating serine concentration,abnormal circulating serineconcentration,generated,active
abnormal circulating serine concentration,abnormal circulating erine concentration,generated,active
abnormal circulating serine concentration,abnormal circulatin serine concentration,generated,active
abnormal circulating t4 concentration,abnormal cirulating t4 concentration,generated,active
abnormal circulating t4 concentration,abnormal circulating t4 concentrtion,generated,active
abnormal circulating t4 concentration,abnormal circuulating t4 concentration,generated,active
abnormal circulating t4 concentration,abnormal circulating t4 cooncentration,generated,active
abnormal circulating t4 concentration,anbormal circulating t4 concentration,generated,active
abnormal circulating t4 concentration,abnormal criculating t4 concentration,generated,active
abnormal circulating t4 level,abnomral circulating t4 level,generated,active
abnormal circulating t4 level,abnormal ccirculating t4 level,generated,active
abnormal circulating t4 level,anbormal circulating t4 level,generated,active
abnormal circulating t4 level,abnormal irculating t4 level,generated,active
abnormal circulating t4 level,abnormal circculating t4 level,generated,active
abnormal circulating t4 level,abnormla circulating t4 level,generated,active
abnormal circulating thyroglobulin level,abnorma lcirculating thyroglobulin level,generated,active
abnormal circulating thyroglobulin level,abnormal circulating thyrogolbulin level,generated,active
abnormal circulating thyroglobulin level,abnormal circulatin thyroglobulin level,generated,active
abnormal circulating thyroglobulin level,abnoral circulating thyroglobulin level,generated,active
abnormal circulating thyroglobulin level,abnoraml circulating thyroglobulin level,generated,active
abnormal circulating thyroglobulin level,abnormla circulating thyroglobulin level,generated,active
abnormal circulating thyroxine level,abnormal ciirculating thyroxine level,generated,active
abnormal circulating thyroxine level,abnormalc irculating thyroxine level,generated,active
abnormal circulating thyroxine level,abnormal circulating htyroxine level,generated,active
abnormal circulating thyroxine level,abnormal circulating thyroxine levl,generated,active
abnormal circulating thyroxine level,abnormal circulating  thyroxine level,generated,active
abnormal circulating thyroxine level,abnorrmal circulating thyroxine level,generated,active
abnormal circulating transferrin level,abnormal circulating ransferrin level,generated,active
abnormal circulating transferrin level,abnormal circlating transferrin level,generated,active
abnormal circulating transferrin level,abnormal circulatingg transferrin level,generated,active
abnormal circulating transferrin level,abnormal circulating transferrin leel,generated,active
abnormal circulating transferrin level,abnormal circulating transferrin evel,generated,active
abnormal circulating transferrin level,abbnormal circulating transferrin level,generated,active
abnormal circulating valine concentration,abnormal circulating valine oncentration,generated,active
abnormal circulating valine concentration,abnorml circulating valine concentration,generated,active
abnormal circulating valine concentration,abnormal circulating valine concentraion,generated,active
abnormal circulating valine concentration,abormal circulating valine concentration,generated,active
abnormal circulating valine concentration,abnormal circulating valine concentraton,generated,active
abnormal circulating vitamin b6 level,abnormal circulating vitamin b6 leel,generated,active
abnormal circulating vitamin b6 level,abnoormal circulating vitamin b6 level,generated,active
abnormal circulating vitamin b6 level,abnromal circulating vitamin b6 level,generated,active
abnormal circulating vitamin b6 level,abnormal criculating vitamin b6 level,generated,active
abnormal circulating vitamin b6 level,abnormal circultaing vitamin b6 level,generated,active
abnormal clavicle morphology,abnormal clavicle morphologyy,generated,active
abnormal clavicle morphology,abnoral clavicle morphology,generated,active
abnormal clavicle morphology,abnormall clavicle morphology,generated,active
abnormal clavicle morphology,abnormal clavicle morfology,generated,active
abnormal clavicle morphology,abonrmal clavicle morphology,generated,active
abnormal clavicles,abnormal lavicles,generated,active
abnormal clavicles,abnormmal clavicles,generated,active
abnormal clavicles,abnomral clavicles,generated,active
abnormal clavicles,abnromal clavicles,generated,active
abnormal clavicles,abnormal clavecles,generated,active
lagnat,agnat,hiligaynon,active
lagnat,langat,hiligaynon,active
lagnat,laagnat,hiligaynon,active
hilanat,hilenat,hiligaynon,active
hilanat,hilannat,hiligaynon,active
hilanat,hlanat,hiligaynon,active
ginakalagnat,ginakalangat,hiligaynon,active
ginakalagnat,ginkalagnat,hiligaynon,active
ginakalagnat,giinakalagnat,hiligaynon,active
ginalagnat,ginalagna,hiligaynon,active
ginalagnat,ginalagnta,hiligaynon,active
ginalagnat,ginalaggnat,hiligaynon,active
ginalagnat,ginalaagnat,hiligaynon,active
gahilanat,gahilanta,hiligaynon,active
gahilanat,gaahilanat,hiligaynon,active
gahilanat,gahilaant,hiligaynon,active
gahilanat,gahialnat,hiligaynon,active
ginahilanat,gniahilanat,hiligaynon,active
ginahilanat,ginehilanat,hiligaynon,active
ginahilanat,gianhilanat,hiligaynon,active
may init lawas,may initt lawas,hiligaynon,active
may init lawas,may init lwas,hiligaynon,active
may init lawas,maay init lawas,hiligaynon,active
may init lawas,may init lawa,hiligaynon,active
init lawas,nit lawas,hiligaynon,active
init lawas,initt lawas,hiligaynon,active
init lawas,init llawas,hiligaynon,active
may lagnat,my lagnat,hiligaynon,active
may lagnat,may laagnat,hiligaynon,active
may lagnat,maay lagnat,hiligaynon,active
ginainitan,ginaintan,hiligaynon,active
ginainitan,gineinitan,hiligaynon,active
ginainitan,inainitan,hiligaynon,active
ginainitan,ginainitann,hiligaynon,active
ubo,ubbo,hiligaynon,active
ubo,ub,hiligaynon,active
gaubo,gabo,hiligaynon,active
gaubo,gaubbo,hiligaynon,active
gaubo,gauboo,hiligaynon,active
gaubo,gaub,hiligaynon,active
ginaubo,ginauubo,hiligaynon,active
ginaubo,ginabo,hiligaynon,active
nagauba,nagaubba,hiligaynon,active
nagauba,naggauba,hiligaynon,active
nagauba,nagauab,hiligaynon,active
ginauubo,ginauuboo,hiligaynon,active
ginauubo,gniauubo,hiligaynon,active
ginauubo,ginauubu,hiligaynon,active
ginauubo,genauubo,hiligaynon,active
may ubo,mya ubo,hiligaynon,active
may ubo,may ubbo,hiligaynon,active
may ubo,mmay ubo,hiligaynon,active
ubo-ubo,uboubo,hiligaynon,active
ubo-ubo,ubo-uo,hiligaynon,active
ubo-ubo,uubo-ubo,hiligaynon,active
sip-on,sep-on,hiligaynon,active
sip-on,sipo-n,hiligaynon,active
sip-on,siip-on,hiligaynon,active
sipon,sipun,hiligaynon,active
sipon,spon,hiligaynon,active
sipon,sepon,hiligaynon,active
may sip-on,may ssip-on,hiligaynon,active
may sip-on,maay sip-on,hiligaynon,active
may sip-on,mya sip-on,hiligaynon,active
may sip-on,mays ip-on,hiligaynon,active
ginapanuhot,ginepanuhot,hiligaynon,active
ginapanuhot,ginapanuoht,hiligaynon,active
ginapanuhot,ginapanuhhot,hiligaynon,active
ginapanuhot,gginapanuhot,hiligaynon,active
panuhot,panuhoot,hiligaynon,active
panuhot,pnuhot,hiligaynon,active
barado ilong,barrado ilong,hiligaynon,active
barado ilong,baraod ilong,hiligaynon,active
barado ilong,barado iloong,hiligaynon,active
budlay ginhawa,budlay ginahwa,hiligaynon,active
budlay ginhawa,budlaay ginhawa,hiligaynon,active
budlay ginhawa,budlay gnihawa,hiligaynon,active
budlay magginhawa,bdlay magginhawa,hiligaynon,active
budlay magginhawa,budlay magginhaw,hiligaynon,active
budlay gid ginhawa,budlay giid ginhawa,hiligaynon,active
budlay gid ginhawa,budlayy gid ginhawa,hiligaynon,active
budlay gid ginhawa,budlay id ginhawa,hiligaynon,active
budlay gid ginhawa,budla ygid ginhawa,hiligaynon,active
budlay gid ang ginhawa,bbudlay gid ang ginhawa,hiligaynon,active
budlay gid ang ginhawa,budlay giid ang ginhawa,hiligaynon,active
budlay gid ang ginhawa,budlay gid ang ginhawaa,hiligaynon,active
budlay gid ang ginhawa,udlay gid ang ginhawa,hiligaynon,active
indi ko kaginhawa,indi ko kaginhawaa,hiligaynon,active
indi ko kaginhawa,ndi ko kaginhawa,hiligaynon,active
indi ko kaginhawa,indi ko kagnhawa,hiligaynon,active
indi makaginhawa,indi makaginnhawa,hiligaynon,active
indi makaginhawa,nidi makaginhawa,hiligaynon,active
dula ginhawa,ula ginhawa,hiligaynon,active
dula ginhawa,dula inhawa,hiligaynon,active
dula ginhawa,udla ginhawa,hiligaynon,active
dula ginhawa,dula ginawa,hiligaynon,active
ginakapos ginhawa,inakapos ginhawa,hiligaynon,active
ginakapos ginhawa,ginakapos ginahwa,hiligaynon,active
ginakapos ginhawa,ginkaapos ginhawa,hiligaynon,active
ginakapos ginhawa,ginnakapos ginhawa,hiligaynon,active
ginahapo,ginahao,hiligaynon,active
ginahapo,ginahpo,hiligaynon,active
hapo,hapoo,hiligaynon,active
hapo,haapo,hiligaynon,active
hapo,hpo,hiligaynon,active
hapo,hap,hiligaynon,active
masakit dughan,masaikt dughan,hiligaynon,active
masakit dughan,masaakit dughan,hiligaynon,active
masakit dughan,masakit dugha,hiligaynon,active
masakit dughan,masakt dughan,hiligaynon,active
gasakit dughan,gaaskit dughan,hiligaynon,active
gasakit dughan,gasakitdughan,hiligaynon,active
gasakit dughan,gasakit dghan,hiligaynon,active
sakit dughan,sakit duhgan,hiligaynon,active
sakit dughan,sakitt dughan,hiligaynon,active
sakit dughan,sakitd ughan,hiligaynon,active
sakit dughan,akit dughan,hiligaynon,active
hapdi dughan,hapdi dugahn,hiligaynon,active
hapdi dughan,hapdi duhan,hiligaynon,active
hapdi dughan,apdi dughan,hiligaynon,active
hapdi dughan,hadpi dughan,hiligaynon,active
masakit dibdib,masakit ddibdib,hiligaynon,active
masakit dibdib,masacit dibdib,hiligaynon,active
masakit dibdib,mmasakit dibdib,hiligaynon,active
masakit dibdib,masakit dibib,hiligaynon,active
masakit akon dughan,masakit akn dughan,hiligaynon,active
masakit akon dughan,masakit akon  dughan,hiligaynon,active
masakit akon dughan,maskait akon dughan,hiligaynon,active
masakit akon dughan,masakit kaon dughan,hiligaynon,active
masakit tiyan,masakit iyan,hiligaynon,active
masakit tiyan,mesakit tiyan,hiligaynon,active
masakit tiyan,massakit tiyan,hiligaynon,active
masakit tiyan,masakit tiyyan,hiligaynon,active
gasakit tiyan,gasakiit tiyan,hiligaynon,active
gasakit tiyan,gasakit tiyaan,hiligaynon,active
gasakit tiyan,gasakti tiyan,hiligaynon,active
gasakit tiyan,gasakit tiayn,hiligaynon,active
sakit tiyan,sait tiyan,hiligaynon,active
sakit tiyan,skit tiyan,hiligaynon,active
sakit tiyan,sakit tiayn,hiligaynon,active
masakit akon tiyan,masakit akon  tiyan,hiligaynon,active
masakit akon tiyan,masakita kon tiyan,hiligaynon,active
masakit akon tiyan,masakit akon tyian,hiligaynon,active
masakit akon tiyan,masakit akn tiyan,hiligaynon,active
gapalanakit tiyan,gapalanakit  tiyan,hiligaynon,active
gapalanakit tiyan,gapalaanakit tiyan,hiligaynon,active
gapalanakit tiyan,gaalanakit tiyan,hiligaynon,active
gasakit ulo,gsakit ulo,hiligaynon,active
gasakit ulo,ggasakit ulo,hiligaynon,active
gasakit ulo,gasakiit ulo,hiligaynon,active
gapalanakit ulo,gappalanakit ulo,hiligaynon,active
gapalanakit ulo,gapaanakit ulo,hiligaynon,active
gapalanakit ulo,gapallanakit ulo,hiligaynon,active
gapalanakit ulo,gapalankait ulo,hiligaynon,active
sakit ulo,saikt ulo,hiligaynon,active
sakit ulo,skait ulo,hiligaynon,active
sakit ulo,saki ulo,hiligaynon,active
masakit ulo,amsakit ulo,hiligaynon,active
masakit ulo,masakiit ulo,hiligaynon,active
masakit ulo,masaki ulo,hiligaynon,active
masakit ulo,masakit ulu,hiligaynon,active
lipong ulo,llipong ulo,hiligaynon,active
lipong ulo,lipong luo,hiligaynon,active
lipong ulo,lipogn ulo,hiligaynon,active
gasuka,gasukaa,hiligaynon,active
gasuka,gauka,hiligaynon,active
gasuka,gasua,hiligaynon,active
ginasuka,ginasuca,hiligaynon,active
ginasuka,giansuka,hiligaynon,active
ginasuka,genasuka,hiligaynon,active
nagasuka,nagsuka,hiligaynon,active
nagasuka,naagasuka,hiligaynon,active
nagasuka,nagasua,hiligaynon,active
nagasuka,nagasukaa,hiligaynon,active
naga suka,aga suka,hiligaynon,active
naga suka,naga skua,hiligaynon,active
naga suka,nga suka,hiligaynon,active
gapalanuka,gapalnuka,hiligaynon,active
gapalanuka,gapalannuka,hiligaynon,active
gapalanuka,gapalanuca,hiligaynon,active
ginsuka,gensuka,hiligaynon,active
ginsuka,ginssuka,hiligaynon,active
ginsuka,ginuka,hiligaynon,active
ginsuka,ginska,hiligaynon,active
suka,sua,hiligaynon,active
suka,suak,hiligaynon,active
suka,uka,hiligaynon,active
suka,uska,hiligaynon,active
ginakulba,gginakulba,hiligaynon,active
ginakulba,inakulba,hiligaynon,active
ginakulba,ignakulba,hiligaynon,active
ginakulba,ginkulba,hiligaynon,active
kulba,kuba,hiligaynon,active
kulba,kulbe,hiligaynon,active
kulba,kula,hiligaynon,active
ginakulba ko,ginakulbak o,hiligaynon,active
ginakulba ko,ginakulba koo,hiligaynon,active
ginakulba ko,ginakuulba ko,hiligaynon,active
daw magasuka,daw  magasuka,hiligaynon,active
daw magasuka,aw magasuka,hiligaynon,active
daw magasuka,daw magaska,hiligaynon,active
daw magasuka,ddaw magasuka,hiligaynon,active
ginakalipong,ginakaliponng,hiligaynon,active
ginakalipong,giankalipong,hiligaynon,active
ginakalipong,ginacalipong,hiligaynon,active
ginakalipong,ginakalpong,hiligaynon,active
lipong,ipong,hiligaynon,active
nagakalipong,nagaklaipong,hiligaynon,active
nagakalipong,nagakaliopng,hiligaynon,active
nagakalipong,naggakalipong,hiligaynon,active
nagakalipong,nagakalipung,hiligaynon,active
kalipong,kalipnog,hiligaynon,active
kalipong,calipong,hiligaynon,active
kalipong,kaliopng,hiligaynon,active
kalipong,kalepong,hiligaynon,active
naluya,nalya,hiligaynon,active
naluya,naulya,hiligaynon,active
naluya,nalluya,hiligaynon,active
ginapangluya,ginaangluya,hiligaynon,active
ginapangluya,ginapnagluya,hiligaynon,active
ginapangluya,ginapagnluya,hiligaynon,active
luya,luuya,hiligaynon,active
luya,lyua,hiligaynon,active
kapoy,kapoyy,hiligaynon,active
kapoy,kaopy,hiligaynon,active
kapoy gid,kkapoy gid,hiligaynon,active
kapoy gid,kapoy gd,hiligaynon,active
kapoy gid,kapyo gid,hiligaynon,active
kapoy gid,kapuy gid,hiligaynon,active
ginakapoy,ginakapo,hiligaynon,active
ginakapoy,giinakapoy,hiligaynon,active
ginakapoy,gniakapoy,hiligaynon,active
gahubag,gauhbag,hiligaynon,active
gahubag,gahubagg,hiligaynon,active
gahubag,gehubag,hiligaynon,active
hubag,hubaag,hiligaynon,active
hubag,huubag,hiligaynon,active
hubag,uhbag,hiligaynon,active
ginahubag,ginahubbag,hiligaynon,active
ginahubag,ginaubag,hiligaynon,active
ginahubag,ginhubag,hiligaynon,active
ginahubag,gnahubag,hiligaynon,active
nagahubag,naahubag,hiligaynon,active
nagahubag,nnagahubag,hiligaynon,active
nagahubag,naghaubag,hiligaynon,active
nagahubag,nagahubg,hiligaynon,active
ginakurog,ginkurog,hiligaynon,active
ginakurog,ginakrog,hiligaynon,active
ginakurog,ginakuorg,hiligaynon,active
nagakurog,naagakurog,hiligaynon,active
nagakurog,nnagakurog,hiligaynon,active
nagakurog,naakurog,hiligaynon,active
nagakurog,nagacurog,hiligaynon,active
kurog,kruog,hiligaynon,active
kurog,kuog,hiligaynon,active
kurog,kurg,hiligaynon,active
ginakulba lawas,ginakulba lwas,hiligaynon,active
ginakulba lawas,ginakulba lawaas,hiligaynon,active
ginakulba lawas,ginakkulba lawas,hiligaynon,active
ginakulba lawas,gniakulba lawas,hiligaynon,active
may dugo sa suka,may dugu sa suka,hiligaynon,active
may dugo sa suka,may dugo sa  suka,hiligaynon,active
may dugo sa suka,may dugo as suka,hiligaynon,active
nagsuka dugo,nagskua dugo,hiligaynon,active
nagsuka dugo,agsuka dugo,hiligaynon,active
nagsuka dugo,nagsua dugo,hiligaynon,active
nagsuka dugo,nasuka dugo,hiligaynon,active
dugo sa suka,dugos a suka,hiligaynon,active
dugo sa suka,dugo a suka,hiligaynon,active
dugo sa suka,dugo sa ssuka,hiligaynon,active
dugo sa suka,dug sa suka,hiligaynon,active
may dugo sa ihi,may dugo a ihi,hiligaynon,active
may dugo sa ihi,may dugo sa ihii,hiligaynon,active
may dugo sa ihi,may duo sa ihi,hiligaynon,active
may dugo sa ihi,may dugo sa ii,hiligaynon,active
dugo sa ihi,dugo se ihi,hiligaynon,active
dugo sa ihi,dugo sa ihhi,hiligaynon,active
dugo sa ihi,dugo sa hii,hiligaynon,active
dugo sa ihi,duo sa ihi,hiligaynon,active
pula ihi,pula ih,hiligaynon,active
pula ihi,pul ihi,hiligaynon,active
pula ihi,pule ihi,hiligaynon,active
may dugo sa dumi,may dugo s dumi,hiligaynon,active
may dugo sa dumi,ma dugo sa dumi,hiligaynon,active
may dugo sa dumi,my dugo sa dumi,hiligaynon,active
may dugo sa dumi,may dugo sadumi,hiligaynon,active
dugo sa tae,dugosa tae,hiligaynon,active
dugo sa tae,dugo sa taae,hiligaynon,active
dugo sa tae,duog sa tae,hiligaynon,active
dugo sa dumi,dugo sa duumi,hiligaynon,active
dugo sa dumi,dgo sa dumi,hiligaynon,active
dugo sa dumi,dugosa dumi,hiligaynon,active
dugo sa dumi,dugo sa ddumi,hiligaynon,active
budlay tulog,budlay tulo,hiligaynon,active
budlay tulog,budlaay tulog,hiligaynon,active
budlay tulog,budlay  tulog,hiligaynon,active
indi makatulog,indi makatulo,hiligaynon,active
indi makatulog,indi  makatulog,hiligaynon,active
indi makatulog,indi akatulog,hiligaynon,active
wala tulog,wala tulgo,hiligaynon,active
wala tulog,wala tlog,hiligaynon,active
wala tulog,walla tulog,hiligaynon,active
nagabudlay lakat,nagabudlayl akat,hiligaynon,active
nagabudlay lakat,nagabudlay lakatt,hiligaynon,active
nagabudlay lakat,nagabudlay lacat,hiligaynon,active
nagabudlay lakat,nagabulday lakat,hiligaynon,active
budlay maglakat,ubdlay maglakat,hiligaynon,active
budlay maglakat,bbudlay maglakat,hiligaynon,active
budlay maglakat,budlay maglaakat,hiligaynon,active
indi makalakat,indi makalakkat,hiligaynon,active
indi makalakat,indi mkalakat,hiligaynon,active
indi makalakat,indi maaklakat,hiligaynon,active
indi makalakat,endi makalakat,hiligaynon,active
naga tae,nnaga tae,hiligaynon,active
naga tae,nagga tae,hiligaynon,active
naga tae,nag tae,hiligaynon,active
naga tae,naga taee,hiligaynon,active
tae-tae,tai-tae,hiligaynon,active
tae-tae,tae--tae,hiligaynon,active
tae-tae,tae-taee,hiligaynon,active
tae-tae,tae-taae,hiligaynon,active
malusaw tae,maluusaw tae,hiligaynon,active
malusaw tae,malusawt ae,hiligaynon,active
malusaw tae,alusaw tae,hiligaynon,active
malusaw tae,mmalusaw tae,hiligaynon,active
nagakalibang,nagakalibbang,hiligaynon,active
nagakalibang,nagakaalibang,hiligaynon,active
nagakalibang,nagakaliabng,hiligaynon,active
nagakalibang,nagaklaibang,hiligaynon,active
sakit tutunlan,saki tutunlan,hiligaynon,active
sakit tutunlan,sakit tutunla,hiligaynon,active
sakit tutunlan,sakiit tutunlan,hiligaynon,active
sakit tutunlan,sakit tutnulan,hiligaynon,active
hapdi tutunlan,ahpdi tutunlan,hiligaynon,active
hapdi tutunlan,hapdi tutuunlan,hiligaynon,active
hapdi tutunlan,hapdi ttutunlan,hiligaynon,active
hapdi tutunlan,hapddi tutunlan,hiligaynon,active
masakit tutunlan,masaki ttutunlan,hiligaynon,active
masakit tutunlan,maskit tutunlan,hiligaynon,active
masakit tutunlan,maakit tutunlan,hiligaynon,active
sakit lawas,ssakit lawas,hiligaynon,active
sakit lawas,sakitt lawas,hiligaynon,active
sakit lawas,sacit lawas,hiligaynon,active
sakit lawas,saakit lawas,hiligaynon,active
masakit lawas,masakkit lawas,hiligaynon,active
masakit lawas,masakit laws,hiligaynon,active
masakit lawas,masakiit lawas,hiligaynon,active
masakit lawas,masakit  lawas,hiligaynon,active
gapalanakit lawas,gapalaanakit lawas,hiligaynon,active
gapalanakit lawas,gaalanakit lawas,hiligaynon,active
gapalanakit lawas,gapalanakit lwaas,hiligaynon,active
gapalanakit lawas,gapalanakit alwas,hiligaynon,active
paminsa,pamina,hiligaynon,active
paminsa,aminsa,hiligaynon,active
paminsa,painsa,hiligaynon,active
paminsa,pamins,hiligaynon,active
panganud,anganud,hiligaynon,active
panganud,paanganud,hiligaynon,active
panganud,pangaud,hiligaynon,active
panganud,pangganud,hiligaynon,active
gahubag panit,gahubaag panit,hiligaynon,active
gahubag panit,gaubag panit,hiligaynon,active
gahubag panit,ghubag panit,hiligaynon,active
kalapata,kalapaata,hiligaynon,active
kalapata,kaalapata,hiligaynon,active
kalapata,klapata,hiligaynon,active
kalapata,kelapata,hiligaynon,active
pantal,paantal,hiligaynon,active
pantal,pantaal,hiligaynon,active
pantal,panttal,hiligaynon,active
sakit dulunggan,sakit dulunggann,hiligaynon,active
sakit dulunggan,sakit dulungagn,hiligaynon,active
sakit dulunggan,saket dulunggan,hiligaynon,active
masakit dulunggan,maskait dulunggan,hiligaynon,active
masakit dulunggan,massakit dulunggan,hiligaynon,active
masakit dulunggan,masait dulunggan,hiligaynon,active
masakit dulunggan,masakit dulnggan,hiligaynon,active
sakit mata,sekit mata,hiligaynon,active
sakit mata,sakit maat,hiligaynon,active
sakit mata,askit mata,hiligaynon,active
masakit mata,masakit matta,hiligaynon,active
masakit mata,mesakit mata,hiligaynon,active
masakit mata,mmasakit mata,hiligaynon,active
sakit likod,sakit lkiod,hiligaynon,active
sakit likod,sakitl ikod,hiligaynon,active
sakit likod,saket likod,hiligaynon,active
sakit likod,sakit ilkod,hiligaynon,active
masakit likod,msakit likod,hiligaynon,active
masakit likod,masait likod,hiligaynon,active
masakit likod,masaki likod,hiligaynon,active
hapdi mag-ihi,hapdi maag-ihi,hiligaynon,active
hapdi mag-ihi,hadi mag-ihi,hiligaynon,active
hapdi mag-ihi,hapd imag-ihi,hiligaynon,active
hapdi mag-ihi,hapdi amg-ihi,hiligaynon,active
sakit mag-ihi,sakit mag-ihii,hiligaynon,active
sakit mag-ihi,saki mag-ihi,hiligaynon,active
sakit mag-ihi,sakit mag-ihhi,hiligaynon,active
masakit ihi,mesakit ihi,hiligaynon,active
masakit ihi,msaakit ihi,hiligaynon,active
masakit ihi,masakit iih,hiligaynon,active
naga pitik dughan,nag apitik dughan,hiligaynon,active
naga pitik dughan,naga ppitik dughan,hiligaynon,active
naga pitik dughan,naga pitik duhan,hiligaynon,active
naga pitik dughan,naga pitik ddughan,hiligaynon,active
madasig pitik,madasig pitk,hiligaynon,active
madasig pitik,madaasig pitik,hiligaynon,active
madasig pitik,maddasig pitik,hiligaynon,active
madasig pitik,madasig piti,hiligaynon,active
naguyam,nagguyam,hiligaynon,active
naguyam,naguyyam,hiligaynon,active
naguyam,naguym,hiligaynon,active
ginsuyam,ginssuyam,hiligaynon,active
ginsuyam,ginnsuyam,hiligaynon,active
ginsuyam,ginusyam,hiligaynon,active
ginsuyam,gginsuyam,hiligaynon,active
nagauyam,nagayam,hiligaynon,active
nagauyam,nagauaym,hiligaynon,active
nagauyam,nagauya,hiligaynon,active
nagauyam,nnagauyam,hiligaynon,active
nadulaan malay,naduaan malay,hiligaynon,active
nadulaan malay,nadluaan malay,hiligaynon,active
nadulaan malay,nadulaanmalay,hiligaynon,active
nagpunaw,nagpunaaw,hiligaynon,active
nagpunaw,nagpnaw,hiligaynon,active
nagpunaw,napgunaw,hiligaynon,active
nagpunaw,naggpunaw,hiligaynon,active
wala malay,awla malay,hiligaynon,active
wala malay,walam alay,hiligaynon,active
wala malay,wala mlaay,hiligaynon,active
nagadugo,ngaadugo,hiligaynon,active
nagadugo,nagdugo,hiligaynon,active
nagadugo,nnagadugo,hiligaynon,active
nagadugo,negadugo,hiligaynon,active
gadugo,gaadugo,hiligaynon,active
gadugo,gadugoo,hiligaynon,active
gadugo,gedugo,hiligaynon,active
gadugo,gaudgo,hiligaynon,active
grabe nagadugo,grabe ngadugo,hiligaynon,active
grabe nagadugo,gabe nagadugo,hiligaynon,active
grabe nagadugo,grabe naadugo,hiligaynon,active
grabe nagadugo,grabe naagadugo,hiligaynon,active
fever,fevver,generated,active
fever,fevr,generated,active
fever,phever,generated,active
cough,cugh,generated,active
cough,coguh,generated,active
headache,haedache,generated,active
headache,headdache,generated,active
headache,hiadache,generated,active
headache,heedache,generated,active
headache,eadache,generated,active
chest pain,chestpain,generated,active
chest pain,cehst pain,generated,active
chest pain,chestp ain,generated,active
chest pain,ches pain,generated,active
difficulty breathing,difficulyt breathing,generated,active
difficulty breathing,difficulty breathiing,generated,active
difficulty breathing,ifficulty breathing,generated,active
difficulty breathing,difficculty breathing,generated,active
difficulty breathing,dificulty breathing,generated,active
shortness of breath,sortness of breath,generated,active
shortness of breath,shortness of breathh,generated,active
shortness of breath,shortnesso f breath,generated,active
shortness of breath,shortness oof breath,generated,active
shortness of breath,shortness fo breath,generated,active
vomiting,vmoiting,generated,active
diarrhea,dirrhea,generated,active
diarrhea,dairrhea,generated,active
diarrhea,diarrheea,generated,active
abdominal pain,abdominal ppain,generated,active
abdominal pain,abdominla pain,generated,active
abdominal pain,abodminal pain,generated,active
abdominal pain,abdomenal pain,generated,active
nausea,nauseea,generated,active
nausea,anusea,generated,active
dizziness,dizzines,generated,active
dizziness,dizzziness,generated,active
fatigue,fatigu,generated,active
fatigue,fatiguee,generated,active
fatigue,fatiuge,generated,active
sore throat,soore throat,generated,active
sore throat,sor throat,generated,active
sore throat,sore hroat,generated,active
runny nose,runn ynose,generated,active
runny nose,runny nosse,generated,active
runny nose,runny nse,generated,active
body pain,body pan,generated,active
body pain,body pani,generated,active
body pain,bdy pain,generated,active
body pain,body pai,generated,active
body pain,boddy pain,generated,active
back pain,bac pain,generated,active
back pain,back painn,generated,active
back pain,back pani,generated,active
back pain,bcak pain,generated,active
ear pain,ear  pain,generated,active
ear pain,er pain,generated,active
ear pain,iar pain,generated,active
ear pain,earp ain,generated,active
ear pain,ear painn,generated,active
eye pain,yee pain,generated,active
eye pain,eyee pain,generated,active
eye pain,eye paen,generated,active
eye pain,eyye pain,generated,active
eye pain,eye pai,generated,active
rash,ras,generated,active
palpitations,palpitaations,generated,active
palpitations,palpitatoins,generated,active
palpitations,palpetations,generated,active
palpitations,palpitatiions,generated,active
palpitations,palpitaions,generated,active
confusion,onfusion,generated,active
confusion,ocnfusion,generated,active
confusion,confuison,generated,active
confusion,confuson,generated,active
seizure,sizure,generated,active
seizure,seziure,generated,active
bleeding,bbleeding,generated,active
bleeding,bleedng,generated,active
bleeding,bleediing,generated,active
bleeding,bleedingg,generated,active
burn,bunr,generated,active
burn,burnn,generated,active
weakness,weaknesss,generated,active
weakness,weakess,generated,active
weakness,eakness,generated,active
weakness,weaknness,generated,active
swelling,swellnig,generated,active
swelling,swilling,generated,active
swelling,welling,generated,active
itching,itchinng,generated,active
chills,cills,generated,active
loss of appetite,loss of apptite,generated,active
loss of appetite,loss of appeitte,generated,active
loss of appetite,lss of appetite,generated,active
loss of appetite,luss of appetite,generated,active
loss of appetite,loss o fappetite,generated,active
urinary pain,urinarypain,generated,active
urinary pain,urinarry pain,generated,active
urinary pain,urinaryp ain,generated,active
urinary pain,urinary paiin,generated,active
urinary pain,uriinary pain,generated,active
constipation,cunstipation,generated,active
constipation,constipatio,generated,active
constipation,contsipation,generated,active
constipation,constipaiton,generated,active
constipation,constpation,generated,active
insomnia,insomniia,generated,active
insomnia,inomnia,generated,active
insomnia,isnomnia,generated,active
insomnia,inssomnia,generated,active
insomnia,insomia,generated,active
wheezing,wheeing,generated,active
wheezing,wheeziing,generated,active
wheezing,whiezing,generated,active
coughing blood,ocughing blood,generated,active
coughing blood,coughing bloood,generated,active
coughing blood,cuughing blood,generated,active
coughing blood,cooughing blood,generated,active
coughing blood,couging blood,generated,active
vomiting blood,voimting blood,generated,active
vomiting blood,vomitingg blood,generated,active
vomiting blood,omiting blood,generated,active
fainting,ainting,generated,active
fainting,faniting,generated,active
fainting,faintting,generated,active
fainting,ffainting,generated,active
fainting,fanting,generated,active
numbness,nuumbness,generated,active
numbness,numbnses,generated,active
numbness,numbnes,generated,active
numbness,numness,generated,active
numbness,numbbness,generated,active
paralysis,apralysis,generated,active
paralysis,paralyysis,generated,active
paralysis,paraylsis,generated,active
paralysis,paralyis,generated,active
vision loss,ivsion loss,generated,active
vision loss,visio loss,generated,active
vision loss,vision lsos,generated,active
vision loss,vision lss,generated,active
1-methylhistidinuria,1-methylhistidnuria,generated,active
1-methylhistidinuria,1-methylhistidinria,generated,active
1-methylhistidinuria,1-methylihstidinuria,generated,active
1-methylhistidinuria,1-meethylhistidinuria,generated,active
1-methylhistidinuria,1-methylhestidinuria,generated,active
1-methylhistidinuria,1-methylhistidinnuria,generated,active
1-minute apgar score of 0,11-minute apgar score of 0,generated,active
1-minute apgar score of 0,1-minute apgar sscore of 0,generated,active
1-minute apgar score of 0,1-minute apgar sccore of 0,generated,active
1-minute apgar score of 0,1-minute apgar scoreof 0,generated,active
1-minute apgar score of 0,1-minute apgar score f 0,generated,active
1-minute apgar score of 0,1m-inute apgar score of 0,generated,active
1-minute apgar score of 1,1-minute apgra score of 1,generated,active
1-minute apgar score of 1,1-minute apga score of 1,generated,active
1-minute apgar score of 1,1-minute apgar score o 1,generated,active
1-minute apgar score of 1,1-minute appgar score of 1,generated,active
1-minute apgar score of 1,1-minute apgar score of  1,generated,active
1-minute apgar score of 1,1-minute apagr score of 1,generated,active
1-minute apgar score of 2,1-minute apgar scoore of 2,generated,active
1-minute apgar score of 2,1-minute apgar scre of 2,generated,active
1-minute apgar score of 2,1-minute apgr score of 2,generated,active
1-minute apgar score of 2,1-minute apgar scor of 2,generated,active
1-minute apgar score of 2,1-minute apgar scure of 2,generated,active
1-minute apgar score of 3,1-minute apgar score of  3,generated,active
1-minute apgar score of 3,1-minute apgar sscore of 3,generated,active
1-minute apgar score of 3,1-minute apga score of 3,generated,active
1-minute apgar score of 3,1-minute apgar score oph 3,generated,active
1-minute apgar score of 3,1-minuute apgar score of 3,generated,active
1-minute apgar score of 3,1-minuteapgar score of 3,generated,active
1-minute apgar score of 4,1-miinute apgar score of 4,generated,active
1-minute apgar score of 4,1-minute apgar score of4,generated,active
1-minute apgar score of 4,1-minte apgar score of 4,generated,active
1-minute apgar score of 4,1-minute apar score of 4,generated,active
1-minute apgar score of 4,1-minute apgar scre of 4,generated,active
1-minute apgar score of 5,1-minute apgar score f 5,generated,active
1-minute apgar score of 5,1-minute apgar score oph 5,generated,active
1-minute apgar score of 5,1-minute apgar score  of 5,generated,active
1-minute apgar score of 5,1-minute apgar socre of 5,generated,active
1-minute apgar score of 5,1-minute apgar scoree of 5,generated,active
1-minute apgar score of 6,1-imnute apgar score of 6,generated,active
1-minute apgar score of 6,1-minute apgar scor eof 6,generated,active
1-minute apgar score of 6,1-minutte apgar score of 6,generated,active
1-minute apgar score of 6,1-minute apgar score of 66,generated,active
1-minute apgar score of 6,1-minute apgarr score of 6,generated,active
10 pairs of ribs,10pairs of ribs,generated,active
10 pairs of ribs,10 apirs of ribs,generated,active
10 pairs of ribs,10 pairsof ribs,generated,active
10 pairs of ribs,10 pairs of ris,generated,active
10 pairs of ribs,10 pairs of rribs,generated,active
10 pairs of ribs,10 pairso f ribs,generated,active
10-minute apgar score of 0,10-minuute apgar score of 0,generated,active
10-minute apgar score of 0,10-imnute apgar score of 0,generated,active
10-minute apgar score of 0,10-minute apgar skore of 0,generated,active
10-minute apgar score of 0,10-minute agpar score of 0,generated,active
10-minute apgar score of 0,01-minute apgar score of 0,generated,active
10-minute apgar score of 0,10-minute apgar socre of 0,generated,active
10-minute apgar score of 1,10-minute apar score of 1,generated,active
10-minute apgar score of 1,10-minute apgar csore of 1,generated,active
10-minute apgar score of 1,10-minnute apgar score of 1,generated,active
10-minute apgar score of 1,10-minutte apgar score of 1,generated,active
10-minute apgar score of 2,10-mintue apgar score of 2,generated,active
10-minute apgar score of 2,10-minute apgar socre of 2,generated,active
10-minute apgar score of 2,10-minute apgar score oof 2,generated,active
10-minute apgar score of 2,10-minute apgar scure of 2,generated,active
10-minute apgar score of 2,10-minute aapgar score of 2,generated,active
10-minute apgar score of 3,10-minute apgarscore of 3,generated,active
10-minute apgar score of 3,10-minuet apgar score of 3,generated,active
10-minute apgar score of 3,10-minute apgar score off 3,generated,active
10-minute apgar score of 3,10-minute appgar score of 3,generated,active
10-minute apgar score of 3,10-minute pagar score of 3,generated,active
10-minute apgar score of 4,10-minuti apgar score of 4,generated,active
10-minute apgar score of 4,10-minuute apgar score of 4,generated,active
10-minute apgar score of 4,10minute apgar score of 4,generated,active
10-minute apgar score of 4,10-minute apgar score oph 4,generated,active
10-minute apgar score of 4,10-minute apgar score fo 4,generated,active
10-minute apgar score of 4,10-minute apgar score  of 4,generated,active
10-minute apgar score of 5,10-minute appgar score of 5,generated,active
10-minute apgar score of 5,10-minte apgar score of 5,generated,active
10-minute apgar score of 5,10-miinute apgar score of 5,generated,active
10-minute apgar score of 5,10-minute apgar socre of 5,generated,active
10-minute apgar score of 5,10-minute apgra score of 5,generated,active
10-minute apgar score of 5,0-minute apgar score of 5,generated,active
10-minute apgar score of 6,10-minute pagar score of 6,generated,active
10-minute apgar score of 6,10-minute apgar score fo 6,generated,active
10-minute apgar score of 6,10-minutea pgar score of 6,generated,active
10-minute apgar score of 6,10-minte apgar score of 6,generated,active
10-minute apgar score of 6,10-minute apgar score off 6,generated,active
11 pairs of ribs,11 pairs oph ribs,generated,active
11 pairs of ribs,11 pairs of risb,generated,active
11 pairs of ribs,11 pairs of ris,generated,active
11 pairs of ribs,11 pairs uf ribs,generated,active
11 pairs of ribs,11 airs of ribs,generated,active
11 pairs of ribs,11 pairs of rbis,generated,active
11 thoracic vertebrae,11 thoracic verebrae,generated,active
11 thoracic vertebrae,11 thooracic vertebrae,generated,active
11 thoracic vertebrae,11 thoracicv ertebrae,generated,active
11 thoracic vertebrae,11 thuracic vertebrae,generated,active
11 thoracic vertebrae,11 thoracicvertebrae,generated,active
11 thoracic vertebrae,11 thoracic veretbrae,generated,active
2 vessel cord,2 vesel cord,generated,active
2 vessel cord,2 vesesl cord,generated,active
2 vessel cord,2vessel cord,generated,active
2 vessel cord,2 vessel cor,generated,active
2 vessel umbilical cord,2  vessel umbilical cord,generated,active
2 vessel umbilical cord,2 vessel umbilical codr,generated,active
2 vessel umbilical cord,2 vessel umbiliacl cord,generated,active
"2,8-dihydroxyadenine crystalluria","2,8-dihydroxydenine crystalluria",generated,active
"2,8-dihydroxyadenine crystalluria","2,8-idhydroxyadenine crystalluria",generated,active
"2,8-dihydroxyadenine crystalluria","2,8-dihydroxyaednine crystalluria",generated,active
"2,8-dihydroxyadenine crystalluria","2,8-dihydroxyadenine crysttalluria",generated,active
"2,8-dihydroxyadenine crystalluria","2,8-dihydrxyadenine crystalluria",generated,active
"2,8-dihydroxyadenine urinary crystals","2,8-dihydroxyadenine urrinary crystals",generated,active
"2,8-dihydroxyadenine urinary crystals","2,8-dihydroxyadenine urniary crystals",generated,active
"2,8-dihydroxyadenine urinary crystals","2,8-dihyydroxyadenine urinary crystals",generated,active
"2,8-dihydroxyadenine urinary crystals","2,8-dihydroxyadenine uirnary crystals",generated,active
"2,8-dihydroxyadenine urinary crystals","2,8-dihydroxyadenine urinary rystals",generated,active
"2,8-dihydroxyadenine urinary crystals","2,8-dihydroxyadenin urinary crystals",generated,active
2--hydroxyphenylacetic aciduria,2--hydroxyphenylaceti aciduria,generated,active
2--hydroxyphenylacetic aciduria,2--hdyroxyphenylacetic aciduria,generated,active
2--hydroxyphenylacetic aciduria,2--hydroxyphenylacetic caiduria,generated,active
2--hydroxyphenylacetic aciduria,2--hydroxypenylacetic aciduria,generated,active
2-aminoadipic aciduria,2-aminoaddipic aciduria,generated,active
2-aminoadipic aciduria,-aminoadipic aciduria,generated,active
2-aminoadipic aciduria,2-aminoaidpic aciduria,generated,active
2-aminoadipic aciduria,2-aminoadipic acidurai,generated,active
2-aminoadipic aciduria,2-aminoadiic aciduria,generated,active
2-ethylhydracylic aciduria,2-ethylhydracylic aciiduria,generated,active
2-ethylhydracylic aciduria,2-ethylhydracylic acduria,generated,active
2-ethylhydracylic aciduria,2-ethylhydrracylic aciduria,generated,active
2-ethylhydracylic aciduria,2-ethylhydraclyic aciduria,generated,active
2-ethylhydracylic aciduria,2--ethylhydracylic aciduria,generated,active
2-ethylhydracylic aciduria,2-ethylhydracyli caciduria,generated,active
2-hydroxyadipic acid high in urine,2-hydroxyadipic acidd high in urine,generated,active
2-hydroxyadipic acid high in urine,2-hydroxyadipi acid high in urine,generated,active
2-hydroxyadipic acid high in urine,2-hydroxyadipic acid high in rine,generated,active
2-hydroxyadipic acid high in urine,2-hydroxyaipic acid high in urine,generated,active
2-hydroxyadipic acid high in urine,2-hyroxyadipic acid high in urine,generated,active
2-hydroxyadipic acid high in urine,2-hydroxyadipic acid high i nurine,generated,active
2-hydroxyadipic aciduria,2-hyrdoxyadipic aciduria,generated,active
2-hydroxyadipic aciduria,2-hydroxyadipic aciduuria,generated,active
2-hydroxyadipic aciduria,2-hydroxyadipic acidduria,generated,active
2-hydroxyadipic aciduria,2-hyydroxyadipic aciduria,generated,active
2-hydroxyadipic aciduria,2-hydroxyadipic aciduriia,generated,active
2-hydroxyglutarate aciduria,2-hydroxyglutarate aaciduria,generated,active
2-hydroxyglutarate aciduria,2-hydroxyglutarte aciduria,generated,active
2-hydroxyglutarate aciduria,2-hydroxyglutaraet aciduria,generated,active
2-hydroxyglutarate aciduria,2-hydroxyglutraate aciduria,generated,active
2-hydroxyglutarate aciduria,2-hyydroxyglutarate aciduria,generated,active
2-methylacetoacetic acid present in urine,2-methylaetoacetic acid present in urine,generated,active
2-methylacetoacetic acid present in urine,2-methylacetoacetic acid present in uine,generated,active
2-methylacetoacetic acid present in urine,2-methylacetoactic acid present in urine,generated,active
2-methylacetoacetic acid present in urine,2-methylacetoacetic acid present in urin,generated,active
2-methylacetoacetic acid present in urine,2-methylacetoacetic acid preset in urine,generated,active
2-methylbutyryl glycinuria,2-methlybutyryl glycinuria,generated,active
2-methylbutyryl glycinuria,2-methylbuytryl glycinuria,generated,active
2-methylbutyryl glycinuria,2-methylbutyryl glyinuria,generated,active
2-methylbutyryl glycinuria,-2methylbutyryl glycinuria,generated,active
2-methylbutyryl glycinuria,2-methylbutyrryl glycinuria,generated,active
2-methylcitric acid high in urine,2-mithylcitric acid high in urine,generated,active
2-methylcitric acid high in urine,-methylcitric acid high in urine,generated,active
2-methylcitric acid high in urine,2-methylkitric acid high in urine,generated,active
2-methylcitric acid high in urine,2-methylcitrc acid high in urine,generated,active
2-methylcitric acid high in urine,2-methylcitric acid high in urie,generated,active
2-oxoadipic aciduria,2-oxoadipic aiduria,generated,active
2-oxoadipic aciduria,2-oxoadipic aciduriaa,generated,active
2-oxoadipic aciduria,2-oxoadipic aciduuria,generated,active
2-oxoadipic aciduria,2-oxoaidpic aciduria,generated,active
2-oxoadipic aciduria,2-oxoadippic aciduria,generated,active
2-oxoadipic aciduria,2-oxoadipic acidduria,generated,active
2:1 atrioventricular block,2:1 atrioventriclar block,generated,active
2:1 atrioventricular block,2:1 atrioventricular bblock,generated,active
2:1 atrioventricular block,2:1 atrioventicular block,generated,active
2:1 atrioventricular block,2:1a trioventricular block,generated,active
2:1 atrioventricular block,2:1 atriooventricular block,generated,active
2:1 atrioventricular block,2:1 atriovntricular block,generated,active
2:1 av block,2:11 av block,generated,active
2:1 av block,2:1 av lbock,generated,active
2:1 av block,2:1 av blcok,generated,active
2:1 av block,2:1 av bloock,generated,active
2:1 av block,2:1 av bllock,generated,active
2:1 av block,2:1 avb lock,generated,active
2nd toe symphalangism,2nd toee symphalangism,generated,active
2nd toe symphalangism,2nd toe symphalanggism,generated,active
2nd toe symphalangism,2nd toesymphalangism,generated,active
2nd toe symphalangism,2nd toe symphalanism,generated,active
2nd toe symphalangism,2nd toe ssymphalangism,generated,active
2nd toe symphalangism,2nd toe sympphalangism,generated,active
2nd-5th toe middle phalangeal hypoplasia,2nd-5th toe middle phalangeal hpyoplasia,generated,active
2nd-5th toe middle phalangeal hypoplasia,2nd-5th toe middle phalagneal hypoplasia,generated,active
2nd-5th toe middle phalangeal hypoplasia,2nd-5th ote middle phalangeal hypoplasia,generated,active
2nd-5th toe middle phalangeal hypoplasia,2nd-5th te middle phalangeal hypoplasia,generated,active
2nd-5th toe middle phalangeal hypoplasia,2nd-5tht oe middle phalangeal hypoplasia,generated,active
2nd-5th toe middle phalangeal hypoplasia,2nd-5th toe middle phalangea hypoplasia,generated,active
3-hydroxydicarboxylic aciduria,3-hydroxydciarboxylic aciduria,generated,active
3-hydroxydicarboxylic aciduria,3-hydroxydicarboxylci aciduria,generated,active
3-hydroxydicarboxylic aciduria,3-hydroxydicarboyxlic aciduria,generated,active
3-hydroxydicarboxylic aciduria,3-hydroxydicarboxylic aciduriia,generated,active
3-hydroxyglutaric acid high in urine,3-hydroxyglutaric acid hhigh in urine,generated,active
3-hydroxyglutaric acid high in urine,3-hydorxyglutaric acid high in urine,generated,active
3-hydroxyglutaric acid high in urine,3-hydroxygltaric acid high in urine,generated,active
3-hydroxyglutaric acid high in urine,3-hydroxyglutaric acid hiigh in urine,generated,active
3-hydroxyglutaric acid high in urine,3hydroxyglutaric acid high in urine,generated,active
3-hydroxyglutaric acid high in urine,3-hydroxyglutaric acid highi n urine,generated,active
3-hydroxyisovaleric aciduria,3-hydroxyisovaleric aciduuria,generated,active
3-hydroxyisovaleric aciduria,3-hydroxyisovalreic aciduria,generated,active
3-hydroxyisovaleric aciduria,3-hydrxoyisovaleric aciduria,generated,active
3-hydroxyisovaleric aciduria,3-hyydroxyisovaleric aciduria,generated,active
3-hydroxyisovaleric aciduria,3-hydroxyisvaleric aciduria,generated,active
3-hydroxyisovaleric aciduria,3-hydroxyisovaleric acidura,generated,active
3-hydroxypropionic acid high in urine,3-hydroxypropionic acid high in  urine,generated,active
3-hydroxypropionic acid high in urine,-3hydroxypropionic acid high in urine,generated,active
3-hydroxypropionic acid high in urine,3-hydroxyropionic acid high in urine,generated,active
3-hydroxypropionic acid high in urine,3-hydroxypropionic acdi high in urine,generated,active
3-hydroxypropionic acid high in urine,-hydroxypropionic acid high in urine,generated,active
3-hydroxypropionic acid high in urine,3-hydroxypropionic acid ihgh in urine,generated,active
3-ketoacyl-coa thiolase (thio) deficiency,-ketoacyl-coa thiolase (thio) deficiency,generated,active
3-ketoacyl-coa thiolase (thio) deficiency,3-ketoacyl-coa thiolase (tio) deficiency,generated,active
3-ketoacyl-coa thiolase (thio) deficiency,3-keoacyl-coa thiolase (thio) deficiency,generated,active
3-ketoacyl-coa thiolase (thio) deficiency,3-ketoacyl-coa thiolase (thi) deficiency,generated,active
3-methylglutaconic aciduria,3-methylgglutaconic aciduria,generated,active
3-methylglutaconic aciduria,3-ethylglutaconic aciduria,generated,active
3-methylglutaconic aciduria,3-metylglutaconic aciduria,generated,active
3-methylglutaconic aciduria,3-methylglutaconic aiduria,generated,active
3-methylglutaconicaciduria,3-methylglutaconecaciduria,generated,active
3-methylglutaconicaciduria,3-methylglutacconicaciduria,generated,active
3-methylglutaconicaciduria,3-methylgluttaconicaciduria,generated,active
3-methylglutaconicaciduria,3-methylgltaconicaciduria,generated,active
3-methylglutaconicaciduria,3-metyhlglutaconicaciduria,generated,active
3-methylglutaconicaciduria,3--methylglutaconicaciduria,generated,active
3-methylglutaric aciduria,3-methylglutaric  aciduria,generated,active
3-methylglutaric aciduria,3-methylglutraic aciduria,generated,active
3-methylglutaric aciduria,3-methylglutaricaciduria,generated,active
3-methylglutaric aciduria,3-methylgluaric aciduria,generated,active
3-methylglutaric aciduria,3-methylglutarik aciduria,generated,active
3-methylglutaric aciduria,3-methylglutaric aciduriaa,generated,active
3-methylglutaricaciduria,3-methylgluaricaciduria,generated,active
3-methylglutaricaciduria,3-methylglutariccaiduria,generated,active
3-methylglutaricaciduria,3-methylglutarikaciduria,generated,active
3-methylglutaricaciduria,3-methylglutericaciduria,generated,active
3-methylglutaricaciduria,3-methylglutariaciduria,generated,active
3-methylglutaricaciduria,3-methylglutarcaciduria,generated,active
3-methylhistidinuria,3-methylhistidinria,generated,active
3-methylhistidinuria,3-methylhestidinuria,generated,active
3-methylhistidinuria,3-methylhisttidinuria,generated,active
3-methylhistidinuria,3-methyylhistidinuria,generated,active
3-methylhistidinuria,-3methylhistidinuria,generated,active
3-methylhistidinuria,3m-ethylhistidinuria,generated,active
3rd toe clinodactyly,3rd toe clinodatyly,generated,active
3rd toe clinodactyly,3rd toe cliinodactyly,generated,active
3rd toe clinodactyly,3rd ote clinodactyly,generated,active
3rd toe clinodactyly,3rd toe clinodactyyly,generated,active
4-hydroxyisovaleric acid present in urine,4-hydroxyisvaleric acid present in urine,generated,active
4-hydroxyisovaleric acid present in urine,4-hydroxyisovaleric acid resent in urine,generated,active
4-hydroxyisovaleric acid present in urine,4-hydroxyisovaleric acid present in urin,generated,active
4-hydroxyisovaleric acid present in urine,4-hydroxyisovalerc acid present in urine,generated,active
4-hydroxyisovaleric acid present in urine,-hydroxyisovaleric acid present in urine,generated,active
4-hydroxyphenylacetic aciduria,4-hydroxypheynlacetic aciduria,generated,active
4-hydroxyphenylacetic aciduria,4-hydroxyphenylactic aciduria,generated,active
4-hydroxyphenylacetic aciduria,4-hydroxyphenylacetic aciiduria,generated,active
4-hydroxyphenylacetic aciduria,4-hydroxyphenylaccetic aciduria,generated,active
4-hydroxyphenylacetic aciduria,4-hydroxyphenylaceitc aciduria,generated,active
4-hydroxyphenylacetic aciduria,4-hydroxyphenylaectic aciduria,generated,active
4-hydroxyphenyllactic aciduria,4-hydroxyphenyllactic aciduira,generated,active
4-hydroxyphenyllactic aciduria,4-hydroxyphenyllactic acidura,generated,active
4-hydroxyphenyllactic aciduria,4-hydroxyphenyllaktic aciduria,generated,active
4-hydroxyphenyllactic aciduria,4-hyddroxyphenyllactic aciduria,generated,active
4-hydroxyphenyllactic aciduria,4-hydroxyphenylactic aciduria,generated,active
4-hydroxyphenyllactic aciduria,4-hydorxyphenyllactic aciduria,generated,active
4-hydroxyphenylpyruvic aciduria,4-hydroxypenylpyruvic aciduria,generated,active
4-hydroxyphenylpyruvic aciduria,4-yhdroxyphenylpyruvic aciduria,generated,active
4-hydroxyphenylpyruvic aciduria,4-hydroxyphneylpyruvic aciduria,generated,active
4-layered lissencephaly,4-layered lissecephaly,generated,active
4-layered lissencephaly,4-layered lssencephaly,generated,active
4-layered lissencephaly,4-laeyred lissencephaly,generated,active
4-layered lissencephaly,4-layered lissencepphaly,generated,active
"46,xy gonadal dysgenesis","46,xy gonadal dysgeneesis",generated,active
"46,xy gonadal dysgenesis","46,xy gonadal dysgenesiss",generated,active
"46,xy gonadal dysgenesis","46,xy gondal dysgenesis",generated,active
"46,xy gonadal dysgenesis","46,xy gonadald ysgenesis",generated,active
"46,xy gonadal dysgenesis","46,xyy gonadal dysgenesis",generated,active
4th finger camptodactyly,4th finger campttodactyly,generated,active
4th finger camptodactyly,4th finger camptodacyly,generated,active
4th finger camptodactyly,4th finger camptodaactyly,generated,active
4th finger camptodactyly,4th finger cammptodactyly,generated,active
4th finger camptodactyly,4th finger camptoodactyly,generated,active
4th finger camptodactyly,t4h finger camptodactyly,generated,active
5-fluorouracil exposure,-5fluorouracil exposure,generated,active
5-fluorouracil exposure,5-fluorourecil exposure,generated,active
5-fluorouracil exposure,5-fluorouracil expossure,generated,active
5-fluorouracil exposure,5-luorouracil exposure,generated,active
5-fluorouracil exposure,5-fluorouracill exposure,generated,active
5-hydroxymethyluracil high in blood,5-hyrdoxymethyluracil high in blood,generated,active
5-hydroxymethyluracil high in blood,5-hyroxymethyluracil high in blood,generated,active
5-hydroxymethyluracil high in blood,5-hydroxymethylluracil high in blood,generated,active
5-hydroxymethyluracil high in blood,5-hydroxymethyluracil ihgh in blood,generated,active
5-hydroxymethyluracil high in blood,5-hydroxymethyluracil highh in blood,generated,active
5-hydroxymethyluracil high in blood,5-hydroxymethyluracil high in bloo,generated,active
5-hydroxymethyluracil high in csf,5-hydroxymethluracil high in csf,generated,active
5-hydroxymethyluracil high in csf,5-hydroxymethhyluracil high in csf,generated,active
5-hydroxymethyluracil high in csf,5-hdyroxymethyluracil high in csf,generated,active
5-hydroxymethyluracil high in csf,5-hydruxymethyluracil high in csf,generated,active
5-hydroxymethyluracil high in urine,5h-ydroxymethyluracil high in urine,generated,active
5-hydroxymethyluracil high in urine,5-hydroxymithyluracil high in urine,generated,active
5-hydroxymethyluracil high in urine,5-hydrxymethyluracil high in urine,generated,active
5-hydroxymethyluracil high in urine,5-hydorxymethyluracil high in urine,generated,active
5-hydroxymethyluracil high in urine,-5hydroxymethyluracil high in urine,generated,active
5-minute apgar score of 0,5-minute apagr score of 0,generated,active
5-minute apgar score of 0,5-mniute apgar score of 0,generated,active
5-minute apgar score of 0,5-minute apgar score o 0,generated,active
5-minute apgar score of 0,5-minute apgar socre of 0,generated,active
5-minute apgar score of 0,5-mminute apgar score of 0,generated,active
5-minute apgar score of 1,5-minuteapgar score of 1,generated,active
5-minute apgar score of 1,5-minute apga rscore of 1,generated,active
5-minute apgar score of 1,5-minuet apgar score of 1,generated,active
5-minute apgar score of 1,5-minute apgar scre of 1,generated,active
5-minute apgar score of 1,5-menute apgar score of 1,generated,active
5-minute apgar score of 1,5-mminute apgar score of 1,generated,active
5-minute apgar score of 2,5-minute pagar score of 2,generated,active
5-minute apgar score of 2,5-minute apgar score of  2,generated,active
5-minute apgar score of 2,5-minute apga rscore of 2,generated,active
5-minute apgar score of 2,5-minute apgar scoe of 2,generated,active
5-minute apgar score of 2,5-minute apgar scor of 2,generated,active
5-minute apgar score of 2,5-minute apgr score of 2,generated,active
5-minute apgar score of 3,5-minutea pgar score of 3,generated,active
5-minute apgar score of 3,5-minute agpar score of 3,generated,active
5-minute apgar score of 3,5-minute pagar score of 3,generated,active
5-minute apgar score of 3,5-minuute apgar score of 3,generated,active
5-minute apgar score of 3,5-minutee apgar score of 3,generated,active
5-minute apgar score of 3,5-minute  apgar score of 3,generated,active
5-minute apgar score of 4,5-minute apgar sscore of 4,generated,active
5-minute apgar score of 4,5-minuti apgar score of 4,generated,active
5-minute apgar score of 4,5-minute apgar scoree of 4,generated,active
5-minute apgar score of 4,5-minute apgar scor of 4,generated,active
5-minute apgar score of 5,5-minute apgar scorre of 5,generated,active
5-minute apgar score of 5,5-minute apgar scure of 5,generated,active
5-minute apgar score of 5,5-minute aapgar score of 5,generated,active
5-minute apgar score of 5,5-minuteapgar score of 5,generated,active
5-minute apgar score of 5,5-imnute apgar score of 5,generated,active
5-minute apgar score of 6,5-minute apgar scoreo f 6,generated,active
5-minute apgar score of 6,5-minute apgar score fo 6,generated,active
5-minute apgar score of 6,5minute apgar score of 6,generated,active
5-minute apgar score of 6,5-minute apar score of 6,generated,active
5-oxoprolinase deficiency,5-oxoprolinased eficiency,generated,active
5-oxoprolinase deficiency,5-oxxoprolinase deficiency,generated,active
5-oxoprolinase deficiency,5-oxoprolinsae deficiency,generated,active
5-oxoprolinase deficiency,5-oxoprolinase deficiecy,generated,active
5-oxoprolinase deficiency,-5oxoprolinase deficiency,generated,active
5th finger middle phalangeal hypoplasia,5thfinger middle phalangeal hypoplasia,generated,active
5th finger middle phalangeal hypoplasia,5th finger middle phhalangeal hypoplasia,generated,active
5th finger middle phalangeal hypoplasia,5th finger mmiddle phalangeal hypoplasia,generated,active
5th finger middle phalangeal hypoplasia,5th finger middle phalangeal hypoplaasia,generated,active
5th finger middle phalangeal hypoplasia,5th inger middle phalangeal hypoplasia,generated,active
5th finger middle phalangeal hypoplasia,5th finger middle phalageal hypoplasia,generated,active
6 long bones of hand,6 long bones  of hand,generated,active
6 long bones of hand,6 lng bones of hand,generated,active
6 long bones of hand,6 longbones of hand,generated,active
6 long bones of hand,6 long bones o fhand,generated,active
6 long bones of hand,6 long boones of hand,generated,active
6 metacarpals,6 metacarals,generated,active
6 metacarpals,6 metacarpal,generated,active
6 metacarpals,metacarpals,generated,active
6 metacarpals,6 meacarpals,generated,active
6 metacarpals,6 mettacarpals,generated,active
6 metacarpals,6 metacarplas,generated,active
6-layered lissencephaly,6-layered lissencefaly,generated,active
6-layered lissencephaly,-6layered lissencephaly,generated,active
6-layered lissencephaly,6-layered lissecnephaly,generated,active
6-layered lissencephaly,6-layered lisseencephaly,generated,active
6-layered lissencephaly,6-layered lisencephaly,generated,active
6-layered lissencephaly,6-layered lissencephaaly,generated,active
6-mercaptopurine exposure,6-mercapttopurine exposure,generated,active
6-mercaptopurine exposure,6-mercaptopurie exposure,generated,active
6-mercaptopurine exposure,6-mercaptupurine exposure,generated,active
6-mercaptopurine exposure,6-mercaptopurineexposure,generated,active
aa amyloidosis,aa amyloedosis,generated,active
aa amyloidosis,aa amylidosis,generated,active
aa amyloidosis,aa amyloidossi,generated,active
aa amyloidosis,aa amyloidoiss,generated,active
abasia,abasi,generated,active
abasia,baasia,generated,active
abasia,abasiia,generated,active
abdominal adhesions,abdoinal adhesions,generated,active
abdominal adhesions,abdomnial adhesions,generated,active
abdominal adhesions,abddominal adhesions,generated,active
abdominal adhesions,abdominal adhesiosn,generated,active
abdominal adhesions,abdominal adesions,generated,active
abdominal aortic aneurysm,abdominal aortic aneuryssm,generated,active
abdominal aortic aneurysm,adominal aortic aneurysm,generated,active
abdominal aortic aneurysm,abdominal aortic aneuyrsm,generated,active
abdominal aortic aneurysm,abdominal aortic  aneurysm,generated,active
abdominal aortic aneurysm,abdominal arotic aneurysm,generated,active
abdominal aortic aneurysm,abodminal aortic aneurysm,generated,active
abdominal aortic calcification,abdominal aortic caalcification,generated,active
abdominal aortic calcification,abdomianl aortic calcification,generated,active
abdominal aortic calcification,abddominal aortic calcification,generated,active
abdominal aortic calcification,abdominal aortic calcificaion,generated,active
abdominal aortic calcification,abdominal aorti ccalcification,generated,active
abdominal aortic calcification,abdominal aortic calcificatioon,generated,active
abdominal aortic dissection,abominal aortic dissection,generated,active
abdominal aortic dissection,abdominal aortic dissction,generated,active
abdominal aortic dissection,abdomminal aortic dissection,generated,active
abdominal aortic dissection,abdominal aortic dissectionn,generated,active
abdominal aseptic abscess,abdoimnal aseptic abscess,generated,active
abdominal aseptic abscess,abdominal  aseptic abscess,generated,active
abdominal aseptic abscess,abbdominal aseptic abscess,generated,active
abdominal aseptic abscess,abdominal aseptic abcsess,generated,active
abdominal aseptic abscess,abdominal asepitc abscess,generated,active
abdominal aura,abdominnal aura,generated,active
abdominal aura,abdomial aura,generated,active
abdominal aura,abduminal aura,generated,active
abdominal aura,abdomminal aura,generated,active
abdominal bloating,adominal bloating,generated,active
abdominal bloating,abdmoinal bloating,generated,active
abdominal bloating,abdoimnal bloating,generated,active
abdominal bloating,abdominal blooating,generated,active
abdominal bloating,abdominal loating,generated,active
abdominal bloating,abdominal bloatnig,generated,active
abdominal colic,abdominalc olic,generated,active
abdominal colic,abdmoinal colic,generated,active
abdominal colic,adominal colic,generated,active
abdominal colic,bdominal colic,generated,active
abdominal colic,abduminal colic,generated,active
abdominal cramps,abdominal crramps,generated,active
abdominal cramps,adbominal cramps,generated,active
abdominal cramps,abdominaal cramps,generated,active
abdominal cramps,abdominall cramps,generated,active
abdominal distension,abdominal diistension,generated,active
abdominal distension,abdomnial distension,generated,active
abdominal distension,abdominal distensin,generated,active
abdominal distension,abdomial distension,generated,active
abdominal distension,abdominaal distension,generated,active
abdominal distension,abdoimnal distension,generated,active
abdominal distension (gaseous),abdomina distension (gaseous),generated,active
abdominal distension (gaseous),ebdominal distension (gaseous),generated,active
abdominal distension (gaseous),abdominal distensino (gaseous),generated,active
abdominal distension (gaseous),abbdominal distension (gaseous),generated,active
abdominal distension (gaseous),abdominal diistension (gaseous),generated,active
abdominal distention,abdominal disstention,generated,active
abdominal distention,abdominal distentioon,generated,active
abdominal distention,abdominal distentoin,generated,active
abdominal distention,abdmoinal distention,generated,active
abdominal distention,abduminal distention,generated,active
abdominal distention,abdominal distetnion,generated,active
abdominal ectopia cordis,abdominal ectopia corrdis,generated,active
abdominal ectopia cordis,abdominal ecttopia cordis,generated,active
abdominal ectopia cordis,abdominal ectopia ccordis,generated,active
abdominal ectopia cordis,abdoinal ectopia cordis,generated,active
abdominal guarding,abdominal gaurding,generated,active
abdominal guarding,abdominla guarding,generated,active
abdominal guarding,abdominalguarding,generated,active
abdominal mass,abominal mass,generated,active
abdominal mass,abdominalmass,generated,active
abdominal mass,adominal mass,generated,active
abdominal mass,abdominal mmass,generated,active
abdominal mass,abodminal mass,generated,active
abdominal muscular hypoplasia,abdominal muscular hypoplaasia,generated,active
abdominal muscular hypoplasia,abdominal muscular hypoplsaia,generated,active
abdominal muscular hypoplasia,abdominal musular hypoplasia,generated,active
abdominal muscular hypoplasia,abdominal msucular hypoplasia,generated,active
abdominal muscular hypoplasia,bdominal muscular hypoplasia,generated,active
abdominal muscular hypoplasia,abdomina lmuscular hypoplasia,generated,active
abdominal obesity,abdminal obesity,generated,active
abdominal obesity,abbdominal obesity,generated,active
abdominal obesity,abdominal obesiy,generated,active
abdominal obesity,abdominall obesity,generated,active
abdominal obesity,abdominal obesty,generated,active
abdominal organ duplication,abdominal orga duplication,generated,active
abdominal organ duplication,adbominal organ duplication,generated,active
abdominal organ duplication,abdominal organ dupilcation,generated,active
abdominal organ duplication,abdminal organ duplication,generated,active
abdominal organ duplication,abdominal organ dulpication,generated,active
abdominal organ duplication,abdominal organduplication,generated,active
abdominal protuberance,abdominal protubearnce,generated,active
abdominal protuberance,abdominalprotuberance,generated,active
abdominal protuberance,ebdominal protuberance,generated,active
abdominal reflex absent,abdomnal reflex absent,generated,active
abdominal reflex absent,abdominalr eflex absent,generated,active
abdominal reflex absent,abdomenal reflex absent,generated,active
abdominal reflex absent,abdominal reeflex absent,generated,active
abdominal reflex absent,abdominal refleex absent,generated,active
abdominal rigidity,abdominal rigidityy,generated,active
abdominal rigidity,abdominal irgidity,generated,active
abdominal rigidity,abdominal rigiditty,generated,active
abdominal rigidity,abdominal rigidiity,generated,active
abdominal rigidity,abdominal rigiidty,generated,active
"abdominal rigidity, unspecified site","abdominal rigidity, unspeciified site",generated,active
"abdominal rigidity, unspecified site","abdominal rigidity,unspecified site",generated,active
"abdominal rigidity, unspecified site","abdominal riidity, unspecified site",generated,active
abdominal situs ambiguus,abdominal istus ambiguus,generated,active
abdominal situs ambiguus,abdoominal situs ambiguus,generated,active
abdominal situs ambiguus,aabdominal situs ambiguus,generated,active
abdominal situs ambiguus,abdominal situsa mbiguus,generated,active
abdominal situs inversus,abdominal situs invversus,generated,active
abdominal situs inversus,abdominal  situs inversus,generated,active
abdominal situs inversus,abdominaal situs inversus,generated,active
abdominal situs inversus,abbdominal situs inversus,generated,active
abdominal situs inversus,badominal situs inversus,generated,active
abdominal swelling,abdominal swleling,generated,active
abdominal swelling,abdominal swlling,generated,active
abdominal swelling,abdomianl swelling,generated,active
abdominal swelling,abdominal wselling,generated,active
abdominal symptom,abdomina lsymptom,generated,active
abdominal symptom,abdominalsymptom,generated,active
abdominal symptom,abdoinal symptom,generated,active
abdominal symptom,abdominal sympom,generated,active
"abdominal tenderness, unspecified site","abdominal tenedrness, unspecified site",generated,active
"abdominal tenderness, unspecified site","abdominal tnderness, unspecified site",generated,active
"abdominal tenderness, unspecified site","abdominal tenderness, unspeciphied site",generated,active
"abdominal tenderness, unspecified site","abdominal tenderness, nuspecified site",generated,active
"abdominal tenderness, unspecified site","abdominal tenderness, unsspecified site",generated,active
abdominal wall defect,abdominal wall defcet,generated,active
abdominal wall defect,abdomial wall defect,generated,active
abdominal wall defect,abdominal wall difect,generated,active
abdominal wall defect,abdominal wall defekt,generated,active
abdominal wall mass,badominal wall mass,generated,active
abdominal wall mass,aabdominal wall mass,generated,active
abdominal wall mass,abdomianl wall mass,generated,active
abdominal wall mass,abdominal wall amss,generated,active
abdominal wall mass,abdoimnal wall mass,generated,active
abdominal wall mass,abdominall wall mass,generated,active
abdominal wall muscle weakness,abdomianl wall muscle weakness,generated,active
abdominal wall muscle weakness,abdominal wall muscle wweakness,generated,active
abdominal wall muscle weakness,abdominal wall muscle wekness,generated,active
abdominal wall muscle weakness,abdominal wall musclee weakness,generated,active
abdominal wall muscle weakness,abdominal wall muscle weakneess,generated,active
abducens nerve palsy,abudcens nerve palsy,generated,active
abducens nerve palsy,abducens nerve pasy,generated,active
abducens nerve palsy,abducens nerev palsy,generated,active
abducens nerve paralysis,aducens nerve paralysis,generated,active
abducens nerve paralysis,abducens nerve parralysis,generated,active
abducens nerve paralysis,abduces nerve paralysis,generated,active
abducens nerve paralysis,abducens nerve paralyis,generated,active
abducens nerve paralysis,baducens nerve paralysis,generated,active
abducens nerve paralysis,abducens nerve paralyssi,generated,active
abducens nerve paresis,abducens  nerve paresis,generated,active
abducens nerve paresis,abducen nerve paresis,generated,active
abducens nerve paresis,abducens nerve paaresis,generated,active
abducens nerve paresis,abducenns nerve paresis,generated,active
abducens palsy,aabducens palsy,generated,active
abducens palsy,adbucens palsy,generated,active
abducens palsy,abduces palsy,generated,active
abducens palsy,abducen spalsy,generated,active
abducens palsy,abducens  palsy,generated,active
abducens palsy,abducens aplsy,generated,active
abducted thumb,abducted thmb,generated,active
abducted thumb,abducte thumb,generated,active
abducted thumb,abductd thumb,generated,active
abduction contracture of the shoulder,abduction contracture of the shooulder,generated,active
abduction contracture of the shoulder,abducton contracture of the shoulder,generated,active
abduction contracture of the shoulder,abduction contracture f the shoulder,generated,active
abduction contracture of the shoulder,abduction contracture of hte shoulder,generated,active
abduction contracture of the shoulder,abduction contracture oph the shoulder,generated,active
abduction contracture of the shoulder,abduction contracture of th eshoulder,generated,active
aberrant melanosome maturation,aberrant melanosome matturation,generated,active
aberrant melanosome maturation,aberran tmelanosome maturation,generated,active
aberrant melanosome maturation,aberrant mellanosome maturation,generated,active
aberrant melanosome maturation,aberrant mlanosome maturation,generated,active
aberrant melanosome maturation,aberrant melanosome maturatin,generated,active
aberrant melanosome maturation,aaberrant melanosome maturation,generated,active
aberrant neuronal branching,aberrannt neuronal branching,generated,active
aberrant neuronal branching,aberrant neuronall branching,generated,active
aberrant neuronal branching,aberrant enuronal branching,generated,active
aberrant neuronal branching,aberrrant neuronal branching,generated,active
aberrant right subclavian artery,aberrnat right subclavian artery,generated,active
aberrant right subclavian artery,aberrant right subclavina artery,generated,active
aberrant right subclavian artery,aebrrant right subclavian artery,generated,active
aberrant right subclavian artery,aberrant right subclavian arery,generated,active
aberrant right subclavian artery,abberrant right subclavian artery,generated,active
aberrant right subclavian artery,aberrant right subclaian artery,generated,active
aberrant right subclavian artery syndrome,abrrant right subclavian artery syndrome,generated,active
aberrant right subclavian artery syndrome,aberrant riht subclavian artery syndrome,generated,active
aberrant right subclavian artery syndrome,aberrant right ubclavian artery syndrome,generated,active
aberrant right subclavian artery syndrome,aberrant right subclavian artery sndrome,generated,active
aberrant right subclavian artery syndrome,aberrant right subclaian artery syndrome,generated,active
aberrant right subclavian artery syndrome,aberrant right subclavian artey syndrome,generated,active
aberrant thyroid,aberrant  thyroid,generated,active
aberrant thyroid,aberrant thyruid,generated,active
aberrant thyroid,aebrrant thyroid,generated,active
aberrant thyroid,aberrant thyroidd,generated,active
aberrant thyroid,aberrant thyyroid,generated,active
aberrant thyroid gland,aberrant thyroidgland,generated,active
aberrant thyroid gland,aberran tthyroid gland,generated,active
aberrant thyroid gland,aberrant thyruid gland,generated,active
aberrant thyroid gland,aberrrant thyroid gland,generated,active
aberrant thyroid gland,aberrant thyroid glaand,generated,active
aberrant thyroid gland,aberrant thyroid galnd,generated,active
abetalipoproteinemia,abetalipoproteineia,generated,active
abetalipoproteinemia,aabetalipoproteinemia,generated,active
abetalipoproteinemia,abetalipoprotteinemia,generated,active
abetalipoproteinemia,abetalipooproteinemia,generated,active
ablepharon,ablephaon,generated,active
ablepharon,blepharon,generated,active
ablepharon,ableharon,generated,active
ablepharon,abelpharon,generated,active
ablepharon of eyelid,ablepharon of eyeelid,generated,active
ablepharon of eyelid,ablepharon fo eyelid,generated,active
ablepharon of eyelid,ablepharoon of eyelid,generated,active
ablepharon of eyelid,ableparon of eyelid,generated,active
ablepharon of eyelid,ablepharon of eeyelid,generated,active
ablepharon of eyelid,ablephharon of eyelid,generated,active
abnormal 1st metacarpal morphology,abnormal 1st metacarpal morphologyy,generated,active
abnormal 1st metacarpal morphology,abnrmal 1st metacarpal morphology,generated,active
abnormal 1st metacarpal morphology,abnnormal 1st metacarpal morphology,generated,active
abnormal 1st metacarpal morphology,abnorml 1st metacarpal morphology,generated,active
abnormal 2nd finger morphology,abnormal 2nd finge morphology,generated,active
abnormal 2nd finger morphology,abnormal 2nd finger morphoolgy,generated,active
abnormal 2nd finger morphology,abnormal 2nd finger morrphology,generated,active
abnormal 2nd finger morphology,abnormal 2nd finger morphhology,generated,active
abnormal 2nd finger morphology,abnormal 2nd finger morpholoogy,generated,active
abnormal 2nd finger morphology,abnrmal 2nd finger morphology,generated,active
abnormal 2nd metacarpal morphology,abnormal  2nd metacarpal morphology,generated,active
abnormal 2nd metacarpal morphology,abnomal 2nd metacarpal morphology,generated,active
abnormal 2nd metacarpal morphology,abnurmal 2nd metacarpal morphology,generated,active
abnormal 2nd metacarpal morphology,abnormal 2ndmetacarpal morphology,generated,active
abnormal 2nd metacarpal morphology,abnormal 2nd metacrpal morphology,generated,active
abnormal 2nd toe morphology,bnormal 2nd toe morphology,generated,active
abnormal 2nd toe morphology,abnormal 2nd te morphology,generated,active
abnormal 2nd toe morphology,banormal 2nd toe morphology,generated,active
abnormal 2nd toe morphology,abnormal 2nd toe morpholgoy,generated,active
abnormal 2nd toe morphology,abnormal 2nd ote morphology,generated,active
abnormal 2nd toe morphology,abnormal 2nd toe morhpology,generated,active
abnormal 2nd toe phalanx morphology,abnorma 2nd toe phalanx morphology,generated,active
abnormal 2nd toe phalanx morphology,abnrmal 2nd toe phalanx morphology,generated,active
abnormal 2nd toe phalanx morphology,abnormal 2nd toe phalanx morphollogy,generated,active
abnormal 2nd toe phalanx morphology,anbormal 2nd toe phalanx morphology,generated,active
abnormal 2nd toe phalanx morphology,abnormal 2nd toe phalanx morpholgoy,generated,active
abnormal 3rd finger morphology,abnormal 3rd finger omrphology,generated,active
abnormal 3rd finger morphology,abnormal 3rd finger morphollogy,generated,active
abnormal 3rd finger morphology,abnormal 3rd fnger morphology,generated,active
abnormal 3rd finger morphology,abnormal 3rd finger morphoology,generated,active
abnormal 3rd finger morphology,abnormal 3rd inger morphology,generated,active
abnormal 3rd finger phalanx morphology,abnormal 3rd finger phaalanx morphology,generated,active
abnormal 3rd finger phalanx morphology,abnormal 3rd finegr phalanx morphology,generated,active
abnormal 3rd finger phalanx morphology,abnormal 3rd finger phalaxn morphology,generated,active
abnormal 3rd finger phalanx morphology,abnormal 3rd finger phalanx morpholoy,generated,active
abnormal 3rd finger phalanx morphology,abnormal 3rd finger phhalanx morphology,generated,active
abnormal 3rd finger phalanx morphology,abnormal 3rd finger phalaanx morphology,generated,active
abnormal 3rd metacarpal morphology,abnromal 3rd metacarpal morphology,generated,active
abnormal 3rd metacarpal morphology,abnormal 3rd metacarpal morpphology,generated,active
abnormal 3rd metacarpal morphology,abnormal 3r metacarpal morphology,generated,active
abnormal 3rd metacarpal morphology,abnormal r3d metacarpal morphology,generated,active
abnormal 3rd metacarpal morphology,abnormal 3rd metacaarpal morphology,generated,active
abnormal 3rd toe morphology,abnormaal 3rd toe morphology,generated,active
abnormal 3rd toe morphology,abnormal 3rd te morphology,generated,active
abnormal 3rd toe morphology,bnormal 3rd toe morphology,generated,active
abnormal 3rd toe morphology,abnormal 3rd toe morpphology,generated,active
abnormal 3rd toe morphology,abnormal 3rd oe morphology,generated,active
abnormal 3rd toe morphology,abnormla 3rd toe morphology,generated,active
abnormal 4th finger morphology,abnrmal 4th finger morphology,generated,active
abnormal 4th finger morphology,abnormal4 th finger morphology,generated,active
abnormal 4th finger morphology,abnormal th finger morphology,generated,active
abnormal 4th finger morphology,abnnormal 4th finger morphology,generated,active
abnormal 4th finger morphology,abnormal4th finger morphology,generated,active
abnormal 4th finger morphology,abnormal 4th finger omrphology,generated,active
abnormal 4th finger phalanx morphology,abnormal 4th finger phaanx morphology,generated,active
abnormal 4th finger phalanx morphology,abnorrmal 4th finger phalanx morphology,generated,active
abnormal 4th finger phalanx morphology,abnormal 4th fnger phalanx morphology,generated,active
abnormal 4th finger phalanx morphology,abnormal 4th finger phalanx morphloogy,generated,active
abnormal 4th finger phalanx morphology,abnormal 4th finnger phalanx morphology,generated,active
abnormal 4th metacarpal morphology,abnormal 4th metacarpalm orphology,generated,active
abnormal 4th metacarpal morphology,abnormal 4th etacarpal morphology,generated,active
abnormal 4th metacarpal morphology,abnormal 4th mmetacarpal morphology,generated,active
abnormal 4th metacarpal morphology,abnormal 4ht metacarpal morphology,generated,active
abnormal 4th toe morphology,abnormal 4th toe mophology,generated,active
abnormal 4th toe morphology,abnormal 4th toe morphlogy,generated,active
abnormal 4th toe morphology,aabnormal 4th toe morphology,generated,active
abnormal 4th toe morphology,abnormal 4th toe morphloogy,generated,active
abnormal 4th toe morphology,abnormal 4th toe morphollogy,generated,active
abnormal 5th finger morphology,anormal 5th finger morphology,generated,active
abnormal 5th finger morphology,abnormaal 5th finger morphology,generated,active
abnormal 5th finger morphology,abnormal 5th finger moorphology,generated,active
abnormal 5th finger morphology,abnormal th finger morphology,generated,active
abnormal 5th finger morphology,abnormal 5th finger  morphology,generated,active
abnormal 5th finger morphology,abnormal 5t hfinger morphology,generated,active
abnormal 5th finger phalanx morphology,abnormal 5th finger phalanx morphoogy,generated,active
abnormal 5th finger phalanx morphology,abnormal 5t finger phalanx morphology,generated,active
abnormal 5th finger phalanx morphology,abnormal 5th finger phalanx morhpology,generated,active
abnormal 5th finger phalanx morphology,abnormal 5th finger halanx morphology,generated,active
abnormal 5th finger phalanx morphology,abnormal 5thf inger phalanx morphology,generated,active
abnormal 5th metacarpal morphology,abbnormal 5th metacarpal morphology,generated,active
abnormal 5th metacarpal morphology,abnormal 5th mmetacarpal morphology,generated,active
abnormal 5th metacarpal morphology,abnormal 5th metacrapal morphology,generated,active
abnormal 5th metacarpal morphology,abnormal 5th metaarpal morphology,generated,active
abnormal 5th metacarpal morphology,abnormal 5th metacarpal mophology,generated,active
abnormal 5th toe morphology,abnormal5 th toe morphology,generated,active
abnormal 5th toe morphology,abnormal 5th teo morphology,generated,active
abnormal 5th toe morphology,abnorma l5th toe morphology,generated,active
abnormal abdomen morphology,abbnormal abdomen morphology,generated,active
abnormal abdomen morphology,abnormal abdomeen morphology,generated,active
abnormal abdomen morphology,abnormal abdomenn morphology,generated,active
abnormal abdomen morphology,abnormal abdomin morphology,generated,active
abnormal abdomen morphology,abnorml abdomen morphology,generated,active
abnormal abdominal wall morphology,abnoormal abdominal wall morphology,generated,active
abnormal abdominal wall morphology,abnormal abdominal wll morphology,generated,active
abnormal abdominal wall morphology,abnormal abddominal wall morphology,generated,active
abnormal abducens nerve morphology,abnormal abducens nerve mrphology,generated,active
abnormal abducens nerve morphology,abnormal abducens nerve morphoolgy,generated,active
abnormal abducens nerve morphology,abnormal abdukens nerve morphology,generated,active
abnormal abducens nerve morphology,abnormal abducens nervee morphology,generated,active
abnormal abducens nerve morphology,ebnormal abducens nerve morphology,generated,active
abnormal abducens nerve morphology,abnormal abducens nervemorphology,generated,active
abnormal abeta 40 level,abnormal abeta 40  level,generated,active
abnormal abeta 40 level,abnormal abbeta 40 level,generated,active
abnormal abeta 40 level,abnormal abeta 04 level,generated,active
abnormal abeta 40 level,abnormal abeta 40 levell,generated,active
abnormal absence of menstruation,bnormal absence of menstruation,generated,active
abnormal absence of menstruation,abnormla absence of menstruation,generated,active
abnormal absence of menstruation,abnormal absence of mnestruation,generated,active
abnormal absence of menstruation,abnormal absence of mentsruation,generated,active
abnormal acetabulum morphology,abnormal acetaulum morphology,generated,active
abnormal acetabulum morphology,abnormal acetabulum moprhology,generated,active
abnormal acetabulum morphology,abnormal acetaabulum morphology,generated,active
abnormal acetabulum morphology,abnormal acetabulum orphology,generated,active
abnormal acetabulum morphology,ebnormal acetabulum morphology,generated,active
abnormal acetabulum morphology,abnormal acetabulum mophology,generated,active
abnormal achilles tendon morphology,abnurmal achilles tendon morphology,generated,active
abnormal achilles tendon morphology,abnormal achilles tendon morphologgy,generated,active
abnormal achilles tendon morphology,abnormal achilles tednon morphology,generated,active
abnormal achilles tendon morphology,abnormal achilles tenon morphology,generated,active
abnormal achilles tendon morphology,abnormal achilles teendon morphology,generated,active
abnormal achilles tendon morphology,abnormal ahilles tendon morphology,generated,active
abnormal adiponectin level,abnormal adiponetcin level,generated,active
abnormal adiponectin level,abnormall adiponectin level,generated,active
abnormal adiponectin level,abnormal aadiponectin level,generated,active
abnormal adiponectin level,abnomral adiponectin level,generated,active
abnormal adiponectin level,abnormmal adiponectin level,generated,active
abnormal adipose tissue morphology,abnormal adipose tissue morpholoyg,generated,active
abnormal adipose tissue morphology,abnormal aidpose tissue morphology,generated,active
abnormal adipose tissue morphology,anbormal adipose tissue morphology,generated,active
abnormal adipose tissue morphology,abnormal adipose issue morphology,generated,active
abnormal adrenal gland position,abnormal adrenl gland position,generated,active
abnormal adrenal gland position,abnomal adrenal gland position,generated,active
abnormal adrenal gland position,abnormal adreenal gland position,generated,active
abnormal adrenal gland position,abnormmal adrenal gland position,generated,active
abnormal adrenal gland position,abnormal adrenal gland positioon,generated,active
abnormal adrenal gland position,abnormal arenal gland position,generated,active
abnormal adrenal morphology,abnormal adrenalmorphology,generated,active
abnormal adrenal morphology,abnormal adrenal morphoogy,generated,active
abnormal adrenal morphology,abnormal adrenal mophology,generated,active
abnormal adrenal morphology,abnormal adrenal morhology,generated,active
abnormal adrenal morphology,abnormal adrenal morphologyy,generated,active
abnormal adrenal morphology,abnormla adrenal morphology,generated,active
abnormal affect,abnormal afect,generated,active
abnormal affect,abnoormal affect,generated,active
abnormal affect,abbnormal affect,generated,active
abnormal affect,abnormal affct,generated,active
abnormal affect,abonrmal affect,generated,active
abnormal affect,abnormal afefct,generated,active
abnormal affect regulation,abnormal affetc regulation,generated,active
abnormal affect regulation,abnormal affect reggulation,generated,active
abnormal affect regulation,abnormal affect regulateon,generated,active
abnormal affect regulation,abnormal affect reegulation,generated,active
abnormal affect regulation,aabnormal affect regulation,generated,active
abnormal albumin level,abnormall albumin level,generated,active
abnormal albumin level,abnormal albumn level,generated,active
abnormal albumin level,abnormal albummin level,generated,active
abnormal albumin level,abnormal albumin levle,generated,active
abnormal alcohol consumption,abnnormal alcohol consumption,generated,active
abnormal alcohol consumption,abnormal alcoho lconsumption,generated,active
abnormal alcohol consumption,abnormal alchol consumption,generated,active
abnormal alcohol consumption,abnoral alcohol consumption,generated,active
abnormal alcohol consumption,abnormal alchool consumption,generated,active
abnormal aldolase level,abnormal aldolasi level,generated,active
abnormal aldolase level,abnormal aldolase llevel,generated,active
abnormal aldolase level,abormal aldolase level,generated,active
abnormal aldolase level,abnormal adolase level,generated,active
abnormal alpha granule content,abnormal alpha granulee content,generated,active
abnormal alpha granule content,banormal alpha granule content,generated,active
abnormal alpha granule content,abnormal alph agranule content,generated,active
abnormal alpha granule content,abnormal alpha granule contnet,generated,active
abnormal alpha granule content,abnrmal alpha granule content,generated,active
abnormal alpha granule content,abnormal alpha granule  content,generated,active
abnormal alpha granule distribution,abnormal alpha grnaule distribution,generated,active
abnormal alpha granule distribution,abnormal alpha granule distibution,generated,active
abnormal alpha granule distribution,abnormal allpha granule distribution,generated,active
abnormal alpha granule distribution,bnormal alpha granule distribution,generated,active
abnormal alpha granules,abnomal alpha granules,generated,active
abnormal alpha granules,abnormal alpha graules,generated,active
abnormal alpha granules,abnormal lapha granules,generated,active
abnormal alpha granules,ebnormal alpha granules,generated,active
abnormal alpha granules,abnorma alpha granules,generated,active
abnormal alpha granules,abnormal alpha graunles,generated,active
abnormal alveolar macrophage morphology,abnormal aleolar macrophage morphology,generated,active
abnormal alveolar macrophage morphology,abnormla alveolar macrophage morphology,generated,active
abnormal alveolar macrophage morphology,abnormal alveolar macrophage mmorphology,generated,active
abnormal alveolar macrophage morphology,abnormal alveolra macrophage morphology,generated,active
abnormal alveolar macrophage morphology,abnormal alevolar macrophage morphology,generated,active
abnormal alveolar macrophage morphology,abnormal alveolar acrophage morphology,generated,active
abnormal alveolar ridge morphology,abnomal alveolar ridge morphology,generated,active
abnormal alveolar ridge morphology,abnorma lalveolar ridge morphology,generated,active
abnormal alveolar ridge morphology,abnormal alveolar ridge orphology,generated,active
abnormal alveolar ridge morphology,abnormal alveolar riidge morphology,generated,active
abnormal alveolar ridge morphology,abnormal alveolar ridge moorphology,generated,active
abnormal alveolar volume,abnormal alveoar volume,generated,active
abnormal alveolar volume,abnormal aalveolar volume,generated,active
abnormal alveolar volume,abnormal alveolar  volume,generated,active
abnormal alveolar volume,abnormal alveolar volum,generated,active
abnormal alveolar volume,abnormall alveolar volume,generated,active
abnormal amniotic fluid,abnormal amniotik fluid,generated,active
abnormal amniotic fluid,abnormal amniotc fluid,generated,active
abnormal amniotic fluid,abnormal amnioticf luid,generated,active
abnormal amniotic fluid,abnormal amnioic fluid,generated,active
abnormal amniotic fluid,abnormal amniotic  fluid,generated,active
abnormal amsler grid test,abnurmal amsler grid test,generated,active
abnormal amsler grid test,abnormal amsler grd test,generated,active
abnormal amsler grid test,banormal amsler grid test,generated,active
abnormal amsler grid test,abnoral amsler grid test,generated,active
abnormal amsler grid test,abnormal amsler gridtest,generated,active
abnormal amsler grid test,abnoraml amsler grid test,generated,active
abnormal amygdala morphology,abnormal amygdlaa morphology,generated,active
abnormal amygdala morphology,abonrmal amygdala morphology,generated,active
abnormal amygdala morphology,abnormal amygdala morpohlogy,generated,active
abnormal anatomic location of the heart,abnormal anatomic location of the  heart,generated,active
abnormal anatomic location of the heart,abnorml anatomic location of the heart,generated,active
abnormal anatomic location of the heart,banormal anatomic location of the heart,generated,active
abnormal anatomic location of the heart,abnormal anatomic llocation of the heart,generated,active
abnormal anatomic location of the heart,abnormal anatomiclocation of the heart,generated,active
abnormal ankle bones,abnoormal ankle bones,generated,active
abnormal ankle bones,abnormal nakle bones,generated,active
abnormal ankle bones,abnormal ankle bonees,generated,active
abnormal ankle bones,abnormal akle bones,generated,active
abnormal ankle bones,aabnormal ankle bones,generated,active
abnormal ankle bones,abnormal anklee bones,generated,active
abnormal ankle morphology,abnormal ankle morpholgoy,generated,active
abnormal ankle morphology,abnormal ankle morpholoogy,generated,active
abnormal ankle morphology,abnormal ankle morpphology,generated,active
abnormal ankle morphology,abnormal ankle morhpology,generated,active
abnormal ankle morphology,aabnormal ankle morphology,generated,active
abnormal ankle morphology,abnorrmal ankle morphology,generated,active
abnormal ankle physiology,abnormla ankle physiology,generated,active
abnormal ankle physiology,abnormal ankle physiolgy,generated,active
abnormal ankle physiology,abnormal akle physiology,generated,active
abnormal ankle physiology,abnormal ankle phyisology,generated,active
abnormal ankle physiology,abnormal anklep hysiology,generated,active
abnormal antehelix,abnoral antehelix,generated,active
abnormal antehelix,abnormal anteheelix,generated,active
abnormal antehelix,abnormal antehlix,generated,active
abnormal antehelix,anbormal antehelix,generated,active
abnormal antehelix,abonrmal antehelix,generated,active
abnormal anterior chamber morphology,abnomral anterior chamber morphology,generated,active
abnormal anterior chamber morphology,abnormal nterior chamber morphology,generated,active
abnormal anterior chamber morphology,abnormal anterior chamber morfology,generated,active
abnormal anterior chamber morphology,ebnormal anterior chamber morphology,generated,active
abnormal anterior chamber morphology,abnormal anteiror chamber morphology,generated,active
abnormal anterior eye segment morphology,abnormal anteror eye segment morphology,generated,active
abnormal anterior eye segment morphology,abnormal anterior eye semgent morphology,generated,active
abnormal anterior eye segment morphology,abnormal anterior eye segment morpohlogy,generated,active
abnormal anterior eye segment morphology,abnormal naterior eye segment morphology,generated,active
abnormal anterior eye segment morphology,abnormal antreior eye segment morphology,generated,active
abnormal anterior fontanelle morphology,abnormal anterior fontaelle morphology,generated,active
abnormal anterior fontanelle morphology,abnormal anterior fontaanelle morphology,generated,active
abnormal anterior fontanelle morphology,abnomal anterior fontanelle morphology,generated,active
abnormal anterior fontanelle morphology,abnormal anterior fontanelle morhology,generated,active
abnormal anterior fontanelle morphology,abnormal anterior fontaneelle morphology,generated,active
abnormal anterior fontanelle morphology,abnormal anterior fontanelle morpholgy,generated,active
abnormal anterior horn cell morphology,abnormal atnerior horn cell morphology,generated,active
abnormal anterior horn cell morphology,abnormal anterior orn cell morphology,generated,active
abnormal anterior horn cell morphology,abnormal anterio horn cell morphology,generated,active
abnormal anterior horn cell morphology,abnormal anterior horn cell mrophology,generated,active
abnormal anterior horn cell morphology,abnormal anterior ohrn cell morphology,generated,active
abnormal anterior segment morphology,bnormal anterior segment morphology,generated,active
abnormal anterior segment morphology,abnormal anterior segmentt morphology,generated,active
abnormal anterior segment morphology,abnormal anterior segmen morphology,generated,active
abnormal anterior segment morphology,abnormal anterrior segment morphology,generated,active
abnormal anterior segment morphology,abnormal anterior segmnt morphology,generated,active
abnormal anterior segment morphology,abnormal aterior segment morphology,generated,active
abnormal anthelix,abnormal aanthelix,generated,active
abnormal anthelix,abnormal anthelex,generated,active
abnormal anthelix,abnnormal anthelix,generated,active
abnormal anthelix,abnormala nthelix,generated,active
abnormal anthelix,abnurmal anthelix,generated,active
abnormal antihelix,abnormala ntihelix,generated,active
abnormal antihelix,abnorma antihelix,generated,active
abnormal antihelix,abnormal antihilix,generated,active
abnormal antihelix morphology,abnormal antihelix morpholoogy,generated,active
abnormal antihelix morphology,abormal antihelix morphology,generated,active
abnormal antihelix morphology,abnormal antihlix morphology,generated,active
abnormal antihelix morphology,bnormal antihelix morphology,generated,active
abnormal antihelix morphology,abnormal antihelix morphoology,generated,active
abnormal antimullerian hormone level,abnromal antimullerian hormone level,generated,active
abnormal antimullerian hormone level,abnormal antimullerian hormnoe level,generated,active
abnormal antimullerian hormone level,abnormalantimullerian hormone level,generated,active
abnormal antimullerian hormone level,abnormal antiumllerian hormone level,generated,active
abnormal antimullerian hormone level,abnormal antimullerian hormone leel,generated,active
abnormal antitragus morphology,abnormal anttiragus morphology,generated,active
abnormal antitragus morphology,abnormaal antitragus morphology,generated,active
abnormal antitragus morphology,abnormal antitragus morpology,generated,active
abnormal antitragus morphology,abnrmal antitragus morphology,generated,active
abnormal antitragus morphology,abnormal antitragus morphhology,generated,active
abnormal antral follicle count,abnormal antral follicle cunt,generated,active
abnormal antral follicle count,abnormal  antral follicle count,generated,active
abnormal antral follicle count,abnormal antral folliicle count,generated,active
abnormal antral follicle count,abnormal antral follile count,generated,active
abnormal antral follicle count,anbormal antral follicle count,generated,active
abnormal anus morphology,abnormal anus moprhology,generated,active
abnormal anus morphology,abnrmal anus morphology,generated,active
abnormal anus morphology,abnormal anus morphlogy,generated,active
abnormal anus morphology,abnormal anus morpholoyg,generated,active
abnormal anus morphology,abnormal anus mrphology,generated,active
abnormal anus physiology,abnormal ans physiology,generated,active
abnormal anus physiology,abnormal anus physoilogy,generated,active
abnormal anus physiology,abnormal anusphysiology,generated,active
abnormal anus physiology,abnomal anus physiology,generated,active
abnormal anus physiology,abnormal anus physiollogy,generated,active
abnormal anus physiology,abnormal anuus physiology,generated,active
abnormal anus position,abnnormal anus position,generated,active
abnormal anus position,abnrmal anus position,generated,active
abnormal anus position,abnormal anus posiiton,generated,active
abnormal anus position,abnomal anus position,generated,active
abnormal anus position,abnurmal anus position,generated,active
abnormal anus position,abnormal nus position,generated,active
abnormal aorta morphology,abnormal aora morphology,generated,active
abnormal aorta morphology,abnormal aorta omrphology,generated,active
abnormal aorta morphology,abnormal arota morphology,generated,active
abnormal aorta morphology,abnormal aorta morpholoyg,generated,active
abnormal aortic arch morphology,abnormall aortic arch morphology,generated,active
abnormal aortic arch morphology,abnormal ortic arch morphology,generated,active
abnormal aortic arch morphology,abnormal aortiic arch morphology,generated,active
abnormal aortic arch morphology,abnormal aortic arch morrphology,generated,active
abnormal aortic arch morphology,abnormal aortic arch orphology,generated,active
abnormal aortic arch morphology,bnormal aortic arch morphology,generated,active
abnormal aortic morphology,abnormal aortic mrophology,generated,active
abnormal aortic morphology,banormal aortic morphology,generated,active
abnormal aortic morphology,abnormal  aortic morphology,generated,active
abnormal aortic physiology,abnormal  aortic physiology,generated,active
abnormal aortic physiology,abnormal aortik physiology,generated,active
abnormal aortic physiology,abnomal aortic physiology,generated,active
abnormal aortic physiology,abnormal aotic physiology,generated,active
abnormal aortic physiology,abnormal aortic physilogy,generated,active
abnormal aortic valve cusp morphology,abnormal aortic valve cusp moorphology,generated,active
abnormal aortic valve cusp morphology,abonrmal aortic valve cusp morphology,generated,active
abnormal aortic valve cusp morphology,abnormal aortic valvecusp morphology,generated,active
abnormal aortic valve cusp morphology,abnormal aorti valve cusp morphology,generated,active
abnormal aortic valve cusp morphology,abnormal aorrtic valve cusp morphology,generated,active
abnormal aortic valve cusp morphology,abnormal aortic valve cusp morpholoy,generated,active
abnormal aortic valve morphology,abnormal aorrtic valve morphology,generated,active
abnormal aortic valve morphology,abnormal aorticv alve morphology,generated,active
abnormal aortic valve morphology,abnormal aortic valvve morphology,generated,active
abnormal aortic valve morphology,abnrmal aortic valve morphology,generated,active
abnormal aortic valve morphology,abnorml aortic valve morphology,generated,active
abnormal aortic valve physiology,abnormal aortic valve hpysiology,generated,active
abnormal aortic valve physiology,abonrmal aortic valve physiology,generated,active
abnormal aortic valve physiology,abnormal oartic valve physiology,generated,active
abnormal aortic valve physiology,abnormal aorticc valve physiology,generated,active
abnormal aortic valve physiology,abnormal aortic valve physiolog,generated,active
abnormal apolipoprotein level,abnormal apolipoprotein leve,generated,active
abnormal apolipoprotein level,abnormal apoliporotein level,generated,active
abnormal apolipoprotein level,abnormal apoipoprotein level,generated,active
abnormal apolipoprotein level,abnormal apolipoproteinn level,generated,active
abnormal apolipoprotein level,abnnormal apolipoprotein level,generated,active
abnormal apoptosis,abnoormal apoptosis,generated,active
abnormal apoptosis,bnormal apoptosis,generated,active
abnormal apoptosis,abnormmal apoptosis,generated,active
abnormal appendicular skeleton morphology,abnormal appendicular skeletn morphology,generated,active
abnormal appendicular skeleton morphology,abnormalappendicular skeleton morphology,generated,active
abnormal appendicular skeleton morphology,abnormal appendicular skeleon morphology,generated,active
abnormal appendicular skeleton morphology,abnormal appendicular skeleton mophology,generated,active
abnormal appendicular skeleton morphology,abnorma appendicular skeleton morphology,generated,active
abnormal arachnoid mater morphology,abnormal arachnoid mater morphollogy,generated,active
abnormal arachnoid mater morphology,abnormal arachnoid mater morphhology,generated,active
abnormal arachnoid mater morphology,abnorrmal arachnoid mater morphology,generated,active
abnormal arachnoid mater morphology,abnormal arachnoid mater moorphology,generated,active
abnormal arachnoid mater morphology,abnormal arachnoidm ater morphology,generated,active
abnormal arachnoid mater morphology,abnormal arahcnoid mater morphology,generated,active
abnormal arcuate artery lumen morphology,abnormal arcuat artery lumen morphology,generated,active
abnormal arcuate artery lumen morphology,abnormalarcuate artery lumen morphology,generated,active
abnormal arcuate artery lumen morphology,abnormal arcuate artery lmen morphology,generated,active
abnormal arcuate artery lumen morphology,abnormal arcuate artery lumen morpholoyg,generated,active
abnormal arcuate artery lumen morphology,abnormal arcuate artery lumen morfology,generated,active
abnormal arcuate artery morphology,abnnormal arcuate artery morphology,generated,active
abnormal arcuate artery morphology,abnormal arcuate artery morpholoyg,generated,active
abnormal arcuate artery morphology,banormal arcuate artery morphology,generated,active
abnormal arcuate artery morphology,abnormal arcuate  artery morphology,generated,active
abnormal arcuate vein lumen morphology,abnormal arrcuate vein lumen morphology,generated,active
abnormal arcuate vein lumen morphology,abnormal arcuate vein lmen morphology,generated,active
abnormal arcuate vein lumen morphology,abnrmal arcuate vein lumen morphology,generated,active
abnormal arcuate vein lumen morphology,abnormal arcuate vein lumen morphoogy,generated,active
abnormal arcuate vein lumen morphology,abnormal  arcuate vein lumen morphology,generated,active
abnormal arcuate vein morphology,abnormal arcaute vein morphology,generated,active
abnormal arcuate vein morphology,abnnormal arcuate vein morphology,generated,active
abnormal arcuate vein morphology,abnormal arcuate vein moorphology,generated,active
abnormal arcuate vein morphology,abnormal arcuate vein morphollogy,generated,active
abnormal arcuate vein morphology,abonrmal arcuate vein morphology,generated,active
abnormal areolar morphology,abnormal aeolar morphology,generated,active
abnormal areolar morphology,banormal areolar morphology,generated,active
abnormal areolar morphology,abnorma lareolar morphology,generated,active
abnormal areolar morphology,abnormal aerolar morphology,generated,active
abnormal areolar morphology,abnormal areolar morpphology,generated,active
abnormal areolar morphology,abnormal areolar morrphology,generated,active
abnormal arm span,abnormal arrm span,generated,active
abnormal arm span,abnromal arm span,generated,active
abnormal arm span,abnoormal arm span,generated,active
abnormal arm span,bnormal arm span,generated,active
abnormal arm span,abnormal arm spna,generated,active
abnormal aromatase activity,abnnormal aromatase activity,generated,active
abnormal aromatase activity,abnrmal aromatase activity,generated,active
abnormal aromatase activity,abnormal raomatase activity,generated,active
abnormal aromatase activity,abnormal aromataseactivity,generated,active
abnormal aromatase activity,abnormal aormatase activity,generated,active
abnormal aromatase activity,abnormal aromatase activvity,generated,active
abnormal arterial physiology,abnormal arterial physioogy,generated,active
abnormal arterial physiology,abnormal arterial physiolgy,generated,active
abnormal arterial physiology,abnomal arterial physiology,generated,active
abnormal arterial physiology,abnormmal arterial physiology,generated,active
abnormal arterial physiology,abnormal arterial phhysiology,generated,active
abnormal aryepiglottic fold morphology,abnormaal aryepiglottic fold morphology,generated,active
abnormal aryepiglottic fold morphology,abnormal aryepiglottic fold moorphology,generated,active
abnormal aryepiglottic fold morphology,abnormall aryepiglottic fold morphology,generated,active
abnormal aryepiglottic fold morphology,abnormal aryepiglottic  fold morphology,generated,active
abnormal aryepiglottic fold morphology,abnormal aryepiglottic fold morphollogy,generated,active
abnormal aryepiglottic fold morphology,abnormal aryepiglottic foldmorphology,generated,active
abnormal aryepiglottic folds,abnnormal aryepiglottic folds,generated,active
abnormal aryepiglottic folds,abnormal aryepigltotic folds,generated,active
abnormal aryepiglottic folds,abnormal aryepiglottik folds,generated,active
abnormal aryepiglottic folds,abnormal aryeipglottic folds,generated,active
abnormal aryepiglottic folds,abnormal aryepilottic folds,generated,active
abnormal ascending aorta morphology,abnormal ascending aorta morphologyy,generated,active
abnormal ascending aorta morphology,abnormal ascenidng aorta morphology,generated,active
abnormal ascending aorta morphology,abnormal ascennding aorta morphology,generated,active
abnormal ascending aorta morphology,abnormal asccending aorta morphology,generated,active
abnormal ascending aorta morphology,abnormal acending aorta morphology,generated,active
abnormal astrocyte morphology,anbormal astrocyte morphology,generated,active
abnormal astrocyte morphology,abnoormal astrocyte morphology,generated,active
abnormal astrocyte morphology,abnormal astrocyte morphhology,generated,active
abnormal astrocyte morphology,abnormal astrocytte morphology,generated,active
abnormal astrocyte morphology,abnormal satrocyte morphology,generated,active
abnormal astrocyte morphology,ebnormal astrocyte morphology,generated,active
abnormal atrial arrangement,abnormal atrial arrangeent,generated,active
abnormal atrial arrangement,abnormal atrrial arrangement,generated,active
abnormal atrial arrangement,abnorma latrial arrangement,generated,active
abnormal atrial arrangement,abnormal atriial arrangement,generated,active
abnormal atrial arrangement,abnormal atrial rrangement,generated,active
abnormal atrial arrangement,abnormal atrial arrangementt,generated,active
abnormal atrial septum morphology,abnormal atrial septummorphology,generated,active
abnormal atrial septum morphology,abnorml atrial septum morphology,generated,active
abnormal atrial septum morphology,abnormal atrail septum morphology,generated,active
abnormal atrial septum morphology,aabnormal atrial septum morphology,generated,active
abnormal atrial septum morphology,abnormal atrial septum moorphology,generated,active
abnormal atrial septum morphology,abnormal atrial septum morrphology,generated,active
abnormal atrioventricular conduction,abnorma latrioventricular conduction,generated,active
abnormal atrioventricular conduction,abnormal atrioventrricular conduction,generated,active
abnormal atrioventricular conduction,abnormal atrioventricuular conduction,generated,active
abnormal atrioventricular conduction,abnormal artioventricular conduction,generated,active
abnormal atrioventricular conduction,abnormal atrioventricluar conduction,generated,active
abnormal atrioventricular conduction,abnormal atriovnetricular conduction,generated,active
abnormal atrioventricular connection,abnormal atrioventriculra connection,generated,active
abnormal atrioventricular connection,abnormal atrioventrricular connection,generated,active
abnormal atrioventricular connection,abnorma latrioventricular connection,generated,active
abnormal atrioventricular connection,abnormaal atrioventricular connection,generated,active
abnormal atrioventricular connection,abnormal atriovenntricular connection,generated,active
abnormal atrioventricular connection,abnormal atioventricular connection,generated,active
abnormal atrioventricular connexion,abnormal atriovnetricular connexion,generated,active
abnormal atrioventricular connexion,abnormal atrioventricular  connexion,generated,active
abnormal atrioventricular connexion,abnormal aatrioventricular connexion,generated,active
abnormal atrioventricular connexion,abnomal atrioventricular connexion,generated,active
abnormal atrioventricular connexion,abnormal atrioventricular cnnexion,generated,active
abnormal atrioventricular connexion,abnormal atrioventricula connexion,generated,active
abnormal auditory canal morphology,abnormal auditory cannal morphology,generated,active
abnormal auditory canal morphology,abnormal auditory canla morphology,generated,active
abnormal auditory canal morphology,abnormal uaditory canal morphology,generated,active
abnormal auditory canal morphology,abnormal auditory caanal morphology,generated,active
abnormal auditory canal morphology,abnormal auditor ycanal morphology,generated,active
abnormal auditory canal morphology,abnormal auditory canal morphoology,generated,active
abnormal auditory evoked potentials,abnormal auditoy evoked potentials,generated,active
abnormal auditory evoked potentials,abnormal audtory evoked potentials,generated,active
abnormal auditory evoked potentials,abnnormal auditory evoked potentials,generated,active
abnormal auditory evoked potentials,abnormal aduitory evoked potentials,generated,active
abnormal auditory function study,abnormal auditory functionstudy,generated,active
abnormal auditory function study,abnrmal auditory function study,generated,active
abnormal auditory function study,abnormal aduitory function study,generated,active
abnormal auditory function study,abnormal auditoory function study,generated,active
abnormal auditory function study,abnormalauditory function study,generated,active
abnormal auditory function study,abnormall auditory function study,generated,active
abnormal auditory reflex,abnormal auditory rreflex,generated,active
abnormal auditory reflex,abnorma lauditory reflex,generated,active
abnormal auditory reflex,abnormla auditory reflex,generated,active
abnormal auditory reflex,abnormal audtory reflex,generated,active
abnormal auditory reflex,abnrmal auditory reflex,generated,active
abnormal auditory reflex,abnormal audditory reflex,generated,active
abnormal automated kinetic perimetry test,abnorma automated kinetic perimetry test,generated,active
abnormal automated kinetic perimetry test,abnormal automated kinetic erimetry test,generated,active
abnormal automated kinetic perimetry test,abnormal automatedkinetic perimetry test,generated,active
abnormal automated kinetic perimetry test,abnomal automated kinetic perimetry test,generated,active
abnormal automated kinetic perimetry test,abnormal automated knetic perimetry test,generated,active
abnormal axial muscle morphology,abormal axial muscle morphology,generated,active
abnormal axial muscle morphology,abnormal axial muscle morpology,generated,active
abnormal axial muscle morphology,abnurmal axial muscle morphology,generated,active
abnormal axial muscle morphology,abnormal axial muscle morphoology,generated,active
abnormal axial muscle morphology,abnormal axial muscle morpholog,generated,active
abnormal axial muscle morphology,abnormal axial musccle morphology,generated,active
abnormal axial skeleton morphology,abnormal axial skeeleton morphology,generated,active
abnormal axial skeleton morphology,abnorma axial skeleton morphology,generated,active
abnormal axial skeleton morphology,abnormal axial skeleton morphlogy,generated,active
abnormal axial skeleton morphology,abnormal axiall skeleton morphology,generated,active
abnormal axial skeleton morphology,abnormal axial skeletonmorphology,generated,active
abnormal axial skeleton morphology,abnormal axial skeleton mrophology,generated,active
abnormal b cell count,abormal b cell count,generated,active
abnormal b cell count,abnormal b ecll count,generated,active
abnormal b cell count,abnormal  cell count,generated,active
abnormal b cell count,abnormaal b cell count,generated,active
abnormal b cell count,abnormmal b cell count,generated,active
abnormal b cell count,abnormal b cell counnt,generated,active
abnormal b cell morphology,abnormal b  cell morphology,generated,active
abnormal b cell morphology,abnormal b cell morphologyy,generated,active
abnormal b cell morphology,abnorma b cell morphology,generated,active
abnormal b cell morphology,abnormal b cellm orphology,generated,active
abnormal b cell physiology,abnormmal b cell physiology,generated,active
abnormal b cell physiology,abnormal bb cell physiology,generated,active
abnormal b cell physiology,abnormal b ell physiology,generated,active
abnormal b cell physiology,abnormal b cell phhysiology,generated,active
abnormal b cell physiology,abnormal b cellp hysiology,generated,active
abnormal b cell physiology,bnormal b cell physiology,generated,active
abnormal b cell proliferation,abnormal b celll proliferation,generated,active
abnormal b cell proliferation,abnromal b cell proliferation,generated,active
abnormal b cell proliferation,bnormal b cell proliferation,generated,active
abnormal b cell proliferation,abnormal b cll proliferation,generated,active
abnormal b cell proliferation,anbormal b cell proliferation,generated,active
abnormal b cell subset distribution,abnormal bcell subset distribution,generated,active
abnormal b cell subset distribution,banormal b cell subset distribution,generated,active
abnormal b cell subset distribution,anormal b cell subset distribution,generated,active
abnormal b cell subset distribution,abnormal b cell subset distributon,generated,active
abnormal b cell subset distribution,abnormal b ecll subset distribution,generated,active
abnormal b cells,abnomal b cells,generated,active
abnormal b cells,abormal b cells,generated,active
abnormal b cells,abnoral b cells,generated,active
abnormal b cells,abnormal bcells,generated,active
abnormal b cells,abonrmal b cells,generated,active
abnormal b-type natriuretic peptide level,abnormal b-type natriuretic peptidelevel,generated,active
abnormal b-type natriuretic peptide level,abnormal -type natriuretic peptide level,generated,active
abnormal b-type natriuretic peptide level,abnormal b-type natriureticpeptide level,generated,active
abnormal basal ganglia morphology,abnormal baal ganglia morphology,generated,active
abnormal basal ganglia morphology,abnormal basal ganglia mophology,generated,active
abnormal basal ganglia morphology,abnormal basal agnglia morphology,generated,active
abnormal basal ganglia morphology,abnormal basal ganglia morphoology,generated,active
abnormal basal ganglia morphology,abnormal absal ganglia morphology,generated,active
abnormal base excess,abnormal  base excess,generated,active
abnormal base excess,abnormaal base excess,generated,active
abnormal base excess,abnormal baes excess,generated,active
abnormal base excess,abnorml base excess,generated,active
abnormal basophil morphology,abnormal basophil morphoogy,generated,active
abnormal basophil morphology,abnormal basofil morphology,generated,active
abnormal basophil morphology,abnormal basophil morphloogy,generated,active
abnormal basophil morphology,abnormal basophil morhology,generated,active
abnormal beliefs,abnnormal beliefs,generated,active
abnormal beliefs,abnurmal beliefs,generated,active
abnormal beliefs,abnormal beilefs,generated,active
abnormal belly button,abnormal belly bbutton,generated,active
abnormal belly button,abnormal belly utton,generated,active
abnormal belly button,abnormal eblly button,generated,active
abnormal beta amyloid 40 level,abnormalb eta amyloid 40 level,generated,active
abnormal beta amyloid 40 level,abnormalbeta amyloid 40 level,generated,active
abnormal beta amyloid 40 level,abnorrmal beta amyloid 40 level,generated,active
abnormal beta amyloid 40 level,abnormal beta amylooid 40 level,generated,active
abnormal big toe bones,anbormal big toe bones,generated,active
abnormal big toe bones,abnormmal big toe bones,generated,active
abnormal big toe bones,abnormal big toe boens,generated,active
abnormal big toe bones,abnormal big toe bonse,generated,active
abnormal biliary tract morphology,abnormal biliary tract moorphology,generated,active
abnormal biliary tract morphology,abnormal biliary tract morrphology,generated,active
abnormal biliary tract morphology,abnoormal biliary tract morphology,generated,active
abnormal biliary tract morphology,abnormal biliary trct morphology,generated,active
abnormal biliary tract morphology,abnormal biliary trac morphology,generated,active
abnormal biliary tract physiology,abnormal biliary tract fysiology,generated,active
abnormal biliary tract physiology,ebnormal biliary tract physiology,generated,active
abnormal biliary tract physiology,abnormal biliary  tract physiology,generated,active
abnormal biliary tract physiology,abnoormal biliary tract physiology,generated,active
abnormal biliary tract physiology,abnormal biliarry tract physiology,generated,active
abnormal biliary tract physiology,abnormal beliary tract physiology,generated,active
abnormal biotinidase level,abnormal botinidase level,generated,active
abnormal biotinidase level,anbormal biotinidase level,generated,active
abnormal biotinidase level,abnormal biotnidase level,generated,active
abnormal biotinidase level,abnormal biotiinidase level,generated,active
abnormal biotinidase level,abnormmal biotinidase level,generated,active
abnormal biparietal diameter,abnormal biparietal diameer,generated,active
abnormal biparietal diameter,abnormal biparietal diamter,generated,active
abnormal biparietal diameter,abnormalbiparietal diameter,generated,active
abnormal biparietal diameter,abnormal biiparietal diameter,generated,active
abnormal biparietal diameter,abnorma biparietal diameter,generated,active
abnormal biparietal diameter,abnormal biparietal diiameter,generated,active
abnormal bladder morphology,abnormal bladder mrphology,generated,active
abnormal bladder morphology,abnormal bladderm orphology,generated,active
abnormal bladder morphology,abnormal bladdir morphology,generated,active
abnormal bladder morphology,abonrmal bladder morphology,generated,active
abnormal bladder morphology,abnormal blladder morphology,generated,active
abnormal bleeding,abnormal beleding,generated,active
abnormal bleeding,abnormal leeding,generated,active
abnormal bleeding,abnormalb leeding,generated,active
abnormal bleeding,abnormmal bleeding,generated,active
abnormal blink rate,abnormal blink ate,generated,active
abnormal blink rate,abnormal blink rte,generated,active
abnormal blink rate,abnormmal blink rate,generated,active
abnormal blink rate,abnoormal blink rate,generated,active
abnormal blink rate,abnurmal blink rate,generated,active
abnormal blistering of the skin,abnormal blisstering of the skin,generated,active
abnormal blistering of the skin,abnormal blistering f the skin,generated,active
abnormal blistering of the skin,abnormaal blistering of the skin,generated,active
abnormal blistering of the skin,abnrmal blistering of the skin,generated,active
abnormal blistering of the skin,abnormal blisteing of the skin,generated,active
abnormal blistering of the skin,abnormal blistering of thhe skin,generated,active
abnormal blood calcium concentration,abnomral blood calcium concentration,generated,active
abnormal blood calcium concentration,abnormal blood calciumconcentration,generated,active
abnormal blood calcium concentration,abnormal blood cacium concentration,generated,active
abnormal blood calcium concentration,abnormal blood calcium concenration,generated,active
abnormal blood calcium concentration,abnnormal blood calcium concentration,generated,active
abnormal blood calcium levels,abnormal bloood calcium levels,generated,active
abnormal blood calcium levels,abnormal blood calciumm levels,generated,active
abnormal blood calcium levels,abnrmal blood calcium levels,generated,active
abnormal blood calcium levels,abnormal bloodcalcium levels,generated,active
abnormal blood calcium levels,abnormal blood calcium leevls,generated,active
abnormal blood carbon dioxide level,abnormal blood carbon dioxide elvel,generated,active
abnormal blood carbon dioxide level,abnorml blood carbon dioxide level,generated,active
abnormal blood carbon dioxide level,abnormal blood carbon dioxidi level,generated,active
abnormal blood carbon dioxide level,abnormal blood carbonn dioxide level,generated,active
abnormal blood carbon dioxide level,abnormal blood carbon dioxide levell,generated,active
abnormal blood carbon dioxide level,abnormal blood carbon dioxide evel,generated,active
abnormal blood cation concentration,abnormal blood catin concentration,generated,active
abnormal blood cation concentration,abnormal blood cation conccentration,generated,active
abnormal blood cation concentration,abnormal blood cation concentrationn,generated,active
abnormal blood cation concentration,abnormal blood caiton concentration,generated,active
abnormal blood cation concentration,abnormal bblood cation concentration,generated,active
abnormal blood chloride concentration,abnormal blood chlorideconcentration,generated,active
abnormal blood chloride concentration,abnormal blodo chloride concentration,generated,active
abnormal blood chloride concentration,abnormal blood chloride  concentration,generated,active
abnormal blood chloride concentration,abnormal blood chloride concentrtion,generated,active
abnormal blood chloride concentration,abnormal blood hloride concentration,generated,active
abnormal blood chloride concentration,abnormal bolod chloride concentration,generated,active
abnormal blood cl concentration,abnormalb lood cl concentration,generated,active
abnormal blood cl concentration,abnormal blood cl concentrateon,generated,active
abnormal blood cl concentration,abnormal bolod cl concentration,generated,active
abnormal blood cl concentration,abnormal blood cl  concentration,generated,active
abnormal blood cl concentration,abnormal blood cl concenntration,generated,active
abnormal blood cl concentration,abnormal blood l concentration,generated,active
abnormal blood clot,banormal blood clot,generated,active
abnormal blood clot,abnormal bloodd clot,generated,active
abnormal blood clot,abnormal blood colt,generated,active
abnormal blood clot,abnormaal blood clot,generated,active
abnormal blood clotting,abnromal blood clotting,generated,active
abnormal blood clotting,abnormal blood clottign,generated,active
abnormal blood clotting,abnormal blodo clotting,generated,active
abnormal blood clotting,abbnormal blood clotting,generated,active
abnormal blood clotting,abnormal blood clootting,generated,active
abnormal blood coagulation studies,abnormal bloood coagulation studies,generated,active
abnormal blood coagulation studies,abnormal blood coagulation studis,generated,active
abnormal blood coagulation studies,abnormal blood coagulation studiess,generated,active
abnormal blood coagulation studies,abnormal blood coagultion studies,generated,active
abnormal blood coagulation studies,abnormal blood coagulateon studies,generated,active
abnormal blood coagulation studies,abnormal blood coagulation  studies,generated,active
abnormal blood creatinine level,abnormal blood creatinin elevel,generated,active
abnormal blood creatinine level,abnromal blood creatinine level,generated,active
abnormal blood creatinine level,abnormal lood creatinine level,generated,active
abnormal blood creatinine level,abnoormal blood creatinine level,generated,active
abnormal blood creatinine level,abnormal blood creatinnine level,generated,active
abnormal blood folate concentration,abnormal blood folate concenration,generated,active
abnormal blood folate concentration,abnormal blood folate concenntration,generated,active
abnormal blood folate concentration,abnormal blood folate cncentration,generated,active
abnormal blood folate concentration,abnormal  blood folate concentration,generated,active
abnormal blood folate concentration,abnormal blood folate oncentration,generated,active
abnormal blood gas level in cord blood,abnormal blood gas elvel in cord blood,generated,active
abnormal blood gas level in cord blood,abnormal blood gas level in cor dblood,generated,active
abnormal blood gas level in cord blood,abnormal blood gaas level in cord blood,generated,active
abnormal blood gas level in cord blood,abnormal blood gas level in crod blood,generated,active
abnormal blood gas level in cord blood,abnormal blood gas level in cord lbood,generated,active
abnormal blood gas level in cord blood,abnormal blood gas leveli n cord blood,generated,active
abnormal blood glucose concentration,abnormal bloo glucose concentration,generated,active
abnormal blood glucose concentration,abnormal blood glcuose concentration,generated,active
abnormal blood glucose concentration,abnormal blood gglucose concentration,generated,active
abnormal blood glucose concentration,abnromal blood glucose concentration,generated,active
abnormal blood glucose concentration,banormal blood glucose concentration,generated,active
abnormal blood glucose concentration,abnormal blood glucose concentratino,generated,active
abnormal blood ion concentration,abnorma blood ion concentration,generated,active
abnormal blood ion concentration,abnormal blood ion concentrattion,generated,active
abnormal blood ion concentration,anormal blood ion concentration,generated,active
abnormal blood ion concentration,abnormal blod ion concentration,generated,active
abnormal blood ion concentration,abnormal blood iion concentration,generated,active
abnormal blood k concentration,abnormal lood k concentration,generated,active
abnormal blood k concentration,abnromal blood k concentration,generated,active
abnormal blood k concentration,abnormal blood k concenration,generated,active
abnormal blood k concentration,abnormal blood k concentrateon,generated,active
abnormal blood k concentration,abnormal blood k concentratoin,generated,active
abnormal blood na+ levels,abnormalb lood na+ levels,generated,active
abnormal blood na+ levels,abnormal blood na+ leevls,generated,active
abnormal blood na+ levels,abnoormal blood na+ levels,generated,active
abnormal blood na+ levels,abnorrmal blood na+ levels,generated,active
abnormal blood na+ levels,abnormal lbood na+ levels,generated,active
abnormal blood na+ levels,abnormal blood n+a levels,generated,active
abnormal blood o2 level,abnorrmal blood o2 level,generated,active
abnormal blood o2 level,abnoraml blood o2 level,generated,active
abnormal blood o2 level,abnormal bloood o2 level,generated,active
abnormal blood o2 level,abnormal bllood o2 level,generated,active
abnormal blood o2 level,abnormal bolod o2 level,generated,active
abnormal blood oxygen level,abnoraml blood oxygen level,generated,active
abnormal blood oxygen level,abnormal lbood oxygen level,generated,active
abnormal blood oxygen level,abbnormal blood oxygen level,generated,active
abnormal blood oxygen level,abnormalblood oxygen level,generated,active
abnormal blood oxygen levels,abnormaal blood oxygen levels,generated,active
abnormal blood oxygen levels,abnormal blood oxygen llevels,generated,active
abnormal blood oxygen levels,abnormal blood xygen levels,generated,active
abnormal blood oxygen levels,abnurmal blood oxygen levels,generated,active
abnormal blood oxygen levels,abnormal bblood oxygen levels,generated,active
abnormal blood phosphate concentration,abnormal blood phosphateconcentration,generated,active
abnormal blood phosphate concentration,abnormal blod phosphate concentration,generated,active
abnormal blood phosphate concentration,abnurmal blood phosphate concentration,generated,active
abnormal blood phosphate concentration,abnrmal blood phosphate concentration,generated,active
abnormal blood potassium concentration,ebnormal blood potassium concentration,generated,active
abnormal blood potassium concentration,abnormal blood potassium ocncentration,generated,active
abnormal blood potassium concentration,abnorma lblood potassium concentration,generated,active
abnormal blood potassium concentration,banormal blood potassium concentration,generated,active
abnormal blood potassium concentration,abnormal blood potassium concentrtion,generated,active
abnormal blood sodium concentration,abnormal blood sodiium concentration,generated,active
abnormal blood sodium concentration,abnormalb lood sodium concentration,generated,active
abnormal blood sodium concentration,abnormal blood sodium  concentration,generated,active
abnormal blood sodium concentration,abnormal blood sodium conentration,generated,active
abnormal blood sodium concentration,abnormal blood sodium cncentration,generated,active
abnormal blood vessel morphology,abnormal blood vesel morphology,generated,active
abnormal blood vessel morphology,abnormal blood vessel morpholoy,generated,active
abnormal blood vessel morphology,abbnormal blood vessel morphology,generated,active
abnormal blood vessel morphology,abnorml blood vessel morphology,generated,active
abnormal blood vessel morphology,abnormal blood vessel morpholoogy,generated,active
abnormal blood vessel morphology,abnormal bloo vessel morphology,generated,active
abnormal blood zinc concentration,abnorrmal blood zinc concentration,generated,active
abnormal blood zinc concentration,abnormal blood ziinc concentration,generated,active
abnormal blood zinc concentration,abnormal blood  zinc concentration,generated,active
abnormal blood zinc concentration,abnormal blood zin concentration,generated,active
abnormal blood zinc concentration,abnormal blood zinc concetnration,generated,active
abnormal blood-gas level,abnormal blood-gas lvel,generated,active
abnormal blood-gas level,abnormal blood-gasl evel,generated,active
abnormal blood-gas level,abnormal bloo-gas level,generated,active
abnormal blood-gas level,abnoral blood-gas level,generated,active
abnormal bmi,banormal bmi,generated,active
abnormal bmi,abnormal bmmi,generated,active
abnormal bmi,abnormall bmi,generated,active
abnormal body mass index,abnoormal body mass index,generated,active
abnormal body mass index,abnnormal body mass index,generated,active
abnormal body mass index,abnormal bodyy mass index,generated,active
abnormal body mass index,abnormal boy mass index,generated,active
abnormal bone collagen fibril morphology,abnormal one collagen fibril morphology,generated,active
abnormal bone collagen fibril morphology,abnormal bne collagen fibril morphology,generated,active
abnormal bone collagen fibril morphology,abnormal bone collagen ibril morphology,generated,active
abnormal bone marrow cell morphology,abnormal bone marrow cellmorphology,generated,active
abnormal bone marrow cell morphology,abnormal bone marrow cel lmorphology,generated,active
abnormal bone marrow cell morphology,abnormal bone marrow cell morphoology,generated,active
abnormal bone marrow cell morphology,abnormal bone marrow cell morpohlogy,generated,active
abnormal bone marrow cell morphology,abnormal bone marrw cell morphology,generated,active
abnormal bone maturation of vertebra,abnormal bone maturatin of vertebra,generated,active
abnormal bone maturation of vertebra,abnormal boni maturation of vertebra,generated,active
abnormal bone maturation of vertebra,abnormal bonne maturation of vertebra,generated,active
abnormal bone maturation of vertebra,abonrmal bone maturation of vertebra,generated,active
abnormal bone maturation of vertebra,abnormal bone maturatio nof vertebra,generated,active
abnormal bone maturation of vertebra,abbnormal bone maturation of vertebra,generated,active
abnormal bone ossification,abnormal bone ossiffication,generated,active
abnormal bone ossification,abnormal bne ossification,generated,active
abnormal bone ossification,abnormal bone ossiphication,generated,active
abnormal bone ossification,abnromal bone ossification,generated,active
abnormal bone structure,abnormal boone structure,generated,active
abnormal bone structure,abnormmal bone structure,generated,active
abnormal bone structure,abnormal bone structurre,generated,active
abnormal bone structure,abnrmal bone structure,generated,active
abnormal bone structure,abnormal bonestructure,generated,active
abnormal bones of 4th finger,abnormal bones of 4th figer,generated,active
abnormal bones of 4th finger,abnoormal bones of 4th finger,generated,active
abnormal bones of 4th finger,abnormal bonse of 4th finger,generated,active
abnormal bones of 4th finger,abnormal obnes of 4th finger,generated,active
abnormal bones of 4th finger,abnormla bones of 4th finger,generated,active
abnormal bowel sounds,abbnormal bowel sounds,generated,active
abnormal bowel sounds,abnomral bowel sounds,generated,active
abnormal bowel sounds,abnorma lbowel sounds,generated,active
abnormal bowel sounds,abnormal obwel sounds,generated,active
abnormal bowman capsule morphology,abnormal bomwan capsule morphology,generated,active
abnormal bowman capsule morphology,abnormal bowman apsule morphology,generated,active
abnormal bowman capsule morphology,abnormal bowman capule morphology,generated,active
abnormal bowman capsule morphology,abnormal bowan capsule morphology,generated,active
abnormal bowman capsule morphology,abnormal bowman capsulee morphology,generated,active
abnormal bowman space morphology,abbnormal bowman space morphology,generated,active
abnormal bowman space morphology,abnormal bowmaan space morphology,generated,active
abnormal bowman space morphology,abnormal bowman space morphhology,generated,active
abnormal bowman space morphology,abnorma lbowman space morphology,generated,active
abnormal bowman space morphology,abnormal bowman space morpholgy,generated,active
abnormal bowman space morphology,abnromal bowman space morphology,generated,active
abnormal bpd,abnormal pbd,generated,active
abnormal bpd,abnorma bpd,generated,active
abnormal bpd,abnormal bbpd,generated,active
abnormal bpd,abnormal bpdd,generated,active
abnormal bpd,anbormal bpd,generated,active
abnormal brain choline level by mrs,abnormal brain choline level by mmrs,generated,active
abnormal brain choline level by mrs,abnormal brain chline level by mrs,generated,active
abnormal brain choline level by mrs,abormal brain choline level by mrs,generated,active
abnormal brain choline level by mrs,abnorrmal brain choline level by mrs,generated,active
abnormal brain choline level by mrs,abnormal brain choline level by ms,generated,active
abnormal brain choline level by mrs,abnormal brain hcoline level by mrs,generated,active
abnormal brain creatine level by mrs,abonrmal brain creatine level by mrs,generated,active
abnormal brain creatine level by mrs,abnormal brain creatine lvel by mrs,generated,active
abnormal brain creatine level by mrs,abnormalb rain creatine level by mrs,generated,active
abnormal brain creatine level by mrs,abnrmal brain creatine level by mrs,generated,active
abnormal brain creatine level by mrs,abnormal brain creatine level by  mrs,generated,active
abnormal brain creatine level by mrs,abnormal brain creatine levl by mrs,generated,active
abnormal brain fdg pet scan,abnormaal brain fdg pet scan,generated,active
abnormal brain fdg pet scan,abnormal brain fddg pet scan,generated,active
abnormal brain fdg pet scan,abnormal brain fdg pet scann,generated,active
abnormal brain fdg pet scan,abormal brain fdg pet scan,generated,active
abnormal brain glutamine level by mrs,abnormal brain glutamine level bby mrs,generated,active
abnormal brain glutamine level by mrs,abnormal brain glutmaine level by mrs,generated,active
abnormal brain glutamine level by mrs,abnormal braen glutamine level by mrs,generated,active
abnormal brain glutamine level by mrs,abnormal bain glutamine level by mrs,generated,active
abnormal brain glutamine level by mrs,abnorrmal brain glutamine level by mrs,generated,active
abnormal brain glutamine level by mrs,abnormal brain glutamine level by ms,generated,active
abnormal brain imaging,abnorrmal brain imaging,generated,active
abnormal brain imaging,abnormaal brain imaging,generated,active
abnormal brain imaging,abnoral brain imaging,generated,active
abnormal brain imaging,abnormal brain imagig,generated,active
abnormal brain imaging,abnormal brain imagingg,generated,active
abnormal brain lactate level by mrs,abnormal brain lactte level by mrs,generated,active
abnormal brain lactate level by mrs,abnormal brain lactate levelby mrs,generated,active
abnormal brain lactate level by mrs,abnormal brain lactatelevel by mrs,generated,active
abnormal brain lactate level by mrs,abnnormal brain lactate level by mrs,generated,active
abnormal brain lactate level by mrs,abonrmal brain lactate level by mrs,generated,active
abnormal brain lactate level by mrs,abnormal brain lactate levle by mrs,generated,active
abnormal brain morphology,abnormal brain morphoology,generated,active
abnormal brain morphology,abnormal brain morpohlogy,generated,active
abnormal brain morphology,abnormal brain morpholgoy,generated,active
abnormal brain morphology,abnormal brain morphologgy,generated,active
abnormal brain morphology,anbormal brain morphology,generated,active
abnormal brain pet scan,abnormal barin pet scan,generated,active
abnormal brain pet scan,abnormal rain pet scan,generated,active
abnormal brain pet scan,abnormal brain pet skan,generated,active
abnormal brain scan,abnormal brain sacn,generated,active
abnormal brain scan,abnromal brain scan,generated,active
abnormal brain scan,abnorma brain scan,generated,active
abnormal brain scan,bnormal brain scan,generated,active
abnormal brain scan,abnormal brain  scan,generated,active
abnormal brain-evoked potentials,abnormal rain-evoked potentials,generated,active
abnormal brain-evoked potentials,abnormal brain-evked potentials,generated,active
abnormal brain-evoked potentials,abnormall brain-evoked potentials,generated,active
abnormal brain-evoked potentials,abnormal brain-evoed potentials,generated,active
abnormal brain-evoked potentials,abnormal brain-evoked potentals,generated,active
abnormal brain-evoked potentials,abnormal brai-nevoked potentials,generated,active
abnormal brainstem morphology,abnormal brainstemm morphology,generated,active
abnormal brainstem morphology,abnorma lbrainstem morphology,generated,active
abnormal brainstem morphology,abnormal bainstem morphology,generated,active
abnormal brainstem morphology,abnrmal brainstem morphology,generated,active
abnormal brainstem morphology,abnormal brainstemm orphology,generated,active
abnormal brainstem mri signal intensity,abnormall brainstem mri signal intensity,generated,active
abnormal brainstem mri signal intensity,abnormal brainnstem mri signal intensity,generated,active
abnormal brainstem mri signal intensity,abnormal brainstem mri signl intensity,generated,active
abnormal brainstem mri signal intensity,abnormal brainstme mri signal intensity,generated,active
abnormal brainstem mri signal intensity,abnromal brainstem mri signal intensity,generated,active
abnormal breast morphology,abnormal brast morphology,generated,active
abnormal breast morphology,abnormal berast morphology,generated,active
abnormal breast morphology,abnormal breast moprhology,generated,active
abnormal breast morphology,abnormal breastt morphology,generated,active
abnormal breast morphology,abnormal breast morpholoy,generated,active
abnormal breast physiology,abnormal breast physiollogy,generated,active
abnormal breast physiology,abnormal breats physiology,generated,active
abnormal breast physiology,abnormmal breast physiology,generated,active
abnormal breast physiology,abnormal breast physiologgy,generated,active
abnormal breath sound,abnormal breath soound,generated,active
abnormal breath sound,abnormal breaath sound,generated,active
abnormal breath sound,bnormal breath sound,generated,active
abnormal breath sound,anbormal breath sound,generated,active
abnormal breath sound,abnormal bbreath sound,generated,active
abnormal breathing,abnormal breathnig,generated,active
abnormal breathing,abnormal briathing,generated,active
abnormal breathing,abnorma breathing,generated,active
abnormal breathing,abnormal breathinng,generated,active
abnormal bronchial artery morphology,abnormall bronchial artery morphology,generated,active
abnormal bronchial artery morphology,abnormal bronchial rtery morphology,generated,active
abnormal bronchial artery morphology,abnormal bronchial  artery morphology,generated,active
abnormal bronchial artery morphology,abnormal bronnchial artery morphology,generated,active
abnormal bronchial artery morphology,abnormal bronchial atery morphology,generated,active
abnormal bronchial artery morphology,abnormal bronchial artery morphologgy,generated,active
abnormal bronchus morphology,abnormal bronchus morphoogy,generated,active
abnormal bronchus morphology,abnormal bronchus mrphology,generated,active
abnormal bronchus morphology,abnormal broonchus morphology,generated,active
abnormal bronchus morphology,abnormall bronchus morphology,generated,active
abnormal bronchus morphology,abnormal bronchus morphloogy,generated,active
abnormal bronchus morphology,aabnormal bronchus morphology,generated,active
abnormal bronchus physiology,abnoral bronchus physiology,generated,active
abnormal bronchus physiology,abnormal bronchus physsiology,generated,active
abnormal bronchus physiology,abnormal bronchus physioloyg,generated,active
abnormal bronchus physiology,abnormal bronchus phsiology,generated,active
abnormal bronchus physiology,abnormal rbonchus physiology,generated,active
abnormal buccal fat pad morphology,abnormal bucca lfat pad morphology,generated,active
abnormal buccal fat pad morphology,abnormal buccalfat pad morphology,generated,active
abnormal buccal fat pad morphology,abnormal buccal fat pad omrphology,generated,active
abnormal buccal fat pad morphology,abnormal buccal fat pad morrphology,generated,active
abnormal buccal fat pad morphology,abnromal buccal fat pad morphology,generated,active
abnormal buccal fat pad morphology,abnormall buccal fat pad morphology,generated,active
abnormal buccal mucosa cell morphology,abnormal buccal mucosa cell morrphology,generated,active
abnormal buccal mucosa cell morphology,abnormal buccal mucosa cellmorphology,generated,active
abnormal buccal mucosa cell morphology,abnormal buccal mucosa cell morpholoyg,generated,active
abnormal buccal mucosa cell morphology,abnormal buccal mucosa cell morpology,generated,active
abnormal buccal mucosa cell morphology,abnormal buccal mucosa cell mrphology,generated,active
abnormal buccal mucosa cell morphology,abnormal buccalm ucosa cell morphology,generated,active
abnormal buccal mucosa morphology,anormal buccal mucosa morphology,generated,active
abnormal buccal mucosa morphology,abnormal buccal mucosa morhpology,generated,active
abnormal buccal mucosa morphology,abnormal buccla mucosa morphology,generated,active
abnormal buccal mucosa morphology,abnormal buccal mucosa mrophology,generated,active
abnormal buccal mucosa morphology,abnoral buccal mucosa morphology,generated,active
abnormal bulbus cordis morphology,abnormal bulbus cordis morphlogy,generated,active
abnormal bulbus cordis morphology,abnormal bulbus cordis morpphology,generated,active
abnormal bulbus cordis morphology,abnormal bulbus cordis morphoogy,generated,active
abnormal bulbus cordis morphology,abnormal bulbus ocrdis morphology,generated,active
abnormal bun concentration,abnormal bunc oncentration,generated,active
abnormal bun concentration,abnormal bun concentartion,generated,active
abnormal bun concentration,abnormal bun concentratin,generated,active
abnormal bun concentration,abnormal bun koncentration,generated,active
abnormal bursal fluid morphology,abnorma bursal fluid morphology,generated,active
abnormal bursal fluid morphology,abnormal bursal fluid omrphology,generated,active
abnormal bursal fluid morphology,abnormal bursal lfuid morphology,generated,active
abnormal bursal fluid morphology,abnormal bursal luid morphology,generated,active
abnormal bursal fluid morphology,abnormal bursal fluid mrphology,generated,active
abnormal c peptide level,abnormal c peptidee level,generated,active
abnormal c peptide level,abnormal c peptide llevel,generated,active
abnormal c peptide level,abnormal c pptide level,generated,active
abnormal c peptide level,abnorma lc peptide level,generated,active
abnormal c peptide level,abnromal c peptide level,generated,active
abnormal c-reactive protein level,abnormal c-reeactive protein level,generated,active
abnormal c-reactive protein level,abnormla c-reactive protein level,generated,active
abnormal c-reactive protein level,abnormal c-reactive proteein level,generated,active
abnormal c-reactive protein level,abnormal c-reactive protein elvel,generated,active
abnormal c-reactive protein level,abnormal -creactive protein level,generated,active
abnormal ca-phos regulating hormone level,abnorma ca-phos regulating hormone level,generated,active
abnormal ca-phos regulating hormone level,abnormal ca-phos regulating hormon level,generated,active
abnormal ca-phos regulating hormone level,abnormal ca-phos regulating hormonelevel,generated,active
abnormal ca-phos regulating hormone level,abnorml ca-phos regulating hormone level,generated,active
abnormal ca-phos regulating hormone level,abnormal ca-phos regulating hormone leve,generated,active
abnormal caecum morphology,abnrmal caecum morphology,generated,active
abnormal caecum morphology,abnormaal caecum morphology,generated,active
abnormal caecum morphology,abnormal caeecum morphology,generated,active
abnormal caecum morphology,abnormal caecum morhology,generated,active
abnormal calcification of the wrist bones,abnormal calcification of th wrist bones,generated,active
abnormal calcification of the wrist bones,abnormal calcificaton of the wrist bones,generated,active
abnormal calcification of the wrist bones,abnormal calcificaion of the wrist bones,generated,active
abnormal calcification of the wrist bones,abnormal calcification of the wrist boes,generated,active
abnormal calf muscles,abnormalcalf muscles,generated,active
abnormal calf muscles,abnorml calf muscles,generated,active
abnormal calf muscles,aabnormal calf muscles,generated,active
abnormal calf muscles,abnoraml calf muscles,generated,active
abnormal calf muscles,abnormalc alf muscles,generated,active
abnormal calf muscles,abnormal ccalf muscles,generated,active
abnormal calf musculature morphology,abnormal calf usculature morphology,generated,active
abnormal calf musculature morphology,abnormal calf musculature moorphology,generated,active
abnormal calf musculature morphology,abnormal calf musculature morpholgy,generated,active
abnormal calf musculature morphology,ebnormal calf musculature morphology,generated,active
abnormal calf musculature morphology,abnormal calf musculature morpholoogy,generated,active
abnormal calf musculature morphology,abbnormal calf musculature morphology,generated,active
abnormal calvaria morphology,abnormal calvaria morpholog,generated,active
abnormal calvaria morphology,abormal calvaria morphology,generated,active
abnormal calvaria morphology,abonrmal calvaria morphology,generated,active
abnormal calvaria morphology,abnormal cavlaria morphology,generated,active
abnormal calvaria morphology,abnormal calvaira morphology,generated,active
abnormal capillary morphology,abnormal capillary morphoology,generated,active
abnormal capillary morphology,abnormal capillay morphology,generated,active
abnormal capillary morphology,abnormal capillary morpholoyg,generated,active
abnormal capillary morphology,abnormal capillary morpology,generated,active
abnormal capillary morphology,abnormall capillary morphology,generated,active
abnormal capillary physiology,abnormal cpillary physiology,generated,active
abnormal capillary physiology,abnoraml capillary physiology,generated,active
abnormal capillary physiology,abnormal capillar physiology,generated,active
abnormal capillary physiology,abnormal capillaryy physiology,generated,active
abnormal capillary physiology,abnormal capellary physiology,generated,active
abnormal capillary physiology,abnormal capillary fysiology,generated,active
abnormal capitate bone morphology,abnormal capitate bone morphollogy,generated,active
abnormal capitate bone morphology,banormal capitate bone morphology,generated,active
abnormal capitate bone morphology,abnormmal capitate bone morphology,generated,active
abnormal capitate bone morphology,abnormal capitate bone morpholgy,generated,active
abnormal capitate bone morphology,abnormal capitate bonee morphology,generated,active
abnormal capitate bone morphology,abnormal capitate bone morfology,generated,active
abnormal cardiac atrial physiology,abnormal cardiac atriial physiology,generated,active
abnormal cardiac atrial physiology,abnormal cardiac atrail physiology,generated,active
abnormal cardiac atrial physiology,abnormal cardiac atrial hysiology,generated,active
abnormal cardiac atrial physiology,abnormal cardiac atrial physioolgy,generated,active
abnormal cardiac atrial physiology,abnormal cardiaca trial physiology,generated,active
abnormal cardiac atrium morphology,abnormal cardiac atrium morpholoyg,generated,active
abnormal cardiac atrium morphology,abnomral cardiac atrium morphology,generated,active
abnormal cardiac atrium morphology,abnormal cardiac atrimu morphology,generated,active
abnormal cardiac atrium morphology,abnormal cardiac aatrium morphology,generated,active
abnormal cardiac atrium morphology,abnormal cardiac trium morphology,generated,active
abnormal cardiac biomarker test,bnormal cardiac biomarker test,generated,active
abnormal cardiac biomarker test,abnormal cardiac biomarekr test,generated,active
abnormal cardiac biomarker test,abnormal acrdiac biomarker test,generated,active
abnormal cardiac biomarker test,abnormla cardiac biomarker test,generated,active
abnormal cardiac biomarker test,abnormal cardiacb iomarker test,generated,active
abnormal cardiac cath,abnormal cardiaac cath,generated,active
abnormal cardiac cath,abnormal  cardiac cath,generated,active
abnormal cardiac cath,abnormal cardia cath,generated,active
abnormal cardiac cath,abnormalcardiac cath,generated,active
abnormal cardiac cath,abormal cardiac cath,generated,active
abnormal cardiac cath,abnormal cardiac catth,generated,active
abnormal cardiac catheterization,anbormal cardiac catheterization,generated,active
abnormal cardiac catheterization,abnormal cardiac actheterization,generated,active
abnormal cardiac catheterization,abnormal cardaic catheterization,generated,active
abnormal cardiac catheterization,abnorrmal cardiac catheterization,generated,active
abnormal cardiac catheterization,abnormal cardiac catheterizattion,generated,active
abnormal cardiac catheterization,abnormal cardiac cahteterization,generated,active
abnormal cardiac exercise stress test,abnormal cardiac exrcise stress test,generated,active
abnormal cardiac exercise stress test,abnormal cardiac exercise stresstest,generated,active
abnormal cardiac exercise stress test,abnormalc ardiac exercise stress test,generated,active
abnormal cardiac exercise stress test,abnormal cardiac execrise stress test,generated,active
abnormal cardiac exercise stress test,abnormal cardiace xercise stress test,generated,active
abnormal cardiac exercise stress test,abnormal cariac exercise stress test,generated,active
abnormal cardiac exercise test,abnormal cardiac exeercise test,generated,active
abnormal cardiac exercise test,abnormal cardiac exercisse test,generated,active
abnormal cardiac exercise test,abnormal cardiacc exercise test,generated,active
abnormal cardiac exercise test,abnormal cardiac exercise tset,generated,active
abnormal cardiac exercise test,abnormal cardiac exercsie test,generated,active
abnormal cardiac exercise test,abnomal cardiac exercise test,generated,active
abnormal cardiac index,abnormal cardia cindex,generated,active
abnormal cardiac index,abnoral cardiac index,generated,active
abnormal cardiac index,abnormal cardia index,generated,active
abnormal cardiac index,aabnormal cardiac index,generated,active
abnormal cardiac mri,abnorrmal cardiac mri,generated,active
abnormal cardiac mri,abnormal cardiac mrri,generated,active
abnormal cardiac mri,abnormal cardiac mir,generated,active
abnormal cardiac mri,abnormal cardiac  mri,generated,active
abnormal cardiac mri,abnormal cardic mri,generated,active
abnormal cardiac muscle cell morphology,abnormal cardiac muscle cell mrophology,generated,active
abnormal cardiac muscle cell morphology,abnormal cardiac muscel cell morphology,generated,active
abnormal cardiac muscle cell morphology,banormal cardiac muscle cell morphology,generated,active
abnormal cardiac muscle cell morphology,abnormal cardiac muscle ecll morphology,generated,active
abnormal cardiac muscle cell morphology,abnormal cardiac muscle cell morpholgy,generated,active
abnormal cardiac output,abnormal cardiac outtput,generated,active
abnormal cardiac output,abnormal cardiac outut,generated,active
abnormal cardiac output,abnormal cardiac outpt,generated,active
abnormal cardiac output,abnormall cardiac output,generated,active
abnormal cardiac output,abnormal ardiac output,generated,active
abnormal cardiac output,abnorml cardiac output,generated,active
abnormal cardiac septum morphology,abnoral cardiac septum morphology,generated,active
abnormal cardiac septum morphology,abnormal cardiac septmu morphology,generated,active
abnormal cardiac septum morphology,abnorml cardiac septum morphology,generated,active
abnormal cardiac septum morphology,abnormal cardiac septumm morphology,generated,active
abnormal cardiac test,abnormal carddiac test,generated,active
abnormal cardiac test,abnormal cardiactest,generated,active
abnormal cardiac test,abnormmal cardiac test,generated,active
abnormal cardiac test,abnormal cardiac tist,generated,active
abnormal cardiac test,abnormal cardiac tst,generated,active
abnormal cardiac ventricle morphology,abnormal cardiac ventricle moorphology,generated,active
abnormal cardiac ventricle morphology,abnormal cardiac venticle morphology,generated,active
abnormal cardiac ventricle morphology,abnormal cardiac ventriccle morphology,generated,active
abnormal cardiac ventricle morphology,banormal cardiac ventricle morphology,generated,active
abnormal cardiac ventricle morphology,abnormal cardiac venntricle morphology,generated,active
abnormal cardiac ventricle morphology,abnormal cardiac ventriclemorphology,generated,active
abnormal cardiac ventricular function,abnormal cardiac ventricuar function,generated,active
abnormal cardiac ventricular function,abnormal kardiac ventricular function,generated,active
abnormal cardiac ventricular function,abnormal cardiac ventricularr function,generated,active
abnormal cardiac ventricular function,abnormal cardiac vntricular function,generated,active
abnormal cardiac ventricular function,abnorml cardiac ventricular function,generated,active
abnormal cardiomyocyte morphology,abnormal cardiomyocytem orphology,generated,active
abnormal cardiomyocyte morphology,abnormal cardiomyocyte moprhology,generated,active
abnormal cardiomyocyte morphology,abnormal cardiomyocyte morpohlogy,generated,active
abnormal cardiomyocyte morphology,abnormal cardiomyocyte moorphology,generated,active
abnormal cardiovascular system morphology,abnormal cardiovascular system morpholog,generated,active
abnormal cardiovascular system morphology,abnormal cardiovascular system mrphology,generated,active
abnormal cardiovascular system morphology,abnrmal cardiovascular system morphology,generated,active
abnormal cardiovascular system morphology,abnormal cariovascular system morphology,generated,active
abnormal cardiovascular system morphology,abnormal cardiovascular system morfology,generated,active
abnormal cardiovascular system physiology,abnormal cardiovascular system physilogy,generated,active
abnormal cardiovascular system physiology,abnormal cardiovascular syste physiology,generated,active
abnormal carotid artery morphology,abnormal caortid artery morphology,generated,active
abnormal carotid artery morphology,abnormal carotida rtery morphology,generated,active
abnormal carotid artery morphology,abnormal cartoid artery morphology,generated,active
abnormal carotid artery morphology,abnormal carottid artery morphology,generated,active
abnormal carpal bones,abnormal karpal bones,generated,active
abnormal carpal bones,abnormaal carpal bones,generated,active
abnormal carpal bones,abnormal capral bones,generated,active
abnormal carpal bones,bnormal carpal bones,generated,active
abnormal carpal morphology,abnormal carpal  morphology,generated,active
abnormal carpal morphology,abnormal carpal morphoogy,generated,active
abnormal carpal morphology,ebnormal carpal morphology,generated,active
abnormal carpal morphology,abnormal carpl morphology,generated,active
abnormal carpal morphology,abnormal carpal morphlogy,generated,active
abnormal cartilage collagen,abnormal cartilaeg collagen,generated,active
abnormal cartilage collagen,abnomral cartilage collagen,generated,active
abnormal cartilage collagen,abnormal cartilage ccollagen,generated,active
abnormal cartilage collagen,abnorma cartilage collagen,generated,active
abnormal cartilage collagen,abnormal cartilage collagne,generated,active
abnormal cartilage matrix,abnormal cartilage mtrix,generated,active
abnormal cartilage matrix,abnormal cartialge matrix,generated,active
abnormal cartilage matrix,abnoormal cartilage matrix,generated,active
abnormal cartilage matrix,abnormal  cartilage matrix,generated,active
abnormal cartilage matrix,abnorma cartilage matrix,generated,active
abnormal cartilage matrix,abnorml cartilage matrix,generated,active
abnormal cartilage morphology,abnormal cartilage moprhology,generated,active
abnormal cartilage morphology,abnormal cartilage morpholgy,generated,active
abnormal cartilage morphology,bnormal cartilage morphology,generated,active
abnormal cartilage morphology,abnormal cartilagge morphology,generated,active
abnormal cartilage morphology,abnorrmal cartilage morphology,generated,active
abnormal caudate nucleus morphology,abnormalc audate nucleus morphology,generated,active
abnormal caudate nucleus morphology,abnormal caudate nucleus  morphology,generated,active
abnormal caudate nucleus morphology,abnormal caudate nucleu morphology,generated,active
abnormal caudate nucleus morphology,abnormall caudate nucleus morphology,generated,active
abnormal caudate nucleus morphology,ebnormal caudate nucleus morphology,generated,active
abnormal caudate nucleus morphology,abnormal caudate nucleuss morphology,generated,active
abnormal cd4+ memory t cell proportion,abnormal cd4+ memory t cell proprtion,generated,active
abnormal cd4+ memory t cell proportion,abnormal cd4+ memory  tcell proportion,generated,active
abnormal cd4+ memory t cell proportion,abnormal cd4+ memory t cell porportion,generated,active
abnormal cd4+ memory t cell proportion,abnormal cd4+ memory t cellp roportion,generated,active
abnormal cd4+ memory t cell proportion,abnorma cd4+ memory t cell proportion,generated,active
abnormal cd4+ memory t cell proportion,abnormal  cd4+ memory t cell proportion,generated,active
abnormal cd4+ t cell proportion,abnormal cd4+ t cell proporrtion,generated,active
abnormal cd4+ t cell proportion,abnormal cd4+ t cell rpoportion,generated,active
abnormal cd4+ t cell proportion,abnormal cd4+ t cell proporton,generated,active
abnormal cd4+ t cell proportion,abnormal d4+ t cell proportion,generated,active
abnormal cd4+ t cell proportion,abnormmal cd4+ t cell proportion,generated,active
abnormal cd4+ t cell proportion,abnormal cd4+ tcell proportion,generated,active
abnormal cd4+ t cell subset,abnormal cd4+ t  cell subset,generated,active
abnormal cd4+ t cell subset,abnormall cd4+ t cell subset,generated,active
abnormal cd4+ t cell subset,abnoraml cd4+ t cell subset,generated,active
abnormal cd4+ t cell subset,abnormal cd4+ t cellsubset,generated,active
abnormal cd4+ t cell subset,abnormal d4+ t cell subset,generated,active
abnormal cd4+ t cell subset proportion,abnormmal cd4+ t cell subset proportion,generated,active
abnormal cd4+ t cell subset proportion,abnormalcd4+ t cell subset proportion,generated,active
abnormal cd4+ t cell subset proportion,abnoral cd4+ t cell subset proportion,generated,active
abnormal cd4+ t cell subsets,abnormal cdd4+ t cell subsets,generated,active
abnormal cd4+ t cell subsets,abnormal cd4+  t cell subsets,generated,active
abnormal cd4+ t cell subsets,abnormall cd4+ t cell subsets,generated,active
abnormal cd4+ t cell subsets,abnormal cd4+ t ccell subsets,generated,active
abnormal cd4+ t cell subsets,abnormal kd4+ t cell subsets,generated,active
abnormal cd4+cd25+ treg cell proportion,abnormal cd4+cd2+ treg cell proportion,generated,active
abnormal cd4+cd25+ treg cell proportion,abnormal cd4+cd25+ treg cell  proportion,generated,active
abnormal cd4+cd25+ treg cell proportion,abnormal cd4+cd25+ trreg cell proportion,generated,active
abnormal cd4+cd25+ treg cell proportion,abnomal cd4+cd25+ treg cell proportion,generated,active
abnormal cd4:cd8 ratio,abnomal cd4:cd8 ratio,generated,active
abnormal cd4:cd8 ratio,abnormal cd4:cd8 rato,generated,active
abnormal cd4:cd8 ratio,abnormalc d4:cd8 ratio,generated,active
abnormal cd4:cd8 ratio,abnormal cd4::cd8 ratio,generated,active
abnormal cd4:cd8 ratio,abnormal kd4:cd8 ratio,generated,active
abnormal cd8+ memory t cell proportion,anbormal cd8+ memory t cell proportion,generated,active
abnormal cd8+ memory t cell proportion,abnormal cd8 memory t cell proportion,generated,active
abnormal cd8+ memory t cell proportion,abnormal cd8+ memory t cell roportion,generated,active
abnormal cd8+ memory t cell proportion,abnormal cd8+ memory t  cell proportion,generated,active
abnormal cd8+ memory t cell proportion,abnormal cd8+ memory t cell propportion,generated,active
abnormal cd8+ t cell proportion,abnormal cd8+ t cell propotion,generated,active
abnormal cd8+ t cell proportion,abnormal cd8+ tcell proportion,generated,active
abnormal cd8+ t cell proportion,abnormal c8d+ t cell proportion,generated,active
abnormal cd8+ t cell proportion,abnormal cd8+ t cell porportion,generated,active
abnormal cd8+ t cell subset proportion,abnormal cd8+ t cell ubset proportion,generated,active
abnormal cd8+ t cell subset proportion,abnormal cd8+ t ecll subset proportion,generated,active
abnormal cd8+ t cell subset proportion,abnormal cd8+ t cell subset  proportion,generated,active
abnormal cd8+ t cell subset proportion,abnormal cd8+ t cell suset proportion,generated,active
abnormal cd8+ t cell subset proportion,abnoormal cd8+ t cell subset proportion,generated,active
abnormal cd8+ t cell subset proportion,abonrmal cd8+ t cell subset proportion,generated,active
abnormal cd8+ t cell subsets,abnormal cd8+t  cell subsets,generated,active
abnormal cd8+ t cell subsets,abnormal cd8+t cell subsets,generated,active
abnormal cd8+ t cell subsets,abnormal cd8+ t cell subbsets,generated,active
abnormal cd8+ t cell subsets,abnormal c8+ t cell subsets,generated,active
abnormal cd8+ t cell subsets,abnormal cd8+ t cell subests,generated,active
abnormal cecum morphology,abnormal ceum morphology,generated,active
abnormal cecum morphology,abnormal  cecum morphology,generated,active
abnormal cecum morphology,abnormal cecum morpology,generated,active
abnormal cecum morphology,abnormaal cecum morphology,generated,active
abnormal cecum morphology,anbormal cecum morphology,generated,active
abnormal cecum morphology,abnormal cecum morphloogy,generated,active
abnormal celiac artery morphology,abnormal celiac artrey morphology,generated,active
abnormal celiac artery morphology,abnormal celaic artery morphology,generated,active
abnormal celiac artery morphology,banormal celiac artery morphology,generated,active
abnormal celiac artery morphology,abnormal celiaca rtery morphology,generated,active
abnormal celiac artery morphology,abnormal celiac  artery morphology,generated,active
abnormal celiac artery morphology,abnormal celiac arery morphology,generated,active
abnormal cell morphology,abnormalc ell morphology,generated,active
abnormal cell morphology,abnormal cell  morphology,generated,active
abnormal cell morphology,abnoral cell morphology,generated,active
abnormal cell morphology,abnormal cell morhology,generated,active
abnormal cell morphology,abnormal cell morpholog,generated,active
abnormal cell proliferation,abnorml cell proliferation,generated,active
abnormal cell proliferation,abnormal ceell proliferation,generated,active
abnormal cell proliferation,abnorma lcell proliferation,generated,active
abnormal cell proliferation,abnormal cell proliferatioon,generated,active
abnormal cell proliferation,abnnormal cell proliferation,generated,active
abnormal cellular phenotype,abnoraml cellular phenotype,generated,active
abnormal cellular phenotype,abnormal cellular phentype,generated,active
abnormal cellular phenotype,abnormal cellluar phenotype,generated,active
abnormal cellular phenotype,abnormal cellular pphenotype,generated,active
abnormal cellular phenotype,abnromal cellular phenotype,generated,active
abnormal cellular physiology,abnormal celluar physiology,generated,active
abnormal cellular physiology,abbnormal cellular physiology,generated,active
abnormal cellular physiology,abnormal cllular physiology,generated,active
abnormal cellular physiology,abnormal cellular physiolgy,generated,active
abnormal cellular physiology,abnrmal cellular physiology,generated,active
abnormal cementum morphology,abnormal cementum morphoolgy,generated,active
abnormal cementum morphology,abnormal cemetum morphology,generated,active
abnormal cementum morphology,abnorma cementum morphology,generated,active
abnormal cementum morphology,abnromal cementum morphology,generated,active
abnormal cementum morphology,abnormal cemntum morphology,generated,active
abnormal central motor function,abnormal centarl motor function,generated,active
abnormal central motor function,abnormal central motor funtcion,generated,active
abnormal central motor function,anormal central motor function,generated,active
abnormal central motor function,abnormal central motor functeon,generated,active
abnormal central motor function,abnormal central mootr function,generated,active
abnormal central motor function,abnormal central otor function,generated,active
abnormal central sensory function,abnormmal central sensory function,generated,active
abnormal central sensory function,anbormal central sensory function,generated,active
abnormal central sensory function,abnormal central sensoyr function,generated,active
abnormal central sensory function,abnormal cintral sensory function,generated,active
abnormal central sensory function,abnrmal central sensory function,generated,active
abnormal central sensory function,abnormal centra lsensory function,generated,active
abnormal cerebellar cortex morphology,abnormal cerebellar cortx morphology,generated,active
abnormal cerebellar cortex morphology,abbnormal cerebellar cortex morphology,generated,active
abnormal cerebellar cortex morphology,abnoormal cerebellar cortex morphology,generated,active
abnormal cerebellar cortex morphology,abnormal cerebellar cortex  morphology,generated,active
abnormal cerebellar cortex morphology,abnormal cerebellar cortex moorphology,generated,active
abnormal cerebellar cortex morphology,abnomral cerebellar cortex morphology,generated,active
abnormal cerebellar peduncle morphology,abnormal cerebellar pedunclem orphology,generated,active
abnormal cerebellar peduncle morphology,abnormal cerebellarpeduncle morphology,generated,active
abnormal cerebellar peduncle morphology,abnormal cerebellar pedunclemorphology,generated,active
abnormal cerebellar peduncle morphology,abnormal ccerebellar peduncle morphology,generated,active
abnormal cerebellar peduncle morphology,abnormal cerebellar peduncle morphhology,generated,active
abnormal cerebellar vermis morphology,abnormal cerebellar vermis morpphology,generated,active
abnormal cerebellar vermis morphology,abnormaal cerebellar vermis morphology,generated,active
abnormal cerebellar vermis morphology,abnormal ceerebellar vermis morphology,generated,active
abnormal cerebellar vermis morphology,abnormal cerebellar vermis moprhology,generated,active
abnormal cerebellar vermis morphology,ebnormal cerebellar vermis morphology,generated,active
abnormal cerebellar vermis morphology,abnormal cerebellar vermis morphollogy,generated,active
abnormal cerebellum morphology,abnormal crebellum morphology,generated,active
abnormal cerebellum morphology,abnormal cerebellum morpholgoy,generated,active
abnormal cerebellum morphology,abnormal kerebellum morphology,generated,active
abnormal cerebellum morphology,abnormal cerebellu morphology,generated,active
abnormal cerebellum morphology,abnormal cerebellum orphology,generated,active
abnormal cerebellum morphology,abormal cerebellum morphology,generated,active
abnormal cerebral artery morphology,abnormal cerebral artery mmorphology,generated,active
abnormal cerebral artery morphology,abnormal cerebal artery morphology,generated,active
abnormal cerebral artery morphology,abnormal cerebral artery morpohlogy,generated,active
abnormal cerebral artery morphology,abnormal cerebral artery morpology,generated,active
abnormal cerebral cortex morphology,abnurmal cerebral cortex morphology,generated,active
abnormal cerebral cortex morphology,abnormall cerebral cortex morphology,generated,active
abnormal cerebral cortex morphology,abnormal cerebral cortex morhology,generated,active
abnormal cerebral cortex morphology,abnomral cerebral cortex morphology,generated,active
abnormal cerebral cortex morphology,abnormal cereral cortex morphology,generated,active
abnormal cerebral morphology,abnormal  cerebral morphology,generated,active
abnormal cerebral morphology,abnorma cerebral morphology,generated,active
abnormal cerebral morphology,abnormal cerberal morphology,generated,active
abnormal cerebral morphology,aabnormal cerebral morphology,generated,active
abnormal cerebral morphology,abnormall cerebral morphology,generated,active
abnormal cerebral morphology,abnormal cererbal morphology,generated,active
abnormal cerebral subcortex morphology,abnormal cerebral sucbortex morphology,generated,active
abnormal cerebral subcortex morphology,abnormal cerebral subcortxe morphology,generated,active
abnormal cerebral subcortex morphology,abnormal cerebral subcortexmorphology,generated,active
abnormal cerebral subcortex morphology,abnormal cerebral subbcortex morphology,generated,active
abnormal cerebral subcortex morphology,abnoraml cerebral subcortex morphology,generated,active
abnormal cerebral vascular morphology,abnormal ceebral vascular morphology,generated,active
abnormal cerebral vascular morphology,abnormal cerebral vascular morpology,generated,active
abnormal cerebral vascular morphology,abnormal cerebral avscular morphology,generated,active
abnormal cerebral vascular morphology,abnormal cererbal vascular morphology,generated,active
abnormal cerebral vascular morphology,anormal cerebral vascular morphology,generated,active
abnormal cerebral vein morphology,abnormal cerebral vei nmorphology,generated,active
abnormal cerebral vein morphology,abnormal cerebral vein morphhology,generated,active
abnormal cerebral vein morphology,aabnormal cerebral vein morphology,generated,active
abnormal cerebral vein morphology,abormal cerebral vein morphology,generated,active
abnormal cerebral vein morphology,abnormal cerebral vein mmorphology,generated,active
abnormal cerebral vein morphology,abnoormal cerebral vein morphology,generated,active
abnormal cerebral venous sinus morphology,abnormal cerebral venous sinus morphlogy,generated,active
abnormal cerebral venous sinus morphology,abnormal cerebral venous sinus mophology,generated,active
abnormal cerebral venous sinus morphology,abnormal cerebral venous sinus morpholog,generated,active
abnormal cerebral venous sinus morphology,abnoral cerebral venous sinus morphology,generated,active
abnormal cerebral ventricle morphology,abnormal cerebral ventricle morphloogy,generated,active
abnormal cerebral ventricle morphology,abnoraml cerebral ventricle morphology,generated,active
abnormal cerebral ventricle morphology,abnormal cerebralventricle morphology,generated,active
abnormal cerebral ventricle morphology,abnormal cerebral ventricle morphhology,generated,active
abnormal cerebral ventricle morphology,abnormal cerebral ventricle morrphology,generated,active
abnormal cerebral white matter morphology,abnormal cerebral whte matter morphology,generated,active
abnormal cerebral white matter morphology,abnormalcerebral white matter morphology,generated,active
abnormal cerebral white matter morphology,abnormal cerebral white matte morphology,generated,active
abnormal cerebral white matter morphology,abnormal cerebral white mtter morphology,generated,active
abnormal cerebral white matter morphology,abnormal cerebral white atter morphology,generated,active
abnormal cerebrospinal fluid morphology,abnormal cerebrospinal fluid morphollogy,generated,active
abnormal cerebrospinal fluid morphology,anormal cerebrospinal fluid morphology,generated,active
abnormal cerebrospinal fluid morphology,abnormal cerebrospinal flluid morphology,generated,active
abnormal cerebrospinal fluid morphology,abnormal cerebrsopinal fluid morphology,generated,active
abnormal cerebrospinal fluid morphology,abnormal cerebrospinal fluid morpholgy,generated,active
abnormal cerumen color,abnormal cerumen clor,generated,active
abnormal cerumen color,abnormal cerrumen color,generated,active
abnormal cerumen color,bnormal cerumen color,generated,active
abnormal cerumen color,abnormal cerumen colro,generated,active
abnormal cerumen color,abnormalc erumen color,generated,active
abnormal cerumen color,abnormal cerumne color,generated,active
abnormal cerumen pigmentation,abnormal cermuen pigmentation,generated,active
abnormal cerumen pigmentation,abnorml cerumen pigmentation,generated,active
abnormal cerumen pigmentation,abnormal ccerumen pigmentation,generated,active
abnormal cerumen pigmentation,abbnormal cerumen pigmentation,generated,active
abnormal cerumen pigmentation,abnormal cerumen pigmntation,generated,active
abnormal cerumen pigmentation,abnormal cirumen pigmentation,generated,active
abnormal cervical curvature,abnormal cervical curvautre,generated,active
abnormal cervical curvature,abnormal cerical curvature,generated,active
abnormal cervical curvature,abnormal cervicl curvature,generated,active
abnormal cervical curvature,abnorml cervical curvature,generated,active
abnormal cervical curvature,abnormal cervicalc urvature,generated,active
abnormal cervical spine,abnorml cervical spine,generated,active
abnormal cervical spine,abnormal cerviacl spine,generated,active
abnormal cervical spine,abnormal cervicall spine,generated,active
abnormal cervical spine,abnormall cervical spine,generated,active
abnormal cervical spine,abnormal cervvical spine,generated,active
abnormal cervical spine morphology,abnormal cervical spine morhpology,generated,active
abnormal cervical spine morphology,abnormal cervical spine morpholoyg,generated,active
abnormal cervical spine morphology,abnnormal cervical spine morphology,generated,active
abnormal cervical spine morphology,abnormal cervicl spine morphology,generated,active
abnormal ch50,bnormal ch50,generated,active
abnormal ch50,abnoraml ch50,generated,active
abnormal ch50,abnurmal ch50,generated,active
abnormal ch50,abnormalc h50,generated,active
abnormal change in sexual drive,abnormal changi in sexual drive,generated,active
abnormal change in sexual drive,abnormal change i nsexual drive,generated,active
abnormal change in sexual drive,abnormal change in exual drive,generated,active
abnormal change in sexual drive,aabnormal change in sexual drive,generated,active
abnormal change in sexual drive,abnnormal change in sexual drive,generated,active
abnormal change in social behavior,abnormalchange in social behavior,generated,active
abnormal change in social behavior,abnormal change in socil behavior,generated,active
abnormal change in social behavior,abnormal change in socialbehavior,generated,active
abnormal change in social behavior,abnormaal change in social behavior,generated,active
abnormal change in social behavior,abnormmal change in social behavior,generated,active
abnormal change in social behavior,abnormal chnge in social behavior,generated,active
abnormal cheek morphology,abnormal cheek morpholoogy,generated,active
abnormal cheek morphology,abnorml cheek morphology,generated,active
abnormal cheek morphology,abnomal cheek morphology,generated,active
abnormal cheek morphology,abnormal cheek morpohlogy,generated,active
abnormal cheek morphology,abnormal hceek morphology,generated,active
abnormal cheek morphology,aabnormal cheek morphology,generated,active
abnormal chest radiograph finding (lung),abnormal hcest radiograph finding (lung),generated,active
abnormal chest radiograph finding (lung),abnormal chest rdiograph finding (lung),generated,active
abnormal chest radiograph finding (lung),abnormal chestradiograph finding (lung),generated,active
abnormal chest radiograph finding (lung),abnormal chestr adiograph finding (lung),generated,active
abnormal chest radiograph finding (lung),abnormal chest radiograph finding (lugn),generated,active
abnormal chest radiograph finding (lung),abnrmal chest radiograph finding (lung),generated,active
abnormal choanae morphology,abnomal choanae morphology,generated,active
abnormal choanae morphology,abnormal choanae morphhology,generated,active
abnormal choanae morphology,abnormal choanae mrophology,generated,active
abnormal choanae morphology,abnormal choaae morphology,generated,active
abnormal cholesterol homeostasis,abnormal cholesterol homeostsis,generated,active
abnormal cholesterol homeostasis,abnnormal cholesterol homeostasis,generated,active
abnormal cholesterol homeostasis,abnormal cholesterol homeotasis,generated,active
abnormal cholesterol homeostasis,abnormal cholesteroll homeostasis,generated,active
abnormal cholesterol homeostasis,abnormal cholesterol homeosasis,generated,active
abnormal chondrocyte morphology,abnormal chondrocyte morpholoogy,generated,active
abnormal chondrocyte morphology,ebnormal chondrocyte morphology,generated,active
abnormal chondrocyte morphology,abnormal chondrrocyte morphology,generated,active
abnormal chondrocyte morphology,abnormal chndrocyte morphology,generated,active
abnormal chorion morphology,abnormal chorionmorphology,generated,active
abnormal chorion morphology,abnorrmal chorion morphology,generated,active
abnormal chorion morphology,abnormal chorion morphologyy,generated,active
abnormal chorion morphology,abnormal chrion morphology,generated,active
abnormal chorioretinal morphology,abnormal choriretinal morphology,generated,active
abnormal chorioretinal morphology,abnormal cchorioretinal morphology,generated,active
abnormal chorioretinal morphology,abnormal chorioretinal morhology,generated,active
abnormal chorioretinal morphology,abnromal chorioretinal morphology,generated,active
abnormal chorioretinal morphology,abnormal chorioretinalm orphology,generated,active
abnormal choroid morphology,abnormal choroid mophology,generated,active
abnormal choroid morphology,abnormal choroid morrphology,generated,active
abnormal choroid morphology,abnormal chorod morphology,generated,active
abnormal choroid morphology,abnormal choroid mmorphology,generated,active
abnormal choroid morphology,abnormal choroid morpholog,generated,active
abnormal choroid plexus morphology,abnormal chroid plexus morphology,generated,active
abnormal choroid plexus morphology,abnormal choroid plexus morhology,generated,active
abnormal choroid plexus morphology,abnormal choroid plexus morfology,generated,active
abnormal choroid plexus morphology,abnormal choroid plexusm orphology,generated,active
abnormal choroid plexus morphology,abnormaal choroid plexus morphology,generated,active
abnormal chromosome morphology,abnormal chromosome moorphology,generated,active
abnormal chromosome morphology,abnormal chromosomem orphology,generated,active
abnormal chromosome morphology,abnormal chromosome morpholoogy,generated,active
abnormal chromosome morphology,abnromal chromosome morphology,generated,active
abnormal chromosome morphology,abnormal chromosome morphollogy,generated,active
abnormal chromosome morphology,abnormal chomosome morphology,generated,active
abnormal chylomicron concentration,abnormal chylomicron concenration,generated,active
abnormal chylomicron concentration,abnomal chylomicron concentration,generated,active
abnormal chylomicron concentration,abnormal chyloimcron concentration,generated,active
abnormal chylomicron concentration,abnormal chylomicron concentratino,generated,active
abnormal chylomicron concentration,abnormal chylomicroon concentration,generated,active
abnormal chylomicron concentration,aabnormal chylomicron concentration,generated,active
abnormal ciliary body morphology,abnormal ciliary bodymorphology,generated,active
abnormal ciliary body morphology,anormal ciliary body morphology,generated,active
abnormal ciliary body morphology,abnorma lciliary body morphology,generated,active
abnormal ciliary body morphology,abnormal ciliary body orphology,generated,active
abnormal ciliary body morphology,abnormal ciliary boyd morphology,generated,active
abnormal ciliary body morphology,abnormal ciliary bdoy morphology,generated,active
abnormal ciliary motility,abnormal ciliary motilty,generated,active
abnormal ciliary motility,abnormal ciliaary motility,generated,active
abnormal ciliary motility,abnormal ciliar motility,generated,active
abnormal ciliary motility,abnurmal ciliary motility,generated,active
abnormal ciliary motility,abnormal ciliary motiilty,generated,active
abnormal circle of willis morphology,abnormal circle of wiillis morphology,generated,active
abnormal circle of willis morphology,abnormal circle of wlilis morphology,generated,active
abnormal circle of willis morphology,abnormal circle of willlis morphology,generated,active
abnormal circle of willis morphology,abnormalc ircle of willis morphology,generated,active
abnormal circle of willis morphology,abnormall circle of willis morphology,generated,active
abnormal circle of willis morphology,abnormal ciircle of willis morphology,generated,active
abnormal circulating aldosterone,abnormal irculating aldosterone,generated,active
abnormal circulating aldosterone,abnormal circultaing aldosterone,generated,active
abnormal circulating aldosterone,abnormal ciculating aldosterone,generated,active
abnormal circulating aldosterone,abnormal circulating adosterone,generated,active
abnormal circulating aldosterone,abnormal circulating aldosterrone,generated,active
abnormal circulating aldosterone,abnormal circulatingaldosterone,generated,active
abnormal circulating amylase level,abnoormal circulating amylase level,generated,active
abnormal circulating amylase level,abnorma lcirculating amylase level,generated,active
abnormal circulating amylase level,abnormal circulating amylase levl,generated,active
abnormal circulating amylase level,abnormal circulaitng amylase level,generated,active
abnormal circulating amylase level,abnormal circulating amylase leveel,generated,active
abnormal circulating androgen level,abnormal circulating anndrogen level,generated,active
abnormal circulating androgen level,abnormall circulating androgen level,generated,active
abnormal circulating androgen level,abnormalc irculating androgen level,generated,active
abnormal circulating androgen level,anbormal circulating androgen level,generated,active
abnormal circulating androgen level,anormal circulating androgen level,generated,active
abnormal circulating androgen level,abnormal circulating androgen leevel,generated,active
abnormal circulating beta-crosslaps level,abnormal circulatig beta-crosslaps level,generated,active
abnormal circulating beta-crosslaps level,abnormal circlating beta-crosslaps level,generated,active
abnormal circulating beta-crosslaps level,abnormal circulating beta-croslaps level,generated,active
abnormal circulating beta-crosslaps level,abnormal circulating beta-crossaps level,generated,active
abnormal circulating beta-ctx level,abnorrmal circulating beta-ctx level,generated,active
abnormal circulating beta-ctx level,abnormal circulating bita-ctx level,generated,active
abnormal circulating beta-ctx level,abnormal circulating beta-ctx evel,generated,active
abnormal circulating beta-ctx level,abnomral circulating beta-ctx level,generated,active
abnormal circulating beta-ctx level,abnormal circulatnig beta-ctx level,generated,active
abnormal circulating ca concentration,abnormal circulating ca concentratin,generated,active
abnormal circulating ca concentration,abnormal circulating ca concentratiion,generated,active
abnormal circulating ca concentration,abnormal circulating ca concentraion,generated,active
abnormal circulating ca concentration,abnorma lcirculating ca concentration,generated,active
abnormal circulating ca concentration,bnormal circulating ca concentration,generated,active
abnormal circulating ca2+ concentration,abnormal circulatiing ca2+ concentration,generated,active
abnormal circulating ca2+ concentration,abnormall circulating ca2+ concentration,generated,active
abnormal circulating ca2+ concentration,abnormal circulating ca2+ cocentration,generated,active
abnormal circulating ca2+ concentration,abnormalcirculating ca2+ concentration,generated,active
abnormal circulating ck concentration,abnormalcirculating ck concentration,generated,active
abnormal circulating ck concentration,abnormal circulating ckconcentration,generated,active
abnormal circulating ck concentration,abnormal circulating ck concentratio,generated,active
abnormal circulating ck concentration,abnormal circulating cc concentration,generated,active
abnormal circulating ck concentration,abnormal circulating ck cocnentration,generated,active
abnormal circulating ck concentration,abnormal ciruclating ck concentration,generated,active
abnormal circulating copper concentration,abnormal cirulating copper concentration,generated,active
abnormal circulating copper concentration,abormal circulating copper concentration,generated,active
abnormal circulating copper concentration,abnormal irculating copper concentration,generated,active
abnormal circulating copper concentration,abnorml circulating copper concentration,generated,active
abnormal circulating copper concentration,abnorma circulating copper concentration,generated,active
abnormal circulating corticosterone level,abnomal circulating corticosterone level,generated,active
abnormal circulating corticosterone level,abnormal circulaing corticosterone level,generated,active
abnormal circulating corticosterone level,abnormal circulating corticsterone level,generated,active
abnormal circulating cpk concentration,abnormal circulatingg cpk concentration,generated,active
abnormal circulating cpk concentration,abnormalc irculating cpk concentration,generated,active
abnormal circulating cpk concentration,abnormal irculating cpk concentration,generated,active
abnormal circulating cpk concentration,abnormal  circulating cpk concentration,generated,active
abnormal circulating creatinine level,abnormal circulating creatinien level,generated,active
abnormal circulating creatinine level,abnormal circulating creatinine leel,generated,active
abnormal circulating creatinine level,abnormal circulating creatininelevel,generated,active
abnormal circulating creatinine level,abnormal circulating cratinine level,generated,active
abnormal circulating enzyme concentration,abnormal crculating enzyme concentration,generated,active
abnormal circulating enzyme concentration,abnormal circulting enzyme concentration,generated,active
abnormal circulating enzyme concentration,abnormal circulating enzme concentration,generated,active
abnormal circulating enzyme concentration,abnormal circulating enzye concentration,generated,active
abnormal circulating enzyme concentration,abnormal circulating nzyme concentration,generated,active
abnormal circulating estrogen level,abnorml circulating estrogen level,generated,active
abnormal circulating estrogen level,abnormal circulaitng estrogen level,generated,active
abnormal circulating estrogen level,abnormal circulating estrogn level,generated,active
abnormal circulating estrogen level,ebnormal circulating estrogen level,generated,active
abnormal circulating estrogen level,abnormal circulating etrogen level,generated,active
abnormal circulating estrogen level,abnormal circulating estrogen leevel,generated,active
abnormal circulating free t3 level,abnormal circulatin gfree t3 level,generated,active
abnormal circulating free t3 level,abnormal circualting free t3 level,generated,active
abnormal circulating free t3 level,abnormal circulatting free t3 level,generated,active
abnormal circulating free t3 level,abnorrmal circulating free t3 level,generated,active
abnormal circulating free t3 level,abnrmal circulating free t3 level,generated,active
abnormal circulating free t3 level,abnormal circulatin free t3 level,generated,active
abnormal circulating free t4 level,abnormal circulating free  t4 level,generated,active
abnormal circulating free t4 level,abnormal circulating free t4 lveel,generated,active
abnormal circulating free t4 level,abnormal circuulating free t4 level,generated,active
abnormal circulating free t4 level,abnoral circulating free t4 level,generated,active
abnormal circulating free thyroxine level,abnormal circulating free thyroxinelevel,generated,active
abnormal circulating free thyroxine level,abnormal circulating free thyroine level,generated,active
abnormal circulating free thyroxine level,abnormal circulating free thyroxie level,generated,active
abnormal circulating free thyroxine level,abnormal circuating free thyroxine level,generated,active
abnormal circulating free thyroxine level,abnormal circulating free tyroxine level,generated,active
abnormal circulating gaba concentration,abnorrmal circulating gaba concentration,generated,active
abnormal circulating gaba concentration,abnormal circulating gaba concentrationn,generated,active
abnormal circulating gaba concentration,abnormal circulating agba concentration,generated,active
abnormal circulating gaba concentration,abnormal circulating gaba conncentration,generated,active
abnormal circulating gaba concentration,abnormal circulating gba concentration,generated,active
abnormal circulating gastrin level,abnormal circulatiing gastrin level,generated,active
abnormal circulating gastrin level,abnormal circulating gastrin livel,generated,active
abnormal circulating gastrin level,abnormal circulating gastrin leveel,generated,active
abnormal circulating gastrin level,abnormalc irculating gastrin level,generated,active
abnormal circulating gastrin level,abnormal circulating gastriin level,generated,active
abnormal circulating globulin level,abnormal circluating globulin level,generated,active
abnormal circulating globulin level,abnormal irculating globulin level,generated,active
abnormal circulating globulin level,abnormal circulatiing globulin level,generated,active
abnormal circulating globulin level,abnormal circulating lgobulin level,generated,active
abnormal circulating globulin level,abnormal circulatig globulin level,generated,active
abnormal circulating glycerol level,abnormal circulating glycerol leve,generated,active
abnormal circulating glycerol level,bnormal circulating glycerol level,generated,active
abnormal circulating glycerol level,abnorma lcirculating glycerol level,generated,active
abnormal circulating glycerol level,abnormal circulaating glycerol level,generated,active
abnormal circulating glycerol level,abnormal cerculating glycerol level,generated,active
abnormal circulating gonadotropin level,abnormal circuating gonadotropin level,generated,active
abnormal circulating gonadotropin level,abnormal circulating gonadtropin level,generated,active
abnormal circulating gonadotropin level,abnormal circulatnig gonadotropin level,generated,active
abnormal circulating gonadotropin level,abnormal circulating gonadotropinlevel,generated,active
abnormal circulating gonadotropin level,abnormal ciirculating gonadotropin level,generated,active
abnormal circulating gonadotropin level,abnormal circulatin gonadotropin level,generated,active
abnormal circulating hormone level,abnormal circulating hormonel evel,generated,active
abnormal circulating hormone level,abnorma circulating hormone level,generated,active
abnormal circulating hormone level,abnormal kirculating hormone level,generated,active
abnormal circulating hormone level,abnormal circulating hrmone level,generated,active
abnormal circulating hormone level,abnormal circulating hormnoe level,generated,active
abnormal circulating hormone level,abnormal circulating hormone  level,generated,active
abnormal circulating iga concentration,abnormal circulating iga concentrationn,generated,active
abnormal circulating iga concentration,abnormal circulating iga concnetration,generated,active
abnormal circulating iga concentration,abnormal kirculating iga concentration,generated,active
abnormal circulating iga concentration,abnormal circulating iga concenntration,generated,active
abnormal circulating iga concentration,abnormal crculating iga concentration,generated,active
abnormal circulating iga level,abnormla circulating iga level,generated,active
abnormal circulating iga level,abnorrmal circulating iga level,generated,active
abnormal circulating iga level,abnormal circulating iga levl,generated,active
abnormal circulating iga level,abnormal circulating iga levle,generated,active
abnormal circulating iga level,abnormal circulatingiga level,generated,active
abnormal circulating igd concentration,abnormal crculating igd concentration,generated,active
abnormal circulating igd concentration,abnormal circulating igd ocncentration,generated,active
abnormal circulating igd concentration,abnormal  circulating igd concentration,generated,active
abnormal circulating igd concentration,abnormal circulaing igd concentration,generated,active
abnormal circulating igd concentration,abnormal circulating igd concentraton,generated,active
abnormal circulating igd level,abnormal icrculating igd level,generated,active
abnormal circulating igd level,abnormal circulating igd  level,generated,active
abnormal circulating igd level,aabnormal circulating igd level,generated,active
abnormal circulating igd level,abnormal circulatnig igd level,generated,active
abnormal circulating ige concentration,abnormal ciruclating ige concentration,generated,active
abnormal circulating ige concentration,abnomral circulating ige concentration,generated,active
abnormal circulating ige concentration,abnormal circulating igec oncentration,generated,active
abnormal circulating ige concentration,abnormal ccirculating ige concentration,generated,active
abnormal circulating ige concentration,abnormal icrculating ige concentration,generated,active
abnormal circulating ige concentration,abnormal circulating ige cocnentration,generated,active
abnormal circulating ige level,abnormal circulating igel evel,generated,active
abnormal circulating ige level,abnormal circulating ige llevel,generated,active
abnormal circulating ige level,abnormal circulaing ige level,generated,active
abnormal circulating ige level,banormal circulating ige level,generated,active
abnormal circulating ige level,abnormal circuulating ige level,generated,active
abnormal circulating igg concentration,abnormal circulating igg concentratin,generated,active
abnormal circulating igg concentration,abnormall circulating igg concentration,generated,active
abnormal circulating igg concentration,abnormal icrculating igg concentration,generated,active
abnormal circulating igg concentration,abnormal circulating igg concentratoin,generated,active
abnormal circulating igg concentration,abnormal circulating igg conceentration,generated,active
abnormal circulating igg concentration,abnormal circulating iggconcentration,generated,active
abnormal circulating igg level,abnormal circulaating igg level,generated,active
abnormal circulating igg level,abnorrmal circulating igg level,generated,active
abnormal circulating igg level,abnormal circulatin gigg level,generated,active
abnormal circulating igg level,abnormal circulating igg evel,generated,active
abnormal circulating igm concentration,abnormal circulating igm concetration,generated,active
abnormal circulating igm concentration,abnormal circulating igm concenrtation,generated,active
abnormal circulating igm concentration,abnormal circulating igm concentraion,generated,active
abnormal circulating igm concentration,abnormal circulting igm concentration,generated,active
abnormal circulating igm concentration,bnormal circulating igm concentration,generated,active
abnormal circulating igm concentration,abnormal cirrculating igm concentration,generated,active
abnormal circulating igm level,anbormal circulating igm level,generated,active
abnormal circulating igm level,abnormal cerculating igm level,generated,active
abnormal circulating igm level,abnormal circulating gim level,generated,active
abnormal circulating igm level,abnormal circulatingg igm level,generated,active
abnormal circulating inhibin level,abnormal circuulating inhibin level,generated,active
abnormal circulating inhibin level,abnoormal circulating inhibin level,generated,active
abnormal circulating inhibin level,bnormal circulating inhibin level,generated,active
abnormal circulating inhibin level,abnormal circulating inhibni level,generated,active
abnormal circulating inhibin level,abnormal circulating nhibin level,generated,active
abnormal circulating inhibin level,abnormal  circulating inhibin level,generated,active
abnormal circulating iron concentration,abnurmal circulating iron concentration,generated,active
abnormal circulating iron concentration,abnormal circulating iron cnocentration,generated,active
abnormal circulating iron concentration,abnormal circulatng iron concentration,generated,active
abnormal circulating iron concentration,abnormal circulating iron concentraation,generated,active
abnormal circulating iron concentration,abnormal circulating iron concentraton,generated,active
abnormal circulating iron concentration,abnormal circulaating iron concentration,generated,active
abnormal circulating ldh concentration,abnorrmal circulating ldh concentration,generated,active
abnormal circulating ldh concentration,abnormal circulating ldh oncentration,generated,active
abnormal circulating ldh concentration,abnoormal circulating ldh concentration,generated,active
abnormal circulating ldh concentration,abormal circulating ldh concentration,generated,active
abnormal circulating leptin concentration,abnorma circulating leptin concentration,generated,active
abnormal circulating leptin concentration,abnormal circulating lepti concentration,generated,active
abnormal circulating leptin concentration,abnormal circulatingleptin concentration,generated,active
abnormal circulating leptin concentration,abnormal circulating letin concentration,generated,active
abnormal circulating leptin concentration,abnormal circulaing leptin concentration,generated,active
abnormal circulating lipid concentration,abnormal circulating lipid concenration,generated,active
abnormal circulating lipid concentration,abnormal circulating lipidc oncentration,generated,active
abnormal circulating lipid concentration,abnormal circulating lipid conecntration,generated,active
abnormal circulating lipid concentration,abnormal circulating lipid concnetration,generated,active
abnormal circulating lipid concentration,abnormal circulating lipid concintration,generated,active
abnormal circulating lysine concentration,abnormal circulating lysine concentrtion,generated,active
abnormal circulating lysine concentration,abnormal circulating lysine conentration,generated,active
abnormal circulating lysine concentration,abnormal circulating lysne concentration,generated,active
abnormal circulating na concentration,abnormal circulating na cconcentration,generated,active
abnormal circulating na concentration,abnormal circulating na concetnration,generated,active
abnormal circulating na concentration,abnormal ciruclating na concentration,generated,active
abnormal circulating na concentration,abnormal kirculating na concentration,generated,active
abnormal circulating na concentration,banormal circulating na concentration,generated,active
abnormal circulating nicotinurate level,abnormal circulating nicotinuratte level,generated,active
abnormal circulating nicotinurate level,abnormal circulating nicotinurate  level,generated,active
abnormal circulating nicotinurate level,abnormal circulating nicoinurate level,generated,active
abnormal circulating nicotinurate level,abnormal circulaing nicotinurate level,generated,active
abnormal circulating nicotinurate level,abnormal ciculating nicotinurate level,generated,active
abnormal circulating nicotinurate level,abnormal circulating nnicotinurate level,generated,active
abnormal circulating osteocalcin level,anbormal circulating osteocalcin level,generated,active
abnormal circulating osteocalcin level,abnoraml circulating osteocalcin level,generated,active
abnormal circulating osteocalcin level,abnormal circulating osteocalcin levvel,generated,active
abnormal circulating osteocalcin level,abnormal circulating osteocalcin leveel,generated,active
abnormal circulating osteocalcin level,abnormal circulating osteocalcin leevel,generated,active
abnormal circulating osteocalcin level,abnormla circulating osteocalcin level,generated,active
abnormal circulating phytanic acid level,abnormal circulating phytanic acid leel,generated,active
abnormal circulating phytanic acid level,anormal circulating phytanic acid level,generated,active
abnormal circulating phytanic acid level,abnormal circulatnig phytanic acid level,generated,active
abnormal circulating phytanic acid level,abnormal cerculating phytanic acid level,generated,active
abnormal circulating phytanic acid level,abnormal circulatingphytanic acid level,generated,active
abnormal circulating phytanic acid level,abnorml circulating phytanic acid level,generated,active
abnormal circulating proanp concentration,abnormal circulating proanp concentratin,generated,active
abnormal circulating proanp concentration,bnormal circulating proanp concentration,generated,active
abnormal circulating proanp concentration,abnormal circulating poanp concentration,generated,active
abnormal circulating proanp concentration,abnormal circulaing proanp concentration,generated,active
abnormal circulating proanp concentration,abnormal circulating proanp concentrtion,generated,active
abnormal circulating progesterone level,abnormal circulating progesteroen level,generated,active
abnormal circulating progesterone level,abnormalc irculating progesterone level,generated,active
abnormal circulating progesterone level,abnormal circulating rogesterone level,generated,active
abnormal circulating progesterone level,abnormal circulatin gprogesterone level,generated,active
abnormal circulating progesterone level,abnormal circulaitng progesterone level,generated,active
abnormal circulating progesterone level,abormal circulating progesterone level,generated,active
abnormal circulating properdin level,abnormal criculating properdin level,generated,active
abnormal circulating properdin level,abnormal circlating properdin level,generated,active
abnormal circulating properdin level,abnormal circulating properdni level,generated,active
abnormal circulating properdin level,abnormal cicrulating properdin level,generated,active
abnormal circulating protein level,abnormal circulating prtoein level,generated,active
abnormal circulating protein level,abnormal circulting protein level,generated,active
abnormal circulating protein level,abnoraml circulating protein level,generated,active
abnormal circulating protein level,abnomal circulating protein level,generated,active
abnormal circulating protein level,abnormal circulating protein  level,generated,active
abnormal circulating protein level,abnormal circulating proein level,generated,active
abnormal circulating purine concentration,abnorml circulating purine concentration,generated,active
abnormal circulating purine concentration,abnormal circulating purine oncentration,generated,active
abnormal circulating purine concentration,abnormal cirulating purine concentration,generated,active
abnormal circulating purine concentration,abnormal circulating purine cncentration,generated,active
abnormal circulating purine concentration,abnoral circulating purine concentration,generated,active
abnormal circulating purine level,abnormal circulating purine leevel,generated,active
abnormal circulating purine level,abnormal circulatng purine level,generated,active
abnormal circulating purine level,abnormal circulating purinee level,generated,active
abnormal circulating purine level,abnormal circulating purie level,generated,active
abnormal circulating purine level,abnormal ciirculating purine level,generated,active
abnormal circulating purine level,abnormal circulatting purine level,generated,active
abnormal circulating renin,abnormal circulating reenin,generated,active
abnormal circulating renin,abnormal circuulating renin,generated,active
abnormal circulating renin,abnromal circulating renin,generated,active
abnormal circulating renin,anormal circulating renin,generated,active
abnormal circulating renin,abnnormal circulating renin,generated,active
abnormal circulating renin,abnormal circulating reninn,generated,active
abnormal circulating renin concentration,abnormal circulating renin cnocentration,generated,active
abnormal circulating renin concentration,abnormal kirculating renin concentration,generated,active
abnormal circulating renin concentration,abnormal circulaing renin concentration,generated,active
abnormal circulating renin concentration,abnormal icrculating renin concentration,generated,active
abnormal circulating renin concentration,bnormal circulating renin concentration,generated,active
abnormal circulating serine concentration,abnormal circulatig serine concentration,generated,active
abnormal circulating serine concentration,abnormal circulating serne concentration,generated,active
abnormal circulating serine concentration,abnorml circulating serine concentration,generated,active
abnormal circulating serine concentration,abnormal circulating seine concentration,generated,active
abnormal circulating t4 concentration,abnormal circulating t4 concnetration,generated,active
abnormal circulating t4 concentration,abnormal ciculating t4 concentration,generated,active
abnormal circulating t4 concentration,abnormal circulating t4 concintration,generated,active
abnormal circulating t4 concentration,abnormal circluating t4 concentration,generated,active
abnormal circulating t4 concentration,abnormal circulating t4 concenttration,generated,active
abnormal circulating t4 level,abnormal circulaitng t4 level,generated,active
abnormal circulating t4 level,abnormal circulating t4 elvel,generated,active
abnormal circulating t4 level,abnormal circulating t4 evel,generated,active
abnormal circulating t4 level,abnoormal circulating t4 level,generated,active
abnormal circulating t4 level,abbnormal circulating t4 level,generated,active
abnormal circulating t4 level,abnormal crculating t4 level,generated,active
abnormal circulating thyroglobulin level,abormal circulating thyroglobulin level,generated,active
abnormal circulating thyroglobulin level,abnormal ciculating thyroglobulin level,generated,active
abnormal circulating thyroglobulin level,abnormal circulatingt hyroglobulin level,generated,active
abnormal circulating thyroglobulin level,abnormal circulatign thyroglobulin level,generated,active
abnormal circulating thyroglobulin level,abnormal circulating thyroglobuiln level,generated,active
abnormal circulating thyroxine level,abnormal circulating thyroxine leel,generated,active
abnormal circulating thyroxine level,ebnormal circulating thyroxine level,generated,active
abnormal circulating thyroxine level,abnormal circulating thyroxin level,generated,active
abnormal circulating thyroxine level,abnormal circculating thyroxine level,generated,active
abnormal circulating transferrin level,abnormal circulating transferrin lvel,generated,active
abnormal circulating transferrin level,abnormal ciruclating transferrin level,generated,active
abnormal circulating transferrin level,abnormal circulating transferrn level,generated,active
abnormal circulating transferrin level,banormal circulating transferrin level,generated,active
abnormal circulating transferrin level,abnormal  circulating transferrin level,generated,active
abnormal circulating transferrin level,abnormal circulatin gtransferrin level,generated,active
abnormal circulating valine concentration,abnormal circulating valie concentration,generated,active
abnormal circulating valine concentration,abnormal circulating valine concentratin,generated,active
abnormal circulating valine concentration,abnormal circulating vaine concentration,generated,active
abnormal circulating valine concentration,abnormal circulating valine concentrtion,generated,active
abnormal circulating valine concentration,abnormal circulating valine cncentration,generated,active
abnormal circulating valine concentration,abnormal circulating valne concentration,generated,active
abnormal circulating vitamin b6 level,abnrmal circulating vitamin b6 level,generated,active
abnormal circulating vitamin b6 level,abnormal circulating vitamin b66 level,generated,active
abnormal circulating vitamin b6 level,abnormal circulating itamin b6 level,generated,active
abnormal circulating vitamin b6 level,abnormal circulating vitamin b6level,generated,active
abnormal clavicle morphology,abnormal claivcle morphology,generated,active
abnormal clavicle morphology,anormal clavicle morphology,generated,active
abnormal clavicle morphology,abnormal klavicle morphology,generated,active
abnormal clavicle morphology,abnormal claviicle morphology,generated,active
abnormal clavicle morphology,abnormal clavicle moprhology,generated,active
abnormal clavicle morphology,abnormal clavicle morphloogy,generated,active
abnormal clavicles,abnormal claavicles,generated,active
abnormal clavicles,bnormal clavicles,generated,active
abnormal clavicles,abnormal claicles,generated,active
abnormal clavicles,abnormaal clavicles,generated,active
abnormal clavicles,abnormal klavicles,generated,active
lagnat,lagna,hiligaynon,active
lagnat,lagat,hiligaynon,active
lagnat,lagnaat,hiligaynon,active
hilanat,hialnat,hiligaynon,active
hilanat,hilnaat,hiligaynon,active
ginakalagnat,ginakaagnat,hiligaynon,active
ginakalagnat,ginaklaagnat,hiligaynon,active
ginakalagnat,ginakalagnta,hiligaynon,active
ginakalagnat,gginakalagnat,hiligaynon,active
ginalagnat,giinalagnat,hiligaynon,active
ginalagnat,ginlaagnat,hiligaynon,active
ginalagnat,ginalagnatt,hiligaynon,active
gahilanat,gahelanat,hiligaynon,active
gahilanat,gahilana,hiligaynon,active
gahilanat,gahlanat,hiligaynon,active
ginahilanat,ginahilaat,hiligaynon,active
ginahilanat,ginahilana,hiligaynon,active
ginahilanat,ginailanat,hiligaynon,active
may init lawas,may init lawass,hiligaynon,active
may init lawas,my init lawas,hiligaynon,active
may init lawas,mya init lawas,hiligaynon,active
init lawas,enit lawas,hiligaynon,active
init lawas,init lewas,hiligaynon,active
init lawas,init laawas,hiligaynon,active
init lawas,init laaws,hiligaynon,active
may lagnat,may llagnat,hiligaynon,active
may lagnat,maylagnat,hiligaynon,active
may lagnat,may lagant,hiligaynon,active
ginainitan,giinainitan,hiligaynon,active
ginainitan,ginaniitan,hiligaynon,active
ginainitan,ginainitna,hiligaynon,active
ginainitan,ginnainitan,hiligaynon,active
ubo,uob,hiligaynon,active
ubo,bo,hiligaynon,active
gaubo,agubo,hiligaynon,active
gaubo,gauo,hiligaynon,active
ginaubo,ginaaubo,hiligaynon,active
ginaubo,ginaubbo,hiligaynon,active
ginaubo,ginaub,hiligaynon,active
nagauba,naguaba,hiligaynon,active
nagauba,naguba,hiligaynon,active
nagauba,nagaubaa,hiligaynon,active
ginauubo,ginauuubo,hiligaynon,active
ginauubo,ginuaubo,hiligaynon,active
may ubo,mayubo,hiligaynon,active
may ubo,mayu bo,hiligaynon,active
may ubo,may  ubo,hiligaynon,active
may ubo,may bo,hiligaynon,active
ubo-ubo,bo-ubo,hiligaynon,active
ubo-ubo,uo-ubo,hiligaynon,active
ubo-ubo,ubo-uob,hiligaynon,active
sip-on,ip-on,hiligaynon,active
sip-on,spi-on,hiligaynon,active
sipon,siponn,hiligaynon,active
may sip-on,may sipp-on,hiligaynon,active
may sip-on,may sip--on,hiligaynon,active
may sip-on,amy sip-on,hiligaynon,active
ginapanuhot,ginapauhot,hiligaynon,active
ginapanuhot,gianpanuhot,hiligaynon,active
ginapanuhot,ginapnuhot,hiligaynon,active
panuhot,pauhot,hiligaynon,active
panuhot,paanuhot,hiligaynon,active
panuhot,paunhot,hiligaynon,active
barado ilong,baradoo ilong,hiligaynon,active
barado ilong,baraddo ilong,hiligaynon,active
barado ilong,baraado ilong,hiligaynon,active
barado ilong,barado ilongg,hiligaynon,active
budlay ginhawa,budlayg inhawa,hiligaynon,active
budlay ginhawa,budlayy ginhawa,hiligaynon,active
budlay ginhawa,budlay ginhhawa,hiligaynon,active
budlay ginhawa,budly ginhawa,hiligaynon,active
budlay magginhawa,budlay magginnhawa,hiligaynon,active
budlay magginhawa,budlay maggiinhawa,hiligaynon,active
budlay magginhawa,buudlay magginhawa,hiligaynon,active
budlay gid ginhawa,budlay gi ginhawa,hiligaynon,active
budlay gid ginhawa,budley gid ginhawa,hiligaynon,active
budlay gid ginhawa,bbudlay gid ginhawa,hiligaynon,active
budlay gid ang ginhawa,budlay gid ang ginhawwa,hiligaynon,active
budlay gid ang ginhawa,budlay gid ang ginhwa,hiligaynon,active
budlay gid ang ginhawa,budlay gid angg ginhawa,hiligaynon,active
budlay gid ang ginhawa,budley gid ang ginhawa,hiligaynon,active
indi ko kaginhawa,indi ko aginhawa,hiligaynon,active
indi ko kaginhawa,ini ko kaginhawa,hiligaynon,active
indi makaginhawa,indi makaginhhawa,hiligaynon,active
indi makaginhawa,indi makaginhaw,hiligaynon,active
indi makaginhawa,indi makagihnawa,hiligaynon,active
indi makaginhawa,indi makaignhawa,hiligaynon,active
dula ginhawa,dula gginhawa,hiligaynon,active
dula ginhawa,dula gnhawa,hiligaynon,active
dula ginhawa,dul ginhawa,hiligaynon,active
ginakapos ginhawa,giankapos ginhawa,hiligaynon,active
ginakapos ginhawa,giinakapos ginhawa,hiligaynon,active
ginakapos ginhawa,gginakapos ginhawa,hiligaynon,active
ginahapo,ginahaapo,hiligaynon,active
ginahapo,inahapo,hiligaynon,active
ginahapo,ginahap,hiligaynon,active
hapo,hapu,hiligaynon,active
hapo,happo,hiligaynon,active
masakit dughan,masakit dugahn,hiligaynon,active
masakit dughan,amsakit dughan,hiligaynon,active
masakit dughan,maakit dughan,hiligaynon,active
masakit dughan,masakit duughan,hiligaynon,active
gasakit dughan,gsaakit dughan,hiligaynon,active
gasakit dughan,gasakit dughna,hiligaynon,active
gasakit dughan,gasaki dughan,hiligaynon,active
sakit dughan,saki tdughan,hiligaynon,active
sakit dughan,saki dughan,hiligaynon,active
sakit dughan,sakit dughaan,hiligaynon,active
sakit dughan,sait dughan,hiligaynon,active
hapdi dughan,hapdi dughna,hiligaynon,active
hapdi dughan,hapde dughan,hiligaynon,active
hapdi dughan,hapdi dughhan,hiligaynon,active
masakit dibdib,masakit  dibdib,hiligaynon,active
masakit dibdib,maskait dibdib,hiligaynon,active
masakit dibdib,masakit ibdib,hiligaynon,active
masakit akon dughan,masaki takon dughan,hiligaynon,active
masakit akon dughan,masakiit akon dughan,hiligaynon,active
masakit akon dughan,masakkit akon dughan,hiligaynon,active
masakit tiyan,masaikt tiyan,hiligaynon,active
masakit tiyan,masakit tiiyan,hiligaynon,active
masakit tiyan,masakit ttiyan,hiligaynon,active
masakit tiyan,masakit tiyn,hiligaynon,active
gasakit tiyan,gasakit tiyyan,hiligaynon,active
gasakit tiyan,gasakkit tiyan,hiligaynon,active
gasakit tiyan,gesakit tiyan,hiligaynon,active
sakit tiyan,sakti tiyan,hiligaynon,active
sakit tiyan,sakit ityan,hiligaynon,active
masakit akon tiyan,masakit aakon tiyan,hiligaynon,active
masakit akon tiyan,masakit akun tiyan,hiligaynon,active
masakit akon tiyan,masakit akon tiyann,hiligaynon,active
masakit akon tiyan,masakit  akon tiyan,hiligaynon,active
gapalanakit tiyan,gapalanakit tiyn,hiligaynon,active
gapalanakit tiyan,gapalnakit tiyan,hiligaynon,active
gapalanakit tiyan,gapalanakit ttiyan,hiligaynon,active
gapalanakit tiyan,gapalanakit tiiyan,hiligaynon,active
gasakit ulo,gasaki tulo,hiligaynon,active
gasakit ulo,gasakit uulo,hiligaynon,active
gasakit ulo,gasakit ullo,hiligaynon,active
gasakit ulo,gasaket ulo,hiligaynon,active
gapalanakit ulo,gapalaakit ulo,hiligaynon,active
gapalanakit ulo,gapalanacit ulo,hiligaynon,active
gapalanakit ulo,gapalanakit lo,hiligaynon,active
sakit ulo,sakit luo,hiligaynon,active
sakit ulo,sakit uo,hiligaynon,active
masakit ulo,maskit ulo,hiligaynon,active
masakit ulo,masakti ulo,hiligaynon,active
lipong ulo,lipongu lo,hiligaynon,active
lipong ulo,ipong ulo,hiligaynon,active
gasuka,gaska,hiligaynon,active
gasuka,gaasuka,hiligaynon,active
gasuka,agsuka,hiligaynon,active
gasuka,gauska,hiligaynon,active
ginasuka,ginaasuka,hiligaynon,active
nagasuka,nnagasuka,hiligaynon,active
nagasuka,angasuka,hiligaynon,active
nagasuka,nagasuca,hiligaynon,active
naga suka,ngaa suka,hiligaynon,active
naga suka,anga suka,hiligaynon,active
naga suka,naga sua,hiligaynon,active
gapalanuka,gaplanuka,hiligaynon,active
gapalanuka,gappalanuka,hiligaynon,active
gapalanuka,gapalanukaa,hiligaynon,active
gapalanuka,gapalaanuka,hiligaynon,active
ginsuka,insuka,hiligaynon,active
ginsuka,ginsuuka,hiligaynon,active
ginsuka,gginsuka,hiligaynon,active
ginsuka,ginskua,hiligaynon,active
suka,ska,hiligaynon,active
ginakulba,gnakulba,hiligaynon,active
ginakulba,ginakulb,hiligaynon,active
ginakulba,ginkaulba,hiligaynon,active
kulba,kluba,hiligaynon,active
kulba,kuulba,hiligaynon,active
ginakulba ko,ginakulba o,hiligaynon,active
ginakulba ko,ginakulba ok,hiligaynon,active
ginakulba ko,genakulba ko,hiligaynon,active
daw magasuka,dwa magasuka,hiligaynon,active
daw magasuka,daw magasuca,hiligaynon,active
daw magasuka,dw magasuka,hiligaynon,active
ginakalipong,ginakaliong,hiligaynon,active
lipong,lippong,hiligaynon,active
lipong,lepong,hiligaynon,active
lipong,lpiong,hiligaynon,active
lipong,lipogn,hiligaynon,active
nagakalipong,nagakaalipong,hiligaynon,active
nagakalipong,nagakalipnog,hiligaynon,active
nagakalipong,nagakalipoong,hiligaynon,active
nagakalipong,nagacalipong,hiligaynon,active
kalipong,kaliipong,hiligaynon,active
kalipong,aklipong,hiligaynon,active
kalipong,kalipng,hiligaynon,active
naluya,naluay,hiligaynon,active
naluya,naluyaa,hiligaynon,active
ginapangluya,ginapanlguya,hiligaynon,active
ginapangluya,genapangluya,hiligaynon,active
ginapangluya,ginapangluyya,hiligaynon,active
ginapangluya,gianpangluya,hiligaynon,active
luya,luye,hiligaynon,active
luya,ulya,hiligaynon,active
luya,luay,hiligaynon,active
kapoy,kkapoy,hiligaynon,active
kapoy,capoy,hiligaynon,active
kapoy,kaapoy,hiligaynon,active
kapoy gid,kaapoy gid,hiligaynon,active
kapoy gid,kappoy gid,hiligaynon,active
kapoy gid,capoy gid,hiligaynon,active
ginakapoy,ginekapoy,hiligaynon,active
ginakapoy,ginakappoy,hiligaynon,active
ginakapoy,giankapoy,hiligaynon,active
gahubag,gahubaag,hiligaynon,active
gahubag,ggahubag,hiligaynon,active
gahubag,gaubag,hiligaynon,active
gahubag,gaahubag,hiligaynon,active
hubag,hbag,hiligaynon,active
hubag,hubga,hiligaynon,active
hubag,hbuag,hiligaynon,active
ginahubag,giahubag,hiligaynon,active
ginahubag,giinahubag,hiligaynon,active
ginahubag,ginhaubag,hiligaynon,active
ginahubag,ginehubag,hiligaynon,active
nagahubag,nagahuabg,hiligaynon,active
nagahubag,nagauhbag,hiligaynon,active
nagahubag,naagahubag,hiligaynon,active
ginakurog,ginakuro,hiligaynon,active
ginakurog,ginnakurog,hiligaynon,active
ginakurog,ginakkurog,hiligaynon,active
nagakurog,nagakuroog,hiligaynon,active
nagakurog,nagaurog,hiligaynon,active
nagakurog,nagakkurog,hiligaynon,active
kurog,kurogg,hiligaynon,active
kurog,kuorg,hiligaynon,active
ginakulba lawas,ginaklba lawas,hiligaynon,active
ginakulba lawas,ginakulba awas,hiligaynon,active
ginakulba lawas,ginakula lawas,hiligaynon,active
ginakulba lawas,ginakulba lawsa,hiligaynon,active
may dugo sa suka,maydugo sa suka,hiligaynon,active
may dugo sa suka,may dguo sa suka,hiligaynon,active
may dugo sa suka,may dug sa suka,hiligaynon,active
nagsuka dugo,nagsuka dug,hiligaynon,active
nagsuka dugo,ngasuka dugo,hiligaynon,active
nagsuka dugo,nagsuka ugo,hiligaynon,active
nagsuka dugo,nagsuka duog,hiligaynon,active
dugo sa suka,ddugo sa suka,hiligaynon,active
dugo sa suka,dgo sa suka,hiligaynon,active
dugo sa suka,dugo sa skua,hiligaynon,active
dugo sa suka,dugo saa suka,hiligaynon,active
may dugo sa ihi,may dugo as ihi,hiligaynon,active
may dugo sa ihi,may dugo sa  ihi,hiligaynon,active
may dugo sa ihi,may dugo sa iih,hiligaynon,active
dugo sa ihi,dugo sa iih,hiligaynon,active
dugo sa ihi,dug sa ihi,hiligaynon,active
dugo sa ihi,duugo sa ihi,hiligaynon,active
pula ihi,pua ihi,hiligaynon,active
pula ihi,pula hii,hiligaynon,active
pula ihi,pula ii,hiligaynon,active
may dugo sa dumi,mey dugo sa dumi,hiligaynon,active
may dugo sa dumi,may dugo sa dum,hiligaynon,active
may dugo sa dumi,may dugo sa udmi,hiligaynon,active
may dugo sa dumi,may ugo sa dumi,hiligaynon,active
dugo sa tae,dugo  sa tae,hiligaynon,active
dugo sa tae,dugu sa tae,hiligaynon,active
dugo sa dumi,dugo sa dmi,hiligaynon,active
dugo sa dumi,ddugo sa dumi,hiligaynon,active
budlay tulog,budlay tlog,hiligaynon,active
budlay tulog,budllay tulog,hiligaynon,active
budlay tulog,budlay tulg,hiligaynon,active
indi makatulog,indi mkatulog,hiligaynon,active
indi makatulog,indi makautlog,hiligaynon,active
indi makatulog,indi amkatulog,hiligaynon,active
wala tulog,wala tuloog,hiligaynon,active
wala tulog,wla tulog,hiligaynon,active
wala tulog,walat ulog,hiligaynon,active
wala tulog,wala tulg,hiligaynon,active
nagabudlay lakat,negabudlay lakat,hiligaynon,active
nagabudlay lakat,nagabuddlay lakat,hiligaynon,active
nagabudlay lakat,naabudlay lakat,hiligaynon,active
nagabudlay lakat,naggabudlay lakat,hiligaynon,active
budlay maglakat,budla ymaglakat,hiligaynon,active
budlay maglakat,budlay maglakaat,hiligaynon,active
budlay maglakat,bdulay maglakat,hiligaynon,active
indi makalakat,indi makalaka,hiligaynon,active
indi makalakat,indi mkaalakat,hiligaynon,active
indi makalakat,indi mmakalakat,hiligaynon,active
indi makalakat,inddi makalakat,hiligaynon,active
naga tae,nega tae,hiligaynon,active
naga tae,naga ttae,hiligaynon,active
tae-tae,tee-tae,hiligaynon,active
tae-tae,tae-ate,hiligaynon,active
tae-tae,tae-tea,hiligaynon,active
malusaw tae,malusaw  tae,hiligaynon,active
malusaw tae,malusa wtae,hiligaynon,active
malusaw tae,mlausaw tae,hiligaynon,active
nagakalibang,nagaklibang,hiligaynon,active
nagakalibang,angakalibang,hiligaynon,active
nagakalibang,nagaalibang,hiligaynon,active
nagakalibang,nagakaibang,hiligaynon,active
sakit tutunlan,sakit tutunlna,hiligaynon,active
sakit tutunlan,sakit tuutnlan,hiligaynon,active
hapdi tutunlan,hapi tutunlan,hiligaynon,active
hapdi tutunlan,hapde tutunlan,hiligaynon,active
masakit tutunlan,masakit tutulnan,hiligaynon,active
masakit tutunlan,masakit uttunlan,hiligaynon,active
masakit tutunlan,msakit tutunlan,hiligaynon,active
masakit tutunlan,masakitt tutunlan,hiligaynon,active
sakit lawas,skit lawas,hiligaynon,active
sakit lawas,sakit laawas,hiligaynon,active
masakit lawas,masakit lwaas,hiligaynon,active
masakit lawas,masakit lawsa,hiligaynon,active
masakit lawas,maskit lawas,hiligaynon,active
gapalanakit lawas,gapalanakit laws,hiligaynon,active
gapalanakit lawas,gapalanaakit lawas,hiligaynon,active
gapalanakit lawas,gapalanakti lawas,hiligaynon,active
paminsa,pamensa,hiligaynon,active
paminsa,paimnsa,hiligaynon,active
paminsa,peminsa,hiligaynon,active
paminsa,paminssa,hiligaynon,active
panganud,pannganud,hiligaynon,active
panganud,apnganud,hiligaynon,active
panganud,pananud,hiligaynon,active
gahubag panit,gahuubag panit,hiligaynon,active
gahubag panit,ghaubag panit,hiligaynon,active
gahubag panit,gahubag panti,hiligaynon,active
gahubag panit,ggahubag panit,hiligaynon,active
kalapata,kalpata,hiligaynon,active
kalapata,kalapaat,hiligaynon,active
pantal,ppantal,hiligaynon,active
pantal,panntal,hiligaynon,active
pantal,pnatal,hiligaynon,active
sakit dulunggan,sakti dulunggan,hiligaynon,active
masakit dulunggan,masakit dulunnggan,hiligaynon,active
masakit dulunggan,masakit ulunggan,hiligaynon,active
masakit dulunggan,masakit udlunggan,hiligaynon,active
masakit dulunggan,masakit duulnggan,hiligaynon,active
sakit mata,sakitm ata,hiligaynon,active
sakit mata,sakit maa,hiligaynon,active
sakit mata,sakit mmata,hiligaynon,active
masakit mata,maskait mata,hiligaynon,active
masakit mata,maskit mata,hiligaynon,active
masakit mata,masaki mata,hiligaynon,active
sakit likod,ssakit likod,hiligaynon,active
sakit likod,saki likod,hiligaynon,active
sakit likod,sakit likdo,hiligaynon,active
masakit likod,masakit lkod,hiligaynon,active
masakit likod,masakti likod,hiligaynon,active
masakit likod,masakit lkiod,hiligaynon,active
hapdi mag-ihi,hapdi magi-hi,hiligaynon,active
hapdi mag-ihi,hapdi ma-gihi,hiligaynon,active
sakit mag-ihi,sait mag-ihi,hiligaynon,active
sakit mag-ihi,skit mag-ihi,hiligaynon,active
sakit mag-ihi,sakit amg-ihi,hiligaynon,active
sakit mag-ihi,sakit mag-ih,hiligaynon,active
masakit ihi,masaakit ihi,hiligaynon,active
masakit ihi,masaki tihi,hiligaynon,active
masakit ihi,maasakit ihi,hiligaynon,active
masakit ihi,masakit hi,hiligaynon,active
naga pitik dughan,nnaga pitik dughan,hiligaynon,active
naga pitik dughan,anga pitik dughan,hiligaynon,active
naga pitik dughan,naga pittik dughan,hiligaynon,active
madasig pitik,madasig pitiik,hiligaynon,active
madasig pitik,madasigp itik,hiligaynon,active
madasig pitik,madasiig pitik,hiligaynon,active
naguyam,naaguyam,hiligaynon,active
naguyam,naguyamm,hiligaynon,active
naguyam,aguyam,hiligaynon,active
naguyam,nagyam,hiligaynon,active
ginsuyam,gnisuyam,hiligaynon,active
ginsuyam,ginsuuyam,hiligaynon,active
ginsuyam,ginsyuam,hiligaynon,active
nagauyam,nagauam,hiligaynon,active
nagauyam,nagauym,hiligaynon,active
nagauyam,angauyam,hiligaynon,active
nadulaan malay,nadulaan mlaay,hiligaynon,active
nadulaan malay,nadulaan mlay,hiligaynon,active
nagpunaw,nagpunaww,hiligaynon,active
nagpunaw,nagpuunaw,hiligaynon,active
wala malay,waala malay,hiligaynon,active
wala malay,wla malay,hiligaynon,active
wala malay,waa malay,hiligaynon,active
wala malay,wala malaay,hiligaynon,active
nagadugo,nagaduggo,hiligaynon,active
nagadugo,nagaddugo,hiligaynon,active
gadugo,gadgo,hiligaynon,active
gadugo,agdugo,hiligaynon,active
gadugo,gaduo,hiligaynon,active
grabe nagadugo,grebe nagadugo,hiligaynon,active
grabe nagadugo,grabee nagadugo,hiligaynon,active
lagnat,lagnnat,multilingual,active
hilanat,hiilanat,multilingual,active
hilanat,hilanta,multilingual,active
hilanat,hianat,multilingual,active
ginakalagnat,ginaalagnat,multilingual,active
ginalagnat,ginaalagnat,multilingual,active
gahilanat,gahillanat,multilingual,active
ginahilanat,ginahilant,multilingual,active
may init lawas,may init  lawas,multilingual,active
init lawas,init laas,multilingual,active
init lawas,ini tlawas,multilingual,active
init lawas,iint lawas,multilingual,active
ubo,buo,multilingual,active
gaubo,gabuo,multilingual,active
ginaubo,gginaubo,multilingual,active
ginaubo,ginabuo,multilingual,active
nagauba,naaguba,multilingual,active
nagauba,ngaauba,multilingual,active
ginauubo,ginaubo,multilingual,active
ginauubo,ginaubuo,multilingual,active
may ubo,may uubo,multilingual,active
ubo gid,ubo ged,multilingual,active
ubo gid,ubo  gid,multilingual,active
ubo gid,uboo gid,multilingual,active
sip-on,sip-oon,multilingual,active
sipon,ssipon,multilingual,active
sipon,siipon,multilingual,active
may sip-on,may siip-on,multilingual,active
ginapanuhot,ginapanuhoot,multilingual,active
ginapanuhot,ginpanuhot,multilingual,active
panuhot,ppanuhot,multilingual,active
panuhot,penuhot,multilingual,active
barado ilong,baradoi long,multilingual,active
budlay ginhawa,budlay giinhawa,multilingual,active
budlay ginhawa,bdulay ginhawa,multilingual,active
budlay ginhawa,budlay ginhawwa,multilingual,active
budlay magginhawa,buday magginhawa,multilingual,active
budlay magginhawa,budlaay magginhawa,multilingual,active
budlay magginhawa,budlay maagginhawa,multilingual,active
budlay gid ginhawa,budlay ggid ginhawa,multilingual,active
budlay gid ginhawa,budlay gid ginhwaa,multilingual,active
budlay gid ginhawa,budlay gid ginahwa,multilingual,active
budlay gid ang ginhawa,budlay gid ang ginhhawa,multilingual,active
budlay gid ang ginhawa,bdlay gid ang ginhawa,multilingual,active
budlay gid ang ginhawa,budlaygid ang ginhawa,multilingual,active
indi ko kaginhawa,endi ko kaginhawa,multilingual,active
indi ko kaginhawa,indi ko kkaginhawa,multilingual,active
indi ko kaginhawa,indii ko kaginhawa,multilingual,active
indi makaginhawa,indi makagihawa,multilingual,active
dula ginhawa,dula gihnawa,multilingual,active
dula ginhawa,dulla ginhawa,multilingual,active
dula ginhawa,dulaginhawa,multilingual,active
ginakapos ginhawa,ginakapo sginhawa,multilingual,active
ginakapos ginhawa,ginekapos ginhawa,multilingual,active
ginakapos ginhawa,ginkapos ginhawa,multilingual,active
masakit dughan,masakit dughann,multilingual,active
masakit dughan,maasakit dughan,multilingual,active
gasakit dughan,gaskit dughan,multilingual,active
gasakit dughan,gesakit dughan,multilingual,active
sakit dughan,sakit dghan,multilingual,active
sakit dughan,sakit dugha,multilingual,active
sakit dughan,sakit dugahn,multilingual,active
hapdi dughan,hpdi dughan,multilingual,active
hapdi dughan,hapdi dughaan,multilingual,active
masakit dibdib,masaki tdibdib,multilingual,active
masakit dibdib,masaket dibdib,multilingual,active
masakit akon dughan,masakit akon dughann,multilingual,active
masakit akon dughan,masaikt akon dughan,multilingual,active
sakit dughan gid,sakit dugghan gid,multilingual,active
sakit dughan gid,saket dughan gid,multilingual,active
sakit dughan gid,sait dughan gid,multilingual,active
masakit dughan ko,masakit dghan ko,multilingual,active
masakit dughan ko,masakit dughan o,multilingual,active
masakit dughan ko,msakit dughan ko,multilingual,active
masakit tiyan,masakit tyan,multilingual,active
masakit tiyan,masaki ttiyan,multilingual,active
masakit tiyan,maasakit tiyan,multilingual,active
gasakit tiyan,gasakit tyian,multilingual,active
gasakit tiyan,gasaakit tiyan,multilingual,active
sakit tiyan,saket tiyan,multilingual,active
sakit tiyan,sakt tiyan,multilingual,active
masakit akon tiyan,masakitakon tiyan,multilingual,active
masakit akon tiyan,mmasakit akon tiyan,multilingual,active
masakit akon tiyan,msakit akon tiyan,multilingual,active
gapalanakit tiyan,gapalanaket tiyan,multilingual,active
sakit tiyan gid,saakit tiyan gid,multilingual,active
sakit tiyan gid,sakit tiyan ggid,multilingual,active
sakit tiyan gid,sakit tiyann gid,multilingual,active
masakit tiyan ko,mesakit tiyan ko,multilingual,active
masakit tiyan ko,masakitt tiyan ko,multilingual,active
masakit tiyan ko,masait tiyan ko,multilingual,active
gapasakit tiyan,gapsaakit tiyan,multilingual,active
gapasakit tiyan,gapasakit tiyna,multilingual,active
gapasakit tiyan,gapasacit tiyan,multilingual,active
gasakit ulo,gasaakit ulo,multilingual,active
gasakit ulo,gasakit uol,multilingual,active
gapalanakit ulo,gapalanakt ulo,multilingual,active
gapalanakit ulo,gapalanakit ulu,multilingual,active
sakit ulo,ssakit ulo,multilingual,active
sakit ulo,sakit ul,multilingual,active
sakit ulo,askit ulo,multilingual,active
lipong ulo,lipoong ulo,multilingual,active
lipong ulo,lipong uloo,multilingual,active
sakit ulo gid,sakit lo gid,multilingual,active
sakit ulo gid,sakitu lo gid,multilingual,active
sakit ulo gid,sekit ulo gid,multilingual,active
masakit ulo ko,masakit uloo ko,multilingual,active
masakit ulo ko,masakt ulo ko,multilingual,active
masakit ulo ko,masaki tulo ko,multilingual,active
gapasakit ulo,gapasakit  ulo,multilingual,active
gapasakit ulo,gapasaki ulo,multilingual,active
gapasakit ulo,gapasait ulo,multilingual,active
gasuka,gasukka,multilingual,active
gasuka,gsauka,multilingual,active
gasuka,gassuka,multilingual,active
nagasuka,nagasuk,multilingual,active
nagasuka,nagauska,multilingual,active
naga suka,nagasuka,multilingual,active
gapalanuka,gapaalanuka,multilingual,active
gapalanuka,gapalaunka,multilingual,active
gapalanuka,gpaalanuka,multilingual,active
ginsuka,ginnsuka,multilingual,active
ginsuka,gisuka,multilingual,active
suka,suk,multilingual,active
naga suka gid,aga suka gid,multilingual,active
naga suka gid,nag asuka gid,multilingual,active
naga suka gid,naga uka gid,multilingual,active
ginakulba,ginakulab,multilingual,active
ginakulba,giakulba,multilingual,active
ginakulba,ginauklba,multilingual,active
kulba,kulbaa,multilingual,active
kulba,kkulba,multilingual,active
ginakulba ko,ginakulba  ko,multilingual,active
ginakulba ko,giinakulba ko,multilingual,active
daw magasuka,da magasuka,multilingual,active
ginakalipong,giakalipong,multilingual,active
ginakalipong,inakalipong,multilingual,active
lipong,lipung,multilingual,active
nagakalipong,nagaakalipong,multilingual,active
nagakalipong,ngaakalipong,multilingual,active
kalipong,kalpiong,multilingual,active
lipong gid,lipong gi,multilingual,active
lipong gid,ipong gid,multilingual,active
lipong gid,liong gid,multilingual,active
nagkalipong,agkalipong,multilingual,active
nagkalipong,nagkalipng,multilingual,active
nagkalipong,nagkaipong,multilingual,active
nahilo,nailo,multilingual,active
nahilo,nnahilo,multilingual,active
nahilo,nahlio,multilingual,active
naluya,naaluya,multilingual,active
naluya,nluya,multilingual,active
naluya,nalyua,multilingual,active
ginapangluya,ignapangluya,multilingual,active
ginapangluya,ginapangluy,multilingual,active
kapoy gid,kapo gid,multilingual,active
kapoy gid,kapo ygid,multilingual,active
ginakapoy,ginaakpoy,multilingual,active
ginakapoy,gginakapoy,multilingual,active
luya gid,lluya gid,multilingual,active
luya gid,luye gid,multilingual,active
luya gid,luya ged,multilingual,active
gahubag,gahbag,multilingual,active
ginahubag,ginnahubag,multilingual,active
ginahubag,inahubag,multilingual,active
nagahubag,nagaubag,multilingual,active
ginakurog,ginakuurog,multilingual,active
ginakurog,gniakurog,multilingual,active
nagakurog,nagakuorg,multilingual,active
nagakurog,nagakurgo,multilingual,active
kurog,kuroog,multilingual,active
kurog,curog,multilingual,active
ginakulba lawas,ginakulba lawwas,multilingual,active
ginakulba lawas,ginakulba llawas,multilingual,active
ginakulba lawas,ginekulba lawas,multilingual,active
may dugo sa suka,ma ydugo sa suka,multilingual,active
may dugo sa suka,may duo sa suka,multilingual,active
may dugo sa suka,may dugo sa ska,multilingual,active
nagsuka dugo,nagsukadugo,multilingual,active
dugo sa suka,dugo sa suk,multilingual,active
dugo sa suka,dug osa suka,multilingual,active
dugo sa suka,duugo sa suka,multilingual,active
may dugo sa ihi,mey dugo sa ihi,multilingual,active
may dugo sa ihi,may dugo sa ihhi,multilingual,active
dugo sa ihi,dugo saa ihi,multilingual,active
pula ihi,pulaihi,multilingual,active
pula ihi,pulla ihi,multilingual,active
may dugo sa dumi,may dugo as dumi,multilingual,active
dugo sa tae,dugo sa ta,multilingual,active
dugo sa tae,dugo s atae,multilingual,active
dugo sa dumi,dugo sa dummi,multilingual,active
dugo sa dumi,dugo sa dumii,multilingual,active
dugo sa dumi,dugu sa dumi,multilingual,active
budlay tulog,budla ytulog,multilingual,active
budlay tulog,bdlay tulog,multilingual,active
budlay tulog,bdulay tulog,multilingual,active
indi makatulog,ind imakatulog,multilingual,active
indi makatulog,indi makkatulog,multilingual,active
indi makatulog,indi mekatulog,multilingual,active
wala tulog,walaa tulog,multilingual,active
nagabudlay lakat,nnagabudlay lakat,multilingual,active
budlay maglakat,budlay magakat,multilingual,active
budlay maglakat,budllay maglakat,multilingual,active
budlay maglakat,budla maglakat,multilingual,active
indi makalakat,indi makalakta,multilingual,active
indi makalakat,ind imakalakat,multilingual,active
indi makalakat,idni makalakat,multilingual,active
naga tae,nagaa tae,multilingual,active
naga tae,nagatae,multilingual,active
tae-tae,ta-tae,multilingual,active
tae-tae,tae-ttae,multilingual,active
malusaw tae,malusaw tea,multilingual,active
malusaw tae,melusaw tae,multilingual,active
nagakalibang,nagakaliban,multilingual,active
nagakalibang,naakalibang,multilingual,active
naga tae gid,naag tae gid,multilingual,active
naga tae gid,naga tae giid,multilingual,active
naga tae gid,naga tae gidd,multilingual,active
tae man,tee man,multilingual,active
tae man,te man,multilingual,active
tae man,ta eman,multilingual,active
sakit tutunlan,sakit tutunlann,multilingual,active
sakit tutunlan,sakt tutunlan,multilingual,active
hapdi tutunlan,hapdi tutunla,multilingual,active
hapdi tutunlan,hapd tutunlan,multilingual,active
masakit tutunlan,masaket tutunlan,multilingual,active
sakit lawas,sakitl awas,multilingual,active
sakit lawas,askit lawas,multilingual,active
masakit lawas,masakit laawas,multilingual,active
masakit lawas,msaakit lawas,multilingual,active
gapalanakit lawas,gapalaakit lawas,multilingual,active
gapalanakit lawas,gapalanakitl awas,multilingual,active
gapalanakit lawas,gaapalanakit lawas,multilingual,active
paminsa,pamnisa,multilingual,active
paminsa,pamminsa,multilingual,active
panganud,panagnud,multilingual,active
gahubag panit,gahubag pannit,multilingual,active
gahubag panit,gahubag pant,multilingual,active
kalapata,kkalapata,multilingual,active
kalapata,aklapata,multilingual,active
pantal,apntal,multilingual,active
sakit dulunggan,sakit ddulunggan,multilingual,active
sakit dulunggan,sakiit dulunggan,multilingual,active
sakit dulunggan,sakit dulunnggan,multilingual,active
masakit dulunggan,masaakit dulunggan,multilingual,active
masakit dulunggan,masakti dulunggan,multilingual,active
masakit dulunggan,masakit dluunggan,multilingual,active
sakit mata,sakit mta,multilingual,active
masakit mata,masakit amta,multilingual,active
masakit mata,masakit mmata,multilingual,active
masakit mata,masakit mtaa,multilingual,active
masakit likod,masakit liod,multilingual,active
masakit likod,masakit likd,multilingual,active
masakit likod,masakit likud,multilingual,active
hapdi mag-ihi,hpdi mag-ihi,multilingual,active
hapdi mag-ihi,hapdi mag-ii,multilingual,active
sakit mag-ihi,sakit magihi,multilingual,active
masakit ihi,masakit ihii,multilingual,active
naga pitik dughan,naga pitik dughaan,multilingual,active
naga pitik dughan,naga piitk dughan,multilingual,active
naga pitik dughan,naga pitik dugha,multilingual,active
madasig pitik,medasig pitik,multilingual,active
naguyam,naguyma,multilingual,active
naguyam,naguaym,multilingual,active
ginsuyam,ginsuaym,multilingual,active
ginsuyam,giinsuyam,multilingual,active
nagauyam,agauyam,multilingual,active
nadulaan malay,nadulaan amlay,multilingual,active
nadulaan malay,nnadulaan malay,multilingual,active
wala malay,wala maly,multilingual,active
wala malay,wala maaly,multilingual,active
nagadugo,nagaugo,multilingual,active
nagadugo,nagaduog,multilingual,active
grabe nagadugo,grabe nagaduo,multilingual,active
grabe nagadugo,garbe nagadugo,multilingual,active
grabe nagadugo,grabe naagdugo,multilingual,active
nagdugo,nagduo,multilingual,active
nagdugo,nadgugo,multilingual,active
nagdugo,nagdugoo,multilingual,active
dugo gid,dugo id,multilingual,active
dugo gid,dugo  gid,multilingual,active
dugo gid,udgo gid,multilingual,active
grabe dugo,grrabe dugo,multilingual,active
grabe dugo,rgabe dugo,multilingual,active
grabe dugo,grebe dugo,multilingual,active
may lagnat,may agnat,multilingual,active
may lagnat,may langat,multilingual,active
nilalagnat,nnilalagnat,multilingual,active
nilalagnat,nillaagnat,multilingual,active
nilalagnat,nilalagnatt,multilingual,active
mataas ang lagnat,mataas angg lagnat,multilingual,active
mataas ang lagnat,mataas agn lagnat,multilingual,active
mataas ang lagnat,mataas ang lagnaat,multilingual,active
mainit ang katawan,mainit angg katawan,multilingual,active
mainit ang katawan,mainit ag katawan,multilingual,active
mainit ang katawan,mianit ang katawan,multilingual,active
mainit ulo,maini ulo,multilingual,active
mainit ulo,maint ulo,multilingual,active
mainit ulo,manit ulo,multilingual,active
mainit katawan,mainitkatawan,multilingual,active
mainit katawan,aminit katawan,multilingual,active
mainit katawan,mainitt katawan,multilingual,active
may init,may inti,multilingual,active
may init,may  init,multilingual,active
may init,may iniit,multilingual,active
inuubo,nuubo,multilingual,active
inuubo,iuubo,multilingual,active
inuubo,inuuboo,multilingual,active
umiubo,umiub,multilingual,active
umiubo,uumiubo,multilingual,active
umiubo,umibo,multilingual,active
ubo na,ubona,multilingual,active
ubo na,ubo ne,multilingual,active
ubo na,uob na,multilingual,active
ubo pa rin,ubo pe rin,multilingual,active
ubo pa rin,ubo ap rin,multilingual,active
ubo pa rin,ubo ppa rin,multilingual,active
ubuhin,ubuhn,multilingual,active
ubuhin,ubuhiin,multilingual,active
ubuhin,ubuuhin,multilingual,active
may sipon,may sion,multilingual,active
may sipon,may sipoon,multilingual,active
may sipon,mayy sipon,multilingual,active
baradong ilong,bradong ilong,multilingual,active
baradong ilong,baradongilong,multilingual,active
baradong ilong,baradnog ilong,multilingual,active
hirap huminga,hirap huimnga,multilingual,active
hirap huminga,hiraap huminga,multilingual,active
hirap huminga,hiraphuminga,multilingual,active
nahihirapang huminga,naahihirapang huminga,multilingual,active
nahihirapang huminga,nahihirapng huminga,multilingual,active
nahihirapang huminga,nahhiirapang huminga,multilingual,active
kapos ang paghinga,capos ang paghinga,multilingual,active
kapos ang paghinga,kapos ang pahinga,multilingual,active
kapos ang paghinga,kapos anng paghinga,multilingual,active
hindi makahinga,hindii makahinga,multilingual,active
hindi makahinga,hind imakahinga,multilingual,active
hindi makahinga,hhindi makahinga,multilingual,active
hingal na hingal,hignal na hingal,multilingual,active
hingal na hingal,hingal  na hingal,multilingual,active
hingal na hingal,hingal na hhingal,multilingual,active
hingal na,hinngal na,multilingual,active
hingal na,hingaal na,multilingual,active
hingal na,hingel na,multilingual,active
hirap na huminga,herap na huminga,multilingual,active
hirap na huminga,hirap na uhminga,multilingual,active
hirap na huminga,hriap na huminga,multilingual,active
sakit sa dibdib,sakit sadibdib,multilingual,active
sakit sa dibdib,sakit  sa dibdib,multilingual,active
sakit sa dibdib,sakit saa dibdib,multilingual,active
masakit ang dibdib,masakit ang dibddib,multilingual,active
masakit ang dibdib,masakit anng dibdib,multilingual,active
masakit ang dibdib,masaket ang dibdib,multilingual,active
pananakit ng dibdib,pananakit ng ibdib,multilingual,active
pananakit ng dibdib,pananakit ng ddibdib,multilingual,active
pananakit ng dibdib,pananakit nng dibdib,multilingual,active
sumasakit dibdib,sumsakit dibdib,multilingual,active
sumasakit dibdib,sumasakit dibddib,multilingual,active
sumasakit dibdib,sumasakit dibidb,multilingual,active
sakit dibdib,ssakit dibdib,multilingual,active
sakit dibdib,saki tdibdib,multilingual,active
sakit dibdib,sakit didbib,multilingual,active
sakit ng tiyan,sakt ng tiyan,multilingual,active
sakit ng tiyan,saikt ng tiyan,multilingual,active
sakit ng tiyan,sakit ng ttiyan,multilingual,active
masakit ang tiyan,masakit ang tiyann,multilingual,active
masakit ang tiyan,masakit ang tian,multilingual,active
masakit ang tiyan,masakit  ang tiyan,multilingual,active
sakit sa tiyan,sakitsa tiyan,multilingual,active
sakit sa tiyan,sakit a tiyan,multilingual,active
sakit sa tiyan,sakiit sa tiyan,multilingual,active
sumasakit tiyan,sumasakiit tiyan,multilingual,active
sumasakit tiyan,sumaskit tiyan,multilingual,active
sumasakit tiyan,sumasakt tiyan,multilingual,active
sakit ng ulo,sakti ng ulo,multilingual,active
sakit ng ulo,sakitng ulo,multilingual,active
sakit ng ulo,sakkit ng ulo,multilingual,active
masakit ang ulo,masakit agn ulo,multilingual,active
masakit ang ulo,masakit ang uol,multilingual,active
masakit ang ulo,maasakit ang ulo,multilingual,active
sumasakit ang ulo,sumasakit agn ulo,multilingual,active
sumasakit ang ulo,sumasakit ang lo,multilingual,active
sumasakit ang ulo,sumsakit ang ulo,multilingual,active
sumasakit ulo,sumasait ulo,multilingual,active
sumasakit ulo,sumesakit ulo,multilingual,active
sumasakit ulo,suamsakit ulo,multilingual,active
masakit na ulo,masakit n ulo,multilingual,active
masakit na ulo,massakit na ulo,multilingual,active
masakit na ulo,masakit na luo,multilingual,active
nagsusuka,nagsusukaa,multilingual,active
nagsusuka,nasusuka,multilingual,active
nagsusuka,ngasusuka,multilingual,active
pagsusuka,paggsusuka,multilingual,active
pagsusuka,pagsuska,multilingual,active
pagsusuka,pagsusukaa,multilingual,active
sumuka,sumuca,multilingual,active
sumuka,usmuka,multilingual,active
sumuka,suumka,multilingual,active
suka nang suka,suka nanng suka,multilingual,active
suka nang suka,suka nnang suka,multilingual,active
suka nang suka,suka nang suuka,multilingual,active
paulit ulit suka,pauli ulit suka,multilingual,active
paulit ulit suka,paulitt ulit suka,multilingual,active
paulit ulit suka,paulit ulit sukaa,multilingual,active
nasusuka,nasuuka,multilingual,active
nasusuka,nasusuca,multilingual,active
nasusuka,nasusuak,multilingual,active
nakakaramdam ng pagduduwal,nkaakaramdam ng pagduduwal,multilingual,active
nakakaramdam ng pagduduwal,nakakaramdam ng pagduduwall,multilingual,active
nakakaramdam ng pagduduwal,nakakaramdam ng pagduuduwal,multilingual,active
nahihilo,nahihiol,multilingual,active
nahihilo,nahhiilo,multilingual,active
nahihilo,ahihilo,multilingual,active
hilo,helo,multilingual,active
hilo,hiol,multilingual,active
hilo,hiilo,multilingual,active
umaaligid ang paningin,muaaligid ang paningin,multilingual,active
umaaligid ang paningin,umaaligid ang panigin,multilingual,active
umaaligid ang paningin,umaalegid ang paningin,multilingual,active
nahihilo na,ahihilo na,multilingual,active
nahihilo na,nahhilo na,multilingual,active
nahihilo na,nahihil ona,multilingual,active
hilo na hilo,hilo  na hilo,multilingual,active
hilo na hilo,helo na hilo,multilingual,active
hilo na hilo,hilu na hilo,multilingual,active
nahihina,nahihhina,multilingual,active
nahihina,nhihina,multilingual,active
nahihina,nahihiina,multilingual,active
panghihina,pannghihina,multilingual,active
panghihina,ppanghihina,multilingual,active
panghihina,panghiihina,multilingual,active
pagod na pagod,pgaod na pagod,multilingual,active
pagod na pagod,pagod napagod,multilingual,active
pagod na pagod,pagod na pagood,multilingual,active
sobrang hina,osbrang hina,multilingual,active
sobrang hina,sobragn hina,multilingual,active
sobrang hina,sorang hina,multilingual,active
walang lakas,waalang lakas,multilingual,active
walang lakas,walang laksa,multilingual,active
walang lakas,walang  lakas,multilingual,active
pagtatae,pegtatae,multilingual,active
pagtatae,apgtatae,multilingual,active
pagtatae,pagtattae,multilingual,active
nagtatae,nagtaae,multilingual,active
nagtatae,naagtatae,multilingual,active
nagtatae,nagtataae,multilingual,active
matubig na dumi,matubig na dmi,multilingual,active
matubig na dumi,matubig nna dumi,multilingual,active
matubig na dumi,matubig na umi,multilingual,active
tae nang tae,tae nang  tae,multilingual,active
tae nang tae,tae anng tae,multilingual,active
tae nang tae,tae nanng tae,multilingual,active
madalas magtae,madals magtae,multilingual,active
madalas magtae,madalas maggtae,multilingual,active
madalas magtae,maalas magtae,multilingual,active
masakit ang lalamunan,massakit ang lalamunan,multilingual,active
masakit ang lalamunan,masakit  ang lalamunan,multilingual,active
masakit ang lalamunan,masakit ang lalamunann,multilingual,active
sakit ng lalamunan,sakit ng laamunan,multilingual,active
sakit ng lalamunan,sakit ng lalaunan,multilingual,active
sakit ng lalamunan,sakit ng lalamuna,multilingual,active
sakit ng katawan,saki ng katawan,multilingual,active
sakit ng katawan,sakit n gkatawan,multilingual,active
sakit ng katawan,sait ng katawan,multilingual,active
pananakit ng katawan,paannakit ng katawan,multilingual,active
pananakit ng katawan,apnanakit ng katawan,multilingual,active
pananakit ng katawan,pnaanakit ng katawan,multilingual,active
nagsusuka ng dugo,nagusuka ng dugo,multilingual,active
nagsusuka ng dugo,nagsusuka n gdugo,multilingual,active
nagsusuka ng dugo,nagsusua ng dugo,multilingual,active
umuubo ng dugo,umubo ng dugo,multilingual,active
umuubo ng dugo,umuuob ng dugo,multilingual,active
umuubo ng dugo,muuubo ng dugo,multilingual,active
may dugo sa plema,may dugo sa lpema,multilingual,active
may dugo sa plema,maydugo sa plema,multilingual,active
may dugo sa plema,may dugo sa lema,multilingual,active
nahimatay,nahimaty,multilingual,active
nahimatay,nahiamtay,multilingual,active
nahimatay,nahimtaay,multilingual,active
nawalan ng malay,nawala ng malay,multilingual,active
nawalan ng malay,nawalan ng maalay,multilingual,active
nawalan ng malay,nawalan ngm alay,multilingual,active
dumudugo,udmudugo,multilingual,active
dumudugo,dumuduugo,multilingual,active
dumudugo,dumudguo,multilingual,active
matinding pagdurugo,amtinding pagdurugo,multilingual,active
matinding pagdurugo,matindig pagdurugo,multilingual,active
matinding pagdurugo,matinding pgdurugo,multilingual,active
dumudugo pa,dumuduggo pa,multilingual,active
dumudugo pa,dumuduog pa,multilingual,active
dumudugo pa,dumudugo pe,multilingual,active
grabe ang dugo,grabe aang dugo,multilingual,active
grabe ang dugo,grabe an dugo,multilingual,active
grabe ang dugo,graeb ang dugo,multilingual,active
buntis at dumudugo,buntis at dumuduugo,multilingual,active
buntis at dumudugo,buntis at dumudugu,multilingual,active
buntis at dumudugo,buuntis at dumudugo,multilingual,active
may dugo habang buntis,may  dugo habang buntis,multilingual,active
may dugo habang buntis,may dugo habbang buntis,multilingual,active
may dugo habang buntis,may dugo habang untis,multilingual,active
headache,hedake,clinical,active
headache,headake,clinical,active
