concept_id,canonical_name,medical_category,severity_weight,emergency_weight,urgent_weight,danger_sign,alias,alias_type,status
runny_nose,"Runny Nose",respiratory,1,0,0,no,"runny nose",canonical,active
runny_nose,"Runny Nose",respiratory,1,0,0,no,rhinorrhea,synonym,active
runny_nose,"Runny Nose",respiratory,1,0,0,no,"nasal discharge",synonym,active
runny_nose,"Runny Nose",respiratory,1,0,0,no,"stuffy nose",synonym,active
runny_nose,"Runny Nose",respiratory,1,0,0,no,"nasal congestion",synonym,active
runny_nose,"Runny Nose",respiratory,1,0,0,no,sip-on,synonym,active
runny_nose,"Runny Nose",respiratory,1,0,0,no,"may sip-on",synonym,active
runny_nose,"Runny Nose",respiratory,1,0,0,no,sipon,synonym,active
runny_nose,"Runny Nose",respiratory,1,0,0,no,ginapanuhot,synonym,active
runny_nose,"Runny Nose",respiratory,1,0,0,no,panuhot,synonym,active
runny_nose,"Runny Nose",respiratory,1,0,0,no,"barado ilong",synonym,active
runny_nose,"Runny Nose",respiratory,1,0,0,no,ginasip-on,synonym,active
runny_nose,"Runny Nose",respiratory,1,0,0,no,"ginatulo gid ilong ko",synonym,active
runny_nose,"Runny Nose",respiratory,1,0,0,no,"ginatulo ilong ko",synonym,active
runny_nose,"Runny Nose",respiratory,1,0,0,no,"may sipon",synonym,active
runny_nose,"Runny Nose",respiratory,1,0,0,no,"may sipon ako",synonym,active
runny_nose,"Runny Nose",respiratory,1,0,0,no,"sip on",synonym,active
runny_nose,"Runny Nose",respiratory,1,0,0,no,"sip-on ko",synonym,active
runny_nose,"Runny Nose",respiratory,1,0,0,no,"nagatulo ang sip-on",synonym,active
runny_nose,"Runny Nose",respiratory,1,0,0,no,"may sip-on ako",synonym,active
runny_nose,"Runny Nose",respiratory,1,0,0,no,"nagatulo sip-on",synonym,active
runny_nose,"Runny Nose",respiratory,1,0,0,no,"baradong ilong",synonym,active
runny_nose,"Runny Nose",respiratory,1,0,0,no,runny_nose,concept_id,active
cough,Cough,respiratory,2,0,1,no,cough,canonical,active
cough,Cough,respiratory,2,0,1,no,coughing,synonym,active
cough,Cough,respiratory,2,0,1,no,"mild cough",synonym,active
cough,Cough,respiratory,2,0,1,no,"dry cough",synonym,active
cough,Cough,respiratory,2,0,1,no,"productive cough",synonym,active
cough,Cough,respiratory,2,0,1,no,ubo,synonym,active
cough,Cough,respiratory,2,0,1,no,"may ubo",synonym,active
cough,Cough,respiratory,2,0,1,no,nagauba,synonym,active
cough,Cough,respiratory,2,0,1,no,ginauubo,synonym,active
cough,Cough,respiratory,2,0,1,no,gaubo,synonym,active
cough,Cough,respiratory,2,0,1,no,ginaubo,synonym,active
cough,Cough,respiratory,2,0,1,no,ubo-ubo,synonym,active
cough,Cough,respiratory,2,0,1,no,"3 ka adlaw gahika ko",synonym,active
cough,Cough,respiratory,2,0,1,no,"5 ka adlaw gahika ko",synonym,active
cough,Cough,respiratory,2,0,1,no,"bag-o lang gahika ko",synonym,active
cough,Cough,respiratory,2,0,1,no,cof,synonym,active
cough,Cough,respiratory,2,0,1,no,"doc gahika ko 3 days na",synonym,active
cough,Cough,respiratory,2,0,1,no,"dugay na gahika ko",synonym,active
cough,Cough,respiratory,2,0,1,no,"gahapon gahika ko",synonym,active
cough,Cough,respiratory,2,0,1,no,"gahhika ko",synonym,active
cough,Cough,respiratory,2,0,1,no,"gahika ako",synonym,active
cough,Cough,respiratory,2,0,1,no,"gahika ko",synonym,active
cough,Cough,respiratory,2,0,1,no,"gahika ko 3 days na",synonym,active
cough,Cough,respiratory,2,0,1,no,"gahika ko 3 ka adlaw",synonym,active
cough,Cough,respiratory,2,0,1,no,"gahika ko 5 ka adlaw",synonym,active
cough,Cough,respiratory,2,0,1,no,"gahika ko bag-o lang",synonym,active
cough,Cough,respiratory,2,0,1,no,"gahika ko dugay na",synonym,active
cough,Cough,respiratory,2,0,1,no,"gahika ko gahapon",synonym,active
cough,Cough,respiratory,2,0,1,no,"gahika ko gid ko",synonym,active
cough,Cough,respiratory,2,0,1,no,"gahika ko kagapon",synonym,active
cough,Cough,respiratory,2,0,1,no,"gahika ko semana na",synonym,active
cough,Cough,respiratory,2,0,1,no,"gahika ko subong lang",synonym,active
cough,Cough,respiratory,2,0,1,no,"gihika ko",synonym,active
cough,Cough,respiratory,2,0,1,no,ginacough,synonym,active
cough,Cough,respiratory,2,0,1,no,"ginauubo ko",synonym,active
cough,Cough,respiratory,2,0,1,no,"kagapon gahika ko",synonym,active
cough,Cough,respiratory,2,0,1,no,kuhul,synonym,active
cough,Cough,respiratory,2,0,1,no,"may ginauubo",synonym,active
cough,Cough,respiratory,2,0,1,no,"may ubo ako",synonym,active
cough,Cough,respiratory,2,0,1,no,"semana na gahika ko",synonym,active
cough,Cough,respiratory,2,0,1,no,"subong lang gahika ko",synonym,active
cough,Cough,respiratory,2,0,1,no,"ubo ko",synonym,active
cough,Cough,respiratory,2,0,1,no,ubuhan,synonym,active
cough,Cough,respiratory,2,0,1,no,gahika,synonym,active
cough,Cough,respiratory,2,0,1,no,"ginaubo ko",synonym,active
cough,Cough,respiratory,2,0,1,no,nagauubo,synonym,active
cough,Cough,respiratory,2,0,1,no,nagaubo,synonym,active
cough,Cough,respiratory,2,0,1,no,ginakuhul,synonym,active
cough,Cough,respiratory,2,0,1,no,"uga ubo",synonym,active
cough,Cough,respiratory,2,0,1,no,"basa ubo",synonym,active
cough,Cough,respiratory,2,0,1,no,"nagaubo ako",synonym,active
cough,Cough,respiratory,2,0,1,no,"permi nagaubo",synonym,active
cough,Cough,respiratory,2,0,1,no,"ubo ako",synonym,active
cough,Cough,respiratory,2,0,1,no,"ubo gid",synonym,active
cough,Cough,respiratory,2,0,1,no,"ga ubo",synonym,active
cough,Cough,respiratory,2,0,1,no,"ubo man",synonym,active
cough,Cough,respiratory,2,0,1,no,"may ubo gid",synonym,active
cough,Cough,respiratory,2,0,1,no,inuubo,synonym,active
cough,Cough,respiratory,2,0,1,no,umiubo,synonym,active
fever,Fever,general,2,0,2,no,fever,canonical,active
fever,Fever,general,2,0,2,no,febrile,synonym,active
fever,Fever,general,2,0,2,no,pyrexia,synonym,active
fever,Fever,general,2,0,2,no,"high temperature",synonym,active
fever,Fever,general,2,0,2,no,"high fever",synonym,active
fever,Fever,general,2,0,2,no,"low grade fever",synonym,active
fever,Fever,general,2,0,2,no,lagnat,synonym,active
fever,Fever,general,2,0,2,no,hilanat,synonym,active
fever,Fever,general,2,0,2,no,"may lagnat",synonym,active
fever,Fever,general,2,0,2,no,ginahilanat,synonym,active
fever,Fever,general,2,0,2,no,"init lawas",synonym,active
fever,Fever,general,2,0,2,no,ginakalagnat,synonym,active
fever,Fever,general,2,0,2,no,ginalagnat,synonym,active
fever,Fever,general,2,0,2,no,gahilanat,synonym,active
fever,Fever,general,2,0,2,no,"may init lawas",synonym,active
fever,Fever,general,2,0,2,no,ginainitan,synonym,active
fever,Fever,general,2,0,2,no,"3 ka adlaw ginahilanat ko",synonym,active
fever,Fever,general,2,0,2,no,"38 hilanat ko",synonym,active
fever,Fever,general,2,0,2,no,"5 ka adlaw ginahilanat ko",synonym,active
fever,Fever,general,2,0,2,no,"bag-o lang ginahilanat ko",synonym,active
fever,Fever,general,2,0,2,no,"doc hilanat ko",synonym,active
fever,Fever,general,2,0,2,no,"dugay na ginahilanat ko",synonym,active
fever,Fever,general,2,0,2,no,feber,synonym,active
fever,Fever,general,2,0,2,no,"gahapon ginahilanat ko",synonym,active
fever,Fever,general,2,0,2,no,ginafever,synonym,active
fever,Fever,general,2,0,2,no,"ginahilanat ko",synonym,active
fever,Fever,general,2,0,2,no,"ginahilanat ko 3 ka adlaw",synonym,active
fever,Fever,general,2,0,2,no,"ginahilanat ko 5 ka adlaw",synonym,active
fever,Fever,general,2,0,2,no,"ginahilanat ko bag-o lang",synonym,active
fever,Fever,general,2,0,2,no,"ginahilanat ko dugay na",synonym,active
fever,Fever,general,2,0,2,no,"ginahilanat ko gahapon",synonym,active
fever,Fever,general,2,0,2,no,"ginahilanat ko kagapon",synonym,active
fever,Fever,general,2,0,2,no,"ginahilanat ko semana na",synonym,active
fever,Fever,general,2,0,2,no,"ginahilanat ko subong lang",synonym,active
fever,Fever,general,2,0,2,no,"hilanat ko",synonym,active
fever,Fever,general,2,0,2,no,init,synonym,active
fever,Fever,general,2,0,2,no,"init lawas ko",synonym,active
fever,Fever,general,2,0,2,no,"init ng katawan",synonym,active
fever,Fever,general,2,0,2,no,"init nga lawas",synonym,active
fever,Fever,general,2,0,2,no,"kagapon ginahilanat ko",synonym,active
fever,Fever,general,2,0,2,no,"mainit lawas ko",synonym,active
fever,Fever,general,2,0,2,no,"mapula lawas ko",synonym,active
fever,Fever,general,2,0,2,no,"may ginahilanat",synonym,active
fever,Fever,general,2,0,2,no,"may hilanat",synonym,active
fever,Fever,general,2,0,2,no,"may hilanat ako",synonym,active
fever,Fever,general,2,0,2,no,"may hilanat ko",synonym,active
fever,Fever,general,2,0,2,no,"may lagnat ako",synonym,active
fever,Fever,general,2,0,2,no,"semana na ginahilanat ko",synonym,active
fever,Fever,general,2,0,2,no,"subong lang ginahilanat ko",synonym,active
fever,Fever,general,2,0,2,no,"ginahilanat gid",synonym,active
fever,Fever,general,2,0,2,no,"mainit lawas",synonym,active
fever,Fever,general,2,0,2,no,hilantan,synonym,active
fever,Fever,general,2,0,2,no,ginahilantan,synonym,active
fever,Fever,general,2,0,2,no,gilantan,synonym,active
fever,Fever,general,2,0,2,no,naghilanat,synonym,active
fever,Fever,general,2,0,2,no,"ga hilanat",synonym,active
fever,Fever,general,2,0,2,no,ga-hilanat,synonym,active
fever,Fever,general,2,0,2,no,"taas hilanat",synonym,active
fever,Fever,general,2,0,2,no,"may init",synonym,active
fever,Fever,general,2,0,2,no,"init kaayo",synonym,active
fever,Fever,general,2,0,2,no,ginapaso,synonym,active
fever,Fever,general,2,0,2,no,"paso lawas",synonym,active
fever,Fever,general,2,0,2,no,"lagnat gid",synonym,active
fever,Fever,general,2,0,2,no,"may fever ako",synonym,active
fever,Fever,general,2,0,2,no,nilalagnat,synonym,active
fever,Fever,general,2,0,2,no,"mataas ang lagnat",synonym,active
fever,Fever,general,2,0,2,no,"mainit ang katawan",synonym,active
fever,Fever,general,2,0,2,no,"mild fever",synonym,active
body_pain,"Body Pain",musculoskeletal,2,0,1,no,"body pain",canonical,active
body_pain,"Body Pain",musculoskeletal,2,0,1,no,myalgia,synonym,active
body_pain,"Body Pain",musculoskeletal,2,0,1,no,"body ache",synonym,active
body_pain,"Body Pain",musculoskeletal,2,0,1,no,"muscle ache",synonym,active
body_pain,"Body Pain",musculoskeletal,2,0,1,no,"muscle pain",synonym,active
body_pain,"Body Pain",musculoskeletal,2,0,1,no,"aching body",synonym,active
body_pain,"Body Pain",musculoskeletal,2,0,1,no,"sakit lawas",synonym,active
body_pain,"Body Pain",musculoskeletal,2,0,1,no,"masakit lawas",synonym,active
body_pain,"Body Pain",musculoskeletal,2,0,1,no,"gapalanakit lawas",synonym,active
body_pain,"Body Pain",musculoskeletal,2,0,1,no,paminsa,synonym,active
body_pain,"Body Pain",musculoskeletal,2,0,1,no,"ga sakit akon lawas",synonym,active
body_pain,"Body Pain",musculoskeletal,2,0,1,no,"ga sakit lawas akon",synonym,active
body_pain,"Body Pain",musculoskeletal,2,0,1,no,"ga sakit lawas gid ko",synonym,active
body_pain,"Body Pain",musculoskeletal,2,0,1,no,"ga sakit lawas ko",synonym,active
body_pain,"Body Pain",musculoskeletal,2,0,1,no,"ga sakit lawas man",synonym,active
body_pain,"Body Pain",musculoskeletal,2,0,1,no,"ga sakit lawas subong",synonym,active
body_pain,"Body Pain",musculoskeletal,2,0,1,no,"gasakit akon lawas",synonym,active
body_pain,"Body Pain",musculoskeletal,2,0,1,no,"gasakit lawas akon",synonym,active
body_pain,"Body Pain",musculoskeletal,2,0,1,no,"gasakit lawas gid ko",synonym,active
body_pain,"Body Pain",musculoskeletal,2,0,1,no,"gasakit lawas ko",synonym,active
body_pain,"Body Pain",musculoskeletal,2,0,1,no,"gasakit lawas man",synonym,active
body_pain,"Body Pain",musculoskeletal,2,0,1,no,"gasakit lawas subong",synonym,active
body_pain,"Body Pain",musculoskeletal,2,0,1,no,"ginamasakit ang lawas",synonym,active
body_pain,"Body Pain",musculoskeletal,2,0,1,no,"ginasakit akon lawas",synonym,active
body_pain,"Body Pain",musculoskeletal,2,0,1,no,"ginasakit lawas akon",synonym,active
body_pain,"Body Pain",musculoskeletal,2,0,1,no,"ginasakit lawas gid ko",synonym,active
body_pain,"Body Pain",musculoskeletal,2,0,1,no,"ginasakit lawas ko",synonym,active
body_pain,"Body Pain",musculoskeletal,2,0,1,no,"ginasakit lawas man",synonym,active
body_pain,"Body Pain",musculoskeletal,2,0,1,no,"ginasakit lawas subong",synonym,active
body_pain,"Body Pain",musculoskeletal,2,0,1,no,"hapdi akon lawas",synonym,active
body_pain,"Body Pain",musculoskeletal,2,0,1,no,"hapdi lawas akon",synonym,active
body_pain,"Body Pain",musculoskeletal,2,0,1,no,"hapdi lawas gid ko",synonym,active
body_pain,"Body Pain",musculoskeletal,2,0,1,no,"hapdi lawas ko",synonym,active
body_pain,"Body Pain",musculoskeletal,2,0,1,no,"hapdi lawas man",synonym,active
body_pain,"Body Pain",musculoskeletal,2,0,1,no,"hapdi lawas subong",synonym,active
body_pain,"Body Pain",musculoskeletal,2,0,1,no,"masakit akon lawas",synonym,active
body_pain,"Body Pain",musculoskeletal,2,0,1,no,"masakit ang lawas",synonym,active
body_pain,"Body Pain",musculoskeletal,2,0,1,no,"masakit katawan",synonym,active
body_pain,"Body Pain",musculoskeletal,2,0,1,no,"masakit lawas akon",synonym,active
body_pain,"Body Pain",musculoskeletal,2,0,1,no,"masakit lawas gid ko",synonym,active
body_pain,"Body Pain",musculoskeletal,2,0,1,no,"masakit lawas ko",synonym,active
body_pain,"Body Pain",musculoskeletal,2,0,1,no,"masakit lawas man",synonym,active
body_pain,"Body Pain",musculoskeletal,2,0,1,no,"masakit lawas subong",synonym,active
body_pain,"Body Pain",musculoskeletal,2,0,1,no,"sakit akon lawas",synonym,active
body_pain,"Body Pain",musculoskeletal,2,0,1,no,"sakit gid akon lawas",synonym,active
body_pain,"Body Pain",musculoskeletal,2,0,1,no,"sakit gid lawas akon",synonym,active
body_pain,"Body Pain",musculoskeletal,2,0,1,no,"sakit gid lawas gid ko",synonym,active
body_pain,"Body Pain",musculoskeletal,2,0,1,no,"sakit gid lawas ko",synonym,active
body_pain,"Body Pain",musculoskeletal,2,0,1,no,"sakit gid lawas man",synonym,active
body_pain,"Body Pain",musculoskeletal,2,0,1,no,"sakit gid lawas subong",synonym,active
body_pain,"Body Pain",musculoskeletal,2,0,1,no,"sakit lawas akon",synonym,active
body_pain,"Body Pain",musculoskeletal,2,0,1,no,"sakit lawas gid ko",synonym,active
body_pain,"Body Pain",musculoskeletal,2,0,1,no,"sakit lawas ko",synonym,active
body_pain,"Body Pain",musculoskeletal,2,0,1,no,"sakit lawas man",synonym,active
body_pain,"Body Pain",musculoskeletal,2,0,1,no,"sakit lawas subong",synonym,active
body_pain,"Body Pain",musculoskeletal,2,0,1,no,"sakit sa lawas ko",synonym,active
body_pain,"Body Pain",musculoskeletal,2,0,1,no,"sakit ng katawan",synonym,active
body_pain,"Body Pain",musculoskeletal,2,0,1,no,"pananakit ng katawan",synonym,active
body_pain,"Body Pain",musculoskeletal,2,0,1,no,"masakit ang katawan",synonym,active
body_pain,"Body Pain",musculoskeletal,2,0,1,no,body_pain,concept_id,active
headache,Headache,neurological,2,0,2,no,headache,canonical,active
headache,Headache,neurological,2,0,2,no,cephalgia,synonym,active
headache,Headache,neurological,2,0,2,no,"head pain",synonym,active
headache,Headache,neurological,2,0,2,no,migraine,synonym,active
headache,Headache,neurological,2,0,2,no,"sakit ulo",synonym,active
headache,Headache,neurological,2,0,2,no,"gapalanakit ulo",synonym,active
headache,Headache,neurological,2,0,2,no,"masakit ulo",synonym,active
headache,Headache,neurological,2,0,2,no,lipong,synonym,active
headache,Headache,neurological,2,0,2,no,"gasakit ulo",synonym,active
headache,Headache,neurological,2,0,2,no,"lipong ulo",synonym,active
headache,Headache,neurological,2,0,2,no,"ginahampak ulo ko",synonym,active
headache,Headache,neurological,2,0,2,no,"labad ang ulo",synonym,active
headache,Headache,neurological,2,0,2,no,"labad ulo",synonym,active
headache,Headache,neurological,2,0,2,no,"masakit ang ulo ko",synonym,active
headache,Headache,neurological,2,0,2,no,"sakit sa ulo ko",synonym,active
headache,Headache,neurological,2,0,2,no,"sakit sa ulo",synonym,active
headache,Headache,neurological,2,0,2,no,"aking ulo",synonym,active
headache,Headache,neurological,2,0,2,no,"ginasakit ulo",synonym,active
headache,Headache,neurological,2,0,2,no,"sakit sang ulo",synonym,active
headache,Headache,neurological,2,0,2,no,"ulo masakit",synonym,active
headache,Headache,neurological,2,0,2,no,"nagasakit ulo",synonym,active
headache,Headache,neurological,2,0,2,no,migren,synonym,active
headache,Headache,neurological,2,0,2,no,"ginasakit ang ulo",synonym,active
headache,Headache,neurological,2,0,2,no,"may sakit ulo",synonym,active
headache,Headache,neurological,2,0,2,no,"sakit ulo gid",synonym,active
headache,Headache,neurological,2,0,2,no,"masakit ulo ko",synonym,active
headache,Headache,neurological,2,0,2,no,"gapasakit ulo",synonym,active
headache,Headache,neurological,2,0,2,no,"sakit ng ulo",synonym,active
headache,Headache,neurological,2,0,2,no,"masakit ang ulo",synonym,active
headache,Headache,neurological,2,0,2,no,"sumasakit ang ulo",synonym,active
sore_throat,"Sore Throat",respiratory,2,0,1,no,"sore throat",canonical,active
sore_throat,"Sore Throat",respiratory,2,0,1,no,"throat pain",synonym,active
sore_throat,"Sore Throat",respiratory,2,0,1,no,pharyngitis,synonym,active
sore_throat,"Sore Throat",respiratory,2,0,1,no,"painful throat",synonym,active
sore_throat,"Sore Throat",respiratory,2,0,1,no,"sakit tutunlan",synonym,active
sore_throat,"Sore Throat",respiratory,2,0,1,no,"hapdi tutunlan",synonym,active
sore_throat,"Sore Throat",respiratory,2,0,1,no,"masakit tutunlan",synonym,active
sore_throat,"Sore Throat",respiratory,2,0,1,no,"mapula tungod ko",synonym,active
sore_throat,"Sore Throat",respiratory,2,0,1,no,"hapdi tutunlan ko",synonym,active
sore_throat,"Sore Throat",respiratory,2,0,1,no,"masakit ang lalamunan",synonym,active
sore_throat,"Sore Throat",respiratory,2,0,1,no,"sakit ng lalamunan",synonym,active
sore_throat,"Sore Throat",respiratory,2,0,1,no,sore_throat,concept_id,active
nausea,Nausea,gastrointestinal,2,0,1,no,nausea,canonical,active
nausea,Nausea,gastrointestinal,2,0,1,no,queasy,synonym,active
nausea,Nausea,gastrointestinal,2,0,1,no,"feel like vomiting",synonym,active
nausea,Nausea,gastrointestinal,2,0,1,no,"feeling nauseous",synonym,active
nausea,Nausea,gastrointestinal,2,0,1,no,ginakulba,synonym,active
nausea,Nausea,gastrointestinal,2,0,1,no,kulba,synonym,active
nausea,Nausea,gastrointestinal,2,0,1,no,"ginakulba ko",synonym,active
nausea,Nausea,gastrointestinal,2,0,1,no,"daw magasuka",synonym,active
nausea,Nausea,gastrointestinal,2,0,1,no,"ginasuka ko",synonym,active
nausea,Nausea,gastrointestinal,2,0,1,no,"nahilo tiyan",synonym,active
nausea,Nausea,gastrointestinal,2,0,1,no,ginasuka-uka,synonym,active
nausea,Nausea,gastrointestinal,2,0,1,no,ginakasukaon,synonym,active
nausea,Nausea,gastrointestinal,2,0,1,no,ginapalanuka,synonym,active
nausea,Nausea,gastrointestinal,2,0,1,no,"ginapalanuka ko",synonym,active
nausea,Nausea,gastrointestinal,2,0,1,no,kasukaon,synonym,active
nausea,Nausea,gastrointestinal,2,0,1,no,"nahihilo tiyan",synonym,active
nausea,Nausea,gastrointestinal,2,0,1,no,"ginabalik tiyan",synonym,active
nausea,Nausea,gastrointestinal,2,0,1,no,palanuka,synonym,active
nausea,Nausea,gastrointestinal,2,0,1,no,"gana magasuka",synonym,active
nausea,Nausea,gastrointestinal,2,0,1,no,"daw masuka ako",synonym,active
nausea,Nausea,gastrointestinal,2,0,1,no,"ginasuka-suka ang pamatyagan",synonym,active
nausea,Nausea,gastrointestinal,2,0,1,no,"daw masuka",synonym,active
nausea,Nausea,gastrointestinal,2,0,1,no,nahilo,synonym,active
nausea,Nausea,gastrointestinal,2,0,1,no,nauseous,synonym,active
nausea,Nausea,gastrointestinal,2,0,1,no,ginasuka-suka,synonym,active
nausea,Nausea,gastrointestinal,2,0,1,no,"daw magkasuka",synonym,active
nausea,Nausea,gastrointestinal,2,0,1,no,nasusuka,synonym,active
nausea,Nausea,gastrointestinal,2,0,1,no,"nakakaramdam ng pagduduwal",synonym,active
vomiting,Vomiting,gastrointestinal,3,0,3,no,vomiting,canonical,active
vomiting,Vomiting,gastrointestinal,3,0,3,no,vomit,synonym,active
vomiting,Vomiting,gastrointestinal,3,0,3,no,emesis,synonym,active
vomiting,Vomiting,gastrointestinal,3,0,3,no,"throwing up",synonym,active
vomiting,Vomiting,gastrointestinal,3,0,3,no,"naga suka",synonym,active
vomiting,Vomiting,gastrointestinal,3,0,3,no,nagsuka,synonym,active
vomiting,Vomiting,gastrointestinal,3,0,3,no,suka,synonym,active
vomiting,Vomiting,gastrointestinal,3,0,3,no,ginsuka,synonym,active
vomiting,Vomiting,gastrointestinal,3,0,3,no,gasuka,synonym,active
vomiting,Vomiting,gastrointestinal,3,0,3,no,ginasuka,synonym,active
vomiting,Vomiting,gastrointestinal,3,0,3,no,nagasuka,synonym,active
vomiting,Vomiting,gastrointestinal,3,0,3,no,gapalanuka,synonym,active
vomiting,Vomiting,gastrointestinal,3,0,3,no,"doc ginasuka ko",synonym,active
vomiting,Vomiting,gastrointestinal,3,0,3,no,nagsusuka,synonym,active
vomiting,Vomiting,gastrointestinal,3,0,3,no,sumuka,synonym,active
vomiting,Vomiting,gastrointestinal,3,0,3,no,ginagsuka,synonym,active
vomiting,Vomiting,gastrointestinal,3,0,3,no,"nagasuka ako",synonym,active
vomiting,Vomiting,gastrointestinal,3,0,3,no,"permi nagasuka",synonym,active
vomiting,Vomiting,gastrointestinal,3,0,3,no,"naga suka gid",synonym,active
vomiting,Vomiting,gastrointestinal,3,0,3,no,"suka man",synonym,active
vomiting,Vomiting,gastrointestinal,3,0,3,no,"nagsuka ko",synonym,active
vomiting,Vomiting,gastrointestinal,3,0,3,no,pagsusuka,synonym,active
persistent_vomiting,"Persistent Vomiting",gastrointestinal,6,0,6,no,"persistent vomiting",canonical,active
persistent_vomiting,"Persistent Vomiting",gastrointestinal,6,0,6,no,"continuous vomiting",synonym,active
persistent_vomiting,"Persistent Vomiting",gastrointestinal,6,0,6,no,"cannot keep fluids down",synonym,active
persistent_vomiting,"Persistent Vomiting",gastrointestinal,6,0,6,no,"intractable vomiting",synonym,active
persistent_vomiting,"Persistent Vomiting",gastrointestinal,6,0,6,no,"pirmi naga suka",synonym,active
persistent_vomiting,"Persistent Vomiting",gastrointestinal,6,0,6,no,"walla gid mahapus suka",synonym,active
persistent_vomiting,"Persistent Vomiting",gastrointestinal,6,0,6,no,"padayon naga suka",synonym,active
persistent_vomiting,"Persistent Vomiting",gastrointestinal,6,0,6,no,"paulit-ulit na pagsusuka",synonym,active
persistent_vomiting,"Persistent Vomiting",gastrointestinal,6,0,6,no,"hindi tumitigil ang pagsusuka",synonym,active
persistent_vomiting,"Persistent Vomiting",gastrointestinal,6,0,6,no,persistent_vomiting,concept_id,active
diarrhea,Diarrhea,gastrointestinal,2,0,2,no,diarrhea,canonical,active
diarrhea,Diarrhea,gastrointestinal,2,0,2,no,"loose stools",synonym,active
diarrhea,Diarrhea,gastrointestinal,2,0,2,no,"watery stool",synonym,active
diarrhea,Diarrhea,gastrointestinal,2,0,2,no,"loose bowel movement",synonym,active
diarrhea,Diarrhea,gastrointestinal,2,0,2,no,"naga tae",synonym,active
diarrhea,Diarrhea,gastrointestinal,2,0,2,no,tae-tae,synonym,active
diarrhea,Diarrhea,gastrointestinal,2,0,2,no,"malusaw tae",synonym,active
diarrhea,Diarrhea,gastrointestinal,2,0,2,no,nagakalibang,synonym,active
diarrhea,Diarrhea,gastrointestinal,2,0,2,no,"3 ka adlaw ginadudul-om ko",synonym,active
diarrhea,Diarrhea,gastrointestinal,2,0,2,no,"5 ka adlaw ginadudul-om ko",synonym,active
diarrhea,Diarrhea,gastrointestinal,2,0,2,no,"bag-o lang ginadudul-om ko",synonym,active
diarrhea,Diarrhea,gastrointestinal,2,0,2,no,diarrea,synonym,active
diarrhea,Diarrhea,gastrointestinal,2,0,2,no,"doc ginadudulom ko",synonym,active
diarrhea,Diarrhea,gastrointestinal,2,0,2,no,"dugay na ginadudul-om ko",synonym,active
diarrhea,Diarrhea,gastrointestinal,2,0,2,no,"gahapon ginadudul-om ko",synonym,active
diarrhea,Diarrhea,gastrointestinal,2,0,2,no,gakalibanga,synonym,active
diarrhea,Diarrhea,gastrointestinal,2,0,2,no,"ginadudul-om ko",synonym,active
diarrhea,Diarrhea,gastrointestinal,2,0,2,no,"ginadudul-om ko 3 ka adlaw",synonym,active
diarrhea,Diarrhea,gastrointestinal,2,0,2,no,"ginadudul-om ko 5 ka adlaw",synonym,active
diarrhea,Diarrhea,gastrointestinal,2,0,2,no,"ginadudul-om ko bag-o lang",synonym,active
diarrhea,Diarrhea,gastrointestinal,2,0,2,no,"ginadudul-om ko dugay na",synonym,active
diarrhea,Diarrhea,gastrointestinal,2,0,2,no,"ginadudul-om ko gahapon",synonym,active
diarrhea,Diarrhea,gastrointestinal,2,0,2,no,"ginadudul-om ko kagapon",synonym,active
diarrhea,Diarrhea,gastrointestinal,2,0,2,no,"ginadudul-om ko semana na",synonym,active
diarrhea,Diarrhea,gastrointestinal,2,0,2,no,"ginadudul-om ko subong lang",synonym,active
diarrhea,Diarrhea,gastrointestinal,2,0,2,no,"ginadudulom ko",synonym,active
diarrhea,Diarrhea,gastrointestinal,2,0,2,no,ginatulo,synonym,active
diarrhea,Diarrhea,gastrointestinal,2,0,2,no,"kagapon ginadudul-om ko",synonym,active
diarrhea,Diarrhea,gastrointestinal,2,0,2,no,kalibang,synonym,active
diarrhea,Diarrhea,gastrointestinal,2,0,2,no,kalibanga,synonym,active
diarrhea,Diarrhea,gastrointestinal,2,0,2,no,lbm,synonym,active
diarrhea,Diarrhea,gastrointestinal,2,0,2,no,"may ginakalibanga",synonym,active
diarrhea,Diarrhea,gastrointestinal,2,0,2,no,"semana na ginadudul-om ko",synonym,active
diarrhea,Diarrhea,gastrointestinal,2,0,2,no,"subong lang ginadudul-om ko",synonym,active
diarrhea,Diarrhea,gastrointestinal,2,0,2,no,"tatae ng madalas",synonym,active
diarrhea,Diarrhea,gastrointestinal,2,0,2,no,tulo,synonym,active
diarrhea,Diarrhea,gastrointestinal,2,0,2,no,tulo-tulo,synonym,active
diarrhea,Diarrhea,gastrointestinal,2,0,2,no,ginadudul-om,synonym,active
diarrhea,Diarrhea,gastrointestinal,2,0,2,no,ginadudulom,synonym,active
diarrhea,Diarrhea,gastrointestinal,2,0,2,no,dul-om,synonym,active
diarrhea,Diarrhea,gastrointestinal,2,0,2,no,ginakalibanga,synonym,active
diarrhea,Diarrhea,gastrointestinal,2,0,2,no,"ginakalibanga ko",synonym,active
diarrhea,Diarrhea,gastrointestinal,2,0,2,no,nagakalibanga,synonym,active
diarrhea,Diarrhea,gastrointestinal,2,0,2,no,"naga tae gid",synonym,active
diarrhea,Diarrhea,gastrointestinal,2,0,2,no,"tae man",synonym,active
diarrhea,Diarrhea,gastrointestinal,2,0,2,no,pagtatae,synonym,active
diarrhea,Diarrhea,gastrointestinal,2,0,2,no,nagtatae,synonym,active
diarrhea,Diarrhea,gastrointestinal,2,0,2,no,"matubig na dumi",synonym,active
abdominal_pain,"Abdominal Pain",gastrointestinal,3,0,3,no,"abdominal pain",canonical,active
abdominal_pain,"Abdominal Pain",gastrointestinal,3,0,3,no,"stomach pain",synonym,active
abdominal_pain,"Abdominal Pain",gastrointestinal,3,0,3,no,"belly pain",synonym,active
abdominal_pain,"Abdominal Pain",gastrointestinal,3,0,3,no,stomachache,synonym,active
abdominal_pain,"Abdominal Pain",gastrointestinal,3,0,3,no,abdomen,synonym,active
abdominal_pain,"Abdominal Pain",gastrointestinal,3,0,3,no,"pain in my abdomen",synonym,active
abdominal_pain,"Abdominal Pain",gastrointestinal,3,0,3,no,"pain in abdomen",synonym,active
abdominal_pain,"Abdominal Pain",gastrointestinal,3,0,3,no,"belly ache",synonym,active
abdominal_pain,"Abdominal Pain",gastrointestinal,3,0,3,no,"abdomen pain",synonym,active
abdominal_pain,"Abdominal Pain",gastrointestinal,3,0,3,no,"sakit tiyan",synonym,active
abdominal_pain,"Abdominal Pain",gastrointestinal,3,0,3,no,"masakit tiyan",synonym,active
abdominal_pain,"Abdominal Pain",gastrointestinal,3,0,3,no,"masakit akon tiyan",synonym,active
abdominal_pain,"Abdominal Pain",gastrointestinal,3,0,3,no,"gapalanakit tiyan",synonym,active
abdominal_pain,"Abdominal Pain",gastrointestinal,3,0,3,no,"gasakit tiyan",synonym,active
abdominal_pain,"Abdominal Pain",gastrointestinal,3,0,3,no,"ga sakit akon tiyan",synonym,active
abdominal_pain,"Abdominal Pain",gastrointestinal,3,0,3,no,"ga sakit tiyan akon",synonym,active
abdominal_pain,"Abdominal Pain",gastrointestinal,3,0,3,no,"ga sakit tiyan gid ko",synonym,active
abdominal_pain,"Abdominal Pain",gastrointestinal,3,0,3,no,"ga sakit tiyan ko",synonym,active
abdominal_pain,"Abdominal Pain",gastrointestinal,3,0,3,no,"ga sakit tiyan man",synonym,active
abdominal_pain,"Abdominal Pain",gastrointestinal,3,0,3,no,"ga sakit tiyan subong",synonym,active
abdominal_pain,"Abdominal Pain",gastrointestinal,3,0,3,no,"gasakit akon tiyan",synonym,active
abdominal_pain,"Abdominal Pain",gastrointestinal,3,0,3,no,"gasakit tina-i ako",synonym,active
abdominal_pain,"Abdominal Pain",gastrointestinal,3,0,3,no,"gasakit tina-i akon",synonym,active
abdominal_pain,"Abdominal Pain",gastrointestinal,3,0,3,no,"gasakit tina-i akon gid",synonym,active
abdominal_pain,"Abdominal Pain",gastrointestinal,3,0,3,no,"gasakit tina-i akon subong",synonym,active
abdominal_pain,"Abdominal Pain",gastrointestinal,3,0,3,no,"gasakit tina-i ko",synonym,active
abdominal_pain,"Abdominal Pain",gastrointestinal,3,0,3,no,"gasakit tina-i ko gid",synonym,active
abdominal_pain,"Abdominal Pain",gastrointestinal,3,0,3,no,"gasakit tina-i ko man",synonym,active
abdominal_pain,"Abdominal Pain",gastrointestinal,3,0,3,no,"gasakit tiyan ako",synonym,active
abdominal_pain,"Abdominal Pain",gastrointestinal,3,0,3,no,"gasakit tiyan akon",synonym,active
abdominal_pain,"Abdominal Pain",gastrointestinal,3,0,3,no,"gasakit tiyan akon gid",synonym,active
abdominal_pain,"Abdominal Pain",gastrointestinal,3,0,3,no,"gasakit tiyan akon subong",synonym,active
abdominal_pain,"Abdominal Pain",gastrointestinal,3,0,3,no,"gasakit tiyan gid ko",synonym,active
abdominal_pain,"Abdominal Pain",gastrointestinal,3,0,3,no,"gasakit tiyan ko",synonym,active
abdominal_pain,"Abdominal Pain",gastrointestinal,3,0,3,no,"gasakit tiyan ko ako",synonym,active
abdominal_pain,"Abdominal Pain",gastrointestinal,3,0,3,no,"gasakit tiyan ko akon",synonym,active
abdominal_pain,"Abdominal Pain",gastrointestinal,3,0,3,no,"gasakit tiyan ko akon gid",synonym,active
abdominal_pain,"Abdominal Pain",gastrointestinal,3,0,3,no,"gasakit tiyan ko akon subong",synonym,active
abdominal_pain,"Abdominal Pain",gastrointestinal,3,0,3,no,"gasakit tiyan ko gid",synonym,active
abdominal_pain,"Abdominal Pain",gastrointestinal,3,0,3,no,"gasakit tiyan ko ko",synonym,active
abdominal_pain,"Abdominal Pain",gastrointestinal,3,0,3,no,"gasakit tiyan ko ko gid",synonym,active
abdominal_pain,"Abdominal Pain",gastrointestinal,3,0,3,no,"gasakit tiyan ko ko man",synonym,active
abdominal_pain,"Abdominal Pain",gastrointestinal,3,0,3,no,"gasakit tiyan ko man",synonym,active
abdominal_pain,"Abdominal Pain",gastrointestinal,3,0,3,no,"gasakit tiyan man",synonym,active
abdominal_pain,"Abdominal Pain",gastrointestinal,3,0,3,no,"gasakit tiyan subong",synonym,active
abdominal_pain,"Abdominal Pain",gastrointestinal,3,0,3,no,"ginabaldom ko",synonym,active
abdominal_pain,"Abdominal Pain",gastrointestinal,3,0,3,no,"ginasakit akon tiyan",synonym,active
abdominal_pain,"Abdominal Pain",gastrointestinal,3,0,3,no,"ginasakit tiyan akon",synonym,active
abdominal_pain,"Abdominal Pain",gastrointestinal,3,0,3,no,"ginasakit tiyan gid ko",synonym,active
abdominal_pain,"Abdominal Pain",gastrointestinal,3,0,3,no,"ginasakit tiyan ko",synonym,active
abdominal_pain,"Abdominal Pain",gastrointestinal,3,0,3,no,"ginasakit tiyan man",synonym,active
abdominal_pain,"Abdominal Pain",gastrointestinal,3,0,3,no,"ginasakit tiyan subong",synonym,active
abdominal_pain,"Abdominal Pain",gastrointestinal,3,0,3,no,"hapdi akon tiyan",synonym,active
abdominal_pain,"Abdominal Pain",gastrointestinal,3,0,3,no,"hapdi tina-i ako",synonym,active
abdominal_pain,"Abdominal Pain",gastrointestinal,3,0,3,no,"hapdi tina-i akon",synonym,active
abdominal_pain,"Abdominal Pain",gastrointestinal,3,0,3,no,"hapdi tina-i akon gid",synonym,active
abdominal_pain,"Abdominal Pain",gastrointestinal,3,0,3,no,"hapdi tina-i akon subong",synonym,active
abdominal_pain,"Abdominal Pain",gastrointestinal,3,0,3,no,"hapdi tina-i ko",synonym,active
abdominal_pain,"Abdominal Pain",gastrointestinal,3,0,3,no,"hapdi tina-i ko gid",synonym,active
abdominal_pain,"Abdominal Pain",gastrointestinal,3,0,3,no,"hapdi tina-i ko man",synonym,active
abdominal_pain,"Abdominal Pain",gastrointestinal,3,0,3,no,"hapdi tiyan ako",synonym,active
abdominal_pain,"Abdominal Pain",gastrointestinal,3,0,3,no,"hapdi tiyan akon",synonym,active
abdominal_pain,"Abdominal Pain",gastrointestinal,3,0,3,no,"hapdi tiyan akon gid",synonym,active
abdominal_pain,"Abdominal Pain",gastrointestinal,3,0,3,no,"hapdi tiyan akon subong",synonym,active
abdominal_pain,"Abdominal Pain",gastrointestinal,3,0,3,no,"hapdi tiyan gid ko",synonym,active
abdominal_pain,"Abdominal Pain",gastrointestinal,3,0,3,no,"hapdi tiyan ko",synonym,active
abdominal_pain,"Abdominal Pain",gastrointestinal,3,0,3,no,"hapdi tiyan ko ako",synonym,active
abdominal_pain,"Abdominal Pain",gastrointestinal,3,0,3,no,"hapdi tiyan ko akon",synonym,active
abdominal_pain,"Abdominal Pain",gastrointestinal,3,0,3,no,"hapdi tiyan ko akon gid",synonym,active
abdominal_pain,"Abdominal Pain",gastrointestinal,3,0,3,no,"hapdi tiyan ko akon subong",synonym,active
abdominal_pain,"Abdominal Pain",gastrointestinal,3,0,3,no,"hapdi tiyan ko gid",synonym,active
abdominal_pain,"Abdominal Pain",gastrointestinal,3,0,3,no,"hapdi tiyan ko ko",synonym,active
abdominal_pain,"Abdominal Pain",gastrointestinal,3,0,3,no,"hapdi tiyan ko ko gid",synonym,active
abdominal_pain,"Abdominal Pain",gastrointestinal,3,0,3,no,"hapdi tiyan ko ko man",synonym,active
abdominal_pain,"Abdominal Pain",gastrointestinal,3,0,3,no,"hapdi tiyan ko man",synonym,active
abdominal_pain,"Abdominal Pain",gastrointestinal,3,0,3,no,"hapdi tiyan man",synonym,active
abdominal_pain,"Abdominal Pain",gastrointestinal,3,0,3,no,"hapdi tiyan subong",synonym,active
abdominal_pain,"Abdominal Pain",gastrointestinal,3,0,3,no,"masakit tina-i ako",synonym,active
abdominal_pain,"Abdominal Pain",gastrointestinal,3,0,3,no,"masakit tina-i akon",synonym,active
abdominal_pain,"Abdominal Pain",gastrointestinal,3,0,3,no,"masakit tina-i akon gid",synonym,active
abdominal_pain,"Abdominal Pain",gastrointestinal,3,0,3,no,"masakit tina-i akon subong",synonym,active
abdominal_pain,"Abdominal Pain",gastrointestinal,3,0,3,no,"masakit tina-i ko",synonym,active
abdominal_pain,"Abdominal Pain",gastrointestinal,3,0,3,no,"masakit tina-i ko gid",synonym,active
abdominal_pain,"Abdominal Pain",gastrointestinal,3,0,3,no,"masakit tina-i ko man",synonym,active
abdominal_pain,"Abdominal Pain",gastrointestinal,3,0,3,no,"masakit tiyan ako",synonym,active
abdominal_pain,"Abdominal Pain",gastrointestinal,3,0,3,no,"masakit tiyan akon",synonym,active
abdominal_pain,"Abdominal Pain",gastrointestinal,3,0,3,no,"masakit tiyan akon gid",synonym,active
abdominal_pain,"Abdominal Pain",gastrointestinal,3,0,3,no,"masakit tiyan akon subong",synonym,active
abdominal_pain,"Abdominal Pain",gastrointestinal,3,0,3,no,"masakit tiyan gid ko",synonym,active
abdominal_pain,"Abdominal Pain",gastrointestinal,3,0,3,no,"masakit tiyan ko",synonym,active
abdominal_pain,"Abdominal Pain",gastrointestinal,3,0,3,no,"masakit tiyan ko ako",synonym,active
abdominal_pain,"Abdominal Pain",gastrointestinal,3,0,3,no,"masakit tiyan ko akon",synonym,active
abdominal_pain,"Abdominal Pain",gastrointestinal,3,0,3,no,"masakit tiyan ko akon gid",synonym,active
abdominal_pain,"Abdominal Pain",gastrointestinal,3,0,3,no,"masakit tiyan ko akon subong",synonym,active
abdominal_pain,"Abdominal Pain",gastrointestinal,3,0,3,no,"masakit tiyan ko gid",synonym,active
abdominal_pain,"Abdominal Pain",gastrointestinal,3,0,3,no,"masakit tiyan ko ko",synonym,active
abdominal_pain,"Abdominal Pain",gastrointestinal,3,0,3,no,"masakit tiyan ko ko gid",synonym,active
abdominal_pain,"Abdominal Pain",gastrointestinal,3,0,3,no,"masakit tiyan ko ko man",synonym,active
abdominal_pain,"Abdominal Pain",gastrointestinal,3,0,3,no,"masakit tiyan ko man",synonym,active
abdominal_pain,"Abdominal Pain",gastrointestinal,3,0,3,no,"masakit tiyan man",synonym,active
abdominal_pain,"Abdominal Pain",gastrointestinal,3,0,3,no,"masakit tiyan subong",synonym,active
abdominal_pain,"Abdominal Pain",gastrointestinal,3,0,3,no,"sakit akon tiyan",synonym,active
abdominal_pain,"Abdominal Pain",gastrointestinal,3,0,3,no,"sakit gid akon tiyan",synonym,active
abdominal_pain,"Abdominal Pain",gastrointestinal,3,0,3,no,"sakit gid tiyan akon",synonym,active
abdominal_pain,"Abdominal Pain",gastrointestinal,3,0,3,no,"sakit gid tiyan gid ko",synonym,active
abdominal_pain,"Abdominal Pain",gastrointestinal,3,0,3,no,"sakit gid tiyan ko",synonym,active
abdominal_pain,"Abdominal Pain",gastrointestinal,3,0,3,no,"sakit gid tiyan man",synonym,active
abdominal_pain,"Abdominal Pain",gastrointestinal,3,0,3,no,"sakit gid tiyan subong",synonym,active
abdominal_pain,"Abdominal Pain",gastrointestinal,3,0,3,no,"sakit sikmura",synonym,active
abdominal_pain,"Abdominal Pain",gastrointestinal,3,0,3,no,"sakit tina-i ako",synonym,active
abdominal_pain,"Abdominal Pain",gastrointestinal,3,0,3,no,"sakit tina-i akon",synonym,active
abdominal_pain,"Abdominal Pain",gastrointestinal,3,0,3,no,"sakit tina-i akon gid",synonym,active
abdominal_pain,"Abdominal Pain",gastrointestinal,3,0,3,no,"sakit tina-i akon subong",synonym,active
abdominal_pain,"Abdominal Pain",gastrointestinal,3,0,3,no,"sakit tina-i ko",synonym,active
abdominal_pain,"Abdominal Pain",gastrointestinal,3,0,3,no,"sakit tina-i ko gid",synonym,active
abdominal_pain,"Abdominal Pain",gastrointestinal,3,0,3,no,"sakit tina-i ko man",synonym,active
abdominal_pain,"Abdominal Pain",gastrointestinal,3,0,3,no,"sakit tiyan ako",synonym,active
abdominal_pain,"Abdominal Pain",gastrointestinal,3,0,3,no,"sakit tiyan akon",synonym,active
abdominal_pain,"Abdominal Pain",gastrointestinal,3,0,3,no,"sakit tiyan akon gid",synonym,active
abdominal_pain,"Abdominal Pain",gastrointestinal,3,0,3,no,"sakit tiyan akon subong",synonym,active
abdominal_pain,"Abdominal Pain",gastrointestinal,3,0,3,no,"sakit tiyan gid ko",synonym,active
abdominal_pain,"Abdominal Pain",gastrointestinal,3,0,3,no,"sakit tiyan ko",synonym,active
abdominal_pain,"Abdominal Pain",gastrointestinal,3,0,3,no,"sakit tiyan ko ako",synonym,active
abdominal_pain,"Abdominal Pain",gastrointestinal,3,0,3,no,"sakit tiyan ko akon",synonym,active
abdominal_pain,"Abdominal Pain",gastrointestinal,3,0,3,no,"sakit tiyan ko akon gid",synonym,active
abdominal_pain,"Abdominal Pain",gastrointestinal,3,0,3,no,"sakit tiyan ko akon subong",synonym,active
abdominal_pain,"Abdominal Pain",gastrointestinal,3,0,3,no,"sakit tiyan ko gid",synonym,active
abdominal_pain,"Abdominal Pain",gastrointestinal,3,0,3,no,"sakit tiyan ko ko",synonym,active
abdominal_pain,"Abdominal Pain",gastrointestinal,3,0,3,no,"sakit tiyan ko ko gid",synonym,active
abdominal_pain,"Abdominal Pain",gastrointestinal,3,0,3,no,"sakit tiyan ko ko man",synonym,active
abdominal_pain,"Abdominal Pain",gastrointestinal,3,0,3,no,"sakit tiyan ko man",synonym,active
abdominal_pain,"Abdominal Pain",gastrointestinal,3,0,3,no,"sakit tiyan man",synonym,active
abdominal_pain,"Abdominal Pain",gastrointestinal,3,0,3,no,"sakit tiyan subong",synonym,active
abdominal_pain,"Abdominal Pain",gastrointestinal,3,0,3,no,"tummy pain",synonym,active
abdominal_pain,"Abdominal Pain",gastrointestinal,3,0,3,no,"pus-on masakit",synonym,active
abdominal_pain,"Abdominal Pain",gastrointestinal,3,0,3,no,"ginasakit tiyan",synonym,active
abdominal_pain,"Abdominal Pain",gastrointestinal,3,0,3,no,"masakit sikmura",synonym,active
abdominal_pain,"Abdominal Pain",gastrointestinal,3,0,3,no,"baldom tiyan",synonym,active
abdominal_pain,"Abdominal Pain",gastrointestinal,3,0,3,no,"sakit sa tiyan",synonym,active
abdominal_pain,"Abdominal Pain",gastrointestinal,3,0,3,no,ginabaldom,synonym,active
abdominal_pain,"Abdominal Pain",gastrointestinal,3,0,3,no,"sakit sang tiyan",synonym,active
abdominal_pain,"Abdominal Pain",gastrointestinal,3,0,3,no,"ginasakit ang tiyan",synonym,active
abdominal_pain,"Abdominal Pain",gastrointestinal,3,0,3,no,"masakit ang tiyan ko",synonym,active
abdominal_pain,"Abdominal Pain",gastrointestinal,3,0,3,no,"ginabaldom ang tiyan",synonym,active
abdominal_pain,"Abdominal Pain",gastrointestinal,3,0,3,no,"sakit tiyan gid",synonym,active
abdominal_pain,"Abdominal Pain",gastrointestinal,3,0,3,no,"may sakit sa busong",synonym,active
abdominal_pain,"Abdominal Pain",gastrointestinal,3,0,3,no,"nagabalati sang sakit tiyan",synonym,active
abdominal_pain,"Abdominal Pain",gastrointestinal,3,0,3,no,"gapasakit tiyan",synonym,active
abdominal_pain,"Abdominal Pain",gastrointestinal,3,0,3,no,"sakit ng tiyan",synonym,active
abdominal_pain,"Abdominal Pain",gastrointestinal,3,0,3,no,"masakit ang tiyan",synonym,active
abdominal_pain,"Abdominal Pain",gastrointestinal,3,0,3,no,abdominal_pain,concept_id,active
dizziness,Dizziness,neurological,2,0,2,no,dizziness,canonical,active
dizziness,Dizziness,neurological,2,0,2,no,lightheaded,synonym,active
dizziness,Dizziness,neurological,2,0,2,no,vertigo,synonym,active
dizziness,Dizziness,neurological,2,0,2,no,lightheadedness,synonym,active
dizziness,Dizziness,neurological,2,0,2,no,lipong,synonym,active
dizziness,Dizziness,neurological,2,0,2,no,ginakalipong,synonym,active
dizziness,Dizziness,neurological,2,0,2,no,nagakalipong,synonym,active
dizziness,Dizziness,neurological,2,0,2,no,kalipong,synonym,active
dizziness,Dizziness,neurological,2,0,2,no,"doc nahilo ko",synonym,active
dizziness,Dizziness,neurological,2,0,2,no,nagalipong,synonym,active
dizziness,Dizziness,neurological,2,0,2,no,nahihilo,synonym,active
dizziness,Dizziness,neurological,2,0,2,no,"nahihilo ako",synonym,active
dizziness,Dizziness,neurological,2,0,2,no,nahilo,synonym,active
dizziness,Dizziness,neurological,2,0,2,no,"nahilo ako",synonym,active
dizziness,Dizziness,neurological,2,0,2,no,"nahilo ko",synonym,active
dizziness,Dizziness,neurological,2,0,2,no,nalipong,synonym,active
dizziness,Dizziness,neurological,2,0,2,no,"ginakalipong ko",synonym,active
dizziness,Dizziness,neurological,2,0,2,no,dizzy,synonym,active
dizziness,Dizziness,neurological,2,0,2,no,ginahilo,synonym,active
dizziness,Dizziness,neurological,2,0,2,no,"nagalipong ako",synonym,active
dizziness,Dizziness,neurological,2,0,2,no,"ginalipong ang ulo",synonym,active
dizziness,Dizziness,neurological,2,0,2,no,ginalipong,synonym,active
dizziness,Dizziness,neurological,2,0,2,no,"lipong ulo",synonym,active
dizziness,Dizziness,neurological,2,0,2,no,"daw magkalipong",synonym,active
dizziness,Dizziness,neurological,2,0,2,no,"lipong gid",synonym,active
dizziness,Dizziness,neurological,2,0,2,no,nagkalipong,synonym,active
dizziness,Dizziness,neurological,2,0,2,no,hilo,synonym,active
dizziness,Dizziness,neurological,2,0,2,no,"umaaligid ang paningin",synonym,active
fatigue,Fatigue,general,1,0,0,no,fatigue,canonical,active
fatigue,Fatigue,general,1,0,0,no,tired,synonym,active
fatigue,Fatigue,general,1,0,0,no,weakness,synonym,active
fatigue,Fatigue,general,1,0,0,no,malaise,synonym,active
fatigue,Fatigue,general,1,0,0,no,tiredness,synonym,active
fatigue,Fatigue,general,1,0,0,no,"don't feel well",synonym,active
fatigue,Fatigue,general,1,0,0,no,kapoy,synonym,active
fatigue,Fatigue,general,1,0,0,no,ginakapoy,synonym,active
fatigue,Fatigue,general,1,0,0,no,luya,synonym,active
fatigue,Fatigue,general,1,0,0,no,"indi maayo pamatyag",synonym,active
fatigue,Fatigue,general,1,0,0,no,"dali kapoy ko",synonym,active
fatigue,Fatigue,general,1,0,0,no,ginatamad,synonym,active
fatigue,Fatigue,general,1,0,0,no,kakapoy,synonym,active
fatigue,Fatigue,general,1,0,0,no,"kapoy gid",synonym,active
fatigue,Fatigue,general,1,0,0,no,"kapoy gid lawas ko",synonym,active
fatigue,Fatigue,general,1,0,0,no,"tamad lawas",synonym,active
fatigue,Fatigue,general,1,0,0,no,"wala ko kusog",synonym,active
fatigue,Fatigue,general,1,0,0,no,"wala na ko kusog",synonym,active
fatigue,Fatigue,general,1,0,0,no,weak,synonym,active
fatigue,Fatigue,general,1,0,0,no,"kapoy ko",synonym,active
fatigue,Fatigue,general,1,0,0,no,"ginakapoy gid",synonym,active
fatigue,Fatigue,general,1,0,0,no,"ginakapoy gid ko",synonym,active
fatigue,Fatigue,general,1,0,0,no,"mahina lawas",synonym,active
fatigue,Fatigue,general,1,0,0,no,"pagod gid",synonym,active
fatigue,Fatigue,general,1,0,0,no,"kapoy gid ang lawas",synonym,active
fatigue,Fatigue,general,1,0,0,no,"ginakapoy ako",synonym,active
fatigue,Fatigue,general,1,0,0,no,"kapoy lawas",synonym,active
fatigue,Fatigue,general,1,0,0,no,pagod,synonym,active
fatigue,Fatigue,general,1,0,0,no,"hirap sa katawan",synonym,active
fatigue,Fatigue,general,1,0,0,no,"hindi maganda ang pakiramdam",synonym,active
difficulty_breathing,"Difficulty Breathing",respiratory,10,10,0,yes,"difficulty breathing",canonical,active
difficulty_breathing,"Difficulty Breathing",respiratory,10,10,0,yes,"shortness of breath",synonym,active
difficulty_breathing,"Difficulty Breathing",respiratory,10,10,0,yes,dyspnea,synonym,active
difficulty_breathing,"Difficulty Breathing",respiratory,10,10,0,yes,breathlessness,synonym,active
difficulty_breathing,"Difficulty Breathing",respiratory,10,10,0,yes,"cannot breathe",synonym,active
difficulty_breathing,"Difficulty Breathing",respiratory,10,10,0,yes,"labored breathing",synonym,active
difficulty_breathing,"Difficulty Breathing",respiratory,10,10,0,yes,"air hunger",synonym,active
difficulty_breathing,"Difficulty Breathing",respiratory,10,10,0,yes,"budlay ginhawa",synonym,active
difficulty_breathing,"Difficulty Breathing",respiratory,10,10,0,yes,"budlay magginhawa",synonym,active
difficulty_breathing,"Difficulty Breathing",respiratory,10,10,0,yes,"budlay gid ang ginhawa",synonym,active
difficulty_breathing,"Difficulty Breathing",respiratory,10,10,0,yes,"dula ginhawa",synonym,active
difficulty_breathing,"Difficulty Breathing",respiratory,10,10,0,yes,"ginakapos ginhawa",synonym,active
difficulty_breathing,"Difficulty Breathing",respiratory,10,10,0,yes,"indi makaginhawa",synonym,active
difficulty_breathing,"Difficulty Breathing",respiratory,10,10,0,yes,"lisod magginhawa",synonym,active
difficulty_breathing,"Difficulty Breathing",respiratory,10,10,0,yes,"budlay gid ginhawa",synonym,active
difficulty_breathing,"Difficulty Breathing",respiratory,10,10,0,yes,"indi ko kaginhawa",synonym,active
difficulty_breathing,"Difficulty Breathing",respiratory,10,10,0,yes,ginahapo,synonym,active
difficulty_breathing,"Difficulty Breathing",respiratory,10,10,0,yes,hapo,synonym,active
difficulty_breathing,"Difficulty Breathing",respiratory,10,10,0,yes,"ano ang buhaton budlay magginhawa ko",synonym,active
difficulty_breathing,"Difficulty Breathing",respiratory,10,10,0,yes,"ano ang buhaton nga budlay magginhawa ko",synonym,active
difficulty_breathing,"Difficulty Breathing",respiratory,10,10,0,yes,"bag-o lang budlay gid gid ko magginhawa subong gid",synonym,active
difficulty_breathing,"Difficulty Breathing",respiratory,10,10,0,yes,"bag-o lang budlay gid gid ko magginhawa subong gid ko",synonym,active
difficulty_breathing,"Difficulty Breathing",respiratory,10,10,0,yes,"bag-o lang budlay gid gid ko magginhawa subong ko gid",synonym,active
difficulty_breathing,"Difficulty Breathing",respiratory,10,10,0,yes,"bag-o lang budlay gid gid ko magginhawa subong man",synonym,active
difficulty_breathing,"Difficulty Breathing",respiratory,10,10,0,yes,"bag-o lang budlay gid gid ko magginhawa subong na gid",synonym,active
difficulty_breathing,"Difficulty Breathing",respiratory,10,10,0,yes,"bag-o lang budlay gid ko mag ginhawa subong gid",synonym,active
difficulty_breathing,"Difficulty Breathing",respiratory,10,10,0,yes,"bag-o lang budlay gid ko mag ginhawa subong gid ko",synonym,active
difficulty_breathing,"Difficulty Breathing",respiratory,10,10,0,yes,"bag-o lang budlay gid ko mag ginhawa subong ko gid",synonym,active
difficulty_breathing,"Difficulty Breathing",respiratory,10,10,0,yes,"bag-o lang budlay gid ko mag ginhawa subong man",synonym,active
difficulty_breathing,"Difficulty Breathing",respiratory,10,10,0,yes,"bag-o lang budlay gid ko mag ginhawa subong na gid",synonym,active
difficulty_breathing,"Difficulty Breathing",respiratory,10,10,0,yes,"bag-o lang budlay gid ko magginhawa subong gid",synonym,active
difficulty_breathing,"Difficulty Breathing",respiratory,10,10,0,yes,"bag-o lang budlay gid ko magginhawa subong gid ko",synonym,active
difficulty_breathing,"Difficulty Breathing",respiratory,10,10,0,yes,"bag-o lang budlay gid ko magginhawa subong ko gid",synonym,active
difficulty_breathing,"Difficulty Breathing",respiratory,10,10,0,yes,"bag-o lang budlay gid ko magginhawa subong man",synonym,active
difficulty_breathing,"Difficulty Breathing",respiratory,10,10,0,yes,"bag-o lang budlay gid ko magginhawa subong na gid",synonym,active
difficulty_breathing,"Difficulty Breathing",respiratory,10,10,0,yes,"bag-o lang budlay gid ku magginhawa subong gid",synonym,active
difficulty_breathing,"Difficulty Breathing",respiratory,10,10,0,yes,"bag-o lang budlay gid ku magginhawa subong gid ko",synonym,active
difficulty_breathing,"Difficulty Breathing",respiratory,10,10,0,yes,"bag-o lang budlay gid ku magginhawa subong ko gid",synonym,active
difficulty_breathing,"Difficulty Breathing",respiratory,10,10,0,yes,"bag-o lang budlay gid ku magginhawa subong man",synonym,active
difficulty_breathing,"Difficulty Breathing",respiratory,10,10,0,yes,"bag-o lang budlay gid ku magginhawa subong na gid",synonym,active
difficulty_breathing,"Difficulty Breathing",respiratory,10,10,0,yes,"basin budlay gid gid ko magginhawa subong gid",synonym,active
difficulty_breathing,"Difficulty Breathing",respiratory,10,10,0,yes,"basin budlay gid gid ko magginhawa subong gid ko",synonym,active
difficulty_breathing,"Difficulty Breathing",respiratory,10,10,0,yes,"basin budlay gid gid ko magginhawa subong ko gid",synonym,active
difficulty_breathing,"Difficulty Breathing",respiratory,10,10,0,yes,"basin budlay gid gid ko magginhawa subong man",synonym,active
difficulty_breathing,"Difficulty Breathing",respiratory,10,10,0,yes,"basin budlay gid gid ko magginhawa subong na gid",synonym,active
difficulty_breathing,"Difficulty Breathing",respiratory,10,10,0,yes,"basin budlay gid ko mag ginhawa subong gid",synonym,active
difficulty_breathing,"Difficulty Breathing",respiratory,10,10,0,yes,"basin budlay gid ko mag ginhawa subong gid ko",synonym,active
difficulty_breathing,"Difficulty Breathing",respiratory,10,10,0,yes,"basin budlay gid ko mag ginhawa subong ko gid",synonym,active
difficulty_breathing,"Difficulty Breathing",respiratory,10,10,0,yes,"basin budlay gid ko mag ginhawa subong man",synonym,active
difficulty_breathing,"Difficulty Breathing",respiratory,10,10,0,yes,"basin budlay gid ko mag ginhawa subong na gid",synonym,active
difficulty_breathing,"Difficulty Breathing",respiratory,10,10,0,yes,"basin budlay gid ko magginhawa subong gid",synonym,active
difficulty_breathing,"Difficulty Breathing",respiratory,10,10,0,yes,"basin budlay gid ko magginhawa subong gid ko",synonym,active
difficulty_breathing,"Difficulty Breathing",respiratory,10,10,0,yes,"basin budlay gid ko magginhawa subong ko gid",synonym,active
difficulty_breathing,"Difficulty Breathing",respiratory,10,10,0,yes,"basin budlay gid ko magginhawa subong man",synonym,active
difficulty_breathing,"Difficulty Breathing",respiratory,10,10,0,yes,"basin budlay gid ko magginhawa subong na gid",synonym,active
difficulty_breathing,"Difficulty Breathing",respiratory,10,10,0,yes,"basin budlay gid ku magginhawa subong gid",synonym,active
difficulty_breathing,"Difficulty Breathing",respiratory,10,10,0,yes,"basin budlay gid ku magginhawa subong gid ko",synonym,active
difficulty_breathing,"Difficulty Breathing",respiratory,10,10,0,yes,"basin budlay gid ku magginhawa subong ko gid",synonym,active
difficulty_breathing,"Difficulty Breathing",respiratory,10,10,0,yes,"basin budlay gid ku magginhawa subong man",synonym,active
difficulty_breathing,"Difficulty Breathing",respiratory,10,10,0,yes,"basin budlay gid ku magginhawa subong na gid",synonym,active
difficulty_breathing,"Difficulty Breathing",respiratory,10,10,0,yes,"basin budlay magginhawa ko",synonym,active
difficulty_breathing,"Difficulty Breathing",respiratory,10,10,0,yes,"basin nga budlay magginhawa ko",synonym,active
difficulty_breathing,"Difficulty Breathing",respiratory,10,10,0,yes,"budlay gid gid ko magginhawa",synonym,active
difficulty_breathing,"Difficulty Breathing",respiratory,10,10,0,yes,"budlay gid gid ko magginhawa subong",synonym,active
difficulty_breathing,"Difficulty Breathing",respiratory,10,10,0,yes,"budlay gid ko mag ginhawa",synonym,active
difficulty_breathing,"Difficulty Breathing",respiratory,10,10,0,yes,"budlay gid ko mag ginhawa subong",synonym,active
difficulty_breathing,"Difficulty Breathing",respiratory,10,10,0,yes,"budlay gid ko magginhawa",synonym,active
difficulty_breathing,"Difficulty Breathing",respiratory,10,10,0,yes,"budlay gid ko magginhawa subong",synonym,active
difficulty_breathing,"Difficulty Breathing",respiratory,10,10,0,yes,"budlay gid ku magginhawa",synonym,active
difficulty_breathing,"Difficulty Breathing",respiratory,10,10,0,yes,"budlay gid ku magginhawa subong",synonym,active
difficulty_breathing,"Difficulty Breathing",respiratory,10,10,0,yes,"budlay gid magginhawa ko",synonym,active
difficulty_breathing,"Difficulty Breathing",respiratory,10,10,0,yes,"budlay ko mag ginhawa",synonym,active
difficulty_breathing,"Difficulty Breathing",respiratory,10,10,0,yes,"budlay ko magginhawa",synonym,active
difficulty_breathing,"Difficulty Breathing",respiratory,10,10,0,yes,"budlay ku magginhawa",synonym,active
difficulty_breathing,"Difficulty Breathing",respiratory,10,10,0,yes,"budlay mag ginhawa ko",synonym,active
difficulty_breathing,"Difficulty Breathing",respiratory,10,10,0,yes,"budlay magginhawa ko",synonym,active
difficulty_breathing,"Difficulty Breathing",respiratory,10,10,0,yes,"budlay magginhawa ku",synonym,active
difficulty_breathing,"Difficulty Breathing",respiratory,10,10,0,yes,"daw budlay gid gid ko magginhawa subong gid",synonym,active
difficulty_breathing,"Difficulty Breathing",respiratory,10,10,0,yes,"daw budlay gid gid ko magginhawa subong gid ko",synonym,active
difficulty_breathing,"Difficulty Breathing",respiratory,10,10,0,yes,"daw budlay gid gid ko magginhawa subong ko gid",synonym,active
difficulty_breathing,"Difficulty Breathing",respiratory,10,10,0,yes,"daw budlay gid gid ko magginhawa subong man",synonym,active
difficulty_breathing,"Difficulty Breathing",respiratory,10,10,0,yes,"daw budlay gid gid ko magginhawa subong na gid",synonym,active
difficulty_breathing,"Difficulty Breathing",respiratory,10,10,0,yes,"daw budlay gid ko mag ginhawa subong gid",synonym,active
difficulty_breathing,"Difficulty Breathing",respiratory,10,10,0,yes,"daw budlay gid ko mag ginhawa subong gid ko",synonym,active
difficulty_breathing,"Difficulty Breathing",respiratory,10,10,0,yes,"daw budlay gid ko mag ginhawa subong ko gid",synonym,active
difficulty_breathing,"Difficulty Breathing",respiratory,10,10,0,yes,"daw budlay gid ko mag ginhawa subong man",synonym,active
difficulty_breathing,"Difficulty Breathing",respiratory,10,10,0,yes,"daw budlay gid ko mag ginhawa subong na gid",synonym,active
difficulty_breathing,"Difficulty Breathing",respiratory,10,10,0,yes,"daw budlay gid ko magginhawa subong gid",synonym,active
difficulty_breathing,"Difficulty Breathing",respiratory,10,10,0,yes,"daw budlay gid ko magginhawa subong gid ko",synonym,active
difficulty_breathing,"Difficulty Breathing",respiratory,10,10,0,yes,"daw budlay gid ko magginhawa subong ko gid",synonym,active
difficulty_breathing,"Difficulty Breathing",respiratory,10,10,0,yes,"daw budlay gid ko magginhawa subong man",synonym,active
difficulty_breathing,"Difficulty Breathing",respiratory,10,10,0,yes,"daw budlay gid ko magginhawa subong na gid",synonym,active
difficulty_breathing,"Difficulty Breathing",respiratory,10,10,0,yes,"daw budlay gid ku magginhawa subong gid",synonym,active
difficulty_breathing,"Difficulty Breathing",respiratory,10,10,0,yes,"daw budlay gid ku magginhawa subong gid ko",synonym,active
difficulty_breathing,"Difficulty Breathing",respiratory,10,10,0,yes,"daw budlay gid ku magginhawa subong ko gid",synonym,active
difficulty_breathing,"Difficulty Breathing",respiratory,10,10,0,yes,"daw budlay gid ku magginhawa subong man",synonym,active
difficulty_breathing,"Difficulty Breathing",respiratory,10,10,0,yes,"daw budlay gid ku magginhawa subong na gid",synonym,active
difficulty_breathing,"Difficulty Breathing",respiratory,10,10,0,yes,"daw budlay magginhawa ko",synonym,active
difficulty_breathing,"Difficulty Breathing",respiratory,10,10,0,yes,"daw nga budlay magginhawa ko",synonym,active
difficulty_breathing,"Difficulty Breathing",respiratory,10,10,0,yes,"dili makaginhawa",synonym,active
difficulty_breathing,"Difficulty Breathing",respiratory,10,10,0,yes,"dugay na budlay gid gid ko magginhawa subong gid",synonym,active
difficulty_breathing,"Difficulty Breathing",respiratory,10,10,0,yes,"dugay na budlay gid gid ko magginhawa subong gid ko",synonym,active
difficulty_breathing,"Difficulty Breathing",respiratory,10,10,0,yes,"dugay na budlay gid gid ko magginhawa subong ko gid",synonym,active
difficulty_breathing,"Difficulty Breathing",respiratory,10,10,0,yes,"dugay na budlay gid gid ko magginhawa subong man",synonym,active
difficulty_breathing,"Difficulty Breathing",respiratory,10,10,0,yes,"dugay na budlay gid gid ko magginhawa subong na gid",synonym,active
difficulty_breathing,"Difficulty Breathing",respiratory,10,10,0,yes,"dugay na budlay gid ko mag ginhawa subong gid",synonym,active
difficulty_breathing,"Difficulty Breathing",respiratory,10,10,0,yes,"dugay na budlay gid ko mag ginhawa subong gid ko",synonym,active
difficulty_breathing,"Difficulty Breathing",respiratory,10,10,0,yes,"dugay na budlay gid ko mag ginhawa subong ko gid",synonym,active
difficulty_breathing,"Difficulty Breathing",respiratory,10,10,0,yes,"dugay na budlay gid ko mag ginhawa subong man",synonym,active
difficulty_breathing,"Difficulty Breathing",respiratory,10,10,0,yes,"dugay na budlay gid ko mag ginhawa subong na gid",synonym,active
difficulty_breathing,"Difficulty Breathing",respiratory,10,10,0,yes,"dugay na budlay gid ko magginhawa subong gid",synonym,active
difficulty_breathing,"Difficulty Breathing",respiratory,10,10,0,yes,"dugay na budlay gid ko magginhawa subong gid ko",synonym,active
difficulty_breathing,"Difficulty Breathing",respiratory,10,10,0,yes,"dugay na budlay gid ko magginhawa subong ko gid",synonym,active
difficulty_breathing,"Difficulty Breathing",respiratory,10,10,0,yes,"dugay na budlay gid ko magginhawa subong man",synonym,active
difficulty_breathing,"Difficulty Breathing",respiratory,10,10,0,yes,"dugay na budlay gid ko magginhawa subong na gid",synonym,active
difficulty_breathing,"Difficulty Breathing",respiratory,10,10,0,yes,"dugay na budlay gid ku magginhawa subong gid",synonym,active
difficulty_breathing,"Difficulty Breathing",respiratory,10,10,0,yes,"dugay na budlay gid ku magginhawa subong gid ko",synonym,active
difficulty_breathing,"Difficulty Breathing",respiratory,10,10,0,yes,"dugay na budlay gid ku magginhawa subong ko gid",synonym,active
difficulty_breathing,"Difficulty Breathing",respiratory,10,10,0,yes,"dugay na budlay gid ku magginhawa subong man",synonym,active
difficulty_breathing,"Difficulty Breathing",respiratory,10,10,0,yes,"dugay na budlay gid ku magginhawa subong na gid",synonym,active
difficulty_breathing,"Difficulty Breathing",respiratory,10,10,0,yes,"ginabalaka ko budlay gid gid ko magginhawa subong gid",synonym,active
difficulty_breathing,"Difficulty Breathing",respiratory,10,10,0,yes,"ginabalaka ko budlay gid gid ko magginhawa subong gid ko",synonym,active
difficulty_breathing,"Difficulty Breathing",respiratory,10,10,0,yes,"ginabalaka ko budlay gid gid ko magginhawa subong ko gid",synonym,active
difficulty_breathing,"Difficulty Breathing",respiratory,10,10,0,yes,"ginabalaka ko budlay gid gid ko magginhawa subong man",synonym,active
difficulty_breathing,"Difficulty Breathing",respiratory,10,10,0,yes,"ginabalaka ko budlay gid gid ko magginhawa subong na gid",synonym,active
difficulty_breathing,"Difficulty Breathing",respiratory,10,10,0,yes,"ginabalaka ko budlay gid ko mag ginhawa subong gid",synonym,active
difficulty_breathing,"Difficulty Breathing",respiratory,10,10,0,yes,"ginabalaka ko budlay gid ko mag ginhawa subong gid ko",synonym,active
difficulty_breathing,"Difficulty Breathing",respiratory,10,10,0,yes,"ginabalaka ko budlay gid ko mag ginhawa subong ko gid",synonym,active
difficulty_breathing,"Difficulty Breathing",respiratory,10,10,0,yes,"ginabalaka ko budlay gid ko mag ginhawa subong man",synonym,active
difficulty_breathing,"Difficulty Breathing",respiratory,10,10,0,yes,"ginabalaka ko budlay gid ko mag ginhawa subong na gid",synonym,active
difficulty_breathing,"Difficulty Breathing",respiratory,10,10,0,yes,"ginabalaka ko budlay gid ko magginhawa subong gid",synonym,active
difficulty_breathing,"Difficulty Breathing",respiratory,10,10,0,yes,"ginabalaka ko budlay gid ko magginhawa subong gid ko",synonym,active
difficulty_breathing,"Difficulty Breathing",respiratory,10,10,0,yes,"ginabalaka ko budlay gid ko magginhawa subong ko gid",synonym,active
difficulty_breathing,"Difficulty Breathing",respiratory,10,10,0,yes,"ginabalaka ko budlay gid ko magginhawa subong man",synonym,active
difficulty_breathing,"Difficulty Breathing",respiratory,10,10,0,yes,"ginabalaka ko budlay gid ko magginhawa subong na gid",synonym,active
difficulty_breathing,"Difficulty Breathing",respiratory,10,10,0,yes,"ginabalaka ku budlay gid ko magginhawa subong gid",synonym,active
difficulty_breathing,"Difficulty Breathing",respiratory,10,10,0,yes,"ginabalaka ku budlay gid ko magginhawa subong gid ko",synonym,active
difficulty_breathing,"Difficulty Breathing",respiratory,10,10,0,yes,"ginabalaka ku budlay gid ko magginhawa subong ko gid",synonym,active
difficulty_breathing,"Difficulty Breathing",respiratory,10,10,0,yes,"ginabalaka ku budlay gid ko magginhawa subong man",synonym,active
difficulty_breathing,"Difficulty Breathing",respiratory,10,10,0,yes,"ginabalaka ku budlay gid ko magginhawa subong na gid",synonym,active
difficulty_breathing,"Difficulty Breathing",respiratory,10,10,0,yes,"ginabudlayan ginhawa",synonym,active
difficulty_breathing,"Difficulty Breathing",respiratory,10,10,0,yes,"ginabudlayan ginhawa ko",synonym,active
difficulty_breathing,"Difficulty Breathing",respiratory,10,10,0,yes,"ginabudlayan ginhawa ku",synonym,active
difficulty_breathing,"Difficulty Breathing",respiratory,10,10,0,yes,"ginaginhawa budlay",synonym,active
difficulty_breathing,"Difficulty Breathing",respiratory,10,10,0,yes,"ginpangayo ko doctor budlay gid gid ko magginhawa subong gid",synonym,active
difficulty_breathing,"Difficulty Breathing",respiratory,10,10,0,yes,"ginpangayo ko doctor budlay gid gid ko magginhawa subong gid ko",synonym,active
difficulty_breathing,"Difficulty Breathing",respiratory,10,10,0,yes,"ginpangayo ko doctor budlay gid gid ko magginhawa subong ko gid",synonym,active
difficulty_breathing,"Difficulty Breathing",respiratory,10,10,0,yes,"ginpangayo ko doctor budlay gid gid ko magginhawa subong man",synonym,active
difficulty_breathing,"Difficulty Breathing",respiratory,10,10,0,yes,"ginpangayo ko doctor budlay gid gid ko magginhawa subong na gid",synonym,active
difficulty_breathing,"Difficulty Breathing",respiratory,10,10,0,yes,"ginpangayo ko doctor budlay gid ko mag ginhawa subong gid",synonym,active
difficulty_breathing,"Difficulty Breathing",respiratory,10,10,0,yes,"ginpangayo ko doctor budlay gid ko mag ginhawa subong gid ko",synonym,active
difficulty_breathing,"Difficulty Breathing",respiratory,10,10,0,yes,"ginpangayo ko doctor budlay gid ko mag ginhawa subong ko gid",synonym,active
difficulty_breathing,"Difficulty Breathing",respiratory,10,10,0,yes,"ginpangayo ko doctor budlay gid ko mag ginhawa subong man",synonym,active
difficulty_breathing,"Difficulty Breathing",respiratory,10,10,0,yes,"ginpangayo ko doctor budlay gid ko mag ginhawa subong na gid",synonym,active
difficulty_breathing,"Difficulty Breathing",respiratory,10,10,0,yes,"ginpangayo ko doctor budlay gid ko magginhawa subong gid",synonym,active
difficulty_breathing,"Difficulty Breathing",respiratory,10,10,0,yes,"ginpangayo ko doctor budlay gid ko magginhawa subong gid ko",synonym,active
difficulty_breathing,"Difficulty Breathing",respiratory,10,10,0,yes,"ginpangayo ko doctor budlay gid ko magginhawa subong ko gid",synonym,active
difficulty_breathing,"Difficulty Breathing",respiratory,10,10,0,yes,"ginpangayo ko doctor budlay gid ko magginhawa subong man",synonym,active
difficulty_breathing,"Difficulty Breathing",respiratory,10,10,0,yes,"ginpangayo ko doctor budlay gid ko magginhawa subong na gid",synonym,active
difficulty_breathing,"Difficulty Breathing",respiratory,10,10,0,yes,"ginpangayo ku doctor budlay gid ko magginhawa subong gid",synonym,active
difficulty_breathing,"Difficulty Breathing",respiratory,10,10,0,yes,"ginpangayo ku doctor budlay gid ko magginhawa subong gid ko",synonym,active
difficulty_breathing,"Difficulty Breathing",respiratory,10,10,0,yes,"ginpangayo ku doctor budlay gid ko magginhawa subong ko gid",synonym,active
difficulty_breathing,"Difficulty Breathing",respiratory,10,10,0,yes,"ginpangayo ku doctor budlay gid ko magginhawa subong man",synonym,active
difficulty_breathing,"Difficulty Breathing",respiratory,10,10,0,yes,"ginpangayo ku doctor budlay gid ko magginhawa subong na gid",synonym,active
difficulty_breathing,"Difficulty Breathing",respiratory,10,10,0,yes,"hirap huminga",synonym,active
difficulty_breathing,"Difficulty Breathing",respiratory,10,10,0,yes,"karon budlay gid gid ko magginhawa subong gid",synonym,active
difficulty_breathing,"Difficulty Breathing",respiratory,10,10,0,yes,"karon budlay gid gid ko magginhawa subong gid ko",synonym,active
difficulty_breathing,"Difficulty Breathing",respiratory,10,10,0,yes,"karon budlay gid gid ko magginhawa subong ko gid",synonym,active
difficulty_breathing,"Difficulty Breathing",respiratory,10,10,0,yes,"karon budlay gid gid ko magginhawa subong man",synonym,active
difficulty_breathing,"Difficulty Breathing",respiratory,10,10,0,yes,"karon budlay gid gid ko magginhawa subong na gid",synonym,active
difficulty_breathing,"Difficulty Breathing",respiratory,10,10,0,yes,"karon budlay gid ko mag ginhawa subong gid",synonym,active
difficulty_breathing,"Difficulty Breathing",respiratory,10,10,0,yes,"karon budlay gid ko mag ginhawa subong gid ko",synonym,active
difficulty_breathing,"Difficulty Breathing",respiratory,10,10,0,yes,"karon budlay gid ko mag ginhawa subong ko gid",synonym,active
difficulty_breathing,"Difficulty Breathing",respiratory,10,10,0,yes,"karon budlay gid ko mag ginhawa subong man",synonym,active
difficulty_breathing,"Difficulty Breathing",respiratory,10,10,0,yes,"karon budlay gid ko mag ginhawa subong na gid",synonym,active
difficulty_breathing,"Difficulty Breathing",respiratory,10,10,0,yes,"karon budlay gid ko magginhawa subong gid",synonym,active
difficulty_breathing,"Difficulty Breathing",respiratory,10,10,0,yes,"karon budlay gid ko magginhawa subong gid ko",synonym,active
difficulty_breathing,"Difficulty Breathing",respiratory,10,10,0,yes,"karon budlay gid ko magginhawa subong ko gid",synonym,active
difficulty_breathing,"Difficulty Breathing",respiratory,10,10,0,yes,"karon budlay gid ko magginhawa subong man",synonym,active
difficulty_breathing,"Difficulty Breathing",respiratory,10,10,0,yes,"karon budlay gid ko magginhawa subong na gid",synonym,active
difficulty_breathing,"Difficulty Breathing",respiratory,10,10,0,yes,"karon budlay gid ku magginhawa subong gid",synonym,active
difficulty_breathing,"Difficulty Breathing",respiratory,10,10,0,yes,"karon budlay gid ku magginhawa subong gid ko",synonym,active
difficulty_breathing,"Difficulty Breathing",respiratory,10,10,0,yes,"karon budlay gid ku magginhawa subong ko gid",synonym,active
difficulty_breathing,"Difficulty Breathing",respiratory,10,10,0,yes,"karon budlay gid ku magginhawa subong man",synonym,active
difficulty_breathing,"Difficulty Breathing",respiratory,10,10,0,yes,"karon budlay gid ku magginhawa subong na gid",synonym,active
difficulty_breathing,"Difficulty Breathing",respiratory,10,10,0,yes,"lisod mag ginhawa ko",synonym,active
difficulty_breathing,"Difficulty Breathing",respiratory,10,10,0,yes,"lisod magginhawa ko",synonym,active
difficulty_breathing,"Difficulty Breathing",respiratory,10,10,0,yes,"lisod magginhawa ku",synonym,active
difficulty_breathing,"Difficulty Breathing",respiratory,10,10,0,yes,"nahihirapang huminga",synonym,active
difficulty_breathing,"Difficulty Breathing",respiratory,10,10,0,yes,"perme budlay magginhawa ko",synonym,active
difficulty_breathing,"Difficulty Breathing",respiratory,10,10,0,yes,"perme nga budlay magginhawa ko",synonym,active
difficulty_breathing,"Difficulty Breathing",respiratory,10,10,0,yes,"posible budlay magginhawa ko",synonym,active
difficulty_breathing,"Difficulty Breathing",respiratory,10,10,0,yes,"posible nga budlay magginhawa ko",synonym,active
difficulty_breathing,"Difficulty Breathing",respiratory,10,10,0,yes,"subong budlay gid gid ko magginhawa subong gid",synonym,active
difficulty_breathing,"Difficulty Breathing",respiratory,10,10,0,yes,"subong budlay gid gid ko magginhawa subong gid ko",synonym,active
difficulty_breathing,"Difficulty Breathing",respiratory,10,10,0,yes,"subong budlay gid gid ko magginhawa subong ko gid",synonym,active
difficulty_breathing,"Difficulty Breathing",respiratory,10,10,0,yes,"subong budlay gid gid ko magginhawa subong man",synonym,active
difficulty_breathing,"Difficulty Breathing",respiratory,10,10,0,yes,"subong budlay gid gid ko magginhawa subong na gid",synonym,active
difficulty_breathing,"Difficulty Breathing",respiratory,10,10,0,yes,"subong budlay gid ko mag ginhawa subong gid",synonym,active
difficulty_breathing,"Difficulty Breathing",respiratory,10,10,0,yes,"subong budlay gid ko mag ginhawa subong gid ko",synonym,active
difficulty_breathing,"Difficulty Breathing",respiratory,10,10,0,yes,"subong budlay gid ko mag ginhawa subong ko gid",synonym,active
difficulty_breathing,"Difficulty Breathing",respiratory,10,10,0,yes,"subong budlay gid ko mag ginhawa subong man",synonym,active
difficulty_breathing,"Difficulty Breathing",respiratory,10,10,0,yes,"subong budlay gid ko mag ginhawa subong na gid",synonym,active
difficulty_breathing,"Difficulty Breathing",respiratory,10,10,0,yes,"subong budlay gid ko magginhawa subong gid",synonym,active
difficulty_breathing,"Difficulty Breathing",respiratory,10,10,0,yes,"subong budlay gid ko magginhawa subong gid ko",synonym,active
difficulty_breathing,"Difficulty Breathing",respiratory,10,10,0,yes,"subong budlay gid ko magginhawa subong ko gid",synonym,active
difficulty_breathing,"Difficulty Breathing",respiratory,10,10,0,yes,"subong budlay gid ko magginhawa subong man",synonym,active
difficulty_breathing,"Difficulty Breathing",respiratory,10,10,0,yes,"subong budlay gid ko magginhawa subong na gid",synonym,active
difficulty_breathing,"Difficulty Breathing",respiratory,10,10,0,yes,"subong budlay gid ku magginhawa subong gid",synonym,active
difficulty_breathing,"Difficulty Breathing",respiratory,10,10,0,yes,"subong budlay gid ku magginhawa subong gid ko",synonym,active
difficulty_breathing,"Difficulty Breathing",respiratory,10,10,0,yes,"subong budlay gid ku magginhawa subong ko gid",synonym,active
difficulty_breathing,"Difficulty Breathing",respiratory,10,10,0,yes,"subong budlay gid ku magginhawa subong man",synonym,active
difficulty_breathing,"Difficulty Breathing",respiratory,10,10,0,yes,"subong budlay gid ku magginhawa subong na gid",synonym,active
difficulty_breathing,"Difficulty Breathing",respiratory,10,10,0,yes,"wala ko kasugtan budlay gid gid ko magginhawa subong gid",synonym,active
difficulty_breathing,"Difficulty Breathing",respiratory,10,10,0,yes,"wala ko kasugtan budlay gid gid ko magginhawa subong gid ko",synonym,active
difficulty_breathing,"Difficulty Breathing",respiratory,10,10,0,yes,"wala ko kasugtan budlay gid gid ko magginhawa subong ko gid",synonym,active
difficulty_breathing,"Difficulty Breathing",respiratory,10,10,0,yes,"wala ko kasugtan budlay gid gid ko magginhawa subong man",synonym,active
difficulty_breathing,"Difficulty Breathing",respiratory,10,10,0,yes,"wala ko kasugtan budlay gid gid ko magginhawa subong na gid",synonym,active
difficulty_breathing,"Difficulty Breathing",respiratory,10,10,0,yes,"wala ko kasugtan budlay gid ko mag ginhawa subong gid",synonym,active
difficulty_breathing,"Difficulty Breathing",respiratory,10,10,0,yes,"wala ko kasugtan budlay gid ko mag ginhawa subong gid ko",synonym,active
difficulty_breathing,"Difficulty Breathing",respiratory,10,10,0,yes,"wala ko kasugtan budlay gid ko mag ginhawa subong ko gid",synonym,active
difficulty_breathing,"Difficulty Breathing",respiratory,10,10,0,yes,"wala ko kasugtan budlay gid ko mag ginhawa subong man",synonym,active
difficulty_breathing,"Difficulty Breathing",respiratory,10,10,0,yes,"wala ko kasugtan budlay gid ko mag ginhawa subong na gid",synonym,active
difficulty_breathing,"Difficulty Breathing",respiratory,10,10,0,yes,"wala ko kasugtan budlay gid ko magginhawa subong gid",synonym,active
difficulty_breathing,"Difficulty Breathing",respiratory,10,10,0,yes,"wala ko kasugtan budlay gid ko magginhawa subong gid ko",synonym,active
difficulty_breathing,"Difficulty Breathing",respiratory,10,10,0,yes,"wala ko kasugtan budlay gid ko magginhawa subong ko gid",synonym,active
difficulty_breathing,"Difficulty Breathing",respiratory,10,10,0,yes,"wala ko kasugtan budlay gid ko magginhawa subong man",synonym,active
difficulty_breathing,"Difficulty Breathing",respiratory,10,10,0,yes,"wala ko kasugtan budlay gid ko magginhawa subong na gid",synonym,active
difficulty_breathing,"Difficulty Breathing",respiratory,10,10,0,yes,"wala ku kasugtan budlay gid ko magginhawa subong gid",synonym,active
difficulty_breathing,"Difficulty Breathing",respiratory,10,10,0,yes,"wala ku kasugtan budlay gid ko magginhawa subong gid ko",synonym,active
difficulty_breathing,"Difficulty Breathing",respiratory,10,10,0,yes,"wala ku kasugtan budlay gid ko magginhawa subong ko gid",synonym,active
difficulty_breathing,"Difficulty Breathing",respiratory,10,10,0,yes,"wala ku kasugtan budlay gid ko magginhawa subong man",synonym,active
difficulty_breathing,"Difficulty Breathing",respiratory,10,10,0,yes,"wala ku kasugtan budlay gid ko magginhawa subong na gid",synonym,active
difficulty_breathing,"Difficulty Breathing",respiratory,10,10,0,yes,"indi ko makaginhawa",synonym,active
difficulty_breathing,"Difficulty Breathing",respiratory,10,10,0,yes,ginakapos,synonym,active
difficulty_breathing,"Difficulty Breathing",respiratory,10,10,0,yes,"nagagamit tiyan pagginhawa",synonym,active
difficulty_breathing,"Difficulty Breathing",respiratory,10,10,0,yes,"wala ginhawa",synonym,active
difficulty_breathing,"Difficulty Breathing",respiratory,10,10,0,yes,"ginahapo gid",synonym,active
difficulty_breathing,"Difficulty Breathing",respiratory,10,10,0,yes,"hapo kaayo",synonym,active
difficulty_breathing,"Difficulty Breathing",respiratory,10,10,0,yes,"lisod ginhawa",synonym,active
difficulty_breathing,"Difficulty Breathing",respiratory,10,10,0,yes,"budlay mag breathe",synonym,active
difficulty_breathing,"Difficulty Breathing",respiratory,10,10,0,yes,"kapos ang paghinga",synonym,active
difficulty_breathing,"Difficulty Breathing",respiratory,10,10,0,yes,"hindi makahinga",synonym,active
difficulty_breathing,"Difficulty Breathing",respiratory,10,10,0,yes,difficulty_breathing,concept_id,active
difficulty_breathing,"Difficulty Breathing",respiratory,10,10,0,yes,"breathing problem",synonym,active
difficulty_breathing,"Difficulty Breathing",respiratory,10,10,0,yes,"respiratory difficulty",synonym,active
difficulty_breathing,"Difficulty Breathing",respiratory,10,10,0,yes,dyspnoea,synonym,active
difficulty_breathing,"Difficulty Breathing",respiratory,10,10,0,yes,sob,synonym,active
difficulty_breathing,"Difficulty Breathing",respiratory,10,10,0,yes,"hard to breathe",synonym,active
difficulty_breathing,"Difficulty Breathing",respiratory,10,10,0,yes,"trouble breathing",synonym,active
chest_pain,"Chest Pain",cardiovascular,10,10,0,yes,"chest pain",canonical,active
chest_pain,"Chest Pain",cardiovascular,10,10,0,yes,"chest tightness",synonym,active
chest_pain,"Chest Pain",cardiovascular,10,10,0,yes,"chest pressure",synonym,active
chest_pain,"Chest Pain",cardiovascular,10,10,0,yes,"chest discomfort",synonym,active
chest_pain,"Chest Pain",cardiovascular,10,10,0,yes,"chest heaviness",synonym,active
chest_pain,"Chest Pain",cardiovascular,10,10,0,yes,"masakit dughan",synonym,active
chest_pain,"Chest Pain",cardiovascular,10,10,0,yes,"masakit akon dughan",synonym,active
chest_pain,"Chest Pain",cardiovascular,10,10,0,yes,"masakit ang dughan",synonym,active
chest_pain,"Chest Pain",cardiovascular,10,10,0,yes,"sakit dughan",synonym,active
chest_pain,"Chest Pain",cardiovascular,10,10,0,yes,"sakit akon dughan",synonym,active
chest_pain,"Chest Pain",cardiovascular,10,10,0,yes,"hapdi dughan",synonym,active
chest_pain,"Chest Pain",cardiovascular,10,10,0,yes,"hapdi akon dughan",synonym,active
chest_pain,"Chest Pain",cardiovascular,10,10,0,yes,"masakit dibdib",synonym,active
chest_pain,"Chest Pain",cardiovascular,10,10,0,yes,"masakit akon dibdib",synonym,active
chest_pain,"Chest Pain",cardiovascular,10,10,0,yes,"naga pitik dughan",synonym,active
chest_pain,"Chest Pain",cardiovascular,10,10,0,yes,"gasakit dughan",synonym,active
chest_pain,"Chest Pain",cardiovascular,10,10,0,yes,"ano ang buhaton gasakit dughan ko",synonym,active
chest_pain,"Chest Pain",cardiovascular,10,10,0,yes,"ano ang buhaton nga gasakit dughan ko",synonym,active
chest_pain,"Chest Pain",cardiovascular,10,10,0,yes,"basin gasakit dughan ko",synonym,active
chest_pain,"Chest Pain",cardiovascular,10,10,0,yes,"basin nga gasakit dughan ko",synonym,active
chest_pain,"Chest Pain",cardiovascular,10,10,0,yes,chestpain,synonym,active
chest_pain,"Chest Pain",cardiovascular,10,10,0,yes,"daw gasakit dughan ko",synonym,active
chest_pain,"Chest Pain",cardiovascular,10,10,0,yes,"daw nga gasakit dughan ko",synonym,active
chest_pain,"Chest Pain",cardiovascular,10,10,0,yes,"doc masakit dughan ko",synonym,active
chest_pain,"Chest Pain",cardiovascular,10,10,0,yes,"ga pito dughan",synonym,active
chest_pain,"Chest Pain",cardiovascular,10,10,0,yes,"ga sakit akon dughan",synonym,active
chest_pain,"Chest Pain",cardiovascular,10,10,0,yes,"ga sakit dughan akon",synonym,active
chest_pain,"Chest Pain",cardiovascular,10,10,0,yes,"ga sakit dughan gid ko",synonym,active
chest_pain,"Chest Pain",cardiovascular,10,10,0,yes,"ga sakit dughan ko",synonym,active
chest_pain,"Chest Pain",cardiovascular,10,10,0,yes,"ga sakit dughan man",synonym,active
chest_pain,"Chest Pain",cardiovascular,10,10,0,yes,"ga sakit dughan subong",synonym,active
chest_pain,"Chest Pain",cardiovascular,10,10,0,yes,"gasaket dughan ako",synonym,active
chest_pain,"Chest Pain",cardiovascular,10,10,0,yes,"gasaket dughan akon gid",synonym,active
chest_pain,"Chest Pain",cardiovascular,10,10,0,yes,"gasaket dughan akon subong",synonym,active
chest_pain,"Chest Pain",cardiovascular,10,10,0,yes,"gasaket dughan ko gid",synonym,active
chest_pain,"Chest Pain",cardiovascular,10,10,0,yes,"gasaket dughan ko man",synonym,active
chest_pain,"Chest Pain",cardiovascular,10,10,0,yes,"gasakit akon dughan",synonym,active
chest_pain,"Chest Pain",cardiovascular,10,10,0,yes,"gasakit dughan acun gid",synonym,active
chest_pain,"Chest Pain",cardiovascular,10,10,0,yes,"gasakit dughan acun subong",synonym,active
chest_pain,"Chest Pain",cardiovascular,10,10,0,yes,"gasakit dughan ako",synonym,active
chest_pain,"Chest Pain",cardiovascular,10,10,0,yes,"gasakit dughan akon",synonym,active
chest_pain,"Chest Pain",cardiovascular,10,10,0,yes,"gasakit dughan akon gid",synonym,active
chest_pain,"Chest Pain",cardiovascular,10,10,0,yes,"gasakit dughan akon subong",synonym,active
chest_pain,"Chest Pain",cardiovascular,10,10,0,yes,"gasakit dughan gid ko",synonym,active
chest_pain,"Chest Pain",cardiovascular,10,10,0,yes,"gasakit dughan ko",synonym,active
chest_pain,"Chest Pain",cardiovascular,10,10,0,yes,"gasakit dughan ko gid",synonym,active
chest_pain,"Chest Pain",cardiovascular,10,10,0,yes,"gasakit dughan ko man",synonym,active
chest_pain,"Chest Pain",cardiovascular,10,10,0,yes,"gasakit dughan ku gid",synonym,active
chest_pain,"Chest Pain",cardiovascular,10,10,0,yes,"gasakit dughan ku man",synonym,active
chest_pain,"Chest Pain",cardiovascular,10,10,0,yes,"gasakit dughan man",synonym,active
chest_pain,"Chest Pain",cardiovascular,10,10,0,yes,"gasakit dughan subong",synonym,active
chest_pain,"Chest Pain",cardiovascular,10,10,0,yes,"ginasakit akon dughan",synonym,active
chest_pain,"Chest Pain",cardiovascular,10,10,0,yes,"ginasakit dughan akon",synonym,active
chest_pain,"Chest Pain",cardiovascular,10,10,0,yes,"ginasakit dughan gid ko",synonym,active
chest_pain,"Chest Pain",cardiovascular,10,10,0,yes,"ginasakit dughan ko",synonym,active
chest_pain,"Chest Pain",cardiovascular,10,10,0,yes,"ginasakit dughan man",synonym,active
chest_pain,"Chest Pain",cardiovascular,10,10,0,yes,"ginasakit dughan subong",synonym,active
chest_pain,"Chest Pain",cardiovascular,10,10,0,yes,"hapdi dughan acun gid",synonym,active
chest_pain,"Chest Pain",cardiovascular,10,10,0,yes,"hapdi dughan acun subong",synonym,active
chest_pain,"Chest Pain",cardiovascular,10,10,0,yes,"hapdi dughan ako",synonym,active
chest_pain,"Chest Pain",cardiovascular,10,10,0,yes,"hapdi dughan akon",synonym,active
chest_pain,"Chest Pain",cardiovascular,10,10,0,yes,"hapdi dughan akon gid",synonym,active
chest_pain,"Chest Pain",cardiovascular,10,10,0,yes,"hapdi dughan akon subong",synonym,active
chest_pain,"Chest Pain",cardiovascular,10,10,0,yes,"hapdi dughan gid ko",synonym,active
chest_pain,"Chest Pain",cardiovascular,10,10,0,yes,"hapdi dughan ko",synonym,active
chest_pain,"Chest Pain",cardiovascular,10,10,0,yes,"hapdi dughan ko gid",synonym,active
chest_pain,"Chest Pain",cardiovascular,10,10,0,yes,"hapdi dughan ko man",synonym,active
chest_pain,"Chest Pain",cardiovascular,10,10,0,yes,"hapdi dughan ku gid",synonym,active
chest_pain,"Chest Pain",cardiovascular,10,10,0,yes,"hapdi dughan ku man",synonym,active
chest_pain,"Chest Pain",cardiovascular,10,10,0,yes,"hapdi dughan man",synonym,active
chest_pain,"Chest Pain",cardiovascular,10,10,0,yes,"hapdi dughan subong",synonym,active
chest_pain,"Chest Pain",cardiovascular,10,10,0,yes,"masakit ang dibdib ko",synonym,active
chest_pain,"Chest Pain",cardiovascular,10,10,0,yes,"masakit dughan acun gid",synonym,active
chest_pain,"Chest Pain",cardiovascular,10,10,0,yes,"masakit dughan acun subong",synonym,active
chest_pain,"Chest Pain",cardiovascular,10,10,0,yes,"masakit dughan ako",synonym,active
chest_pain,"Chest Pain",cardiovascular,10,10,0,yes,"masakit dughan akon",synonym,active
chest_pain,"Chest Pain",cardiovascular,10,10,0,yes,"masakit dughan akon gid",synonym,active
chest_pain,"Chest Pain",cardiovascular,10,10,0,yes,"masakit dughan akon subong",synonym,active
chest_pain,"Chest Pain",cardiovascular,10,10,0,yes,"masakit dughan gid ko",synonym,active
chest_pain,"Chest Pain",cardiovascular,10,10,0,yes,"masakit dughan ko",synonym,active
chest_pain,"Chest Pain",cardiovascular,10,10,0,yes,"masakit dughan ko gid",synonym,active
chest_pain,"Chest Pain",cardiovascular,10,10,0,yes,"masakit dughan ko man",synonym,active
chest_pain,"Chest Pain",cardiovascular,10,10,0,yes,"masakit dughan ku gid",synonym,active
chest_pain,"Chest Pain",cardiovascular,10,10,0,yes,"masakit dughan ku man",synonym,active
chest_pain,"Chest Pain",cardiovascular,10,10,0,yes,"masakit dughan man",synonym,active
chest_pain,"Chest Pain",cardiovascular,10,10,0,yes,"masakit dughan subong",synonym,active
chest_pain,"Chest Pain",cardiovascular,10,10,0,yes,"perme gasakit dughan ko",synonym,active
chest_pain,"Chest Pain",cardiovascular,10,10,0,yes,"perme nga gasakit dughan ko",synonym,active
chest_pain,"Chest Pain",cardiovascular,10,10,0,yes,"posible gasakit dughan ko",synonym,active
chest_pain,"Chest Pain",cardiovascular,10,10,0,yes,"posible nga gasakit dughan ko",synonym,active
chest_pain,"Chest Pain",cardiovascular,10,10,0,yes,"sakit dughan acun gid",synonym,active
chest_pain,"Chest Pain",cardiovascular,10,10,0,yes,"sakit dughan acun subong",synonym,active
chest_pain,"Chest Pain",cardiovascular,10,10,0,yes,"sakit dughan ako",synonym,active
chest_pain,"Chest Pain",cardiovascular,10,10,0,yes,"sakit dughan akon",synonym,active
chest_pain,"Chest Pain",cardiovascular,10,10,0,yes,"sakit dughan akon gid",synonym,active
chest_pain,"Chest Pain",cardiovascular,10,10,0,yes,"sakit dughan akon subong",synonym,active
chest_pain,"Chest Pain",cardiovascular,10,10,0,yes,"sakit dughan gid ko",synonym,active
chest_pain,"Chest Pain",cardiovascular,10,10,0,yes,"sakit dughan ko",synonym,active
chest_pain,"Chest Pain",cardiovascular,10,10,0,yes,"sakit dughan ko gid",synonym,active
chest_pain,"Chest Pain",cardiovascular,10,10,0,yes,"sakit dughan ko man",synonym,active
chest_pain,"Chest Pain",cardiovascular,10,10,0,yes,"sakit dughan ku gid",synonym,active
chest_pain,"Chest Pain",cardiovascular,10,10,0,yes,"sakit dughan ku man",synonym,active
chest_pain,"Chest Pain",cardiovascular,10,10,0,yes,"sakit dughan man",synonym,active
chest_pain,"Chest Pain",cardiovascular,10,10,0,yes,"sakit dughan subong",synonym,active
chest_pain,"Chest Pain",cardiovascular,10,10,0,yes,"sakit gid akon dughan",synonym,active
chest_pain,"Chest Pain",cardiovascular,10,10,0,yes,"sakit gid dughan akon",synonym,active
chest_pain,"Chest Pain",cardiovascular,10,10,0,yes,"sakit gid dughan gid ko",synonym,active
chest_pain,"Chest Pain",cardiovascular,10,10,0,yes,"sakit gid dughan ko",synonym,active
chest_pain,"Chest Pain",cardiovascular,10,10,0,yes,"sakit gid dughan man",synonym,active
chest_pain,"Chest Pain",cardiovascular,10,10,0,yes,"sakit gid dughan subong",synonym,active
chest_pain,"Chest Pain",cardiovascular,10,10,0,yes,"sakit sa dughan ko",synonym,active
chest_pain,"Chest Pain",cardiovascular,10,10,0,yes,"daw may gahugot sa dughan",synonym,active
chest_pain,"Chest Pain",cardiovascular,10,10,0,yes,"sakit dughan nagakalat sa abaga",synonym,active
chest_pain,"Chest Pain",cardiovascular,10,10,0,yes,"sakit dughan kag nagasinghot",synonym,active
chest_pain,"Chest Pain",cardiovascular,10,10,0,yes,"sakit tuo dughan",synonym,active
chest_pain,"Chest Pain",cardiovascular,10,10,0,yes,"sakit wala dughan",synonym,active
chest_pain,"Chest Pain",cardiovascular,10,10,0,yes,"ginasakit dughan",synonym,active
chest_pain,"Chest Pain",cardiovascular,10,10,0,yes,"sakit dibdib",synonym,active
chest_pain,"Chest Pain",cardiovascular,10,10,0,yes,"pig-ot dughan",synonym,active
chest_pain,"Chest Pain",cardiovascular,10,10,0,yes,"sakit sang dughan",synonym,active
chest_pain,"Chest Pain",cardiovascular,10,10,0,yes,"hapdi ang dughan",synonym,active
chest_pain,"Chest Pain",cardiovascular,10,10,0,yes,"ginasakit ang dughan",synonym,active
chest_pain,"Chest Pain",cardiovascular,10,10,0,yes,"ginasakit ang dughan ko",synonym,active
chest_pain,"Chest Pain",cardiovascular,10,10,0,yes,"may sakit sa dughan",synonym,active
chest_pain,"Chest Pain",cardiovascular,10,10,0,yes,"sakit dughan gid",synonym,active
chest_pain,"Chest Pain",cardiovascular,10,10,0,yes,"sakit sa dughan",synonym,active
chest_pain,"Chest Pain",cardiovascular,10,10,0,yes,"sakit sa dibdib",synonym,active
chest_pain,"Chest Pain",cardiovascular,10,10,0,yes,"masakit ang dibdib",synonym,active
chest_pain,"Chest Pain",cardiovascular,10,10,0,yes,"pananakit ng dibdib",synonym,active
chest_pain,"Chest Pain",cardiovascular,10,10,0,yes,"masakit dibdib ko",synonym,active
chest_pain,"Chest Pain",cardiovascular,10,10,0,yes,chest_pain,concept_id,active
chest_pain,"Chest Pain",cardiovascular,10,10,0,yes,"pain in chest",synonym,active
chest_pain,"Chest Pain",cardiovascular,10,10,0,yes,"pain chest",synonym,active
chest_pain,"Chest Pain",cardiovascular,10,10,0,yes,"heavy chest",synonym,active
chest_pain,"Chest Pain",cardiovascular,10,10,0,yes,"tight chest",synonym,active
chest_pain,"Chest Pain",cardiovascular,10,10,0,yes,"pressure in chest",synonym,active
vomiting_blood,"Vomiting Blood",gastrointestinal,12,12,0,yes,"vomiting blood",canonical,active
vomiting_blood,"Vomiting Blood",gastrointestinal,12,12,0,yes,hematemesis,synonym,active
vomiting_blood,"Vomiting Blood",gastrointestinal,12,12,0,yes,"blood in vomit",synonym,active
vomiting_blood,"Vomiting Blood",gastrointestinal,12,12,0,yes,"bloody vomit",synonym,active
vomiting_blood,"Vomiting Blood",gastrointestinal,12,12,0,yes,"may dugo sa suka",synonym,active
vomiting_blood,"Vomiting Blood",gastrointestinal,12,12,0,yes,"nagsuka dugo",synonym,active
vomiting_blood,"Vomiting Blood",gastrointestinal,12,12,0,yes,"dugo sa akon suka",synonym,active
vomiting_blood,"Vomiting Blood",gastrointestinal,12,12,0,yes,"dugo sa suka",synonym,active
vomiting_blood,"Vomiting Blood",gastrointestinal,12,12,0,yes,"nagsuka sang dugo",synonym,active
vomiting_blood,"Vomiting Blood",gastrointestinal,12,12,0,yes,"nagsusuka ng dugo",synonym,active
vomiting_blood,"Vomiting Blood",gastrointestinal,12,12,0,yes,vomiting_blood,concept_id,active
coughing_blood,"Coughing Blood",respiratory,12,12,0,yes,"coughing blood",canonical,active
coughing_blood,"Coughing Blood",respiratory,12,12,0,yes,hemoptysis,synonym,active
coughing_blood,"Coughing Blood",respiratory,12,12,0,yes,"blood in sputum",synonym,active
coughing_blood,"Coughing Blood",respiratory,12,12,0,yes,"bloody cough",synonym,active
coughing_blood,"Coughing Blood",respiratory,12,12,0,yes,"nagauba dugo",synonym,active
coughing_blood,"Coughing Blood",respiratory,12,12,0,yes,"nagasinghot blood",synonym,active
coughing_blood,"Coughing Blood",respiratory,12,12,0,yes,"dugo sa ubo",synonym,active
coughing_blood,"Coughing Blood",respiratory,12,12,0,yes,"ginaubo dugo",synonym,active
coughing_blood,"Coughing Blood",respiratory,12,12,0,yes,"umuubo ng dugo",synonym,active
coughing_blood,"Coughing Blood",respiratory,12,12,0,yes,"may dugo sa plema",synonym,active
coughing_blood,"Coughing Blood",respiratory,12,12,0,yes,coughing_blood,concept_id,active
severe_bleeding,"Severe Bleeding",trauma,12,12,0,yes,"severe bleeding",canonical,active
severe_bleeding,"Severe Bleeding",trauma,12,12,0,yes,"uncontrolled bleeding",synonym,active
severe_bleeding,"Severe Bleeding",trauma,12,12,0,yes,"massive bleeding",synonym,active
severe_bleeding,"Severe Bleeding",trauma,12,12,0,yes,hemorrhage,synonym,active
severe_bleeding,"Severe Bleeding",trauma,12,12,0,yes,"heavy bleeding",synonym,active
severe_bleeding,"Severe Bleeding",trauma,12,12,0,yes,"uncontrolled hemorrhage",synonym,active
severe_bleeding,"Severe Bleeding",trauma,12,12,0,yes,"grabe nagadugo",synonym,active
severe_bleeding,"Severe Bleeding",trauma,12,12,0,yes,"indi mapunggan ang dugo",synonym,active
severe_bleeding,"Severe Bleeding",trauma,12,12,0,yes,"grabe gid nagadugo",synonym,active
severe_bleeding,"Severe Bleeding",trauma,12,12,0,yes,"nagdugo liwat sing grabe",synonym,active
severe_bleeding,"Severe Bleeding",trauma,12,12,0,yes,"matinding pagdurugo",synonym,active
severe_bleeding,"Severe Bleeding",trauma,12,12,0,yes,"hindi mapigil ang pagdurugo",synonym,active
severe_bleeding,"Severe Bleeding",trauma,12,12,0,yes,severe_bleeding,concept_id,active
loss_of_consciousness,"Loss of Consciousness",neurological,20,20,0,yes,unconscious,synonym,active
loss_of_consciousness,"Loss of Consciousness",neurological,20,20,0,yes,"loss of consciousness",canonical,active
loss_of_consciousness,"Loss of Consciousness",neurological,20,20,0,yes,"passed out",synonym,active
loss_of_consciousness,"Loss of Consciousness",neurological,20,20,0,yes,unresponsive,synonym,active
loss_of_consciousness,"Loss of Consciousness",neurological,20,20,0,yes,fainted,synonym,active
loss_of_consciousness,"Loss of Consciousness",neurological,20,20,0,yes,syncope,synonym,active
loss_of_consciousness,"Loss of Consciousness",neurological,20,20,0,yes,collapse,synonym,active
loss_of_consciousness,"Loss of Consciousness",neurological,20,20,0,yes,blackout,synonym,active
loss_of_consciousness,"Loss of Consciousness",neurological,20,20,0,yes,"nadulaan malay",synonym,active
loss_of_consciousness,"Loss of Consciousness",neurological,20,20,0,yes,nagpunaw,synonym,active
loss_of_consciousness,"Loss of Consciousness",neurological,20,20,0,yes,"wala malay",synonym,active
loss_of_consciousness,"Loss of Consciousness",neurological,20,20,0,yes,"nag collapse",synonym,active
loss_of_consciousness,"Loss of Consciousness",neurological,20,20,0,yes,"nawalan ng malay",synonym,active
loss_of_consciousness,"Loss of Consciousness",neurological,20,20,0,yes,himatay,synonym,active
loss_of_consciousness,"Loss of Consciousness",neurological,20,20,0,yes,"walang malay",synonym,active
loss_of_consciousness,"Loss of Consciousness",neurological,20,20,0,yes,loss_of_consciousness,concept_id,active
seizure,Seizure,neurological,15,15,0,yes,seizure,canonical,active
seizure,Seizure,neurological,15,15,0,yes,convulsion,synonym,active
seizure,Seizure,neurological,15,15,0,yes,fit,synonym,active
seizure,Seizure,neurological,15,15,0,yes,convulsions,synonym,active
seizure,Seizure,neurological,15,15,0,yes,"seizure activity",synonym,active
seizure,Seizure,neurological,15,15,0,yes,naguyam,synonym,active
seizure,Seizure,neurological,15,15,0,yes,ginsuyam,synonym,active
seizure,Seizure,neurological,15,15,0,yes,nagauyam,synonym,active
seizure,Seizure,neurological,15,15,0,yes,kombulsyon,synonym,active
seizure,Seizure,neurological,15,15,0,yes,"naguyam ko",synonym,active
seizure,Seizure,neurological,15,15,0,yes,"naguyam ko kag wala ko maka-agi",synonym,active
seizure,Seizure,neurological,15,15,0,yes,"naguyam ku",synonym,active
seizure,Seizure,neurological,15,15,0,yes,nag-uyam,synonym,active
seizure,Seizure,neurological,15,15,0,yes,"nag convulsion",synonym,active
seizure,Seizure,neurological,15,15,0,yes,nagakonvulsyon,synonym,active
seizure,Seizure,neurological,15,15,0,yes,"atake bakukang",synonym,active
seizure,Seizure,neurological,15,15,0,yes,"nagakagat dila",synonym,active
seizure,Seizure,neurological,15,15,0,yes,"naguyam liwat-liwag",synonym,active
seizure,Seizure,neurological,15,15,0,yes,nanginginig,synonym,active
seizure,Seizure,neurological,15,15,0,yes,kumbulsyon,synonym,active
seizure,Seizure,neurological,15,15,0,yes,pagkakumbulsyon,synonym,active
stroke_symptoms,"Stroke Symptoms",neurological,15,15,0,yes,stroke,synonym,active
stroke_symptoms,"Stroke Symptoms",neurological,15,15,0,yes,"facial droop",synonym,active
stroke_symptoms,"Stroke Symptoms",neurological,15,15,0,yes,"arm weakness",synonym,active
stroke_symptoms,"Stroke Symptoms",neurological,15,15,0,yes,"speech difficulty",synonym,active
stroke_symptoms,"Stroke Symptoms",neurological,15,15,0,yes,"slurred speech",synonym,active
stroke_symptoms,"Stroke Symptoms",neurological,15,15,0,yes,"one sided weakness",synonym,active
stroke_symptoms,"Stroke Symptoms",neurological,15,15,0,yes,"FAST symptoms",synonym,active
stroke_symptoms,"Stroke Symptoms",neurological,15,15,0,yes,"cerebrovascular symptoms",synonym,active
stroke_symptoms,"Stroke Symptoms",neurological,15,15,0,yes,"indi makahambal",synonym,active
stroke_symptoms,"Stroke Symptoms",neurological,15,15,0,yes,"indi makabaton sang kamot",synonym,active
stroke_symptoms,"Stroke Symptoms",neurological,15,15,0,yes,"luya isa ka bahin",synonym,active
stroke_symptoms,"Stroke Symptoms",neurological,15,15,0,yes,"hirap magsalita",synonym,active
stroke_symptoms,"Stroke Symptoms",neurological,15,15,0,yes,"mahina ang isang braso",synonym,active
stroke_symptoms,"Stroke Symptoms",neurological,15,15,0,yes,"nakasimangot ang mukha",synonym,active
stroke_symptoms,"Stroke Symptoms",neurological,15,15,0,yes,"Stroke Symptoms",canonical,active
stroke_symptoms,"Stroke Symptoms",neurological,15,15,0,yes,stroke_symptoms,concept_id,active
severe_allergic_reaction,"Severe Allergic Reaction",allergy,15,15,0,yes,anaphylaxis,synonym,active
severe_allergic_reaction,"Severe Allergic Reaction",allergy,15,15,0,yes,"severe allergic reaction",canonical,active
severe_allergic_reaction,"Severe Allergic Reaction",allergy,15,15,0,yes,"throat swelling",synonym,active
severe_allergic_reaction,"Severe Allergic Reaction",allergy,15,15,0,yes,"allergic shock",synonym,active
severe_allergic_reaction,"Severe Allergic Reaction",allergy,15,15,0,yes,"anaphylactic reaction",synonym,active
severe_allergic_reaction,"Severe Allergic Reaction",allergy,15,15,0,yes,"severe allergy",synonym,active
severe_allergic_reaction,"Severe Allergic Reaction",allergy,15,15,0,yes,"gahubag lawas kag budlay magginhawa",synonym,active
severe_allergic_reaction,"Severe Allergic Reaction",allergy,15,15,0,yes,"hubag tutunlan",synonym,active
severe_allergic_reaction,"Severe Allergic Reaction",allergy,15,15,0,yes,"matinding allergy",synonym,active
severe_allergic_reaction,"Severe Allergic Reaction",allergy,15,15,0,yes,"namamaga ang lalamunan",synonym,active
severe_allergic_reaction,"Severe Allergic Reaction",allergy,15,15,0,yes,severe_allergic_reaction,concept_id,active
confusion,Confusion,neurological,10,10,0,yes,confusion,canonical,active
confusion,Confusion,neurological,10,10,0,yes,disoriented,synonym,active
confusion,Confusion,neurological,10,10,0,yes,"altered mental status",synonym,active
confusion,Confusion,neurological,10,10,0,yes,delirium,synonym,active
confusion,Confusion,neurological,10,10,0,yes,confused,synonym,active
confusion,Confusion,neurological,10,10,0,yes,"not making sense",synonym,active
confusion,Confusion,neurological,10,10,0,yes,nagakalibog,synonym,active
confusion,Confusion,neurological,10,10,0,yes,"indi makahibalo",synonym,active
confusion,Confusion,neurological,10,10,0,yes,"lain pamatyag ulo",synonym,active
confusion,Confusion,neurological,10,10,0,yes,"daw indi ko makilala ang tawo",synonym,active
confusion,Confusion,neurological,10,10,0,yes,nalilito,synonym,active
confusion,Confusion,neurological,10,10,0,yes,"hindi alam kung nasaan",synonym,active
confusion,Confusion,neurological,10,10,0,yes,"magulo ang isip",synonym,active
severe_dehydration,"Severe Dehydration",general,10,10,0,yes,"severe dehydration",canonical,active
severe_dehydration,"Severe Dehydration",general,10,10,0,yes,"cannot keep fluids",synonym,active
severe_dehydration,"Severe Dehydration",general,10,10,0,yes,"no urine",synonym,active
severe_dehydration,"Severe Dehydration",general,10,10,0,yes,"sunken eyes",synonym,active
severe_dehydration,"Severe Dehydration",general,10,10,0,yes,"dehydration severe",synonym,active
severe_dehydration,"Severe Dehydration",general,10,10,0,yes,"grabe ka-uga",synonym,active
severe_dehydration,"Severe Dehydration",general,10,10,0,yes,"wala ihi",synonym,active
severe_dehydration,"Severe Dehydration",general,10,10,0,yes,"luya gid tungod wala tubig",synonym,active
severe_dehydration,"Severe Dehydration",general,10,10,0,yes,"sobra nagsuka kag wala ihi",synonym,active
severe_dehydration,"Severe Dehydration",general,10,10,0,yes,"matinding dehydration",synonym,active
severe_dehydration,"Severe Dehydration",general,10,10,0,yes,"walang ihi",synonym,active
severe_dehydration,"Severe Dehydration",general,10,10,0,yes,"lubhang tuhog",synonym,active
severe_dehydration,"Severe Dehydration",general,10,10,0,yes,severe_dehydration,concept_id,active
poisoning,Poisoning,toxicology,15,15,0,yes,poisoning,canonical,active
poisoning,Poisoning,toxicology,15,15,0,yes,poison,synonym,active
poisoning,Poisoning,toxicology,15,15,0,yes,"ingested toxin",synonym,active
poisoning,Poisoning,toxicology,15,15,0,yes,overdose,synonym,active
poisoning,Poisoning,toxicology,15,15,0,yes,"toxic ingestion",synonym,active
poisoning,Poisoning,toxicology,15,15,0,yes,"chemical poisoning",synonym,active
poisoning,Poisoning,toxicology,15,15,0,yes,"naka-inom lason",synonym,active
poisoning,Poisoning,toxicology,15,15,0,yes,"nakainom sang lason",synonym,active
poisoning,Poisoning,toxicology,15,15,0,yes,lasón,synonym,active
poisoning,Poisoning,toxicology,15,15,0,yes,"naka-inom ko sang lason",synonym,active
poisoning,Poisoning,toxicology,15,15,0,yes,"nainom bleach",synonym,active
poisoning,Poisoning,toxicology,15,15,0,yes,"nainom kerosene",synonym,active
poisoning,Poisoning,toxicology,15,15,0,yes,"nainom sang rat poison",synonym,active
poisoning,Poisoning,toxicology,15,15,0,yes,"nainom sang insecticide",synonym,active
poisoning,Poisoning,toxicology,15,15,0,yes,"nakainom ng lason",synonym,active
poisoning,Poisoning,toxicology,15,15,0,yes,pagkalason,synonym,active
burns,Burns,trauma,8,8,4,yes,burn,synonym,active
burns,Burns,trauma,8,8,4,yes,burns,canonical,active
burns,Burns,trauma,8,8,4,yes,scald,synonym,active
burns,Burns,trauma,8,8,4,yes,burned,synonym,active
burns,Burns,trauma,8,8,4,yes,"thermal burn",synonym,active
burns,Burns,trauma,8,8,4,yes,"scald injury",synonym,active
burns,Burns,trauma,8,8,4,yes,nasunog,synonym,active
burns,Burns,trauma,8,8,4,yes,"nasunog lawas",synonym,active
burns,Burns,trauma,8,8,4,yes,napaso,synonym,active
burns,Burns,trauma,8,8,4,yes,paso,synonym,active
suicidal_thoughts,"Suicidal Thoughts",mental_health,20,20,0,yes,suicidal,synonym,active
suicidal_thoughts,"Suicidal Thoughts",mental_health,20,20,0,yes,suicide,synonym,active
suicidal_thoughts,"Suicidal Thoughts",mental_health,20,20,0,yes,"want to die",synonym,active
suicidal_thoughts,"Suicidal Thoughts",mental_health,20,20,0,yes,"kill myself",synonym,active
suicidal_thoughts,"Suicidal Thoughts",mental_health,20,20,0,yes,"self harm",synonym,active
suicidal_thoughts,"Suicidal Thoughts",mental_health,20,20,0,yes,"suicidal ideation",synonym,active
suicidal_thoughts,"Suicidal Thoughts",mental_health,20,20,0,yes,"thoughts of self-harm",synonym,active
suicidal_thoughts,"Suicidal Thoughts",mental_health,20,20,0,yes,"gusto magpakamatay",synonym,active
suicidal_thoughts,"Suicidal Thoughts",mental_health,20,20,0,yes,"gusto ko magpakamatay",synonym,active
suicidal_thoughts,"Suicidal Thoughts",mental_health,20,20,0,yes,"nais magpakamatay",synonym,active
suicidal_thoughts,"Suicidal Thoughts",mental_health,20,20,0,yes,"Suicidal Thoughts",canonical,active
suicidal_thoughts,"Suicidal Thoughts",mental_health,20,20,0,yes,suicidal_thoughts,concept_id,active
rash,Rash,dermatological,1,0,1,no,rash,canonical,active
rash,Rash,dermatological,1,0,1,no,"skin rash",synonym,active
rash,Rash,dermatological,1,0,1,no,hives,synonym,active
rash,Rash,dermatological,1,0,1,no,urticaria,synonym,active
rash,Rash,dermatological,1,0,1,no,"skin eruption",synonym,active
rash,Rash,dermatological,1,0,1,no,panganud,synonym,active
rash,Rash,dermatological,1,0,1,no,"gahubag panit",synonym,active
rash,Rash,dermatological,1,0,1,no,kalapata,synonym,active
rash,Rash,dermatological,1,0,1,no,pantal,synonym,active
rash,Rash,dermatological,1,0,1,no,ginapantal,synonym,active
rash,Rash,dermatological,1,0,1,no,pamamantal,synonym,active
rash,Rash,dermatological,1,0,1,no,rashes,synonym,active
rash,Rash,dermatological,1,0,1,no,"gapula lawas ko",synonym,active
rash,Rash,dermatological,1,0,1,no,butlig-butlig,synonym,active
rash,Rash,dermatological,1,0,1,no,"may rashes",synonym,active
rash,Rash,dermatological,1,0,1,no,"may rashes ko",synonym,active
rash,Rash,dermatological,1,0,1,no,bugas,synonym,active
rash,Rash,dermatological,1,0,1,no,"gapula lawas",synonym,active
rash,Rash,dermatological,1,0,1,no,"may pantal",synonym,active
rash,Rash,dermatological,1,0,1,no,"pamumula ng balat",synonym,active
rash,Rash,dermatological,1,0,1,no,"may rash",synonym,active
ear_pain,"Ear Pain",sensory,2,0,2,no,"ear pain",canonical,active
ear_pain,"Ear Pain",sensory,2,0,2,no,otalgia,synonym,active
ear_pain,"Ear Pain",sensory,2,0,2,no,earache,synonym,active
ear_pain,"Ear Pain",sensory,2,0,2,no,"painful ear",synonym,active
ear_pain,"Ear Pain",sensory,2,0,2,no,"sakit dulunggan",synonym,active
ear_pain,"Ear Pain",sensory,2,0,2,no,"masakit dulunggan",synonym,active
ear_pain,"Ear Pain",sensory,2,0,2,no,"ga sakit akon dalunggan",synonym,active
ear_pain,"Ear Pain",sensory,2,0,2,no,"ga sakit dalunggan akon",synonym,active
ear_pain,"Ear Pain",sensory,2,0,2,no,"ga sakit dalunggan gid ko",synonym,active
ear_pain,"Ear Pain",sensory,2,0,2,no,"ga sakit dalunggan ko",synonym,active
ear_pain,"Ear Pain",sensory,2,0,2,no,"ga sakit dalunggan man",synonym,active
ear_pain,"Ear Pain",sensory,2,0,2,no,"ga sakit dalunggan subong",synonym,active
ear_pain,"Ear Pain",sensory,2,0,2,no,"gasakit akon dalunggan",synonym,active
ear_pain,"Ear Pain",sensory,2,0,2,no,"gasakit dalunggan akon",synonym,active
ear_pain,"Ear Pain",sensory,2,0,2,no,"gasakit dalunggan gid ko",synonym,active
ear_pain,"Ear Pain",sensory,2,0,2,no,"gasakit dalunggan ko",synonym,active
ear_pain,"Ear Pain",sensory,2,0,2,no,"gasakit dalunggan man",synonym,active
ear_pain,"Ear Pain",sensory,2,0,2,no,"gasakit dalunggan subong",synonym,active
ear_pain,"Ear Pain",sensory,2,0,2,no,"ginasakit akon dalunggan",synonym,active
ear_pain,"Ear Pain",sensory,2,0,2,no,"ginasakit dalunggan akon",synonym,active
ear_pain,"Ear Pain",sensory,2,0,2,no,"ginasakit dalunggan gid ko",synonym,active
ear_pain,"Ear Pain",sensory,2,0,2,no,"ginasakit dalunggan ko",synonym,active
ear_pain,"Ear Pain",sensory,2,0,2,no,"ginasakit dalunggan man",synonym,active
ear_pain,"Ear Pain",sensory,2,0,2,no,"ginasakit dalunggan subong",synonym,active
ear_pain,"Ear Pain",sensory,2,0,2,no,"hapdi akon dalunggan",synonym,active
ear_pain,"Ear Pain",sensory,2,0,2,no,"hapdi dalunggan akon",synonym,active
ear_pain,"Ear Pain",sensory,2,0,2,no,"hapdi dalunggan gid ko",synonym,active
ear_pain,"Ear Pain",sensory,2,0,2,no,"hapdi dalunggan ko",synonym,active
ear_pain,"Ear Pain",sensory,2,0,2,no,"hapdi dalunggan man",synonym,active
ear_pain,"Ear Pain",sensory,2,0,2,no,"hapdi dalunggan subong",synonym,active
ear_pain,"Ear Pain",sensory,2,0,2,no,"masakit akon dalunggan",synonym,active
ear_pain,"Ear Pain",sensory,2,0,2,no,"masakit dalunggan akon",synonym,active
ear_pain,"Ear Pain",sensory,2,0,2,no,"masakit dalunggan gid ko",synonym,active
ear_pain,"Ear Pain",sensory,2,0,2,no,"masakit dalunggan ko",synonym,active
ear_pain,"Ear Pain",sensory,2,0,2,no,"masakit dalunggan man",synonym,active
ear_pain,"Ear Pain",sensory,2,0,2,no,"masakit dalunggan subong",synonym,active
ear_pain,"Ear Pain",sensory,2,0,2,no,"sakit akon dalunggan",synonym,active
ear_pain,"Ear Pain",sensory,2,0,2,no,"sakit dalunggan akon",synonym,active
ear_pain,"Ear Pain",sensory,2,0,2,no,"sakit dalunggan gid ko",synonym,active
ear_pain,"Ear Pain",sensory,2,0,2,no,"sakit dalunggan ko",synonym,active
ear_pain,"Ear Pain",sensory,2,0,2,no,"sakit dalunggan man",synonym,active
ear_pain,"Ear Pain",sensory,2,0,2,no,"sakit dalunggan subong",synonym,active
ear_pain,"Ear Pain",sensory,2,0,2,no,"sakit gid akon dalunggan",synonym,active
ear_pain,"Ear Pain",sensory,2,0,2,no,"sakit gid dalunggan akon",synonym,active
ear_pain,"Ear Pain",sensory,2,0,2,no,"sakit gid dalunggan gid ko",synonym,active
ear_pain,"Ear Pain",sensory,2,0,2,no,"sakit gid dalunggan ko",synonym,active
ear_pain,"Ear Pain",sensory,2,0,2,no,"sakit gid dalunggan man",synonym,active
ear_pain,"Ear Pain",sensory,2,0,2,no,"sakit gid dalunggan subong",synonym,active
ear_pain,"Ear Pain",sensory,2,0,2,no,"sakit sa dalunggan ko",synonym,active
ear_pain,"Ear Pain",sensory,2,0,2,no,"sakit ng tenga",synonym,active
ear_pain,"Ear Pain",sensory,2,0,2,no,"masakit ang tenga",synonym,active
ear_pain,"Ear Pain",sensory,2,0,2,no,ear_pain,concept_id,active
eye_pain,"Eye Pain",sensory,3,0,3,no,"eye pain",canonical,active
eye_pain,"Eye Pain",sensory,3,0,3,no,"ocular pain",synonym,active
eye_pain,"Eye Pain",sensory,3,0,3,no,"painful eye",synonym,active
eye_pain,"Eye Pain",sensory,3,0,3,no,"eye ache",synonym,active
eye_pain,"Eye Pain",sensory,3,0,3,no,"sakit mata",synonym,active
eye_pain,"Eye Pain",sensory,3,0,3,no,"masakit mata",synonym,active
eye_pain,"Eye Pain",sensory,3,0,3,no,"ga sakit akon mata",synonym,active
eye_pain,"Eye Pain",sensory,3,0,3,no,"ga sakit mata akon",synonym,active
eye_pain,"Eye Pain",sensory,3,0,3,no,"ga sakit mata gid ko",synonym,active
eye_pain,"Eye Pain",sensory,3,0,3,no,"ga sakit mata ko",synonym,active
eye_pain,"Eye Pain",sensory,3,0,3,no,"ga sakit mata man",synonym,active
eye_pain,"Eye Pain",sensory,3,0,3,no,"ga sakit mata subong",synonym,active
eye_pain,"Eye Pain",sensory,3,0,3,no,"gasakit akon mata",synonym,active
eye_pain,"Eye Pain",sensory,3,0,3,no,"gasakit mata ako",synonym,active
eye_pain,"Eye Pain",sensory,3,0,3,no,"gasakit mata akon",synonym,active
eye_pain,"Eye Pain",sensory,3,0,3,no,"gasakit mata akon gid",synonym,active
eye_pain,"Eye Pain",sensory,3,0,3,no,"gasakit mata akon subong",synonym,active
eye_pain,"Eye Pain",sensory,3,0,3,no,"gasakit mata gid ko",synonym,active
eye_pain,"Eye Pain",sensory,3,0,3,no,"gasakit mata ko",synonym,active
eye_pain,"Eye Pain",sensory,3,0,3,no,"gasakit mata ko ako",synonym,active
eye_pain,"Eye Pain",sensory,3,0,3,no,"gasakit mata ko akon",synonym,active
eye_pain,"Eye Pain",sensory,3,0,3,no,"gasakit mata ko akon gid",synonym,active
eye_pain,"Eye Pain",sensory,3,0,3,no,"gasakit mata ko akon subong",synonym,active
eye_pain,"Eye Pain",sensory,3,0,3,no,"gasakit mata ko gid",synonym,active
eye_pain,"Eye Pain",sensory,3,0,3,no,"gasakit mata ko gid ako",synonym,active
eye_pain,"Eye Pain",sensory,3,0,3,no,"gasakit mata ko gid akon",synonym,active
eye_pain,"Eye Pain",sensory,3,0,3,no,"gasakit mata ko gid akon gid",synonym,active
eye_pain,"Eye Pain",sensory,3,0,3,no,"gasakit mata ko gid akon subong",synonym,active
eye_pain,"Eye Pain",sensory,3,0,3,no,"gasakit mata ko gid ko",synonym,active
eye_pain,"Eye Pain",sensory,3,0,3,no,"gasakit mata ko gid ko gid",synonym,active
eye_pain,"Eye Pain",sensory,3,0,3,no,"gasakit mata ko gid ko man",synonym,active
eye_pain,"Eye Pain",sensory,3,0,3,no,"gasakit mata ko ko",synonym,active
eye_pain,"Eye Pain",sensory,3,0,3,no,"gasakit mata ko ko gid",synonym,active
eye_pain,"Eye Pain",sensory,3,0,3,no,"gasakit mata ko ko man",synonym,active
eye_pain,"Eye Pain",sensory,3,0,3,no,"gasakit mata ko man",synonym,active
eye_pain,"Eye Pain",sensory,3,0,3,no,"gasakit mata man",synonym,active
eye_pain,"Eye Pain",sensory,3,0,3,no,"gasakit mata subong",synonym,active
eye_pain,"Eye Pain",sensory,3,0,3,no,"ginasakit akon mata",synonym,active
eye_pain,"Eye Pain",sensory,3,0,3,no,"ginasakit mata akon",synonym,active
eye_pain,"Eye Pain",sensory,3,0,3,no,"ginasakit mata gid ko",synonym,active
eye_pain,"Eye Pain",sensory,3,0,3,no,"ginasakit mata ko",synonym,active
eye_pain,"Eye Pain",sensory,3,0,3,no,"ginasakit mata man",synonym,active
eye_pain,"Eye Pain",sensory,3,0,3,no,"ginasakit mata subong",synonym,active
eye_pain,"Eye Pain",sensory,3,0,3,no,"hapdi akon mata",synonym,active
eye_pain,"Eye Pain",sensory,3,0,3,no,"hapdi mata ako",synonym,active
eye_pain,"Eye Pain",sensory,3,0,3,no,"hapdi mata akon",synonym,active
eye_pain,"Eye Pain",sensory,3,0,3,no,"hapdi mata akon gid",synonym,active
eye_pain,"Eye Pain",sensory,3,0,3,no,"hapdi mata akon subong",synonym,active
eye_pain,"Eye Pain",sensory,3,0,3,no,"hapdi mata gid ko",synonym,active
eye_pain,"Eye Pain",sensory,3,0,3,no,"hapdi mata ko",synonym,active
eye_pain,"Eye Pain",sensory,3,0,3,no,"hapdi mata ko ako",synonym,active
eye_pain,"Eye Pain",sensory,3,0,3,no,"hapdi mata ko akon",synonym,active
eye_pain,"Eye Pain",sensory,3,0,3,no,"hapdi mata ko akon gid",synonym,active
eye_pain,"Eye Pain",sensory,3,0,3,no,"hapdi mata ko akon subong",synonym,active
eye_pain,"Eye Pain",sensory,3,0,3,no,"hapdi mata ko gid",synonym,active
eye_pain,"Eye Pain",sensory,3,0,3,no,"hapdi mata ko gid ako",synonym,active
eye_pain,"Eye Pain",sensory,3,0,3,no,"hapdi mata ko gid akon",synonym,active
eye_pain,"Eye Pain",sensory,3,0,3,no,"hapdi mata ko gid akon gid",synonym,active
eye_pain,"Eye Pain",sensory,3,0,3,no,"hapdi mata ko gid akon subong",synonym,active
eye_pain,"Eye Pain",sensory,3,0,3,no,"hapdi mata ko gid ko",synonym,active
eye_pain,"Eye Pain",sensory,3,0,3,no,"hapdi mata ko gid ko gid",synonym,active
eye_pain,"Eye Pain",sensory,3,0,3,no,"hapdi mata ko gid ko man",synonym,active
eye_pain,"Eye Pain",sensory,3,0,3,no,"hapdi mata ko ko",synonym,active
eye_pain,"Eye Pain",sensory,3,0,3,no,"hapdi mata ko ko gid",synonym,active
eye_pain,"Eye Pain",sensory,3,0,3,no,"hapdi mata ko ko man",synonym,active
eye_pain,"Eye Pain",sensory,3,0,3,no,"hapdi mata ko man",synonym,active
eye_pain,"Eye Pain",sensory,3,0,3,no,"hapdi mata man",synonym,active
eye_pain,"Eye Pain",sensory,3,0,3,no,"hapdi mata subong",synonym,active
eye_pain,"Eye Pain",sensory,3,0,3,no,"masakit akon mata",synonym,active
eye_pain,"Eye Pain",sensory,3,0,3,no,"masakit mata ako",synonym,active
eye_pain,"Eye Pain",sensory,3,0,3,no,"masakit mata akon",synonym,active
eye_pain,"Eye Pain",sensory,3,0,3,no,"masakit mata akon gid",synonym,active
eye_pain,"Eye Pain",sensory,3,0,3,no,"masakit mata akon subong",synonym,active
eye_pain,"Eye Pain",sensory,3,0,3,no,"masakit mata gid ko",synonym,active
eye_pain,"Eye Pain",sensory,3,0,3,no,"masakit mata ko",synonym,active
eye_pain,"Eye Pain",sensory,3,0,3,no,"masakit mata ko ako",synonym,active
eye_pain,"Eye Pain",sensory,3,0,3,no,"masakit mata ko akon",synonym,active
eye_pain,"Eye Pain",sensory,3,0,3,no,"masakit mata ko akon gid",synonym,active
eye_pain,"Eye Pain",sensory,3,0,3,no,"masakit mata ko akon subong",synonym,active
eye_pain,"Eye Pain",sensory,3,0,3,no,"masakit mata ko gid",synonym,active
eye_pain,"Eye Pain",sensory,3,0,3,no,"masakit mata ko gid ako",synonym,active
eye_pain,"Eye Pain",sensory,3,0,3,no,"masakit mata ko gid akon",synonym,active
eye_pain,"Eye Pain",sensory,3,0,3,no,"masakit mata ko gid akon gid",synonym,active
eye_pain,"Eye Pain",sensory,3,0,3,no,"masakit mata ko gid akon subong",synonym,active
eye_pain,"Eye Pain",sensory,3,0,3,no,"masakit mata ko gid ko",synonym,active
eye_pain,"Eye Pain",sensory,3,0,3,no,"masakit mata ko gid ko gid",synonym,active
eye_pain,"Eye Pain",sensory,3,0,3,no,"masakit mata ko gid ko man",synonym,active
eye_pain,"Eye Pain",sensory,3,0,3,no,"masakit mata ko ko",synonym,active
eye_pain,"Eye Pain",sensory,3,0,3,no,"masakit mata ko ko gid",synonym,active
eye_pain,"Eye Pain",sensory,3,0,3,no,"masakit mata ko ko man",synonym,active
eye_pain,"Eye Pain",sensory,3,0,3,no,"masakit mata ko man",synonym,active
eye_pain,"Eye Pain",sensory,3,0,3,no,"masakit mata man",synonym,active
eye_pain,"Eye Pain",sensory,3,0,3,no,"masakit mata subong",synonym,active
eye_pain,"Eye Pain",sensory,3,0,3,no,"sakit akon mata",synonym,active
eye_pain,"Eye Pain",sensory,3,0,3,no,"sakit gid akon mata",synonym,active
eye_pain,"Eye Pain",sensory,3,0,3,no,"sakit gid mata akon",synonym,active
eye_pain,"Eye Pain",sensory,3,0,3,no,"sakit gid mata gid ko",synonym,active
eye_pain,"Eye Pain",sensory,3,0,3,no,"sakit gid mata ko",synonym,active
eye_pain,"Eye Pain",sensory,3,0,3,no,"sakit gid mata man",synonym,active
eye_pain,"Eye Pain",sensory,3,0,3,no,"sakit gid mata subong",synonym,active
eye_pain,"Eye Pain",sensory,3,0,3,no,"sakit mata ako",synonym,active
eye_pain,"Eye Pain",sensory,3,0,3,no,"sakit mata akon",synonym,active
eye_pain,"Eye Pain",sensory,3,0,3,no,"sakit mata akon gid",synonym,active
eye_pain,"Eye Pain",sensory,3,0,3,no,"sakit mata akon subong",synonym,active
eye_pain,"Eye Pain",sensory,3,0,3,no,"sakit mata gid ko",synonym,active
eye_pain,"Eye Pain",sensory,3,0,3,no,"sakit mata ko",synonym,active
eye_pain,"Eye Pain",sensory,3,0,3,no,"sakit mata ko ako",synonym,active
eye_pain,"Eye Pain",sensory,3,0,3,no,"sakit mata ko akon",synonym,active
eye_pain,"Eye Pain",sensory,3,0,3,no,"sakit mata ko akon gid",synonym,active
eye_pain,"Eye Pain",sensory,3,0,3,no,"sakit mata ko akon subong",synonym,active
eye_pain,"Eye Pain",sensory,3,0,3,no,"sakit mata ko gid",synonym,active
eye_pain,"Eye Pain",sensory,3,0,3,no,"sakit mata ko gid ako",synonym,active
eye_pain,"Eye Pain",sensory,3,0,3,no,"sakit mata ko gid akon",synonym,active
eye_pain,"Eye Pain",sensory,3,0,3,no,"sakit mata ko gid akon gid",synonym,active
eye_pain,"Eye Pain",sensory,3,0,3,no,"sakit mata ko gid akon subong",synonym,active
eye_pain,"Eye Pain",sensory,3,0,3,no,"sakit mata ko gid ko",synonym,active
eye_pain,"Eye Pain",sensory,3,0,3,no,"sakit mata ko gid ko gid",synonym,active
eye_pain,"Eye Pain",sensory,3,0,3,no,"sakit mata ko gid ko man",synonym,active
eye_pain,"Eye Pain",sensory,3,0,3,no,"sakit mata ko ko",synonym,active
eye_pain,"Eye Pain",sensory,3,0,3,no,"sakit mata ko ko gid",synonym,active
eye_pain,"Eye Pain",sensory,3,0,3,no,"sakit mata ko ko man",synonym,active
eye_pain,"Eye Pain",sensory,3,0,3,no,"sakit mata ko man",synonym,active
eye_pain,"Eye Pain",sensory,3,0,3,no,"sakit mata man",synonym,active
eye_pain,"Eye Pain",sensory,3,0,3,no,"sakit mata subong",synonym,active
eye_pain,"Eye Pain",sensory,3,0,3,no,"sakit sa mata ko",synonym,active
eye_pain,"Eye Pain",sensory,3,0,3,no,"sakit orbita",synonym,active
eye_pain,"Eye Pain",sensory,3,0,3,no,"sakit ng mata",synonym,active
eye_pain,"Eye Pain",sensory,3,0,3,no,"masakit ang mata",synonym,active
eye_pain,"Eye Pain",sensory,3,0,3,no,eye_pain,concept_id,active
back_pain,"Back Pain",musculoskeletal,2,0,2,no,"back pain",canonical,active
back_pain,"Back Pain",musculoskeletal,2,0,2,no,"lower back pain",synonym,active
back_pain,"Back Pain",musculoskeletal,2,0,2,no,lumbago,synonym,active
back_pain,"Back Pain",musculoskeletal,2,0,2,no,backache,synonym,active
back_pain,"Back Pain",musculoskeletal,2,0,2,no,"low back pain",synonym,active
back_pain,"Back Pain",musculoskeletal,2,0,2,no,"sakit likod",synonym,active
back_pain,"Back Pain",musculoskeletal,2,0,2,no,"masakit likod",synonym,active
back_pain,"Back Pain",musculoskeletal,2,0,2,no,"ga sakit akon likod",synonym,active
back_pain,"Back Pain",musculoskeletal,2,0,2,no,"ga sakit likod ako",synonym,active
back_pain,"Back Pain",musculoskeletal,2,0,2,no,"ga sakit likod akon",synonym,active
back_pain,"Back Pain",musculoskeletal,2,0,2,no,"ga sakit likod akon gid",synonym,active
back_pain,"Back Pain",musculoskeletal,2,0,2,no,"ga sakit likod akon subong",synonym,active
back_pain,"Back Pain",musculoskeletal,2,0,2,no,"ga sakit likod gid ko",synonym,active
back_pain,"Back Pain",musculoskeletal,2,0,2,no,"ga sakit likod ko",synonym,active
back_pain,"Back Pain",musculoskeletal,2,0,2,no,"ga sakit likod ko gid",synonym,active
back_pain,"Back Pain",musculoskeletal,2,0,2,no,"ga sakit likod ko man",synonym,active
back_pain,"Back Pain",musculoskeletal,2,0,2,no,"ga sakit likod man",synonym,active
back_pain,"Back Pain",musculoskeletal,2,0,2,no,"ga sakit likod subong",synonym,active
back_pain,"Back Pain",musculoskeletal,2,0,2,no,"gasakit akon likod",synonym,active
back_pain,"Back Pain",musculoskeletal,2,0,2,no,"gasakit likod ako",synonym,active
back_pain,"Back Pain",musculoskeletal,2,0,2,no,"gasakit likod akon",synonym,active
back_pain,"Back Pain",musculoskeletal,2,0,2,no,"gasakit likod akon gid",synonym,active
back_pain,"Back Pain",musculoskeletal,2,0,2,no,"gasakit likod akon subong",synonym,active
back_pain,"Back Pain",musculoskeletal,2,0,2,no,"gasakit likod gid ko",synonym,active
back_pain,"Back Pain",musculoskeletal,2,0,2,no,"gasakit likod ko",synonym,active
back_pain,"Back Pain",musculoskeletal,2,0,2,no,"gasakit likod ko gid",synonym,active
back_pain,"Back Pain",musculoskeletal,2,0,2,no,"gasakit likod ko man",synonym,active
back_pain,"Back Pain",musculoskeletal,2,0,2,no,"gasakit likod man",synonym,active
back_pain,"Back Pain",musculoskeletal,2,0,2,no,"gasakit likod subong",synonym,active
back_pain,"Back Pain",musculoskeletal,2,0,2,no,"ginasakit akon likod",synonym,active
back_pain,"Back Pain",musculoskeletal,2,0,2,no,"ginasakit likod ako",synonym,active
back_pain,"Back Pain",musculoskeletal,2,0,2,no,"ginasakit likod akon",synonym,active
back_pain,"Back Pain",musculoskeletal,2,0,2,no,"ginasakit likod akon gid",synonym,active
back_pain,"Back Pain",musculoskeletal,2,0,2,no,"ginasakit likod akon subong",synonym,active
back_pain,"Back Pain",musculoskeletal,2,0,2,no,"ginasakit likod gid ko",synonym,active
back_pain,"Back Pain",musculoskeletal,2,0,2,no,"ginasakit likod ko",synonym,active
back_pain,"Back Pain",musculoskeletal,2,0,2,no,"ginasakit likod ko gid",synonym,active
back_pain,"Back Pain",musculoskeletal,2,0,2,no,"ginasakit likod ko man",synonym,active
back_pain,"Back Pain",musculoskeletal,2,0,2,no,"ginasakit likod man",synonym,active
back_pain,"Back Pain",musculoskeletal,2,0,2,no,"ginasakit likod subong",synonym,active
back_pain,"Back Pain",musculoskeletal,2,0,2,no,"hapdi akon likod",synonym,active
back_pain,"Back Pain",musculoskeletal,2,0,2,no,"hapdi likod ako",synonym,active
back_pain,"Back Pain",musculoskeletal,2,0,2,no,"hapdi likod akon",synonym,active
back_pain,"Back Pain",musculoskeletal,2,0,2,no,"hapdi likod akon gid",synonym,active
back_pain,"Back Pain",musculoskeletal,2,0,2,no,"hapdi likod akon subong",synonym,active
back_pain,"Back Pain",musculoskeletal,2,0,2,no,"hapdi likod gid ko",synonym,active
back_pain,"Back Pain",musculoskeletal,2,0,2,no,"hapdi likod ko",synonym,active
back_pain,"Back Pain",musculoskeletal,2,0,2,no,"hapdi likod ko gid",synonym,active
back_pain,"Back Pain",musculoskeletal,2,0,2,no,"hapdi likod ko man",synonym,active
back_pain,"Back Pain",musculoskeletal,2,0,2,no,"hapdi likod man",synonym,active
back_pain,"Back Pain",musculoskeletal,2,0,2,no,"hapdi likod subong",synonym,active
back_pain,"Back Pain",musculoskeletal,2,0,2,no,"masakit akon likod",synonym,active
back_pain,"Back Pain",musculoskeletal,2,0,2,no,"masakit kon maglihok likod ako",synonym,active
back_pain,"Back Pain",musculoskeletal,2,0,2,no,"masakit kon maglihok likod akon",synonym,active
back_pain,"Back Pain",musculoskeletal,2,0,2,no,"masakit kon maglihok likod akon gid",synonym,active
back_pain,"Back Pain",musculoskeletal,2,0,2,no,"masakit kon maglihok likod akon subong",synonym,active
back_pain,"Back Pain",musculoskeletal,2,0,2,no,"masakit kon maglihok likod ko",synonym,active
back_pain,"Back Pain",musculoskeletal,2,0,2,no,"masakit kon maglihok likod ko gid",synonym,active
back_pain,"Back Pain",musculoskeletal,2,0,2,no,"masakit kon maglihok likod ko man",synonym,active
back_pain,"Back Pain",musculoskeletal,2,0,2,no,"masakit likod ako",synonym,active
back_pain,"Back Pain",musculoskeletal,2,0,2,no,"masakit likod akon",synonym,active
back_pain,"Back Pain",musculoskeletal,2,0,2,no,"masakit likod akon gid",synonym,active
back_pain,"Back Pain",musculoskeletal,2,0,2,no,"masakit likod akon subong",synonym,active
back_pain,"Back Pain",musculoskeletal,2,0,2,no,"masakit likod gid ko",synonym,active
back_pain,"Back Pain",musculoskeletal,2,0,2,no,"masakit likod ko",synonym,active
back_pain,"Back Pain",musculoskeletal,2,0,2,no,"masakit likod ko gid",synonym,active
back_pain,"Back Pain",musculoskeletal,2,0,2,no,"masakit likod ko man",synonym,active
back_pain,"Back Pain",musculoskeletal,2,0,2,no,"masakit likod man",synonym,active
back_pain,"Back Pain",musculoskeletal,2,0,2,no,"masakit likod subong",synonym,active
back_pain,"Back Pain",musculoskeletal,2,0,2,no,"masakit paglihok likod ako",synonym,active
back_pain,"Back Pain",musculoskeletal,2,0,2,no,"masakit paglihok likod akon",synonym,active
back_pain,"Back Pain",musculoskeletal,2,0,2,no,"masakit paglihok likod akon gid",synonym,active
back_pain,"Back Pain",musculoskeletal,2,0,2,no,"masakit paglihok likod akon subong",synonym,active
back_pain,"Back Pain",musculoskeletal,2,0,2,no,"masakit paglihok likod ko",synonym,active
back_pain,"Back Pain",musculoskeletal,2,0,2,no,"masakit paglihok likod ko gid",synonym,active
back_pain,"Back Pain",musculoskeletal,2,0,2,no,"masakit paglihok likod ko man",synonym,active
back_pain,"Back Pain",musculoskeletal,2,0,2,no,"sakit akon likod",synonym,active
back_pain,"Back Pain",musculoskeletal,2,0,2,no,"sakit buko-buko",synonym,active
back_pain,"Back Pain",musculoskeletal,2,0,2,no,"sakit gid akon likod",synonym,active
back_pain,"Back Pain",musculoskeletal,2,0,2,no,"sakit gid likod ako",synonym,active
back_pain,"Back Pain",musculoskeletal,2,0,2,no,"sakit gid likod akon",synonym,active
back_pain,"Back Pain",musculoskeletal,2,0,2,no,"sakit gid likod akon gid",synonym,active
back_pain,"Back Pain",musculoskeletal,2,0,2,no,"sakit gid likod akon subong",synonym,active
back_pain,"Back Pain",musculoskeletal,2,0,2,no,"sakit gid likod gid ko",synonym,active
back_pain,"Back Pain",musculoskeletal,2,0,2,no,"sakit gid likod ko",synonym,active
back_pain,"Back Pain",musculoskeletal,2,0,2,no,"sakit gid likod ko gid",synonym,active
back_pain,"Back Pain",musculoskeletal,2,0,2,no,"sakit gid likod ko man",synonym,active
back_pain,"Back Pain",musculoskeletal,2,0,2,no,"sakit gid likod man",synonym,active
back_pain,"Back Pain",musculoskeletal,2,0,2,no,"sakit gid likod subong",synonym,active
back_pain,"Back Pain",musculoskeletal,2,0,2,no,"sakit likod ako",synonym,active
back_pain,"Back Pain",musculoskeletal,2,0,2,no,"sakit likod akon",synonym,active
back_pain,"Back Pain",musculoskeletal,2,0,2,no,"sakit likod akon gid",synonym,active
back_pain,"Back Pain",musculoskeletal,2,0,2,no,"sakit likod akon subong",synonym,active
back_pain,"Back Pain",musculoskeletal,2,0,2,no,"sakit likod gid ko",synonym,active
back_pain,"Back Pain",musculoskeletal,2,0,2,no,"sakit likod ko",synonym,active
back_pain,"Back Pain",musculoskeletal,2,0,2,no,"sakit likod ko gid",synonym,active
back_pain,"Back Pain",musculoskeletal,2,0,2,no,"sakit likod ko man",synonym,active
back_pain,"Back Pain",musculoskeletal,2,0,2,no,"sakit likod man",synonym,active
back_pain,"Back Pain",musculoskeletal,2,0,2,no,"sakit likod subong",synonym,active
back_pain,"Back Pain",musculoskeletal,2,0,2,no,"sakit sa buko-buko",synonym,active
back_pain,"Back Pain",musculoskeletal,2,0,2,no,"sakit sa likod ko",synonym,active
back_pain,"Back Pain",musculoskeletal,2,0,2,no,"sakit sang likod",synonym,active
back_pain,"Back Pain",musculoskeletal,2,0,2,no,"ginasakit ang likod",synonym,active
back_pain,"Back Pain",musculoskeletal,2,0,2,no,"masakit ang likod ko",synonym,active
back_pain,"Back Pain",musculoskeletal,2,0,2,no,"sakit likod gid",synonym,active
back_pain,"Back Pain",musculoskeletal,2,0,2,no,"ginasakit ang baywang",synonym,active
back_pain,"Back Pain",musculoskeletal,2,0,2,no,"may sakit sa likod",synonym,active
back_pain,"Back Pain",musculoskeletal,2,0,2,no,"sakit ng likod",synonym,active
back_pain,"Back Pain",musculoskeletal,2,0,2,no,"masakit ang likod",synonym,active
back_pain,"Back Pain",musculoskeletal,2,0,2,no,back_pain,concept_id,active
urinary_symptoms,"Painful Urination",urinary,2,0,2,no,"painful urination",canonical,active
urinary_symptoms,"Painful Urination",urinary,2,0,2,no,dysuria,synonym,active
urinary_symptoms,"Painful Urination",urinary,2,0,2,no,"burning urination",synonym,active
urinary_symptoms,"Painful Urination",urinary,2,0,2,no,"uti symptoms",synonym,active
urinary_symptoms,"Painful Urination",urinary,2,0,2,no,"burning pee",synonym,active
urinary_symptoms,"Painful Urination",urinary,2,0,2,no,"pain when urinating",synonym,active
urinary_symptoms,"Painful Urination",urinary,2,0,2,no,"hapdi mag-ihi",synonym,active
urinary_symptoms,"Painful Urination",urinary,2,0,2,no,"sakit mag-ihi",synonym,active
urinary_symptoms,"Painful Urination",urinary,2,0,2,no,"masakit ihi",synonym,active
urinary_symptoms,"Painful Urination",urinary,2,0,2,no,"masakit mag-ihi ko",synonym,active
urinary_symptoms,"Painful Urination",urinary,2,0,2,no,"masakit pag-ihi ko",synonym,active
urinary_symptoms,"Painful Urination",urinary,2,0,2,no,"masakit pag-ihi",synonym,active
urinary_symptoms,"Painful Urination",urinary,2,0,2,no,"masakit pagihi",synonym,active
urinary_symptoms,"Painful Urination",urinary,2,0,2,no,"sakit pag-ihi ko",synonym,active
urinary_symptoms,"Painful Urination",urinary,2,0,2,no,"masakit umihi",synonym,active
urinary_symptoms,"Painful Urination",urinary,2,0,2,no,"mahapdi umihi",synonym,active
urinary_symptoms,"Painful Urination",urinary,2,0,2,no,urinary_symptoms,concept_id,active
urinary_symptoms,"Painful Urination",urinary,2,0,2,no,"urinary symptoms",concept_id,active
palpitations,Palpitations,cardiovascular,3,0,3,no,palpitations,canonical,active
palpitations,Palpitations,cardiovascular,3,0,3,no,"racing heart",synonym,active
palpitations,Palpitations,cardiovascular,3,0,3,no,"heart pounding",synonym,active
palpitations,Palpitations,cardiovascular,3,0,3,no,"heart racing",synonym,active
palpitations,Palpitations,cardiovascular,3,0,3,no,"fast heartbeat",synonym,active
palpitations,Palpitations,cardiovascular,3,0,3,no,"naga pitik dughan",synonym,active
palpitations,Palpitations,cardiovascular,3,0,3,no,"madasig ang pitik sang tagipusuon",synonym,active
palpitations,Palpitations,cardiovascular,3,0,3,no,"madasig pitik",synonym,active
palpitations,Palpitations,cardiovascular,3,0,3,no,"madasig kuno tagipusuon ko",synonym,active
palpitations,Palpitations,cardiovascular,3,0,3,no,"madasig tagipusuon ko",synonym,active
palpitations,Palpitations,cardiovascular,3,0,3,no,"kusog tibok",synonym,active
palpitations,Palpitations,cardiovascular,3,0,3,no,"tibok mabilis",synonym,active
palpitations,Palpitations,cardiovascular,3,0,3,no,"nagatibok dughan madasig",synonym,active
palpitations,Palpitations,cardiovascular,3,0,3,no,"nagakubakuba ang dughan",synonym,active
palpitations,Palpitations,cardiovascular,3,0,3,no,"daw nagalukso ang tagipusuon",synonym,active
palpitations,Palpitations,cardiovascular,3,0,3,no,nagakubakuba,synonym,active
palpitations,Palpitations,cardiovascular,3,0,3,no,"daw nagalukso ang puso",synonym,active
palpitations,Palpitations,cardiovascular,3,0,3,no,"kubakuba dughan",synonym,active
palpitations,Palpitations,cardiovascular,3,0,3,no,"mabilis ang tibok ng puso",synonym,active
palpitations,Palpitations,cardiovascular,3,0,3,no,"kumakabog ang dibdib",synonym,active
wheezing,Wheezing,respiratory,4,0,4,no,wheezing,canonical,active
wheezing,Wheezing,respiratory,4,0,4,no,"may wheezing",synonym,active
wheezing,Wheezing,respiratory,4,0,4,no,"masakit wheezing",synonym,active
wheezing,Wheezing,respiratory,4,0,4,no,ginahubak,synonym,active
wheezing,Wheezing,respiratory,4,0,4,no,hubak-hubak,synonym,active
wheezing,Wheezing,respiratory,4,0,4,no,hubak,synonym,active
wheezing,Wheezing,respiratory,4,0,4,no,nagahubak,synonym,active
wheezing,Wheezing,respiratory,4,0,4,no,"hika sound",synonym,active
wheezing,Wheezing,respiratory,4,0,4,no,"masakit ang wheezing",synonym,active
asthma_exacerbation,"Asthma Exacerbation",respiratory,8,8,0,yes,"asthma exacerbation",canonical,active
asthma_exacerbation,"Asthma Exacerbation",respiratory,8,8,0,yes,asthma,synonym,active
asthma_exacerbation,"Asthma Exacerbation",respiratory,8,8,0,yes,exacerbation,synonym,active
asthma_exacerbation,"Asthma Exacerbation",respiratory,8,8,0,yes,"may asthma exacerbation",synonym,active
asthma_exacerbation,"Asthma Exacerbation",respiratory,8,8,0,yes,"masakit asthma exacerbation",synonym,active
asthma_exacerbation,"Asthma Exacerbation",respiratory,8,8,0,yes,"masakit ang asthma exacerbation",synonym,active
asthma_exacerbation,"Asthma Exacerbation",respiratory,8,8,0,yes,asthma_exacerbation,concept_id,active
stridor,Stridor,respiratory,12,12,0,yes,stridor,canonical,active
stridor,Stridor,respiratory,12,12,0,yes,"may stridor",synonym,active
stridor,Stridor,respiratory,12,12,0,yes,"masakit stridor",synonym,active
stridor,Stridor,respiratory,12,12,0,yes,"masakit ang stridor",synonym,active
bronchitis,Bronchitis,respiratory,3,0,3,no,bronchitis,canonical,active
bronchitis,Bronchitis,respiratory,3,0,3,no,"may bronchitis",synonym,active
bronchitis,Bronchitis,respiratory,3,0,3,no,"masakit bronchitis",synonym,active
bronchitis,Bronchitis,respiratory,3,0,3,no,bronkitis,synonym,active
bronchitis,Bronchitis,respiratory,3,0,3,no,"masakit ang bronchitis",synonym,active
pneumonia_symptoms,"Pneumonia Symptoms",respiratory,6,0,6,no,"pneumonia symptoms",canonical,active
pneumonia_symptoms,"Pneumonia Symptoms",respiratory,6,0,6,no,pneumonia,synonym,active
pneumonia_symptoms,"Pneumonia Symptoms",respiratory,6,0,6,no,symptoms,synonym,active
pneumonia_symptoms,"Pneumonia Symptoms",respiratory,6,0,6,no,"may pneumonia symptoms",synonym,active
pneumonia_symptoms,"Pneumonia Symptoms",respiratory,6,0,6,no,"masakit pneumonia symptoms",synonym,active
pneumonia_symptoms,"Pneumonia Symptoms",respiratory,6,0,6,no,"masakit ang pneumonia symptoms",synonym,active
pneumonia_symptoms,"Pneumonia Symptoms",respiratory,6,0,6,no,pneumonia_symptoms,concept_id,active
pleuritic_chest_pain,"Pleuritic Chest Pain",respiratory,6,0,6,no,"pleuritic chest pain",canonical,active
pleuritic_chest_pain,"Pleuritic Chest Pain",respiratory,6,0,6,no,pleuritic,synonym,active
pleuritic_chest_pain,"Pleuritic Chest Pain",respiratory,6,0,6,no,chest,synonym,active
pleuritic_chest_pain,"Pleuritic Chest Pain",respiratory,6,0,6,no,pain,synonym,active
pleuritic_chest_pain,"Pleuritic Chest Pain",respiratory,6,0,6,no,"may pleuritic chest pain",synonym,active
pleuritic_chest_pain,"Pleuritic Chest Pain",respiratory,6,0,6,no,"masakit pleuritic chest pain",synonym,active
pleuritic_chest_pain,"Pleuritic Chest Pain",respiratory,6,0,6,no,"masakit ang pleuritic chest pain",synonym,active
pleuritic_chest_pain,"Pleuritic Chest Pain",respiratory,6,0,6,no,pleuritic_chest_pain,concept_id,active
hoarseness,Hoarseness,respiratory,2,0,2,no,hoarseness,canonical,active
hoarseness,Hoarseness,respiratory,2,0,2,no,"may hoarseness",synonym,active
hoarseness,Hoarseness,respiratory,2,0,2,no,"masakit hoarseness",synonym,active
hoarseness,Hoarseness,respiratory,2,0,2,no,"masakit ang hoarseness",synonym,active
nasal_congestion,"Nasal Congestion",respiratory,1,0,0,no,"nasal congestion",canonical,active
nasal_congestion,"Nasal Congestion",respiratory,1,0,0,no,nasal,synonym,active
nasal_congestion,"Nasal Congestion",respiratory,1,0,0,no,congestion,synonym,active
nasal_congestion,"Nasal Congestion",respiratory,1,0,0,no,"may nasal congestion",synonym,active
nasal_congestion,"Nasal Congestion",respiratory,1,0,0,no,"masakit nasal congestion",synonym,active
nasal_congestion,"Nasal Congestion",respiratory,1,0,0,no,"barog ilong ko",synonym,active
nasal_congestion,"Nasal Congestion",respiratory,1,0,0,no,"may barog ilong ko",synonym,active
nasal_congestion,"Nasal Congestion",respiratory,1,0,0,no,"barado ako ilong",synonym,active
nasal_congestion,"Nasal Congestion",respiratory,1,0,0,no,"masakit ang nasal congestion",synonym,active
nasal_congestion,"Nasal Congestion",respiratory,1,0,0,no,nasal_congestion,concept_id,active
sinus_pain,"Sinus Pain",respiratory,2,0,2,no,"sinus pain",canonical,active
sinus_pain,"Sinus Pain",respiratory,2,0,2,no,sinus,synonym,active
sinus_pain,"Sinus Pain",respiratory,2,0,2,no,pain,synonym,active
sinus_pain,"Sinus Pain",respiratory,2,0,2,no,"may sinus pain",synonym,active
sinus_pain,"Sinus Pain",respiratory,2,0,2,no,"masakit sinus pain",synonym,active
sinus_pain,"Sinus Pain",respiratory,2,0,2,no,"masakit ang sinus pain",synonym,active
sinus_pain,"Sinus Pain",respiratory,2,0,2,no,sinus_pain,concept_id,active
hemoptysis,Hemoptysis,respiratory,12,12,0,yes,hemoptysis,canonical,active
hemoptysis,Hemoptysis,respiratory,12,12,0,yes,"may hemoptysis",synonym,active
hemoptysis,Hemoptysis,respiratory,12,12,0,yes,"masakit hemoptysis",synonym,active
hemoptysis,Hemoptysis,respiratory,12,12,0,yes,"dugo sa ubo",synonym,active
hemoptysis,Hemoptysis,respiratory,12,12,0,yes,"ginadugo ang ubo",synonym,active
hemoptysis,Hemoptysis,respiratory,12,12,0,yes,"ubo sing dugo",synonym,active
hemoptysis,Hemoptysis,respiratory,12,12,0,yes,"masakit ang hemoptysis",synonym,active
throat_swelling,"Throat Swelling",respiratory,10,10,0,yes,"throat swelling",canonical,active
throat_swelling,"Throat Swelling",respiratory,10,10,0,yes,throat,synonym,active
throat_swelling,"Throat Swelling",respiratory,10,10,0,yes,swelling,synonym,active
throat_swelling,"Throat Swelling",respiratory,10,10,0,yes,"may throat swelling",synonym,active
throat_swelling,"Throat Swelling",respiratory,10,10,0,yes,"masakit throat swelling",synonym,active
throat_swelling,"Throat Swelling",respiratory,10,10,0,yes,"doc gahubag tungod ko",synonym,active
throat_swelling,"Throat Swelling",respiratory,10,10,0,yes,"gahabok akon tungod",synonym,active
throat_swelling,"Throat Swelling",respiratory,10,10,0,yes,"gahabok tungod acun",synonym,active
throat_swelling,"Throat Swelling",respiratory,10,10,0,yes,"gahabok tungod acun gid",synonym,active
throat_swelling,"Throat Swelling",respiratory,10,10,0,yes,"gahabok tungod akon",synonym,active
throat_swelling,"Throat Swelling",respiratory,10,10,0,yes,"gahabok tungod akon gid",synonym,active
throat_swelling,"Throat Swelling",respiratory,10,10,0,yes,"gahabok tungod gid ko",synonym,active
throat_swelling,"Throat Swelling",respiratory,10,10,0,yes,"gahabok tungod gid ku",synonym,active
throat_swelling,"Throat Swelling",respiratory,10,10,0,yes,"gahabok tungod ko",synonym,active
throat_swelling,"Throat Swelling",respiratory,10,10,0,yes,"gahabok tungod ko gid",synonym,active
throat_swelling,"Throat Swelling",respiratory,10,10,0,yes,"gahabok tungod ku",synonym,active
throat_swelling,"Throat Swelling",respiratory,10,10,0,yes,"gahabok tungod ku gid",synonym,active
throat_swelling,"Throat Swelling",respiratory,10,10,0,yes,"gahabok tungod man",synonym,active
throat_swelling,"Throat Swelling",respiratory,10,10,0,yes,"gahabok tungod subong",synonym,active
throat_swelling,"Throat Swelling",respiratory,10,10,0,yes,"gahubag akon tungod",synonym,active
throat_swelling,"Throat Swelling",respiratory,10,10,0,yes,"gahubag tungod acun",synonym,active
throat_swelling,"Throat Swelling",respiratory,10,10,0,yes,"gahubag tungod acun gid",synonym,active
throat_swelling,"Throat Swelling",respiratory,10,10,0,yes,"gahubag tungod akon",synonym,active
throat_swelling,"Throat Swelling",respiratory,10,10,0,yes,"gahubag tungod akon gid",synonym,active
throat_swelling,"Throat Swelling",respiratory,10,10,0,yes,"gahubag tungod gid ko",synonym,active
throat_swelling,"Throat Swelling",respiratory,10,10,0,yes,"gahubag tungod gid ku",synonym,active
throat_swelling,"Throat Swelling",respiratory,10,10,0,yes,"gahubag tungod ko",synonym,active
throat_swelling,"Throat Swelling",respiratory,10,10,0,yes,"gahubag tungod ko gid",synonym,active
throat_swelling,"Throat Swelling",respiratory,10,10,0,yes,"gahubag tungod ku",synonym,active
throat_swelling,"Throat Swelling",respiratory,10,10,0,yes,"gahubag tungod ku gid",synonym,active
throat_swelling,"Throat Swelling",respiratory,10,10,0,yes,"gahubag tungod man",synonym,active
throat_swelling,"Throat Swelling",respiratory,10,10,0,yes,"gahubag tungod subong",synonym,active
throat_swelling,"Throat Swelling",respiratory,10,10,0,yes,"ginahubag akon tungod",synonym,active
throat_swelling,"Throat Swelling",respiratory,10,10,0,yes,"ginahubag tungod acun",synonym,active
throat_swelling,"Throat Swelling",respiratory,10,10,0,yes,"ginahubag tungod acun gid",synonym,active
throat_swelling,"Throat Swelling",respiratory,10,10,0,yes,"ginahubag tungod akon",synonym,active
throat_swelling,"Throat Swelling",respiratory,10,10,0,yes,"ginahubag tungod akon gid",synonym,active
throat_swelling,"Throat Swelling",respiratory,10,10,0,yes,"ginahubag tungod gid ko",synonym,active
throat_swelling,"Throat Swelling",respiratory,10,10,0,yes,"ginahubag tungod gid ku",synonym,active
throat_swelling,"Throat Swelling",respiratory,10,10,0,yes,"ginahubag tungod ko",synonym,active
throat_swelling,"Throat Swelling",respiratory,10,10,0,yes,"ginahubag tungod ko gid",synonym,active
throat_swelling,"Throat Swelling",respiratory,10,10,0,yes,"ginahubag tungod ku",synonym,active
throat_swelling,"Throat Swelling",respiratory,10,10,0,yes,"ginahubag tungod ku gid",synonym,active
throat_swelling,"Throat Swelling",respiratory,10,10,0,yes,"ginahubag tungod man",synonym,active
throat_swelling,"Throat Swelling",respiratory,10,10,0,yes,"ginahubag tungod subong",synonym,active
throat_swelling,"Throat Swelling",respiratory,10,10,0,yes,"ginapamulang akon tungod",synonym,active
throat_swelling,"Throat Swelling",respiratory,10,10,0,yes,"ginapamulang tungod acun",synonym,active
throat_swelling,"Throat Swelling",respiratory,10,10,0,yes,"ginapamulang tungod acun gid",synonym,active
throat_swelling,"Throat Swelling",respiratory,10,10,0,yes,"ginapamulang tungod akon",synonym,active
throat_swelling,"Throat Swelling",respiratory,10,10,0,yes,"ginapamulang tungod akon gid",synonym,active
throat_swelling,"Throat Swelling",respiratory,10,10,0,yes,"ginapamulang tungod gid ko",synonym,active
throat_swelling,"Throat Swelling",respiratory,10,10,0,yes,"ginapamulang tungod gid ku",synonym,active
throat_swelling,"Throat Swelling",respiratory,10,10,0,yes,"ginapamulang tungod ko",synonym,active
throat_swelling,"Throat Swelling",respiratory,10,10,0,yes,"ginapamulang tungod ko gid",synonym,active
throat_swelling,"Throat Swelling",respiratory,10,10,0,yes,"ginapamulang tungod ku",synonym,active
throat_swelling,"Throat Swelling",respiratory,10,10,0,yes,"ginapamulang tungod ku gid",synonym,active
throat_swelling,"Throat Swelling",respiratory,10,10,0,yes,"ginapamulang tungod man",synonym,active
throat_swelling,"Throat Swelling",respiratory,10,10,0,yes,"ginapamulang tungod subong",synonym,active
throat_swelling,"Throat Swelling",respiratory,10,10,0,yes,"hubag akon tungod",synonym,active
throat_swelling,"Throat Swelling",respiratory,10,10,0,yes,"hubag gid akon tungod",synonym,active
throat_swelling,"Throat Swelling",respiratory,10,10,0,yes,"hubag gid tungod acun",synonym,active
throat_swelling,"Throat Swelling",respiratory,10,10,0,yes,"hubag gid tungod acun gid",synonym,active
throat_swelling,"Throat Swelling",respiratory,10,10,0,yes,"hubag gid tungod akon",synonym,active
throat_swelling,"Throat Swelling",respiratory,10,10,0,yes,"hubag gid tungod akon gid",synonym,active
throat_swelling,"Throat Swelling",respiratory,10,10,0,yes,"hubag gid tungod gid ko",synonym,active
throat_swelling,"Throat Swelling",respiratory,10,10,0,yes,"hubag gid tungod gid ku",synonym,active
throat_swelling,"Throat Swelling",respiratory,10,10,0,yes,"hubag gid tungod ko",synonym,active
throat_swelling,"Throat Swelling",respiratory,10,10,0,yes,"hubag gid tungod ko gid",synonym,active
throat_swelling,"Throat Swelling",respiratory,10,10,0,yes,"hubag gid tungod ku",synonym,active
throat_swelling,"Throat Swelling",respiratory,10,10,0,yes,"hubag gid tungod ku gid",synonym,active
throat_swelling,"Throat Swelling",respiratory,10,10,0,yes,"hubag gid tungod man",synonym,active
throat_swelling,"Throat Swelling",respiratory,10,10,0,yes,"hubag gid tungod subong",synonym,active
throat_swelling,"Throat Swelling",respiratory,10,10,0,yes,"hubag tungod acun",synonym,active
throat_swelling,"Throat Swelling",respiratory,10,10,0,yes,"hubag tungod acun gid",synonym,active
throat_swelling,"Throat Swelling",respiratory,10,10,0,yes,"hubag tungod akon",synonym,active
throat_swelling,"Throat Swelling",respiratory,10,10,0,yes,"hubag tungod akon gid",synonym,active
throat_swelling,"Throat Swelling",respiratory,10,10,0,yes,"hubag tungod gid ko",synonym,active
throat_swelling,"Throat Swelling",respiratory,10,10,0,yes,"hubag tungod gid ku",synonym,active
throat_swelling,"Throat Swelling",respiratory,10,10,0,yes,"hubag tungod ko",synonym,active
throat_swelling,"Throat Swelling",respiratory,10,10,0,yes,"hubag tungod ko gid",synonym,active
throat_swelling,"Throat Swelling",respiratory,10,10,0,yes,"hubag tungod ku gid",synonym,active
throat_swelling,"Throat Swelling",respiratory,10,10,0,yes,"hubag tungod man",synonym,active
throat_swelling,"Throat Swelling",respiratory,10,10,0,yes,"hubag tungod subong",synonym,active
throat_swelling,"Throat Swelling",respiratory,10,10,0,yes,"naghubag akon tungod",synonym,active
throat_swelling,"Throat Swelling",respiratory,10,10,0,yes,"naghubag tungod acun",synonym,active
throat_swelling,"Throat Swelling",respiratory,10,10,0,yes,"naghubag tungod acun gid",synonym,active
throat_swelling,"Throat Swelling",respiratory,10,10,0,yes,"naghubag tungod akon",synonym,active
throat_swelling,"Throat Swelling",respiratory,10,10,0,yes,"naghubag tungod akon gid",synonym,active
throat_swelling,"Throat Swelling",respiratory,10,10,0,yes,"naghubag tungod gid ko",synonym,active
throat_swelling,"Throat Swelling",respiratory,10,10,0,yes,"naghubag tungod gid ku",synonym,active
throat_swelling,"Throat Swelling",respiratory,10,10,0,yes,"naghubag tungod ko",synonym,active
throat_swelling,"Throat Swelling",respiratory,10,10,0,yes,"naghubag tungod ko gid",synonym,active
throat_swelling,"Throat Swelling",respiratory,10,10,0,yes,"naghubag tungod ku",synonym,active
throat_swelling,"Throat Swelling",respiratory,10,10,0,yes,"naghubag tungod ku gid",synonym,active
throat_swelling,"Throat Swelling",respiratory,10,10,0,yes,"naghubag tungod man",synonym,active
throat_swelling,"Throat Swelling",respiratory,10,10,0,yes,"naghubag tungod subong",synonym,active
throat_swelling,"Throat Swelling",respiratory,10,10,0,yes,"masakit ang throat swelling",synonym,active
throat_swelling,"Throat Swelling",respiratory,10,10,0,yes,throat_swelling,concept_id,active
aspiration,Aspiration,respiratory,10,10,0,yes,aspiration,canonical,active
aspiration,Aspiration,respiratory,10,10,0,yes,"may aspiration",synonym,active
aspiration,Aspiration,respiratory,10,10,0,yes,"masakit aspiration",synonym,active
aspiration,Aspiration,respiratory,10,10,0,yes,"masakit ang aspiration",synonym,active
croup,Croup,respiratory,6,0,6,no,croup,canonical,active
croup,Croup,respiratory,6,0,6,no,"may croup",synonym,active
croup,Croup,respiratory,6,0,6,no,"masakit croup",synonym,active
croup,Croup,respiratory,6,0,6,no,"masakit ang croup",synonym,active
epistaxis,Nosebleed,respiratory,2,0,2,no,nosebleed,canonical,active
epistaxis,Nosebleed,respiratory,2,0,2,no,"may nosebleed",synonym,active
epistaxis,Nosebleed,respiratory,2,0,2,no,"masakit nosebleed",synonym,active
epistaxis,Nosebleed,respiratory,2,0,2,no,"dugo gid ang ilong ko",synonym,active
epistaxis,Nosebleed,respiratory,2,0,2,no,"dugo ilong",synonym,active
epistaxis,Nosebleed,respiratory,2,0,2,no,"may dugo sa ilong ko",synonym,active
epistaxis,Nosebleed,respiratory,2,0,2,no,"nagdugo akon ilong",synonym,active
epistaxis,Nosebleed,respiratory,2,0,2,no,"nagdugo gid ilong ko",synonym,active
epistaxis,Nosebleed,respiratory,2,0,2,no,"nagdugo ilong ko",synonym,active
epistaxis,Nosebleed,respiratory,2,0,2,no,"nagaibus dugo sa ilong",synonym,active
epistaxis,Nosebleed,respiratory,2,0,2,no,"bleeding nose",synonym,active
epistaxis,Nosebleed,respiratory,2,0,2,no,"nose bleed",synonym,active
epistaxis,Nosebleed,respiratory,2,0,2,no,"ginadugo ilong",synonym,active
epistaxis,Nosebleed,respiratory,2,0,2,no,"ginadugo ilong ko",synonym,active
epistaxis,Nosebleed,respiratory,2,0,2,no,"nagdugo ilong",synonym,active
epistaxis,Nosebleed,respiratory,2,0,2,no,"dugo sa ilong",synonym,active
epistaxis,Nosebleed,respiratory,2,0,2,no,epistaxis,concept_id,active
epistaxis,Nosebleed,respiratory,2,0,2,no,"masakit ang nosebleed",synonym,active
severe_epistaxis,"Severe Nosebleed",respiratory,8,8,0,yes,"severe nosebleed",canonical,active
severe_epistaxis,"Severe Nosebleed",respiratory,8,8,0,yes,severe,synonym,active
severe_epistaxis,"Severe Nosebleed",respiratory,8,8,0,yes,nosebleed,synonym,active
severe_epistaxis,"Severe Nosebleed",respiratory,8,8,0,yes,"may severe nosebleed",synonym,active
severe_epistaxis,"Severe Nosebleed",respiratory,8,8,0,yes,"masakit severe nosebleed",synonym,active
severe_epistaxis,"Severe Nosebleed",respiratory,8,8,0,yes,"masakit ang severe nosebleed",synonym,active
severe_epistaxis,"Severe Nosebleed",respiratory,8,8,0,yes,severe_epistaxis,concept_id,active
severe_epistaxis,"Severe Nosebleed",respiratory,8,8,0,yes,"severe epistaxis",concept_id,active
cyanosis,Cyanosis,respiratory,12,12,0,yes,cyanosis,canonical,active
cyanosis,Cyanosis,respiratory,12,12,0,yes,"may cyanosis",synonym,active
cyanosis,Cyanosis,respiratory,12,12,0,yes,"masakit cyanosis",synonym,active
cyanosis,Cyanosis,respiratory,12,12,0,yes,"asul na ang ngabil ko",synonym,active
cyanosis,Cyanosis,respiratory,12,12,0,yes,"asul na daliri ko",synonym,active
cyanosis,Cyanosis,respiratory,12,12,0,yes,"masakit ang cyanosis",synonym,active
sleep_apnea_symptoms,"Sleep Apnea Symptoms",respiratory,3,0,3,no,"sleep apnea symptoms",canonical,active
sleep_apnea_symptoms,"Sleep Apnea Symptoms",respiratory,3,0,3,no,sleep,synonym,active
sleep_apnea_symptoms,"Sleep Apnea Symptoms",respiratory,3,0,3,no,apnea,synonym,active
sleep_apnea_symptoms,"Sleep Apnea Symptoms",respiratory,3,0,3,no,symptoms,synonym,active
sleep_apnea_symptoms,"Sleep Apnea Symptoms",respiratory,3,0,3,no,"may sleep apnea symptoms",synonym,active
sleep_apnea_symptoms,"Sleep Apnea Symptoms",respiratory,3,0,3,no,"masakit sleep apnea symptoms",synonym,active
sleep_apnea_symptoms,"Sleep Apnea Symptoms",respiratory,3,0,3,no,"masakit ang sleep apnea symptoms",synonym,active
sleep_apnea_symptoms,"Sleep Apnea Symptoms",respiratory,3,0,3,no,sleep_apnea_symptoms,concept_id,active
syncope,Syncope,cardiovascular,8,8,0,yes,syncope,canonical,active
syncope,Syncope,cardiovascular,8,8,0,yes,"may syncope",synonym,active
syncope,Syncope,cardiovascular,8,8,0,yes,"masakit syncope",synonym,active
syncope,Syncope,cardiovascular,8,8,0,yes,"nagtumba lawas ko",synonym,active
syncope,Syncope,cardiovascular,8,8,0,yes,"nahulog ko",synonym,active
syncope,Syncope,cardiovascular,8,8,0,yes,"nahulog ku",synonym,active
syncope,Syncope,cardiovascular,8,8,0,yes,"masakit ang syncope",synonym,active
hypotension,"Low Blood Pressure",cardiovascular,6,0,6,no,"low blood pressure",canonical,active
hypotension,"Low Blood Pressure",cardiovascular,6,0,6,no,low,synonym,active
hypotension,"Low Blood Pressure",cardiovascular,6,0,6,no,blood,synonym,active
hypotension,"Low Blood Pressure",cardiovascular,6,0,6,no,pressure,synonym,active
hypotension,"Low Blood Pressure",cardiovascular,6,0,6,no,"may low blood pressure",synonym,active
hypotension,"Low Blood Pressure",cardiovascular,6,0,6,no,"masakit low blood pressure",synonym,active
hypotension,"Low Blood Pressure",cardiovascular,6,0,6,no,"mababa presyon ko",synonym,active
hypotension,"Low Blood Pressure",cardiovascular,6,0,6,no,lowblood,synonym,active
hypotension,"Low Blood Pressure",cardiovascular,6,0,6,no,"baba bp",synonym,active
hypotension,"Low Blood Pressure",cardiovascular,6,0,6,no,hypotension,concept_id,active
hypotension,"Low Blood Pressure",cardiovascular,6,0,6,no,"masakit ang low blood pressure",synonym,active
hypertension_severe,"Severe Hypertension",cardiovascular,6,0,6,no,"severe hypertension",canonical,active
hypertension_severe,"Severe Hypertension",cardiovascular,6,0,6,no,severe,synonym,active
hypertension_severe,"Severe Hypertension",cardiovascular,6,0,6,no,hypertension,synonym,active
hypertension_severe,"Severe Hypertension",cardiovascular,6,0,6,no,"may severe hypertension",synonym,active
hypertension_severe,"Severe Hypertension",cardiovascular,6,0,6,no,"masakit severe hypertension",synonym,active
hypertension_severe,"Severe Hypertension",cardiovascular,6,0,6,no,"masakit ang severe hypertension",synonym,active
hypertension_severe,"Severe Hypertension",cardiovascular,6,0,6,no,hypertension_severe,concept_id,active
hypertension_severe,"Severe Hypertension",cardiovascular,6,0,6,no,"hypertension severe",concept_id,active
leg_swelling_unilateral,"Unilateral Leg Swelling",cardiovascular,6,0,6,no,"unilateral leg swelling",canonical,active
leg_swelling_unilateral,"Unilateral Leg Swelling",cardiovascular,6,0,6,no,unilateral,synonym,active
leg_swelling_unilateral,"Unilateral Leg Swelling",cardiovascular,6,0,6,no,leg,synonym,active
leg_swelling_unilateral,"Unilateral Leg Swelling",cardiovascular,6,0,6,no,swelling,synonym,active
leg_swelling_unilateral,"Unilateral Leg Swelling",cardiovascular,6,0,6,no,"may unilateral leg swelling",synonym,active
leg_swelling_unilateral,"Unilateral Leg Swelling",cardiovascular,6,0,6,no,"masakit unilateral leg swelling",synonym,active
leg_swelling_unilateral,"Unilateral Leg Swelling",cardiovascular,6,0,6,no,"masakit ang unilateral leg swelling",synonym,active
leg_swelling_unilateral,"Unilateral Leg Swelling",cardiovascular,6,0,6,no,leg_swelling_unilateral,concept_id,active
leg_swelling_unilateral,"Unilateral Leg Swelling",cardiovascular,6,0,6,no,"leg swelling unilateral",concept_id,active
claudication,Claudication,cardiovascular,4,0,4,no,claudication,canonical,active
claudication,Claudication,cardiovascular,4,0,4,no,"may claudication",synonym,active
claudication,Claudication,cardiovascular,4,0,4,no,"masakit claudication",synonym,active
claudication,Claudication,cardiovascular,4,0,4,no,"masakit ang claudication",synonym,active
arrhythmia,"Irregular Heartbeat",cardiovascular,5,0,5,no,"irregular heartbeat",canonical,active
arrhythmia,"Irregular Heartbeat",cardiovascular,5,0,5,no,irregular,synonym,active
arrhythmia,"Irregular Heartbeat",cardiovascular,5,0,5,no,heartbeat,synonym,active
arrhythmia,"Irregular Heartbeat",cardiovascular,5,0,5,no,"may irregular heartbeat",synonym,active
arrhythmia,"Irregular Heartbeat",cardiovascular,5,0,5,no,"masakit irregular heartbeat",synonym,active
arrhythmia,"Irregular Heartbeat",cardiovascular,5,0,5,no,"mabilis ang heartbeat",synonym,active
arrhythmia,"Irregular Heartbeat",cardiovascular,5,0,5,no,palpitations,synonym,active
arrhythmia,"Irregular Heartbeat",cardiovascular,5,0,5,no,"masakit ang irregular heartbeat",synonym,active
arrhythmia,"Irregular Heartbeat",cardiovascular,5,0,5,no,arrhythmia,concept_id,active
angina,Angina,cardiovascular,10,10,0,yes,angina,canonical,active
angina,Angina,cardiovascular,10,10,0,yes,"may angina",synonym,active
angina,Angina,cardiovascular,10,10,0,yes,"masakit angina",synonym,active
angina,Angina,cardiovascular,10,10,0,yes,"masakit ang angina",synonym,active
heart_failure_symptoms,"Heart Failure Symptoms",cardiovascular,8,8,0,yes,"heart failure symptoms",canonical,active
heart_failure_symptoms,"Heart Failure Symptoms",cardiovascular,8,8,0,yes,heart,synonym,active
heart_failure_symptoms,"Heart Failure Symptoms",cardiovascular,8,8,0,yes,failure,synonym,active
heart_failure_symptoms,"Heart Failure Symptoms",cardiovascular,8,8,0,yes,symptoms,synonym,active
heart_failure_symptoms,"Heart Failure Symptoms",cardiovascular,8,8,0,yes,"may heart failure symptoms",synonym,active
heart_failure_symptoms,"Heart Failure Symptoms",cardiovascular,8,8,0,yes,"masakit heart failure symptoms",synonym,active
heart_failure_symptoms,"Heart Failure Symptoms",cardiovascular,8,8,0,yes,"masakit ang heart failure symptoms",synonym,active
heart_failure_symptoms,"Heart Failure Symptoms",cardiovascular,8,8,0,yes,heart_failure_symptoms,concept_id,active
cold_extremities,"Cold Extremities",cardiovascular,4,0,4,no,"cold extremities",canonical,active
cold_extremities,"Cold Extremities",cardiovascular,4,0,4,no,cold,synonym,active
cold_extremities,"Cold Extremities",cardiovascular,4,0,4,no,extremities,synonym,active
cold_extremities,"Cold Extremities",cardiovascular,4,0,4,no,"may cold extremities",synonym,active
cold_extremities,"Cold Extremities",cardiovascular,4,0,4,no,"masakit cold extremities",synonym,active
cold_extremities,"Cold Extremities",cardiovascular,4,0,4,no,"masakit ang cold extremities",synonym,active
cold_extremities,"Cold Extremities",cardiovascular,4,0,4,no,cold_extremities,concept_id,active
cardiac_arrest_symptoms,"Cardiac Arrest",cardiovascular,20,20,0,yes,"cardiac arrest",canonical,active
cardiac_arrest_symptoms,"Cardiac Arrest",cardiovascular,20,20,0,yes,cardiac,synonym,active
cardiac_arrest_symptoms,"Cardiac Arrest",cardiovascular,20,20,0,yes,arrest,synonym,active
cardiac_arrest_symptoms,"Cardiac Arrest",cardiovascular,20,20,0,yes,"may cardiac arrest",synonym,active
cardiac_arrest_symptoms,"Cardiac Arrest",cardiovascular,20,20,0,yes,"masakit cardiac arrest",synonym,active
cardiac_arrest_symptoms,"Cardiac Arrest",cardiovascular,20,20,0,yes,"masakit ang cardiac arrest",synonym,active
cardiac_arrest_symptoms,"Cardiac Arrest",cardiovascular,20,20,0,yes,cardiac_arrest_symptoms,concept_id,active
cardiac_arrest_symptoms,"Cardiac Arrest",cardiovascular,20,20,0,yes,"cardiac arrest symptoms",concept_id,active
constipation,Constipation,gastrointestinal,2,0,1,no,constipation,canonical,active
constipation,Constipation,gastrointestinal,2,0,1,no,"may constipation",synonym,active
constipation,Constipation,gastrointestinal,2,0,1,no,"masakit constipation",synonym,active
constipation,Constipation,gastrointestinal,2,0,1,no,buot,synonym,active
constipation,Constipation,gastrointestinal,2,0,1,no,ginabuot,synonym,active
constipation,Constipation,gastrointestinal,2,0,1,no,"indi makaibot",synonym,active
constipation,Constipation,gastrointestinal,2,0,1,no,"tig-a tae",synonym,active
constipation,Constipation,gastrointestinal,2,0,1,no,"constipated ko",synonym,active
constipation,Constipation,gastrointestinal,2,0,1,no,constipated,synonym,active
constipation,Constipation,gastrointestinal,2,0,1,no,"budlay mag-ibot",synonym,active
constipation,Constipation,gastrointestinal,2,0,1,no,"dili makalibang",synonym,active
constipation,Constipation,gastrointestinal,2,0,1,no,"ginadula kalibanga",synonym,active
constipation,Constipation,gastrointestinal,2,0,1,no,gina-constipation,synonym,active
constipation,Constipation,gastrointestinal,2,0,1,no,"indi makalibang",synonym,active
constipation,Constipation,gastrointestinal,2,0,1,no,"matig-a ang tai",synonym,active
constipation,Constipation,gastrointestinal,2,0,1,no,"matig-a tai",synonym,active
constipation,Constipation,gastrointestinal,2,0,1,no,"budlay maglibang",synonym,active
constipation,Constipation,gastrointestinal,2,0,1,no,"masakit ang constipation",synonym,active
bloating,Bloating,gastrointestinal,2,0,1,no,bloating,canonical,active
bloating,Bloating,gastrointestinal,2,0,1,no,"may bloating",synonym,active
bloating,Bloating,gastrointestinal,2,0,1,no,"masakit bloating",synonym,active
bloating,Bloating,gastrointestinal,2,0,1,no,"masakit ang bloating",synonym,active
dysphagia,"Difficulty Swallowing",gastrointestinal,5,0,5,no,"difficulty swallowing",canonical,active
dysphagia,"Difficulty Swallowing",gastrointestinal,5,0,5,no,difficulty,synonym,active
dysphagia,"Difficulty Swallowing",gastrointestinal,5,0,5,no,swallowing,synonym,active
dysphagia,"Difficulty Swallowing",gastrointestinal,5,0,5,no,"may difficulty swallowing",synonym,active
dysphagia,"Difficulty Swallowing",gastrointestinal,5,0,5,no,"masakit difficulty swallowing",synonym,active
dysphagia,"Difficulty Swallowing",gastrointestinal,5,0,5,no,"masakit ang difficulty swallowing",synonym,active
dysphagia,"Difficulty Swallowing",gastrointestinal,5,0,5,no,dysphagia,concept_id,active
odynophagia,"Painful Swallowing",gastrointestinal,4,0,4,no,"painful swallowing",canonical,active
odynophagia,"Painful Swallowing",gastrointestinal,4,0,4,no,painful,synonym,active
odynophagia,"Painful Swallowing",gastrointestinal,4,0,4,no,swallowing,synonym,active
odynophagia,"Painful Swallowing",gastrointestinal,4,0,4,no,"may painful swallowing",synonym,active
odynophagia,"Painful Swallowing",gastrointestinal,4,0,4,no,"masakit painful swallowing",synonym,active
odynophagia,"Painful Swallowing",gastrointestinal,4,0,4,no,"masakit paglamon ko",synonym,active
odynophagia,"Painful Swallowing",gastrointestinal,4,0,4,no,"masakit ang painful swallowing",synonym,active
odynophagia,"Painful Swallowing",gastrointestinal,4,0,4,no,odynophagia,concept_id,active
melena,"Black Stool",gastrointestinal,8,8,0,yes,"black stool",canonical,active
melena,"Black Stool",gastrointestinal,8,8,0,yes,black,synonym,active
melena,"Black Stool",gastrointestinal,8,8,0,yes,stool,synonym,active
melena,"Black Stool",gastrointestinal,8,8,0,yes,"may black stool",synonym,active
melena,"Black Stool",gastrointestinal,8,8,0,yes,"masakit black stool",synonym,active
melena,"Black Stool",gastrointestinal,8,8,0,yes,"itim ang tae",synonym,active
melena,"Black Stool",gastrointestinal,8,8,0,yes,"tae daw alkitran",synonym,active
melena,"Black Stool",gastrointestinal,8,8,0,yes,"masakit ang black stool",synonym,active
melena,"Black Stool",gastrointestinal,8,8,0,yes,melena,concept_id,active
hematochezia,"Blood in Stool",gastrointestinal,8,8,0,yes,"blood in stool",canonical,active
hematochezia,"Blood in Stool",gastrointestinal,8,8,0,yes,blood,synonym,active
hematochezia,"Blood in Stool",gastrointestinal,8,8,0,yes,stool,synonym,active
hematochezia,"Blood in Stool",gastrointestinal,8,8,0,yes,"may blood in stool",synonym,active
hematochezia,"Blood in Stool",gastrointestinal,8,8,0,yes,"masakit blood in stool",synonym,active
hematochezia,"Blood in Stool",gastrointestinal,8,8,0,yes,"may dugo sa dumi",synonym,active
hematochezia,"Blood in Stool",gastrointestinal,8,8,0,yes,"dugo sa tae",synonym,active
hematochezia,"Blood in Stool",gastrointestinal,8,8,0,yes,"dugo sa dumi",synonym,active
hematochezia,"Blood in Stool",gastrointestinal,8,8,0,yes,"masakit ang blood in stool",synonym,active
hematochezia,"Blood in Stool",gastrointestinal,8,8,0,yes,hematochezia,concept_id,active
jaundice,Jaundice,gastrointestinal,6,0,6,no,jaundice,canonical,active
jaundice,Jaundice,gastrointestinal,6,0,6,no,"may jaundice",synonym,active
jaundice,Jaundice,gastrointestinal,6,0,6,no,"masakit jaundice",synonym,active
jaundice,Jaundice,gastrointestinal,6,0,6,no,"yellow fever skin",synonym,active
jaundice,Jaundice,gastrointestinal,6,0,6,no,"yellow jaundice",synonym,active
jaundice,Jaundice,gastrointestinal,6,0,6,no,"dulom mata kag dilaw panit",synonym,active
jaundice,Jaundice,gastrointestinal,6,0,6,no,"dilaw panit kag dulom mata",synonym,active
jaundice,Jaundice,gastrointestinal,6,0,6,no,"masakit ang jaundice",synonym,active
appendicitis_pain,"Appendicitis Pain",gastrointestinal,8,8,0,yes,"appendicitis pain",canonical,active
appendicitis_pain,"Appendicitis Pain",gastrointestinal,8,8,0,yes,appendicitis,synonym,active
appendicitis_pain,"Appendicitis Pain",gastrointestinal,8,8,0,yes,pain,synonym,active
appendicitis_pain,"Appendicitis Pain",gastrointestinal,8,8,0,yes,"may appendicitis pain",synonym,active
appendicitis_pain,"Appendicitis Pain",gastrointestinal,8,8,0,yes,"masakit appendicitis pain",synonym,active
appendicitis_pain,"Appendicitis Pain",gastrointestinal,8,8,0,yes,"masakit ang appendicitis pain",synonym,active
appendicitis_pain,"Appendicitis Pain",gastrointestinal,8,8,0,yes,appendicitis_pain,concept_id,active
pancreatitis_pain,"Pancreatitis Pain",gastrointestinal,10,10,0,yes,"pancreatitis pain",canonical,active
pancreatitis_pain,"Pancreatitis Pain",gastrointestinal,10,10,0,yes,pancreatitis,synonym,active
pancreatitis_pain,"Pancreatitis Pain",gastrointestinal,10,10,0,yes,pain,synonym,active
pancreatitis_pain,"Pancreatitis Pain",gastrointestinal,10,10,0,yes,"may pancreatitis pain",synonym,active
pancreatitis_pain,"Pancreatitis Pain",gastrointestinal,10,10,0,yes,"masakit pancreatitis pain",synonym,active
pancreatitis_pain,"Pancreatitis Pain",gastrointestinal,10,10,0,yes,"masakit ang pancreatitis pain",synonym,active
pancreatitis_pain,"Pancreatitis Pain",gastrointestinal,10,10,0,yes,pancreatitis_pain,concept_id,active
gallbladder_pain,"Gallbladder Pain",gastrointestinal,6,0,6,no,"gallbladder pain",canonical,active
gallbladder_pain,"Gallbladder Pain",gastrointestinal,6,0,6,no,gallbladder,synonym,active
gallbladder_pain,"Gallbladder Pain",gastrointestinal,6,0,6,no,pain,synonym,active
gallbladder_pain,"Gallbladder Pain",gastrointestinal,6,0,6,no,"may gallbladder pain",synonym,active
gallbladder_pain,"Gallbladder Pain",gastrointestinal,6,0,6,no,"masakit gallbladder pain",synonym,active
gallbladder_pain,"Gallbladder Pain",gastrointestinal,6,0,6,no,"masakit ang gallbladder pain",synonym,active
gallbladder_pain,"Gallbladder Pain",gastrointestinal,6,0,6,no,gallbladder_pain,concept_id,active
reflux,"Acid Reflux",gastrointestinal,2,0,2,no,"acid reflux",canonical,active
reflux,"Acid Reflux",gastrointestinal,2,0,2,no,acid,synonym,active
reflux,"Acid Reflux",gastrointestinal,2,0,2,no,reflux,concept_id,active
reflux,"Acid Reflux",gastrointestinal,2,0,2,no,"may acid reflux",synonym,active
reflux,"Acid Reflux",gastrointestinal,2,0,2,no,"masakit acid reflux",synonym,active
reflux,"Acid Reflux",gastrointestinal,2,0,2,no,"masakit ang acid reflux",synonym,active
indigestion,Indigestion,gastrointestinal,2,0,2,no,indigestion,canonical,active
indigestion,Indigestion,gastrointestinal,2,0,2,no,"may indigestion",synonym,active
indigestion,Indigestion,gastrointestinal,2,0,2,no,"masakit indigestion",synonym,active
indigestion,Indigestion,gastrointestinal,2,0,2,no,"indi ma digest",synonym,active
indigestion,Indigestion,gastrointestinal,2,0,2,no,"indi matunaw ang ginkaon",synonym,active
indigestion,Indigestion,gastrointestinal,2,0,2,no,"nagabalda ang tiyan pagkatapos magkaon",synonym,active
indigestion,Indigestion,gastrointestinal,2,0,2,no,"indi matunaw",synonym,active
indigestion,Indigestion,gastrointestinal,2,0,2,no,"nagabalda tiyan",synonym,active
indigestion,Indigestion,gastrointestinal,2,0,2,no,"mabug-at ang tiyan",synonym,active
indigestion,Indigestion,gastrointestinal,2,0,2,no,"masakit ang indigestion",synonym,active
anorexia,"Loss of Appetite",gastrointestinal,2,0,2,no,"loss of appetite",canonical,active
anorexia,"Loss of Appetite",gastrointestinal,2,0,2,no,loss,synonym,active
anorexia,"Loss of Appetite",gastrointestinal,2,0,2,no,appetite,synonym,active
anorexia,"Loss of Appetite",gastrointestinal,2,0,2,no,"may loss of appetite",synonym,active
anorexia,"Loss of Appetite",gastrointestinal,2,0,2,no,"masakit loss of appetite",synonym,active
anorexia,"Loss of Appetite",gastrointestinal,2,0,2,no,"gakadula gana kaon",synonym,active
anorexia,"Loss of Appetite",gastrointestinal,2,0,2,no,"wala ko gusto magkaon",synonym,active
anorexia,"Loss of Appetite",gastrointestinal,2,0,2,no,"wala gana kaon",synonym,active
anorexia,"Loss of Appetite",gastrointestinal,2,0,2,no,"wala gana magkaon",synonym,active
anorexia,"Loss of Appetite",gastrointestinal,2,0,2,no,"nadula ang gana magkaon",synonym,active
anorexia,"Loss of Appetite",gastrointestinal,2,0,2,no,"indi gusto magkaon",synonym,active
anorexia,"Loss of Appetite",gastrointestinal,2,0,2,no,"wala ko gana magkaon",synonym,active
anorexia,"Loss of Appetite",gastrointestinal,2,0,2,no,"wala gana",synonym,active
anorexia,"Loss of Appetite",gastrointestinal,2,0,2,no,"dili gana kaon",synonym,active
anorexia,"Loss of Appetite",gastrointestinal,2,0,2,no,"ginawala gana",synonym,active
anorexia,"Loss of Appetite",gastrointestinal,2,0,2,no,"wala appetite",synonym,active
anorexia,"Loss of Appetite",gastrointestinal,2,0,2,no,"nawala gana",synonym,active
anorexia,"Loss of Appetite",gastrointestinal,2,0,2,no,"masakit ang loss of appetite",synonym,active
anorexia,"Loss of Appetite",gastrointestinal,2,0,2,no,anorexia,concept_id,active
weight_loss,"Unintentional Weight Loss",gastrointestinal,4,0,4,no,"unintentional weight loss",canonical,active
weight_loss,"Unintentional Weight Loss",gastrointestinal,4,0,4,no,unintentional,synonym,active
weight_loss,"Unintentional Weight Loss",gastrointestinal,4,0,4,no,weight,synonym,active
weight_loss,"Unintentional Weight Loss",gastrointestinal,4,0,4,no,loss,synonym,active
weight_loss,"Unintentional Weight Loss",gastrointestinal,4,0,4,no,"may unintentional weight loss",synonym,active
weight_loss,"Unintentional Weight Loss",gastrointestinal,4,0,4,no,"masakit unintentional weight loss",synonym,active
weight_loss,"Unintentional Weight Loss",gastrointestinal,4,0,4,no,"masakit ang unintentional weight loss",synonym,active
weight_loss,"Unintentional Weight Loss",gastrointestinal,4,0,4,no,weight_loss,concept_id,active
weight_loss,"Unintentional Weight Loss",gastrointestinal,4,0,4,no,"weight loss",concept_id,active
rectal_pain,"Rectal Pain",gastrointestinal,3,0,3,no,"rectal pain",canonical,active
rectal_pain,"Rectal Pain",gastrointestinal,3,0,3,no,rectal,synonym,active
rectal_pain,"Rectal Pain",gastrointestinal,3,0,3,no,pain,synonym,active
rectal_pain,"Rectal Pain",gastrointestinal,3,0,3,no,"may rectal pain",synonym,active
rectal_pain,"Rectal Pain",gastrointestinal,3,0,3,no,"masakit rectal pain",synonym,active
rectal_pain,"Rectal Pain",gastrointestinal,3,0,3,no,"masakit ang rectal pain",synonym,active
rectal_pain,"Rectal Pain",gastrointestinal,3,0,3,no,rectal_pain,concept_id,active
hernia_pain,"Hernia Pain",gastrointestinal,5,0,5,no,"hernia pain",canonical,active
hernia_pain,"Hernia Pain",gastrointestinal,5,0,5,no,hernia,synonym,active
hernia_pain,"Hernia Pain",gastrointestinal,5,0,5,no,pain,synonym,active
hernia_pain,"Hernia Pain",gastrointestinal,5,0,5,no,"may hernia pain",synonym,active
hernia_pain,"Hernia Pain",gastrointestinal,5,0,5,no,"masakit hernia pain",synonym,active
hernia_pain,"Hernia Pain",gastrointestinal,5,0,5,no,"masakit ang hernia pain",synonym,active
hernia_pain,"Hernia Pain",gastrointestinal,5,0,5,no,hernia_pain,concept_id,active
acute_abdomen,"Acute Abdomen",gastrointestinal,10,10,0,yes,"acute abdomen",canonical,active
acute_abdomen,"Acute Abdomen",gastrointestinal,10,10,0,yes,acute,synonym,active
acute_abdomen,"Acute Abdomen",gastrointestinal,10,10,0,yes,abdomen,synonym,active
acute_abdomen,"Acute Abdomen",gastrointestinal,10,10,0,yes,"may acute abdomen",synonym,active
acute_abdomen,"Acute Abdomen",gastrointestinal,10,10,0,yes,"masakit acute abdomen",synonym,active
acute_abdomen,"Acute Abdomen",gastrointestinal,10,10,0,yes,"masakit ang acute abdomen",synonym,active
acute_abdomen,"Acute Abdomen",gastrointestinal,10,10,0,yes,acute_abdomen,concept_id,active
numbness,Numbness,neurological,4,0,4,no,numbness,canonical,active
numbness,Numbness,neurological,4,0,4,no,"may numbness",synonym,active
numbness,Numbness,neurological,4,0,4,no,"masakit numbness",synonym,active
numbness,Numbness,neurological,4,0,4,no,ginamanhid,synonym,active
numbness,Numbness,neurological,4,0,4,no,pamamanhid,synonym,active
numbness,Numbness,neurological,4,0,4,no,"masakit ang numbness",synonym,active
tingling,Tingling,neurological,3,0,3,no,tingling,canonical,active
tingling,Tingling,neurological,3,0,3,no,"may tingling",synonym,active
tingling,Tingling,neurological,3,0,3,no,"masakit tingling",synonym,active
tingling,Tingling,neurological,3,0,3,no,"masakit ang tingling",synonym,active
paralysis,Paralysis,neurological,12,12,0,yes,paralysis,canonical,active
paralysis,Paralysis,neurological,12,12,0,yes,"may paralysis",synonym,active
paralysis,Paralysis,neurological,12,12,0,yes,"masakit paralysis",synonym,active
paralysis,Paralysis,neurological,12,12,0,yes,pilay,synonym,active
paralysis,Paralysis,neurological,12,12,0,yes,"masakit ang paralysis",synonym,active
tremor,Tremor,neurological,3,0,3,no,tremor,canonical,active
tremor,Tremor,neurological,3,0,3,no,"may tremor",synonym,active
tremor,Tremor,neurological,3,0,3,no,"masakit tremor",synonym,active
tremor,Tremor,neurological,3,0,3,no,ginakurog,synonym,active
tremor,Tremor,neurological,3,0,3,no,"ginakurog ko",synonym,active
tremor,Tremor,neurological,3,0,3,no,nagakurog,synonym,active
tremor,Tremor,neurological,3,0,3,no,kurog,synonym,active
tremor,Tremor,neurological,3,0,3,no,ginatay-og,synonym,active
tremor,Tremor,neurological,3,0,3,no,nagatay-og,synonym,active
tremor,Tremor,neurological,3,0,3,no,tremors,synonym,active
tremor,Tremor,neurological,3,0,3,no,shaking,synonym,active
tremor,Tremor,neurological,3,0,3,no,"masakit ang tremor",synonym,active
facial_weakness,"Facial Weakness",neurological,10,10,0,yes,"facial weakness",canonical,active
facial_weakness,"Facial Weakness",neurological,10,10,0,yes,facial,synonym,active
facial_weakness,"Facial Weakness",neurological,10,10,0,yes,weakness,synonym,active
facial_weakness,"Facial Weakness",neurological,10,10,0,yes,"may facial weakness",synonym,active
facial_weakness,"Facial Weakness",neurological,10,10,0,yes,"masakit facial weakness",synonym,active
facial_weakness,"Facial Weakness",neurological,10,10,0,yes,"masakit ang facial weakness",synonym,active
facial_weakness,"Facial Weakness",neurological,10,10,0,yes,facial_weakness,concept_id,active
vision_loss,"Vision Loss",neurological,10,10,0,yes,"vision loss",canonical,active
vision_loss,"Vision Loss",neurological,10,10,0,yes,vision,synonym,active
vision_loss,"Vision Loss",neurological,10,10,0,yes,loss,synonym,active
vision_loss,"Vision Loss",neurological,10,10,0,yes,"may vision loss",synonym,active
vision_loss,"Vision Loss",neurological,10,10,0,yes,"masakit vision loss",synonym,active
vision_loss,"Vision Loss",neurological,10,10,0,yes,"dulom mata ko",synonym,active
vision_loss,"Vision Loss",neurological,10,10,0,yes,"dulom mata ku",synonym,active
vision_loss,"Vision Loss",neurological,10,10,0,yes,"dulom mataa ko",synonym,active
vision_loss,"Vision Loss",neurological,10,10,0,yes,"nawala ko panan-aw",synonym,active
vision_loss,"Vision Loss",neurological,10,10,0,yes,"nawala ku panan-aw",synonym,active
vision_loss,"Vision Loss",neurological,10,10,0,yes,"kalit nadula panulok",synonym,active
vision_loss,"Vision Loss",neurological,10,10,0,yes,"masakit ang vision loss",synonym,active
vision_loss,"Vision Loss",neurological,10,10,0,yes,vision_loss,concept_id,active
double_vision,"Double Vision",neurological,6,0,6,no,"double vision",canonical,active
double_vision,"Double Vision",neurological,6,0,6,no,double,synonym,active
double_vision,"Double Vision",neurological,6,0,6,no,vision,synonym,active
double_vision,"Double Vision",neurological,6,0,6,no,"may double vision",synonym,active
double_vision,"Double Vision",neurological,6,0,6,no,"masakit double vision",synonym,active
double_vision,"Double Vision",neurological,6,0,6,no,"masakit ang double vision",synonym,active
double_vision,"Double Vision",neurological,6,0,6,no,double_vision,concept_id,active
hearing_loss,"Hearing Loss",neurological,4,0,4,no,"hearing loss",canonical,active
hearing_loss,"Hearing Loss",neurological,4,0,4,no,hearing,synonym,active
hearing_loss,"Hearing Loss",neurological,4,0,4,no,loss,synonym,active
hearing_loss,"Hearing Loss",neurological,4,0,4,no,"may hearing loss",synonym,active
hearing_loss,"Hearing Loss",neurological,4,0,4,no,"masakit hearing loss",synonym,active
hearing_loss,"Hearing Loss",neurological,4,0,4,no,"wala ko maka-dungog",synonym,active
hearing_loss,"Hearing Loss",neurological,4,0,4,no,"masakit ang hearing loss",synonym,active
hearing_loss,"Hearing Loss",neurological,4,0,4,no,hearing_loss,concept_id,active
vertigo,Vertigo,neurological,4,0,4,no,vertigo,canonical,active
vertigo,Vertigo,neurological,4,0,4,no,"may vertigo",synonym,active
vertigo,Vertigo,neurological,4,0,4,no,"masakit vertigo",synonym,active
vertigo,Vertigo,neurological,4,0,4,no,"nagalibot ulo",synonym,active
vertigo,Vertigo,neurological,4,0,4,no,"daw naga-ikot palibot",synonym,active
vertigo,Vertigo,neurological,4,0,4,no,"masakit ang vertigo",synonym,active
migraine_severe,"Severe Migraine",neurological,5,0,5,no,"severe migraine",canonical,active
migraine_severe,"Severe Migraine",neurological,5,0,5,no,severe,synonym,active
migraine_severe,"Severe Migraine",neurological,5,0,5,no,migraine,synonym,active
migraine_severe,"Severe Migraine",neurological,5,0,5,no,"may severe migraine",synonym,active
migraine_severe,"Severe Migraine",neurological,5,0,5,no,"masakit severe migraine",synonym,active
migraine_severe,"Severe Migraine",neurological,5,0,5,no,"masakit ang severe migraine",synonym,active
migraine_severe,"Severe Migraine",neurological,5,0,5,no,migraine_severe,concept_id,active
migraine_severe,"Severe Migraine",neurological,5,0,5,no,"migraine severe",concept_id,active
stiff_neck,"Stiff Neck",neurological,6,0,6,no,"stiff neck",canonical,active
stiff_neck,"Stiff Neck",neurological,6,0,6,no,stiff,synonym,active
stiff_neck,"Stiff Neck",neurological,6,0,6,no,neck,synonym,active
stiff_neck,"Stiff Neck",neurological,6,0,6,no,"may stiff neck",synonym,active
stiff_neck,"Stiff Neck",neurological,6,0,6,no,"masakit stiff neck",synonym,active
stiff_neck,"Stiff Neck",neurological,6,0,6,no,"matig-a ang liog",synonym,active
stiff_neck,"Stiff Neck",neurological,6,0,6,no,"sakit kag matig-a ang liog",synonym,active
stiff_neck,"Stiff Neck",neurological,6,0,6,no,"matig-a liog",synonym,active
stiff_neck,"Stiff Neck",neurological,6,0,6,no,"sakit kag matig-a liog",synonym,active
stiff_neck,"Stiff Neck",neurological,6,0,6,no,"masakit ang stiff neck",synonym,active
stiff_neck,"Stiff Neck",neurological,6,0,6,no,stiff_neck,concept_id,active
meningism,Meningism,neurological,10,10,0,yes,meningism,canonical,active
meningism,Meningism,neurological,10,10,0,yes,"may meningism",synonym,active
meningism,Meningism,neurological,10,10,0,yes,"masakit meningism",synonym,active
meningism,Meningism,neurological,10,10,0,yes,"masakit ang meningism",synonym,active
gait_disturbance,"Gait Disturbance",neurological,5,0,5,no,"gait disturbance",canonical,active
gait_disturbance,"Gait Disturbance",neurological,5,0,5,no,gait,synonym,active
gait_disturbance,"Gait Disturbance",neurological,5,0,5,no,disturbance,synonym,active
gait_disturbance,"Gait Disturbance",neurological,5,0,5,no,"may gait disturbance",synonym,active
gait_disturbance,"Gait Disturbance",neurological,5,0,5,no,"masakit gait disturbance",synonym,active
gait_disturbance,"Gait Disturbance",neurological,5,0,5,no,"masakit ang gait disturbance",synonym,active
gait_disturbance,"Gait Disturbance",neurological,5,0,5,no,gait_disturbance,concept_id,active
gait_disturbance,"Gait Disturbance",neurological,5,0,5,no,"difficulty walking",synonym,active
memory_loss_acute,"Acute Memory Loss",neurological,8,8,0,yes,"acute memory loss",canonical,active
memory_loss_acute,"Acute Memory Loss",neurological,8,8,0,yes,acute,synonym,active
memory_loss_acute,"Acute Memory Loss",neurological,8,8,0,yes,memory,synonym,active
memory_loss_acute,"Acute Memory Loss",neurological,8,8,0,yes,loss,synonym,active
memory_loss_acute,"Acute Memory Loss",neurological,8,8,0,yes,"may acute memory loss",synonym,active
memory_loss_acute,"Acute Memory Loss",neurological,8,8,0,yes,"masakit acute memory loss",synonym,active
memory_loss_acute,"Acute Memory Loss",neurological,8,8,0,yes,"masakit ang acute memory loss",synonym,active
memory_loss_acute,"Acute Memory Loss",neurological,8,8,0,yes,memory_loss_acute,concept_id,active
memory_loss_acute,"Acute Memory Loss",neurological,8,8,0,yes,"memory loss acute",concept_id,active
facial_droop,"Facial Droop",neurological,12,12,0,yes,"facial droop",canonical,active
facial_droop,"Facial Droop",neurological,12,12,0,yes,facial,synonym,active
facial_droop,"Facial Droop",neurological,12,12,0,yes,droop,synonym,active
facial_droop,"Facial Droop",neurological,12,12,0,yes,"may facial droop",synonym,active
facial_droop,"Facial Droop",neurological,12,12,0,yes,"masakit facial droop",synonym,active
facial_droop,"Facial Droop",neurological,12,12,0,yes,"daw indi ko makabaton sang lawas ko",synonym,active
facial_droop,"Facial Droop",neurological,12,12,0,yes,"nabalyo ang guya ko",synonym,active
facial_droop,"Facial Droop",neurological,12,12,0,yes,"masakit ang facial droop",synonym,active
facial_droop,"Facial Droop",neurological,12,12,0,yes,facial_droop,concept_id,active
slurred_speech,"Slurred Speech",neurological,12,12,0,yes,"slurred speech",canonical,active
slurred_speech,"Slurred Speech",neurological,12,12,0,yes,slurred,synonym,active
slurred_speech,"Slurred Speech",neurological,12,12,0,yes,speech,synonym,active
slurred_speech,"Slurred Speech",neurological,12,12,0,yes,"may slurred speech",synonym,active
slurred_speech,"Slurred Speech",neurological,12,12,0,yes,"masakit slurred speech",synonym,active
slurred_speech,"Slurred Speech",neurological,12,12,0,yes,"nabulol ang panulti",synonym,active
slurred_speech,"Slurred Speech",neurological,12,12,0,yes,"nagalumay ang panulti ko",synonym,active
slurred_speech,"Slurred Speech",neurological,12,12,0,yes,"indi klaro maghambal",synonym,active
slurred_speech,"Slurred Speech",neurological,12,12,0,yes,"nagakulinggat ang dila kon maghambal",synonym,active
slurred_speech,"Slurred Speech",neurological,12,12,0,yes,nagakulinggat,synonym,active
slurred_speech,"Slurred Speech",neurological,12,12,0,yes,"masakit ang slurred speech",synonym,active
slurred_speech,"Slurred Speech",neurological,12,12,0,yes,slurred_speech,concept_id,active
one_sided_weakness,"One-Sided Weakness",neurological,12,12,0,yes,"one-sided weakness",canonical,active
one_sided_weakness,"One-Sided Weakness",neurological,12,12,0,yes,one,synonym,active
one_sided_weakness,"One-Sided Weakness",neurological,12,12,0,yes,sided,synonym,active
one_sided_weakness,"One-Sided Weakness",neurological,12,12,0,yes,weakness,synonym,active
one_sided_weakness,"One-Sided Weakness",neurological,12,12,0,yes,"may one-sided weakness",synonym,active
one_sided_weakness,"One-Sided Weakness",neurological,12,12,0,yes,"masakit one-sided weakness",synonym,active
one_sided_weakness,"One-Sided Weakness",neurological,12,12,0,yes,"masakit ang one-sided weakness",synonym,active
one_sided_weakness,"One-Sided Weakness",neurological,12,12,0,yes,one_sided_weakness,concept_id,active
one_sided_weakness,"One-Sided Weakness",neurological,12,12,0,yes,"one sided weakness",concept_id,active
joint_swelling,"Joint Swelling",musculoskeletal,3,0,3,no,"joint swelling",canonical,active
joint_swelling,"Joint Swelling",musculoskeletal,3,0,3,no,joint,synonym,active
joint_swelling,"Joint Swelling",musculoskeletal,3,0,3,no,swelling,synonym,active
joint_swelling,"Joint Swelling",musculoskeletal,3,0,3,no,"may joint swelling",synonym,active
joint_swelling,"Joint Swelling",musculoskeletal,3,0,3,no,"masakit joint swelling",synonym,active
joint_swelling,"Joint Swelling",musculoskeletal,3,0,3,no,"masakit ang joint swelling",synonym,active
joint_swelling,"Joint Swelling",musculoskeletal,3,0,3,no,joint_swelling,concept_id,active
muscle_cramps,"Muscle Cramps",musculoskeletal,2,0,2,no,"muscle cramps",canonical,active
muscle_cramps,"Muscle Cramps",musculoskeletal,2,0,2,no,muscle,synonym,active
muscle_cramps,"Muscle Cramps",musculoskeletal,2,0,2,no,cramps,synonym,active
muscle_cramps,"Muscle Cramps",musculoskeletal,2,0,2,no,"may muscle cramps",synonym,active
muscle_cramps,"Muscle Cramps",musculoskeletal,2,0,2,no,"masakit muscle cramps",synonym,active
muscle_cramps,"Muscle Cramps",musculoskeletal,2,0,2,no,"masakit ang muscle cramps",synonym,active
muscle_cramps,"Muscle Cramps",musculoskeletal,2,0,2,no,muscle_cramps,concept_id,active
neck_pain,"Neck Pain",musculoskeletal,3,0,3,no,"neck pain",canonical,active
neck_pain,"Neck Pain",musculoskeletal,3,0,3,no,neck,synonym,active
neck_pain,"Neck Pain",musculoskeletal,3,0,3,no,pain,synonym,active
neck_pain,"Neck Pain",musculoskeletal,3,0,3,no,"may neck pain",synonym,active
neck_pain,"Neck Pain",musculoskeletal,3,0,3,no,"masakit neck pain",synonym,active
neck_pain,"Neck Pain",musculoskeletal,3,0,3,no,"ga sakit akon liog",synonym,active
neck_pain,"Neck Pain",musculoskeletal,3,0,3,no,"ga sakit liog ako",synonym,active
neck_pain,"Neck Pain",musculoskeletal,3,0,3,no,"ga sakit liog akon",synonym,active
neck_pain,"Neck Pain",musculoskeletal,3,0,3,no,"ga sakit liog akon gid",synonym,active
neck_pain,"Neck Pain",musculoskeletal,3,0,3,no,"ga sakit liog akon subong",synonym,active
neck_pain,"Neck Pain",musculoskeletal,3,0,3,no,"ga sakit liog gid ko",synonym,active
neck_pain,"Neck Pain",musculoskeletal,3,0,3,no,"ga sakit liog ko",synonym,active
neck_pain,"Neck Pain",musculoskeletal,3,0,3,no,"ga sakit liog ko gid",synonym,active
neck_pain,"Neck Pain",musculoskeletal,3,0,3,no,"ga sakit liog ko man",synonym,active
neck_pain,"Neck Pain",musculoskeletal,3,0,3,no,"ga sakit liog man",synonym,active
neck_pain,"Neck Pain",musculoskeletal,3,0,3,no,"ga sakit liog subong",synonym,active
neck_pain,"Neck Pain",musculoskeletal,3,0,3,no,"gasakit akon liog",synonym,active
neck_pain,"Neck Pain",musculoskeletal,3,0,3,no,"gasakit liog ako",synonym,active
neck_pain,"Neck Pain",musculoskeletal,3,0,3,no,"gasakit liog akon",synonym,active
neck_pain,"Neck Pain",musculoskeletal,3,0,3,no,"gasakit liog akon gid",synonym,active
neck_pain,"Neck Pain",musculoskeletal,3,0,3,no,"gasakit liog akon subong",synonym,active
neck_pain,"Neck Pain",musculoskeletal,3,0,3,no,"gasakit liog gid ko",synonym,active
neck_pain,"Neck Pain",musculoskeletal,3,0,3,no,"gasakit liog ko",synonym,active
neck_pain,"Neck Pain",musculoskeletal,3,0,3,no,"gasakit liog ko gid",synonym,active
neck_pain,"Neck Pain",musculoskeletal,3,0,3,no,"gasakit liog ko man",synonym,active
neck_pain,"Neck Pain",musculoskeletal,3,0,3,no,"gasakit liog man",synonym,active
neck_pain,"Neck Pain",musculoskeletal,3,0,3,no,"gasakit liog subong",synonym,active
neck_pain,"Neck Pain",musculoskeletal,3,0,3,no,"ginasakit akon liog",synonym,active
neck_pain,"Neck Pain",musculoskeletal,3,0,3,no,"ginasakit liog ako",synonym,active
neck_pain,"Neck Pain",musculoskeletal,3,0,3,no,"ginasakit liog akon",synonym,active
neck_pain,"Neck Pain",musculoskeletal,3,0,3,no,"ginasakit liog akon gid",synonym,active
neck_pain,"Neck Pain",musculoskeletal,3,0,3,no,"ginasakit liog akon subong",synonym,active
neck_pain,"Neck Pain",musculoskeletal,3,0,3,no,"ginasakit liog gid ko",synonym,active
neck_pain,"Neck Pain",musculoskeletal,3,0,3,no,"ginasakit liog ko",synonym,active
neck_pain,"Neck Pain",musculoskeletal,3,0,3,no,"ginasakit liog ko gid",synonym,active
neck_pain,"Neck Pain",musculoskeletal,3,0,3,no,"ginasakit liog ko man",synonym,active
neck_pain,"Neck Pain",musculoskeletal,3,0,3,no,"ginasakit liog man",synonym,active
neck_pain,"Neck Pain",musculoskeletal,3,0,3,no,"ginasakit liog subong",synonym,active
neck_pain,"Neck Pain",musculoskeletal,3,0,3,no,"hapdi akon liog",synonym,active
neck_pain,"Neck Pain",musculoskeletal,3,0,3,no,"hapdi liog ako",synonym,active
neck_pain,"Neck Pain",musculoskeletal,3,0,3,no,"hapdi liog akon",synonym,active
neck_pain,"Neck Pain",musculoskeletal,3,0,3,no,"hapdi liog akon gid",synonym,active
neck_pain,"Neck Pain",musculoskeletal,3,0,3,no,"hapdi liog akon subong",synonym,active
neck_pain,"Neck Pain",musculoskeletal,3,0,3,no,"hapdi liog gid ko",synonym,active
neck_pain,"Neck Pain",musculoskeletal,3,0,3,no,"hapdi liog ko",synonym,active
neck_pain,"Neck Pain",musculoskeletal,3,0,3,no,"hapdi liog ko gid",synonym,active
neck_pain,"Neck Pain",musculoskeletal,3,0,3,no,"hapdi liog ko man",synonym,active
neck_pain,"Neck Pain",musculoskeletal,3,0,3,no,"hapdi liog man",synonym,active
neck_pain,"Neck Pain",musculoskeletal,3,0,3,no,"hapdi liog subong",synonym,active
neck_pain,"Neck Pain",musculoskeletal,3,0,3,no,"masakit akon liog",synonym,active
neck_pain,"Neck Pain",musculoskeletal,3,0,3,no,"masakit kon maglihok liog ako",synonym,active
neck_pain,"Neck Pain",musculoskeletal,3,0,3,no,"masakit kon maglihok liog akon",synonym,active
neck_pain,"Neck Pain",musculoskeletal,3,0,3,no,"masakit kon maglihok liog akon gid",synonym,active
neck_pain,"Neck Pain",musculoskeletal,3,0,3,no,"masakit kon maglihok liog akon subong",synonym,active
neck_pain,"Neck Pain",musculoskeletal,3,0,3,no,"masakit kon maglihok liog ko",synonym,active
neck_pain,"Neck Pain",musculoskeletal,3,0,3,no,"masakit kon maglihok liog ko gid",synonym,active
neck_pain,"Neck Pain",musculoskeletal,3,0,3,no,"masakit kon maglihok liog ko man",synonym,active
neck_pain,"Neck Pain",musculoskeletal,3,0,3,no,"masakit liog ako",synonym,active
neck_pain,"Neck Pain",musculoskeletal,3,0,3,no,"masakit liog akon",synonym,active
neck_pain,"Neck Pain",musculoskeletal,3,0,3,no,"masakit liog akon gid",synonym,active
neck_pain,"Neck Pain",musculoskeletal,3,0,3,no,"masakit liog akon subong",synonym,active
neck_pain,"Neck Pain",musculoskeletal,3,0,3,no,"masakit liog gid ko",synonym,active
neck_pain,"Neck Pain",musculoskeletal,3,0,3,no,"masakit liog ko",synonym,active
neck_pain,"Neck Pain",musculoskeletal,3,0,3,no,"masakit liog ko gid",synonym,active
neck_pain,"Neck Pain",musculoskeletal,3,0,3,no,"masakit liog ko man",synonym,active
neck_pain,"Neck Pain",musculoskeletal,3,0,3,no,"masakit liog man",synonym,active
neck_pain,"Neck Pain",musculoskeletal,3,0,3,no,"masakit liog subong",synonym,active
neck_pain,"Neck Pain",musculoskeletal,3,0,3,no,"masakit paglihok liog ako",synonym,active
neck_pain,"Neck Pain",musculoskeletal,3,0,3,no,"masakit paglihok liog akon",synonym,active
neck_pain,"Neck Pain",musculoskeletal,3,0,3,no,"masakit paglihok liog akon gid",synonym,active
neck_pain,"Neck Pain",musculoskeletal,3,0,3,no,"masakit paglihok liog akon subong",synonym,active
neck_pain,"Neck Pain",musculoskeletal,3,0,3,no,"masakit paglihok liog ko",synonym,active
neck_pain,"Neck Pain",musculoskeletal,3,0,3,no,"masakit paglihok liog ko gid",synonym,active
neck_pain,"Neck Pain",musculoskeletal,3,0,3,no,"masakit paglihok liog ko man",synonym,active
neck_pain,"Neck Pain",musculoskeletal,3,0,3,no,"sakit akon liog",synonym,active
neck_pain,"Neck Pain",musculoskeletal,3,0,3,no,"sakit gid akon liog",synonym,active
neck_pain,"Neck Pain",musculoskeletal,3,0,3,no,"sakit gid liog ako",synonym,active
neck_pain,"Neck Pain",musculoskeletal,3,0,3,no,"sakit gid liog akon",synonym,active
neck_pain,"Neck Pain",musculoskeletal,3,0,3,no,"sakit gid liog akon gid",synonym,active
neck_pain,"Neck Pain",musculoskeletal,3,0,3,no,"sakit gid liog akon subong",synonym,active
neck_pain,"Neck Pain",musculoskeletal,3,0,3,no,"sakit gid liog gid ko",synonym,active
neck_pain,"Neck Pain",musculoskeletal,3,0,3,no,"sakit gid liog ko",synonym,active
neck_pain,"Neck Pain",musculoskeletal,3,0,3,no,"sakit gid liog ko gid",synonym,active
neck_pain,"Neck Pain",musculoskeletal,3,0,3,no,"sakit gid liog ko man",synonym,active
neck_pain,"Neck Pain",musculoskeletal,3,0,3,no,"sakit gid liog man",synonym,active
neck_pain,"Neck Pain",musculoskeletal,3,0,3,no,"sakit gid liog subong",synonym,active
neck_pain,"Neck Pain",musculoskeletal,3,0,3,no,"sakit liog ako",synonym,active
neck_pain,"Neck Pain",musculoskeletal,3,0,3,no,"sakit liog akon",synonym,active
neck_pain,"Neck Pain",musculoskeletal,3,0,3,no,"sakit liog akon gid",synonym,active
neck_pain,"Neck Pain",musculoskeletal,3,0,3,no,"sakit liog akon subong",synonym,active
neck_pain,"Neck Pain",musculoskeletal,3,0,3,no,"sakit liog gid ko",synonym,active
neck_pain,"Neck Pain",musculoskeletal,3,0,3,no,"sakit liog ko",synonym,active
neck_pain,"Neck Pain",musculoskeletal,3,0,3,no,"sakit liog ko gid",synonym,active
neck_pain,"Neck Pain",musculoskeletal,3,0,3,no,"sakit liog ko man",synonym,active
neck_pain,"Neck Pain",musculoskeletal,3,0,3,no,"sakit liog man",synonym,active
neck_pain,"Neck Pain",musculoskeletal,3,0,3,no,"sakit liog subong",synonym,active
neck_pain,"Neck Pain",musculoskeletal,3,0,3,no,"sakit sa liog ko",synonym,active
neck_pain,"Neck Pain",musculoskeletal,3,0,3,no,"sakit sang liog",synonym,active
neck_pain,"Neck Pain",musculoskeletal,3,0,3,no,"ginasakit ang liog",synonym,active
neck_pain,"Neck Pain",musculoskeletal,3,0,3,no,"sakit liog",synonym,active
neck_pain,"Neck Pain",musculoskeletal,3,0,3,no,"sakti liog",synonym,active
neck_pain,"Neck Pain",musculoskeletal,3,0,3,no,"masakit ang neck pain",synonym,active
neck_pain,"Neck Pain",musculoskeletal,3,0,3,no,neck_pain,concept_id,active
shoulder_pain,"Shoulder Pain",musculoskeletal,3,0,3,no,"shoulder pain",canonical,active
shoulder_pain,"Shoulder Pain",musculoskeletal,3,0,3,no,shoulder,synonym,active
shoulder_pain,"Shoulder Pain",musculoskeletal,3,0,3,no,pain,synonym,active
shoulder_pain,"Shoulder Pain",musculoskeletal,3,0,3,no,"may shoulder pain",synonym,active
shoulder_pain,"Shoulder Pain",musculoskeletal,3,0,3,no,"masakit shoulder pain",synonym,active
shoulder_pain,"Shoulder Pain",musculoskeletal,3,0,3,no,"ga sakit abaga ako",synonym,active
shoulder_pain,"Shoulder Pain",musculoskeletal,3,0,3,no,"ga sakit abaga akon",synonym,active
shoulder_pain,"Shoulder Pain",musculoskeletal,3,0,3,no,"ga sakit abaga akon gid",synonym,active
shoulder_pain,"Shoulder Pain",musculoskeletal,3,0,3,no,"ga sakit abaga akon subong",synonym,active
shoulder_pain,"Shoulder Pain",musculoskeletal,3,0,3,no,"ga sakit abaga gid ko",synonym,active
shoulder_pain,"Shoulder Pain",musculoskeletal,3,0,3,no,"ga sakit abaga ko",synonym,active
shoulder_pain,"Shoulder Pain",musculoskeletal,3,0,3,no,"ga sakit abaga ko gid",synonym,active
shoulder_pain,"Shoulder Pain",musculoskeletal,3,0,3,no,"ga sakit abaga ko man",synonym,active
shoulder_pain,"Shoulder Pain",musculoskeletal,3,0,3,no,"ga sakit abaga man",synonym,active
shoulder_pain,"Shoulder Pain",musculoskeletal,3,0,3,no,"ga sakit abaga subong",synonym,active
shoulder_pain,"Shoulder Pain",musculoskeletal,3,0,3,no,"ga sakit akon abaga",synonym,active
shoulder_pain,"Shoulder Pain",musculoskeletal,3,0,3,no,"gasakit abaga ako",synonym,active
shoulder_pain,"Shoulder Pain",musculoskeletal,3,0,3,no,"gasakit abaga akon",synonym,active
shoulder_pain,"Shoulder Pain",musculoskeletal,3,0,3,no,"gasakit abaga akon gid",synonym,active
shoulder_pain,"Shoulder Pain",musculoskeletal,3,0,3,no,"gasakit abaga akon subong",synonym,active
shoulder_pain,"Shoulder Pain",musculoskeletal,3,0,3,no,"gasakit abaga gid ko",synonym,active
shoulder_pain,"Shoulder Pain",musculoskeletal,3,0,3,no,"gasakit abaga ko",synonym,active
shoulder_pain,"Shoulder Pain",musculoskeletal,3,0,3,no,"gasakit abaga ko gid",synonym,active
shoulder_pain,"Shoulder Pain",musculoskeletal,3,0,3,no,"gasakit abaga ko man",synonym,active
shoulder_pain,"Shoulder Pain",musculoskeletal,3,0,3,no,"gasakit abaga man",synonym,active
shoulder_pain,"Shoulder Pain",musculoskeletal,3,0,3,no,"gasakit abaga subong",synonym,active
shoulder_pain,"Shoulder Pain",musculoskeletal,3,0,3,no,"gasakit akon abaga",synonym,active
shoulder_pain,"Shoulder Pain",musculoskeletal,3,0,3,no,"ginasakit abaga ako",synonym,active
shoulder_pain,"Shoulder Pain",musculoskeletal,3,0,3,no,"ginasakit abaga akon",synonym,active
shoulder_pain,"Shoulder Pain",musculoskeletal,3,0,3,no,"ginasakit abaga akon gid",synonym,active
shoulder_pain,"Shoulder Pain",musculoskeletal,3,0,3,no,"ginasakit abaga akon subong",synonym,active
shoulder_pain,"Shoulder Pain",musculoskeletal,3,0,3,no,"ginasakit abaga gid ko",synonym,active
shoulder_pain,"Shoulder Pain",musculoskeletal,3,0,3,no,"ginasakit abaga ko",synonym,active
shoulder_pain,"Shoulder Pain",musculoskeletal,3,0,3,no,"ginasakit abaga ko gid",synonym,active
shoulder_pain,"Shoulder Pain",musculoskeletal,3,0,3,no,"ginasakit abaga ko man",synonym,active
shoulder_pain,"Shoulder Pain",musculoskeletal,3,0,3,no,"ginasakit abaga man",synonym,active
shoulder_pain,"Shoulder Pain",musculoskeletal,3,0,3,no,"ginasakit abaga subong",synonym,active
shoulder_pain,"Shoulder Pain",musculoskeletal,3,0,3,no,"ginasakit akon abaga",synonym,active
shoulder_pain,"Shoulder Pain",musculoskeletal,3,0,3,no,"hapdi abaga ako",synonym,active
shoulder_pain,"Shoulder Pain",musculoskeletal,3,0,3,no,"hapdi abaga akon",synonym,active
shoulder_pain,"Shoulder Pain",musculoskeletal,3,0,3,no,"hapdi abaga akon gid",synonym,active
shoulder_pain,"Shoulder Pain",musculoskeletal,3,0,3,no,"hapdi abaga akon subong",synonym,active
shoulder_pain,"Shoulder Pain",musculoskeletal,3,0,3,no,"hapdi abaga gid ko",synonym,active
shoulder_pain,"Shoulder Pain",musculoskeletal,3,0,3,no,"hapdi abaga ko",synonym,active
shoulder_pain,"Shoulder Pain",musculoskeletal,3,0,3,no,"hapdi abaga ko gid",synonym,active
shoulder_pain,"Shoulder Pain",musculoskeletal,3,0,3,no,"hapdi abaga ko man",synonym,active
shoulder_pain,"Shoulder Pain",musculoskeletal,3,0,3,no,"hapdi abaga man",synonym,active
shoulder_pain,"Shoulder Pain",musculoskeletal,3,0,3,no,"hapdi abaga subong",synonym,active
shoulder_pain,"Shoulder Pain",musculoskeletal,3,0,3,no,"hapdi akon abaga",synonym,active
shoulder_pain,"Shoulder Pain",musculoskeletal,3,0,3,no,"masakit abaga ako",synonym,active
shoulder_pain,"Shoulder Pain",musculoskeletal,3,0,3,no,"masakit abaga akon",synonym,active
shoulder_pain,"Shoulder Pain",musculoskeletal,3,0,3,no,"masakit abaga akon gid",synonym,active
shoulder_pain,"Shoulder Pain",musculoskeletal,3,0,3,no,"masakit abaga akon subong",synonym,active
shoulder_pain,"Shoulder Pain",musculoskeletal,3,0,3,no,"masakit abaga gid ko",synonym,active
shoulder_pain,"Shoulder Pain",musculoskeletal,3,0,3,no,"masakit abaga ko",synonym,active
shoulder_pain,"Shoulder Pain",musculoskeletal,3,0,3,no,"masakit abaga ko gid",synonym,active
shoulder_pain,"Shoulder Pain",musculoskeletal,3,0,3,no,"masakit abaga ko man",synonym,active
shoulder_pain,"Shoulder Pain",musculoskeletal,3,0,3,no,"masakit abaga man",synonym,active
shoulder_pain,"Shoulder Pain",musculoskeletal,3,0,3,no,"masakit abaga subong",synonym,active
shoulder_pain,"Shoulder Pain",musculoskeletal,3,0,3,no,"masakit akon abaga",synonym,active
shoulder_pain,"Shoulder Pain",musculoskeletal,3,0,3,no,"masakit kon maglihok abaga ako",synonym,active
shoulder_pain,"Shoulder Pain",musculoskeletal,3,0,3,no,"masakit kon maglihok abaga akon",synonym,active
shoulder_pain,"Shoulder Pain",musculoskeletal,3,0,3,no,"masakit kon maglihok abaga akon gid",synonym,active
shoulder_pain,"Shoulder Pain",musculoskeletal,3,0,3,no,"masakit kon maglihok abaga akon subong",synonym,active
shoulder_pain,"Shoulder Pain",musculoskeletal,3,0,3,no,"masakit kon maglihok abaga ko",synonym,active
shoulder_pain,"Shoulder Pain",musculoskeletal,3,0,3,no,"masakit kon maglihok abaga ko gid",synonym,active
shoulder_pain,"Shoulder Pain",musculoskeletal,3,0,3,no,"masakit kon maglihok abaga ko man",synonym,active
shoulder_pain,"Shoulder Pain",musculoskeletal,3,0,3,no,"masakit paglihok abaga ako",synonym,active
shoulder_pain,"Shoulder Pain",musculoskeletal,3,0,3,no,"masakit paglihok abaga akon",synonym,active
shoulder_pain,"Shoulder Pain",musculoskeletal,3,0,3,no,"masakit paglihok abaga akon gid",synonym,active
shoulder_pain,"Shoulder Pain",musculoskeletal,3,0,3,no,"masakit paglihok abaga akon subong",synonym,active
shoulder_pain,"Shoulder Pain",musculoskeletal,3,0,3,no,"masakit paglihok abaga ko",synonym,active
shoulder_pain,"Shoulder Pain",musculoskeletal,3,0,3,no,"masakit paglihok abaga ko gid",synonym,active
shoulder_pain,"Shoulder Pain",musculoskeletal,3,0,3,no,"masakit paglihok abaga ko man",synonym,active
shoulder_pain,"Shoulder Pain",musculoskeletal,3,0,3,no,"sakit abaga ako",synonym,active
shoulder_pain,"Shoulder Pain",musculoskeletal,3,0,3,no,"sakit abaga akon",synonym,active
shoulder_pain,"Shoulder Pain",musculoskeletal,3,0,3,no,"sakit abaga akon gid",synonym,active
shoulder_pain,"Shoulder Pain",musculoskeletal,3,0,3,no,"sakit abaga akon subong",synonym,active
shoulder_pain,"Shoulder Pain",musculoskeletal,3,0,3,no,"sakit abaga gid ko",synonym,active
shoulder_pain,"Shoulder Pain",musculoskeletal,3,0,3,no,"sakit abaga ko",synonym,active
shoulder_pain,"Shoulder Pain",musculoskeletal,3,0,3,no,"sakit abaga ko gid",synonym,active
shoulder_pain,"Shoulder Pain",musculoskeletal,3,0,3,no,"sakit abaga ko man",synonym,active
shoulder_pain,"Shoulder Pain",musculoskeletal,3,0,3,no,"sakit abaga man",synonym,active
shoulder_pain,"Shoulder Pain",musculoskeletal,3,0,3,no,"sakit abaga subong",synonym,active
shoulder_pain,"Shoulder Pain",musculoskeletal,3,0,3,no,"sakit akon abaga",synonym,active
shoulder_pain,"Shoulder Pain",musculoskeletal,3,0,3,no,"sakit gid abaga ako",synonym,active
shoulder_pain,"Shoulder Pain",musculoskeletal,3,0,3,no,"sakit gid abaga akon",synonym,active
shoulder_pain,"Shoulder Pain",musculoskeletal,3,0,3,no,"sakit gid abaga akon gid",synonym,active
shoulder_pain,"Shoulder Pain",musculoskeletal,3,0,3,no,"sakit gid abaga akon subong",synonym,active
shoulder_pain,"Shoulder Pain",musculoskeletal,3,0,3,no,"sakit gid abaga gid ko",synonym,active
shoulder_pain,"Shoulder Pain",musculoskeletal,3,0,3,no,"sakit gid abaga ko",synonym,active
shoulder_pain,"Shoulder Pain",musculoskeletal,3,0,3,no,"sakit gid abaga ko gid",synonym,active
shoulder_pain,"Shoulder Pain",musculoskeletal,3,0,3,no,"sakit gid abaga ko man",synonym,active
shoulder_pain,"Shoulder Pain",musculoskeletal,3,0,3,no,"sakit gid abaga man",synonym,active
shoulder_pain,"Shoulder Pain",musculoskeletal,3,0,3,no,"sakit gid abaga subong",synonym,active
shoulder_pain,"Shoulder Pain",musculoskeletal,3,0,3,no,"sakit gid akon abaga",synonym,active
shoulder_pain,"Shoulder Pain",musculoskeletal,3,0,3,no,"sakit sa abaga ko",synonym,active
shoulder_pain,"Shoulder Pain",musculoskeletal,3,0,3,no,"masakit ang shoulder pain",synonym,active
shoulder_pain,"Shoulder Pain",musculoskeletal,3,0,3,no,shoulder_pain,concept_id,active
hip_pain,"Hip Pain",musculoskeletal,3,0,3,no,"hip pain",canonical,active
hip_pain,"Hip Pain",musculoskeletal,3,0,3,no,hip,synonym,active
hip_pain,"Hip Pain",musculoskeletal,3,0,3,no,pain,synonym,active
hip_pain,"Hip Pain",musculoskeletal,3,0,3,no,"may hip pain",synonym,active
hip_pain,"Hip Pain",musculoskeletal,3,0,3,no,"masakit hip pain",synonym,active
hip_pain,"Hip Pain",musculoskeletal,3,0,3,no,"masakit ang hip pain",synonym,active
hip_pain,"Hip Pain",musculoskeletal,3,0,3,no,hip_pain,concept_id,active
knee_pain,"Knee Pain",musculoskeletal,3,0,3,no,"knee pain",canonical,active
knee_pain,"Knee Pain",musculoskeletal,3,0,3,no,knee,synonym,active
knee_pain,"Knee Pain",musculoskeletal,3,0,3,no,pain,synonym,active
knee_pain,"Knee Pain",musculoskeletal,3,0,3,no,"may knee pain",synonym,active
knee_pain,"Knee Pain",musculoskeletal,3,0,3,no,"masakit knee pain",synonym,active
knee_pain,"Knee Pain",musculoskeletal,3,0,3,no,"ga sakit akon tuhod",synonym,active
knee_pain,"Knee Pain",musculoskeletal,3,0,3,no,"ga sakit tuhod akon",synonym,active
knee_pain,"Knee Pain",musculoskeletal,3,0,3,no,"ga sakit tuhod gid ko",synonym,active
knee_pain,"Knee Pain",musculoskeletal,3,0,3,no,"ga sakit tuhod ko",synonym,active
knee_pain,"Knee Pain",musculoskeletal,3,0,3,no,"ga sakit tuhod man",synonym,active
knee_pain,"Knee Pain",musculoskeletal,3,0,3,no,"ga sakit tuhod subong",synonym,active
knee_pain,"Knee Pain",musculoskeletal,3,0,3,no,"gasakit akon tuhod",synonym,active
knee_pain,"Knee Pain",musculoskeletal,3,0,3,no,"gasakit tuhod ako",synonym,active
knee_pain,"Knee Pain",musculoskeletal,3,0,3,no,"gasakit tuhod akon",synonym,active
knee_pain,"Knee Pain",musculoskeletal,3,0,3,no,"gasakit tuhod akon gid",synonym,active
knee_pain,"Knee Pain",musculoskeletal,3,0,3,no,"gasakit tuhod akon subong",synonym,active
knee_pain,"Knee Pain",musculoskeletal,3,0,3,no,"gasakit tuhod gid ko",synonym,active
knee_pain,"Knee Pain",musculoskeletal,3,0,3,no,"gasakit tuhod ko",synonym,active
knee_pain,"Knee Pain",musculoskeletal,3,0,3,no,"gasakit tuhod ko gid",synonym,active
knee_pain,"Knee Pain",musculoskeletal,3,0,3,no,"gasakit tuhod ko man",synonym,active
knee_pain,"Knee Pain",musculoskeletal,3,0,3,no,"gasakit tuhod man",synonym,active
knee_pain,"Knee Pain",musculoskeletal,3,0,3,no,"gasakit tuhod subong",synonym,active
knee_pain,"Knee Pain",musculoskeletal,3,0,3,no,"ginasakit akon tuhod",synonym,active
knee_pain,"Knee Pain",musculoskeletal,3,0,3,no,"ginasakit tuhod akon",synonym,active
knee_pain,"Knee Pain",musculoskeletal,3,0,3,no,"ginasakit tuhod gid ko",synonym,active
knee_pain,"Knee Pain",musculoskeletal,3,0,3,no,"ginasakit tuhod ko",synonym,active
knee_pain,"Knee Pain",musculoskeletal,3,0,3,no,"ginasakit tuhod man",synonym,active
knee_pain,"Knee Pain",musculoskeletal,3,0,3,no,"ginasakit tuhod subong",synonym,active
knee_pain,"Knee Pain",musculoskeletal,3,0,3,no,"hapdi akon tuhod",synonym,active
knee_pain,"Knee Pain",musculoskeletal,3,0,3,no,"hapdi tuhod ako",synonym,active
knee_pain,"Knee Pain",musculoskeletal,3,0,3,no,"hapdi tuhod akon",synonym,active
knee_pain,"Knee Pain",musculoskeletal,3,0,3,no,"hapdi tuhod akon gid",synonym,active
knee_pain,"Knee Pain",musculoskeletal,3,0,3,no,"hapdi tuhod akon subong",synonym,active
knee_pain,"Knee Pain",musculoskeletal,3,0,3,no,"hapdi tuhod gid ko",synonym,active
knee_pain,"Knee Pain",musculoskeletal,3,0,3,no,"hapdi tuhod ko",synonym,active
knee_pain,"Knee Pain",musculoskeletal,3,0,3,no,"hapdi tuhod ko gid",synonym,active
knee_pain,"Knee Pain",musculoskeletal,3,0,3,no,"hapdi tuhod ko man",synonym,active
knee_pain,"Knee Pain",musculoskeletal,3,0,3,no,"hapdi tuhod man",synonym,active
knee_pain,"Knee Pain",musculoskeletal,3,0,3,no,"hapdi tuhod subong",synonym,active
knee_pain,"Knee Pain",musculoskeletal,3,0,3,no,"masakit akon tuhod",synonym,active
knee_pain,"Knee Pain",musculoskeletal,3,0,3,no,"masakit tuhod ako",synonym,active
knee_pain,"Knee Pain",musculoskeletal,3,0,3,no,"masakit tuhod akon",synonym,active
knee_pain,"Knee Pain",musculoskeletal,3,0,3,no,"masakit tuhod akon gid",synonym,active
knee_pain,"Knee Pain",musculoskeletal,3,0,3,no,"masakit tuhod akon subong",synonym,active
knee_pain,"Knee Pain",musculoskeletal,3,0,3,no,"masakit tuhod gid ko",synonym,active
knee_pain,"Knee Pain",musculoskeletal,3,0,3,no,"masakit tuhod ko",synonym,active
knee_pain,"Knee Pain",musculoskeletal,3,0,3,no,"masakit tuhod ko gid",synonym,active
knee_pain,"Knee Pain",musculoskeletal,3,0,3,no,"masakit tuhod ko man",synonym,active
knee_pain,"Knee Pain",musculoskeletal,3,0,3,no,"masakit tuhod man",synonym,active
knee_pain,"Knee Pain",musculoskeletal,3,0,3,no,"masakit tuhod subong",synonym,active
knee_pain,"Knee Pain",musculoskeletal,3,0,3,no,"sakit akon tuhod",synonym,active
knee_pain,"Knee Pain",musculoskeletal,3,0,3,no,"sakit gid akon tuhod",synonym,active
knee_pain,"Knee Pain",musculoskeletal,3,0,3,no,"sakit gid tuhod akon",synonym,active
knee_pain,"Knee Pain",musculoskeletal,3,0,3,no,"sakit gid tuhod gid ko",synonym,active
knee_pain,"Knee Pain",musculoskeletal,3,0,3,no,"sakit gid tuhod ko",synonym,active
knee_pain,"Knee Pain",musculoskeletal,3,0,3,no,"sakit gid tuhod man",synonym,active
knee_pain,"Knee Pain",musculoskeletal,3,0,3,no,"sakit gid tuhod subong",synonym,active
knee_pain,"Knee Pain",musculoskeletal,3,0,3,no,"sakit sa tuhod",synonym,active
knee_pain,"Knee Pain",musculoskeletal,3,0,3,no,"sakit sa tuhod ko",synonym,active
knee_pain,"Knee Pain",musculoskeletal,3,0,3,no,"sakit tuhod ako",synonym,active
knee_pain,"Knee Pain",musculoskeletal,3,0,3,no,"sakit tuhod akon",synonym,active
knee_pain,"Knee Pain",musculoskeletal,3,0,3,no,"sakit tuhod akon gid",synonym,active
knee_pain,"Knee Pain",musculoskeletal,3,0,3,no,"sakit tuhod akon subong",synonym,active
knee_pain,"Knee Pain",musculoskeletal,3,0,3,no,"sakit tuhod gid ko",synonym,active
knee_pain,"Knee Pain",musculoskeletal,3,0,3,no,"sakit tuhod ko",synonym,active
knee_pain,"Knee Pain",musculoskeletal,3,0,3,no,"sakit tuhod ko gid",synonym,active
knee_pain,"Knee Pain",musculoskeletal,3,0,3,no,"sakit tuhod ko man",synonym,active
knee_pain,"Knee Pain",musculoskeletal,3,0,3,no,"sakit tuhod man",synonym,active
knee_pain,"Knee Pain",musculoskeletal,3,0,3,no,"sakit tuhod subong",synonym,active
knee_pain,"Knee Pain",musculoskeletal,3,0,3,no,"sakit sang tuhod",synonym,active
knee_pain,"Knee Pain",musculoskeletal,3,0,3,no,"ginasakit ang tuhod",synonym,active
knee_pain,"Knee Pain",musculoskeletal,3,0,3,no,"sakit tuhod",synonym,active
knee_pain,"Knee Pain",musculoskeletal,3,0,3,no,"masakit ang knee pain",synonym,active
knee_pain,"Knee Pain",musculoskeletal,3,0,3,no,knee_pain,concept_id,active
ankle_pain,"Ankle Pain",musculoskeletal,2,0,2,no,"ankle pain",canonical,active
ankle_pain,"Ankle Pain",musculoskeletal,2,0,2,no,ankle,synonym,active
ankle_pain,"Ankle Pain",musculoskeletal,2,0,2,no,pain,synonym,active
ankle_pain,"Ankle Pain",musculoskeletal,2,0,2,no,"may ankle pain",synonym,active
ankle_pain,"Ankle Pain",musculoskeletal,2,0,2,no,"masakit ankle pain",synonym,active
ankle_pain,"Ankle Pain",musculoskeletal,2,0,2,no,"ga sakit akon tungtong",synonym,active
ankle_pain,"Ankle Pain",musculoskeletal,2,0,2,no,"ga sakit tungtong ako",synonym,active
ankle_pain,"Ankle Pain",musculoskeletal,2,0,2,no,"ga sakit tungtong akon",synonym,active
ankle_pain,"Ankle Pain",musculoskeletal,2,0,2,no,"ga sakit tungtong akon gid",synonym,active
ankle_pain,"Ankle Pain",musculoskeletal,2,0,2,no,"ga sakit tungtong akon subong",synonym,active
ankle_pain,"Ankle Pain",musculoskeletal,2,0,2,no,"ga sakit tungtong gid ko",synonym,active
ankle_pain,"Ankle Pain",musculoskeletal,2,0,2,no,"ga sakit tungtong ko",synonym,active
ankle_pain,"Ankle Pain",musculoskeletal,2,0,2,no,"ga sakit tungtong ko gid",synonym,active
ankle_pain,"Ankle Pain",musculoskeletal,2,0,2,no,"ga sakit tungtong ko man",synonym,active
ankle_pain,"Ankle Pain",musculoskeletal,2,0,2,no,"ga sakit tungtong man",synonym,active
ankle_pain,"Ankle Pain",musculoskeletal,2,0,2,no,"ga sakit tungtong subong",synonym,active
ankle_pain,"Ankle Pain",musculoskeletal,2,0,2,no,"gasakit akon tungtong",synonym,active
ankle_pain,"Ankle Pain",musculoskeletal,2,0,2,no,"gasakit tungtong ako",synonym,active
ankle_pain,"Ankle Pain",musculoskeletal,2,0,2,no,"gasakit tungtong akon",synonym,active
ankle_pain,"Ankle Pain",musculoskeletal,2,0,2,no,"gasakit tungtong akon gid",synonym,active
ankle_pain,"Ankle Pain",musculoskeletal,2,0,2,no,"gasakit tungtong akon subong",synonym,active
ankle_pain,"Ankle Pain",musculoskeletal,2,0,2,no,"gasakit tungtong gid ko",synonym,active
ankle_pain,"Ankle Pain",musculoskeletal,2,0,2,no,"gasakit tungtong ko",synonym,active
ankle_pain,"Ankle Pain",musculoskeletal,2,0,2,no,"gasakit tungtong ko gid",synonym,active
ankle_pain,"Ankle Pain",musculoskeletal,2,0,2,no,"gasakit tungtong ko man",synonym,active
ankle_pain,"Ankle Pain",musculoskeletal,2,0,2,no,"gasakit tungtong man",synonym,active
ankle_pain,"Ankle Pain",musculoskeletal,2,0,2,no,"gasakit tungtong subong",synonym,active
ankle_pain,"Ankle Pain",musculoskeletal,2,0,2,no,"ginasakit akon tungtong",synonym,active
ankle_pain,"Ankle Pain",musculoskeletal,2,0,2,no,"ginasakit tungtong ako",synonym,active
ankle_pain,"Ankle Pain",musculoskeletal,2,0,2,no,"ginasakit tungtong akon",synonym,active
ankle_pain,"Ankle Pain",musculoskeletal,2,0,2,no,"ginasakit tungtong akon gid",synonym,active
ankle_pain,"Ankle Pain",musculoskeletal,2,0,2,no,"ginasakit tungtong akon subong",synonym,active
ankle_pain,"Ankle Pain",musculoskeletal,2,0,2,no,"ginasakit tungtong gid ko",synonym,active
ankle_pain,"Ankle Pain",musculoskeletal,2,0,2,no,"ginasakit tungtong ko",synonym,active
ankle_pain,"Ankle Pain",musculoskeletal,2,0,2,no,"ginasakit tungtong ko gid",synonym,active
ankle_pain,"Ankle Pain",musculoskeletal,2,0,2,no,"ginasakit tungtong ko man",synonym,active
ankle_pain,"Ankle Pain",musculoskeletal,2,0,2,no,"ginasakit tungtong man",synonym,active
ankle_pain,"Ankle Pain",musculoskeletal,2,0,2,no,"ginasakit tungtong subong",synonym,active
ankle_pain,"Ankle Pain",musculoskeletal,2,0,2,no,"hapdi akon tungtong",synonym,active
ankle_pain,"Ankle Pain",musculoskeletal,2,0,2,no,"hapdi tungtong ako",synonym,active
ankle_pain,"Ankle Pain",musculoskeletal,2,0,2,no,"hapdi tungtong akon",synonym,active
ankle_pain,"Ankle Pain",musculoskeletal,2,0,2,no,"hapdi tungtong akon gid",synonym,active
ankle_pain,"Ankle Pain",musculoskeletal,2,0,2,no,"hapdi tungtong akon subong",synonym,active
ankle_pain,"Ankle Pain",musculoskeletal,2,0,2,no,"hapdi tungtong gid ko",synonym,active
ankle_pain,"Ankle Pain",musculoskeletal,2,0,2,no,"hapdi tungtong ko",synonym,active
ankle_pain,"Ankle Pain",musculoskeletal,2,0,2,no,"hapdi tungtong ko gid",synonym,active
ankle_pain,"Ankle Pain",musculoskeletal,2,0,2,no,"hapdi tungtong ko man",synonym,active
ankle_pain,"Ankle Pain",musculoskeletal,2,0,2,no,"hapdi tungtong man",synonym,active
ankle_pain,"Ankle Pain",musculoskeletal,2,0,2,no,"hapdi tungtong subong",synonym,active
ankle_pain,"Ankle Pain",musculoskeletal,2,0,2,no,"masakit akon tungtong",synonym,active
ankle_pain,"Ankle Pain",musculoskeletal,2,0,2,no,"masakit kon maglihok tungtong ako",synonym,active
ankle_pain,"Ankle Pain",musculoskeletal,2,0,2,no,"masakit kon maglihok tungtong akon",synonym,active
ankle_pain,"Ankle Pain",musculoskeletal,2,0,2,no,"masakit kon maglihok tungtong akon gid",synonym,active
ankle_pain,"Ankle Pain",musculoskeletal,2,0,2,no,"masakit kon maglihok tungtong akon subong",synonym,active
ankle_pain,"Ankle Pain",musculoskeletal,2,0,2,no,"masakit kon maglihok tungtong ko",synonym,active
ankle_pain,"Ankle Pain",musculoskeletal,2,0,2,no,"masakit kon maglihok tungtong ko gid",synonym,active
ankle_pain,"Ankle Pain",musculoskeletal,2,0,2,no,"masakit kon maglihok tungtong ko man",synonym,active
ankle_pain,"Ankle Pain",musculoskeletal,2,0,2,no,"masakit paglihok tungtong ako",synonym,active
ankle_pain,"Ankle Pain",musculoskeletal,2,0,2,no,"masakit paglihok tungtong akon",synonym,active
ankle_pain,"Ankle Pain",musculoskeletal,2,0,2,no,"masakit paglihok tungtong akon gid",synonym,active
ankle_pain,"Ankle Pain",musculoskeletal,2,0,2,no,"masakit paglihok tungtong akon subong",synonym,active
ankle_pain,"Ankle Pain",musculoskeletal,2,0,2,no,"masakit paglihok tungtong ko",synonym,active
ankle_pain,"Ankle Pain",musculoskeletal,2,0,2,no,"masakit paglihok tungtong ko gid",synonym,active
ankle_pain,"Ankle Pain",musculoskeletal,2,0,2,no,"masakit paglihok tungtong ko man",synonym,active
ankle_pain,"Ankle Pain",musculoskeletal,2,0,2,no,"masakit tungtong ako",synonym,active
ankle_pain,"Ankle Pain",musculoskeletal,2,0,2,no,"masakit tungtong akon",synonym,active
ankle_pain,"Ankle Pain",musculoskeletal,2,0,2,no,"masakit tungtong akon gid",synonym,active
ankle_pain,"Ankle Pain",musculoskeletal,2,0,2,no,"masakit tungtong akon subong",synonym,active
ankle_pain,"Ankle Pain",musculoskeletal,2,0,2,no,"masakit tungtong gid ko",synonym,active
ankle_pain,"Ankle Pain",musculoskeletal,2,0,2,no,"masakit tungtong ko",synonym,active
ankle_pain,"Ankle Pain",musculoskeletal,2,0,2,no,"masakit tungtong ko gid",synonym,active
ankle_pain,"Ankle Pain",musculoskeletal,2,0,2,no,"masakit tungtong ko man",synonym,active
ankle_pain,"Ankle Pain",musculoskeletal,2,0,2,no,"masakit tungtong man",synonym,active
ankle_pain,"Ankle Pain",musculoskeletal,2,0,2,no,"masakit tungtong subong",synonym,active
ankle_pain,"Ankle Pain",musculoskeletal,2,0,2,no,"sakit akon tungtong",synonym,active
ankle_pain,"Ankle Pain",musculoskeletal,2,0,2,no,"sakit gid akon tungtong",synonym,active
ankle_pain,"Ankle Pain",musculoskeletal,2,0,2,no,"sakit gid tungtong ako",synonym,active
ankle_pain,"Ankle Pain",musculoskeletal,2,0,2,no,"sakit gid tungtong akon",synonym,active
ankle_pain,"Ankle Pain",musculoskeletal,2,0,2,no,"sakit gid tungtong akon gid",synonym,active
ankle_pain,"Ankle Pain",musculoskeletal,2,0,2,no,"sakit gid tungtong akon subong",synonym,active
ankle_pain,"Ankle Pain",musculoskeletal,2,0,2,no,"sakit gid tungtong gid ko",synonym,active
ankle_pain,"Ankle Pain",musculoskeletal,2,0,2,no,"sakit gid tungtong ko",synonym,active
ankle_pain,"Ankle Pain",musculoskeletal,2,0,2,no,"sakit gid tungtong ko gid",synonym,active
ankle_pain,"Ankle Pain",musculoskeletal,2,0,2,no,"sakit gid tungtong ko man",synonym,active
ankle_pain,"Ankle Pain",musculoskeletal,2,0,2,no,"sakit gid tungtong man",synonym,active
ankle_pain,"Ankle Pain",musculoskeletal,2,0,2,no,"sakit gid tungtong subong",synonym,active
ankle_pain,"Ankle Pain",musculoskeletal,2,0,2,no,"sakit sa tungtong ko",synonym,active
ankle_pain,"Ankle Pain",musculoskeletal,2,0,2,no,"sakit tungtong ako",synonym,active
ankle_pain,"Ankle Pain",musculoskeletal,2,0,2,no,"sakit tungtong akon",synonym,active
ankle_pain,"Ankle Pain",musculoskeletal,2,0,2,no,"sakit tungtong akon gid",synonym,active
ankle_pain,"Ankle Pain",musculoskeletal,2,0,2,no,"sakit tungtong akon subong",synonym,active
ankle_pain,"Ankle Pain",musculoskeletal,2,0,2,no,"sakit tungtong gid ko",synonym,active
ankle_pain,"Ankle Pain",musculoskeletal,2,0,2,no,"sakit tungtong ko",synonym,active
ankle_pain,"Ankle Pain",musculoskeletal,2,0,2,no,"sakit tungtong ko gid",synonym,active
ankle_pain,"Ankle Pain",musculoskeletal,2,0,2,no,"sakit tungtong ko man",synonym,active
ankle_pain,"Ankle Pain",musculoskeletal,2,0,2,no,"sakit tungtong man",synonym,active
ankle_pain,"Ankle Pain",musculoskeletal,2,0,2,no,"sakit tungtong subong",synonym,active
ankle_pain,"Ankle Pain",musculoskeletal,2,0,2,no,"masakit ang ankle pain",synonym,active
ankle_pain,"Ankle Pain",musculoskeletal,2,0,2,no,ankle_pain,concept_id,active
wrist_pain,"Wrist Pain",musculoskeletal,2,0,2,no,"wrist pain",canonical,active
wrist_pain,"Wrist Pain",musculoskeletal,2,0,2,no,wrist,synonym,active
wrist_pain,"Wrist Pain",musculoskeletal,2,0,2,no,pain,synonym,active
wrist_pain,"Wrist Pain",musculoskeletal,2,0,2,no,"may wrist pain",synonym,active
wrist_pain,"Wrist Pain",musculoskeletal,2,0,2,no,"masakit wrist pain",synonym,active
wrist_pain,"Wrist Pain",musculoskeletal,2,0,2,no,"masakit ang wrist pain",synonym,active
wrist_pain,"Wrist Pain",musculoskeletal,2,0,2,no,wrist_pain,concept_id,active
sprain,Sprain,musculoskeletal,3,0,3,no,sprain,canonical,active
sprain,Sprain,musculoskeletal,3,0,3,no,"may sprain",synonym,active
sprain,Sprain,musculoskeletal,3,0,3,no,"masakit sprain",synonym,active
sprain,Sprain,musculoskeletal,3,0,3,no,"nabalian ko",synonym,active
sprain,Sprain,musculoskeletal,3,0,3,no,"masakit ang sprain",synonym,active
suspected_fracture,"Suspected Fracture",musculoskeletal,6,0,6,no,"suspected fracture",canonical,active
suspected_fracture,"Suspected Fracture",musculoskeletal,6,0,6,no,suspected,synonym,active
suspected_fracture,"Suspected Fracture",musculoskeletal,6,0,6,no,fracture,synonym,active
suspected_fracture,"Suspected Fracture",musculoskeletal,6,0,6,no,"may suspected fracture",synonym,active
suspected_fracture,"Suspected Fracture",musculoskeletal,6,0,6,no,"masakit suspected fracture",synonym,active
suspected_fracture,"Suspected Fracture",musculoskeletal,6,0,6,no,"masakit ang suspected fracture",synonym,active
suspected_fracture,"Suspected Fracture",musculoskeletal,6,0,6,no,suspected_fracture,concept_id,active
dislocation,Dislocation,musculoskeletal,6,0,6,no,dislocation,canonical,active
dislocation,Dislocation,musculoskeletal,6,0,6,no,"may dislocation",synonym,active
dislocation,Dislocation,musculoskeletal,6,0,6,no,"masakit dislocation",synonym,active
dislocation,Dislocation,musculoskeletal,6,0,6,no,"masakit ang dislocation",synonym,active
muscle_weakness,"Muscle Weakness",musculoskeletal,4,0,4,no,"muscle weakness",canonical,active
muscle_weakness,"Muscle Weakness",musculoskeletal,4,0,4,no,muscle,synonym,active
muscle_weakness,"Muscle Weakness",musculoskeletal,4,0,4,no,weakness,synonym,active
muscle_weakness,"Muscle Weakness",musculoskeletal,4,0,4,no,"may muscle weakness",synonym,active
muscle_weakness,"Muscle Weakness",musculoskeletal,4,0,4,no,"masakit muscle weakness",synonym,active
muscle_weakness,"Muscle Weakness",musculoskeletal,4,0,4,no,"maluya ang mga muscle",synonym,active
muscle_weakness,"Muscle Weakness",musculoskeletal,4,0,4,no,"wala kusog ang mga muscle",synonym,active
muscle_weakness,"Muscle Weakness",musculoskeletal,4,0,4,no,"maluya muscle",synonym,active
muscle_weakness,"Muscle Weakness",musculoskeletal,4,0,4,no,"wala kusog ang muscle",synonym,active
muscle_weakness,"Muscle Weakness",musculoskeletal,4,0,4,no,"mahuyang ang kalamnan",synonym,active
muscle_weakness,"Muscle Weakness",musculoskeletal,4,0,4,no,"masakit ang muscle weakness",synonym,active
muscle_weakness,"Muscle Weakness",musculoskeletal,4,0,4,no,muscle_weakness,concept_id,active
hives,Hives,dermatological,3,0,3,no,hives,canonical,active
hives,Hives,dermatological,3,0,3,no,"may hives",synonym,active
hives,Hives,dermatological,3,0,3,no,"masakit hives",synonym,active
hives,Hives,dermatological,3,0,3,no,"hubag lawas",synonym,active
hives,Hives,dermatological,3,0,3,no,pantal-pantal,synonym,active
hives,Hives,dermatological,3,0,3,no,"masakit ang hives",synonym,active
itching,Itching,dermatological,2,0,1,no,itching,canonical,active
itching,Itching,dermatological,2,0,1,no,"may itching",synonym,active
itching,Itching,dermatological,2,0,1,no,"masakit itching",synonym,active
itching,Itching,dermatological,2,0,1,no,ginakati,synonym,active
itching,Itching,dermatological,2,0,1,no,itchy,synonym,active
itching,Itching,dermatological,2,0,1,no,kakatol,synonym,active
itching,Itching,dermatological,2,0,1,no,"kakatol lawas",synonym,active
itching,Itching,dermatological,2,0,1,no,kakatul,synonym,active
itching,Itching,dermatological,2,0,1,no,"kakatul lawas",synonym,active
itching,Itching,dermatological,2,0,1,no,"kati sa balat",synonym,active
itching,Itching,dermatological,2,0,1,no,kati-kati,synonym,active
itching,Itching,dermatological,2,0,1,no,katol,synonym,active
itching,Itching,dermatological,2,0,1,no,katol-katol,synonym,active
itching,Itching,dermatological,2,0,1,no,kumakati,synonym,active
itching,Itching,dermatological,2,0,1,no,"kumakati lawas",synonym,active
itching,Itching,dermatological,2,0,1,no,"panit nagakati",synonym,active
itching,Itching,dermatological,2,0,1,no,gakatol,synonym,active
itching,Itching,dermatological,2,0,1,no,ginakamang,synonym,active
itching,Itching,dermatological,2,0,1,no,"gakatol lawas ko",synonym,active
itching,Itching,dermatological,2,0,1,no,ginakatol,synonym,active
itching,Itching,dermatological,2,0,1,no,"ginakatol ko",synonym,active
itching,Itching,dermatological,2,0,1,no,"ginakatol lawas",synonym,active
itching,Itching,dermatological,2,0,1,no,"ginakatol ang panit",synonym,active
itching,Itching,dermatological,2,0,1,no,"makatol ang panit",synonym,active
itching,Itching,dermatological,2,0,1,no,makatol,synonym,active
itching,Itching,dermatological,2,0,1,no,"katol panit",synonym,active
itching,Itching,dermatological,2,0,1,no,"permi ginakatol",synonym,active
itching,Itching,dermatological,2,0,1,no,"masakit ang itching",synonym,active
cellulitis,Cellulitis,dermatological,5,0,5,no,cellulitis,canonical,active
cellulitis,Cellulitis,dermatological,5,0,5,no,"may cellulitis",synonym,active
cellulitis,Cellulitis,dermatological,5,0,5,no,"masakit cellulitis",synonym,active
cellulitis,Cellulitis,dermatological,5,0,5,no,"mapula nagahapdi ang pilas",synonym,active
cellulitis,Cellulitis,dermatological,5,0,5,no,"masakit ang cellulitis",synonym,active
abscess,Abscess,dermatological,4,0,4,no,abscess,canonical,active
abscess,Abscess,dermatological,4,0,4,no,"may abscess",synonym,active
abscess,Abscess,dermatological,4,0,4,no,"masakit abscess",synonym,active
abscess,Abscess,dermatological,4,0,4,no,"masakit ang abscess",synonym,active
wound_infection,"Wound Infection",dermatological,5,0,5,no,"wound infection",canonical,active
wound_infection,"Wound Infection",dermatological,5,0,5,no,wound,synonym,active
wound_infection,"Wound Infection",dermatological,5,0,5,no,infection,synonym,active
wound_infection,"Wound Infection",dermatological,5,0,5,no,"may wound infection",synonym,active
wound_infection,"Wound Infection",dermatological,5,0,5,no,"masakit wound infection",synonym,active
wound_infection,"Wound Infection",dermatological,5,0,5,no,"masakit ang wound infection",synonym,active
wound_infection,"Wound Infection",dermatological,5,0,5,no,wound_infection,concept_id,active
laceration,Laceration,dermatological,4,0,4,no,laceration,canonical,active
laceration,Laceration,dermatological,4,0,4,no,"may laceration",synonym,active
laceration,Laceration,dermatological,4,0,4,no,"masakit laceration",synonym,active
laceration,Laceration,dermatological,4,0,4,no,"masakit ang laceration",synonym,active
laceration,Laceration,dermatological,4,0,4,no,"hand wound",synonym,active
laceration,Laceration,dermatological,4,0,4,no,pilas,synonym,active
laceration,Laceration,dermatological,4,0,4,no,"may pilas",synonym,active
insect_bite_reaction,"Insect Bite Reaction",dermatological,3,0,3,no,"insect bite reaction",canonical,active
insect_bite_reaction,"Insect Bite Reaction",dermatological,3,0,3,no,insect,synonym,active
insect_bite_reaction,"Insect Bite Reaction",dermatological,3,0,3,no,bite,synonym,active
insect_bite_reaction,"Insect Bite Reaction",dermatological,3,0,3,no,reaction,synonym,active
insect_bite_reaction,"Insect Bite Reaction",dermatological,3,0,3,no,"may insect bite reaction",synonym,active
insect_bite_reaction,"Insect Bite Reaction",dermatological,3,0,3,no,"masakit insect bite reaction",synonym,active
insect_bite_reaction,"Insect Bite Reaction",dermatological,3,0,3,no,"masakit ang insect bite reaction",synonym,active
insect_bite_reaction,"Insect Bite Reaction",dermatological,3,0,3,no,insect_bite_reaction,concept_id,active
purpuric_rash,"Purpuric Rash",dermatological,8,8,0,yes,"purpuric rash",canonical,active
purpuric_rash,"Purpuric Rash",dermatological,8,8,0,yes,purpuric,synonym,active
purpuric_rash,"Purpuric Rash",dermatological,8,8,0,yes,rash,synonym,active
purpuric_rash,"Purpuric Rash",dermatological,8,8,0,yes,"may purpuric rash",synonym,active
purpuric_rash,"Purpuric Rash",dermatological,8,8,0,yes,"masakit purpuric rash",synonym,active
purpuric_rash,"Purpuric Rash",dermatological,8,8,0,yes,"masakit ang purpuric rash",synonym,active
purpuric_rash,"Purpuric Rash",dermatological,8,8,0,yes,purpuric_rash,concept_id,active
skin_infection_spreading,"Spreading Skin Infection",dermatological,6,0,6,no,"spreading skin infection",canonical,active
skin_infection_spreading,"Spreading Skin Infection",dermatological,6,0,6,no,spreading,synonym,active
skin_infection_spreading,"Spreading Skin Infection",dermatological,6,0,6,no,skin,synonym,active
skin_infection_spreading,"Spreading Skin Infection",dermatological,6,0,6,no,infection,synonym,active
skin_infection_spreading,"Spreading Skin Infection",dermatological,6,0,6,no,"may spreading skin infection",synonym,active
skin_infection_spreading,"Spreading Skin Infection",dermatological,6,0,6,no,"masakit spreading skin infection",synonym,active
skin_infection_spreading,"Spreading Skin Infection",dermatological,6,0,6,no,"masakit ang spreading skin infection",synonym,active
skin_infection_spreading,"Spreading Skin Infection",dermatological,6,0,6,no,skin_infection_spreading,concept_id,active
skin_infection_spreading,"Spreading Skin Infection",dermatological,6,0,6,no,"skin infection spreading",concept_id,active
tinnitus,Tinnitus,ent,2,0,2,no,tinnitus,canonical,active
tinnitus,Tinnitus,ent,2,0,2,no,"may tinnitus",synonym,active
tinnitus,Tinnitus,ent,2,0,2,no,"masakit tinnitus",synonym,active
tinnitus,Tinnitus,ent,2,0,2,no,"nagatingog dalunggan",synonym,active
tinnitus,Tinnitus,ent,2,0,2,no,"nagatingting dulunggan",synonym,active
tinnitus,Tinnitus,ent,2,0,2,no,"may tunog sa dalunggan",synonym,active
tinnitus,Tinnitus,ent,2,0,2,no,"masakit ang tinnitus",synonym,active
hearing_change,"Hearing Change",ent,3,0,3,no,"hearing change",canonical,active
hearing_change,"Hearing Change",ent,3,0,3,no,hearing,synonym,active
hearing_change,"Hearing Change",ent,3,0,3,no,change,synonym,active
hearing_change,"Hearing Change",ent,3,0,3,no,"may hearing change",synonym,active
hearing_change,"Hearing Change",ent,3,0,3,no,"masakit hearing change",synonym,active
hearing_change,"Hearing Change",ent,3,0,3,no,"masakit ang hearing change",synonym,active
hearing_change,"Hearing Change",ent,3,0,3,no,hearing_change,concept_id,active
tonsillar_swelling,"Tonsillar Swelling",ent,4,0,4,no,"tonsillar swelling",canonical,active
tonsillar_swelling,"Tonsillar Swelling",ent,4,0,4,no,tonsillar,synonym,active
tonsillar_swelling,"Tonsillar Swelling",ent,4,0,4,no,swelling,synonym,active
tonsillar_swelling,"Tonsillar Swelling",ent,4,0,4,no,"may tonsillar swelling",synonym,active
tonsillar_swelling,"Tonsillar Swelling",ent,4,0,4,no,"masakit tonsillar swelling",synonym,active
tonsillar_swelling,"Tonsillar Swelling",ent,4,0,4,no,"masakit ang tonsillar swelling",synonym,active
tonsillar_swelling,"Tonsillar Swelling",ent,4,0,4,no,tonsillar_swelling,concept_id,active
dental_pain,"Dental Pain",ent,3,0,3,no,"dental pain",canonical,active
dental_pain,"Dental Pain",ent,3,0,3,no,dental,synonym,active
dental_pain,"Dental Pain",ent,3,0,3,no,pain,synonym,active
dental_pain,"Dental Pain",ent,3,0,3,no,"may dental pain",synonym,active
dental_pain,"Dental Pain",ent,3,0,3,no,"masakit dental pain",synonym,active
dental_pain,"Dental Pain",ent,3,0,3,no,"sakit ngipon",synonym,active
dental_pain,"Dental Pain",ent,3,0,3,no,toothache,synonym,active
dental_pain,"Dental Pain",ent,3,0,3,no,"masakit ang dental pain",synonym,active
dental_pain,"Dental Pain",ent,3,0,3,no,dental_pain,concept_id,active
jaw_pain,"Jaw Pain",ent,4,0,4,no,"jaw pain",canonical,active
jaw_pain,"Jaw Pain",ent,4,0,4,no,jaw,synonym,active
jaw_pain,"Jaw Pain",ent,4,0,4,no,pain,synonym,active
jaw_pain,"Jaw Pain",ent,4,0,4,no,"may jaw pain",synonym,active
jaw_pain,"Jaw Pain",ent,4,0,4,no,"masakit jaw pain",synonym,active
jaw_pain,"Jaw Pain",ent,4,0,4,no,"ga sakit akon awang",synonym,active
jaw_pain,"Jaw Pain",ent,4,0,4,no,"ga sakit awang akon",synonym,active
jaw_pain,"Jaw Pain",ent,4,0,4,no,"ga sakit awang gid ko",synonym,active
jaw_pain,"Jaw Pain",ent,4,0,4,no,"ga sakit awang ko",synonym,active
jaw_pain,"Jaw Pain",ent,4,0,4,no,"ga sakit awang man",synonym,active
jaw_pain,"Jaw Pain",ent,4,0,4,no,"ga sakit awang subong",synonym,active
jaw_pain,"Jaw Pain",ent,4,0,4,no,"gasakit akon awang",synonym,active
jaw_pain,"Jaw Pain",ent,4,0,4,no,"gasakit awang akon",synonym,active
jaw_pain,"Jaw Pain",ent,4,0,4,no,"gasakit awang gid ko",synonym,active
jaw_pain,"Jaw Pain",ent,4,0,4,no,"gasakit awang ko",synonym,active
jaw_pain,"Jaw Pain",ent,4,0,4,no,"gasakit awang man",synonym,active
jaw_pain,"Jaw Pain",ent,4,0,4,no,"gasakit awang subong",synonym,active
jaw_pain,"Jaw Pain",ent,4,0,4,no,"ginasakit akon awang",synonym,active
jaw_pain,"Jaw Pain",ent,4,0,4,no,"ginasakit awang akon",synonym,active
jaw_pain,"Jaw Pain",ent,4,0,4,no,"ginasakit awang gid ko",synonym,active
jaw_pain,"Jaw Pain",ent,4,0,4,no,"ginasakit awang ko",synonym,active
jaw_pain,"Jaw Pain",ent,4,0,4,no,"ginasakit awang man",synonym,active
jaw_pain,"Jaw Pain",ent,4,0,4,no,"ginasakit awang subong",synonym,active
jaw_pain,"Jaw Pain",ent,4,0,4,no,"hapdi akon awang",synonym,active
jaw_pain,"Jaw Pain",ent,4,0,4,no,"hapdi awang akon",synonym,active
jaw_pain,"Jaw Pain",ent,4,0,4,no,"hapdi awang gid ko",synonym,active
jaw_pain,"Jaw Pain",ent,4,0,4,no,"hapdi awang ko",synonym,active
jaw_pain,"Jaw Pain",ent,4,0,4,no,"hapdi awang man",synonym,active
jaw_pain,"Jaw Pain",ent,4,0,4,no,"hapdi awang subong",synonym,active
jaw_pain,"Jaw Pain",ent,4,0,4,no,"masakit akon awang",synonym,active
jaw_pain,"Jaw Pain",ent,4,0,4,no,"masakit awang akon",synonym,active
jaw_pain,"Jaw Pain",ent,4,0,4,no,"masakit awang gid ko",synonym,active
jaw_pain,"Jaw Pain",ent,4,0,4,no,"masakit awang ko",synonym,active
jaw_pain,"Jaw Pain",ent,4,0,4,no,"masakit awang man",synonym,active
jaw_pain,"Jaw Pain",ent,4,0,4,no,"masakit awang subong",synonym,active
jaw_pain,"Jaw Pain",ent,4,0,4,no,"sakit akon awang",synonym,active
jaw_pain,"Jaw Pain",ent,4,0,4,no,"sakit awang akon",synonym,active
jaw_pain,"Jaw Pain",ent,4,0,4,no,"sakit awang gid ko",synonym,active
jaw_pain,"Jaw Pain",ent,4,0,4,no,"sakit awang ko",synonym,active
jaw_pain,"Jaw Pain",ent,4,0,4,no,"sakit awang man",synonym,active
jaw_pain,"Jaw Pain",ent,4,0,4,no,"sakit awang subong",synonym,active
jaw_pain,"Jaw Pain",ent,4,0,4,no,"sakit gid akon awang",synonym,active
jaw_pain,"Jaw Pain",ent,4,0,4,no,"sakit gid awang akon",synonym,active
jaw_pain,"Jaw Pain",ent,4,0,4,no,"sakit gid awang gid ko",synonym,active
jaw_pain,"Jaw Pain",ent,4,0,4,no,"sakit gid awang ko",synonym,active
jaw_pain,"Jaw Pain",ent,4,0,4,no,"sakit gid awang man",synonym,active
jaw_pain,"Jaw Pain",ent,4,0,4,no,"sakit gid awang subong",synonym,active
jaw_pain,"Jaw Pain",ent,4,0,4,no,"sakit sa awang ko",synonym,active
jaw_pain,"Jaw Pain",ent,4,0,4,no,"sakit apapangig",synonym,active
jaw_pain,"Jaw Pain",ent,4,0,4,no,"masakit ang jaw pain",synonym,active
jaw_pain,"Jaw Pain",ent,4,0,4,no,jaw_pain,concept_id,active
facial_pain,"Facial Pain",ent,4,0,4,no,"facial pain",canonical,active
facial_pain,"Facial Pain",ent,4,0,4,no,facial,synonym,active
facial_pain,"Facial Pain",ent,4,0,4,no,pain,synonym,active
facial_pain,"Facial Pain",ent,4,0,4,no,"may facial pain",synonym,active
facial_pain,"Facial Pain",ent,4,0,4,no,"masakit facial pain",synonym,active
facial_pain,"Facial Pain",ent,4,0,4,no,"masakit ang facial pain",synonym,active
facial_pain,"Facial Pain",ent,4,0,4,no,facial_pain,concept_id,active
mouth_sores,"Mouth Sores",ent,2,0,2,no,"mouth sores",canonical,active
mouth_sores,"Mouth Sores",ent,2,0,2,no,mouth,synonym,active
mouth_sores,"Mouth Sores",ent,2,0,2,no,sores,synonym,active
mouth_sores,"Mouth Sores",ent,2,0,2,no,"may mouth sores",synonym,active
mouth_sores,"Mouth Sores",ent,2,0,2,no,"masakit mouth sores",synonym,active
mouth_sores,"Mouth Sores",ent,2,0,2,no,"masakit ang mouth sores",synonym,active
mouth_sores,"Mouth Sores",ent,2,0,2,no,mouth_sores,concept_id,active
facial_swelling,"Facial Swelling",ent,5,0,5,no,"facial swelling",canonical,active
facial_swelling,"Facial Swelling",ent,5,0,5,no,facial,synonym,active
facial_swelling,"Facial Swelling",ent,5,0,5,no,swelling,synonym,active
facial_swelling,"Facial Swelling",ent,5,0,5,no,"may facial swelling",synonym,active
facial_swelling,"Facial Swelling",ent,5,0,5,no,"masakit facial swelling",synonym,active
facial_swelling,"Facial Swelling",ent,5,0,5,no,"gahabok akon pisngi",synonym,active
facial_swelling,"Facial Swelling",ent,5,0,5,no,"gahabok pisngi akon",synonym,active
facial_swelling,"Facial Swelling",ent,5,0,5,no,"gahabok pisngi akon gid",synonym,active
facial_swelling,"Facial Swelling",ent,5,0,5,no,"gahabok pisngi gid ko",synonym,active
facial_swelling,"Facial Swelling",ent,5,0,5,no,"gahabok pisngi ko",synonym,active
facial_swelling,"Facial Swelling",ent,5,0,5,no,"gahabok pisngi ko gid",synonym,active
facial_swelling,"Facial Swelling",ent,5,0,5,no,"gahabok pisngi man",synonym,active
facial_swelling,"Facial Swelling",ent,5,0,5,no,"gahabok pisngi subong",synonym,active
facial_swelling,"Facial Swelling",ent,5,0,5,no,"gahubag akon pisngi",synonym,active
facial_swelling,"Facial Swelling",ent,5,0,5,no,"gahubag pisngi akon",synonym,active
facial_swelling,"Facial Swelling",ent,5,0,5,no,"gahubag pisngi akon gid",synonym,active
facial_swelling,"Facial Swelling",ent,5,0,5,no,"gahubag pisngi gid ko",synonym,active
facial_swelling,"Facial Swelling",ent,5,0,5,no,"gahubag pisngi ko",synonym,active
facial_swelling,"Facial Swelling",ent,5,0,5,no,"gahubag pisngi ko gid",synonym,active
facial_swelling,"Facial Swelling",ent,5,0,5,no,"gahubag pisngi man",synonym,active
facial_swelling,"Facial Swelling",ent,5,0,5,no,"gahubag pisngi subong",synonym,active
facial_swelling,"Facial Swelling",ent,5,0,5,no,"ginahubag akon pisngi",synonym,active
facial_swelling,"Facial Swelling",ent,5,0,5,no,"ginahubag pisngi akon",synonym,active
facial_swelling,"Facial Swelling",ent,5,0,5,no,"ginahubag pisngi akon gid",synonym,active
facial_swelling,"Facial Swelling",ent,5,0,5,no,"ginahubag pisngi gid ko",synonym,active
facial_swelling,"Facial Swelling",ent,5,0,5,no,"ginahubag pisngi ko",synonym,active
facial_swelling,"Facial Swelling",ent,5,0,5,no,"ginahubag pisngi ko gid",synonym,active
facial_swelling,"Facial Swelling",ent,5,0,5,no,"ginahubag pisngi man",synonym,active
facial_swelling,"Facial Swelling",ent,5,0,5,no,"ginahubag pisngi subong",synonym,active
facial_swelling,"Facial Swelling",ent,5,0,5,no,"ginapamulang akon pisngi",synonym,active
facial_swelling,"Facial Swelling",ent,5,0,5,no,"ginapamulang pisngi akon",synonym,active
facial_swelling,"Facial Swelling",ent,5,0,5,no,"ginapamulang pisngi akon gid",synonym,active
facial_swelling,"Facial Swelling",ent,5,0,5,no,"ginapamulang pisngi gid ko",synonym,active
facial_swelling,"Facial Swelling",ent,5,0,5,no,"ginapamulang pisngi ko",synonym,active
facial_swelling,"Facial Swelling",ent,5,0,5,no,"ginapamulang pisngi ko gid",synonym,active
facial_swelling,"Facial Swelling",ent,5,0,5,no,"ginapamulang pisngi man",synonym,active
facial_swelling,"Facial Swelling",ent,5,0,5,no,"ginapamulang pisngi subong",synonym,active
facial_swelling,"Facial Swelling",ent,5,0,5,no,"hubag akon pisngi",synonym,active
facial_swelling,"Facial Swelling",ent,5,0,5,no,"hubag gid akon pisngi",synonym,active
facial_swelling,"Facial Swelling",ent,5,0,5,no,"hubag gid pisngi akon",synonym,active
facial_swelling,"Facial Swelling",ent,5,0,5,no,"hubag gid pisngi akon gid",synonym,active
facial_swelling,"Facial Swelling",ent,5,0,5,no,"hubag gid pisngi gid ko",synonym,active
facial_swelling,"Facial Swelling",ent,5,0,5,no,"hubag gid pisngi ko",synonym,active
facial_swelling,"Facial Swelling",ent,5,0,5,no,"hubag gid pisngi ko gid",synonym,active
facial_swelling,"Facial Swelling",ent,5,0,5,no,"hubag gid pisngi man",synonym,active
facial_swelling,"Facial Swelling",ent,5,0,5,no,"hubag gid pisngi subong",synonym,active
facial_swelling,"Facial Swelling",ent,5,0,5,no,"hubag pisngi akon",synonym,active
facial_swelling,"Facial Swelling",ent,5,0,5,no,"hubag pisngi akon gid",synonym,active
facial_swelling,"Facial Swelling",ent,5,0,5,no,"hubag pisngi gid ko",synonym,active
facial_swelling,"Facial Swelling",ent,5,0,5,no,"hubag pisngi ko",synonym,active
facial_swelling,"Facial Swelling",ent,5,0,5,no,"hubag pisngi ko gid",synonym,active
facial_swelling,"Facial Swelling",ent,5,0,5,no,"hubag pisngi man",synonym,active
facial_swelling,"Facial Swelling",ent,5,0,5,no,"hubag pisngi subong",synonym,active
facial_swelling,"Facial Swelling",ent,5,0,5,no,"naghubag akon pisngi",synonym,active
facial_swelling,"Facial Swelling",ent,5,0,5,no,"naghubag pisngi akon",synonym,active
facial_swelling,"Facial Swelling",ent,5,0,5,no,"naghubag pisngi akon gid",synonym,active
facial_swelling,"Facial Swelling",ent,5,0,5,no,"naghubag pisngi gid ko",synonym,active
facial_swelling,"Facial Swelling",ent,5,0,5,no,"naghubag pisngi ko",synonym,active
facial_swelling,"Facial Swelling",ent,5,0,5,no,"naghubag pisngi ko gid",synonym,active
facial_swelling,"Facial Swelling",ent,5,0,5,no,"naghubag pisngi man",synonym,active
facial_swelling,"Facial Swelling",ent,5,0,5,no,"naghubag pisngi subong",synonym,active
facial_swelling,"Facial Swelling",ent,5,0,5,no,"namamaga mukha",synonym,active
facial_swelling,"Facial Swelling",ent,5,0,5,no,"kalit gahubag ngabil",synonym,active
facial_swelling,"Facial Swelling",ent,5,0,5,no,"masakit ang facial swelling",synonym,active
facial_swelling,"Facial Swelling",ent,5,0,5,no,facial_swelling,concept_id,active
red_eye,"Red Eye",ophthalmology,3,0,3,no,"red eye",canonical,active
red_eye,"Red Eye",ophthalmology,3,0,3,no,red,synonym,active
red_eye,"Red Eye",ophthalmology,3,0,3,no,eye,synonym,active
red_eye,"Red Eye",ophthalmology,3,0,3,no,"may red eye",synonym,active
red_eye,"Red Eye",ophthalmology,3,0,3,no,"masakit red eye",synonym,active
red_eye,"Red Eye",ophthalmology,3,0,3,no,"gapula akon mata",synonym,active
red_eye,"Red Eye",ophthalmology,3,0,3,no,"gapula mata ko",synonym,active
red_eye,"Red Eye",ophthalmology,3,0,3,no,"pula mata",synonym,active
red_eye,"Red Eye",ophthalmology,3,0,3,no,"masakit ang red eye",synonym,active
red_eye,"Red Eye",ophthalmology,3,0,3,no,red_eye,concept_id,active
vision_change,"Vision Change",ophthalmology,5,0,5,no,"vision change",canonical,active
vision_change,"Vision Change",ophthalmology,5,0,5,no,vision,synonym,active
vision_change,"Vision Change",ophthalmology,5,0,5,no,change,synonym,active
vision_change,"Vision Change",ophthalmology,5,0,5,no,"may vision change",synonym,active
vision_change,"Vision Change",ophthalmology,5,0,5,no,"masakit vision change",synonym,active
vision_change,"Vision Change",ophthalmology,5,0,5,no,"daw indi ko makita maayo",synonym,active
vision_change,"Vision Change",ophthalmology,5,0,5,no,"masakit ang vision change",synonym,active
vision_change,"Vision Change",ophthalmology,5,0,5,no,vision_change,concept_id,active
eye_discharge,"Eye Discharge",ophthalmology,2,0,2,no,"eye discharge",canonical,active
eye_discharge,"Eye Discharge",ophthalmology,2,0,2,no,eye,synonym,active
eye_discharge,"Eye Discharge",ophthalmology,2,0,2,no,discharge,synonym,active
eye_discharge,"Eye Discharge",ophthalmology,2,0,2,no,"may eye discharge",synonym,active
eye_discharge,"Eye Discharge",ophthalmology,2,0,2,no,"masakit eye discharge",synonym,active
eye_discharge,"Eye Discharge",ophthalmology,2,0,2,no,"masakit ang eye discharge",synonym,active
eye_discharge,"Eye Discharge",ophthalmology,2,0,2,no,eye_discharge,concept_id,active
foreign_body_eye,"Foreign Body in Eye",ophthalmology,4,0,4,no,"foreign body in eye",canonical,active
foreign_body_eye,"Foreign Body in Eye",ophthalmology,4,0,4,no,foreign,synonym,active
foreign_body_eye,"Foreign Body in Eye",ophthalmology,4,0,4,no,body,synonym,active
foreign_body_eye,"Foreign Body in Eye",ophthalmology,4,0,4,no,eye,synonym,active
foreign_body_eye,"Foreign Body in Eye",ophthalmology,4,0,4,no,"may foreign body in eye",synonym,active
foreign_body_eye,"Foreign Body in Eye",ophthalmology,4,0,4,no,"masakit foreign body in eye",synonym,active
foreign_body_eye,"Foreign Body in Eye",ophthalmology,4,0,4,no,"masakit ang foreign body in eye",synonym,active
foreign_body_eye,"Foreign Body in Eye",ophthalmology,4,0,4,no,foreign_body_eye,concept_id,active
foreign_body_eye,"Foreign Body in Eye",ophthalmology,4,0,4,no,"foreign body eye",concept_id,active
photophobia,Photophobia,ophthalmology,4,0,4,no,photophobia,canonical,active
photophobia,Photophobia,ophthalmology,4,0,4,no,"may photophobia",synonym,active
photophobia,Photophobia,ophthalmology,4,0,4,no,"masakit photophobia",synonym,active
photophobia,Photophobia,ophthalmology,4,0,4,no,"masakit ang photophobia",synonym,active
sudden_vision_loss,"Sudden Vision Loss",ophthalmology,12,12,0,yes,"sudden vision loss",canonical,active
sudden_vision_loss,"Sudden Vision Loss",ophthalmology,12,12,0,yes,sudden,synonym,active
sudden_vision_loss,"Sudden Vision Loss",ophthalmology,12,12,0,yes,vision,synonym,active
sudden_vision_loss,"Sudden Vision Loss",ophthalmology,12,12,0,yes,loss,synonym,active
sudden_vision_loss,"Sudden Vision Loss",ophthalmology,12,12,0,yes,"may sudden vision loss",synonym,active
sudden_vision_loss,"Sudden Vision Loss",ophthalmology,12,12,0,yes,"masakit sudden vision loss",synonym,active
sudden_vision_loss,"Sudden Vision Loss",ophthalmology,12,12,0,yes,"kalit nabulag",synonym,active
sudden_vision_loss,"Sudden Vision Loss",ophthalmology,12,12,0,yes,"kalit nabuta ang isa ka mata",synonym,active
sudden_vision_loss,"Sudden Vision Loss",ophthalmology,12,12,0,yes,"masakit ang sudden vision loss",synonym,active
sudden_vision_loss,"Sudden Vision Loss",ophthalmology,12,12,0,yes,sudden_vision_loss,concept_id,active
urinary_retention,"Urinary Retention",urology,6,0,6,no,"urinary retention",canonical,active
urinary_retention,"Urinary Retention",urology,6,0,6,no,urinary,synonym,active
urinary_retention,"Urinary Retention",urology,6,0,6,no,retention,synonym,active
urinary_retention,"Urinary Retention",urology,6,0,6,no,"may urinary retention",synonym,active
urinary_retention,"Urinary Retention",urology,6,0,6,no,"masakit urinary retention",synonym,active
urinary_retention,"Urinary Retention",urology,6,0,6,no,"doc wala ko maka-ihi",synonym,active
urinary_retention,"Urinary Retention",urology,6,0,6,no,"wala ko maka-ihi",synonym,active
urinary_retention,"Urinary Retention",urology,6,0,6,no,"indi ko maka-ihi",synonym,active
urinary_retention,"Urinary Retention",urology,6,0,6,no,"wala maka-ihi",synonym,active
urinary_retention,"Urinary Retention",urology,6,0,6,no,"indi maka ihi",synonym,active
urinary_retention,"Urinary Retention",urology,6,0,6,no,"indi makaihi sang adlaw",synonym,active
urinary_retention,"Urinary Retention",urology,6,0,6,no,"masakit ang urinary retention",synonym,active
urinary_retention,"Urinary Retention",urology,6,0,6,no,urinary_retention,concept_id,active
hematuria,"Blood in Urine",urology,5,0,5,no,"blood in urine",canonical,active
hematuria,"Blood in Urine",urology,5,0,5,no,blood,synonym,active
hematuria,"Blood in Urine",urology,5,0,5,no,urine,synonym,active
hematuria,"Blood in Urine",urology,5,0,5,no,"may blood in urine",synonym,active
hematuria,"Blood in Urine",urology,5,0,5,no,"masakit blood in urine",synonym,active
hematuria,"Blood in Urine",urology,5,0,5,no,"may dugo sa ihi",synonym,active
hematuria,"Blood in Urine",urology,5,0,5,no,"dugo sa ihi",synonym,active
hematuria,"Blood in Urine",urology,5,0,5,no,"pula ihi",synonym,active
hematuria,"Blood in Urine",urology,5,0,5,no,"masakit ang blood in urine",synonym,active
hematuria,"Blood in Urine",urology,5,0,5,no,hematuria,concept_id,active
flank_pain,"Flank Pain",urology,5,0,5,no,"flank pain",canonical,active
flank_pain,"Flank Pain",urology,5,0,5,no,flank,synonym,active
flank_pain,"Flank Pain",urology,5,0,5,no,pain,synonym,active
flank_pain,"Flank Pain",urology,5,0,5,no,"may flank pain",synonym,active
flank_pain,"Flank Pain",urology,5,0,5,no,"masakit flank pain",synonym,active
flank_pain,"Flank Pain",urology,5,0,5,no,"kilid masakit",synonym,active
flank_pain,"Flank Pain",urology,5,0,5,no,"masakit ang flank pain",synonym,active
flank_pain,"Flank Pain",urology,5,0,5,no,flank_pain,concept_id,active
kidney_stone_pain,"Kidney Stone Pain",urology,6,0,6,no,"kidney stone pain",canonical,active
kidney_stone_pain,"Kidney Stone Pain",urology,6,0,6,no,kidney,synonym,active
kidney_stone_pain,"Kidney Stone Pain",urology,6,0,6,no,stone,synonym,active
kidney_stone_pain,"Kidney Stone Pain",urology,6,0,6,no,pain,synonym,active
kidney_stone_pain,"Kidney Stone Pain",urology,6,0,6,no,"may kidney stone pain",synonym,active
kidney_stone_pain,"Kidney Stone Pain",urology,6,0,6,no,"masakit kidney stone pain",synonym,active
kidney_stone_pain,"Kidney Stone Pain",urology,6,0,6,no,"masakit ang kidney stone pain",synonym,active
kidney_stone_pain,"Kidney Stone Pain",urology,6,0,6,no,kidney_stone_pain,concept_id,active
urinary_frequency,"Urinary Frequency",urology,2,0,2,no,"urinary frequency",canonical,active
urinary_frequency,"Urinary Frequency",urology,2,0,2,no,urinary,synonym,active
urinary_frequency,"Urinary Frequency",urology,2,0,2,no,frequency,synonym,active
urinary_frequency,"Urinary Frequency",urology,2,0,2,no,"may urinary frequency",synonym,active
urinary_frequency,"Urinary Frequency",urology,2,0,2,no,"masakit urinary frequency",synonym,active
urinary_frequency,"Urinary Frequency",urology,2,0,2,no,"masakit ang urinary frequency",synonym,active
urinary_frequency,"Urinary Frequency",urology,2,0,2,no,urinary_frequency,concept_id,active
incontinence,Incontinence,urology,3,0,3,no,incontinence,canonical,active
incontinence,Incontinence,urology,3,0,3,no,"may incontinence",synonym,active
incontinence,Incontinence,urology,3,0,3,no,"masakit incontinence",synonym,active
incontinence,Incontinence,urology,3,0,3,no,"masakit ang incontinence",synonym,active
scrotal_pain,"Scrotal Pain",urology,5,0,5,no,"scrotal pain",canonical,active
scrotal_pain,"Scrotal Pain",urology,5,0,5,no,scrotal,synonym,active
scrotal_pain,"Scrotal Pain",urology,5,0,5,no,pain,synonym,active
scrotal_pain,"Scrotal Pain",urology,5,0,5,no,"may scrotal pain",synonym,active
scrotal_pain,"Scrotal Pain",urology,5,0,5,no,"masakit scrotal pain",synonym,active
scrotal_pain,"Scrotal Pain",urology,5,0,5,no,"gasakit akon bayag",synonym,active
scrotal_pain,"Scrotal Pain",urology,5,0,5,no,"gasakit bayag ako",synonym,active
scrotal_pain,"Scrotal Pain",urology,5,0,5,no,"gasakit bayag akon",synonym,active
scrotal_pain,"Scrotal Pain",urology,5,0,5,no,"gasakit bayag akon gid",synonym,active
scrotal_pain,"Scrotal Pain",urology,5,0,5,no,"gasakit bayag akon subong",synonym,active
scrotal_pain,"Scrotal Pain",urology,5,0,5,no,"gasakit bayag gid ko",synonym,active
scrotal_pain,"Scrotal Pain",urology,5,0,5,no,"gasakit bayag ko",synonym,active
scrotal_pain,"Scrotal Pain",urology,5,0,5,no,"gasakit bayag ko gid",synonym,active
scrotal_pain,"Scrotal Pain",urology,5,0,5,no,"gasakit gid akon bayag",synonym,active
scrotal_pain,"Scrotal Pain",urology,5,0,5,no,"gasakit gid bayag ako",synonym,active
scrotal_pain,"Scrotal Pain",urology,5,0,5,no,"gasakit gid bayag akon",synonym,active
scrotal_pain,"Scrotal Pain",urology,5,0,5,no,"gasakit gid bayag akon gid",synonym,active
scrotal_pain,"Scrotal Pain",urology,5,0,5,no,"gasakit gid bayag akon subong",synonym,active
scrotal_pain,"Scrotal Pain",urology,5,0,5,no,"gasakit gid bayag gid ko",synonym,active
scrotal_pain,"Scrotal Pain",urology,5,0,5,no,"gasakit gid bayag ko",synonym,active
scrotal_pain,"Scrotal Pain",urology,5,0,5,no,"gasakit gid bayag ko gid",synonym,active
scrotal_pain,"Scrotal Pain",urology,5,0,5,no,"hapdi akon bayag",synonym,active
scrotal_pain,"Scrotal Pain",urology,5,0,5,no,"hapdi bayag ako",synonym,active
scrotal_pain,"Scrotal Pain",urology,5,0,5,no,"hapdi bayag akon",synonym,active
scrotal_pain,"Scrotal Pain",urology,5,0,5,no,"hapdi bayag akon gid",synonym,active
scrotal_pain,"Scrotal Pain",urology,5,0,5,no,"hapdi bayag akon subong",synonym,active
scrotal_pain,"Scrotal Pain",urology,5,0,5,no,"hapdi bayag gid ko",synonym,active
scrotal_pain,"Scrotal Pain",urology,5,0,5,no,"hapdi bayag ko",synonym,active
scrotal_pain,"Scrotal Pain",urology,5,0,5,no,"hapdi bayag ko gid",synonym,active
scrotal_pain,"Scrotal Pain",urology,5,0,5,no,"masakit akon bayag",synonym,active
scrotal_pain,"Scrotal Pain",urology,5,0,5,no,"masakit bayag ako",synonym,active
scrotal_pain,"Scrotal Pain",urology,5,0,5,no,"masakit bayag akon",synonym,active
scrotal_pain,"Scrotal Pain",urology,5,0,5,no,"masakit bayag akon gid",synonym,active
scrotal_pain,"Scrotal Pain",urology,5,0,5,no,"masakit bayag akon subong",synonym,active
scrotal_pain,"Scrotal Pain",urology,5,0,5,no,"masakit bayag gid ko",synonym,active
scrotal_pain,"Scrotal Pain",urology,5,0,5,no,"masakit bayag ko",synonym,active
scrotal_pain,"Scrotal Pain",urology,5,0,5,no,"masakit bayag ko gid",synonym,active
scrotal_pain,"Scrotal Pain",urology,5,0,5,no,"masakit gid akon bayag",synonym,active
scrotal_pain,"Scrotal Pain",urology,5,0,5,no,"masakit gid bayag ako",synonym,active
scrotal_pain,"Scrotal Pain",urology,5,0,5,no,"masakit gid bayag akon",synonym,active
scrotal_pain,"Scrotal Pain",urology,5,0,5,no,"masakit gid bayag akon gid",synonym,active
scrotal_pain,"Scrotal Pain",urology,5,0,5,no,"masakit gid bayag akon subong",synonym,active
scrotal_pain,"Scrotal Pain",urology,5,0,5,no,"masakit gid bayag gid ko",synonym,active
scrotal_pain,"Scrotal Pain",urology,5,0,5,no,"masakit gid bayag ko",synonym,active
scrotal_pain,"Scrotal Pain",urology,5,0,5,no,"masakit gid bayag ko gid",synonym,active
scrotal_pain,"Scrotal Pain",urology,5,0,5,no,"sakit akon bayag",synonym,active
scrotal_pain,"Scrotal Pain",urology,5,0,5,no,"sakit bayag ako",synonym,active
scrotal_pain,"Scrotal Pain",urology,5,0,5,no,"sakit bayag akon",synonym,active
scrotal_pain,"Scrotal Pain",urology,5,0,5,no,"sakit bayag akon gid",synonym,active
scrotal_pain,"Scrotal Pain",urology,5,0,5,no,"sakit bayag akon subong",synonym,active
scrotal_pain,"Scrotal Pain",urology,5,0,5,no,"sakit bayag gid ko",synonym,active
scrotal_pain,"Scrotal Pain",urology,5,0,5,no,"sakit bayag ko",synonym,active
scrotal_pain,"Scrotal Pain",urology,5,0,5,no,"sakit bayag ko gid",synonym,active
scrotal_pain,"Scrotal Pain",urology,5,0,5,no,"sakit gid akon bayag",synonym,active
scrotal_pain,"Scrotal Pain",urology,5,0,5,no,"sakit gid bayag ako",synonym,active
scrotal_pain,"Scrotal Pain",urology,5,0,5,no,"sakit gid bayag akon",synonym,active
scrotal_pain,"Scrotal Pain",urology,5,0,5,no,"sakit gid bayag akon gid",synonym,active
scrotal_pain,"Scrotal Pain",urology,5,0,5,no,"sakit gid bayag akon subong",synonym,active
scrotal_pain,"Scrotal Pain",urology,5,0,5,no,"sakit gid bayag gid ko",synonym,active
scrotal_pain,"Scrotal Pain",urology,5,0,5,no,"sakit gid bayag ko",synonym,active
scrotal_pain,"Scrotal Pain",urology,5,0,5,no,"sakit gid bayag ko gid",synonym,active
scrotal_pain,"Scrotal Pain",urology,5,0,5,no,"masakit ang scrotal pain",synonym,active
scrotal_pain,"Scrotal Pain",urology,5,0,5,no,scrotal_pain,concept_id,active
testicular_pain,"Testicular Pain",urology,6,0,6,no,"testicular pain",canonical,active
testicular_pain,"Testicular Pain",urology,6,0,6,no,testicular,synonym,active
testicular_pain,"Testicular Pain",urology,6,0,6,no,pain,synonym,active
testicular_pain,"Testicular Pain",urology,6,0,6,no,"may testicular pain",synonym,active
testicular_pain,"Testicular Pain",urology,6,0,6,no,"masakit testicular pain",synonym,active
testicular_pain,"Testicular Pain",urology,6,0,6,no,"gasakit acun itlog",synonym,active
testicular_pain,"Testicular Pain",urology,6,0,6,no,"gasakit acun itlog ko",synonym,active
testicular_pain,"Testicular Pain",urology,6,0,6,no,"gasakit acun itlug",synonym,active
testicular_pain,"Testicular Pain",urology,6,0,6,no,"gasakit acun itlug ko",synonym,active
testicular_pain,"Testicular Pain",urology,6,0,6,no,"gasakit akon itlog",synonym,active
testicular_pain,"Testicular Pain",urology,6,0,6,no,"gasakit akon itlog ko",synonym,active
testicular_pain,"Testicular Pain",urology,6,0,6,no,"gasakit akon itlog ku",synonym,active
testicular_pain,"Testicular Pain",urology,6,0,6,no,"gasakit akon itlug",synonym,active
testicular_pain,"Testicular Pain",urology,6,0,6,no,"gasakit akon itlug ko",synonym,active
testicular_pain,"Testicular Pain",urology,6,0,6,no,"gasakit akon itlug ku",synonym,active
testicular_pain,"Testicular Pain",urology,6,0,6,no,"gasakit gid acun itlog",synonym,active
testicular_pain,"Testicular Pain",urology,6,0,6,no,"gasakit gid acun itlog ko",synonym,active
testicular_pain,"Testicular Pain",urology,6,0,6,no,"gasakit gid acun itlug",synonym,active
testicular_pain,"Testicular Pain",urology,6,0,6,no,"gasakit gid acun itlug ko",synonym,active
testicular_pain,"Testicular Pain",urology,6,0,6,no,"gasakit gid akon itlog",synonym,active
testicular_pain,"Testicular Pain",urology,6,0,6,no,"gasakit gid akon itlog ko",synonym,active
testicular_pain,"Testicular Pain",urology,6,0,6,no,"gasakit gid akon itlog ku",synonym,active
testicular_pain,"Testicular Pain",urology,6,0,6,no,"gasakit gid akon itlug",synonym,active
testicular_pain,"Testicular Pain",urology,6,0,6,no,"gasakit gid akon itlug ko",synonym,active
testicular_pain,"Testicular Pain",urology,6,0,6,no,"gasakit gid akon itlug ku",synonym,active
testicular_pain,"Testicular Pain",urology,6,0,6,no,"gasakit gid itlog acun",synonym,active
testicular_pain,"Testicular Pain",urology,6,0,6,no,"gasakit gid itlog acun gid",synonym,active
testicular_pain,"Testicular Pain",urology,6,0,6,no,"gasakit gid itlog acun subong",synonym,active
testicular_pain,"Testicular Pain",urology,6,0,6,no,"gasakit gid itlog ako",synonym,active
testicular_pain,"Testicular Pain",urology,6,0,6,no,"gasakit gid itlog akon",synonym,active
testicular_pain,"Testicular Pain",urology,6,0,6,no,"gasakit gid itlog akon gid",synonym,active
testicular_pain,"Testicular Pain",urology,6,0,6,no,"gasakit gid itlog akon subong",synonym,active
testicular_pain,"Testicular Pain",urology,6,0,6,no,"gasakit gid itlog gid ko",synonym,active
testicular_pain,"Testicular Pain",urology,6,0,6,no,"gasakit gid itlog gid ku",synonym,active
testicular_pain,"Testicular Pain",urology,6,0,6,no,"gasakit gid itlog ko",synonym,active
testicular_pain,"Testicular Pain",urology,6,0,6,no,"gasakit gid itlog ko acun",synonym,active
testicular_pain,"Testicular Pain",urology,6,0,6,no,"gasakit gid itlog ko acun gid",synonym,active
testicular_pain,"Testicular Pain",urology,6,0,6,no,"gasakit gid itlog ko acun subong",synonym,active
testicular_pain,"Testicular Pain",urology,6,0,6,no,"gasakit gid itlog ko ako",synonym,active
testicular_pain,"Testicular Pain",urology,6,0,6,no,"gasakit gid itlog ko akon",synonym,active
testicular_pain,"Testicular Pain",urology,6,0,6,no,"gasakit gid itlog ko akon gid",synonym,active
testicular_pain,"Testicular Pain",urology,6,0,6,no,"gasakit gid itlog ko akon subong",synonym,active
testicular_pain,"Testicular Pain",urology,6,0,6,no,"gasakit gid itlog ko gid",synonym,active
testicular_pain,"Testicular Pain",urology,6,0,6,no,"gasakit gid itlog ko gid ko",synonym,active
testicular_pain,"Testicular Pain",urology,6,0,6,no,"gasakit gid itlog ko ko",synonym,active
testicular_pain,"Testicular Pain",urology,6,0,6,no,"gasakit gid itlog ko ko gid",synonym,active
testicular_pain,"Testicular Pain",urology,6,0,6,no,"gasakit gid itlog ku",synonym,active
testicular_pain,"Testicular Pain",urology,6,0,6,no,"gasakit gid itlog ku ako",synonym,active
testicular_pain,"Testicular Pain",urology,6,0,6,no,"gasakit gid itlog ku akon",synonym,active
testicular_pain,"Testicular Pain",urology,6,0,6,no,"gasakit gid itlog ku akon gid",synonym,active
testicular_pain,"Testicular Pain",urology,6,0,6,no,"gasakit gid itlog ku akon subong",synonym,active
testicular_pain,"Testicular Pain",urology,6,0,6,no,"gasakit gid itlog ku gid",synonym,active
testicular_pain,"Testicular Pain",urology,6,0,6,no,"gasakit gid itlog ku gid ko",synonym,active
testicular_pain,"Testicular Pain",urology,6,0,6,no,"gasakit gid itlog ku ko",synonym,active
testicular_pain,"Testicular Pain",urology,6,0,6,no,"gasakit gid itlog ku ko gid",synonym,active
testicular_pain,"Testicular Pain",urology,6,0,6,no,"gasakit gid itlug acun",synonym,active
testicular_pain,"Testicular Pain",urology,6,0,6,no,"gasakit gid itlug acun gid",synonym,active
testicular_pain,"Testicular Pain",urology,6,0,6,no,"gasakit gid itlug acun subong",synonym,active
testicular_pain,"Testicular Pain",urology,6,0,6,no,"gasakit gid itlug ako",synonym,active
testicular_pain,"Testicular Pain",urology,6,0,6,no,"gasakit gid itlug akon",synonym,active
testicular_pain,"Testicular Pain",urology,6,0,6,no,"gasakit gid itlug akon gid",synonym,active
testicular_pain,"Testicular Pain",urology,6,0,6,no,"gasakit gid itlug akon subong",synonym,active
testicular_pain,"Testicular Pain",urology,6,0,6,no,"gasakit gid itlug gid ko",synonym,active
testicular_pain,"Testicular Pain",urology,6,0,6,no,"gasakit gid itlug gid ku",synonym,active
testicular_pain,"Testicular Pain",urology,6,0,6,no,"gasakit gid itlug ko",synonym,active
testicular_pain,"Testicular Pain",urology,6,0,6,no,"gasakit gid itlug ko acun",synonym,active
testicular_pain,"Testicular Pain",urology,6,0,6,no,"gasakit gid itlug ko acun gid",synonym,active
testicular_pain,"Testicular Pain",urology,6,0,6,no,"gasakit gid itlug ko acun subong",synonym,active
testicular_pain,"Testicular Pain",urology,6,0,6,no,"gasakit gid itlug ko ako",synonym,active
testicular_pain,"Testicular Pain",urology,6,0,6,no,"gasakit gid itlug ko akon",synonym,active
testicular_pain,"Testicular Pain",urology,6,0,6,no,"gasakit gid itlug ko akon gid",synonym,active
testicular_pain,"Testicular Pain",urology,6,0,6,no,"gasakit gid itlug ko akon subong",synonym,active
testicular_pain,"Testicular Pain",urology,6,0,6,no,"gasakit gid itlug ko gid",synonym,active
testicular_pain,"Testicular Pain",urology,6,0,6,no,"gasakit gid itlug ko gid ko",synonym,active
testicular_pain,"Testicular Pain",urology,6,0,6,no,"gasakit gid itlug ko ko",synonym,active
testicular_pain,"Testicular Pain",urology,6,0,6,no,"gasakit gid itlug ko ko gid",synonym,active
testicular_pain,"Testicular Pain",urology,6,0,6,no,"gasakit gid itlug ku",synonym,active
testicular_pain,"Testicular Pain",urology,6,0,6,no,"gasakit gid itlug ku ako",synonym,active
testicular_pain,"Testicular Pain",urology,6,0,6,no,"gasakit gid itlug ku akon",synonym,active
testicular_pain,"Testicular Pain",urology,6,0,6,no,"gasakit gid itlug ku akon gid",synonym,active
testicular_pain,"Testicular Pain",urology,6,0,6,no,"gasakit gid itlug ku akon subong",synonym,active
testicular_pain,"Testicular Pain",urology,6,0,6,no,"gasakit gid itlug ku gid",synonym,active
testicular_pain,"Testicular Pain",urology,6,0,6,no,"gasakit gid itlug ku gid ko",synonym,active
testicular_pain,"Testicular Pain",urology,6,0,6,no,"gasakit gid itlug ku ko",synonym,active
testicular_pain,"Testicular Pain",urology,6,0,6,no,"gasakit gid itlug ku ko gid",synonym,active
testicular_pain,"Testicular Pain",urology,6,0,6,no,"gasakit itlog acun",synonym,active
testicular_pain,"Testicular Pain",urology,6,0,6,no,"gasakit itlog acun gid",synonym,active
testicular_pain,"Testicular Pain",urology,6,0,6,no,"gasakit itlog acun subong",synonym,active
testicular_pain,"Testicular Pain",urology,6,0,6,no,"gasakit itlog ako",synonym,active
testicular_pain,"Testicular Pain",urology,6,0,6,no,"gasakit itlog akon",synonym,active
testicular_pain,"Testicular Pain",urology,6,0,6,no,"gasakit itlog akon gid",synonym,active
testicular_pain,"Testicular Pain",urology,6,0,6,no,"gasakit itlog akon subong",synonym,active
testicular_pain,"Testicular Pain",urology,6,0,6,no,"gasakit itlog gid ko",synonym,active
testicular_pain,"Testicular Pain",urology,6,0,6,no,"gasakit itlog gid ku",synonym,active
testicular_pain,"Testicular Pain",urology,6,0,6,no,"gasakit itlog ko",synonym,active
testicular_pain,"Testicular Pain",urology,6,0,6,no,"gasakit itlog ko acun",synonym,active
testicular_pain,"Testicular Pain",urology,6,0,6,no,"gasakit itlog ko acun gid",synonym,active
testicular_pain,"Testicular Pain",urology,6,0,6,no,"gasakit itlog ko acun subong",synonym,active
testicular_pain,"Testicular Pain",urology,6,0,6,no,"gasakit itlog ko ako",synonym,active
testicular_pain,"Testicular Pain",urology,6,0,6,no,"gasakit itlog ko akon",synonym,active
testicular_pain,"Testicular Pain",urology,6,0,6,no,"gasakit itlog ko akon gid",synonym,active
testicular_pain,"Testicular Pain",urology,6,0,6,no,"gasakit itlog ko akon subong",synonym,active
testicular_pain,"Testicular Pain",urology,6,0,6,no,"gasakit itlog ko gid",synonym,active
testicular_pain,"Testicular Pain",urology,6,0,6,no,"gasakit itlog ko gid ko",synonym,active
testicular_pain,"Testicular Pain",urology,6,0,6,no,"gasakit itlog ko ko",synonym,active
testicular_pain,"Testicular Pain",urology,6,0,6,no,"gasakit itlog ko ko gid",synonym,active
testicular_pain,"Testicular Pain",urology,6,0,6,no,"gasakit itlog ku",synonym,active
testicular_pain,"Testicular Pain",urology,6,0,6,no,"gasakit itlog ku ako",synonym,active
testicular_pain,"Testicular Pain",urology,6,0,6,no,"gasakit itlog ku akon",synonym,active
testicular_pain,"Testicular Pain",urology,6,0,6,no,"gasakit itlog ku akon gid",synonym,active
testicular_pain,"Testicular Pain",urology,6,0,6,no,"gasakit itlog ku akon subong",synonym,active
testicular_pain,"Testicular Pain",urology,6,0,6,no,"gasakit itlog ku gid",synonym,active
testicular_pain,"Testicular Pain",urology,6,0,6,no,"gasakit itlog ku gid ko",synonym,active
testicular_pain,"Testicular Pain",urology,6,0,6,no,"gasakit itlog ku ko",synonym,active
testicular_pain,"Testicular Pain",urology,6,0,6,no,"gasakit itlog ku ko gid",synonym,active
testicular_pain,"Testicular Pain",urology,6,0,6,no,"gasakit itlug acun",synonym,active
testicular_pain,"Testicular Pain",urology,6,0,6,no,"gasakit itlug acun gid",synonym,active
testicular_pain,"Testicular Pain",urology,6,0,6,no,"gasakit itlug acun subong",synonym,active
testicular_pain,"Testicular Pain",urology,6,0,6,no,"gasakit itlug ako",synonym,active
testicular_pain,"Testicular Pain",urology,6,0,6,no,"gasakit itlug akon",synonym,active
testicular_pain,"Testicular Pain",urology,6,0,6,no,"gasakit itlug akon gid",synonym,active
testicular_pain,"Testicular Pain",urology,6,0,6,no,"gasakit itlug akon subong",synonym,active
testicular_pain,"Testicular Pain",urology,6,0,6,no,"gasakit itlug gid ko",synonym,active
testicular_pain,"Testicular Pain",urology,6,0,6,no,"gasakit itlug gid ku",synonym,active
testicular_pain,"Testicular Pain",urology,6,0,6,no,"gasakit itlug ko",synonym,active
testicular_pain,"Testicular Pain",urology,6,0,6,no,"gasakit itlug ko acun",synonym,active
testicular_pain,"Testicular Pain",urology,6,0,6,no,"gasakit itlug ko acun gid",synonym,active
testicular_pain,"Testicular Pain",urology,6,0,6,no,"gasakit itlug ko acun subong",synonym,active
testicular_pain,"Testicular Pain",urology,6,0,6,no,"gasakit itlug ko ako",synonym,active
testicular_pain,"Testicular Pain",urology,6,0,6,no,"gasakit itlug ko akon",synonym,active
testicular_pain,"Testicular Pain",urology,6,0,6,no,"gasakit itlug ko akon gid",synonym,active
testicular_pain,"Testicular Pain",urology,6,0,6,no,"gasakit itlug ko akon subong",synonym,active
testicular_pain,"Testicular Pain",urology,6,0,6,no,"gasakit itlug ko gid",synonym,active
testicular_pain,"Testicular Pain",urology,6,0,6,no,"gasakit itlug ko gid ko",synonym,active
testicular_pain,"Testicular Pain",urology,6,0,6,no,"gasakit itlug ko ko",synonym,active
testicular_pain,"Testicular Pain",urology,6,0,6,no,"gasakit itlug ko ko gid",synonym,active
testicular_pain,"Testicular Pain",urology,6,0,6,no,"gasakit itlug ku",synonym,active
testicular_pain,"Testicular Pain",urology,6,0,6,no,"gasakit itlug ku ako",synonym,active
testicular_pain,"Testicular Pain",urology,6,0,6,no,"gasakit itlug ku akon",synonym,active
testicular_pain,"Testicular Pain",urology,6,0,6,no,"gasakit itlug ku akon gid",synonym,active
testicular_pain,"Testicular Pain",urology,6,0,6,no,"gasakit itlug ku akon subong",synonym,active
testicular_pain,"Testicular Pain",urology,6,0,6,no,"gasakit itlug ku gid",synonym,active
testicular_pain,"Testicular Pain",urology,6,0,6,no,"gasakit itlug ku gid ko",synonym,active
testicular_pain,"Testicular Pain",urology,6,0,6,no,"gasakit itlug ku ko",synonym,active
testicular_pain,"Testicular Pain",urology,6,0,6,no,"gasakit itlug ku ko gid",synonym,active
testicular_pain,"Testicular Pain",urology,6,0,6,no,"hapdi acun itlog",synonym,active
testicular_pain,"Testicular Pain",urology,6,0,6,no,"hapdi acun itlog ko",synonym,active
testicular_pain,"Testicular Pain",urology,6,0,6,no,"hapdi acun itlug",synonym,active
testicular_pain,"Testicular Pain",urology,6,0,6,no,"hapdi acun itlug ko",synonym,active
testicular_pain,"Testicular Pain",urology,6,0,6,no,"hapdi akon itlog",synonym,active
testicular_pain,"Testicular Pain",urology,6,0,6,no,"hapdi akon itlog ko",synonym,active
testicular_pain,"Testicular Pain",urology,6,0,6,no,"hapdi akon itlog ku",synonym,active
testicular_pain,"Testicular Pain",urology,6,0,6,no,"hapdi akon itlug",synonym,active
testicular_pain,"Testicular Pain",urology,6,0,6,no,"hapdi akon itlug ko",synonym,active
testicular_pain,"Testicular Pain",urology,6,0,6,no,"hapdi akon itlug ku",synonym,active
testicular_pain,"Testicular Pain",urology,6,0,6,no,"hapdi itlog acun",synonym,active
testicular_pain,"Testicular Pain",urology,6,0,6,no,"hapdi itlog acun gid",synonym,active
testicular_pain,"Testicular Pain",urology,6,0,6,no,"hapdi itlog acun subong",synonym,active
testicular_pain,"Testicular Pain",urology,6,0,6,no,"hapdi itlog ako",synonym,active
testicular_pain,"Testicular Pain",urology,6,0,6,no,"hapdi itlog akon",synonym,active
testicular_pain,"Testicular Pain",urology,6,0,6,no,"hapdi itlog akon gid",synonym,active
testicular_pain,"Testicular Pain",urology,6,0,6,no,"hapdi itlog akon subong",synonym,active
testicular_pain,"Testicular Pain",urology,6,0,6,no,"hapdi itlog gid ko",synonym,active
testicular_pain,"Testicular Pain",urology,6,0,6,no,"hapdi itlog gid ku",synonym,active
testicular_pain,"Testicular Pain",urology,6,0,6,no,"hapdi itlog ko",synonym,active
testicular_pain,"Testicular Pain",urology,6,0,6,no,"hapdi itlog ko acun",synonym,active
testicular_pain,"Testicular Pain",urology,6,0,6,no,"hapdi itlog ko acun gid",synonym,active
testicular_pain,"Testicular Pain",urology,6,0,6,no,"hapdi itlog ko acun subong",synonym,active
testicular_pain,"Testicular Pain",urology,6,0,6,no,"hapdi itlog ko ako",synonym,active
testicular_pain,"Testicular Pain",urology,6,0,6,no,"hapdi itlog ko akon",synonym,active
testicular_pain,"Testicular Pain",urology,6,0,6,no,"hapdi itlog ko akon gid",synonym,active
testicular_pain,"Testicular Pain",urology,6,0,6,no,"hapdi itlog ko akon subong",synonym,active
testicular_pain,"Testicular Pain",urology,6,0,6,no,"hapdi itlog ko gid",synonym,active
testicular_pain,"Testicular Pain",urology,6,0,6,no,"hapdi itlog ko gid ko",synonym,active
testicular_pain,"Testicular Pain",urology,6,0,6,no,"hapdi itlog ko ko",synonym,active
testicular_pain,"Testicular Pain",urology,6,0,6,no,"hapdi itlog ko ko gid",synonym,active
testicular_pain,"Testicular Pain",urology,6,0,6,no,"hapdi itlog ku",synonym,active
testicular_pain,"Testicular Pain",urology,6,0,6,no,"hapdi itlog ku ako",synonym,active
testicular_pain,"Testicular Pain",urology,6,0,6,no,"hapdi itlog ku akon",synonym,active
testicular_pain,"Testicular Pain",urology,6,0,6,no,"hapdi itlog ku akon gid",synonym,active
testicular_pain,"Testicular Pain",urology,6,0,6,no,"hapdi itlog ku akon subong",synonym,active
testicular_pain,"Testicular Pain",urology,6,0,6,no,"hapdi itlog ku gid",synonym,active
testicular_pain,"Testicular Pain",urology,6,0,6,no,"hapdi itlog ku gid ko",synonym,active
testicular_pain,"Testicular Pain",urology,6,0,6,no,"hapdi itlog ku ko",synonym,active
testicular_pain,"Testicular Pain",urology,6,0,6,no,"hapdi itlog ku ko gid",synonym,active
testicular_pain,"Testicular Pain",urology,6,0,6,no,"hapdi itlug acun",synonym,active
testicular_pain,"Testicular Pain",urology,6,0,6,no,"hapdi itlug acun gid",synonym,active
testicular_pain,"Testicular Pain",urology,6,0,6,no,"hapdi itlug acun subong",synonym,active
testicular_pain,"Testicular Pain",urology,6,0,6,no,"hapdi itlug ako",synonym,active
testicular_pain,"Testicular Pain",urology,6,0,6,no,"hapdi itlug akon",synonym,active
testicular_pain,"Testicular Pain",urology,6,0,6,no,"hapdi itlug akon gid",synonym,active
testicular_pain,"Testicular Pain",urology,6,0,6,no,"hapdi itlug akon subong",synonym,active
testicular_pain,"Testicular Pain",urology,6,0,6,no,"hapdi itlug gid ko",synonym,active
testicular_pain,"Testicular Pain",urology,6,0,6,no,"hapdi itlug gid ku",synonym,active
testicular_pain,"Testicular Pain",urology,6,0,6,no,"hapdi itlug ko",synonym,active
testicular_pain,"Testicular Pain",urology,6,0,6,no,"hapdi itlug ko acun",synonym,active
testicular_pain,"Testicular Pain",urology,6,0,6,no,"hapdi itlug ko acun gid",synonym,active
testicular_pain,"Testicular Pain",urology,6,0,6,no,"hapdi itlug ko acun subong",synonym,active
testicular_pain,"Testicular Pain",urology,6,0,6,no,"hapdi itlug ko ako",synonym,active
testicular_pain,"Testicular Pain",urology,6,0,6,no,"hapdi itlug ko akon",synonym,active
testicular_pain,"Testicular Pain",urology,6,0,6,no,"hapdi itlug ko akon gid",synonym,active
testicular_pain,"Testicular Pain",urology,6,0,6,no,"hapdi itlug ko akon subong",synonym,active
testicular_pain,"Testicular Pain",urology,6,0,6,no,"hapdi itlug ko gid",synonym,active
testicular_pain,"Testicular Pain",urology,6,0,6,no,"hapdi itlug ko gid ko",synonym,active
testicular_pain,"Testicular Pain",urology,6,0,6,no,"hapdi itlug ko ko",synonym,active
testicular_pain,"Testicular Pain",urology,6,0,6,no,"hapdi itlug ko ko gid",synonym,active
testicular_pain,"Testicular Pain",urology,6,0,6,no,"hapdi itlug ku",synonym,active
testicular_pain,"Testicular Pain",urology,6,0,6,no,"hapdi itlug ku ako",synonym,active
testicular_pain,"Testicular Pain",urology,6,0,6,no,"hapdi itlug ku akon",synonym,active
testicular_pain,"Testicular Pain",urology,6,0,6,no,"hapdi itlug ku akon gid",synonym,active
testicular_pain,"Testicular Pain",urology,6,0,6,no,"hapdi itlug ku akon subong",synonym,active
testicular_pain,"Testicular Pain",urology,6,0,6,no,"hapdi itlug ku gid",synonym,active
testicular_pain,"Testicular Pain",urology,6,0,6,no,"hapdi itlug ku gid ko",synonym,active
testicular_pain,"Testicular Pain",urology,6,0,6,no,"hapdi itlug ku ko",synonym,active
testicular_pain,"Testicular Pain",urology,6,0,6,no,"hapdi itlug ku ko gid",synonym,active
testicular_pain,"Testicular Pain",urology,6,0,6,no,"masakit acun itlog",synonym,active
testicular_pain,"Testicular Pain",urology,6,0,6,no,"masakit acun itlog ko",synonym,active
testicular_pain,"Testicular Pain",urology,6,0,6,no,"masakit acun itlug",synonym,active
testicular_pain,"Testicular Pain",urology,6,0,6,no,"masakit acun itlug ko",synonym,active
testicular_pain,"Testicular Pain",urology,6,0,6,no,"masakit akon itlog",synonym,active
testicular_pain,"Testicular Pain",urology,6,0,6,no,"masakit akon itlog ko",synonym,active
testicular_pain,"Testicular Pain",urology,6,0,6,no,"masakit akon itlog ku",synonym,active
testicular_pain,"Testicular Pain",urology,6,0,6,no,"masakit akon itlug",synonym,active
testicular_pain,"Testicular Pain",urology,6,0,6,no,"masakit akon itlug ko",synonym,active
testicular_pain,"Testicular Pain",urology,6,0,6,no,"masakit akon itlug ku",synonym,active
testicular_pain,"Testicular Pain",urology,6,0,6,no,"masakit gid acun itlog",synonym,active
testicular_pain,"Testicular Pain",urology,6,0,6,no,"masakit gid acun itlog ko",synonym,active
testicular_pain,"Testicular Pain",urology,6,0,6,no,"masakit gid acun itlug",synonym,active
testicular_pain,"Testicular Pain",urology,6,0,6,no,"masakit gid acun itlug ko",synonym,active
testicular_pain,"Testicular Pain",urology,6,0,6,no,"masakit gid akon itlog",synonym,active
testicular_pain,"Testicular Pain",urology,6,0,6,no,"masakit gid akon itlog ko",synonym,active
testicular_pain,"Testicular Pain",urology,6,0,6,no,"masakit gid akon itlog ku",synonym,active
testicular_pain,"Testicular Pain",urology,6,0,6,no,"masakit gid akon itlug",synonym,active
testicular_pain,"Testicular Pain",urology,6,0,6,no,"masakit gid akon itlug ko",synonym,active
testicular_pain,"Testicular Pain",urology,6,0,6,no,"masakit gid akon itlug ku",synonym,active
testicular_pain,"Testicular Pain",urology,6,0,6,no,"masakit gid itlog acun",synonym,active
testicular_pain,"Testicular Pain",urology,6,0,6,no,"masakit gid itlog acun gid",synonym,active
testicular_pain,"Testicular Pain",urology,6,0,6,no,"masakit gid itlog acun subong",synonym,active
testicular_pain,"Testicular Pain",urology,6,0,6,no,"masakit gid itlog ako",synonym,active
testicular_pain,"Testicular Pain",urology,6,0,6,no,"masakit gid itlog akon",synonym,active
testicular_pain,"Testicular Pain",urology,6,0,6,no,"masakit gid itlog akon gid",synonym,active
testicular_pain,"Testicular Pain",urology,6,0,6,no,"masakit gid itlog akon subong",synonym,active
testicular_pain,"Testicular Pain",urology,6,0,6,no,"masakit gid itlog gid ko",synonym,active
testicular_pain,"Testicular Pain",urology,6,0,6,no,"masakit gid itlog gid ku",synonym,active
testicular_pain,"Testicular Pain",urology,6,0,6,no,"masakit gid itlog ko",synonym,active
testicular_pain,"Testicular Pain",urology,6,0,6,no,"masakit gid itlog ko acun",synonym,active
testicular_pain,"Testicular Pain",urology,6,0,6,no,"masakit gid itlog ko acun gid",synonym,active
testicular_pain,"Testicular Pain",urology,6,0,6,no,"masakit gid itlog ko acun subong",synonym,active
testicular_pain,"Testicular Pain",urology,6,0,6,no,"masakit gid itlog ko ako",synonym,active
testicular_pain,"Testicular Pain",urology,6,0,6,no,"masakit gid itlog ko akon",synonym,active
testicular_pain,"Testicular Pain",urology,6,0,6,no,"masakit gid itlog ko akon gid",synonym,active
testicular_pain,"Testicular Pain",urology,6,0,6,no,"masakit gid itlog ko akon subong",synonym,active
testicular_pain,"Testicular Pain",urology,6,0,6,no,"masakit gid itlog ko gid",synonym,active
testicular_pain,"Testicular Pain",urology,6,0,6,no,"masakit gid itlog ko gid ko",synonym,active
testicular_pain,"Testicular Pain",urology,6,0,6,no,"masakit gid itlog ko ko",synonym,active
testicular_pain,"Testicular Pain",urology,6,0,6,no,"masakit gid itlog ko ko gid",synonym,active
testicular_pain,"Testicular Pain",urology,6,0,6,no,"masakit gid itlog ku",synonym,active
testicular_pain,"Testicular Pain",urology,6,0,6,no,"masakit gid itlog ku ako",synonym,active
testicular_pain,"Testicular Pain",urology,6,0,6,no,"masakit gid itlog ku akon",synonym,active
testicular_pain,"Testicular Pain",urology,6,0,6,no,"masakit gid itlog ku akon gid",synonym,active
testicular_pain,"Testicular Pain",urology,6,0,6,no,"masakit gid itlog ku akon subong",synonym,active
testicular_pain,"Testicular Pain",urology,6,0,6,no,"masakit gid itlog ku gid",synonym,active
testicular_pain,"Testicular Pain",urology,6,0,6,no,"masakit gid itlog ku gid ko",synonym,active
testicular_pain,"Testicular Pain",urology,6,0,6,no,"masakit gid itlog ku ko",synonym,active
testicular_pain,"Testicular Pain",urology,6,0,6,no,"masakit gid itlog ku ko gid",synonym,active
testicular_pain,"Testicular Pain",urology,6,0,6,no,"masakit gid itlug acun",synonym,active
testicular_pain,"Testicular Pain",urology,6,0,6,no,"masakit gid itlug acun gid",synonym,active
testicular_pain,"Testicular Pain",urology,6,0,6,no,"masakit gid itlug acun subong",synonym,active
testicular_pain,"Testicular Pain",urology,6,0,6,no,"masakit gid itlug ako",synonym,active
testicular_pain,"Testicular Pain",urology,6,0,6,no,"masakit gid itlug akon",synonym,active
testicular_pain,"Testicular Pain",urology,6,0,6,no,"masakit gid itlug akon gid",synonym,active
testicular_pain,"Testicular Pain",urology,6,0,6,no,"masakit gid itlug akon subong",synonym,active
testicular_pain,"Testicular Pain",urology,6,0,6,no,"masakit gid itlug gid ko",synonym,active
testicular_pain,"Testicular Pain",urology,6,0,6,no,"masakit gid itlug gid ku",synonym,active
testicular_pain,"Testicular Pain",urology,6,0,6,no,"masakit gid itlug ko",synonym,active
testicular_pain,"Testicular Pain",urology,6,0,6,no,"masakit gid itlug ko acun",synonym,active
testicular_pain,"Testicular Pain",urology,6,0,6,no,"masakit gid itlug ko acun gid",synonym,active
testicular_pain,"Testicular Pain",urology,6,0,6,no,"masakit gid itlug ko acun subong",synonym,active
testicular_pain,"Testicular Pain",urology,6,0,6,no,"masakit gid itlug ko ako",synonym,active
testicular_pain,"Testicular Pain",urology,6,0,6,no,"masakit gid itlug ko akon",synonym,active
testicular_pain,"Testicular Pain",urology,6,0,6,no,"masakit gid itlug ko akon gid",synonym,active
testicular_pain,"Testicular Pain",urology,6,0,6,no,"masakit gid itlug ko akon subong",synonym,active
testicular_pain,"Testicular Pain",urology,6,0,6,no,"masakit gid itlug ko gid",synonym,active
testicular_pain,"Testicular Pain",urology,6,0,6,no,"masakit gid itlug ko gid ko",synonym,active
testicular_pain,"Testicular Pain",urology,6,0,6,no,"masakit gid itlug ko ko",synonym,active
testicular_pain,"Testicular Pain",urology,6,0,6,no,"masakit gid itlug ko ko gid",synonym,active
testicular_pain,"Testicular Pain",urology,6,0,6,no,"masakit gid itlug ku",synonym,active
testicular_pain,"Testicular Pain",urology,6,0,6,no,"masakit gid itlug ku ako",synonym,active
testicular_pain,"Testicular Pain",urology,6,0,6,no,"masakit gid itlug ku akon",synonym,active
testicular_pain,"Testicular Pain",urology,6,0,6,no,"masakit gid itlug ku akon gid",synonym,active
testicular_pain,"Testicular Pain",urology,6,0,6,no,"masakit gid itlug ku akon subong",synonym,active
testicular_pain,"Testicular Pain",urology,6,0,6,no,"masakit gid itlug ku gid",synonym,active
testicular_pain,"Testicular Pain",urology,6,0,6,no,"masakit gid itlug ku gid ko",synonym,active
testicular_pain,"Testicular Pain",urology,6,0,6,no,"masakit gid itlug ku ko",synonym,active
testicular_pain,"Testicular Pain",urology,6,0,6,no,"masakit gid itlug ku ko gid",synonym,active
testicular_pain,"Testicular Pain",urology,6,0,6,no,"masakit itlog acun",synonym,active
testicular_pain,"Testicular Pain",urology,6,0,6,no,"masakit itlog acun gid",synonym,active
testicular_pain,"Testicular Pain",urology,6,0,6,no,"masakit itlog acun subong",synonym,active
testicular_pain,"Testicular Pain",urology,6,0,6,no,"masakit itlog ako",synonym,active
testicular_pain,"Testicular Pain",urology,6,0,6,no,"masakit itlog akon",synonym,active
testicular_pain,"Testicular Pain",urology,6,0,6,no,"masakit itlog akon gid",synonym,active
testicular_pain,"Testicular Pain",urology,6,0,6,no,"masakit itlog akon subong",synonym,active
testicular_pain,"Testicular Pain",urology,6,0,6,no,"masakit itlog gid ko",synonym,active
testicular_pain,"Testicular Pain",urology,6,0,6,no,"masakit itlog gid ku",synonym,active
testicular_pain,"Testicular Pain",urology,6,0,6,no,"masakit itlog ko",synonym,active
testicular_pain,"Testicular Pain",urology,6,0,6,no,"masakit itlog ko acun",synonym,active
testicular_pain,"Testicular Pain",urology,6,0,6,no,"masakit itlog ko acun gid",synonym,active
testicular_pain,"Testicular Pain",urology,6,0,6,no,"masakit itlog ko acun subong",synonym,active
testicular_pain,"Testicular Pain",urology,6,0,6,no,"masakit itlog ko ako",synonym,active
testicular_pain,"Testicular Pain",urology,6,0,6,no,"masakit itlog ko akon",synonym,active
testicular_pain,"Testicular Pain",urology,6,0,6,no,"masakit itlog ko akon gid",synonym,active
testicular_pain,"Testicular Pain",urology,6,0,6,no,"masakit itlog ko akon subong",synonym,active
testicular_pain,"Testicular Pain",urology,6,0,6,no,"masakit itlog ko gid",synonym,active
testicular_pain,"Testicular Pain",urology,6,0,6,no,"masakit itlog ko gid ko",synonym,active
testicular_pain,"Testicular Pain",urology,6,0,6,no,"masakit itlog ko ko",synonym,active
testicular_pain,"Testicular Pain",urology,6,0,6,no,"masakit itlog ko ko gid",synonym,active
testicular_pain,"Testicular Pain",urology,6,0,6,no,"masakit itlog ku",synonym,active
testicular_pain,"Testicular Pain",urology,6,0,6,no,"masakit itlog ku ako",synonym,active
testicular_pain,"Testicular Pain",urology,6,0,6,no,"masakit itlog ku akon",synonym,active
testicular_pain,"Testicular Pain",urology,6,0,6,no,"masakit itlog ku akon gid",synonym,active
testicular_pain,"Testicular Pain",urology,6,0,6,no,"masakit itlog ku akon subong",synonym,active
testicular_pain,"Testicular Pain",urology,6,0,6,no,"masakit itlog ku gid",synonym,active
testicular_pain,"Testicular Pain",urology,6,0,6,no,"masakit itlog ku gid ko",synonym,active
testicular_pain,"Testicular Pain",urology,6,0,6,no,"masakit itlog ku ko",synonym,active
testicular_pain,"Testicular Pain",urology,6,0,6,no,"masakit itlog ku ko gid",synonym,active
testicular_pain,"Testicular Pain",urology,6,0,6,no,"masakit itlug acun",synonym,active
testicular_pain,"Testicular Pain",urology,6,0,6,no,"masakit itlug acun gid",synonym,active
testicular_pain,"Testicular Pain",urology,6,0,6,no,"masakit itlug acun subong",synonym,active
testicular_pain,"Testicular Pain",urology,6,0,6,no,"masakit itlug ako",synonym,active
testicular_pain,"Testicular Pain",urology,6,0,6,no,"masakit itlug akon",synonym,active
testicular_pain,"Testicular Pain",urology,6,0,6,no,"masakit itlug akon gid",synonym,active
testicular_pain,"Testicular Pain",urology,6,0,6,no,"masakit itlug akon subong",synonym,active
testicular_pain,"Testicular Pain",urology,6,0,6,no,"masakit itlug gid ko",synonym,active
testicular_pain,"Testicular Pain",urology,6,0,6,no,"masakit itlug gid ku",synonym,active
testicular_pain,"Testicular Pain",urology,6,0,6,no,"masakit itlug ko",synonym,active
testicular_pain,"Testicular Pain",urology,6,0,6,no,"masakit itlug ko acun",synonym,active
testicular_pain,"Testicular Pain",urology,6,0,6,no,"masakit itlug ko acun gid",synonym,active
testicular_pain,"Testicular Pain",urology,6,0,6,no,"masakit itlug ko acun subong",synonym,active
testicular_pain,"Testicular Pain",urology,6,0,6,no,"masakit itlug ko ako",synonym,active
testicular_pain,"Testicular Pain",urology,6,0,6,no,"masakit itlug ko akon",synonym,active
testicular_pain,"Testicular Pain",urology,6,0,6,no,"masakit itlug ko akon gid",synonym,active
testicular_pain,"Testicular Pain",urology,6,0,6,no,"masakit itlug ko akon subong",synonym,active
testicular_pain,"Testicular Pain",urology,6,0,6,no,"masakit itlug ko gid",synonym,active
testicular_pain,"Testicular Pain",urology,6,0,6,no,"masakit itlug ko gid ko",synonym,active
testicular_pain,"Testicular Pain",urology,6,0,6,no,"masakit itlug ko ko",synonym,active
testicular_pain,"Testicular Pain",urology,6,0,6,no,"masakit itlug ko ko gid",synonym,active
testicular_pain,"Testicular Pain",urology,6,0,6,no,"masakit itlug ku",synonym,active
testicular_pain,"Testicular Pain",urology,6,0,6,no,"masakit itlug ku ako",synonym,active
testicular_pain,"Testicular Pain",urology,6,0,6,no,"masakit itlug ku akon",synonym,active
testicular_pain,"Testicular Pain",urology,6,0,6,no,"masakit itlug ku akon gid",synonym,active
testicular_pain,"Testicular Pain",urology,6,0,6,no,"masakit itlug ku akon subong",synonym,active
testicular_pain,"Testicular Pain",urology,6,0,6,no,"masakit itlug ku gid",synonym,active
testicular_pain,"Testicular Pain",urology,6,0,6,no,"masakit itlug ku gid ko",synonym,active
testicular_pain,"Testicular Pain",urology,6,0,6,no,"masakit itlug ku ko",synonym,active
testicular_pain,"Testicular Pain",urology,6,0,6,no,"masakit itlug ku ko gid",synonym,active
testicular_pain,"Testicular Pain",urology,6,0,6,no,"sakit acun itlog",synonym,active
testicular_pain,"Testicular Pain",urology,6,0,6,no,"sakit acun itlog ko",synonym,active
testicular_pain,"Testicular Pain",urology,6,0,6,no,"sakit acun itlug",synonym,active
testicular_pain,"Testicular Pain",urology,6,0,6,no,"sakit acun itlug ko",synonym,active
testicular_pain,"Testicular Pain",urology,6,0,6,no,"sakit akon itlog",synonym,active
testicular_pain,"Testicular Pain",urology,6,0,6,no,"sakit akon itlog ko",synonym,active
testicular_pain,"Testicular Pain",urology,6,0,6,no,"sakit akon itlog ku",synonym,active
testicular_pain,"Testicular Pain",urology,6,0,6,no,"sakit akon itlug",synonym,active
testicular_pain,"Testicular Pain",urology,6,0,6,no,"sakit akon itlug ko",synonym,active
testicular_pain,"Testicular Pain",urology,6,0,6,no,"sakit akon itlug ku",synonym,active
testicular_pain,"Testicular Pain",urology,6,0,6,no,"sakit gid acun itlog",synonym,active
testicular_pain,"Testicular Pain",urology,6,0,6,no,"sakit gid acun itlog ko",synonym,active
testicular_pain,"Testicular Pain",urology,6,0,6,no,"sakit gid acun itlug",synonym,active
testicular_pain,"Testicular Pain",urology,6,0,6,no,"sakit gid acun itlug ko",synonym,active
testicular_pain,"Testicular Pain",urology,6,0,6,no,"sakit gid akon itlog",synonym,active
testicular_pain,"Testicular Pain",urology,6,0,6,no,"sakit gid akon itlog ko",synonym,active
testicular_pain,"Testicular Pain",urology,6,0,6,no,"sakit gid akon itlog ku",synonym,active
testicular_pain,"Testicular Pain",urology,6,0,6,no,"sakit gid akon itlug",synonym,active
testicular_pain,"Testicular Pain",urology,6,0,6,no,"sakit gid akon itlug ko",synonym,active
testicular_pain,"Testicular Pain",urology,6,0,6,no,"sakit gid akon itlug ku",synonym,active
testicular_pain,"Testicular Pain",urology,6,0,6,no,"sakit gid itlog acun",synonym,active
testicular_pain,"Testicular Pain",urology,6,0,6,no,"sakit gid itlog acun gid",synonym,active
testicular_pain,"Testicular Pain",urology,6,0,6,no,"sakit gid itlog acun subong",synonym,active
testicular_pain,"Testicular Pain",urology,6,0,6,no,"sakit gid itlog ako",synonym,active
testicular_pain,"Testicular Pain",urology,6,0,6,no,"sakit gid itlog akon",synonym,active
testicular_pain,"Testicular Pain",urology,6,0,6,no,"sakit gid itlog akon gid",synonym,active
testicular_pain,"Testicular Pain",urology,6,0,6,no,"sakit gid itlog akon subong",synonym,active
testicular_pain,"Testicular Pain",urology,6,0,6,no,"sakit gid itlog gid ko",synonym,active
testicular_pain,"Testicular Pain",urology,6,0,6,no,"sakit gid itlog gid ku",synonym,active
testicular_pain,"Testicular Pain",urology,6,0,6,no,"sakit gid itlog ko",synonym,active
testicular_pain,"Testicular Pain",urology,6,0,6,no,"sakit gid itlog ko acun",synonym,active
testicular_pain,"Testicular Pain",urology,6,0,6,no,"sakit gid itlog ko acun gid",synonym,active
testicular_pain,"Testicular Pain",urology,6,0,6,no,"sakit gid itlog ko acun subong",synonym,active
testicular_pain,"Testicular Pain",urology,6,0,6,no,"sakit gid itlog ko ako",synonym,active
testicular_pain,"Testicular Pain",urology,6,0,6,no,"sakit gid itlog ko akon",synonym,active
testicular_pain,"Testicular Pain",urology,6,0,6,no,"sakit gid itlog ko akon gid",synonym,active
testicular_pain,"Testicular Pain",urology,6,0,6,no,"sakit gid itlog ko akon subong",synonym,active
testicular_pain,"Testicular Pain",urology,6,0,6,no,"sakit gid itlog ko gid",synonym,active
testicular_pain,"Testicular Pain",urology,6,0,6,no,"sakit gid itlog ko gid ko",synonym,active
testicular_pain,"Testicular Pain",urology,6,0,6,no,"sakit gid itlog ko ko",synonym,active
testicular_pain,"Testicular Pain",urology,6,0,6,no,"sakit gid itlog ko ko gid",synonym,active
testicular_pain,"Testicular Pain",urology,6,0,6,no,"sakit gid itlog ku",synonym,active
testicular_pain,"Testicular Pain",urology,6,0,6,no,"sakit gid itlog ku ako",synonym,active
testicular_pain,"Testicular Pain",urology,6,0,6,no,"sakit gid itlog ku akon",synonym,active
testicular_pain,"Testicular Pain",urology,6,0,6,no,"sakit gid itlog ku akon gid",synonym,active
testicular_pain,"Testicular Pain",urology,6,0,6,no,"sakit gid itlog ku akon subong",synonym,active
testicular_pain,"Testicular Pain",urology,6,0,6,no,"sakit gid itlog ku gid",synonym,active
testicular_pain,"Testicular Pain",urology,6,0,6,no,"sakit gid itlog ku gid ko",synonym,active
testicular_pain,"Testicular Pain",urology,6,0,6,no,"sakit gid itlog ku ko",synonym,active
testicular_pain,"Testicular Pain",urology,6,0,6,no,"sakit gid itlog ku ko gid",synonym,active
testicular_pain,"Testicular Pain",urology,6,0,6,no,"sakit gid itlug acun",synonym,active
testicular_pain,"Testicular Pain",urology,6,0,6,no,"sakit gid itlug acun gid",synonym,active
testicular_pain,"Testicular Pain",urology,6,0,6,no,"sakit gid itlug acun subong",synonym,active
testicular_pain,"Testicular Pain",urology,6,0,6,no,"sakit gid itlug ako",synonym,active
testicular_pain,"Testicular Pain",urology,6,0,6,no,"sakit gid itlug akon",synonym,active
testicular_pain,"Testicular Pain",urology,6,0,6,no,"sakit gid itlug akon gid",synonym,active
testicular_pain,"Testicular Pain",urology,6,0,6,no,"sakit gid itlug akon subong",synonym,active
testicular_pain,"Testicular Pain",urology,6,0,6,no,"sakit gid itlug gid ko",synonym,active
testicular_pain,"Testicular Pain",urology,6,0,6,no,"sakit gid itlug gid ku",synonym,active
testicular_pain,"Testicular Pain",urology,6,0,6,no,"sakit gid itlug ko",synonym,active
testicular_pain,"Testicular Pain",urology,6,0,6,no,"sakit gid itlug ko acun",synonym,active
testicular_pain,"Testicular Pain",urology,6,0,6,no,"sakit gid itlug ko acun gid",synonym,active
testicular_pain,"Testicular Pain",urology,6,0,6,no,"sakit gid itlug ko acun subong",synonym,active
testicular_pain,"Testicular Pain",urology,6,0,6,no,"sakit gid itlug ko ako",synonym,active
testicular_pain,"Testicular Pain",urology,6,0,6,no,"sakit gid itlug ko akon",synonym,active
testicular_pain,"Testicular Pain",urology,6,0,6,no,"sakit gid itlug ko akon gid",synonym,active
testicular_pain,"Testicular Pain",urology,6,0,6,no,"sakit gid itlug ko akon subong",synonym,active
testicular_pain,"Testicular Pain",urology,6,0,6,no,"sakit gid itlug ko gid",synonym,active
testicular_pain,"Testicular Pain",urology,6,0,6,no,"sakit gid itlug ko gid ko",synonym,active
testicular_pain,"Testicular Pain",urology,6,0,6,no,"sakit gid itlug ko ko",synonym,active
testicular_pain,"Testicular Pain",urology,6,0,6,no,"sakit gid itlug ko ko gid",synonym,active
testicular_pain,"Testicular Pain",urology,6,0,6,no,"sakit gid itlug ku",synonym,active
testicular_pain,"Testicular Pain",urology,6,0,6,no,"sakit gid itlug ku ako",synonym,active
testicular_pain,"Testicular Pain",urology,6,0,6,no,"sakit gid itlug ku akon",synonym,active
testicular_pain,"Testicular Pain",urology,6,0,6,no,"sakit gid itlug ku akon gid",synonym,active
testicular_pain,"Testicular Pain",urology,6,0,6,no,"sakit gid itlug ku akon subong",synonym,active
testicular_pain,"Testicular Pain",urology,6,0,6,no,"sakit gid itlug ku gid",synonym,active
testicular_pain,"Testicular Pain",urology,6,0,6,no,"sakit gid itlug ku gid ko",synonym,active
testicular_pain,"Testicular Pain",urology,6,0,6,no,"sakit gid itlug ku ko",synonym,active
testicular_pain,"Testicular Pain",urology,6,0,6,no,"sakit gid itlug ku ko gid",synonym,active
testicular_pain,"Testicular Pain",urology,6,0,6,no,"sakit itlog",synonym,active
testicular_pain,"Testicular Pain",urology,6,0,6,no,"sakit itlog acun",synonym,active
testicular_pain,"Testicular Pain",urology,6,0,6,no,"sakit itlog acun gid",synonym,active
testicular_pain,"Testicular Pain",urology,6,0,6,no,"sakit itlog acun subong",synonym,active
testicular_pain,"Testicular Pain",urology,6,0,6,no,"sakit itlog ako",synonym,active
testicular_pain,"Testicular Pain",urology,6,0,6,no,"sakit itlog akon",synonym,active
testicular_pain,"Testicular Pain",urology,6,0,6,no,"sakit itlog akon gid",synonym,active
testicular_pain,"Testicular Pain",urology,6,0,6,no,"sakit itlog akon subong",synonym,active
testicular_pain,"Testicular Pain",urology,6,0,6,no,"sakit itlog gid ko",synonym,active
testicular_pain,"Testicular Pain",urology,6,0,6,no,"sakit itlog gid ku",synonym,active
testicular_pain,"Testicular Pain",urology,6,0,6,no,"sakit itlog ko",synonym,active
testicular_pain,"Testicular Pain",urology,6,0,6,no,"sakit itlog ko acun",synonym,active
testicular_pain,"Testicular Pain",urology,6,0,6,no,"sakit itlog ko acun gid",synonym,active
testicular_pain,"Testicular Pain",urology,6,0,6,no,"sakit itlog ko acun subong",synonym,active
testicular_pain,"Testicular Pain",urology,6,0,6,no,"sakit itlog ko ako",synonym,active
testicular_pain,"Testicular Pain",urology,6,0,6,no,"sakit itlog ko akon",synonym,active
testicular_pain,"Testicular Pain",urology,6,0,6,no,"sakit itlog ko akon gid",synonym,active
testicular_pain,"Testicular Pain",urology,6,0,6,no,"sakit itlog ko akon subong",synonym,active
testicular_pain,"Testicular Pain",urology,6,0,6,no,"sakit itlog ko gid",synonym,active
testicular_pain,"Testicular Pain",urology,6,0,6,no,"sakit itlog ko gid ko",synonym,active
testicular_pain,"Testicular Pain",urology,6,0,6,no,"sakit itlog ko ko",synonym,active
testicular_pain,"Testicular Pain",urology,6,0,6,no,"sakit itlog ko ko gid",synonym,active
testicular_pain,"Testicular Pain",urology,6,0,6,no,"sakit itlog ku",synonym,active
testicular_pain,"Testicular Pain",urology,6,0,6,no,"sakit itlog ku ako",synonym,active
testicular_pain,"Testicular Pain",urology,6,0,6,no,"sakit itlog ku akon",synonym,active
testicular_pain,"Testicular Pain",urology,6,0,6,no,"sakit itlog ku akon gid",synonym,active
testicular_pain,"Testicular Pain",urology,6,0,6,no,"sakit itlog ku akon subong",synonym,active
testicular_pain,"Testicular Pain",urology,6,0,6,no,"sakit itlog ku gid",synonym,active
testicular_pain,"Testicular Pain",urology,6,0,6,no,"sakit itlog ku gid ko",synonym,active
testicular_pain,"Testicular Pain",urology,6,0,6,no,"sakit itlog ku ko",synonym,active
testicular_pain,"Testicular Pain",urology,6,0,6,no,"sakit itlog ku ko gid",synonym,active
testicular_pain,"Testicular Pain",urology,6,0,6,no,"sakit itlug acun",synonym,active
testicular_pain,"Testicular Pain",urology,6,0,6,no,"sakit itlug acun gid",synonym,active
testicular_pain,"Testicular Pain",urology,6,0,6,no,"sakit itlug acun subong",synonym,active
testicular_pain,"Testicular Pain",urology,6,0,6,no,"sakit itlug ako",synonym,active
testicular_pain,"Testicular Pain",urology,6,0,6,no,"sakit itlug akon",synonym,active
testicular_pain,"Testicular Pain",urology,6,0,6,no,"sakit itlug akon gid",synonym,active
testicular_pain,"Testicular Pain",urology,6,0,6,no,"sakit itlug akon subong",synonym,active
testicular_pain,"Testicular Pain",urology,6,0,6,no,"sakit itlug gid ko",synonym,active
testicular_pain,"Testicular Pain",urology,6,0,6,no,"sakit itlug gid ku",synonym,active
testicular_pain,"Testicular Pain",urology,6,0,6,no,"sakit itlug ko",synonym,active
testicular_pain,"Testicular Pain",urology,6,0,6,no,"sakit itlug ko acun",synonym,active
testicular_pain,"Testicular Pain",urology,6,0,6,no,"sakit itlug ko acun gid",synonym,active
testicular_pain,"Testicular Pain",urology,6,0,6,no,"sakit itlug ko acun subong",synonym,active
testicular_pain,"Testicular Pain",urology,6,0,6,no,"sakit itlug ko ako",synonym,active
testicular_pain,"Testicular Pain",urology,6,0,6,no,"sakit itlug ko akon",synonym,active
testicular_pain,"Testicular Pain",urology,6,0,6,no,"sakit itlug ko akon gid",synonym,active
testicular_pain,"Testicular Pain",urology,6,0,6,no,"sakit itlug ko akon subong",synonym,active
testicular_pain,"Testicular Pain",urology,6,0,6,no,"sakit itlug ko gid",synonym,active
testicular_pain,"Testicular Pain",urology,6,0,6,no,"sakit itlug ko gid ko",synonym,active
testicular_pain,"Testicular Pain",urology,6,0,6,no,"sakit itlug ko ko",synonym,active
testicular_pain,"Testicular Pain",urology,6,0,6,no,"sakit itlug ko ko gid",synonym,active
testicular_pain,"Testicular Pain",urology,6,0,6,no,"sakit itlug ku",synonym,active
testicular_pain,"Testicular Pain",urology,6,0,6,no,"sakit itlug ku ako",synonym,active
testicular_pain,"Testicular Pain",urology,6,0,6,no,"sakit itlug ku akon",synonym,active
testicular_pain,"Testicular Pain",urology,6,0,6,no,"sakit itlug ku akon gid",synonym,active
testicular_pain,"Testicular Pain",urology,6,0,6,no,"sakit itlug ku akon subong",synonym,active
testicular_pain,"Testicular Pain",urology,6,0,6,no,"sakit itlug ku gid",synonym,active
testicular_pain,"Testicular Pain",urology,6,0,6,no,"sakit itlug ku gid ko",synonym,active
testicular_pain,"Testicular Pain",urology,6,0,6,no,"sakit itlug ku ko",synonym,active
testicular_pain,"Testicular Pain",urology,6,0,6,no,"sakit itlug ku ko gid",synonym,active
testicular_pain,"Testicular Pain",urology,6,0,6,no,"itlog masakit",synonym,active
testicular_pain,"Testicular Pain",urology,6,0,6,no,"kalit sakit itlog",synonym,active
testicular_pain,"Testicular Pain",urology,6,0,6,no,"masakit ang testicular pain",synonym,active
testicular_pain,"Testicular Pain",urology,6,0,6,no,testicular_pain,concept_id,active
testicular_torsion,"Testicular Torsion",urology,12,12,0,yes,"testicular torsion",canonical,active
testicular_torsion,"Testicular Torsion",urology,12,12,0,yes,testicular,synonym,active
testicular_torsion,"Testicular Torsion",urology,12,12,0,yes,torsion,synonym,active
testicular_torsion,"Testicular Torsion",urology,12,12,0,yes,"may testicular torsion",synonym,active
testicular_torsion,"Testicular Torsion",urology,12,12,0,yes,"masakit testicular torsion",synonym,active
testicular_torsion,"Testicular Torsion",urology,12,12,0,yes,"gahubag kag kalit hapdi itlog",synonym,active
testicular_torsion,"Testicular Torsion",urology,12,12,0,yes,"masakit ang testicular torsion",synonym,active
testicular_torsion,"Testicular Torsion",urology,12,12,0,yes,testicular_torsion,concept_id,active
penile_discharge,"Penile Discharge",urology,4,0,4,no,"penile discharge",canonical,active
penile_discharge,"Penile Discharge",urology,4,0,4,no,penile,synonym,active
penile_discharge,"Penile Discharge",urology,4,0,4,no,discharge,synonym,active
penile_discharge,"Penile Discharge",urology,4,0,4,no,"may penile discharge",synonym,active
penile_discharge,"Penile Discharge",urology,4,0,4,no,"masakit penile discharge",synonym,active
penile_discharge,"Penile Discharge",urology,4,0,4,no,"may nana ari",synonym,active
penile_discharge,"Penile Discharge",urology,4,0,4,no,"masakit ang penile discharge",synonym,active
penile_discharge,"Penile Discharge",urology,4,0,4,no,penile_discharge,concept_id,active
anxiety_attack,"Anxiety Attack",mental_health,4,0,4,no,"anxiety attack",canonical,active
anxiety_attack,"Anxiety Attack",mental_health,4,0,4,no,anxiety,synonym,active
anxiety_attack,"Anxiety Attack",mental_health,4,0,4,no,attack,synonym,active
anxiety_attack,"Anxiety Attack",mental_health,4,0,4,no,"may anxiety attack",synonym,active
anxiety_attack,"Anxiety Attack",mental_health,4,0,4,no,"masakit anxiety attack",synonym,active
anxiety_attack,"Anxiety Attack",mental_health,4,0,4,no,"masakit ang anxiety attack",synonym,active
anxiety_attack,"Anxiety Attack",mental_health,4,0,4,no,anxiety_attack,concept_id,active
panic_attack,"Panic Attack",mental_health,5,0,5,no,"panic attack",canonical,active
panic_attack,"Panic Attack",mental_health,5,0,5,no,panic,synonym,active
panic_attack,"Panic Attack",mental_health,5,0,5,no,attack,synonym,active
panic_attack,"Panic Attack",mental_health,5,0,5,no,"may panic attack",synonym,active
panic_attack,"Panic Attack",mental_health,5,0,5,no,"masakit panic attack",synonym,active
panic_attack,"Panic Attack",mental_health,5,0,5,no,"masakit ang panic attack",synonym,active
panic_attack,"Panic Attack",mental_health,5,0,5,no,panic_attack,concept_id,active
depression_severe,"Severe Depression",mental_health,6,0,6,no,"severe depression",canonical,active
depression_severe,"Severe Depression",mental_health,6,0,6,no,severe,synonym,active
depression_severe,"Severe Depression",mental_health,6,0,6,no,depression,synonym,active
depression_severe,"Severe Depression",mental_health,6,0,6,no,"may severe depression",synonym,active
depression_severe,"Severe Depression",mental_health,6,0,6,no,"masakit severe depression",synonym,active
depression_severe,"Severe Depression",mental_health,6,0,6,no,"masakit ang severe depression",synonym,active
depression_severe,"Severe Depression",mental_health,6,0,6,no,depression_severe,concept_id,active
depression_severe,"Severe Depression",mental_health,6,0,6,no,"depression severe",concept_id,active
agitation,Agitation,mental_health,6,0,6,no,agitation,canonical,active
agitation,Agitation,mental_health,6,0,6,no,"may agitation",synonym,active
agitation,Agitation,mental_health,6,0,6,no,"masakit agitation",synonym,active
agitation,Agitation,mental_health,6,0,6,no,"masakit ang agitation",synonym,active
aggression,Aggression,mental_health,6,0,6,no,aggression,canonical,active
aggression,Aggression,mental_health,6,0,6,no,"may aggression",synonym,active
aggression,Aggression,mental_health,6,0,6,no,"masakit aggression",synonym,active
aggression,Aggression,mental_health,6,0,6,no,"masakit ang aggression",synonym,active
hallucinations,Hallucinations,mental_health,8,8,0,yes,hallucinations,canonical,active
hallucinations,Hallucinations,mental_health,8,8,0,yes,"may hallucinations",synonym,active
hallucinations,Hallucinations,mental_health,8,8,0,yes,"masakit hallucinations",synonym,active
hallucinations,Hallucinations,mental_health,8,8,0,yes,"masakit ang hallucinations",synonym,active
substance_withdrawal,"Substance Withdrawal",mental_health,8,8,0,yes,"substance withdrawal",canonical,active
substance_withdrawal,"Substance Withdrawal",mental_health,8,8,0,yes,substance,synonym,active
substance_withdrawal,"Substance Withdrawal",mental_health,8,8,0,yes,withdrawal,synonym,active
substance_withdrawal,"Substance Withdrawal",mental_health,8,8,0,yes,"may substance withdrawal",synonym,active
substance_withdrawal,"Substance Withdrawal",mental_health,8,8,0,yes,"masakit substance withdrawal",synonym,active
substance_withdrawal,"Substance Withdrawal",mental_health,8,8,0,yes,"masakit ang substance withdrawal",synonym,active
substance_withdrawal,"Substance Withdrawal",mental_health,8,8,0,yes,substance_withdrawal,concept_id,active
self_harm,"Self Harm",mental_health,15,15,0,yes,"self harm",canonical,active
self_harm,"Self Harm",mental_health,15,15,0,yes,self,synonym,active
self_harm,"Self Harm",mental_health,15,15,0,yes,harm,synonym,active
self_harm,"Self Harm",mental_health,15,15,0,yes,"may self harm",synonym,active
self_harm,"Self Harm",mental_health,15,15,0,yes,"masakit self harm",synonym,active
self_harm,"Self Harm",mental_health,15,15,0,yes,"nagahimo kaugalingon nga kalainan",synonym,active
self_harm,"Self Harm",mental_health,15,15,0,yes,"masakit ang self harm",synonym,active
self_harm,"Self Harm",mental_health,15,15,0,yes,self_harm,concept_id,active
psychosis,Psychosis,mental_health,10,10,0,yes,psychosis,canonical,active
psychosis,Psychosis,mental_health,10,10,0,yes,"may psychosis",synonym,active
psychosis,Psychosis,mental_health,10,10,0,yes,"masakit psychosis",synonym,active
psychosis,Psychosis,mental_health,10,10,0,yes,"masakit ang psychosis",synonym,active
infant_fever,"Infant Fever",pediatric,6,0,6,no,"infant fever",canonical,active
infant_fever,"Infant Fever",pediatric,6,0,6,no,infant,synonym,active
infant_fever,"Infant Fever",pediatric,6,0,6,no,fever,synonym,active
infant_fever,"Infant Fever",pediatric,6,0,6,no,"may infant fever",synonym,active
infant_fever,"Infant Fever",pediatric,6,0,6,no,"masakit infant fever",synonym,active
infant_fever,"Infant Fever",pediatric,6,0,6,no,"masakit ang infant fever",synonym,active
infant_fever,"Infant Fever",pediatric,6,0,6,no,infant_fever,concept_id,active
poor_feeding_infant,"Poor Feeding in Infant",pediatric,6,0,6,no,"poor feeding in infant",canonical,active
poor_feeding_infant,"Poor Feeding in Infant",pediatric,6,0,6,no,poor,synonym,active
poor_feeding_infant,"Poor Feeding in Infant",pediatric,6,0,6,no,feeding,synonym,active
poor_feeding_infant,"Poor Feeding in Infant",pediatric,6,0,6,no,infant,synonym,active
poor_feeding_infant,"Poor Feeding in Infant",pediatric,6,0,6,no,"may poor feeding in infant",synonym,active
poor_feeding_infant,"Poor Feeding in Infant",pediatric,6,0,6,no,"masakit poor feeding in infant",synonym,active
poor_feeding_infant,"Poor Feeding in Infant",pediatric,6,0,6,no,"masakit ang poor feeding in infant",synonym,active
poor_feeding_infant,"Poor Feeding in Infant",pediatric,6,0,6,no,poor_feeding_infant,concept_id,active
poor_feeding_infant,"Poor Feeding in Infant",pediatric,6,0,6,no,"poor feeding infant",concept_id,active
decreased_wet_diapers,"Decreased Wet Diapers",pediatric,6,0,6,no,"decreased wet diapers",canonical,active
decreased_wet_diapers,"Decreased Wet Diapers",pediatric,6,0,6,no,decreased,synonym,active
decreased_wet_diapers,"Decreased Wet Diapers",pediatric,6,0,6,no,wet,synonym,active
decreased_wet_diapers,"Decreased Wet Diapers",pediatric,6,0,6,no,diapers,synonym,active
decreased_wet_diapers,"Decreased Wet Diapers",pediatric,6,0,6,no,"may decreased wet diapers",synonym,active
decreased_wet_diapers,"Decreased Wet Diapers",pediatric,6,0,6,no,"masakit decreased wet diapers",synonym,active
decreased_wet_diapers,"Decreased Wet Diapers",pediatric,6,0,6,no,"masakit ang decreased wet diapers",synonym,active
decreased_wet_diapers,"Decreased Wet Diapers",pediatric,6,0,6,no,decreased_wet_diapers,concept_id,active
bulging_fontanelle,"Bulging Fontanelle",pediatric,10,10,0,yes,"bulging fontanelle",canonical,active
bulging_fontanelle,"Bulging Fontanelle",pediatric,10,10,0,yes,bulging,synonym,active
bulging_fontanelle,"Bulging Fontanelle",pediatric,10,10,0,yes,fontanelle,synonym,active
bulging_fontanelle,"Bulging Fontanelle",pediatric,10,10,0,yes,"may bulging fontanelle",synonym,active
bulging_fontanelle,"Bulging Fontanelle",pediatric,10,10,0,yes,"masakit bulging fontanelle",synonym,active
bulging_fontanelle,"Bulging Fontanelle",pediatric,10,10,0,yes,"masakit ang bulging fontanelle",synonym,active
bulging_fontanelle,"Bulging Fontanelle",pediatric,10,10,0,yes,bulging_fontanelle,concept_id,active
irritable_infant,"Irritable Infant",pediatric,5,0,5,no,"irritable infant",canonical,active
irritable_infant,"Irritable Infant",pediatric,5,0,5,no,irritable,synonym,active
irritable_infant,"Irritable Infant",pediatric,5,0,5,no,infant,synonym,active
irritable_infant,"Irritable Infant",pediatric,5,0,5,no,"may irritable infant",synonym,active
irritable_infant,"Irritable Infant",pediatric,5,0,5,no,"masakit irritable infant",synonym,active
irritable_infant,"Irritable Infant",pediatric,5,0,5,no,"masakit ang irritable infant",synonym,active
irritable_infant,"Irritable Infant",pediatric,5,0,5,no,irritable_infant,concept_id,active
child_lethargy,"Child Lethargy",pediatric,8,8,0,yes,"child lethargy",canonical,active
child_lethargy,"Child Lethargy",pediatric,8,8,0,yes,child,synonym,active
child_lethargy,"Child Lethargy",pediatric,8,8,0,yes,lethargy,synonym,active
child_lethargy,"Child Lethargy",pediatric,8,8,0,yes,"may child lethargy",synonym,active
child_lethargy,"Child Lethargy",pediatric,8,8,0,yes,"masakit child lethargy",synonym,active
child_lethargy,"Child Lethargy",pediatric,8,8,0,yes,"masakit ang child lethargy",synonym,active
child_lethargy,"Child Lethargy",pediatric,8,8,0,yes,child_lethargy,concept_id,active
febrile_seizure,"Febrile Seizure",pediatric,8,8,0,yes,"febrile seizure",canonical,active
febrile_seizure,"Febrile Seizure",pediatric,8,8,0,yes,febrile,synonym,active
febrile_seizure,"Febrile Seizure",pediatric,8,8,0,yes,seizure,synonym,active
febrile_seizure,"Febrile Seizure",pediatric,8,8,0,yes,"may febrile seizure",synonym,active
febrile_seizure,"Febrile Seizure",pediatric,8,8,0,yes,"masakit febrile seizure",synonym,active
febrile_seizure,"Febrile Seizure",pediatric,8,8,0,yes,"ginahilanat ang bata kag naguyam",synonym,active
febrile_seizure,"Febrile Seizure",pediatric,8,8,0,yes,"masakit ang febrile seizure",synonym,active
febrile_seizure,"Febrile Seizure",pediatric,8,8,0,yes,febrile_seizure,concept_id,active
child_dehydration,"Child Dehydration",pediatric,6,0,6,no,"child dehydration",canonical,active
child_dehydration,"Child Dehydration",pediatric,6,0,6,no,child,synonym,active
child_dehydration,"Child Dehydration",pediatric,6,0,6,no,dehydration,synonym,active
child_dehydration,"Child Dehydration",pediatric,6,0,6,no,"may child dehydration",synonym,active
child_dehydration,"Child Dehydration",pediatric,6,0,6,no,"masakit child dehydration",synonym,active
child_dehydration,"Child Dehydration",pediatric,6,0,6,no,"masakit ang child dehydration",synonym,active
child_dehydration,"Child Dehydration",pediatric,6,0,6,no,child_dehydration,concept_id,active
fall_injury,"Fall Injury",geriatric,5,0,5,no,"fall injury",canonical,active
fall_injury,"Fall Injury",geriatric,5,0,5,no,fall,synonym,active
fall_injury,"Fall Injury",geriatric,5,0,5,no,injury,synonym,active
fall_injury,"Fall Injury",geriatric,5,0,5,no,"may fall injury",synonym,active
fall_injury,"Fall Injury",geriatric,5,0,5,no,"masakit fall injury",synonym,active
fall_injury,"Fall Injury",geriatric,5,0,5,no,"nahuad ko",synonym,active
fall_injury,"Fall Injury",geriatric,5,0,5,no,"natumba ko",synonym,active
fall_injury,"Fall Injury",geriatric,5,0,5,no,"masakit ang fall injury",synonym,active
fall_injury,"Fall Injury",geriatric,5,0,5,no,fall_injury,concept_id,active
elderly_confusion,"Elderly Confusion",geriatric,8,8,0,yes,"elderly confusion",canonical,active
elderly_confusion,"Elderly Confusion",geriatric,8,8,0,yes,elderly,synonym,active
elderly_confusion,"Elderly Confusion",geriatric,8,8,0,yes,confusion,synonym,active
elderly_confusion,"Elderly Confusion",geriatric,8,8,0,yes,"may elderly confusion",synonym,active
elderly_confusion,"Elderly Confusion",geriatric,8,8,0,yes,"masakit elderly confusion",synonym,active
elderly_confusion,"Elderly Confusion",geriatric,8,8,0,yes,"masakit ang elderly confusion",synonym,active
elderly_confusion,"Elderly Confusion",geriatric,8,8,0,yes,elderly_confusion,concept_id,active
failure_to_thrive,"Failure to Thrive",geriatric,5,0,5,no,"failure to thrive",canonical,active
failure_to_thrive,"Failure to Thrive",geriatric,5,0,5,no,failure,synonym,active
failure_to_thrive,"Failure to Thrive",geriatric,5,0,5,no,thrive,synonym,active
failure_to_thrive,"Failure to Thrive",geriatric,5,0,5,no,"may failure to thrive",synonym,active
failure_to_thrive,"Failure to Thrive",geriatric,5,0,5,no,"masakit failure to thrive",synonym,active
failure_to_thrive,"Failure to Thrive",geriatric,5,0,5,no,"masakit ang failure to thrive",synonym,active
failure_to_thrive,"Failure to Thrive",geriatric,5,0,5,no,failure_to_thrive,concept_id,active
elderly_fall_unwitnessed,"Unwitnessed Fall in Elderly",geriatric,6,0,6,no,"unwitnessed fall in elderly",canonical,active
elderly_fall_unwitnessed,"Unwitnessed Fall in Elderly",geriatric,6,0,6,no,unwitnessed,synonym,active
elderly_fall_unwitnessed,"Unwitnessed Fall in Elderly",geriatric,6,0,6,no,fall,synonym,active
elderly_fall_unwitnessed,"Unwitnessed Fall in Elderly",geriatric,6,0,6,no,elderly,synonym,active
elderly_fall_unwitnessed,"Unwitnessed Fall in Elderly",geriatric,6,0,6,no,"may unwitnessed fall in elderly",synonym,active
elderly_fall_unwitnessed,"Unwitnessed Fall in Elderly",geriatric,6,0,6,no,"masakit unwitnessed fall in elderly",synonym,active
elderly_fall_unwitnessed,"Unwitnessed Fall in Elderly",geriatric,6,0,6,no,"masakit ang unwitnessed fall in elderly",synonym,active
elderly_fall_unwitnessed,"Unwitnessed Fall in Elderly",geriatric,6,0,6,no,elderly_fall_unwitnessed,concept_id,active
elderly_fall_unwitnessed,"Unwitnessed Fall in Elderly",geriatric,6,0,6,no,"elderly fall unwitnessed",concept_id,active
reduced_fetal_movement,"Reduced Fetal Movement",pregnancy,10,10,0,yes,"reduced fetal movement",canonical,active
reduced_fetal_movement,"Reduced Fetal Movement",pregnancy,10,10,0,yes,reduced,synonym,active
reduced_fetal_movement,"Reduced Fetal Movement",pregnancy,10,10,0,yes,fetal,synonym,active
reduced_fetal_movement,"Reduced Fetal Movement",pregnancy,10,10,0,yes,movement,synonym,active
reduced_fetal_movement,"Reduced Fetal Movement",pregnancy,10,10,0,yes,"may reduced fetal movement",synonym,active
reduced_fetal_movement,"Reduced Fetal Movement",pregnancy,10,10,0,yes,"masakit reduced fetal movement",synonym,active
reduced_fetal_movement,"Reduced Fetal Movement",pregnancy,10,10,0,yes,"indi ko mabatyagan ang bata",synonym,active
reduced_fetal_movement,"Reduced Fetal Movement",pregnancy,10,10,0,yes,"masakit ang reduced fetal movement",synonym,active
reduced_fetal_movement,"Reduced Fetal Movement",pregnancy,10,10,0,yes,reduced_fetal_movement,concept_id,active
preterm_labor,"Preterm Labor",pregnancy,10,10,0,yes,"preterm labor",canonical,active
preterm_labor,"Preterm Labor",pregnancy,10,10,0,yes,preterm,synonym,active
preterm_labor,"Preterm Labor",pregnancy,10,10,0,yes,labor,synonym,active
preterm_labor,"Preterm Labor",pregnancy,10,10,0,yes,"may preterm labor",synonym,active
preterm_labor,"Preterm Labor",pregnancy,10,10,0,yes,"masakit preterm labor",synonym,active
preterm_labor,"Preterm Labor",pregnancy,10,10,0,yes,"masakit ang preterm labor",synonym,active
preterm_labor,"Preterm Labor",pregnancy,10,10,0,yes,preterm_labor,concept_id,active
preeclampsia_symptoms,"Preeclampsia Symptoms",pregnancy,10,10,0,yes,"preeclampsia symptoms",canonical,active
preeclampsia_symptoms,"Preeclampsia Symptoms",pregnancy,10,10,0,yes,preeclampsia,synonym,active
preeclampsia_symptoms,"Preeclampsia Symptoms",pregnancy,10,10,0,yes,symptoms,synonym,active
preeclampsia_symptoms,"Preeclampsia Symptoms",pregnancy,10,10,0,yes,"may preeclampsia symptoms",synonym,active
preeclampsia_symptoms,"Preeclampsia Symptoms",pregnancy,10,10,0,yes,"masakit preeclampsia symptoms",synonym,active
preeclampsia_symptoms,"Preeclampsia Symptoms",pregnancy,10,10,0,yes,"masakit ang preeclampsia symptoms",synonym,active
preeclampsia_symptoms,"Preeclampsia Symptoms",pregnancy,10,10,0,yes,preeclampsia_symptoms,concept_id,active
pregnancy_headache_severe,"Severe Headache in Pregnancy",pregnancy,10,10,0,yes,"severe headache in pregnancy",canonical,active
pregnancy_headache_severe,"Severe Headache in Pregnancy",pregnancy,10,10,0,yes,severe,synonym,active
pregnancy_headache_severe,"Severe Headache in Pregnancy",pregnancy,10,10,0,yes,headache,synonym,active
pregnancy_headache_severe,"Severe Headache in Pregnancy",pregnancy,10,10,0,yes,pregnancy,synonym,active
pregnancy_headache_severe,"Severe Headache in Pregnancy",pregnancy,10,10,0,yes,"may severe headache in pregnancy",synonym,active
pregnancy_headache_severe,"Severe Headache in Pregnancy",pregnancy,10,10,0,yes,"masakit severe headache in pregnancy",synonym,active
pregnancy_headache_severe,"Severe Headache in Pregnancy",pregnancy,10,10,0,yes,"masakit ang severe headache in pregnancy",synonym,active
pregnancy_headache_severe,"Severe Headache in Pregnancy",pregnancy,10,10,0,yes,pregnancy_headache_severe,concept_id,active
pregnancy_headache_severe,"Severe Headache in Pregnancy",pregnancy,10,10,0,yes,"pregnancy headache severe",concept_id,active
pregnancy_swelling,"Significant Swelling in Pregnancy",pregnancy,6,0,6,no,"significant swelling in pregnancy",canonical,active
pregnancy_swelling,"Significant Swelling in Pregnancy",pregnancy,6,0,6,no,significant,synonym,active
pregnancy_swelling,"Significant Swelling in Pregnancy",pregnancy,6,0,6,no,swelling,synonym,active
pregnancy_swelling,"Significant Swelling in Pregnancy",pregnancy,6,0,6,no,pregnancy,synonym,active
pregnancy_swelling,"Significant Swelling in Pregnancy",pregnancy,6,0,6,no,"may significant swelling in pregnancy",synonym,active
pregnancy_swelling,"Significant Swelling in Pregnancy",pregnancy,6,0,6,no,"masakit significant swelling in pregnancy",synonym,active
pregnancy_swelling,"Significant Swelling in Pregnancy",pregnancy,6,0,6,no,"masakit ang significant swelling in pregnancy",synonym,active
pregnancy_swelling,"Significant Swelling in Pregnancy",pregnancy,6,0,6,no,pregnancy_swelling,concept_id,active
pregnancy_swelling,"Significant Swelling in Pregnancy",pregnancy,6,0,6,no,"pregnancy swelling",concept_id,active
pregnancy_bleeding,"Pregnancy Bleeding",pregnancy,15,15,0,yes,"pregnancy bleeding",canonical,active
pregnancy_bleeding,"Pregnancy Bleeding",pregnancy,15,15,0,yes,pregnancy,synonym,active
pregnancy_bleeding,"Pregnancy Bleeding",pregnancy,15,15,0,yes,bleeding,synonym,active
pregnancy_bleeding,"Pregnancy Bleeding",pregnancy,15,15,0,yes,"may pregnancy bleeding",synonym,active
pregnancy_bleeding,"Pregnancy Bleeding",pregnancy,15,15,0,yes,"masakit pregnancy bleeding",synonym,active
pregnancy_bleeding,"Pregnancy Bleeding",pregnancy,15,15,0,yes,"nagdugo ako nga burod",synonym,active
pregnancy_bleeding,"Pregnancy Bleeding",pregnancy,15,15,0,yes,"nagdugo ko nga burod",synonym,active
pregnancy_bleeding,"Pregnancy Bleeding",pregnancy,15,15,0,yes,"buntis kag nagdugo madamo",synonym,active
pregnancy_bleeding,"Pregnancy Bleeding",pregnancy,15,15,0,yes,"masakit ang pregnancy bleeding",synonym,active
pregnancy_bleeding,"Pregnancy Bleeding",pregnancy,15,15,0,yes,"buntis at dumudugo",synonym,active
pregnancy_bleeding,"Pregnancy Bleeding",pregnancy,15,15,0,yes,"may dugo habang buntis",synonym,active
pregnancy_bleeding,"Pregnancy Bleeding",pregnancy,15,15,0,yes,pregnancy_bleeding,concept_id,active
ectopic_pregnancy,"Ectopic Pregnancy",pregnancy,15,15,0,yes,"ectopic pregnancy",canonical,active
ectopic_pregnancy,"Ectopic Pregnancy",pregnancy,15,15,0,yes,ectopic,synonym,active
ectopic_pregnancy,"Ectopic Pregnancy",pregnancy,15,15,0,yes,pregnancy,synonym,active
ectopic_pregnancy,"Ectopic Pregnancy",pregnancy,15,15,0,yes,"may ectopic pregnancy",synonym,active
ectopic_pregnancy,"Ectopic Pregnancy",pregnancy,15,15,0,yes,"masakit ectopic pregnancy",synonym,active
ectopic_pregnancy,"Ectopic Pregnancy",pregnancy,15,15,0,yes,"masakit ang ectopic pregnancy",synonym,active
ectopic_pregnancy,"Ectopic Pregnancy",pregnancy,15,15,0,yes,ectopic_pregnancy,concept_id,active
miscarriage_symptoms,"Miscarriage Symptoms",pregnancy,8,8,0,yes,"miscarriage symptoms",canonical,active
miscarriage_symptoms,"Miscarriage Symptoms",pregnancy,8,8,0,yes,miscarriage,synonym,active
miscarriage_symptoms,"Miscarriage Symptoms",pregnancy,8,8,0,yes,symptoms,synonym,active
miscarriage_symptoms,"Miscarriage Symptoms",pregnancy,8,8,0,yes,"may miscarriage symptoms",synonym,active
miscarriage_symptoms,"Miscarriage Symptoms",pregnancy,8,8,0,yes,"masakit miscarriage symptoms",synonym,active
miscarriage_symptoms,"Miscarriage Symptoms",pregnancy,8,8,0,yes,"masakit ang miscarriage symptoms",synonym,active
miscarriage_symptoms,"Miscarriage Symptoms",pregnancy,8,8,0,yes,miscarriage_symptoms,concept_id,active
head_injury,"Head Injury",trauma,10,10,0,yes,"head injury",canonical,active
head_injury,"Head Injury",trauma,10,10,0,yes,head,synonym,active
head_injury,"Head Injury",trauma,10,10,0,yes,injury,synonym,active
head_injury,"Head Injury",trauma,10,10,0,yes,"may head injury",synonym,active
head_injury,"Head Injury",trauma,10,10,0,yes,"masakit head injury",synonym,active
head_injury,"Head Injury",trauma,10,10,0,yes,"nabun-og ulo",synonym,active
head_injury,"Head Injury",trauma,10,10,0,yes,"nabunog ulo",synonym,active
head_injury,"Head Injury",trauma,10,10,0,yes,"nasumbag ulo ko",synonym,active
head_injury,"Head Injury",trauma,10,10,0,yes,"masakit ang head injury",synonym,active
head_injury,"Head Injury",trauma,10,10,0,yes,head_injury,concept_id,active
fall,Fall,trauma,4,0,4,no,fall,canonical,active
fall,Fall,trauma,4,0,4,no,"may fall",synonym,active
fall,Fall,trauma,4,0,4,no,"masakit fall",synonym,active
fall,Fall,trauma,4,0,4,no,"masakit ang fall",synonym,active
motor_vehicle_accident,"Motor Vehicle Accident",trauma,10,10,0,yes,"motor vehicle accident",canonical,active
motor_vehicle_accident,"Motor Vehicle Accident",trauma,10,10,0,yes,motor,synonym,active
motor_vehicle_accident,"Motor Vehicle Accident",trauma,10,10,0,yes,vehicle,synonym,active
motor_vehicle_accident,"Motor Vehicle Accident",trauma,10,10,0,yes,accident,synonym,active
motor_vehicle_accident,"Motor Vehicle Accident",trauma,10,10,0,yes,"may motor vehicle accident",synonym,active
motor_vehicle_accident,"Motor Vehicle Accident",trauma,10,10,0,yes,"masakit motor vehicle accident",synonym,active
motor_vehicle_accident,"Motor Vehicle Accident",trauma,10,10,0,yes,"masakit ang motor vehicle accident",synonym,active
motor_vehicle_accident,"Motor Vehicle Accident",trauma,10,10,0,yes,motor_vehicle_accident,concept_id,active
deep_laceration,"Deep Laceration",trauma,6,0,6,no,"deep laceration",canonical,active
deep_laceration,"Deep Laceration",trauma,6,0,6,no,deep,synonym,active
deep_laceration,"Deep Laceration",trauma,6,0,6,no,laceration,synonym,active
deep_laceration,"Deep Laceration",trauma,6,0,6,no,"may deep laceration",synonym,active
deep_laceration,"Deep Laceration",trauma,6,0,6,no,"masakit deep laceration",synonym,active
deep_laceration,"Deep Laceration",trauma,6,0,6,no,"masakit ang deep laceration",synonym,active
deep_laceration,"Deep Laceration",trauma,6,0,6,no,deep_laceration,concept_id,active
crush_injury,"Crush Injury",trauma,10,10,0,yes,"crush injury",canonical,active
crush_injury,"Crush Injury",trauma,10,10,0,yes,crush,synonym,active
crush_injury,"Crush Injury",trauma,10,10,0,yes,injury,synonym,active
crush_injury,"Crush Injury",trauma,10,10,0,yes,"may crush injury",synonym,active
crush_injury,"Crush Injury",trauma,10,10,0,yes,"masakit crush injury",synonym,active
crush_injury,"Crush Injury",trauma,10,10,0,yes,"naipit ang kamot ko",synonym,active
crush_injury,"Crush Injury",trauma,10,10,0,yes,"naipit ko",synonym,active
crush_injury,"Crush Injury",trauma,10,10,0,yes,"masakit ang crush injury",synonym,active
crush_injury,"Crush Injury",trauma,10,10,0,yes,crush_injury,concept_id,active
amputation,Amputation,trauma,15,15,0,yes,amputation,canonical,active
amputation,Amputation,trauma,15,15,0,yes,"may amputation",synonym,active
amputation,Amputation,trauma,15,15,0,yes,"masakit amputation",synonym,active
amputation,Amputation,trauma,15,15,0,yes,nautod,synonym,active
amputation,Amputation,trauma,15,15,0,yes,na-utod,synonym,active
amputation,Amputation,trauma,15,15,0,yes,"nautod ko",synonym,active
amputation,Amputation,trauma,15,15,0,yes,"masakit ang amputation",synonym,active
amputation,Amputation,trauma,15,15,0,yes,"hand cut off",synonym,active
amputation,Amputation,trauma,15,15,0,yes,"finger cut off",synonym,active
amputation,Amputation,trauma,15,15,0,yes,"putol ang kamot",synonym,active
amputation,Amputation,trauma,15,15,0,yes,"putol ang kamay",synonym,active
amputation,Amputation,trauma,15,15,0,yes,"putol kamot ko",synonym,active
amputation,Amputation,trauma,15,15,0,yes,"naputol kamot",synonym,active
gunshot_wound,"Gunshot Wound",trauma,15,15,0,yes,"gunshot wound",canonical,active
gunshot_wound,"Gunshot Wound",trauma,15,15,0,yes,gunshot,synonym,active
gunshot_wound,"Gunshot Wound",trauma,15,15,0,yes,wound,synonym,active
gunshot_wound,"Gunshot Wound",trauma,15,15,0,yes,"may gunshot wound",synonym,active
gunshot_wound,"Gunshot Wound",trauma,15,15,0,yes,"masakit gunshot wound",synonym,active
gunshot_wound,"Gunshot Wound",trauma,15,15,0,yes,"masakit ang gunshot wound",synonym,active
gunshot_wound,"Gunshot Wound",trauma,15,15,0,yes,gunshot_wound,concept_id,active
stab_wound,"Stab Wound",trauma,12,12,0,yes,"stab wound",canonical,active
stab_wound,"Stab Wound",trauma,12,12,0,yes,stab,synonym,active
stab_wound,"Stab Wound",trauma,12,12,0,yes,wound,synonym,active
stab_wound,"Stab Wound",trauma,12,12,0,yes,"may stab wound",synonym,active
stab_wound,"Stab Wound",trauma,12,12,0,yes,"masakit stab wound",synonym,active
stab_wound,"Stab Wound",trauma,12,12,0,yes,"masakit ang stab wound",synonym,active
stab_wound,"Stab Wound",trauma,12,12,0,yes,stab_wound,concept_id,active
assault_injury,"Assault Injury",trauma,8,8,0,yes,"assault injury",canonical,active
assault_injury,"Assault Injury",trauma,8,8,0,yes,assault,synonym,active
assault_injury,"Assault Injury",trauma,8,8,0,yes,injury,synonym,active
assault_injury,"Assault Injury",trauma,8,8,0,yes,"may assault injury",synonym,active
assault_injury,"Assault Injury",trauma,8,8,0,yes,"masakit assault injury",synonym,active
assault_injury,"Assault Injury",trauma,8,8,0,yes,"masakit ang assault injury",synonym,active
assault_injury,"Assault Injury",trauma,8,8,0,yes,assault_injury,concept_id,active
spinal_injury,"Spinal Injury",trauma,12,12,0,yes,"spinal injury",canonical,active
spinal_injury,"Spinal Injury",trauma,12,12,0,yes,spinal,synonym,active
spinal_injury,"Spinal Injury",trauma,12,12,0,yes,injury,synonym,active
spinal_injury,"Spinal Injury",trauma,12,12,0,yes,"may spinal injury",synonym,active
spinal_injury,"Spinal Injury",trauma,12,12,0,yes,"masakit spinal injury",synonym,active
spinal_injury,"Spinal Injury",trauma,12,12,0,yes,"masakit ang spinal injury",synonym,active
spinal_injury,"Spinal Injury",trauma,12,12,0,yes,spinal_injury,concept_id,active
major_trauma,"Major Trauma",trauma,15,15,0,yes,"major trauma",canonical,active
major_trauma,"Major Trauma",trauma,15,15,0,yes,major,synonym,active
major_trauma,"Major Trauma",trauma,15,15,0,yes,trauma,synonym,active
major_trauma,"Major Trauma",trauma,15,15,0,yes,"may major trauma",synonym,active
major_trauma,"Major Trauma",trauma,15,15,0,yes,"masakit major trauma",synonym,active
major_trauma,"Major Trauma",trauma,15,15,0,yes,"masakit ang major trauma",synonym,active
major_trauma,"Major Trauma",trauma,15,15,0,yes,major_trauma,concept_id,active
penetrating_trauma,"Penetrating Trauma",trauma,12,12,0,yes,"penetrating trauma",canonical,active
penetrating_trauma,"Penetrating Trauma",trauma,12,12,0,yes,penetrating,synonym,active
penetrating_trauma,"Penetrating Trauma",trauma,12,12,0,yes,trauma,synonym,active
penetrating_trauma,"Penetrating Trauma",trauma,12,12,0,yes,"may penetrating trauma",synonym,active
penetrating_trauma,"Penetrating Trauma",trauma,12,12,0,yes,"masakit penetrating trauma",synonym,active
penetrating_trauma,"Penetrating Trauma",trauma,12,12,0,yes,"masakit ang penetrating trauma",synonym,active
penetrating_trauma,"Penetrating Trauma",trauma,12,12,0,yes,penetrating_trauma,concept_id,active
rigors,Rigors,infectious,4,0,4,no,rigors,canonical,active
rigors,Rigors,infectious,4,0,4,no,"may rigors",synonym,active
rigors,Rigors,infectious,4,0,4,no,"masakit rigors",synonym,active
rigors,Rigors,infectious,4,0,4,no,"masakit ang rigors",synonym,active
night_sweats,"Night Sweats",infectious,3,0,3,no,"night sweats",canonical,active
night_sweats,"Night Sweats",infectious,3,0,3,no,night,synonym,active
night_sweats,"Night Sweats",infectious,3,0,3,no,sweats,synonym,active
night_sweats,"Night Sweats",infectious,3,0,3,no,"may night sweats",synonym,active
night_sweats,"Night Sweats",infectious,3,0,3,no,"masakit night sweats",synonym,active
night_sweats,"Night Sweats",infectious,3,0,3,no,"masakit ang night sweats",synonym,active
night_sweats,"Night Sweats",infectious,3,0,3,no,night_sweats,concept_id,active
rash_with_fever,"Rash with Fever",infectious,6,0,6,no,"rash with fever",canonical,active
rash_with_fever,"Rash with Fever",infectious,6,0,6,no,rash,synonym,active
rash_with_fever,"Rash with Fever",infectious,6,0,6,no,with,synonym,active
rash_with_fever,"Rash with Fever",infectious,6,0,6,no,fever,synonym,active
rash_with_fever,"Rash with Fever",infectious,6,0,6,no,panganud,synonym,active
rash_with_fever,"Rash with Fever",infectious,6,0,6,no,"gahubag panit",synonym,active
rash_with_fever,"Rash with Fever",infectious,6,0,6,no,kalapata,synonym,active
rash_with_fever,"Rash with Fever",infectious,6,0,6,no,pantal,synonym,active
rash_with_fever,"Rash with Fever",infectious,6,0,6,no,"may rash with fever",synonym,active
rash_with_fever,"Rash with Fever",infectious,6,0,6,no,"masakit ang rash with fever",synonym,active
rash_with_fever,"Rash with Fever",infectious,6,0,6,no,rash_with_fever,concept_id,active
sore_throat_with_fever,"Sore Throat with Fever",infectious,4,0,4,no,"sore throat with fever",canonical,active
sore_throat_with_fever,"Sore Throat with Fever",infectious,4,0,4,no,sore,synonym,active
sore_throat_with_fever,"Sore Throat with Fever",infectious,4,0,4,no,throat,synonym,active
sore_throat_with_fever,"Sore Throat with Fever",infectious,4,0,4,no,with,synonym,active
sore_throat_with_fever,"Sore Throat with Fever",infectious,4,0,4,no,fever,synonym,active
sore_throat_with_fever,"Sore Throat with Fever",infectious,4,0,4,no,"may sore throat with fever",synonym,active
sore_throat_with_fever,"Sore Throat with Fever",infectious,4,0,4,no,"masakit sore throat with fever",synonym,active
sore_throat_with_fever,"Sore Throat with Fever",infectious,4,0,4,no,"masakit ang sore throat with fever",synonym,active
sore_throat_with_fever,"Sore Throat with Fever",infectious,4,0,4,no,sore_throat_with_fever,concept_id,active
infectious_exposure,"Infectious Exposure",infectious,3,0,3,no,"infectious exposure",canonical,active
infectious_exposure,"Infectious Exposure",infectious,3,0,3,no,infectious,synonym,active
infectious_exposure,"Infectious Exposure",infectious,3,0,3,no,exposure,synonym,active
infectious_exposure,"Infectious Exposure",infectious,3,0,3,no,"may infectious exposure",synonym,active
infectious_exposure,"Infectious Exposure",infectious,3,0,3,no,"masakit infectious exposure",synonym,active
infectious_exposure,"Infectious Exposure",infectious,3,0,3,no,"masakit ang infectious exposure",synonym,active
infectious_exposure,"Infectious Exposure",infectious,3,0,3,no,infectious_exposure,concept_id,active
sepsis_symptoms,"Sepsis Symptoms",infectious,12,12,0,yes,"sepsis symptoms",canonical,active
sepsis_symptoms,"Sepsis Symptoms",infectious,12,12,0,yes,sepsis,synonym,active
sepsis_symptoms,"Sepsis Symptoms",infectious,12,12,0,yes,symptoms,synonym,active
sepsis_symptoms,"Sepsis Symptoms",infectious,12,12,0,yes,"may sepsis symptoms",synonym,active
sepsis_symptoms,"Sepsis Symptoms",infectious,12,12,0,yes,"masakit sepsis symptoms",synonym,active
sepsis_symptoms,"Sepsis Symptoms",infectious,12,12,0,yes,"masakit ang sepsis symptoms",synonym,active
sepsis_symptoms,"Sepsis Symptoms",infectious,12,12,0,yes,sepsis_symptoms,concept_id,active
meningitis_symptoms,"Meningitis Symptoms",infectious,12,12,0,yes,"meningitis symptoms",canonical,active
meningitis_symptoms,"Meningitis Symptoms",infectious,12,12,0,yes,meningitis,synonym,active
meningitis_symptoms,"Meningitis Symptoms",infectious,12,12,0,yes,symptoms,synonym,active
meningitis_symptoms,"Meningitis Symptoms",infectious,12,12,0,yes,"may meningitis symptoms",synonym,active
meningitis_symptoms,"Meningitis Symptoms",infectious,12,12,0,yes,"masakit meningitis symptoms",synonym,active
meningitis_symptoms,"Meningitis Symptoms",infectious,12,12,0,yes,"masakit ang meningitis symptoms",synonym,active
meningitis_symptoms,"Meningitis Symptoms",infectious,12,12,0,yes,meningitis_symptoms,concept_id,active
tuberculosis_symptoms,"Tuberculosis Symptoms",infectious,5,0,5,no,"tuberculosis symptoms",canonical,active
tuberculosis_symptoms,"Tuberculosis Symptoms",infectious,5,0,5,no,tuberculosis,synonym,active
tuberculosis_symptoms,"Tuberculosis Symptoms",infectious,5,0,5,no,symptoms,synonym,active
tuberculosis_symptoms,"Tuberculosis Symptoms",infectious,5,0,5,no,"may tuberculosis symptoms",synonym,active
tuberculosis_symptoms,"Tuberculosis Symptoms",infectious,5,0,5,no,"masakit tuberculosis symptoms",synonym,active
tuberculosis_symptoms,"Tuberculosis Symptoms",infectious,5,0,5,no,"masakit ang tuberculosis symptoms",synonym,active
tuberculosis_symptoms,"Tuberculosis Symptoms",infectious,5,0,5,no,tuberculosis_symptoms,concept_id,active
dengue_symptoms,"Dengue Symptoms",infectious,6,0,6,no,"dengue symptoms",canonical,active
dengue_symptoms,"Dengue Symptoms",infectious,6,0,6,no,dengue,synonym,active
dengue_symptoms,"Dengue Symptoms",infectious,6,0,6,no,symptoms,synonym,active
dengue_symptoms,"Dengue Symptoms",infectious,6,0,6,no,"may dengue symptoms",synonym,active
dengue_symptoms,"Dengue Symptoms",infectious,6,0,6,no,"masakit dengue symptoms",synonym,active
dengue_symptoms,"Dengue Symptoms",infectious,6,0,6,no,"masakit ang dengue symptoms",synonym,active
dengue_symptoms,"Dengue Symptoms",infectious,6,0,6,no,dengue_symptoms,concept_id,active
malaria_symptoms,"Malaria Symptoms",infectious,6,0,6,no,"malaria symptoms",canonical,active
malaria_symptoms,"Malaria Symptoms",infectious,6,0,6,no,malaria,synonym,active
malaria_symptoms,"Malaria Symptoms",infectious,6,0,6,no,symptoms,synonym,active
malaria_symptoms,"Malaria Symptoms",infectious,6,0,6,no,"may malaria symptoms",synonym,active
malaria_symptoms,"Malaria Symptoms",infectious,6,0,6,no,"masakit malaria symptoms",synonym,active
malaria_symptoms,"Malaria Symptoms",infectious,6,0,6,no,"masakit ang malaria symptoms",synonym,active
malaria_symptoms,"Malaria Symptoms",infectious,6,0,6,no,malaria_symptoms,concept_id,active
drug_overdose,"Drug Overdose",toxicology,15,15,0,yes,"drug overdose",canonical,active
drug_overdose,"Drug Overdose",toxicology,15,15,0,yes,drug,synonym,active
drug_overdose,"Drug Overdose",toxicology,15,15,0,yes,overdose,synonym,active
drug_overdose,"Drug Overdose",toxicology,15,15,0,yes,"may drug overdose",synonym,active
drug_overdose,"Drug Overdose",toxicology,15,15,0,yes,"masakit drug overdose",synonym,active
drug_overdose,"Drug Overdose",toxicology,15,15,0,yes,"masakit ang drug overdose",synonym,active
drug_overdose,"Drug Overdose",toxicology,15,15,0,yes,drug_overdose,concept_id,active
alcohol_intoxication,"Alcohol Intoxication",toxicology,6,0,6,no,"alcohol intoxication",canonical,active
alcohol_intoxication,"Alcohol Intoxication",toxicology,6,0,6,no,alcohol,synonym,active
alcohol_intoxication,"Alcohol Intoxication",toxicology,6,0,6,no,intoxication,synonym,active
alcohol_intoxication,"Alcohol Intoxication",toxicology,6,0,6,no,"may alcohol intoxication",synonym,active
alcohol_intoxication,"Alcohol Intoxication",toxicology,6,0,6,no,"masakit alcohol intoxication",synonym,active
alcohol_intoxication,"Alcohol Intoxication",toxicology,6,0,6,no,"masakit ang alcohol intoxication",synonym,active
alcohol_intoxication,"Alcohol Intoxication",toxicology,6,0,6,no,alcohol_intoxication,concept_id,active
carbon_monoxide,"Carbon Monoxide Exposure",toxicology,12,12,0,yes,"carbon monoxide exposure",canonical,active
carbon_monoxide,"Carbon Monoxide Exposure",toxicology,12,12,0,yes,carbon,synonym,active
carbon_monoxide,"Carbon Monoxide Exposure",toxicology,12,12,0,yes,monoxide,synonym,active
carbon_monoxide,"Carbon Monoxide Exposure",toxicology,12,12,0,yes,exposure,synonym,active
carbon_monoxide,"Carbon Monoxide Exposure",toxicology,12,12,0,yes,"may carbon monoxide exposure",synonym,active
carbon_monoxide,"Carbon Monoxide Exposure",toxicology,12,12,0,yes,"masakit carbon monoxide exposure",synonym,active
carbon_monoxide,"Carbon Monoxide Exposure",toxicology,12,12,0,yes,"masakit ang carbon monoxide exposure",synonym,active
carbon_monoxide,"Carbon Monoxide Exposure",toxicology,12,12,0,yes,carbon_monoxide,concept_id,active
carbon_monoxide,"Carbon Monoxide Exposure",toxicology,12,12,0,yes,"carbon monoxide",concept_id,active
chemical_exposure,"Chemical Exposure",toxicology,10,10,0,yes,"chemical exposure",canonical,active
chemical_exposure,"Chemical Exposure",toxicology,10,10,0,yes,chemical,synonym,active
chemical_exposure,"Chemical Exposure",toxicology,10,10,0,yes,exposure,synonym,active
chemical_exposure,"Chemical Exposure",toxicology,10,10,0,yes,"may chemical exposure",synonym,active
chemical_exposure,"Chemical Exposure",toxicology,10,10,0,yes,"masakit chemical exposure",synonym,active
chemical_exposure,"Chemical Exposure",toxicology,10,10,0,yes,"masakit ang chemical exposure",synonym,active
chemical_exposure,"Chemical Exposure",toxicology,10,10,0,yes,chemical_exposure,concept_id,active
heat_exhaustion,"Heat Exhaustion",environmental,6,0,6,no,"heat exhaustion",canonical,active
heat_exhaustion,"Heat Exhaustion",environmental,6,0,6,no,heat,synonym,active
heat_exhaustion,"Heat Exhaustion",environmental,6,0,6,no,exhaustion,synonym,active
heat_exhaustion,"Heat Exhaustion",environmental,6,0,6,no,"may heat exhaustion",synonym,active
heat_exhaustion,"Heat Exhaustion",environmental,6,0,6,no,"masakit heat exhaustion",synonym,active
heat_exhaustion,"Heat Exhaustion",environmental,6,0,6,no,"maluya ko tungod sa init",synonym,active
heat_exhaustion,"Heat Exhaustion",environmental,6,0,6,no,"nahubasan ko sang init",synonym,active
heat_exhaustion,"Heat Exhaustion",environmental,6,0,6,no,"masakit ang heat exhaustion",synonym,active
heat_exhaustion,"Heat Exhaustion",environmental,6,0,6,no,heat_exhaustion,concept_id,active
heat_stroke,"Heat Stroke",environmental,12,12,0,yes,"heat stroke",canonical,active
heat_stroke,"Heat Stroke",environmental,12,12,0,yes,heat,synonym,active
heat_stroke,"Heat Stroke",environmental,12,12,0,yes,stroke,synonym,active
heat_stroke,"Heat Stroke",environmental,12,12,0,yes,"may heat stroke",synonym,active
heat_stroke,"Heat Stroke",environmental,12,12,0,yes,"masakit heat stroke",synonym,active
heat_stroke,"Heat Stroke",environmental,12,12,0,yes,"ginahubasan init ko",synonym,active
heat_stroke,"Heat Stroke",environmental,12,12,0,yes,"ginainitan lawas",synonym,active
heat_stroke,"Heat Stroke",environmental,12,12,0,yes,"masakit ang heat stroke",synonym,active
heat_stroke,"Heat Stroke",environmental,12,12,0,yes,heat_stroke,concept_id,active
hypothermia,Hypothermia,environmental,10,10,0,yes,hypothermia,canonical,active
hypothermia,Hypothermia,environmental,10,10,0,yes,"may hypothermia",synonym,active
hypothermia,Hypothermia,environmental,10,10,0,yes,"masakit hypothermia",synonym,active
hypothermia,Hypothermia,environmental,10,10,0,yes,"sobra katugnaw lawas",synonym,active
hypothermia,Hypothermia,environmental,10,10,0,yes,"masakit ang hypothermia",synonym,active
drowning,Drowning,environmental,15,15,0,yes,drowning,canonical,active
drowning,Drowning,environmental,15,15,0,yes,"may drowning",synonym,active
drowning,Drowning,environmental,15,15,0,yes,"masakit drowning",synonym,active
drowning,Drowning,environmental,15,15,0,yes,"nalumos ko",synonym,active
drowning,Drowning,environmental,15,15,0,yes,"masakit ang drowning",synonym,active
electrocution,Electrocution,environmental,12,12,0,yes,electrocution,canonical,active
electrocution,Electrocution,environmental,12,12,0,yes,"may electrocution",synonym,active
electrocution,Electrocution,environmental,12,12,0,yes,"masakit electrocution",synonym,active
electrocution,Electrocution,environmental,12,12,0,yes,"masakit ang electrocution",synonym,active
snake_bite,"Snake Bite",environmental,10,10,0,yes,"snake bite",canonical,active
snake_bite,"Snake Bite",environmental,10,10,0,yes,snake,synonym,active
snake_bite,"Snake Bite",environmental,10,10,0,yes,bite,synonym,active
snake_bite,"Snake Bite",environmental,10,10,0,yes,"may snake bite",synonym,active
snake_bite,"Snake Bite",environmental,10,10,0,yes,"masakit snake bite",synonym,active
snake_bite,"Snake Bite",environmental,10,10,0,yes,"gin kagat ahas ako",synonym,active
snake_bite,"Snake Bite",environmental,10,10,0,yes,"gin kagat ako sang ahas",synonym,active
snake_bite,"Snake Bite",environmental,10,10,0,yes,"gin kagat sang ahas ko",synonym,active
snake_bite,"Snake Bite",environmental,10,10,0,yes,"ginakagat sang ahas ko",synonym,active
snake_bite,"Snake Bite",environmental,10,10,0,yes,"ginakagat sang ahas ku",synonym,active
snake_bite,"Snake Bite",environmental,10,10,0,yes,"ginkagat ahas ako",synonym,active
snake_bite,"Snake Bite",environmental,10,10,0,yes,"ginkagat ako sang ahas",synonym,active
snake_bite,"Snake Bite",environmental,10,10,0,yes,"ginkagat sang ahas ko",synonym,active
snake_bite,"Snake Bite",environmental,10,10,0,yes,"ginkagat sang ahas ku",synonym,active
snake_bite,"Snake Bite",environmental,10,10,0,yes,"may kagat sang ahas ko",synonym,active
snake_bite,"Snake Bite",environmental,10,10,0,yes,"may kagat sang ahas ku",synonym,active
snake_bite,"Snake Bite",environmental,10,10,0,yes,"ginkagat sawa",synonym,active
snake_bite,"Snake Bite",environmental,10,10,0,yes,"gina-kagat sang man-og",synonym,active
snake_bite,"Snake Bite",environmental,10,10,0,yes,"masakit ang snake bite",synonym,active
snake_bite,"Snake Bite",environmental,10,10,0,yes,snake_bite,concept_id,active
animal_bite,"Animal Bite",environmental,5,0,5,no,"animal bite",canonical,active
animal_bite,"Animal Bite",environmental,5,0,5,no,animal,synonym,active
animal_bite,"Animal Bite",environmental,5,0,5,no,bite,synonym,active
animal_bite,"Animal Bite",environmental,5,0,5,no,"may animal bite",synonym,active
animal_bite,"Animal Bite",environmental,5,0,5,no,"masakit animal bite",synonym,active
animal_bite,"Animal Bite",environmental,5,0,5,no,"ginakagat sang manok ko",synonym,active
animal_bite,"Animal Bite",environmental,5,0,5,no,"ginakagat sang sapat ko",synonym,active
animal_bite,"Animal Bite",environmental,5,0,5,no,"ginkagat ako sang manok",synonym,active
animal_bite,"Animal Bite",environmental,5,0,5,no,"ginkagat ako sang sapat",synonym,active
animal_bite,"Animal Bite",environmental,5,0,5,no,"ginkagat manok ako",synonym,active
animal_bite,"Animal Bite",environmental,5,0,5,no,"ginkagat sang manok ko",synonym,active
animal_bite,"Animal Bite",environmental,5,0,5,no,"ginkagat sang sapat ko",synonym,active
animal_bite,"Animal Bite",environmental,5,0,5,no,"ginkagat sapat ako",synonym,active
animal_bite,"Animal Bite",environmental,5,0,5,no,"may kagat sang manok ko",synonym,active
animal_bite,"Animal Bite",environmental,5,0,5,no,"may kagat sang sapat ko",synonym,active
animal_bite,"Animal Bite",environmental,5,0,5,no,"masakit ang animal bite",synonym,active
animal_bite,"Animal Bite",environmental,5,0,5,no,animal_bite,concept_id,active
human_bite,"Human Bite",environmental,5,0,5,no,"human bite",canonical,active
human_bite,"Human Bite",environmental,5,0,5,no,human,synonym,active
human_bite,"Human Bite",environmental,5,0,5,no,bite,synonym,active
human_bite,"Human Bite",environmental,5,0,5,no,"may human bite",synonym,active
human_bite,"Human Bite",environmental,5,0,5,no,"masakit human bite",synonym,active
human_bite,"Human Bite",environmental,5,0,5,no,"masakit ang human bite",synonym,active
human_bite,"Human Bite",environmental,5,0,5,no,human_bite,concept_id,active
diabetes_hyperglycemia,"High Blood Sugar",endocrine,5,0,5,no,"high blood sugar",canonical,active
diabetes_hyperglycemia,"High Blood Sugar",endocrine,5,0,5,no,high,synonym,active
diabetes_hyperglycemia,"High Blood Sugar",endocrine,5,0,5,no,blood,synonym,active
diabetes_hyperglycemia,"High Blood Sugar",endocrine,5,0,5,no,sugar,synonym,active
diabetes_hyperglycemia,"High Blood Sugar",endocrine,5,0,5,no,"may high blood sugar",synonym,active
diabetes_hyperglycemia,"High Blood Sugar",endocrine,5,0,5,no,"masakit high blood sugar",synonym,active
diabetes_hyperglycemia,"High Blood Sugar",endocrine,5,0,5,no,"asukal taas",synonym,active
diabetes_hyperglycemia,"High Blood Sugar",endocrine,5,0,5,no,"masakit ang high blood sugar",synonym,active
diabetes_hyperglycemia,"High Blood Sugar",endocrine,5,0,5,no,diabetes_hyperglycemia,concept_id,active
diabetes_hyperglycemia,"High Blood Sugar",endocrine,5,0,5,no,"diabetes hyperglycemia",concept_id,active
diabetes_hypoglycemia,"Low Blood Sugar",endocrine,8,8,0,yes,"low blood sugar",canonical,active
diabetes_hypoglycemia,"Low Blood Sugar",endocrine,8,8,0,yes,low,synonym,active
diabetes_hypoglycemia,"Low Blood Sugar",endocrine,8,8,0,yes,blood,synonym,active
diabetes_hypoglycemia,"Low Blood Sugar",endocrine,8,8,0,yes,sugar,synonym,active
diabetes_hypoglycemia,"Low Blood Sugar",endocrine,8,8,0,yes,"may low blood sugar",synonym,active
diabetes_hypoglycemia,"Low Blood Sugar",endocrine,8,8,0,yes,"masakit low blood sugar",synonym,active
diabetes_hypoglycemia,"Low Blood Sugar",endocrine,8,8,0,yes,"masakit ang low blood sugar",synonym,active
diabetes_hypoglycemia,"Low Blood Sugar",endocrine,8,8,0,yes,diabetes_hypoglycemia,concept_id,active
diabetes_hypoglycemia,"Low Blood Sugar",endocrine,8,8,0,yes,"diabetes hypoglycemia",concept_id,active
thyroid_storm,"Thyroid Storm",endocrine,10,10,0,yes,"thyroid storm",canonical,active
thyroid_storm,"Thyroid Storm",endocrine,10,10,0,yes,thyroid,synonym,active
thyroid_storm,"Thyroid Storm",endocrine,10,10,0,yes,storm,synonym,active
thyroid_storm,"Thyroid Storm",endocrine,10,10,0,yes,"may thyroid storm",synonym,active
thyroid_storm,"Thyroid Storm",endocrine,10,10,0,yes,"masakit thyroid storm",synonym,active
thyroid_storm,"Thyroid Storm",endocrine,10,10,0,yes,"masakit ang thyroid storm",synonym,active
thyroid_storm,"Thyroid Storm",endocrine,10,10,0,yes,thyroid_storm,concept_id,active
hypertensive_crisis,"Hypertensive Crisis",cardiovascular,8,8,0,yes,"hypertensive crisis",canonical,active
hypertensive_crisis,"Hypertensive Crisis",cardiovascular,8,8,0,yes,hypertensive,synonym,active
hypertensive_crisis,"Hypertensive Crisis",cardiovascular,8,8,0,yes,crisis,synonym,active
hypertensive_crisis,"Hypertensive Crisis",cardiovascular,8,8,0,yes,"may hypertensive crisis",synonym,active
hypertensive_crisis,"Hypertensive Crisis",cardiovascular,8,8,0,yes,"masakit hypertensive crisis",synonym,active
hypertensive_crisis,"Hypertensive Crisis",cardiovascular,8,8,0,yes,"alta 180",synonym,active
hypertensive_crisis,"Hypertensive Crisis",cardiovascular,8,8,0,yes,"masakit ang hypertensive crisis",synonym,active
hypertensive_crisis,"Hypertensive Crisis",cardiovascular,8,8,0,yes,hypertensive_crisis,concept_id,active
copd_exacerbation,"COPD Exacerbation",respiratory,8,8,0,yes,"copd exacerbation",canonical,active
copd_exacerbation,"COPD Exacerbation",respiratory,8,8,0,yes,copd,synonym,active
copd_exacerbation,"COPD Exacerbation",respiratory,8,8,0,yes,exacerbation,synonym,active
copd_exacerbation,"COPD Exacerbation",respiratory,8,8,0,yes,"may copd exacerbation",synonym,active
copd_exacerbation,"COPD Exacerbation",respiratory,8,8,0,yes,"masakit copd exacerbation",synonym,active
copd_exacerbation,"COPD Exacerbation",respiratory,8,8,0,yes,"masakit ang copd exacerbation",synonym,active
copd_exacerbation,"COPD Exacerbation",respiratory,8,8,0,yes,copd_exacerbation,concept_id,active
chronic_pain,"Chronic Pain",general,2,0,2,no,"chronic pain",canonical,active
chronic_pain,"Chronic Pain",general,2,0,2,no,chronic,synonym,active
chronic_pain,"Chronic Pain",general,2,0,2,no,pain,synonym,active
chronic_pain,"Chronic Pain",general,2,0,2,no,"may chronic pain",synonym,active
chronic_pain,"Chronic Pain",general,2,0,2,no,"masakit chronic pain",synonym,active
chronic_pain,"Chronic Pain",general,2,0,2,no,"masakit ang chronic pain",synonym,active
chronic_pain,"Chronic Pain",general,2,0,2,no,chronic_pain,concept_id,active
insomnia,Insomnia,general,1,0,0,no,insomnia,canonical,active
insomnia,Insomnia,general,1,0,0,no,"budlay tulog",synonym,active
insomnia,Insomnia,general,1,0,0,no,"indi makatulog",synonym,active
insomnia,Insomnia,general,1,0,0,no,"wala tulog",synonym,active
insomnia,Insomnia,general,1,0,0,no,"dili makatulog",synonym,active
insomnia,Insomnia,general,1,0,0,no,"dugay na wala ko maka-tulog",synonym,active
insomnia,Insomnia,general,1,0,0,no,"kulang sa tulog",synonym,active
insomnia,Insomnia,general,1,0,0,no,"wala ko maka-tulog",synonym,active
insomnia,Insomnia,general,1,0,0,no,"indi katulog",synonym,active
insomnia,Insomnia,general,1,0,0,no,"indi ako katulog",synonym,active
insomnia,Insomnia,general,1,0,0,no,"ginakabudlayan ko tulog",synonym,active
insomnia,Insomnia,general,1,0,0,no,"ginakabudlayan tulog",synonym,active
insomnia,Insomnia,general,1,0,0,no,"budlay magtulog",synonym,active
insomnia,Insomnia,general,1,0,0,no,"difficulty sleeping",synonym,active
insomnia,Insomnia,general,1,0,0,no,gina-insomnia,synonym,active
insomnia,Insomnia,general,1,0,0,no,"may insomnia",synonym,active
insomnia,Insomnia,general,1,0,0,no,"masakit ang insomnia",synonym,active
swelling,Swelling,general,2,0,2,no,swelling,canonical,active
swelling,Swelling,general,2,0,2,no,gahubag,synonym,active
swelling,Swelling,general,2,0,2,no,hubag,synonym,active
swelling,Swelling,general,2,0,2,no,ginahubag,synonym,active
swelling,Swelling,general,2,0,2,no,nagahubag,synonym,active
swelling,Swelling,general,2,0,2,no,namamaga,synonym,active
swelling,Swelling,general,2,0,2,no,gahabok,synonym,active
swelling,Swelling,general,2,0,2,no,habok,synonym,active
swelling,Swelling,general,2,0,2,no,namaga,synonym,active
swelling,Swelling,general,2,0,2,no,"gahubag gid",synonym,active
swelling,Swelling,general,2,0,2,no,"may swelling",synonym,active
swelling,Swelling,general,2,0,2,no,"masakit ang swelling",synonym,active
dehydration,Dehydration,general,4,0,4,no,dehydration,canonical,active
dehydration,Dehydration,general,4,0,4,no,"may dehydration",synonym,active
dehydration,Dehydration,general,4,0,4,no,"masakit dehydration",synonym,active
dehydration,Dehydration,general,4,0,4,no,"wala ko maka-inom tubig",synonym,active
dehydration,Dehydration,general,4,0,4,no,ginauhaw,synonym,active
dehydration,Dehydration,general,4,0,4,no,"kulang sa tubig ang lawas",synonym,active
dehydration,Dehydration,general,4,0,4,no,"permi ginauhaw",synonym,active
dehydration,Dehydration,general,4,0,4,no,"kulang tubig",synonym,active
dehydration,Dehydration,general,4,0,4,no,dehydrated,synonym,active
dehydration,Dehydration,general,4,0,4,no,"uga ang baba",synonym,active
dehydration,Dehydration,general,4,0,4,no,"masakit ang dehydration",synonym,active
chills,Chills,general,2,0,2,no,chills,canonical,active
chills,Chills,general,2,0,2,no,ginakurog,synonym,active
chills,Chills,general,2,0,2,no,nagakurog,synonym,active
chills,Chills,general,2,0,2,no,kurog,synonym,active
chills,Chills,general,2,0,2,no,"ginakulba lawas",synonym,active
chills,Chills,general,2,0,2,no,ginatugnaw,synonym,active
chills,Chills,general,2,0,2,no,"ginatugnaw ko",synonym,active
chills,Chills,general,2,0,2,no,tugnaw,synonym,active
chills,Chills,general,2,0,2,no,"ginatugnaw lawas",synonym,active
chills,Chills,general,2,0,2,no,ginakaligtan,synonym,active
chills,Chills,general,2,0,2,no,nagaligtan,synonym,active
chills,Chills,general,2,0,2,no,ginapaginatugnaw,synonym,active
chills,Chills,general,2,0,2,no,"malamig lawas",synonym,active
chills,Chills,general,2,0,2,no,ginakurig,synonym,active
chills,Chills,general,2,0,2,no,"nagakurig tungod tugnaw",synonym,active
chills,Chills,general,2,0,2,no,"ginapanas-an ako",synonym,active
chills,Chills,general,2,0,2,no,"nagapalamig ang lawas",synonym,active
chills,Chills,general,2,0,2,no,ginapanas-an,synonym,active
chills,Chills,general,2,0,2,no,nagapalamig,synonym,active
chills,Chills,general,2,0,2,no,"may chills",synonym,active
chills,Chills,general,2,0,2,no,"masakit ang chills",synonym,active
malaise,Malaise,general,2,0,1,no,malaise,canonical,active
malaise,Malaise,general,2,0,1,no,"may malaise",synonym,active
malaise,Malaise,general,2,0,1,no,"masakit malaise",synonym,active
malaise,Malaise,general,2,0,1,no,"indi maayo ang pamatyagan",synonym,active
malaise,Malaise,general,2,0,1,no,"daw masakiton ang lawas",synonym,active
malaise,Malaise,general,2,0,1,no,"indi maayo lawas",synonym,active
malaise,Malaise,general,2,0,1,no,"hindi maayo lawas",synonym,active
malaise,Malaise,general,2,0,1,no,"daw masakiton",synonym,active
malaise,Malaise,general,2,0,1,no,"indi maayo pamatyagan",synonym,active
malaise,Malaise,general,2,0,1,no,"masakit ang malaise",synonym,active
loss_of_appetite,"Loss of Appetite",general,2,0,1,no,"loss of appetite",canonical,active
loss_of_appetite,"Loss of Appetite",general,2,0,1,no,loss,synonym,active
loss_of_appetite,"Loss of Appetite",general,2,0,1,no,appetite,synonym,active
loss_of_appetite,"Loss of Appetite",general,2,0,1,no,"may loss of appetite",synonym,active
loss_of_appetite,"Loss of Appetite",general,2,0,1,no,"masakit loss of appetite",synonym,active
loss_of_appetite,"Loss of Appetite",general,2,0,1,no,"gakadula gana kaon",synonym,active
loss_of_appetite,"Loss of Appetite",general,2,0,1,no,"wala ko gusto magkaon",synonym,active
loss_of_appetite,"Loss of Appetite",general,2,0,1,no,"wala gana kaon",synonym,active
loss_of_appetite,"Loss of Appetite",general,2,0,1,no,"wala gana magkaon",synonym,active
loss_of_appetite,"Loss of Appetite",general,2,0,1,no,"nadula ang gana magkaon",synonym,active
loss_of_appetite,"Loss of Appetite",general,2,0,1,no,"indi gusto magkaon",synonym,active
loss_of_appetite,"Loss of Appetite",general,2,0,1,no,"masakit ang loss of appetite",synonym,active
loss_of_appetite,"Loss of Appetite",general,2,0,1,no,loss_of_appetite,concept_id,active
night_pain,"Night Pain",general,4,0,4,no,"night pain",canonical,active
night_pain,"Night Pain",general,4,0,4,no,night,synonym,active
night_pain,"Night Pain",general,4,0,4,no,pain,synonym,active
night_pain,"Night Pain",general,4,0,4,no,"may night pain",synonym,active
night_pain,"Night Pain",general,4,0,4,no,"masakit night pain",synonym,active
night_pain,"Night Pain",general,4,0,4,no,"masakit ang night pain",synonym,active
night_pain,"Night Pain",general,4,0,4,no,night_pain,concept_id,active
weight_gain,"Weight Gain",general,2,0,1,no,"weight gain",canonical,active
weight_gain,"Weight Gain",general,2,0,1,no,weight,synonym,active
weight_gain,"Weight Gain",general,2,0,1,no,gain,synonym,active
weight_gain,"Weight Gain",general,2,0,1,no,"may weight gain",synonym,active
weight_gain,"Weight Gain",general,2,0,1,no,"masakit weight gain",synonym,active
weight_gain,"Weight Gain",general,2,0,1,no,"nagataas timbang ko",synonym,active
weight_gain,"Weight Gain",general,2,0,1,no,"nagdugang ang timbang ko",synonym,active
weight_gain,"Weight Gain",general,2,0,1,no,"nagtambok ako",synonym,active
weight_gain,"Weight Gain",general,2,0,1,no,"nagdugang timbang",synonym,active
weight_gain,"Weight Gain",general,2,0,1,no,nagtambok,synonym,active
weight_gain,"Weight Gain",general,2,0,1,no,"masakit ang weight gain",synonym,active
weight_gain,"Weight Gain",general,2,0,1,no,weight_gain,concept_id,active
bleeding,Bleeding,general,4,0,4,no,bleeding,canonical,active
bleeding,Bleeding,general,4,0,4,no,nagadugo,synonym,active
bleeding,Bleeding,general,4,0,4,no,gadugo,synonym,active
bleeding,Bleeding,general,4,0,4,no,"grabe nagadugo",synonym,active
bleeding,Bleeding,general,4,0,4,no,nagdugo,synonym,active
bleeding,Bleeding,general,4,0,4,no,"dugo gid",synonym,active
bleeding,Bleeding,general,4,0,4,no,"grabe dugo",synonym,active
bleeding,Bleeding,general,4,0,4,no,"grabe gid nagadugo",synonym,active
bleeding,Bleeding,general,4,0,4,no,"nagdugo gid",synonym,active
bleeding,Bleeding,general,4,0,4,no,dumudugo,synonym,active
bleeding,Bleeding,general,4,0,4,no,"matinding pagdurugo",synonym,active
bleeding,Bleeding,general,4,0,4,no,"dumudugo pa",synonym,active
bleeding,Bleeding,general,4,0,4,no,"grabe ang dugo",synonym,active
fainting,Fainting,neurological,6,0,6,no,fainting,canonical,active
fainting,Fainting,neurological,6,0,6,no,"may fainting",synonym,active
fainting,Fainting,neurological,6,0,6,no,"masakit fainting",synonym,active
fainting,Fainting,neurological,6,0,6,no,nahimatay,synonym,active
fainting,Fainting,neurological,6,0,6,no,"nawalan ng malay",synonym,active
fainting,Fainting,neurological,6,0,6,no,syncope,synonym,active
fainting,Fainting,neurological,6,0,6,no,fainted,synonym,active
fainting,Fainting,neurological,6,0,6,no,"passed out",synonym,active
weakness,Weakness,general,3,0,3,no,weakness,canonical,active
weakness,Weakness,general,3,0,3,no,naluya,synonym,active
weakness,Weakness,general,3,0,3,no,ginapangluya,synonym,active
weakness,Weakness,general,3,0,3,no,luya,synonym,active
weakness,Weakness,general,3,0,3,no,kapoy,synonym,active
weakness,Weakness,general,3,0,3,no,"kapoy gid",synonym,active
weakness,Weakness,general,3,0,3,no,ginakapoy,synonym,active
weakness,Weakness,general,3,0,3,no,"luya gid",synonym,active
weakness,Weakness,general,3,0,3,no,"naluya gid",synonym,active
weakness,Weakness,general,3,0,3,no,"daw wala ko kusog",synonym,active
weakness,Weakness,general,3,0,3,no,"galuya ko",synonym,active
weakness,Weakness,general,3,0,3,no,ginahuyang,synonym,active
weakness,Weakness,general,3,0,3,no,"huyang lawas",synonym,active
weakness,Weakness,general,3,0,3,no,"huyang lawas ko",synonym,active
weakness,Weakness,general,3,0,3,no,galuya,synonym,active
weakness,Weakness,general,3,0,3,no,maluya,synonym,active
weakness,Weakness,general,3,0,3,no,nahihina,synonym,active
weakness,Weakness,general,3,0,3,no,panghihina,synonym,active
weakness,Weakness,general,3,0,3,no,"pagod na pagod",synonym,active
weakness,Weakness,general,3,0,3,no,"sobrang hina",synonym,active
weakness,Weakness,general,3,0,3,no,"walang lakas",synonym,active
swelling_face,"Facial Swelling",general,5,0,5,no,"facial swelling",canonical,active
swelling_face,"Facial Swelling",general,5,0,5,no,facial,synonym,active
swelling_face,"Facial Swelling",general,5,0,5,no,swelling,synonym,active
swelling_face,"Facial Swelling",general,5,0,5,no,gahubag,synonym,active
swelling_face,"Facial Swelling",general,5,0,5,no,hubag,synonym,active
swelling_face,"Facial Swelling",general,5,0,5,no,ginahubag,synonym,active
swelling_face,"Facial Swelling",general,5,0,5,no,nagahubag,synonym,active
swelling_face,"Facial Swelling",general,5,0,5,no,"gahabok akon pisngi",synonym,active
swelling_face,"Facial Swelling",general,5,0,5,no,"gahabok pisngi akon",synonym,active
swelling_face,"Facial Swelling",general,5,0,5,no,"gahabok pisngi akon gid",synonym,active
swelling_face,"Facial Swelling",general,5,0,5,no,"gahabok pisngi gid ko",synonym,active
swelling_face,"Facial Swelling",general,5,0,5,no,"gahabok pisngi ko",synonym,active
swelling_face,"Facial Swelling",general,5,0,5,no,"gahabok pisngi ko gid",synonym,active
swelling_face,"Facial Swelling",general,5,0,5,no,"gahabok pisngi man",synonym,active
swelling_face,"Facial Swelling",general,5,0,5,no,"gahabok pisngi subong",synonym,active
swelling_face,"Facial Swelling",general,5,0,5,no,"gahubag akon pisngi",synonym,active
swelling_face,"Facial Swelling",general,5,0,5,no,"gahubag pisngi akon",synonym,active
swelling_face,"Facial Swelling",general,5,0,5,no,"gahubag pisngi akon gid",synonym,active
swelling_face,"Facial Swelling",general,5,0,5,no,"gahubag pisngi gid ko",synonym,active
swelling_face,"Facial Swelling",general,5,0,5,no,"gahubag pisngi ko",synonym,active
swelling_face,"Facial Swelling",general,5,0,5,no,"gahubag pisngi ko gid",synonym,active
swelling_face,"Facial Swelling",general,5,0,5,no,"gahubag pisngi man",synonym,active
swelling_face,"Facial Swelling",general,5,0,5,no,"gahubag pisngi subong",synonym,active
swelling_face,"Facial Swelling",general,5,0,5,no,"ginahubag akon pisngi",synonym,active
swelling_face,"Facial Swelling",general,5,0,5,no,"ginahubag pisngi akon",synonym,active
swelling_face,"Facial Swelling",general,5,0,5,no,"ginahubag pisngi akon gid",synonym,active
swelling_face,"Facial Swelling",general,5,0,5,no,"ginahubag pisngi gid ko",synonym,active
swelling_face,"Facial Swelling",general,5,0,5,no,"ginahubag pisngi ko",synonym,active
swelling_face,"Facial Swelling",general,5,0,5,no,"ginahubag pisngi ko gid",synonym,active
swelling_face,"Facial Swelling",general,5,0,5,no,"ginahubag pisngi man",synonym,active
swelling_face,"Facial Swelling",general,5,0,5,no,"ginahubag pisngi subong",synonym,active
swelling_face,"Facial Swelling",general,5,0,5,no,"ginapamulang akon pisngi",synonym,active
swelling_face,"Facial Swelling",general,5,0,5,no,"ginapamulang pisngi akon",synonym,active
swelling_face,"Facial Swelling",general,5,0,5,no,"ginapamulang pisngi akon gid",synonym,active
swelling_face,"Facial Swelling",general,5,0,5,no,"ginapamulang pisngi gid ko",synonym,active
swelling_face,"Facial Swelling",general,5,0,5,no,"ginapamulang pisngi ko",synonym,active
swelling_face,"Facial Swelling",general,5,0,5,no,"ginapamulang pisngi ko gid",synonym,active
swelling_face,"Facial Swelling",general,5,0,5,no,"ginapamulang pisngi man",synonym,active
swelling_face,"Facial Swelling",general,5,0,5,no,"ginapamulang pisngi subong",synonym,active
swelling_face,"Facial Swelling",general,5,0,5,no,"hubag akon pisngi",synonym,active
swelling_face,"Facial Swelling",general,5,0,5,no,"hubag gid akon pisngi",synonym,active
swelling_face,"Facial Swelling",general,5,0,5,no,"hubag gid pisngi akon",synonym,active
swelling_face,"Facial Swelling",general,5,0,5,no,"hubag gid pisngi akon gid",synonym,active
swelling_face,"Facial Swelling",general,5,0,5,no,"hubag gid pisngi gid ko",synonym,active
swelling_face,"Facial Swelling",general,5,0,5,no,"hubag gid pisngi ko",synonym,active
swelling_face,"Facial Swelling",general,5,0,5,no,"hubag gid pisngi ko gid",synonym,active
swelling_face,"Facial Swelling",general,5,0,5,no,"hubag gid pisngi man",synonym,active
swelling_face,"Facial Swelling",general,5,0,5,no,"hubag gid pisngi subong",synonym,active
swelling_face,"Facial Swelling",general,5,0,5,no,"hubag pisngi akon",synonym,active
swelling_face,"Facial Swelling",general,5,0,5,no,"hubag pisngi akon gid",synonym,active
swelling_face,"Facial Swelling",general,5,0,5,no,"hubag pisngi gid ko",synonym,active
swelling_face,"Facial Swelling",general,5,0,5,no,"hubag pisngi ko",synonym,active
swelling_face,"Facial Swelling",general,5,0,5,no,"hubag pisngi ko gid",synonym,active
swelling_face,"Facial Swelling",general,5,0,5,no,"hubag pisngi man",synonym,active
swelling_face,"Facial Swelling",general,5,0,5,no,"hubag pisngi subong",synonym,active
swelling_face,"Facial Swelling",general,5,0,5,no,"naghubag akon pisngi",synonym,active
swelling_face,"Facial Swelling",general,5,0,5,no,"naghubag pisngi akon",synonym,active
swelling_face,"Facial Swelling",general,5,0,5,no,"naghubag pisngi akon gid",synonym,active
swelling_face,"Facial Swelling",general,5,0,5,no,"naghubag pisngi gid ko",synonym,active
swelling_face,"Facial Swelling",general,5,0,5,no,"naghubag pisngi ko",synonym,active
swelling_face,"Facial Swelling",general,5,0,5,no,"naghubag pisngi ko gid",synonym,active
swelling_face,"Facial Swelling",general,5,0,5,no,"naghubag pisngi man",synonym,active
swelling_face,"Facial Swelling",general,5,0,5,no,"naghubag pisngi subong",synonym,active
swelling_face,"Facial Swelling",general,5,0,5,no,"namamaga mukha",synonym,active
swelling_face,"Facial Swelling",general,5,0,5,no,"kalit gahubag ngabil",synonym,active
swelling_face,"Facial Swelling",general,5,0,5,no,"may facial swelling",synonym,active
swelling_face,"Facial Swelling",general,5,0,5,no,"masakit ang facial swelling",synonym,active
swelling_face,"Facial Swelling",general,5,0,5,no,swelling_face,concept_id,active
swelling_face,"Facial Swelling",general,5,0,5,no,"swelling face",concept_id,active
lymph_node_swelling,"Swollen Lymph Nodes",general,3,0,3,no,"swollen lymph nodes",canonical,active
lymph_node_swelling,"Swollen Lymph Nodes",general,3,0,3,no,swollen,synonym,active
lymph_node_swelling,"Swollen Lymph Nodes",general,3,0,3,no,lymph,synonym,active
lymph_node_swelling,"Swollen Lymph Nodes",general,3,0,3,no,nodes,synonym,active
lymph_node_swelling,"Swollen Lymph Nodes",general,3,0,3,no,"may swollen lymph nodes",synonym,active
lymph_node_swelling,"Swollen Lymph Nodes",general,3,0,3,no,"masakit swollen lymph nodes",synonym,active
lymph_node_swelling,"Swollen Lymph Nodes",general,3,0,3,no,"masakit ang swollen lymph nodes",synonym,active
lymph_node_swelling,"Swollen Lymph Nodes",general,3,0,3,no,lymph_node_swelling,concept_id,active
lymph_node_swelling,"Swollen Lymph Nodes",general,3,0,3,no,"lymph node swelling",concept_id,active
mouth_bleeding,"Mouth Bleeding",general,4,0,4,no,"mouth bleeding",canonical,active
mouth_bleeding,"Mouth Bleeding",general,4,0,4,no,mouth,synonym,active
mouth_bleeding,"Mouth Bleeding",general,4,0,4,no,bleeding,synonym,active
mouth_bleeding,"Mouth Bleeding",general,4,0,4,no,"may mouth bleeding",synonym,active
mouth_bleeding,"Mouth Bleeding",general,4,0,4,no,"masakit mouth bleeding",synonym,active
mouth_bleeding,"Mouth Bleeding",general,4,0,4,no,"masakit ang mouth bleeding",synonym,active
mouth_bleeding,"Mouth Bleeding",general,4,0,4,no,mouth_bleeding,concept_id,active
postoperative_complication,"Postoperative Complication",general,6,0,6,no,"postoperative complication",canonical,active
postoperative_complication,"Postoperative Complication",general,6,0,6,no,postoperative,synonym,active
postoperative_complication,"Postoperative Complication",general,6,0,6,no,complication,synonym,active
postoperative_complication,"Postoperative Complication",general,6,0,6,no,"may postoperative complication",synonym,active
postoperative_complication,"Postoperative Complication",general,6,0,6,no,"masakit postoperative complication",synonym,active
postoperative_complication,"Postoperative Complication",general,6,0,6,no,"masakit ang postoperative complication",synonym,active
postoperative_complication,"Postoperative Complication",general,6,0,6,no,postoperative_complication,concept_id,active
medication_side_effect,"Medication Side Effect",general,3,0,3,no,"medication side effect",canonical,active
medication_side_effect,"Medication Side Effect",general,3,0,3,no,medication,synonym,active
medication_side_effect,"Medication Side Effect",general,3,0,3,no,side,synonym,active
medication_side_effect,"Medication Side Effect",general,3,0,3,no,effect,synonym,active
medication_side_effect,"Medication Side Effect",general,3,0,3,no,"may medication side effect",synonym,active
medication_side_effect,"Medication Side Effect",general,3,0,3,no,"masakit medication side effect",synonym,active
medication_side_effect,"Medication Side Effect",general,3,0,3,no,"masakit ang medication side effect",synonym,active
medication_side_effect,"Medication Side Effect",general,3,0,3,no,medication_side_effect,concept_id,active
allergic_reaction_mild,"Mild Allergic Reaction",allergy,3,0,3,no,"mild allergic reaction",canonical,active
allergic_reaction_mild,"Mild Allergic Reaction",allergy,3,0,3,no,mild,synonym,active
allergic_reaction_mild,"Mild Allergic Reaction",allergy,3,0,3,no,allergic,synonym,active
allergic_reaction_mild,"Mild Allergic Reaction",allergy,3,0,3,no,reaction,synonym,active
allergic_reaction_mild,"Mild Allergic Reaction",allergy,3,0,3,no,"may mild allergic reaction",synonym,active
allergic_reaction_mild,"Mild Allergic Reaction",allergy,3,0,3,no,"masakit mild allergic reaction",synonym,active
allergic_reaction_mild,"Mild Allergic Reaction",allergy,3,0,3,no,"masakit ang mild allergic reaction",synonym,active
allergic_reaction_mild,"Mild Allergic Reaction",allergy,3,0,3,no,allergic_reaction_mild,concept_id,active
allergic_reaction_mild,"Mild Allergic Reaction",allergy,3,0,3,no,"allergic reaction mild",concept_id,active
food_poisoning,"Food Poisoning",gastrointestinal,4,0,4,no,"food poisoning",canonical,active
food_poisoning,"Food Poisoning",gastrointestinal,4,0,4,no,food,synonym,active
food_poisoning,"Food Poisoning",gastrointestinal,4,0,4,no,poisoning,synonym,active
food_poisoning,"Food Poisoning",gastrointestinal,4,0,4,no,"may food poisoning",synonym,active
food_poisoning,"Food Poisoning",gastrointestinal,4,0,4,no,"masakit food poisoning",synonym,active
food_poisoning,"Food Poisoning",gastrointestinal,4,0,4,no,"masakit ang food poisoning",synonym,active
food_poisoning,"Food Poisoning",gastrointestinal,4,0,4,no,food_poisoning,concept_id,active
travel_related_illness,"Travel Related Illness",infectious,4,0,4,no,"travel related illness",canonical,active
travel_related_illness,"Travel Related Illness",infectious,4,0,4,no,travel,synonym,active
travel_related_illness,"Travel Related Illness",infectious,4,0,4,no,related,synonym,active
travel_related_illness,"Travel Related Illness",infectious,4,0,4,no,illness,synonym,active
travel_related_illness,"Travel Related Illness",infectious,4,0,4,no,"may travel related illness",synonym,active
travel_related_illness,"Travel Related Illness",infectious,4,0,4,no,"masakit travel related illness",synonym,active
travel_related_illness,"Travel Related Illness",infectious,4,0,4,no,"masakit ang travel related illness",synonym,active
travel_related_illness,"Travel Related Illness",infectious,4,0,4,no,travel_related_illness,concept_id,active
vaccine_reaction,"Vaccine Reaction",general,3,0,3,no,"vaccine reaction",canonical,active
vaccine_reaction,"Vaccine Reaction",general,3,0,3,no,vaccine,synonym,active
vaccine_reaction,"Vaccine Reaction",general,3,0,3,no,reaction,synonym,active
vaccine_reaction,"Vaccine Reaction",general,3,0,3,no,"may vaccine reaction",synonym,active
vaccine_reaction,"Vaccine Reaction",general,3,0,3,no,"masakit vaccine reaction",synonym,active
vaccine_reaction,"Vaccine Reaction",general,3,0,3,no,"masakit ang vaccine reaction",synonym,active
vaccine_reaction,"Vaccine Reaction",general,3,0,3,no,vaccine_reaction,concept_id,active
dental_abscess,"Dental Abscess",ent,5,0,5,no,"dental abscess",canonical,active
dental_abscess,"Dental Abscess",ent,5,0,5,no,dental,synonym,active
dental_abscess,"Dental Abscess",ent,5,0,5,no,abscess,synonym,active
dental_abscess,"Dental Abscess",ent,5,0,5,no,"may dental abscess",synonym,active
dental_abscess,"Dental Abscess",ent,5,0,5,no,"masakit dental abscess",synonym,active
dental_abscess,"Dental Abscess",ent,5,0,5,no,"masakit ang dental abscess",synonym,active
dental_abscess,"Dental Abscess",ent,5,0,5,no,dental_abscess,concept_id,active
tooth_abscess,"Tooth Abscess",ent,5,0,5,no,"tooth abscess",canonical,active
tooth_abscess,"Tooth Abscess",ent,5,0,5,no,tooth,synonym,active
tooth_abscess,"Tooth Abscess",ent,5,0,5,no,abscess,synonym,active
tooth_abscess,"Tooth Abscess",ent,5,0,5,no,"may tooth abscess",synonym,active
tooth_abscess,"Tooth Abscess",ent,5,0,5,no,"masakit tooth abscess",synonym,active
tooth_abscess,"Tooth Abscess",ent,5,0,5,no,"masakit ang tooth abscess",synonym,active
tooth_abscess,"Tooth Abscess",ent,5,0,5,no,tooth_abscess,concept_id,active
breast_pain,"Breast Pain",general,3,0,3,no,"breast pain",canonical,active
breast_pain,"Breast Pain",general,3,0,3,no,breast,synonym,active
breast_pain,"Breast Pain",general,3,0,3,no,pain,synonym,active
breast_pain,"Breast Pain",general,3,0,3,no,"may breast pain",synonym,active
breast_pain,"Breast Pain",general,3,0,3,no,"masakit breast pain",synonym,active
breast_pain,"Breast Pain",general,3,0,3,no,"ga sakit akon titi",synonym,active
breast_pain,"Breast Pain",general,3,0,3,no,"ga sakit titi akon",synonym,active
breast_pain,"Breast Pain",general,3,0,3,no,"ga sakit titi gid ko",synonym,active
breast_pain,"Breast Pain",general,3,0,3,no,"ga sakit titi ko",synonym,active
breast_pain,"Breast Pain",general,3,0,3,no,"ga sakit titi man",synonym,active
breast_pain,"Breast Pain",general,3,0,3,no,"ga sakit titi subong",synonym,active
breast_pain,"Breast Pain",general,3,0,3,no,"gasakit akon titi",synonym,active
breast_pain,"Breast Pain",general,3,0,3,no,"gasakit titi akon",synonym,active
breast_pain,"Breast Pain",general,3,0,3,no,"gasakit titi gid ko",synonym,active
breast_pain,"Breast Pain",general,3,0,3,no,"gasakit titi ko",synonym,active
breast_pain,"Breast Pain",general,3,0,3,no,"gasakit titi man",synonym,active
breast_pain,"Breast Pain",general,3,0,3,no,"gasakit titi subong",synonym,active
breast_pain,"Breast Pain",general,3,0,3,no,"ginasakit akon titi",synonym,active
breast_pain,"Breast Pain",general,3,0,3,no,"ginasakit titi akon",synonym,active
breast_pain,"Breast Pain",general,3,0,3,no,"ginasakit titi gid ko",synonym,active
breast_pain,"Breast Pain",general,3,0,3,no,"ginasakit titi ko",synonym,active
breast_pain,"Breast Pain",general,3,0,3,no,"ginasakit titi man",synonym,active
breast_pain,"Breast Pain",general,3,0,3,no,"ginasakit titi subong",synonym,active
breast_pain,"Breast Pain",general,3,0,3,no,"hapdi akon titi",synonym,active
breast_pain,"Breast Pain",general,3,0,3,no,"hapdi titi akon",synonym,active
breast_pain,"Breast Pain",general,3,0,3,no,"hapdi titi gid ko",synonym,active
breast_pain,"Breast Pain",general,3,0,3,no,"hapdi titi ko",synonym,active
breast_pain,"Breast Pain",general,3,0,3,no,"hapdi titi man",synonym,active
breast_pain,"Breast Pain",general,3,0,3,no,"hapdi titi subong",synonym,active
breast_pain,"Breast Pain",general,3,0,3,no,"masakit akon titi",synonym,active
breast_pain,"Breast Pain",general,3,0,3,no,"masakit titi akon",synonym,active
breast_pain,"Breast Pain",general,3,0,3,no,"masakit titi gid ko",synonym,active
breast_pain,"Breast Pain",general,3,0,3,no,"masakit titi ko",synonym,active
breast_pain,"Breast Pain",general,3,0,3,no,"masakit titi man",synonym,active
breast_pain,"Breast Pain",general,3,0,3,no,"masakit titi subong",synonym,active
breast_pain,"Breast Pain",general,3,0,3,no,"sakit akon titi",synonym,active
breast_pain,"Breast Pain",general,3,0,3,no,"sakit gid akon titi",synonym,active
breast_pain,"Breast Pain",general,3,0,3,no,"sakit gid titi akon",synonym,active
breast_pain,"Breast Pain",general,3,0,3,no,"sakit gid titi gid ko",synonym,active
breast_pain,"Breast Pain",general,3,0,3,no,"sakit gid titi ko",synonym,active
breast_pain,"Breast Pain",general,3,0,3,no,"sakit gid titi man",synonym,active
breast_pain,"Breast Pain",general,3,0,3,no,"sakit gid titi subong",synonym,active
breast_pain,"Breast Pain",general,3,0,3,no,"sakit sa titi ko",synonym,active
breast_pain,"Breast Pain",general,3,0,3,no,"sakit titi akon",synonym,active
breast_pain,"Breast Pain",general,3,0,3,no,"sakit titi gid ko",synonym,active
breast_pain,"Breast Pain",general,3,0,3,no,"sakit titi ko",synonym,active
breast_pain,"Breast Pain",general,3,0,3,no,"sakit titi man",synonym,active
breast_pain,"Breast Pain",general,3,0,3,no,"sakit titi subong",synonym,active
breast_pain,"Breast Pain",general,3,0,3,no,"masakit ang breast pain",synonym,active
breast_pain,"Breast Pain",general,3,0,3,no,breast_pain,concept_id,active
breast_lump,"Breast Lump",general,4,0,4,no,"breast lump",canonical,active
breast_lump,"Breast Lump",general,4,0,4,no,breast,synonym,active
breast_lump,"Breast Lump",general,4,0,4,no,lump,synonym,active
breast_lump,"Breast Lump",general,4,0,4,no,"may breast lump",synonym,active
breast_lump,"Breast Lump",general,4,0,4,no,"masakit breast lump",synonym,active
breast_lump,"Breast Lump",general,4,0,4,no,"masakit ang breast lump",synonym,active
breast_lump,"Breast Lump",general,4,0,4,no,breast_lump,concept_id,active
vaginal_bleeding,"Vaginal Bleeding",gynecology,5,0,5,no,"vaginal bleeding",canonical,active
vaginal_bleeding,"Vaginal Bleeding",gynecology,5,0,5,no,vaginal,synonym,active
vaginal_bleeding,"Vaginal Bleeding",gynecology,5,0,5,no,bleeding,synonym,active
vaginal_bleeding,"Vaginal Bleeding",gynecology,5,0,5,no,"may vaginal bleeding",synonym,active
vaginal_bleeding,"Vaginal Bleeding",gynecology,5,0,5,no,"masakit vaginal bleeding",synonym,active
vaginal_bleeding,"Vaginal Bleeding",gynecology,5,0,5,no,"basin gadugo bilat ko",synonym,active
vaginal_bleeding,"Vaginal Bleeding",gynecology,5,0,5,no,"daw gadugo bilat ko",synonym,active
vaginal_bleeding,"Vaginal Bleeding",gynecology,5,0,5,no,"doc gadugo bilat ko",synonym,active
vaginal_bleeding,"Vaginal Bleeding",gynecology,5,0,5,no,"dugo bilat",synonym,active
vaginal_bleeding,"Vaginal Bleeding",gynecology,5,0,5,no,"gadugo akon bilad",synonym,active
vaginal_bleeding,"Vaginal Bleeding",gynecology,5,0,5,no,"gadugo akon bilad ko",synonym,active
vaginal_bleeding,"Vaginal Bleeding",gynecology,5,0,5,no,"gadugo akon bilat",synonym,active
vaginal_bleeding,"Vaginal Bleeding",gynecology,5,0,5,no,"gadugo akon bilat ko",synonym,active
vaginal_bleeding,"Vaginal Bleeding",gynecology,5,0,5,no,"gadugo bilad ako",synonym,active
vaginal_bleeding,"Vaginal Bleeding",gynecology,5,0,5,no,"gadugo bilad akon",synonym,active
vaginal_bleeding,"Vaginal Bleeding",gynecology,5,0,5,no,"gadugo bilad akon gid",synonym,active
vaginal_bleeding,"Vaginal Bleeding",gynecology,5,0,5,no,"gadugo bilad akon subong",synonym,active
vaginal_bleeding,"Vaginal Bleeding",gynecology,5,0,5,no,"gadugo bilad gid ko",synonym,active
vaginal_bleeding,"Vaginal Bleeding",gynecology,5,0,5,no,"gadugo bilad ko",synonym,active
vaginal_bleeding,"Vaginal Bleeding",gynecology,5,0,5,no,"gadugo bilad ko ako",synonym,active
vaginal_bleeding,"Vaginal Bleeding",gynecology,5,0,5,no,"gadugo bilad ko akon",synonym,active
vaginal_bleeding,"Vaginal Bleeding",gynecology,5,0,5,no,"gadugo bilad ko akon gid",synonym,active
vaginal_bleeding,"Vaginal Bleeding",gynecology,5,0,5,no,"gadugo bilad ko akon subong",synonym,active
vaginal_bleeding,"Vaginal Bleeding",gynecology,5,0,5,no,"gadugo bilad ko gid",synonym,active
vaginal_bleeding,"Vaginal Bleeding",gynecology,5,0,5,no,"gadugo bilad ko gid ko",synonym,active
vaginal_bleeding,"Vaginal Bleeding",gynecology,5,0,5,no,"gadugo bilad ko ko",synonym,active
vaginal_bleeding,"Vaginal Bleeding",gynecology,5,0,5,no,"gadugo bilad ko ko gid",synonym,active
vaginal_bleeding,"Vaginal Bleeding",gynecology,5,0,5,no,"gadugo bilat ako",synonym,active
vaginal_bleeding,"Vaginal Bleeding",gynecology,5,0,5,no,"gadugo bilat akon",synonym,active
vaginal_bleeding,"Vaginal Bleeding",gynecology,5,0,5,no,"gadugo bilat akon gid",synonym,active
vaginal_bleeding,"Vaginal Bleeding",gynecology,5,0,5,no,"gadugo bilat akon subong",synonym,active
vaginal_bleeding,"Vaginal Bleeding",gynecology,5,0,5,no,"gadugo bilat gid ko",synonym,active
vaginal_bleeding,"Vaginal Bleeding",gynecology,5,0,5,no,"gadugo bilat ko",synonym,active
vaginal_bleeding,"Vaginal Bleeding",gynecology,5,0,5,no,"gadugo bilat ko ako",synonym,active
vaginal_bleeding,"Vaginal Bleeding",gynecology,5,0,5,no,"gadugo bilat ko akon",synonym,active
vaginal_bleeding,"Vaginal Bleeding",gynecology,5,0,5,no,"gadugo bilat ko akon gid",synonym,active
vaginal_bleeding,"Vaginal Bleeding",gynecology,5,0,5,no,"gadugo bilat ko akon subong",synonym,active
vaginal_bleeding,"Vaginal Bleeding",gynecology,5,0,5,no,"gadugo bilat ko gid",synonym,active
vaginal_bleeding,"Vaginal Bleeding",gynecology,5,0,5,no,"gadugo bilat ko gid ko",synonym,active
vaginal_bleeding,"Vaginal Bleeding",gynecology,5,0,5,no,"gadugo bilat ko ko",synonym,active
vaginal_bleeding,"Vaginal Bleeding",gynecology,5,0,5,no,"gadugo bilat ko ko gid",synonym,active
vaginal_bleeding,"Vaginal Bleeding",gynecology,5,0,5,no,"gadugo gid akon bilad",synonym,active
vaginal_bleeding,"Vaginal Bleeding",gynecology,5,0,5,no,"gadugo gid akon bilad ko",synonym,active
vaginal_bleeding,"Vaginal Bleeding",gynecology,5,0,5,no,"gadugo gid akon bilat",synonym,active
vaginal_bleeding,"Vaginal Bleeding",gynecology,5,0,5,no,"gadugo gid akon bilat ko",synonym,active
vaginal_bleeding,"Vaginal Bleeding",gynecology,5,0,5,no,"gadugo gid bilad ako",synonym,active
vaginal_bleeding,"Vaginal Bleeding",gynecology,5,0,5,no,"gadugo gid bilad akon",synonym,active
vaginal_bleeding,"Vaginal Bleeding",gynecology,5,0,5,no,"gadugo gid bilad akon gid",synonym,active
vaginal_bleeding,"Vaginal Bleeding",gynecology,5,0,5,no,"gadugo gid bilad akon subong",synonym,active
vaginal_bleeding,"Vaginal Bleeding",gynecology,5,0,5,no,"gadugo gid bilad gid ko",synonym,active
vaginal_bleeding,"Vaginal Bleeding",gynecology,5,0,5,no,"gadugo gid bilad ko",synonym,active
vaginal_bleeding,"Vaginal Bleeding",gynecology,5,0,5,no,"gadugo gid bilad ko ako",synonym,active
vaginal_bleeding,"Vaginal Bleeding",gynecology,5,0,5,no,"gadugo gid bilad ko akon",synonym,active
vaginal_bleeding,"Vaginal Bleeding",gynecology,5,0,5,no,"gadugo gid bilad ko akon gid",synonym,active
vaginal_bleeding,"Vaginal Bleeding",gynecology,5,0,5,no,"gadugo gid bilad ko akon subong",synonym,active
vaginal_bleeding,"Vaginal Bleeding",gynecology,5,0,5,no,"gadugo gid bilad ko gid",synonym,active
vaginal_bleeding,"Vaginal Bleeding",gynecology,5,0,5,no,"gadugo gid bilad ko gid ko",synonym,active
vaginal_bleeding,"Vaginal Bleeding",gynecology,5,0,5,no,"gadugo gid bilad ko ko",synonym,active
vaginal_bleeding,"Vaginal Bleeding",gynecology,5,0,5,no,"gadugo gid bilad ko ko gid",synonym,active
vaginal_bleeding,"Vaginal Bleeding",gynecology,5,0,5,no,"gadugo gid bilat ako",synonym,active
vaginal_bleeding,"Vaginal Bleeding",gynecology,5,0,5,no,"gadugo gid bilat akon",synonym,active
vaginal_bleeding,"Vaginal Bleeding",gynecology,5,0,5,no,"gadugo gid bilat akon gid",synonym,active
vaginal_bleeding,"Vaginal Bleeding",gynecology,5,0,5,no,"gadugo gid bilat akon subong",synonym,active
vaginal_bleeding,"Vaginal Bleeding",gynecology,5,0,5,no,"gadugo gid bilat gid ko",synonym,active
vaginal_bleeding,"Vaginal Bleeding",gynecology,5,0,5,no,"gadugo gid bilat ko",synonym,active
vaginal_bleeding,"Vaginal Bleeding",gynecology,5,0,5,no,"gadugo gid bilat ko ako",synonym,active
vaginal_bleeding,"Vaginal Bleeding",gynecology,5,0,5,no,"gadugo gid bilat ko akon",synonym,active
vaginal_bleeding,"Vaginal Bleeding",gynecology,5,0,5,no,"gadugo gid bilat ko akon gid",synonym,active
vaginal_bleeding,"Vaginal Bleeding",gynecology,5,0,5,no,"gadugo gid bilat ko akon subong",synonym,active
vaginal_bleeding,"Vaginal Bleeding",gynecology,5,0,5,no,"gadugo gid bilat ko gid",synonym,active
vaginal_bleeding,"Vaginal Bleeding",gynecology,5,0,5,no,"gadugo gid bilat ko gid ko",synonym,active
vaginal_bleeding,"Vaginal Bleeding",gynecology,5,0,5,no,"gadugo gid bilat ko ko",synonym,active
vaginal_bleeding,"Vaginal Bleeding",gynecology,5,0,5,no,"gadugo gid bilat ko ko gid",synonym,active
vaginal_bleeding,"Vaginal Bleeding",gynecology,5,0,5,no,"gakadugo akon bilad",synonym,active
vaginal_bleeding,"Vaginal Bleeding",gynecology,5,0,5,no,"gakadugo akon bilad ko",synonym,active
vaginal_bleeding,"Vaginal Bleeding",gynecology,5,0,5,no,"gakadugo akon bilat",synonym,active
vaginal_bleeding,"Vaginal Bleeding",gynecology,5,0,5,no,"gakadugo akon bilat ko",synonym,active
vaginal_bleeding,"Vaginal Bleeding",gynecology,5,0,5,no,"gakadugo bilad ako",synonym,active
vaginal_bleeding,"Vaginal Bleeding",gynecology,5,0,5,no,"gakadugo bilad akon",synonym,active
vaginal_bleeding,"Vaginal Bleeding",gynecology,5,0,5,no,"gakadugo bilad akon gid",synonym,active
vaginal_bleeding,"Vaginal Bleeding",gynecology,5,0,5,no,"gakadugo bilad akon subong",synonym,active
vaginal_bleeding,"Vaginal Bleeding",gynecology,5,0,5,no,"gakadugo bilad gid ko",synonym,active
vaginal_bleeding,"Vaginal Bleeding",gynecology,5,0,5,no,"gakadugo bilad ko",synonym,active
vaginal_bleeding,"Vaginal Bleeding",gynecology,5,0,5,no,"gakadugo bilad ko ako",synonym,active
vaginal_bleeding,"Vaginal Bleeding",gynecology,5,0,5,no,"gakadugo bilad ko akon",synonym,active
vaginal_bleeding,"Vaginal Bleeding",gynecology,5,0,5,no,"gakadugo bilad ko akon gid",synonym,active
vaginal_bleeding,"Vaginal Bleeding",gynecology,5,0,5,no,"gakadugo bilad ko akon subong",synonym,active
vaginal_bleeding,"Vaginal Bleeding",gynecology,5,0,5,no,"gakadugo bilad ko gid",synonym,active
vaginal_bleeding,"Vaginal Bleeding",gynecology,5,0,5,no,"gakadugo bilad ko gid ko",synonym,active
vaginal_bleeding,"Vaginal Bleeding",gynecology,5,0,5,no,"gakadugo bilad ko ko",synonym,active
vaginal_bleeding,"Vaginal Bleeding",gynecology,5,0,5,no,"gakadugo bilad ko ko gid",synonym,active
vaginal_bleeding,"Vaginal Bleeding",gynecology,5,0,5,no,"gakadugo bilat ako",synonym,active
vaginal_bleeding,"Vaginal Bleeding",gynecology,5,0,5,no,"gakadugo bilat akon",synonym,active
vaginal_bleeding,"Vaginal Bleeding",gynecology,5,0,5,no,"gakadugo bilat akon gid",synonym,active
vaginal_bleeding,"Vaginal Bleeding",gynecology,5,0,5,no,"gakadugo bilat akon subong",synonym,active
vaginal_bleeding,"Vaginal Bleeding",gynecology,5,0,5,no,"gakadugo bilat gid ko",synonym,active
vaginal_bleeding,"Vaginal Bleeding",gynecology,5,0,5,no,"gakadugo bilat ko",synonym,active
vaginal_bleeding,"Vaginal Bleeding",gynecology,5,0,5,no,"gakadugo bilat ko ako",synonym,active
vaginal_bleeding,"Vaginal Bleeding",gynecology,5,0,5,no,"gakadugo bilat ko akon",synonym,active
vaginal_bleeding,"Vaginal Bleeding",gynecology,5,0,5,no,"gakadugo bilat ko akon gid",synonym,active
vaginal_bleeding,"Vaginal Bleeding",gynecology,5,0,5,no,"gakadugo bilat ko akon subong",synonym,active
vaginal_bleeding,"Vaginal Bleeding",gynecology,5,0,5,no,"gakadugo bilat ko gid",synonym,active
vaginal_bleeding,"Vaginal Bleeding",gynecology,5,0,5,no,"gakadugo bilat ko gid ko",synonym,active
vaginal_bleeding,"Vaginal Bleeding",gynecology,5,0,5,no,"gakadugo bilat ko ko",synonym,active
vaginal_bleeding,"Vaginal Bleeding",gynecology,5,0,5,no,"gakadugo bilat ko ko gid",synonym,active
vaginal_bleeding,"Vaginal Bleeding",gynecology,5,0,5,no,"ginpangayo ko doctor gadugo bilat ko",synonym,active
vaginal_bleeding,"Vaginal Bleeding",gynecology,5,0,5,no,"help gadugo bilat ko",synonym,active
vaginal_bleeding,"Vaginal Bleeding",gynecology,5,0,5,no,"karon gadugo bilat ko",synonym,active
vaginal_bleeding,"Vaginal Bleeding",gynecology,5,0,5,no,"nagadugo akon bilad",synonym,active
vaginal_bleeding,"Vaginal Bleeding",gynecology,5,0,5,no,"nagadugo akon bilad ko",synonym,active
vaginal_bleeding,"Vaginal Bleeding",gynecology,5,0,5,no,"nagadugo akon bilat",synonym,active
vaginal_bleeding,"Vaginal Bleeding",gynecology,5,0,5,no,"nagadugo akon bilat ko",synonym,active
vaginal_bleeding,"Vaginal Bleeding",gynecology,5,0,5,no,"nagadugo bilad ako",synonym,active
vaginal_bleeding,"Vaginal Bleeding",gynecology,5,0,5,no,"nagadugo bilad akon",synonym,active
vaginal_bleeding,"Vaginal Bleeding",gynecology,5,0,5,no,"nagadugo bilad akon gid",synonym,active
vaginal_bleeding,"Vaginal Bleeding",gynecology,5,0,5,no,"nagadugo bilad akon subong",synonym,active
vaginal_bleeding,"Vaginal Bleeding",gynecology,5,0,5,no,"nagadugo bilad gid ko",synonym,active
vaginal_bleeding,"Vaginal Bleeding",gynecology,5,0,5,no,"nagadugo bilad ko",synonym,active
vaginal_bleeding,"Vaginal Bleeding",gynecology,5,0,5,no,"nagadugo bilad ko ako",synonym,active
vaginal_bleeding,"Vaginal Bleeding",gynecology,5,0,5,no,"nagadugo bilad ko akon",synonym,active
vaginal_bleeding,"Vaginal Bleeding",gynecology,5,0,5,no,"nagadugo bilad ko akon gid",synonym,active
vaginal_bleeding,"Vaginal Bleeding",gynecology,5,0,5,no,"nagadugo bilad ko akon subong",synonym,active
vaginal_bleeding,"Vaginal Bleeding",gynecology,5,0,5,no,"nagadugo bilad ko gid",synonym,active
vaginal_bleeding,"Vaginal Bleeding",gynecology,5,0,5,no,"nagadugo bilad ko gid ko",synonym,active
vaginal_bleeding,"Vaginal Bleeding",gynecology,5,0,5,no,"nagadugo bilad ko ko",synonym,active
vaginal_bleeding,"Vaginal Bleeding",gynecology,5,0,5,no,"nagadugo bilad ko ko gid",synonym,active
vaginal_bleeding,"Vaginal Bleeding",gynecology,5,0,5,no,"nagadugo bilat ako",synonym,active
vaginal_bleeding,"Vaginal Bleeding",gynecology,5,0,5,no,"nagadugo bilat akon",synonym,active
vaginal_bleeding,"Vaginal Bleeding",gynecology,5,0,5,no,"nagadugo bilat akon gid",synonym,active
vaginal_bleeding,"Vaginal Bleeding",gynecology,5,0,5,no,"nagadugo bilat akon subong",synonym,active
vaginal_bleeding,"Vaginal Bleeding",gynecology,5,0,5,no,"nagadugo bilat gid ko",synonym,active
vaginal_bleeding,"Vaginal Bleeding",gynecology,5,0,5,no,"nagadugo bilat ko",synonym,active
vaginal_bleeding,"Vaginal Bleeding",gynecology,5,0,5,no,"nagadugo bilat ko ako",synonym,active
vaginal_bleeding,"Vaginal Bleeding",gynecology,5,0,5,no,"nagadugo bilat ko akon",synonym,active
vaginal_bleeding,"Vaginal Bleeding",gynecology,5,0,5,no,"nagadugo bilat ko akon gid",synonym,active
vaginal_bleeding,"Vaginal Bleeding",gynecology,5,0,5,no,"nagadugo bilat ko akon subong",synonym,active
vaginal_bleeding,"Vaginal Bleeding",gynecology,5,0,5,no,"nagadugo bilat ko gid",synonym,active
vaginal_bleeding,"Vaginal Bleeding",gynecology,5,0,5,no,"nagadugo bilat ko gid ko",synonym,active
vaginal_bleeding,"Vaginal Bleeding",gynecology,5,0,5,no,"nagadugo bilat ko ko",synonym,active
vaginal_bleeding,"Vaginal Bleeding",gynecology,5,0,5,no,"nagadugo bilat ko ko gid",synonym,active
vaginal_bleeding,"Vaginal Bleeding",gynecology,5,0,5,no,"nagdugo akon bilad",synonym,active
vaginal_bleeding,"Vaginal Bleeding",gynecology,5,0,5,no,"nagdugo akon bilad ko",synonym,active
vaginal_bleeding,"Vaginal Bleeding",gynecology,5,0,5,no,"nagdugo akon bilat",synonym,active
vaginal_bleeding,"Vaginal Bleeding",gynecology,5,0,5,no,"nagdugo akon bilat ko",synonym,active
vaginal_bleeding,"Vaginal Bleeding",gynecology,5,0,5,no,"nagdugo bilad ako",synonym,active
vaginal_bleeding,"Vaginal Bleeding",gynecology,5,0,5,no,"nagdugo bilad akon",synonym,active
vaginal_bleeding,"Vaginal Bleeding",gynecology,5,0,5,no,"nagdugo bilad akon gid",synonym,active
vaginal_bleeding,"Vaginal Bleeding",gynecology,5,0,5,no,"nagdugo bilad akon subong",synonym,active
vaginal_bleeding,"Vaginal Bleeding",gynecology,5,0,5,no,"nagdugo bilad gid ko",synonym,active
vaginal_bleeding,"Vaginal Bleeding",gynecology,5,0,5,no,"nagdugo bilad ko",synonym,active
vaginal_bleeding,"Vaginal Bleeding",gynecology,5,0,5,no,"nagdugo bilad ko ako",synonym,active
vaginal_bleeding,"Vaginal Bleeding",gynecology,5,0,5,no,"nagdugo bilad ko akon",synonym,active
vaginal_bleeding,"Vaginal Bleeding",gynecology,5,0,5,no,"nagdugo bilad ko akon gid",synonym,active
vaginal_bleeding,"Vaginal Bleeding",gynecology,5,0,5,no,"nagdugo bilad ko akon subong",synonym,active
vaginal_bleeding,"Vaginal Bleeding",gynecology,5,0,5,no,"nagdugo bilad ko gid",synonym,active
vaginal_bleeding,"Vaginal Bleeding",gynecology,5,0,5,no,"nagdugo bilad ko gid ko",synonym,active
vaginal_bleeding,"Vaginal Bleeding",gynecology,5,0,5,no,"nagdugo bilad ko ko",synonym,active
vaginal_bleeding,"Vaginal Bleeding",gynecology,5,0,5,no,"nagdugo bilad ko ko gid",synonym,active
vaginal_bleeding,"Vaginal Bleeding",gynecology,5,0,5,no,"nagdugo bilat ako",synonym,active
vaginal_bleeding,"Vaginal Bleeding",gynecology,5,0,5,no,"nagdugo bilat akon",synonym,active
vaginal_bleeding,"Vaginal Bleeding",gynecology,5,0,5,no,"nagdugo bilat akon gid",synonym,active
vaginal_bleeding,"Vaginal Bleeding",gynecology,5,0,5,no,"nagdugo bilat akon subong",synonym,active
vaginal_bleeding,"Vaginal Bleeding",gynecology,5,0,5,no,"nagdugo bilat gid ko",synonym,active
vaginal_bleeding,"Vaginal Bleeding",gynecology,5,0,5,no,"nagdugo bilat ko",synonym,active
vaginal_bleeding,"Vaginal Bleeding",gynecology,5,0,5,no,"nagdugo bilat ko ako",synonym,active
vaginal_bleeding,"Vaginal Bleeding",gynecology,5,0,5,no,"nagdugo bilat ko akon",synonym,active
vaginal_bleeding,"Vaginal Bleeding",gynecology,5,0,5,no,"nagdugo bilat ko akon gid",synonym,active
vaginal_bleeding,"Vaginal Bleeding",gynecology,5,0,5,no,"nagdugo bilat ko akon subong",synonym,active
vaginal_bleeding,"Vaginal Bleeding",gynecology,5,0,5,no,"nagdugo bilat ko gid",synonym,active
vaginal_bleeding,"Vaginal Bleeding",gynecology,5,0,5,no,"nagdugo bilat ko gid ko",synonym,active
vaginal_bleeding,"Vaginal Bleeding",gynecology,5,0,5,no,"nagdugo bilat ko ko",synonym,active
vaginal_bleeding,"Vaginal Bleeding",gynecology,5,0,5,no,"nagdugo bilat ko ko gid",synonym,active
vaginal_bleeding,"Vaginal Bleeding",gynecology,5,0,5,no,"nagdugo gid akon bilad",synonym,active
vaginal_bleeding,"Vaginal Bleeding",gynecology,5,0,5,no,"nagdugo gid akon bilad ko",synonym,active
vaginal_bleeding,"Vaginal Bleeding",gynecology,5,0,5,no,"nagdugo gid akon bilat",synonym,active
vaginal_bleeding,"Vaginal Bleeding",gynecology,5,0,5,no,"nagdugo gid akon bilat ko",synonym,active
vaginal_bleeding,"Vaginal Bleeding",gynecology,5,0,5,no,"nagdugo gid bilad ako",synonym,active
vaginal_bleeding,"Vaginal Bleeding",gynecology,5,0,5,no,"nagdugo gid bilad akon",synonym,active
vaginal_bleeding,"Vaginal Bleeding",gynecology,5,0,5,no,"nagdugo gid bilad akon gid",synonym,active
vaginal_bleeding,"Vaginal Bleeding",gynecology,5,0,5,no,"nagdugo gid bilad akon subong",synonym,active
vaginal_bleeding,"Vaginal Bleeding",gynecology,5,0,5,no,"nagdugo gid bilad gid ko",synonym,active
vaginal_bleeding,"Vaginal Bleeding",gynecology,5,0,5,no,"nagdugo gid bilad ko",synonym,active
vaginal_bleeding,"Vaginal Bleeding",gynecology,5,0,5,no,"nagdugo gid bilad ko ako",synonym,active
vaginal_bleeding,"Vaginal Bleeding",gynecology,5,0,5,no,"nagdugo gid bilad ko akon",synonym,active
vaginal_bleeding,"Vaginal Bleeding",gynecology,5,0,5,no,"nagdugo gid bilad ko akon gid",synonym,active
vaginal_bleeding,"Vaginal Bleeding",gynecology,5,0,5,no,"nagdugo gid bilad ko akon subong",synonym,active
vaginal_bleeding,"Vaginal Bleeding",gynecology,5,0,5,no,"nagdugo gid bilad ko gid",synonym,active
vaginal_bleeding,"Vaginal Bleeding",gynecology,5,0,5,no,"nagdugo gid bilad ko gid ko",synonym,active
vaginal_bleeding,"Vaginal Bleeding",gynecology,5,0,5,no,"nagdugo gid bilad ko ko",synonym,active
vaginal_bleeding,"Vaginal Bleeding",gynecology,5,0,5,no,"nagdugo gid bilad ko ko gid",synonym,active
vaginal_bleeding,"Vaginal Bleeding",gynecology,5,0,5,no,"nagdugo gid bilat ako",synonym,active
vaginal_bleeding,"Vaginal Bleeding",gynecology,5,0,5,no,"nagdugo gid bilat akon",synonym,active
vaginal_bleeding,"Vaginal Bleeding",gynecology,5,0,5,no,"nagdugo gid bilat akon gid",synonym,active
vaginal_bleeding,"Vaginal Bleeding",gynecology,5,0,5,no,"nagdugo gid bilat akon subong",synonym,active
vaginal_bleeding,"Vaginal Bleeding",gynecology,5,0,5,no,"nagdugo gid bilat gid ko",synonym,active
vaginal_bleeding,"Vaginal Bleeding",gynecology,5,0,5,no,"nagdugo gid bilat ko",synonym,active
vaginal_bleeding,"Vaginal Bleeding",gynecology,5,0,5,no,"nagdugo gid bilat ko ako",synonym,active
vaginal_bleeding,"Vaginal Bleeding",gynecology,5,0,5,no,"nagdugo gid bilat ko akon",synonym,active
vaginal_bleeding,"Vaginal Bleeding",gynecology,5,0,5,no,"nagdugo gid bilat ko akon gid",synonym,active
vaginal_bleeding,"Vaginal Bleeding",gynecology,5,0,5,no,"nagdugo gid bilat ko akon subong",synonym,active
vaginal_bleeding,"Vaginal Bleeding",gynecology,5,0,5,no,"nagdugo gid bilat ko gid",synonym,active
vaginal_bleeding,"Vaginal Bleeding",gynecology,5,0,5,no,"nagdugo gid bilat ko gid ko",synonym,active
vaginal_bleeding,"Vaginal Bleeding",gynecology,5,0,5,no,"nagdugo gid bilat ko ko",synonym,active
vaginal_bleeding,"Vaginal Bleeding",gynecology,5,0,5,no,"nagdugo gid bilat ko ko gid",synonym,active
vaginal_bleeding,"Vaginal Bleeding",gynecology,5,0,5,no,"subong gadugo bilat ko",synonym,active
vaginal_bleeding,"Vaginal Bleeding",gynecology,5,0,5,no,"gadugo bilat",synonym,active
vaginal_bleeding,"Vaginal Bleeding",gynecology,5,0,5,no,"masakit ang vaginal bleeding",synonym,active
vaginal_bleeding,"Vaginal Bleeding",gynecology,5,0,5,no,vaginal_bleeding,concept_id,active
pelvic_pain,"Pelvic Pain",gynecology,5,0,5,no,"pelvic pain",canonical,active
pelvic_pain,"Pelvic Pain",gynecology,5,0,5,no,pelvic,synonym,active
pelvic_pain,"Pelvic Pain",gynecology,5,0,5,no,pain,synonym,active
pelvic_pain,"Pelvic Pain",gynecology,5,0,5,no,"may pelvic pain",synonym,active
pelvic_pain,"Pelvic Pain",gynecology,5,0,5,no,"masakit pelvic pain",synonym,active
pelvic_pain,"Pelvic Pain",gynecology,5,0,5,no,"masakit ang pelvic pain",synonym,active
pelvic_pain,"Pelvic Pain",gynecology,5,0,5,no,pelvic_pain,concept_id,active
menstrual_pain,"Menstrual Pain",gynecology,3,0,3,no,"menstrual pain",canonical,active
menstrual_pain,"Menstrual Pain",gynecology,3,0,3,no,menstrual,synonym,active
menstrual_pain,"Menstrual Pain",gynecology,3,0,3,no,pain,synonym,active
menstrual_pain,"Menstrual Pain",gynecology,3,0,3,no,"may menstrual pain",synonym,active
menstrual_pain,"Menstrual Pain",gynecology,3,0,3,no,"masakit menstrual pain",synonym,active
menstrual_pain,"Menstrual Pain",gynecology,3,0,3,no,"cramps sa regla",synonym,active
menstrual_pain,"Menstrual Pain",gynecology,3,0,3,no,"sakit sa regla",synonym,active
menstrual_pain,"Menstrual Pain",gynecology,3,0,3,no,"masakit ang menstrual pain",synonym,active
menstrual_pain,"Menstrual Pain",gynecology,3,0,3,no,menstrual_pain,concept_id,active
sexual_assault,"Sexual Assault",trauma,10,10,0,yes,"sexual assault",canonical,active
sexual_assault,"Sexual Assault",trauma,10,10,0,yes,sexual,synonym,active
sexual_assault,"Sexual Assault",trauma,10,10,0,yes,assault,synonym,active
sexual_assault,"Sexual Assault",trauma,10,10,0,yes,"may sexual assault",synonym,active
sexual_assault,"Sexual Assault",trauma,10,10,0,yes,"masakit sexual assault",synonym,active
sexual_assault,"Sexual Assault",trauma,10,10,0,yes,"masakit ang sexual assault",synonym,active
sexual_assault,"Sexual Assault",trauma,10,10,0,yes,sexual_assault,concept_id,active
domestic_violence,"Domestic Violence",trauma,8,8,0,yes,"domestic violence",canonical,active
domestic_violence,"Domestic Violence",trauma,8,8,0,yes,domestic,synonym,active
domestic_violence,"Domestic Violence",trauma,8,8,0,yes,violence,synonym,active
domestic_violence,"Domestic Violence",trauma,8,8,0,yes,"may domestic violence",synonym,active
domestic_violence,"Domestic Violence",trauma,8,8,0,yes,"masakit domestic violence",synonym,active
domestic_violence,"Domestic Violence",trauma,8,8,0,yes,"masakit ang domestic violence",synonym,active
domestic_violence,"Domestic Violence",trauma,8,8,0,yes,domestic_violence,concept_id,active
burn_mild,"Minor Burn",trauma,3,0,3,no,"minor burn",canonical,active
burn_mild,"Minor Burn",trauma,3,0,3,no,minor,synonym,active
burn_mild,"Minor Burn",trauma,3,0,3,no,burn,synonym,active
burn_mild,"Minor Burn",trauma,3,0,3,no,"may minor burn",synonym,active
burn_mild,"Minor Burn",trauma,3,0,3,no,"masakit minor burn",synonym,active
burn_mild,"Minor Burn",trauma,3,0,3,no,"masakit ang minor burn",synonym,active
burn_mild,"Minor Burn",trauma,3,0,3,no,burn_mild,concept_id,active
burn_mild,"Minor Burn",trauma,3,0,3,no,"burn mild",concept_id,active
burn_severe,"Severe Burn",trauma,10,10,0,yes,"severe burn",canonical,active
burn_severe,"Severe Burn",trauma,10,10,0,yes,severe,synonym,active
burn_severe,"Severe Burn",trauma,10,10,0,yes,burn,synonym,active
burn_severe,"Severe Burn",trauma,10,10,0,yes,"may severe burn",synonym,active
burn_severe,"Severe Burn",trauma,10,10,0,yes,"masakit severe burn",synonym,active
burn_severe,"Severe Burn",trauma,10,10,0,yes,"masakit ang severe burn",synonym,active
burn_severe,"Severe Burn",trauma,10,10,0,yes,burn_severe,concept_id,active
burn_severe,"Severe Burn",trauma,10,10,0,yes,"burn severe",concept_id,active
smoke_inhalation,"Smoke Inhalation",respiratory,10,10,0,yes,"smoke inhalation",canonical,active
smoke_inhalation,"Smoke Inhalation",respiratory,10,10,0,yes,smoke,synonym,active
smoke_inhalation,"Smoke Inhalation",respiratory,10,10,0,yes,inhalation,synonym,active
smoke_inhalation,"Smoke Inhalation",respiratory,10,10,0,yes,"may smoke inhalation",synonym,active
smoke_inhalation,"Smoke Inhalation",respiratory,10,10,0,yes,"masakit smoke inhalation",synonym,active
smoke_inhalation,"Smoke Inhalation",respiratory,10,10,0,yes,"nasinghot sang smoke",synonym,active
smoke_inhalation,"Smoke Inhalation",respiratory,10,10,0,yes,"masakit ang smoke inhalation",synonym,active
smoke_inhalation,"Smoke Inhalation",respiratory,10,10,0,yes,smoke_inhalation,concept_id,active
foreign_body_aspiration,"Foreign Body Aspiration",respiratory,10,10,0,yes,"foreign body aspiration",canonical,active
foreign_body_aspiration,"Foreign Body Aspiration",respiratory,10,10,0,yes,foreign,synonym,active
foreign_body_aspiration,"Foreign Body Aspiration",respiratory,10,10,0,yes,body,synonym,active
foreign_body_aspiration,"Foreign Body Aspiration",respiratory,10,10,0,yes,aspiration,synonym,active
foreign_body_aspiration,"Foreign Body Aspiration",respiratory,10,10,0,yes,"may foreign body aspiration",synonym,active
foreign_body_aspiration,"Foreign Body Aspiration",respiratory,10,10,0,yes,"masakit foreign body aspiration",synonym,active
foreign_body_aspiration,"Foreign Body Aspiration",respiratory,10,10,0,yes,"masakit ang foreign body aspiration",synonym,active
foreign_body_aspiration,"Foreign Body Aspiration",respiratory,10,10,0,yes,foreign_body_aspiration,concept_id,active
foreign_body_swallowed,"Foreign Body Swallowed",gastrointestinal,6,0,6,no,"foreign body swallowed",canonical,active
foreign_body_swallowed,"Foreign Body Swallowed",gastrointestinal,6,0,6,no,foreign,synonym,active
foreign_body_swallowed,"Foreign Body Swallowed",gastrointestinal,6,0,6,no,body,synonym,active
foreign_body_swallowed,"Foreign Body Swallowed",gastrointestinal,6,0,6,no,swallowed,synonym,active
foreign_body_swallowed,"Foreign Body Swallowed",gastrointestinal,6,0,6,no,"may foreign body swallowed",synonym,active
foreign_body_swallowed,"Foreign Body Swallowed",gastrointestinal,6,0,6,no,"masakit foreign body swallowed",synonym,active
foreign_body_swallowed,"Foreign Body Swallowed",gastrointestinal,6,0,6,no,"masakit ang foreign body swallowed",synonym,active
foreign_body_swallowed,"Foreign Body Swallowed",gastrointestinal,6,0,6,no,foreign_body_swallowed,concept_id,active
ingested_battery,"Ingested Battery",toxicology,12,12,0,yes,"ingested battery",canonical,active
ingested_battery,"Ingested Battery",toxicology,12,12,0,yes,ingested,synonym,active
ingested_battery,"Ingested Battery",toxicology,12,12,0,yes,battery,synonym,active
ingested_battery,"Ingested Battery",toxicology,12,12,0,yes,"may ingested battery",synonym,active
ingested_battery,"Ingested Battery",toxicology,12,12,0,yes,"masakit ingested battery",synonym,active
ingested_battery,"Ingested Battery",toxicology,12,12,0,yes,"masakit ang ingested battery",synonym,active
ingested_battery,"Ingested Battery",toxicology,12,12,0,yes,ingested_battery,concept_id,active
ingested_magnet,"Ingested Magnet",toxicology,10,10,0,yes,"ingested magnet",canonical,active
ingested_magnet,"Ingested Magnet",toxicology,10,10,0,yes,ingested,synonym,active
ingested_magnet,"Ingested Magnet",toxicology,10,10,0,yes,magnet,synonym,active
ingested_magnet,"Ingested Magnet",toxicology,10,10,0,yes,"may ingested magnet",synonym,active
ingested_magnet,"Ingested Magnet",toxicology,10,10,0,yes,"masakit ingested magnet",synonym,active
ingested_magnet,"Ingested Magnet",toxicology,10,10,0,yes,"masakit ang ingested magnet",synonym,active
ingested_magnet,"Ingested Magnet",toxicology,10,10,0,yes,ingested_magnet,concept_id,active
needle_stick,"Needle Stick Injury",infectious,4,0,4,no,"needle stick injury",canonical,active
needle_stick,"Needle Stick Injury",infectious,4,0,4,no,needle,synonym,active
needle_stick,"Needle Stick Injury",infectious,4,0,4,no,stick,synonym,active
needle_stick,"Needle Stick Injury",infectious,4,0,4,no,injury,synonym,active
needle_stick,"Needle Stick Injury",infectious,4,0,4,no,"may needle stick injury",synonym,active
needle_stick,"Needle Stick Injury",infectious,4,0,4,no,"masakit needle stick injury",synonym,active
needle_stick,"Needle Stick Injury",infectious,4,0,4,no,"masakit ang needle stick injury",synonym,active
needle_stick,"Needle Stick Injury",infectious,4,0,4,no,needle_stick,concept_id,active
needle_stick,"Needle Stick Injury",infectious,4,0,4,no,"needle stick",concept_id,active
occupational_exposure,"Occupational Exposure",infectious,4,0,4,no,"occupational exposure",canonical,active
occupational_exposure,"Occupational Exposure",infectious,4,0,4,no,occupational,synonym,active
occupational_exposure,"Occupational Exposure",infectious,4,0,4,no,exposure,synonym,active
occupational_exposure,"Occupational Exposure",infectious,4,0,4,no,"may occupational exposure",synonym,active
occupational_exposure,"Occupational Exposure",infectious,4,0,4,no,"masakit occupational exposure",synonym,active
occupational_exposure,"Occupational Exposure",infectious,4,0,4,no,"masakit ang occupational exposure",synonym,active
occupational_exposure,"Occupational Exposure",infectious,4,0,4,no,occupational_exposure,concept_id,active
rabies_exposure,"Rabies Exposure",infectious,6,0,6,no,"rabies exposure",canonical,active
rabies_exposure,"Rabies Exposure",infectious,6,0,6,no,rabies,synonym,active
rabies_exposure,"Rabies Exposure",infectious,6,0,6,no,exposure,synonym,active
rabies_exposure,"Rabies Exposure",infectious,6,0,6,no,"may rabies exposure",synonym,active
rabies_exposure,"Rabies Exposure",infectious,6,0,6,no,"masakit rabies exposure",synonym,active
rabies_exposure,"Rabies Exposure",infectious,6,0,6,no,"masakit ang rabies exposure",synonym,active
rabies_exposure,"Rabies Exposure",infectious,6,0,6,no,rabies_exposure,concept_id,active
tetanus_exposure,"Tetanus Exposure",infectious,4,0,4,no,"tetanus exposure",canonical,active
tetanus_exposure,"Tetanus Exposure",infectious,4,0,4,no,tetanus,synonym,active
tetanus_exposure,"Tetanus Exposure",infectious,4,0,4,no,exposure,synonym,active
tetanus_exposure,"Tetanus Exposure",infectious,4,0,4,no,"may tetanus exposure",synonym,active
tetanus_exposure,"Tetanus Exposure",infectious,4,0,4,no,"masakit tetanus exposure",synonym,active
tetanus_exposure,"Tetanus Exposure",infectious,4,0,4,no,"masakit ang tetanus exposure",synonym,active
tetanus_exposure,"Tetanus Exposure",infectious,4,0,4,no,tetanus_exposure,concept_id,active
hiv_exposure,"HIV Exposure",infectious,5,0,5,no,"hiv exposure",canonical,active
hiv_exposure,"HIV Exposure",infectious,5,0,5,no,hiv,synonym,active
hiv_exposure,"HIV Exposure",infectious,5,0,5,no,exposure,synonym,active
hiv_exposure,"HIV Exposure",infectious,5,0,5,no,"may hiv exposure",synonym,active
hiv_exposure,"HIV Exposure",infectious,5,0,5,no,"masakit hiv exposure",synonym,active
hiv_exposure,"HIV Exposure",infectious,5,0,5,no,"masakit ang hiv exposure",synonym,active
hiv_exposure,"HIV Exposure",infectious,5,0,5,no,hiv_exposure,concept_id,active
hepatitis_exposure,"Hepatitis Exposure",infectious,4,0,4,no,"hepatitis exposure",canonical,active
hepatitis_exposure,"Hepatitis Exposure",infectious,4,0,4,no,hepatitis,synonym,active
hepatitis_exposure,"Hepatitis Exposure",infectious,4,0,4,no,exposure,synonym,active
hepatitis_exposure,"Hepatitis Exposure",infectious,4,0,4,no,"may hepatitis exposure",synonym,active
hepatitis_exposure,"Hepatitis Exposure",infectious,4,0,4,no,"masakit hepatitis exposure",synonym,active
hepatitis_exposure,"Hepatitis Exposure",infectious,4,0,4,no,"masakit ang hepatitis exposure",synonym,active
hepatitis_exposure,"Hepatitis Exposure",infectious,4,0,4,no,hepatitis_exposure,concept_id,active
sudden_death_witnessed,"Witnessed Collapse",cardiovascular,15,15,0,yes,"witnessed collapse",canonical,active
sudden_death_witnessed,"Witnessed Collapse",cardiovascular,15,15,0,yes,witnessed,synonym,active
sudden_death_witnessed,"Witnessed Collapse",cardiovascular,15,15,0,yes,collapse,synonym,active
sudden_death_witnessed,"Witnessed Collapse",cardiovascular,15,15,0,yes,"may witnessed collapse",synonym,active
sudden_death_witnessed,"Witnessed Collapse",cardiovascular,15,15,0,yes,"masakit witnessed collapse",synonym,active
sudden_death_witnessed,"Witnessed Collapse",cardiovascular,15,15,0,yes,"masakit ang witnessed collapse",synonym,active
sudden_death_witnessed,"Witnessed Collapse",cardiovascular,15,15,0,yes,sudden_death_witnessed,concept_id,active
sudden_death_witnessed,"Witnessed Collapse",cardiovascular,15,15,0,yes,"sudden death witnessed",concept_id,active
blue_lips,"Blue Lips",respiratory,12,12,0,yes,"blue lips",canonical,active
blue_lips,"Blue Lips",respiratory,12,12,0,yes,blue,synonym,active
blue_lips,"Blue Lips",respiratory,12,12,0,yes,lips,synonym,active
blue_lips,"Blue Lips",respiratory,12,12,0,yes,"may blue lips",synonym,active
blue_lips,"Blue Lips",respiratory,12,12,0,yes,"masakit blue lips",synonym,active
blue_lips,"Blue Lips",respiratory,12,12,0,yes,"masakit ang blue lips",synonym,active
blue_lips,"Blue Lips",respiratory,12,12,0,yes,blue_lips,concept_id,active
air_hunger,"Air Hunger",respiratory,12,12,0,yes,"air hunger",canonical,active
air_hunger,"Air Hunger",respiratory,12,12,0,yes,air,synonym,active
air_hunger,"Air Hunger",respiratory,12,12,0,yes,hunger,synonym,active
air_hunger,"Air Hunger",respiratory,12,12,0,yes,"may air hunger",synonym,active
air_hunger,"Air Hunger",respiratory,12,12,0,yes,"masakit air hunger",synonym,active
air_hunger,"Air Hunger",respiratory,12,12,0,yes,"masakit ang air hunger",synonym,active
air_hunger,"Air Hunger",respiratory,12,12,0,yes,air_hunger,concept_id,active
cannot_speak_full_sentences,"Cannot Speak Full Sentences",respiratory,10,10,0,yes,"cannot speak full sentences",canonical,active
cannot_speak_full_sentences,"Cannot Speak Full Sentences",respiratory,10,10,0,yes,cannot,synonym,active
cannot_speak_full_sentences,"Cannot Speak Full Sentences",respiratory,10,10,0,yes,speak,synonym,active
cannot_speak_full_sentences,"Cannot Speak Full Sentences",respiratory,10,10,0,yes,full,synonym,active
cannot_speak_full_sentences,"Cannot Speak Full Sentences",respiratory,10,10,0,yes,sentences,synonym,active
cannot_speak_full_sentences,"Cannot Speak Full Sentences",respiratory,10,10,0,yes,"may cannot speak full sentences",synonym,active
cannot_speak_full_sentences,"Cannot Speak Full Sentences",respiratory,10,10,0,yes,"masakit cannot speak full sentences",synonym,active
cannot_speak_full_sentences,"Cannot Speak Full Sentences",respiratory,10,10,0,yes,"masakit ang cannot speak full sentences",synonym,active
cannot_speak_full_sentences,"Cannot Speak Full Sentences",respiratory,10,10,0,yes,cannot_speak_full_sentences,concept_id,active
pediatric_breathing_distress,"Pediatric Breathing Distress",pediatric,10,10,0,yes,"pediatric breathing distress",canonical,active
pediatric_breathing_distress,"Pediatric Breathing Distress",pediatric,10,10,0,yes,pediatric,synonym,active
pediatric_breathing_distress,"Pediatric Breathing Distress",pediatric,10,10,0,yes,breathing,synonym,active
pediatric_breathing_distress,"Pediatric Breathing Distress",pediatric,10,10,0,yes,distress,synonym,active
pediatric_breathing_distress,"Pediatric Breathing Distress",pediatric,10,10,0,yes,"may pediatric breathing distress",synonym,active
pediatric_breathing_distress,"Pediatric Breathing Distress",pediatric,10,10,0,yes,"masakit pediatric breathing distress",synonym,active
pediatric_breathing_distress,"Pediatric Breathing Distress",pediatric,10,10,0,yes,"masakit ang pediatric breathing distress",synonym,active
pediatric_breathing_distress,"Pediatric Breathing Distress",pediatric,10,10,0,yes,pediatric_breathing_distress,concept_id,active
neonatal_distress,"Neonatal Distress",pediatric,12,12,0,yes,"neonatal distress",canonical,active
neonatal_distress,"Neonatal Distress",pediatric,12,12,0,yes,neonatal,synonym,active
neonatal_distress,"Neonatal Distress",pediatric,12,12,0,yes,distress,synonym,active
neonatal_distress,"Neonatal Distress",pediatric,12,12,0,yes,"may neonatal distress",synonym,active
neonatal_distress,"Neonatal Distress",pediatric,12,12,0,yes,"masakit neonatal distress",synonym,active
neonatal_distress,"Neonatal Distress",pediatric,12,12,0,yes,"masakit ang neonatal distress",synonym,active
neonatal_distress,"Neonatal Distress",pediatric,12,12,0,yes,neonatal_distress,concept_id,active
feeding_difficulty,"Feeding Difficulty",pediatric,4,0,4,no,"feeding difficulty",canonical,active
feeding_difficulty,"Feeding Difficulty",pediatric,4,0,4,no,feeding,synonym,active
feeding_difficulty,"Feeding Difficulty",pediatric,4,0,4,no,difficulty,synonym,active
feeding_difficulty,"Feeding Difficulty",pediatric,4,0,4,no,"may feeding difficulty",synonym,active
feeding_difficulty,"Feeding Difficulty",pediatric,4,0,4,no,"masakit feeding difficulty",synonym,active
feeding_difficulty,"Feeding Difficulty",pediatric,4,0,4,no,"masakit ang feeding difficulty",synonym,active
feeding_difficulty,"Feeding Difficulty",pediatric,4,0,4,no,feeding_difficulty,concept_id,active
failure_to_gain_weight,"Failure to Gain Weight",pediatric,4,0,4,no,"failure to gain weight",canonical,active
failure_to_gain_weight,"Failure to Gain Weight",pediatric,4,0,4,no,failure,synonym,active
failure_to_gain_weight,"Failure to Gain Weight",pediatric,4,0,4,no,gain,synonym,active
failure_to_gain_weight,"Failure to Gain Weight",pediatric,4,0,4,no,weight,synonym,active
failure_to_gain_weight,"Failure to Gain Weight",pediatric,4,0,4,no,"may failure to gain weight",synonym,active
failure_to_gain_weight,"Failure to Gain Weight",pediatric,4,0,4,no,"masakit failure to gain weight",synonym,active
failure_to_gain_weight,"Failure to Gain Weight",pediatric,4,0,4,no,"masakit ang failure to gain weight",synonym,active
failure_to_gain_weight,"Failure to Gain Weight",pediatric,4,0,4,no,failure_to_gain_weight,concept_id,active
developmental_regression,"Developmental Regression",pediatric,6,0,6,no,"developmental regression",canonical,active
developmental_regression,"Developmental Regression",pediatric,6,0,6,no,developmental,synonym,active
developmental_regression,"Developmental Regression",pediatric,6,0,6,no,regression,synonym,active
developmental_regression,"Developmental Regression",pediatric,6,0,6,no,"may developmental regression",synonym,active
developmental_regression,"Developmental Regression",pediatric,6,0,6,no,"masakit developmental regression",synonym,active
developmental_regression,"Developmental Regression",pediatric,6,0,6,no,"masakit ang developmental regression",synonym,active
developmental_regression,"Developmental Regression",pediatric,6,0,6,no,developmental_regression,concept_id,active
school_refusal,"School Refusal",mental_health,3,0,3,no,"school refusal",canonical,active
school_refusal,"School Refusal",mental_health,3,0,3,no,school,synonym,active
school_refusal,"School Refusal",mental_health,3,0,3,no,refusal,synonym,active
school_refusal,"School Refusal",mental_health,3,0,3,no,"may school refusal",synonym,active
school_refusal,"School Refusal",mental_health,3,0,3,no,"masakit school refusal",synonym,active
school_refusal,"School Refusal",mental_health,3,0,3,no,"masakit ang school refusal",synonym,active
school_refusal,"School Refusal",mental_health,3,0,3,no,school_refusal,concept_id,active
behavioral_change,"Behavioral Change",mental_health,4,0,4,no,"behavioral change",canonical,active
behavioral_change,"Behavioral Change",mental_health,4,0,4,no,behavioral,synonym,active
behavioral_change,"Behavioral Change",mental_health,4,0,4,no,change,synonym,active
behavioral_change,"Behavioral Change",mental_health,4,0,4,no,"may behavioral change",synonym,active
behavioral_change,"Behavioral Change",mental_health,4,0,4,no,"masakit behavioral change",synonym,active
behavioral_change,"Behavioral Change",mental_health,4,0,4,no,"masakit ang behavioral change",synonym,active
behavioral_change,"Behavioral Change",mental_health,4,0,4,no,behavioral_change,concept_id,active
substance_intoxication,"Substance Intoxication",toxicology,8,8,0,yes,"substance intoxication",canonical,active
substance_intoxication,"Substance Intoxication",toxicology,8,8,0,yes,substance,synonym,active
substance_intoxication,"Substance Intoxication",toxicology,8,8,0,yes,intoxication,synonym,active
substance_intoxication,"Substance Intoxication",toxicology,8,8,0,yes,"may substance intoxication",synonym,active
substance_intoxication,"Substance Intoxication",toxicology,8,8,0,yes,"masakit substance intoxication",synonym,active
substance_intoxication,"Substance Intoxication",toxicology,8,8,0,yes,"masakit ang substance intoxication",synonym,active
substance_intoxication,"Substance Intoxication",toxicology,8,8,0,yes,substance_intoxication,concept_id,active
withdrawal_seizure,"Withdrawal Seizure",toxicology,10,10,0,yes,"withdrawal seizure",canonical,active
withdrawal_seizure,"Withdrawal Seizure",toxicology,10,10,0,yes,withdrawal,synonym,active
withdrawal_seizure,"Withdrawal Seizure",toxicology,10,10,0,yes,seizure,synonym,active
withdrawal_seizure,"Withdrawal Seizure",toxicology,10,10,0,yes,"may withdrawal seizure",synonym,active
withdrawal_seizure,"Withdrawal Seizure",toxicology,10,10,0,yes,"masakit withdrawal seizure",synonym,active
withdrawal_seizure,"Withdrawal Seizure",toxicology,10,10,0,yes,"masakit ang withdrawal seizure",synonym,active
withdrawal_seizure,"Withdrawal Seizure",toxicology,10,10,0,yes,withdrawal_seizure,concept_id,active
organ_failure_symptoms,"Organ Failure Symptoms",general,10,10,0,yes,"organ failure symptoms",canonical,active
organ_failure_symptoms,"Organ Failure Symptoms",general,10,10,0,yes,organ,synonym,active
organ_failure_symptoms,"Organ Failure Symptoms",general,10,10,0,yes,failure,synonym,active
organ_failure_symptoms,"Organ Failure Symptoms",general,10,10,0,yes,symptoms,synonym,active
organ_failure_symptoms,"Organ Failure Symptoms",general,10,10,0,yes,"may organ failure symptoms",synonym,active
organ_failure_symptoms,"Organ Failure Symptoms",general,10,10,0,yes,"masakit organ failure symptoms",synonym,active
organ_failure_symptoms,"Organ Failure Symptoms",general,10,10,0,yes,"masakit ang organ failure symptoms",synonym,active
organ_failure_symptoms,"Organ Failure Symptoms",general,10,10,0,yes,organ_failure_symptoms,concept_id,active
shock_symptoms,"Shock Symptoms",cardiovascular,12,12,0,yes,"shock symptoms",canonical,active
shock_symptoms,"Shock Symptoms",cardiovascular,12,12,0,yes,shock,synonym,active
shock_symptoms,"Shock Symptoms",cardiovascular,12,12,0,yes,symptoms,synonym,active
shock_symptoms,"Shock Symptoms",cardiovascular,12,12,0,yes,"may shock symptoms",synonym,active
shock_symptoms,"Shock Symptoms",cardiovascular,12,12,0,yes,"masakit shock symptoms",synonym,active
shock_symptoms,"Shock Symptoms",cardiovascular,12,12,0,yes,"masakit ang shock symptoms",synonym,active
shock_symptoms,"Shock Symptoms",cardiovascular,12,12,0,yes,shock_symptoms,concept_id,active
anemia_symptoms,"Anemia Symptoms",hematology,4,0,4,no,"anemia symptoms",canonical,active
anemia_symptoms,"Anemia Symptoms",hematology,4,0,4,no,anemia,synonym,active
anemia_symptoms,"Anemia Symptoms",hematology,4,0,4,no,symptoms,synonym,active
anemia_symptoms,"Anemia Symptoms",hematology,4,0,4,no,"may anemia symptoms",synonym,active
anemia_symptoms,"Anemia Symptoms",hematology,4,0,4,no,"masakit anemia symptoms",synonym,active
anemia_symptoms,"Anemia Symptoms",hematology,4,0,4,no,"masakit ang anemia symptoms",synonym,active
anemia_symptoms,"Anemia Symptoms",hematology,4,0,4,no,anemia_symptoms,concept_id,active
easy_bruising,"Easy Bruising",hematology,3,0,3,no,"easy bruising",canonical,active
easy_bruising,"Easy Bruising",hematology,3,0,3,no,easy,synonym,active
easy_bruising,"Easy Bruising",hematology,3,0,3,no,bruising,synonym,active
easy_bruising,"Easy Bruising",hematology,3,0,3,no,"may easy bruising",synonym,active
easy_bruising,"Easy Bruising",hematology,3,0,3,no,"masakit easy bruising",synonym,active
easy_bruising,"Easy Bruising",hematology,3,0,3,no,"masakit ang easy bruising",synonym,active
easy_bruising,"Easy Bruising",hematology,3,0,3,no,easy_bruising,concept_id,active
petechiae,Petechiae,hematology,6,0,6,no,petechiae,canonical,active
petechiae,Petechiae,hematology,6,0,6,no,"may petechiae",synonym,active
petechiae,Petechiae,hematology,6,0,6,no,"masakit petechiae",synonym,active
petechiae,Petechiae,hematology,6,0,6,no,"masakit ang petechiae",synonym,active
splenomegaly_symptoms,"Splenomegaly Symptoms",hematology,4,0,4,no,"splenomegaly symptoms",canonical,active
splenomegaly_symptoms,"Splenomegaly Symptoms",hematology,4,0,4,no,splenomegaly,synonym,active
splenomegaly_symptoms,"Splenomegaly Symptoms",hematology,4,0,4,no,symptoms,synonym,active
splenomegaly_symptoms,"Splenomegaly Symptoms",hematology,4,0,4,no,"may splenomegaly symptoms",synonym,active
splenomegaly_symptoms,"Splenomegaly Symptoms",hematology,4,0,4,no,"masakit splenomegaly symptoms",synonym,active
splenomegaly_symptoms,"Splenomegaly Symptoms",hematology,4,0,4,no,"masakit ang splenomegaly symptoms",synonym,active
splenomegaly_symptoms,"Splenomegaly Symptoms",hematology,4,0,4,no,splenomegaly_symptoms,concept_id,active
jaundice_newborn,"Newborn Jaundice",pediatric,5,0,5,no,"newborn jaundice",canonical,active
jaundice_newborn,"Newborn Jaundice",pediatric,5,0,5,no,newborn,synonym,active
jaundice_newborn,"Newborn Jaundice",pediatric,5,0,5,no,jaundice,synonym,active
jaundice_newborn,"Newborn Jaundice",pediatric,5,0,5,no,"may newborn jaundice",synonym,active
jaundice_newborn,"Newborn Jaundice",pediatric,5,0,5,no,"masakit newborn jaundice",synonym,active
jaundice_newborn,"Newborn Jaundice",pediatric,5,0,5,no,"masakit ang newborn jaundice",synonym,active
jaundice_newborn,"Newborn Jaundice",pediatric,5,0,5,no,jaundice_newborn,concept_id,active
jaundice_newborn,"Newborn Jaundice",pediatric,5,0,5,no,"jaundice newborn",concept_id,active
umbilical_cord_infection,"Umbilical Cord Infection",pediatric,5,0,5,no,"umbilical cord infection",canonical,active
umbilical_cord_infection,"Umbilical Cord Infection",pediatric,5,0,5,no,umbilical,synonym,active
umbilical_cord_infection,"Umbilical Cord Infection",pediatric,5,0,5,no,cord,synonym,active
umbilical_cord_infection,"Umbilical Cord Infection",pediatric,5,0,5,no,infection,synonym,active
umbilical_cord_infection,"Umbilical Cord Infection",pediatric,5,0,5,no,"may umbilical cord infection",synonym,active
umbilical_cord_infection,"Umbilical Cord Infection",pediatric,5,0,5,no,"masakit umbilical cord infection",synonym,active
umbilical_cord_infection,"Umbilical Cord Infection",pediatric,5,0,5,no,"masakit ang umbilical cord infection",synonym,active
umbilical_cord_infection,"Umbilical Cord Infection",pediatric,5,0,5,no,umbilical_cord_infection,concept_id,active
diaper_rash_severe,"Severe Diaper Rash",pediatric,3,0,3,no,"severe diaper rash",canonical,active
diaper_rash_severe,"Severe Diaper Rash",pediatric,3,0,3,no,severe,synonym,active
diaper_rash_severe,"Severe Diaper Rash",pediatric,3,0,3,no,diaper,synonym,active
diaper_rash_severe,"Severe Diaper Rash",pediatric,3,0,3,no,rash,synonym,active
diaper_rash_severe,"Severe Diaper Rash",pediatric,3,0,3,no,"may severe diaper rash",synonym,active
diaper_rash_severe,"Severe Diaper Rash",pediatric,3,0,3,no,"masakit severe diaper rash",synonym,active
diaper_rash_severe,"Severe Diaper Rash",pediatric,3,0,3,no,"masakit ang severe diaper rash",synonym,active
diaper_rash_severe,"Severe Diaper Rash",pediatric,3,0,3,no,diaper_rash_severe,concept_id,active
diaper_rash_severe,"Severe Diaper Rash",pediatric,3,0,3,no,"diaper rash severe",concept_id,active
elderly_aspiration,"Elderly Aspiration",geriatric,8,8,0,yes,"elderly aspiration",canonical,active
elderly_aspiration,"Elderly Aspiration",geriatric,8,8,0,yes,elderly,synonym,active
elderly_aspiration,"Elderly Aspiration",geriatric,8,8,0,yes,aspiration,synonym,active
elderly_aspiration,"Elderly Aspiration",geriatric,8,8,0,yes,"may elderly aspiration",synonym,active
elderly_aspiration,"Elderly Aspiration",geriatric,8,8,0,yes,"masakit elderly aspiration",synonym,active
elderly_aspiration,"Elderly Aspiration",geriatric,8,8,0,yes,"masakit ang elderly aspiration",synonym,active
elderly_aspiration,"Elderly Aspiration",geriatric,8,8,0,yes,elderly_aspiration,concept_id,active
bedsore_infection,"Bedsore Infection",geriatric,5,0,5,no,"bedsore infection",canonical,active
bedsore_infection,"Bedsore Infection",geriatric,5,0,5,no,bedsore,synonym,active
bedsore_infection,"Bedsore Infection",geriatric,5,0,5,no,infection,synonym,active
bedsore_infection,"Bedsore Infection",geriatric,5,0,5,no,"may bedsore infection",synonym,active
bedsore_infection,"Bedsore Infection",geriatric,5,0,5,no,"masakit bedsore infection",synonym,active
bedsore_infection,"Bedsore Infection",geriatric,5,0,5,no,"masakit ang bedsore infection",synonym,active
bedsore_infection,"Bedsore Infection",geriatric,5,0,5,no,bedsore_infection,concept_id,active
urinary_catheter_issue,"Urinary Catheter Issue",urology,4,0,4,no,"urinary catheter issue",canonical,active
urinary_catheter_issue,"Urinary Catheter Issue",urology,4,0,4,no,urinary,synonym,active
urinary_catheter_issue,"Urinary Catheter Issue",urology,4,0,4,no,catheter,synonym,active
urinary_catheter_issue,"Urinary Catheter Issue",urology,4,0,4,no,issue,synonym,active
urinary_catheter_issue,"Urinary Catheter Issue",urology,4,0,4,no,"may urinary catheter issue",synonym,active
urinary_catheter_issue,"Urinary Catheter Issue",urology,4,0,4,no,"masakit urinary catheter issue",synonym,active
urinary_catheter_issue,"Urinary Catheter Issue",urology,4,0,4,no,"masakit ang urinary catheter issue",synonym,active
urinary_catheter_issue,"Urinary Catheter Issue",urology,4,0,4,no,urinary_catheter_issue,concept_id,active
dialysis_complication,"Dialysis Complication",nephrology,8,8,0,yes,"dialysis complication",canonical,active
dialysis_complication,"Dialysis Complication",nephrology,8,8,0,yes,dialysis,synonym,active
dialysis_complication,"Dialysis Complication",nephrology,8,8,0,yes,complication,synonym,active
dialysis_complication,"Dialysis Complication",nephrology,8,8,0,yes,"may dialysis complication",synonym,active
dialysis_complication,"Dialysis Complication",nephrology,8,8,0,yes,"masakit dialysis complication",synonym,active
dialysis_complication,"Dialysis Complication",nephrology,8,8,0,yes,"masakit ang dialysis complication",synonym,active
dialysis_complication,"Dialysis Complication",nephrology,8,8,0,yes,dialysis_complication,concept_id,active
transplant_rejection,"Transplant Rejection Symptoms",general,8,8,0,yes,"transplant rejection symptoms",canonical,active
transplant_rejection,"Transplant Rejection Symptoms",general,8,8,0,yes,transplant,synonym,active
transplant_rejection,"Transplant Rejection Symptoms",general,8,8,0,yes,rejection,synonym,active
transplant_rejection,"Transplant Rejection Symptoms",general,8,8,0,yes,symptoms,synonym,active
transplant_rejection,"Transplant Rejection Symptoms",general,8,8,0,yes,"may transplant rejection symptoms",synonym,active
transplant_rejection,"Transplant Rejection Symptoms",general,8,8,0,yes,"masakit transplant rejection symptoms",synonym,active
transplant_rejection,"Transplant Rejection Symptoms",general,8,8,0,yes,"masakit ang transplant rejection symptoms",synonym,active
transplant_rejection,"Transplant Rejection Symptoms",general,8,8,0,yes,transplant_rejection,concept_id,active
transplant_rejection,"Transplant Rejection Symptoms",general,8,8,0,yes,"transplant rejection",concept_id,active
immunosuppression_infection,"Infection in Immunocompromised Patient",infectious,8,8,0,yes,"infection in immunocompromised patient",canonical,active
immunosuppression_infection,"Infection in Immunocompromised Patient",infectious,8,8,0,yes,infection,synonym,active
immunosuppression_infection,"Infection in Immunocompromised Patient",infectious,8,8,0,yes,immunocompromised,synonym,active
immunosuppression_infection,"Infection in Immunocompromised Patient",infectious,8,8,0,yes,patient,synonym,active
immunosuppression_infection,"Infection in Immunocompromised Patient",infectious,8,8,0,yes,"may infection in immunocompromised patient",synonym,active
immunosuppression_infection,"Infection in Immunocompromised Patient",infectious,8,8,0,yes,"masakit infection in immunocompromised patient",synonym,active
immunosuppression_infection,"Infection in Immunocompromised Patient",infectious,8,8,0,yes,"masakit ang infection in immunocompromised patient",synonym,active
immunosuppression_infection,"Infection in Immunocompromised Patient",infectious,8,8,0,yes,immunosuppression_infection,concept_id,active
immunosuppression_infection,"Infection in Immunocompromised Patient",infectious,8,8,0,yes,"immunosuppression infection",concept_id,active
cancer_treatment_complication,"Cancer Treatment Complication",oncology,6,0,6,no,"cancer treatment complication",canonical,active
cancer_treatment_complication,"Cancer Treatment Complication",oncology,6,0,6,no,cancer,synonym,active
cancer_treatment_complication,"Cancer Treatment Complication",oncology,6,0,6,no,treatment,synonym,active
cancer_treatment_complication,"Cancer Treatment Complication",oncology,6,0,6,no,complication,synonym,active
cancer_treatment_complication,"Cancer Treatment Complication",oncology,6,0,6,no,"may cancer treatment complication",synonym,active
cancer_treatment_complication,"Cancer Treatment Complication",oncology,6,0,6,no,"masakit cancer treatment complication",synonym,active
cancer_treatment_complication,"Cancer Treatment Complication",oncology,6,0,6,no,"masakit ang cancer treatment complication",synonym,active
cancer_treatment_complication,"Cancer Treatment Complication",oncology,6,0,6,no,cancer_treatment_complication,concept_id,active
chemotherapy_nausea,"Chemotherapy Nausea",oncology,3,0,3,no,"chemotherapy nausea",canonical,active
chemotherapy_nausea,"Chemotherapy Nausea",oncology,3,0,3,no,chemotherapy,synonym,active
chemotherapy_nausea,"Chemotherapy Nausea",oncology,3,0,3,no,nausea,synonym,active
chemotherapy_nausea,"Chemotherapy Nausea",oncology,3,0,3,no,"may chemotherapy nausea",synonym,active
chemotherapy_nausea,"Chemotherapy Nausea",oncology,3,0,3,no,"masakit chemotherapy nausea",synonym,active
chemotherapy_nausea,"Chemotherapy Nausea",oncology,3,0,3,no,"masakit ang chemotherapy nausea",synonym,active
chemotherapy_nausea,"Chemotherapy Nausea",oncology,3,0,3,no,chemotherapy_nausea,concept_id,active
port_infection,"Port or Line Infection",infectious,6,0,6,no,"port or line infection",canonical,active
port_infection,"Port or Line Infection",infectious,6,0,6,no,port,synonym,active
port_infection,"Port or Line Infection",infectious,6,0,6,no,line,synonym,active
port_infection,"Port or Line Infection",infectious,6,0,6,no,infection,synonym,active
port_infection,"Port or Line Infection",infectious,6,0,6,no,"may port or line infection",synonym,active
port_infection,"Port or Line Infection",infectious,6,0,6,no,"masakit port or line infection",synonym,active
port_infection,"Port or Line Infection",infectious,6,0,6,no,"masakit ang port or line infection",synonym,active
port_infection,"Port or Line Infection",infectious,6,0,6,no,port_infection,concept_id,active
port_infection,"Port or Line Infection",infectious,6,0,6,no,"port infection",concept_id,active
surgical_site_infection,"Surgical Site Infection",infectious,5,0,5,no,"surgical site infection",canonical,active
surgical_site_infection,"Surgical Site Infection",infectious,5,0,5,no,surgical,synonym,active
surgical_site_infection,"Surgical Site Infection",infectious,5,0,5,no,site,synonym,active
surgical_site_infection,"Surgical Site Infection",infectious,5,0,5,no,infection,synonym,active
surgical_site_infection,"Surgical Site Infection",infectious,5,0,5,no,"may surgical site infection",synonym,active
surgical_site_infection,"Surgical Site Infection",infectious,5,0,5,no,"masakit surgical site infection",synonym,active
surgical_site_infection,"Surgical Site Infection",infectious,5,0,5,no,"masakit ang surgical site infection",synonym,active
surgical_site_infection,"Surgical Site Infection",infectious,5,0,5,no,surgical_site_infection,concept_id,active
stent_complication,"Stent Complication",cardiovascular,8,8,0,yes,"stent complication",canonical,active
stent_complication,"Stent Complication",cardiovascular,8,8,0,yes,stent,synonym,active
stent_complication,"Stent Complication",cardiovascular,8,8,0,yes,complication,synonym,active
stent_complication,"Stent Complication",cardiovascular,8,8,0,yes,"may stent complication",synonym,active
stent_complication,"Stent Complication",cardiovascular,8,8,0,yes,"masakit stent complication",synonym,active
stent_complication,"Stent Complication",cardiovascular,8,8,0,yes,"masakit ang stent complication",synonym,active
stent_complication,"Stent Complication",cardiovascular,8,8,0,yes,stent_complication,concept_id,active
pacemaker_issue,"Pacemaker Issue",cardiovascular,6,0,6,no,"pacemaker issue",canonical,active
pacemaker_issue,"Pacemaker Issue",cardiovascular,6,0,6,no,pacemaker,synonym,active
pacemaker_issue,"Pacemaker Issue",cardiovascular,6,0,6,no,issue,synonym,active
pacemaker_issue,"Pacemaker Issue",cardiovascular,6,0,6,no,"may pacemaker issue",synonym,active
pacemaker_issue,"Pacemaker Issue",cardiovascular,6,0,6,no,"masakit pacemaker issue",synonym,active
pacemaker_issue,"Pacemaker Issue",cardiovascular,6,0,6,no,"masakit ang pacemaker issue",synonym,active
pacemaker_issue,"Pacemaker Issue",cardiovascular,6,0,6,no,pacemaker_issue,concept_id,active
anticoagulant_bleeding,"Anticoagulant Bleeding",hematology,10,10,0,yes,"anticoagulant bleeding",canonical,active
anticoagulant_bleeding,"Anticoagulant Bleeding",hematology,10,10,0,yes,anticoagulant,synonym,active
anticoagulant_bleeding,"Anticoagulant Bleeding",hematology,10,10,0,yes,bleeding,synonym,active
anticoagulant_bleeding,"Anticoagulant Bleeding",hematology,10,10,0,yes,"may anticoagulant bleeding",synonym,active
anticoagulant_bleeding,"Anticoagulant Bleeding",hematology,10,10,0,yes,"masakit anticoagulant bleeding",synonym,active
anticoagulant_bleeding,"Anticoagulant Bleeding",hematology,10,10,0,yes,"masakit ang anticoagulant bleeding",synonym,active
anticoagulant_bleeding,"Anticoagulant Bleeding",hematology,10,10,0,yes,anticoagulant_bleeding,concept_id,active
warfarin_bleeding,"Warfarin Bleeding",hematology,10,10,0,yes,"warfarin bleeding",canonical,active
warfarin_bleeding,"Warfarin Bleeding",hematology,10,10,0,yes,warfarin,synonym,active
warfarin_bleeding,"Warfarin Bleeding",hematology,10,10,0,yes,bleeding,synonym,active
warfarin_bleeding,"Warfarin Bleeding",hematology,10,10,0,yes,"may warfarin bleeding",synonym,active
warfarin_bleeding,"Warfarin Bleeding",hematology,10,10,0,yes,"masakit warfarin bleeding",synonym,active
warfarin_bleeding,"Warfarin Bleeding",hematology,10,10,0,yes,"masakit ang warfarin bleeding",synonym,active
warfarin_bleeding,"Warfarin Bleeding",hematology,10,10,0,yes,warfarin_bleeding,concept_id,active
insulin_error,"Insulin Error",endocrine,8,8,0,yes,"insulin error",canonical,active
insulin_error,"Insulin Error",endocrine,8,8,0,yes,insulin,synonym,active
insulin_error,"Insulin Error",endocrine,8,8,0,yes,error,synonym,active
insulin_error,"Insulin Error",endocrine,8,8,0,yes,"may insulin error",synonym,active
insulin_error,"Insulin Error",endocrine,8,8,0,yes,"masakit insulin error",synonym,active
insulin_error,"Insulin Error",endocrine,8,8,0,yes,"masakit ang insulin error",synonym,active
insulin_error,"Insulin Error",endocrine,8,8,0,yes,insulin_error,concept_id,active
adrenal_crisis,"Adrenal Crisis",endocrine,10,10,0,yes,"adrenal crisis",canonical,active
adrenal_crisis,"Adrenal Crisis",endocrine,10,10,0,yes,adrenal,synonym,active
adrenal_crisis,"Adrenal Crisis",endocrine,10,10,0,yes,crisis,synonym,active
adrenal_crisis,"Adrenal Crisis",endocrine,10,10,0,yes,"may adrenal crisis",synonym,active
adrenal_crisis,"Adrenal Crisis",endocrine,10,10,0,yes,"masakit adrenal crisis",synonym,active
adrenal_crisis,"Adrenal Crisis",endocrine,10,10,0,yes,"masakit ang adrenal crisis",synonym,active
adrenal_crisis,"Adrenal Crisis",endocrine,10,10,0,yes,adrenal_crisis,concept_id,active
addisonian_crisis,"Addisonian Crisis",endocrine,10,10,0,yes,"addisonian crisis",canonical,active
addisonian_crisis,"Addisonian Crisis",endocrine,10,10,0,yes,addisonian,synonym,active
addisonian_crisis,"Addisonian Crisis",endocrine,10,10,0,yes,crisis,synonym,active
addisonian_crisis,"Addisonian Crisis",endocrine,10,10,0,yes,"may addisonian crisis",synonym,active
addisonian_crisis,"Addisonian Crisis",endocrine,10,10,0,yes,"masakit addisonian crisis",synonym,active
addisonian_crisis,"Addisonian Crisis",endocrine,10,10,0,yes,"masakit ang addisonian crisis",synonym,active
addisonian_crisis,"Addisonian Crisis",endocrine,10,10,0,yes,addisonian_crisis,concept_id,active
hyperkalemia_symptoms,"Hyperkalemia Symptoms",metabolic,8,8,0,yes,"hyperkalemia symptoms",canonical,active
hyperkalemia_symptoms,"Hyperkalemia Symptoms",metabolic,8,8,0,yes,hyperkalemia,synonym,active
hyperkalemia_symptoms,"Hyperkalemia Symptoms",metabolic,8,8,0,yes,symptoms,synonym,active
hyperkalemia_symptoms,"Hyperkalemia Symptoms",metabolic,8,8,0,yes,"may hyperkalemia symptoms",synonym,active
hyperkalemia_symptoms,"Hyperkalemia Symptoms",metabolic,8,8,0,yes,"masakit hyperkalemia symptoms",synonym,active
hyperkalemia_symptoms,"Hyperkalemia Symptoms",metabolic,8,8,0,yes,"masakit ang hyperkalemia symptoms",synonym,active
hyperkalemia_symptoms,"Hyperkalemia Symptoms",metabolic,8,8,0,yes,hyperkalemia_symptoms,concept_id,active
hyponatremia_symptoms,"Hyponatremia Symptoms",metabolic,8,8,0,yes,"hyponatremia symptoms",canonical,active
hyponatremia_symptoms,"Hyponatremia Symptoms",metabolic,8,8,0,yes,hyponatremia,synonym,active
hyponatremia_symptoms,"Hyponatremia Symptoms",metabolic,8,8,0,yes,symptoms,synonym,active
hyponatremia_symptoms,"Hyponatremia Symptoms",metabolic,8,8,0,yes,"may hyponatremia symptoms",synonym,active
hyponatremia_symptoms,"Hyponatremia Symptoms",metabolic,8,8,0,yes,"masakit hyponatremia symptoms",synonym,active
hyponatremia_symptoms,"Hyponatremia Symptoms",metabolic,8,8,0,yes,"masakit ang hyponatremia symptoms",synonym,active
hyponatremia_symptoms,"Hyponatremia Symptoms",metabolic,8,8,0,yes,hyponatremia_symptoms,concept_id,active
electrolyte_imbalance,"Electrolyte Imbalance",metabolic,6,0,6,no,"electrolyte imbalance",canonical,active
electrolyte_imbalance,"Electrolyte Imbalance",metabolic,6,0,6,no,electrolyte,synonym,active
electrolyte_imbalance,"Electrolyte Imbalance",metabolic,6,0,6,no,imbalance,synonym,active
electrolyte_imbalance,"Electrolyte Imbalance",metabolic,6,0,6,no,"may electrolyte imbalance",synonym,active
electrolyte_imbalance,"Electrolyte Imbalance",metabolic,6,0,6,no,"masakit electrolyte imbalance",synonym,active
electrolyte_imbalance,"Electrolyte Imbalance",metabolic,6,0,6,no,"masakit ang electrolyte imbalance",synonym,active
electrolyte_imbalance,"Electrolyte Imbalance",metabolic,6,0,6,no,electrolyte_imbalance,concept_id,active
renal_colic,"Renal Colic",urology,6,0,6,no,"renal colic",canonical,active
renal_colic,"Renal Colic",urology,6,0,6,no,renal,synonym,active
renal_colic,"Renal Colic",urology,6,0,6,no,colic,synonym,active
renal_colic,"Renal Colic",urology,6,0,6,no,"may renal colic",synonym,active
renal_colic,"Renal Colic",urology,6,0,6,no,"masakit renal colic",synonym,active
renal_colic,"Renal Colic",urology,6,0,6,no,"masakit ang renal colic",synonym,active
renal_colic,"Renal Colic",urology,6,0,6,no,renal_colic,concept_id,active
prostatitis,Prostatitis,urology,5,0,5,no,prostatitis,canonical,active
prostatitis,Prostatitis,urology,5,0,5,no,"may prostatitis",synonym,active
prostatitis,Prostatitis,urology,5,0,5,no,"masakit prostatitis",synonym,active
prostatitis,Prostatitis,urology,5,0,5,no,"masakit ang prostatitis",synonym,active
bph_symptoms,"BPH Symptoms",urology,3,0,3,no,"bph symptoms",canonical,active
bph_symptoms,"BPH Symptoms",urology,3,0,3,no,bph,synonym,active
bph_symptoms,"BPH Symptoms",urology,3,0,3,no,symptoms,synonym,active
bph_symptoms,"BPH Symptoms",urology,3,0,3,no,"may bph symptoms",synonym,active
bph_symptoms,"BPH Symptoms",urology,3,0,3,no,"masakit bph symptoms",synonym,active
bph_symptoms,"BPH Symptoms",urology,3,0,3,no,"masakit ang bph symptoms",synonym,active
bph_symptoms,"BPH Symptoms",urology,3,0,3,no,bph_symptoms,concept_id,active
ovarian_torsion,"Ovarian Torsion",gynecology,10,10,0,yes,"ovarian torsion",canonical,active
ovarian_torsion,"Ovarian Torsion",gynecology,10,10,0,yes,ovarian,synonym,active
ovarian_torsion,"Ovarian Torsion",gynecology,10,10,0,yes,torsion,synonym,active
ovarian_torsion,"Ovarian Torsion",gynecology,10,10,0,yes,"may ovarian torsion",synonym,active
ovarian_torsion,"Ovarian Torsion",gynecology,10,10,0,yes,"masakit ovarian torsion",synonym,active
ovarian_torsion,"Ovarian Torsion",gynecology,10,10,0,yes,"masakit ang ovarian torsion",synonym,active
ovarian_torsion,"Ovarian Torsion",gynecology,10,10,0,yes,ovarian_torsion,concept_id,active
ovarian_cyst_rupture,"Ovarian Cyst Rupture",gynecology,8,8,0,yes,"ovarian cyst rupture",canonical,active
ovarian_cyst_rupture,"Ovarian Cyst Rupture",gynecology,8,8,0,yes,ovarian,synonym,active
ovarian_cyst_rupture,"Ovarian Cyst Rupture",gynecology,8,8,0,yes,cyst,synonym,active
ovarian_cyst_rupture,"Ovarian Cyst Rupture",gynecology,8,8,0,yes,rupture,synonym,active
ovarian_cyst_rupture,"Ovarian Cyst Rupture",gynecology,8,8,0,yes,"may ovarian cyst rupture",synonym,active
ovarian_cyst_rupture,"Ovarian Cyst Rupture",gynecology,8,8,0,yes,"masakit ovarian cyst rupture",synonym,active
ovarian_cyst_rupture,"Ovarian Cyst Rupture",gynecology,8,8,0,yes,"masakit ang ovarian cyst rupture",synonym,active
ovarian_cyst_rupture,"Ovarian Cyst Rupture",gynecology,8,8,0,yes,ovarian_cyst_rupture,concept_id,active
pid_symptoms,"Pelvic Inflammatory Disease",gynecology,6,0,6,no,"pelvic inflammatory disease",canonical,active
pid_symptoms,"Pelvic Inflammatory Disease",gynecology,6,0,6,no,pelvic,synonym,active
pid_symptoms,"Pelvic Inflammatory Disease",gynecology,6,0,6,no,inflammatory,synonym,active
pid_symptoms,"Pelvic Inflammatory Disease",gynecology,6,0,6,no,disease,synonym,active
pid_symptoms,"Pelvic Inflammatory Disease",gynecology,6,0,6,no,"may pelvic inflammatory disease",synonym,active
pid_symptoms,"Pelvic Inflammatory Disease",gynecology,6,0,6,no,"masakit pelvic inflammatory disease",synonym,active
pid_symptoms,"Pelvic Inflammatory Disease",gynecology,6,0,6,no,"masakit ang pelvic inflammatory disease",synonym,active
pid_symptoms,"Pelvic Inflammatory Disease",gynecology,6,0,6,no,pid_symptoms,concept_id,active
pid_symptoms,"Pelvic Inflammatory Disease",gynecology,6,0,6,no,"pid symptoms",concept_id,active
postpartum_complication,"Postpartum Complication",pregnancy,8,8,0,yes,"postpartum complication",canonical,active
postpartum_complication,"Postpartum Complication",pregnancy,8,8,0,yes,postpartum,synonym,active
postpartum_complication,"Postpartum Complication",pregnancy,8,8,0,yes,complication,synonym,active
postpartum_complication,"Postpartum Complication",pregnancy,8,8,0,yes,"may postpartum complication",synonym,active
postpartum_complication,"Postpartum Complication",pregnancy,8,8,0,yes,"masakit postpartum complication",synonym,active
postpartum_complication,"Postpartum Complication",pregnancy,8,8,0,yes,"masakit ang postpartum complication",synonym,active
postpartum_complication,"Postpartum Complication",pregnancy,8,8,0,yes,postpartum_complication,concept_id,active
postpartum_hemorrhage,"Postpartum Hemorrhage",pregnancy,15,15,0,yes,"postpartum hemorrhage",canonical,active
postpartum_hemorrhage,"Postpartum Hemorrhage",pregnancy,15,15,0,yes,postpartum,synonym,active
postpartum_hemorrhage,"Postpartum Hemorrhage",pregnancy,15,15,0,yes,hemorrhage,synonym,active
postpartum_hemorrhage,"Postpartum Hemorrhage",pregnancy,15,15,0,yes,"may postpartum hemorrhage",synonym,active
postpartum_hemorrhage,"Postpartum Hemorrhage",pregnancy,15,15,0,yes,"masakit postpartum hemorrhage",synonym,active
postpartum_hemorrhage,"Postpartum Hemorrhage",pregnancy,15,15,0,yes,"masakit ang postpartum hemorrhage",synonym,active
postpartum_hemorrhage,"Postpartum Hemorrhage",pregnancy,15,15,0,yes,postpartum_hemorrhage,concept_id,active
mastitis,Mastitis,general,4,0,4,no,mastitis,canonical,active
mastitis,Mastitis,general,4,0,4,no,"may mastitis",synonym,active
mastitis,Mastitis,general,4,0,4,no,"masakit mastitis",synonym,active
mastitis,Mastitis,general,4,0,4,no,"masakit ang mastitis",synonym,active
breast_abscess,"Breast Abscess",general,5,0,5,no,"breast abscess",canonical,active
breast_abscess,"Breast Abscess",general,5,0,5,no,breast,synonym,active
breast_abscess,"Breast Abscess",general,5,0,5,no,abscess,synonym,active
breast_abscess,"Breast Abscess",general,5,0,5,no,"may breast abscess",synonym,active
breast_abscess,"Breast Abscess",general,5,0,5,no,"masakit breast abscess",synonym,active
breast_abscess,"Breast Abscess",general,5,0,5,no,"masakit ang breast abscess",synonym,active
breast_abscess,"Breast Abscess",general,5,0,5,no,breast_abscess,concept_id,active
lactation_issue,"Lactation Issue",general,2,0,2,no,"lactation issue",canonical,active
lactation_issue,"Lactation Issue",general,2,0,2,no,lactation,synonym,active
lactation_issue,"Lactation Issue",general,2,0,2,no,issue,synonym,active
lactation_issue,"Lactation Issue",general,2,0,2,no,"may lactation issue",synonym,active
lactation_issue,"Lactation Issue",general,2,0,2,no,"masakit lactation issue",synonym,active
lactation_issue,"Lactation Issue",general,2,0,2,no,"masakit ang lactation issue",synonym,active
lactation_issue,"Lactation Issue",general,2,0,2,no,lactation_issue,concept_id,active
circumcision_complication,"Circumcision Complication",pediatric,5,0,5,no,"circumcision complication",canonical,active
circumcision_complication,"Circumcision Complication",pediatric,5,0,5,no,circumcision,synonym,active
circumcision_complication,"Circumcision Complication",pediatric,5,0,5,no,complication,synonym,active
circumcision_complication,"Circumcision Complication",pediatric,5,0,5,no,"may circumcision complication",synonym,active
circumcision_complication,"Circumcision Complication",pediatric,5,0,5,no,"masakit circumcision complication",synonym,active
circumcision_complication,"Circumcision Complication",pediatric,5,0,5,no,"masakit ang circumcision complication",synonym,active
circumcision_complication,"Circumcision Complication",pediatric,5,0,5,no,circumcision_complication,concept_id,active
circumcision_bleeding,"Circumcision Bleeding",pediatric,6,0,6,no,"circumcision bleeding",canonical,active
circumcision_bleeding,"Circumcision Bleeding",pediatric,6,0,6,no,circumcision,synonym,active
circumcision_bleeding,"Circumcision Bleeding",pediatric,6,0,6,no,bleeding,synonym,active
circumcision_bleeding,"Circumcision Bleeding",pediatric,6,0,6,no,"may circumcision bleeding",synonym,active
circumcision_bleeding,"Circumcision Bleeding",pediatric,6,0,6,no,"masakit circumcision bleeding",synonym,active
circumcision_bleeding,"Circumcision Bleeding",pediatric,6,0,6,no,"masakit ang circumcision bleeding",synonym,active
circumcision_bleeding,"Circumcision Bleeding",pediatric,6,0,6,no,circumcision_bleeding,concept_id,active
