combo_id,symptom_a,symptom_b,variant,classification,severity_points,rationale,status
SC00001,chest_pain,difficulty_breathing,1,EMERGENCY,20,Combination of chest_pain + difficulty_breathing,active
SC00002,chest_pain,difficulty_breathing,2,EMERGENCY,20,Combination of chest_pain + difficulty_breathing,active
SC00003,chest_pain,difficulty_breathing,3,EMERGENCY,20,Combination of chest_pain + difficulty_breathing,active
SC00004,chest_pain,difficulty_breathing,4,EMERGENCY,20,Combination of chest_pain + difficulty_breathing,active
SC00005,chest_pain,difficulty_breathing,5,EMERGENCY,20,Combination of chest_pain + difficulty_breathing,active
SC00006,chest_pain,difficulty_breathing,6,EMERGENCY,20,Combination of chest_pain + difficulty_breathing,active
SC00007,chest_pain,difficulty_breathing,7,EMERGENCY,20,Combination of chest_pain + difficulty_breathing,active
SC00008,chest_pain,difficulty_breathing,8,EMERGENCY,20,Combination of chest_pain + difficulty_breathing,active
SC00009,chest_pain,difficulty_breathing,9,EMERGENCY,20,Combination of chest_pain + difficulty_breathing,active
SC00010,chest_pain,difficulty_breathing,10,EMERGENCY,20,Combination of chest_pain + difficulty_breathing,active
SC00011,chest_pain,difficulty_breathing,11,EMERGENCY,20,Combination of chest_pain + difficulty_breathing,active
SC00012,chest_pain,difficulty_breathing,12,EMERGENCY,20,Combination of chest_pain + difficulty_breathing,active
SC00013,chest_pain,difficulty_breathing,13,EMERGENCY,20,Combination of chest_pain + difficulty_breathing,active
SC00014,chest_pain,difficulty_breathing,14,EMERGENCY,20,Combination of chest_pain + difficulty_breathing,active
SC00015,chest_pain,difficulty_breathing,15,EMERGENCY,20,Combination of chest_pain + difficulty_breathing,active
SC00016,chest_pain,difficulty_breathing,16,EMERGENCY,20,Combination of chest_pain + difficulty_breathing,active
SC00017,chest_pain,difficulty_breathing,17,EMERGENCY,20,Combination of chest_pain + difficulty_breathing,active
SC00018,chest_pain,difficulty_breathing,18,EMERGENCY,20,Combination of chest_pain + difficulty_breathing,active
SC00019,chest_pain,difficulty_breathing,19,EMERGENCY,20,Combination of chest_pain + difficulty_breathing,active
SC00020,chest_pain,difficulty_breathing,20,EMERGENCY,20,Combination of chest_pain + difficulty_breathing,active
SC00021,chest_pain,difficulty_breathing,21,EMERGENCY,20,Combination of chest_pain + difficulty_breathing,active
SC00022,chest_pain,difficulty_breathing,22,EMERGENCY,20,Combination of chest_pain + difficulty_breathing,active
SC00023,chest_pain,difficulty_breathing,23,EMERGENCY,20,Combination of chest_pain + difficulty_breathing,active
SC00024,chest_pain,difficulty_breathing,24,EMERGENCY,20,Combination of chest_pain + difficulty_breathing,active
SC00025,chest_pain,difficulty_breathing,25,EMERGENCY,20,Combination of chest_pain + difficulty_breathing,active
SC00026,chest_pain,difficulty_breathing,26,EMERGENCY,20,Combination of chest_pain + difficulty_breathing,active
SC00027,chest_pain,difficulty_breathing,27,EMERGENCY,20,Combination of chest_pain + difficulty_breathing,active
SC00028,chest_pain,difficulty_breathing,28,EMERGENCY,20,Combination of chest_pain + difficulty_breathing,active
SC00029,chest_pain,difficulty_breathing,29,EMERGENCY,20,Combination of chest_pain + difficulty_breathing,active
SC00030,chest_pain,difficulty_breathing,30,EMERGENCY,20,Combination of chest_pain + difficulty_breathing,active
SC00031,chest_pain,difficulty_breathing,31,EMERGENCY,20,Combination of chest_pain + difficulty_breathing,active
SC00032,chest_pain,difficulty_breathing,32,EMERGENCY,20,Combination of chest_pain + difficulty_breathing,active
SC00033,chest_pain,difficulty_breathing,33,EMERGENCY,20,Combination of chest_pain + difficulty_breathing,active
SC00034,chest_pain,difficulty_breathing,34,EMERGENCY,20,Combination of chest_pain + difficulty_breathing,active
SC00035,chest_pain,difficulty_breathing,35,EMERGENCY,20,Combination of chest_pain + difficulty_breathing,active
SC00036,chest_pain,difficulty_breathing,36,EMERGENCY,20,Combination of chest_pain + difficulty_breathing,active
SC00037,chest_pain,difficulty_breathing,37,EMERGENCY,20,Combination of chest_pain + difficulty_breathing,active
SC00038,chest_pain,difficulty_breathing,38,EMERGENCY,20,Combination of chest_pain + difficulty_breathing,active
SC00039,chest_pain,difficulty_breathing,39,EMERGENCY,20,Combination of chest_pain + difficulty_breathing,active
SC00040,chest_pain,difficulty_breathing,40,EMERGENCY,20,Combination of chest_pain + difficulty_breathing,active
SC00041,chest_pain,difficulty_breathing,41,EMERGENCY,20,Combination of chest_pain + difficulty_breathing,active
SC00042,chest_pain,difficulty_breathing,42,EMERGENCY,20,Combination of chest_pain + difficulty_breathing,active
SC00043,chest_pain,difficulty_breathing,43,EMERGENCY,20,Combination of chest_pain + difficulty_breathing,active
SC00044,chest_pain,difficulty_breathing,44,EMERGENCY,20,Combination of chest_pain + difficulty_breathing,active
SC00045,chest_pain,difficulty_breathing,45,EMERGENCY,20,Combination of chest_pain + difficulty_breathing,active
SC00046,chest_pain,difficulty_breathing,46,EMERGENCY,20,Combination of chest_pain + difficulty_breathing,active
SC00047,chest_pain,difficulty_breathing,47,EMERGENCY,20,Combination of chest_pain + difficulty_breathing,active
SC00048,chest_pain,difficulty_breathing,48,EMERGENCY,20,Combination of chest_pain + difficulty_breathing,active
SC00049,chest_pain,difficulty_breathing,49,EMERGENCY,20,Combination of chest_pain + difficulty_breathing,active
SC00050,chest_pain,difficulty_breathing,50,EMERGENCY,20,Combination of chest_pain + difficulty_breathing,active
SC00051,chest_pain,difficulty_breathing,51,EMERGENCY,20,Combination of chest_pain + difficulty_breathing,active
SC00052,chest_pain,difficulty_breathing,52,EMERGENCY,20,Combination of chest_pain + difficulty_breathing,active
SC00053,chest_pain,difficulty_breathing,53,EMERGENCY,20,Combination of chest_pain + difficulty_breathing,active
SC00054,chest_pain,difficulty_breathing,54,EMERGENCY,20,Combination of chest_pain + difficulty_breathing,active
SC00055,chest_pain,difficulty_breathing,55,EMERGENCY,20,Combination of chest_pain + difficulty_breathing,active
SC00056,chest_pain,difficulty_breathing,56,EMERGENCY,20,Combination of chest_pain + difficulty_breathing,active
SC00057,chest_pain,difficulty_breathing,57,EMERGENCY,20,Combination of chest_pain + difficulty_breathing,active
SC00058,chest_pain,difficulty_breathing,58,EMERGENCY,20,Combination of chest_pain + difficulty_breathing,active
SC00059,chest_pain,difficulty_breathing,59,EMERGENCY,20,Combination of chest_pain + difficulty_breathing,active
SC00060,chest_pain,difficulty_breathing,60,EMERGENCY,20,Combination of chest_pain + difficulty_breathing,active
SC00061,chest_pain,difficulty_breathing,61,EMERGENCY,20,Combination of chest_pain + difficulty_breathing,active
SC00062,chest_pain,difficulty_breathing,62,EMERGENCY,20,Combination of chest_pain + difficulty_breathing,active
SC00063,chest_pain,difficulty_breathing,63,EMERGENCY,20,Combination of chest_pain + difficulty_breathing,active
SC00064,chest_pain,difficulty_breathing,64,EMERGENCY,20,Combination of chest_pain + difficulty_breathing,active
SC00065,chest_pain,difficulty_breathing,65,EMERGENCY,20,Combination of chest_pain + difficulty_breathing,active
SC00066,chest_pain,difficulty_breathing,66,EMERGENCY,20,Combination of chest_pain + difficulty_breathing,active
SC00067,chest_pain,difficulty_breathing,67,EMERGENCY,20,Combination of chest_pain + difficulty_breathing,active
SC00068,chest_pain,difficulty_breathing,68,EMERGENCY,20,Combination of chest_pain + difficulty_breathing,active
SC00069,chest_pain,difficulty_breathing,69,EMERGENCY,20,Combination of chest_pain + difficulty_breathing,active
SC00070,chest_pain,difficulty_breathing,70,EMERGENCY,20,Combination of chest_pain + difficulty_breathing,active
SC00071,chest_pain,difficulty_breathing,71,EMERGENCY,20,Combination of chest_pain + difficulty_breathing,active
SC00072,chest_pain,difficulty_breathing,72,EMERGENCY,20,Combination of chest_pain + difficulty_breathing,active
SC00073,chest_pain,difficulty_breathing,73,EMERGENCY,20,Combination of chest_pain + difficulty_breathing,active
SC00074,chest_pain,difficulty_breathing,74,EMERGENCY,20,Combination of chest_pain + difficulty_breathing,active
SC00075,chest_pain,difficulty_breathing,75,EMERGENCY,20,Combination of chest_pain + difficulty_breathing,active
SC00076,chest_pain,difficulty_breathing,76,EMERGENCY,20,Combination of chest_pain + difficulty_breathing,active
SC00077,chest_pain,difficulty_breathing,77,EMERGENCY,20,Combination of chest_pain + difficulty_breathing,active
SC00078,chest_pain,difficulty_breathing,78,EMERGENCY,20,Combination of chest_pain + difficulty_breathing,active
SC00079,chest_pain,difficulty_breathing,79,EMERGENCY,20,Combination of chest_pain + difficulty_breathing,active
SC00080,chest_pain,difficulty_breathing,80,EMERGENCY,20,Combination of chest_pain + difficulty_breathing,active
SC00081,chest_pain,difficulty_breathing,81,EMERGENCY,20,Combination of chest_pain + difficulty_breathing,active
SC00082,chest_pain,difficulty_breathing,82,EMERGENCY,20,Combination of chest_pain + difficulty_breathing,active
SC00083,chest_pain,difficulty_breathing,83,EMERGENCY,20,Combination of chest_pain + difficulty_breathing,active
SC00084,chest_pain,difficulty_breathing,84,EMERGENCY,20,Combination of chest_pain + difficulty_breathing,active
SC00085,chest_pain,difficulty_breathing,85,EMERGENCY,20,Combination of chest_pain + difficulty_breathing,active
SC00086,chest_pain,difficulty_breathing,86,EMERGENCY,20,Combination of chest_pain + difficulty_breathing,active
SC00087,chest_pain,difficulty_breathing,87,EMERGENCY,20,Combination of chest_pain + difficulty_breathing,active
SC00088,chest_pain,difficulty_breathing,88,EMERGENCY,20,Combination of chest_pain + difficulty_breathing,active
SC00089,chest_pain,difficulty_breathing,89,EMERGENCY,20,Combination of chest_pain + difficulty_breathing,active
SC00090,chest_pain,difficulty_breathing,90,EMERGENCY,20,Combination of chest_pain + difficulty_breathing,active
SC00091,chest_pain,difficulty_breathing,91,EMERGENCY,20,Combination of chest_pain + difficulty_breathing,active
SC00092,chest_pain,difficulty_breathing,92,EMERGENCY,20,Combination of chest_pain + difficulty_breathing,active
SC00093,chest_pain,difficulty_breathing,93,EMERGENCY,20,Combination of chest_pain + difficulty_breathing,active
SC00094,chest_pain,difficulty_breathing,94,EMERGENCY,20,Combination of chest_pain + difficulty_breathing,active
SC00095,chest_pain,difficulty_breathing,95,EMERGENCY,20,Combination of chest_pain + difficulty_breathing,active
SC00096,chest_pain,difficulty_breathing,96,EMERGENCY,20,Combination of chest_pain + difficulty_breathing,active
SC00097,chest_pain,difficulty_breathing,97,EMERGENCY,20,Combination of chest_pain + difficulty_breathing,active
SC00098,chest_pain,difficulty_breathing,98,EMERGENCY,20,Combination of chest_pain + difficulty_breathing,active
SC00099,chest_pain,difficulty_breathing,99,EMERGENCY,20,Combination of chest_pain + difficulty_breathing,active
SC00100,chest_pain,difficulty_breathing,100,EMERGENCY,20,Combination of chest_pain + difficulty_breathing,active
SC00101,chest_pain,difficulty_breathing,101,EMERGENCY,20,Combination of chest_pain + difficulty_breathing,active
SC00102,chest_pain,difficulty_breathing,102,EMERGENCY,20,Combination of chest_pain + difficulty_breathing,active
SC00103,chest_pain,difficulty_breathing,103,EMERGENCY,20,Combination of chest_pain + difficulty_breathing,active
SC00104,chest_pain,difficulty_breathing,104,EMERGENCY,20,Combination of chest_pain + difficulty_breathing,active
SC00105,chest_pain,difficulty_breathing,105,EMERGENCY,20,Combination of chest_pain + difficulty_breathing,active
SC00106,chest_pain,difficulty_breathing,106,EMERGENCY,20,Combination of chest_pain + difficulty_breathing,active
SC00107,chest_pain,difficulty_breathing,107,EMERGENCY,20,Combination of chest_pain + difficulty_breathing,active
SC00108,chest_pain,difficulty_breathing,108,EMERGENCY,20,Combination of chest_pain + difficulty_breathing,active
SC00109,chest_pain,difficulty_breathing,109,EMERGENCY,20,Combination of chest_pain + difficulty_breathing,active
SC00110,chest_pain,difficulty_breathing,110,EMERGENCY,20,Combination of chest_pain + difficulty_breathing,active
SC00111,chest_pain,difficulty_breathing,111,EMERGENCY,20,Combination of chest_pain + difficulty_breathing,active
SC00112,chest_pain,difficulty_breathing,112,EMERGENCY,20,Combination of chest_pain + difficulty_breathing,active
SC00113,chest_pain,difficulty_breathing,113,EMERGENCY,20,Combination of chest_pain + difficulty_breathing,active
SC00114,chest_pain,difficulty_breathing,114,EMERGENCY,20,Combination of chest_pain + difficulty_breathing,active
SC00115,chest_pain,difficulty_breathing,115,EMERGENCY,20,Combination of chest_pain + difficulty_breathing,active
SC00116,chest_pain,difficulty_breathing,116,EMERGENCY,20,Combination of chest_pain + difficulty_breathing,active
SC00117,chest_pain,difficulty_breathing,117,EMERGENCY,20,Combination of chest_pain + difficulty_breathing,active
SC00118,chest_pain,difficulty_breathing,118,EMERGENCY,20,Combination of chest_pain + difficulty_breathing,active
SC00119,chest_pain,difficulty_breathing,119,EMERGENCY,20,Combination of chest_pain + difficulty_breathing,active
SC00120,chest_pain,difficulty_breathing,120,EMERGENCY,20,Combination of chest_pain + difficulty_breathing,active
SC00121,chest_pain,difficulty_breathing,121,EMERGENCY,20,Combination of chest_pain + difficulty_breathing,active
SC00122,chest_pain,difficulty_breathing,122,EMERGENCY,20,Combination of chest_pain + difficulty_breathing,active
SC00123,chest_pain,difficulty_breathing,123,EMERGENCY,20,Combination of chest_pain + difficulty_breathing,active
SC00124,chest_pain,difficulty_breathing,124,EMERGENCY,20,Combination of chest_pain + difficulty_breathing,active
SC00125,chest_pain,difficulty_breathing,125,EMERGENCY,20,Combination of chest_pain + difficulty_breathing,active
SC00126,chest_pain,difficulty_breathing,126,EMERGENCY,20,Combination of chest_pain + difficulty_breathing,active
SC00127,chest_pain,difficulty_breathing,127,EMERGENCY,20,Combination of chest_pain + difficulty_breathing,active
SC00128,chest_pain,difficulty_breathing,128,EMERGENCY,20,Combination of chest_pain + difficulty_breathing,active
SC00129,chest_pain,difficulty_breathing,129,EMERGENCY,20,Combination of chest_pain + difficulty_breathing,active
SC00130,chest_pain,difficulty_breathing,130,EMERGENCY,20,Combination of chest_pain + difficulty_breathing,active
SC00131,chest_pain,difficulty_breathing,131,EMERGENCY,20,Combination of chest_pain + difficulty_breathing,active
SC00132,chest_pain,difficulty_breathing,132,EMERGENCY,20,Combination of chest_pain + difficulty_breathing,active
SC00133,chest_pain,difficulty_breathing,133,EMERGENCY,20,Combination of chest_pain + difficulty_breathing,active
SC00134,chest_pain,difficulty_breathing,134,EMERGENCY,20,Combination of chest_pain + difficulty_breathing,active
SC00135,chest_pain,difficulty_breathing,135,EMERGENCY,20,Combination of chest_pain + difficulty_breathing,active
SC00136,chest_pain,difficulty_breathing,136,EMERGENCY,20,Combination of chest_pain + difficulty_breathing,active
SC00137,chest_pain,difficulty_breathing,137,EMERGENCY,20,Combination of chest_pain + difficulty_breathing,active
SC00138,chest_pain,difficulty_breathing,138,EMERGENCY,20,Combination of chest_pain + difficulty_breathing,active
SC00139,chest_pain,difficulty_breathing,139,EMERGENCY,20,Combination of chest_pain + difficulty_breathing,active
SC00140,chest_pain,difficulty_breathing,140,EMERGENCY,20,Combination of chest_pain + difficulty_breathing,active
SC00141,chest_pain,difficulty_breathing,141,EMERGENCY,20,Combination of chest_pain + difficulty_breathing,active
SC00142,chest_pain,difficulty_breathing,142,EMERGENCY,20,Combination of chest_pain + difficulty_breathing,active
SC00143,chest_pain,difficulty_breathing,143,EMERGENCY,20,Combination of chest_pain + difficulty_breathing,active
SC00144,chest_pain,difficulty_breathing,144,EMERGENCY,20,Combination of chest_pain + difficulty_breathing,active
SC00145,chest_pain,difficulty_breathing,145,EMERGENCY,20,Combination of chest_pain + difficulty_breathing,active
SC00146,chest_pain,difficulty_breathing,146,EMERGENCY,20,Combination of chest_pain + difficulty_breathing,active
SC00147,chest_pain,difficulty_breathing,147,EMERGENCY,20,Combination of chest_pain + difficulty_breathing,active
SC00148,chest_pain,difficulty_breathing,148,EMERGENCY,20,Combination of chest_pain + difficulty_breathing,active
SC00149,chest_pain,difficulty_breathing,149,EMERGENCY,20,Combination of chest_pain + difficulty_breathing,active
SC00150,chest_pain,difficulty_breathing,150,EMERGENCY,20,Combination of chest_pain + difficulty_breathing,active
SC00151,chest_pain,difficulty_breathing,151,EMERGENCY,20,Combination of chest_pain + difficulty_breathing,active
SC00152,chest_pain,difficulty_breathing,152,EMERGENCY,20,Combination of chest_pain + difficulty_breathing,active
SC00153,chest_pain,difficulty_breathing,153,EMERGENCY,20,Combination of chest_pain + difficulty_breathing,active
SC00154,chest_pain,difficulty_breathing,154,EMERGENCY,20,Combination of chest_pain + difficulty_breathing,active
SC00155,chest_pain,difficulty_breathing,155,EMERGENCY,20,Combination of chest_pain + difficulty_breathing,active
SC00156,chest_pain,difficulty_breathing,156,EMERGENCY,20,Combination of chest_pain + difficulty_breathing,active
SC00157,chest_pain,difficulty_breathing,157,EMERGENCY,20,Combination of chest_pain + difficulty_breathing,active
SC00158,chest_pain,difficulty_breathing,158,EMERGENCY,20,Combination of chest_pain + difficulty_breathing,active
SC00159,chest_pain,difficulty_breathing,159,EMERGENCY,20,Combination of chest_pain + difficulty_breathing,active
SC00160,chest_pain,difficulty_breathing,160,EMERGENCY,20,Combination of chest_pain + difficulty_breathing,active
SC00161,chest_pain,difficulty_breathing,161,EMERGENCY,20,Combination of chest_pain + difficulty_breathing,active
SC00162,chest_pain,difficulty_breathing,162,EMERGENCY,20,Combination of chest_pain + difficulty_breathing,active
SC00163,chest_pain,difficulty_breathing,163,EMERGENCY,20,Combination of chest_pain + difficulty_breathing,active
SC00164,chest_pain,difficulty_breathing,164,EMERGENCY,20,Combination of chest_pain + difficulty_breathing,active
SC00165,chest_pain,difficulty_breathing,165,EMERGENCY,20,Combination of chest_pain + difficulty_breathing,active
SC00166,chest_pain,difficulty_breathing,166,EMERGENCY,20,Combination of chest_pain + difficulty_breathing,active
SC00167,chest_pain,difficulty_breathing,167,EMERGENCY,20,Combination of chest_pain + difficulty_breathing,active
SC00168,chest_pain,difficulty_breathing,168,EMERGENCY,20,Combination of chest_pain + difficulty_breathing,active
SC00169,chest_pain,difficulty_breathing,169,EMERGENCY,20,Combination of chest_pain + difficulty_breathing,active
SC00170,chest_pain,difficulty_breathing,170,EMERGENCY,20,Combination of chest_pain + difficulty_breathing,active
SC00171,fever,confusion,1,EMERGENCY,16,Combination of fever + confusion,active
SC00172,fever,confusion,2,EMERGENCY,16,Combination of fever + confusion,active
SC00173,fever,confusion,3,EMERGENCY,16,Combination of fever + confusion,active
SC00174,fever,confusion,4,EMERGENCY,16,Combination of fever + confusion,active
SC00175,fever,confusion,5,EMERGENCY,16,Combination of fever + confusion,active
SC00176,fever,confusion,6,EMERGENCY,16,Combination of fever + confusion,active
SC00177,fever,confusion,7,EMERGENCY,16,Combination of fever + confusion,active
SC00178,fever,confusion,8,EMERGENCY,16,Combination of fever + confusion,active
SC00179,fever,confusion,9,EMERGENCY,16,Combination of fever + confusion,active
SC00180,fever,confusion,10,EMERGENCY,16,Combination of fever + confusion,active
SC00181,fever,confusion,11,EMERGENCY,16,Combination of fever + confusion,active
SC00182,fever,confusion,12,EMERGENCY,16,Combination of fever + confusion,active
SC00183,fever,confusion,13,EMERGENCY,16,Combination of fever + confusion,active
SC00184,fever,confusion,14,EMERGENCY,16,Combination of fever + confusion,active
SC00185,fever,confusion,15,EMERGENCY,16,Combination of fever + confusion,active
SC00186,fever,confusion,16,EMERGENCY,16,Combination of fever + confusion,active
SC00187,fever,confusion,17,EMERGENCY,16,Combination of fever + confusion,active
SC00188,fever,confusion,18,EMERGENCY,16,Combination of fever + confusion,active
SC00189,fever,confusion,19,EMERGENCY,16,Combination of fever + confusion,active
SC00190,fever,confusion,20,EMERGENCY,16,Combination of fever + confusion,active
SC00191,fever,confusion,21,EMERGENCY,16,Combination of fever + confusion,active
SC00192,fever,confusion,22,EMERGENCY,16,Combination of fever + confusion,active
SC00193,fever,confusion,23,EMERGENCY,16,Combination of fever + confusion,active
SC00194,fever,confusion,24,EMERGENCY,16,Combination of fever + confusion,active
SC00195,fever,confusion,25,EMERGENCY,16,Combination of fever + confusion,active
SC00196,fever,confusion,26,EMERGENCY,16,Combination of fever + confusion,active
SC00197,fever,confusion,27,EMERGENCY,16,Combination of fever + confusion,active
SC00198,fever,confusion,28,EMERGENCY,16,Combination of fever + confusion,active
SC00199,fever,confusion,29,EMERGENCY,16,Combination of fever + confusion,active
SC00200,fever,confusion,30,EMERGENCY,16,Combination of fever + confusion,active
SC00201,fever,confusion,31,EMERGENCY,16,Combination of fever + confusion,active
SC00202,fever,confusion,32,EMERGENCY,16,Combination of fever + confusion,active
SC00203,fever,confusion,33,EMERGENCY,16,Combination of fever + confusion,active
SC00204,fever,confusion,34,EMERGENCY,16,Combination of fever + confusion,active
SC00205,fever,confusion,35,EMERGENCY,16,Combination of fever + confusion,active
SC00206,fever,confusion,36,EMERGENCY,16,Combination of fever + confusion,active
SC00207,fever,confusion,37,EMERGENCY,16,Combination of fever + confusion,active
SC00208,fever,confusion,38,EMERGENCY,16,Combination of fever + confusion,active
SC00209,fever,confusion,39,EMERGENCY,16,Combination of fever + confusion,active
SC00210,fever,confusion,40,EMERGENCY,16,Combination of fever + confusion,active
SC00211,fever,confusion,41,EMERGENCY,16,Combination of fever + confusion,active
SC00212,fever,confusion,42,EMERGENCY,16,Combination of fever + confusion,active
SC00213,fever,confusion,43,EMERGENCY,16,Combination of fever + confusion,active
SC00214,fever,confusion,44,EMERGENCY,16,Combination of fever + confusion,active
SC00215,fever,confusion,45,EMERGENCY,16,Combination of fever + confusion,active
SC00216,fever,confusion,46,EMERGENCY,16,Combination of fever + confusion,active
SC00217,fever,confusion,47,EMERGENCY,16,Combination of fever + confusion,active
SC00218,fever,confusion,48,EMERGENCY,16,Combination of fever + confusion,active
SC00219,fever,confusion,49,EMERGENCY,16,Combination of fever + confusion,active
SC00220,fever,confusion,50,EMERGENCY,16,Combination of fever + confusion,active
SC00221,fever,confusion,51,EMERGENCY,16,Combination of fever + confusion,active
SC00222,fever,confusion,52,EMERGENCY,16,Combination of fever + confusion,active
SC00223,fever,confusion,53,EMERGENCY,16,Combination of fever + confusion,active
SC00224,fever,confusion,54,EMERGENCY,16,Combination of fever + confusion,active
SC00225,fever,confusion,55,EMERGENCY,16,Combination of fever + confusion,active
SC00226,fever,confusion,56,EMERGENCY,16,Combination of fever + confusion,active
SC00227,fever,confusion,57,EMERGENCY,16,Combination of fever + confusion,active
SC00228,fever,confusion,58,EMERGENCY,16,Combination of fever + confusion,active
SC00229,fever,confusion,59,EMERGENCY,16,Combination of fever + confusion,active
SC00230,fever,confusion,60,EMERGENCY,16,Combination of fever + confusion,active
SC00231,fever,confusion,61,EMERGENCY,16,Combination of fever + confusion,active
SC00232,fever,confusion,62,EMERGENCY,16,Combination of fever + confusion,active
SC00233,fever,confusion,63,EMERGENCY,16,Combination of fever + confusion,active
SC00234,fever,confusion,64,EMERGENCY,16,Combination of fever + confusion,active
SC00235,fever,confusion,65,EMERGENCY,16,Combination of fever + confusion,active
SC00236,fever,confusion,66,EMERGENCY,16,Combination of fever + confusion,active
SC00237,fever,confusion,67,EMERGENCY,16,Combination of fever + confusion,active
SC00238,fever,confusion,68,EMERGENCY,16,Combination of fever + confusion,active
SC00239,fever,confusion,69,EMERGENCY,16,Combination of fever + confusion,active
SC00240,fever,confusion,70,EMERGENCY,16,Combination of fever + confusion,active
SC00241,fever,confusion,71,EMERGENCY,16,Combination of fever + confusion,active
SC00242,fever,confusion,72,EMERGENCY,16,Combination of fever + confusion,active
SC00243,fever,confusion,73,EMERGENCY,16,Combination of fever + confusion,active
SC00244,fever,confusion,74,EMERGENCY,16,Combination of fever + confusion,active
SC00245,fever,confusion,75,EMERGENCY,16,Combination of fever + confusion,active
SC00246,fever,confusion,76,EMERGENCY,16,Combination of fever + confusion,active
SC00247,fever,confusion,77,EMERGENCY,16,Combination of fever + confusion,active
SC00248,fever,confusion,78,EMERGENCY,16,Combination of fever + confusion,active
SC00249,fever,confusion,79,EMERGENCY,16,Combination of fever + confusion,active
SC00250,fever,confusion,80,EMERGENCY,16,Combination of fever + confusion,active
SC00251,fever,confusion,81,EMERGENCY,16,Combination of fever + confusion,active
SC00252,fever,confusion,82,EMERGENCY,16,Combination of fever + confusion,active
SC00253,fever,confusion,83,EMERGENCY,16,Combination of fever + confusion,active
SC00254,fever,confusion,84,EMERGENCY,16,Combination of fever + confusion,active
SC00255,fever,confusion,85,EMERGENCY,16,Combination of fever + confusion,active
SC00256,fever,confusion,86,EMERGENCY,16,Combination of fever + confusion,active
SC00257,fever,confusion,87,EMERGENCY,16,Combination of fever + confusion,active
SC00258,fever,confusion,88,EMERGENCY,16,Combination of fever + confusion,active
SC00259,fever,confusion,89,EMERGENCY,16,Combination of fever + confusion,active
SC00260,fever,confusion,90,EMERGENCY,16,Combination of fever + confusion,active
SC00261,fever,confusion,91,EMERGENCY,16,Combination of fever + confusion,active
SC00262,fever,confusion,92,EMERGENCY,16,Combination of fever + confusion,active
SC00263,fever,confusion,93,EMERGENCY,16,Combination of fever + confusion,active
SC00264,fever,confusion,94,EMERGENCY,16,Combination of fever + confusion,active
SC00265,fever,confusion,95,EMERGENCY,16,Combination of fever + confusion,active
SC00266,fever,confusion,96,EMERGENCY,16,Combination of fever + confusion,active
SC00267,fever,confusion,97,EMERGENCY,16,Combination of fever + confusion,active
SC00268,fever,confusion,98,EMERGENCY,16,Combination of fever + confusion,active
SC00269,fever,confusion,99,EMERGENCY,16,Combination of fever + confusion,active
SC00270,fever,confusion,100,EMERGENCY,16,Combination of fever + confusion,active
SC00271,fever,confusion,101,EMERGENCY,16,Combination of fever + confusion,active
SC00272,fever,confusion,102,EMERGENCY,16,Combination of fever + confusion,active
SC00273,fever,confusion,103,EMERGENCY,16,Combination of fever + confusion,active
SC00274,fever,confusion,104,EMERGENCY,16,Combination of fever + confusion,active
SC00275,fever,confusion,105,EMERGENCY,16,Combination of fever + confusion,active
SC00276,fever,confusion,106,EMERGENCY,16,Combination of fever + confusion,active
SC00277,fever,confusion,107,EMERGENCY,16,Combination of fever + confusion,active
SC00278,fever,confusion,108,EMERGENCY,16,Combination of fever + confusion,active
SC00279,fever,confusion,109,EMERGENCY,16,Combination of fever + confusion,active
SC00280,fever,confusion,110,EMERGENCY,16,Combination of fever + confusion,active
SC00281,fever,confusion,111,EMERGENCY,16,Combination of fever + confusion,active
SC00282,fever,confusion,112,EMERGENCY,16,Combination of fever + confusion,active
SC00283,fever,confusion,113,EMERGENCY,16,Combination of fever + confusion,active
SC00284,fever,confusion,114,EMERGENCY,16,Combination of fever + confusion,active
SC00285,fever,confusion,115,EMERGENCY,16,Combination of fever + confusion,active
SC00286,fever,confusion,116,EMERGENCY,16,Combination of fever + confusion,active
SC00287,fever,confusion,117,EMERGENCY,16,Combination of fever + confusion,active
SC00288,fever,confusion,118,EMERGENCY,16,Combination of fever + confusion,active
SC00289,fever,confusion,119,EMERGENCY,16,Combination of fever + confusion,active
SC00290,fever,confusion,120,EMERGENCY,16,Combination of fever + confusion,active
SC00291,fever,confusion,121,EMERGENCY,16,Combination of fever + confusion,active
SC00292,fever,confusion,122,EMERGENCY,16,Combination of fever + confusion,active
SC00293,fever,confusion,123,EMERGENCY,16,Combination of fever + confusion,active
SC00294,fever,confusion,124,EMERGENCY,16,Combination of fever + confusion,active
SC00295,fever,confusion,125,EMERGENCY,16,Combination of fever + confusion,active
SC00296,fever,confusion,126,EMERGENCY,16,Combination of fever + confusion,active
SC00297,fever,confusion,127,EMERGENCY,16,Combination of fever + confusion,active
SC00298,fever,confusion,128,EMERGENCY,16,Combination of fever + confusion,active
SC00299,fever,confusion,129,EMERGENCY,16,Combination of fever + confusion,active
SC00300,fever,confusion,130,EMERGENCY,16,Combination of fever + confusion,active
SC00301,fever,confusion,131,EMERGENCY,16,Combination of fever + confusion,active
SC00302,fever,confusion,132,EMERGENCY,16,Combination of fever + confusion,active
SC00303,fever,confusion,133,EMERGENCY,16,Combination of fever + confusion,active
SC00304,fever,confusion,134,EMERGENCY,16,Combination of fever + confusion,active
SC00305,fever,confusion,135,EMERGENCY,16,Combination of fever + confusion,active
SC00306,fever,confusion,136,EMERGENCY,16,Combination of fever + confusion,active
SC00307,fever,confusion,137,EMERGENCY,16,Combination of fever + confusion,active
SC00308,fever,confusion,138,EMERGENCY,16,Combination of fever + confusion,active
SC00309,fever,confusion,139,EMERGENCY,16,Combination of fever + confusion,active
SC00310,fever,confusion,140,EMERGENCY,16,Combination of fever + confusion,active
SC00311,fever,confusion,141,EMERGENCY,16,Combination of fever + confusion,active
SC00312,fever,confusion,142,EMERGENCY,16,Combination of fever + confusion,active
SC00313,fever,confusion,143,EMERGENCY,16,Combination of fever + confusion,active
SC00314,fever,confusion,144,EMERGENCY,16,Combination of fever + confusion,active
SC00315,fever,confusion,145,EMERGENCY,16,Combination of fever + confusion,active
SC00316,fever,confusion,146,EMERGENCY,16,Combination of fever + confusion,active
SC00317,fever,confusion,147,EMERGENCY,16,Combination of fever + confusion,active
SC00318,fever,confusion,148,EMERGENCY,16,Combination of fever + confusion,active
SC00319,fever,confusion,149,EMERGENCY,16,Combination of fever + confusion,active
SC00320,fever,confusion,150,EMERGENCY,16,Combination of fever + confusion,active
SC00321,fever,confusion,151,EMERGENCY,16,Combination of fever + confusion,active
SC00322,fever,confusion,152,EMERGENCY,16,Combination of fever + confusion,active
SC00323,fever,confusion,153,EMERGENCY,16,Combination of fever + confusion,active
SC00324,fever,confusion,154,EMERGENCY,16,Combination of fever + confusion,active
SC00325,fever,confusion,155,EMERGENCY,16,Combination of fever + confusion,active
SC00326,fever,confusion,156,EMERGENCY,16,Combination of fever + confusion,active
SC00327,fever,confusion,157,EMERGENCY,16,Combination of fever + confusion,active
SC00328,fever,confusion,158,EMERGENCY,16,Combination of fever + confusion,active
SC00329,fever,confusion,159,EMERGENCY,16,Combination of fever + confusion,active
SC00330,fever,confusion,160,EMERGENCY,16,Combination of fever + confusion,active
SC00331,fever,confusion,161,EMERGENCY,16,Combination of fever + confusion,active
SC00332,fever,confusion,162,EMERGENCY,16,Combination of fever + confusion,active
SC00333,fever,confusion,163,EMERGENCY,16,Combination of fever + confusion,active
SC00334,fever,confusion,164,EMERGENCY,16,Combination of fever + confusion,active
SC00335,fever,confusion,165,EMERGENCY,16,Combination of fever + confusion,active
SC00336,fever,confusion,166,EMERGENCY,16,Combination of fever + confusion,active
SC00337,fever,confusion,167,EMERGENCY,16,Combination of fever + confusion,active
SC00338,fever,confusion,168,EMERGENCY,16,Combination of fever + confusion,active
SC00339,fever,confusion,169,EMERGENCY,16,Combination of fever + confusion,active
SC00340,fever,confusion,170,EMERGENCY,16,Combination of fever + confusion,active
SC00341,fever,stiff_neck,1,EMERGENCY,16,Combination of fever + stiff_neck,active
SC00342,fever,stiff_neck,2,EMERGENCY,16,Combination of fever + stiff_neck,active
SC00343,fever,stiff_neck,3,EMERGENCY,16,Combination of fever + stiff_neck,active
SC00344,fever,stiff_neck,4,EMERGENCY,16,Combination of fever + stiff_neck,active
SC00345,fever,stiff_neck,5,EMERGENCY,16,Combination of fever + stiff_neck,active
SC00346,fever,stiff_neck,6,EMERGENCY,16,Combination of fever + stiff_neck,active
SC00347,fever,stiff_neck,7,EMERGENCY,16,Combination of fever + stiff_neck,active
SC00348,fever,stiff_neck,8,EMERGENCY,16,Combination of fever + stiff_neck,active
SC00349,fever,stiff_neck,9,EMERGENCY,16,Combination of fever + stiff_neck,active
SC00350,fever,stiff_neck,10,EMERGENCY,16,Combination of fever + stiff_neck,active
SC00351,fever,stiff_neck,11,EMERGENCY,16,Combination of fever + stiff_neck,active
SC00352,fever,stiff_neck,12,EMERGENCY,16,Combination of fever + stiff_neck,active
SC00353,fever,stiff_neck,13,EMERGENCY,16,Combination of fever + stiff_neck,active
SC00354,fever,stiff_neck,14,EMERGENCY,16,Combination of fever + stiff_neck,active
SC00355,fever,stiff_neck,15,EMERGENCY,16,Combination of fever + stiff_neck,active
SC00356,fever,stiff_neck,16,EMERGENCY,16,Combination of fever + stiff_neck,active
SC00357,fever,stiff_neck,17,EMERGENCY,16,Combination of fever + stiff_neck,active
SC00358,fever,stiff_neck,18,EMERGENCY,16,Combination of fever + stiff_neck,active
SC00359,fever,stiff_neck,19,EMERGENCY,16,Combination of fever + stiff_neck,active
SC00360,fever,stiff_neck,20,EMERGENCY,16,Combination of fever + stiff_neck,active
SC00361,fever,stiff_neck,21,EMERGENCY,16,Combination of fever + stiff_neck,active
SC00362,fever,stiff_neck,22,EMERGENCY,16,Combination of fever + stiff_neck,active
SC00363,fever,stiff_neck,23,EMERGENCY,16,Combination of fever + stiff_neck,active
SC00364,fever,stiff_neck,24,EMERGENCY,16,Combination of fever + stiff_neck,active
SC00365,fever,stiff_neck,25,EMERGENCY,16,Combination of fever + stiff_neck,active
SC00366,fever,stiff_neck,26,EMERGENCY,16,Combination of fever + stiff_neck,active
SC00367,fever,stiff_neck,27,EMERGENCY,16,Combination of fever + stiff_neck,active
SC00368,fever,stiff_neck,28,EMERGENCY,16,Combination of fever + stiff_neck,active
SC00369,fever,stiff_neck,29,EMERGENCY,16,Combination of fever + stiff_neck,active
SC00370,fever,stiff_neck,30,EMERGENCY,16,Combination of fever + stiff_neck,active
SC00371,fever,stiff_neck,31,EMERGENCY,16,Combination of fever + stiff_neck,active
SC00372,fever,stiff_neck,32,EMERGENCY,16,Combination of fever + stiff_neck,active
SC00373,fever,stiff_neck,33,EMERGENCY,16,Combination of fever + stiff_neck,active
SC00374,fever,stiff_neck,34,EMERGENCY,16,Combination of fever + stiff_neck,active
SC00375,fever,stiff_neck,35,EMERGENCY,16,Combination of fever + stiff_neck,active
SC00376,fever,stiff_neck,36,EMERGENCY,16,Combination of fever + stiff_neck,active
SC00377,fever,stiff_neck,37,EMERGENCY,16,Combination of fever + stiff_neck,active
SC00378,fever,stiff_neck,38,EMERGENCY,16,Combination of fever + stiff_neck,active
SC00379,fever,stiff_neck,39,EMERGENCY,16,Combination of fever + stiff_neck,active
SC00380,fever,stiff_neck,40,EMERGENCY,16,Combination of fever + stiff_neck,active
SC00381,fever,stiff_neck,41,EMERGENCY,16,Combination of fever + stiff_neck,active
SC00382,fever,stiff_neck,42,EMERGENCY,16,Combination of fever + stiff_neck,active
SC00383,fever,stiff_neck,43,EMERGENCY,16,Combination of fever + stiff_neck,active
SC00384,fever,stiff_neck,44,EMERGENCY,16,Combination of fever + stiff_neck,active
SC00385,fever,stiff_neck,45,EMERGENCY,16,Combination of fever + stiff_neck,active
SC00386,fever,stiff_neck,46,EMERGENCY,16,Combination of fever + stiff_neck,active
SC00387,fever,stiff_neck,47,EMERGENCY,16,Combination of fever + stiff_neck,active
SC00388,fever,stiff_neck,48,EMERGENCY,16,Combination of fever + stiff_neck,active
SC00389,fever,stiff_neck,49,EMERGENCY,16,Combination of fever + stiff_neck,active
SC00390,fever,stiff_neck,50,EMERGENCY,16,Combination of fever + stiff_neck,active
SC00391,fever,stiff_neck,51,EMERGENCY,16,Combination of fever + stiff_neck,active
SC00392,fever,stiff_neck,52,EMERGENCY,16,Combination of fever + stiff_neck,active
SC00393,fever,stiff_neck,53,EMERGENCY,16,Combination of fever + stiff_neck,active
SC00394,fever,stiff_neck,54,EMERGENCY,16,Combination of fever + stiff_neck,active
SC00395,fever,stiff_neck,55,EMERGENCY,16,Combination of fever + stiff_neck,active
SC00396,fever,stiff_neck,56,EMERGENCY,16,Combination of fever + stiff_neck,active
SC00397,fever,stiff_neck,57,EMERGENCY,16,Combination of fever + stiff_neck,active
SC00398,fever,stiff_neck,58,EMERGENCY,16,Combination of fever + stiff_neck,active
SC00399,fever,stiff_neck,59,EMERGENCY,16,Combination of fever + stiff_neck,active
SC00400,fever,stiff_neck,60,EMERGENCY,16,Combination of fever + stiff_neck,active
SC00401,fever,stiff_neck,61,EMERGENCY,16,Combination of fever + stiff_neck,active
SC00402,fever,stiff_neck,62,EMERGENCY,16,Combination of fever + stiff_neck,active
SC00403,fever,stiff_neck,63,EMERGENCY,16,Combination of fever + stiff_neck,active
SC00404,fever,stiff_neck,64,EMERGENCY,16,Combination of fever + stiff_neck,active
SC00405,fever,stiff_neck,65,EMERGENCY,16,Combination of fever + stiff_neck,active
SC00406,fever,stiff_neck,66,EMERGENCY,16,Combination of fever + stiff_neck,active
SC00407,fever,stiff_neck,67,EMERGENCY,16,Combination of fever + stiff_neck,active
SC00408,fever,stiff_neck,68,EMERGENCY,16,Combination of fever + stiff_neck,active
SC00409,fever,stiff_neck,69,EMERGENCY,16,Combination of fever + stiff_neck,active
SC00410,fever,stiff_neck,70,EMERGENCY,16,Combination of fever + stiff_neck,active
SC00411,fever,stiff_neck,71,EMERGENCY,16,Combination of fever + stiff_neck,active
SC00412,fever,stiff_neck,72,EMERGENCY,16,Combination of fever + stiff_neck,active
SC00413,fever,stiff_neck,73,EMERGENCY,16,Combination of fever + stiff_neck,active
SC00414,fever,stiff_neck,74,EMERGENCY,16,Combination of fever + stiff_neck,active
SC00415,fever,stiff_neck,75,EMERGENCY,16,Combination of fever + stiff_neck,active
SC00416,fever,stiff_neck,76,EMERGENCY,16,Combination of fever + stiff_neck,active
SC00417,fever,stiff_neck,77,EMERGENCY,16,Combination of fever + stiff_neck,active
SC00418,fever,stiff_neck,78,EMERGENCY,16,Combination of fever + stiff_neck,active
SC00419,fever,stiff_neck,79,EMERGENCY,16,Combination of fever + stiff_neck,active
SC00420,fever,stiff_neck,80,EMERGENCY,16,Combination of fever + stiff_neck,active
SC00421,fever,stiff_neck,81,EMERGENCY,16,Combination of fever + stiff_neck,active
SC00422,fever,stiff_neck,82,EMERGENCY,16,Combination of fever + stiff_neck,active
SC00423,fever,stiff_neck,83,EMERGENCY,16,Combination of fever + stiff_neck,active
SC00424,fever,stiff_neck,84,EMERGENCY,16,Combination of fever + stiff_neck,active
SC00425,fever,stiff_neck,85,EMERGENCY,16,Combination of fever + stiff_neck,active
SC00426,fever,stiff_neck,86,EMERGENCY,16,Combination of fever + stiff_neck,active
SC00427,fever,stiff_neck,87,EMERGENCY,16,Combination of fever + stiff_neck,active
SC00428,fever,stiff_neck,88,EMERGENCY,16,Combination of fever + stiff_neck,active
SC00429,fever,stiff_neck,89,EMERGENCY,16,Combination of fever + stiff_neck,active
SC00430,fever,stiff_neck,90,EMERGENCY,16,Combination of fever + stiff_neck,active
SC00431,fever,stiff_neck,91,EMERGENCY,16,Combination of fever + stiff_neck,active
SC00432,fever,stiff_neck,92,EMERGENCY,16,Combination of fever + stiff_neck,active
SC00433,fever,stiff_neck,93,EMERGENCY,16,Combination of fever + stiff_neck,active
SC00434,fever,stiff_neck,94,EMERGENCY,16,Combination of fever + stiff_neck,active
SC00435,fever,stiff_neck,95,EMERGENCY,16,Combination of fever + stiff_neck,active
SC00436,fever,stiff_neck,96,EMERGENCY,16,Combination of fever + stiff_neck,active
SC00437,fever,stiff_neck,97,EMERGENCY,16,Combination of fever + stiff_neck,active
SC00438,fever,stiff_neck,98,EMERGENCY,16,Combination of fever + stiff_neck,active
SC00439,fever,stiff_neck,99,EMERGENCY,16,Combination of fever + stiff_neck,active
SC00440,fever,stiff_neck,100,EMERGENCY,16,Combination of fever + stiff_neck,active
SC00441,fever,stiff_neck,101,EMERGENCY,16,Combination of fever + stiff_neck,active
SC00442,fever,stiff_neck,102,EMERGENCY,16,Combination of fever + stiff_neck,active
SC00443,fever,stiff_neck,103,EMERGENCY,16,Combination of fever + stiff_neck,active
SC00444,fever,stiff_neck,104,EMERGENCY,16,Combination of fever + stiff_neck,active
SC00445,fever,stiff_neck,105,EMERGENCY,16,Combination of fever + stiff_neck,active
SC00446,fever,stiff_neck,106,EMERGENCY,16,Combination of fever + stiff_neck,active
SC00447,fever,stiff_neck,107,EMERGENCY,16,Combination of fever + stiff_neck,active
SC00448,fever,stiff_neck,108,EMERGENCY,16,Combination of fever + stiff_neck,active
SC00449,fever,stiff_neck,109,EMERGENCY,16,Combination of fever + stiff_neck,active
SC00450,fever,stiff_neck,110,EMERGENCY,16,Combination of fever + stiff_neck,active
SC00451,fever,stiff_neck,111,EMERGENCY,16,Combination of fever + stiff_neck,active
SC00452,fever,stiff_neck,112,EMERGENCY,16,Combination of fever + stiff_neck,active
SC00453,fever,stiff_neck,113,EMERGENCY,16,Combination of fever + stiff_neck,active
SC00454,fever,stiff_neck,114,EMERGENCY,16,Combination of fever + stiff_neck,active
SC00455,fever,stiff_neck,115,EMERGENCY,16,Combination of fever + stiff_neck,active
SC00456,fever,stiff_neck,116,EMERGENCY,16,Combination of fever + stiff_neck,active
SC00457,fever,stiff_neck,117,EMERGENCY,16,Combination of fever + stiff_neck,active
SC00458,fever,stiff_neck,118,EMERGENCY,16,Combination of fever + stiff_neck,active
SC00459,fever,stiff_neck,119,EMERGENCY,16,Combination of fever + stiff_neck,active
SC00460,fever,stiff_neck,120,EMERGENCY,16,Combination of fever + stiff_neck,active
SC00461,fever,stiff_neck,121,EMERGENCY,16,Combination of fever + stiff_neck,active
SC00462,fever,stiff_neck,122,EMERGENCY,16,Combination of fever + stiff_neck,active
SC00463,fever,stiff_neck,123,EMERGENCY,16,Combination of fever + stiff_neck,active
SC00464,fever,stiff_neck,124,EMERGENCY,16,Combination of fever + stiff_neck,active
SC00465,fever,stiff_neck,125,EMERGENCY,16,Combination of fever + stiff_neck,active
SC00466,fever,stiff_neck,126,EMERGENCY,16,Combination of fever + stiff_neck,active
SC00467,fever,stiff_neck,127,EMERGENCY,16,Combination of fever + stiff_neck,active
SC00468,fever,stiff_neck,128,EMERGENCY,16,Combination of fever + stiff_neck,active
SC00469,fever,stiff_neck,129,EMERGENCY,16,Combination of fever + stiff_neck,active
SC00470,fever,stiff_neck,130,EMERGENCY,16,Combination of fever + stiff_neck,active
SC00471,fever,stiff_neck,131,EMERGENCY,16,Combination of fever + stiff_neck,active
SC00472,fever,stiff_neck,132,EMERGENCY,16,Combination of fever + stiff_neck,active
SC00473,fever,stiff_neck,133,EMERGENCY,16,Combination of fever + stiff_neck,active
SC00474,fever,stiff_neck,134,EMERGENCY,16,Combination of fever + stiff_neck,active
SC00475,fever,stiff_neck,135,EMERGENCY,16,Combination of fever + stiff_neck,active
SC00476,fever,stiff_neck,136,EMERGENCY,16,Combination of fever + stiff_neck,active
SC00477,fever,stiff_neck,137,EMERGENCY,16,Combination of fever + stiff_neck,active
SC00478,fever,stiff_neck,138,EMERGENCY,16,Combination of fever + stiff_neck,active
SC00479,fever,stiff_neck,139,EMERGENCY,16,Combination of fever + stiff_neck,active
SC00480,fever,stiff_neck,140,EMERGENCY,16,Combination of fever + stiff_neck,active
SC00481,fever,stiff_neck,141,EMERGENCY,16,Combination of fever + stiff_neck,active
SC00482,fever,stiff_neck,142,EMERGENCY,16,Combination of fever + stiff_neck,active
SC00483,fever,stiff_neck,143,EMERGENCY,16,Combination of fever + stiff_neck,active
SC00484,fever,stiff_neck,144,EMERGENCY,16,Combination of fever + stiff_neck,active
SC00485,fever,stiff_neck,145,EMERGENCY,16,Combination of fever + stiff_neck,active
SC00486,fever,stiff_neck,146,EMERGENCY,16,Combination of fever + stiff_neck,active
SC00487,fever,stiff_neck,147,EMERGENCY,16,Combination of fever + stiff_neck,active
SC00488,fever,stiff_neck,148,EMERGENCY,16,Combination of fever + stiff_neck,active
SC00489,fever,stiff_neck,149,EMERGENCY,16,Combination of fever + stiff_neck,active
SC00490,fever,stiff_neck,150,EMERGENCY,16,Combination of fever + stiff_neck,active
SC00491,fever,stiff_neck,151,EMERGENCY,16,Combination of fever + stiff_neck,active
SC00492,fever,stiff_neck,152,EMERGENCY,16,Combination of fever + stiff_neck,active
SC00493,fever,stiff_neck,153,EMERGENCY,16,Combination of fever + stiff_neck,active
SC00494,fever,stiff_neck,154,EMERGENCY,16,Combination of fever + stiff_neck,active
SC00495,fever,stiff_neck,155,EMERGENCY,16,Combination of fever + stiff_neck,active
SC00496,fever,stiff_neck,156,EMERGENCY,16,Combination of fever + stiff_neck,active
SC00497,fever,stiff_neck,157,EMERGENCY,16,Combination of fever + stiff_neck,active
SC00498,fever,stiff_neck,158,EMERGENCY,16,Combination of fever + stiff_neck,active
SC00499,fever,stiff_neck,159,EMERGENCY,16,Combination of fever + stiff_neck,active
SC00500,fever,stiff_neck,160,EMERGENCY,16,Combination of fever + stiff_neck,active
SC00501,fever,stiff_neck,161,EMERGENCY,16,Combination of fever + stiff_neck,active
SC00502,fever,stiff_neck,162,EMERGENCY,16,Combination of fever + stiff_neck,active
SC00503,fever,stiff_neck,163,EMERGENCY,16,Combination of fever + stiff_neck,active
SC00504,fever,stiff_neck,164,EMERGENCY,16,Combination of fever + stiff_neck,active
SC00505,fever,stiff_neck,165,EMERGENCY,16,Combination of fever + stiff_neck,active
SC00506,fever,stiff_neck,166,EMERGENCY,16,Combination of fever + stiff_neck,active
SC00507,fever,stiff_neck,167,EMERGENCY,16,Combination of fever + stiff_neck,active
SC00508,fever,stiff_neck,168,EMERGENCY,16,Combination of fever + stiff_neck,active
SC00509,fever,stiff_neck,169,EMERGENCY,16,Combination of fever + stiff_neck,active
SC00510,fever,stiff_neck,170,EMERGENCY,16,Combination of fever + stiff_neck,active
SC00511,vomiting,blood,1,EMERGENCY,15,Combination of vomiting + blood,active
SC00512,vomiting,blood,2,EMERGENCY,15,Combination of vomiting + blood,active
SC00513,vomiting,blood,3,EMERGENCY,15,Combination of vomiting + blood,active
SC00514,vomiting,blood,4,EMERGENCY,15,Combination of vomiting + blood,active
SC00515,vomiting,blood,5,EMERGENCY,15,Combination of vomiting + blood,active
SC00516,vomiting,blood,6,EMERGENCY,15,Combination of vomiting + blood,active
SC00517,vomiting,blood,7,EMERGENCY,15,Combination of vomiting + blood,active
SC00518,vomiting,blood,8,EMERGENCY,15,Combination of vomiting + blood,active
SC00519,vomiting,blood,9,EMERGENCY,15,Combination of vomiting + blood,active
SC00520,vomiting,blood,10,EMERGENCY,15,Combination of vomiting + blood,active
SC00521,vomiting,blood,11,EMERGENCY,15,Combination of vomiting + blood,active
SC00522,vomiting,blood,12,EMERGENCY,15,Combination of vomiting + blood,active
SC00523,vomiting,blood,13,EMERGENCY,15,Combination of vomiting + blood,active
SC00524,vomiting,blood,14,EMERGENCY,15,Combination of vomiting + blood,active
SC00525,vomiting,blood,15,EMERGENCY,15,Combination of vomiting + blood,active
SC00526,vomiting,blood,16,EMERGENCY,15,Combination of vomiting + blood,active
SC00527,vomiting,blood,17,EMERGENCY,15,Combination of vomiting + blood,active
SC00528,vomiting,blood,18,EMERGENCY,15,Combination of vomiting + blood,active
SC00529,vomiting,blood,19,EMERGENCY,15,Combination of vomiting + blood,active
SC00530,vomiting,blood,20,EMERGENCY,15,Combination of vomiting + blood,active
SC00531,vomiting,blood,21,EMERGENCY,15,Combination of vomiting + blood,active
SC00532,vomiting,blood,22,EMERGENCY,15,Combination of vomiting + blood,active
SC00533,vomiting,blood,23,EMERGENCY,15,Combination of vomiting + blood,active
SC00534,vomiting,blood,24,EMERGENCY,15,Combination of vomiting + blood,active
SC00535,vomiting,blood,25,EMERGENCY,15,Combination of vomiting + blood,active
SC00536,vomiting,blood,26,EMERGENCY,15,Combination of vomiting + blood,active
SC00537,vomiting,blood,27,EMERGENCY,15,Combination of vomiting + blood,active
SC00538,vomiting,blood,28,EMERGENCY,15,Combination of vomiting + blood,active
SC00539,vomiting,blood,29,EMERGENCY,15,Combination of vomiting + blood,active
SC00540,vomiting,blood,30,EMERGENCY,15,Combination of vomiting + blood,active
SC00541,vomiting,blood,31,EMERGENCY,15,Combination of vomiting + blood,active
SC00542,vomiting,blood,32,EMERGENCY,15,Combination of vomiting + blood,active
SC00543,vomiting,blood,33,EMERGENCY,15,Combination of vomiting + blood,active
SC00544,vomiting,blood,34,EMERGENCY,15,Combination of vomiting + blood,active
SC00545,vomiting,blood,35,EMERGENCY,15,Combination of vomiting + blood,active
SC00546,vomiting,blood,36,EMERGENCY,15,Combination of vomiting + blood,active
SC00547,vomiting,blood,37,EMERGENCY,15,Combination of vomiting + blood,active
SC00548,vomiting,blood,38,EMERGENCY,15,Combination of vomiting + blood,active
SC00549,vomiting,blood,39,EMERGENCY,15,Combination of vomiting + blood,active
SC00550,vomiting,blood,40,EMERGENCY,15,Combination of vomiting + blood,active
SC00551,vomiting,blood,41,EMERGENCY,15,Combination of vomiting + blood,active
SC00552,vomiting,blood,42,EMERGENCY,15,Combination of vomiting + blood,active
SC00553,vomiting,blood,43,EMERGENCY,15,Combination of vomiting + blood,active
SC00554,vomiting,blood,44,EMERGENCY,15,Combination of vomiting + blood,active
SC00555,vomiting,blood,45,EMERGENCY,15,Combination of vomiting + blood,active
SC00556,vomiting,blood,46,EMERGENCY,15,Combination of vomiting + blood,active
SC00557,vomiting,blood,47,EMERGENCY,15,Combination of vomiting + blood,active
SC00558,vomiting,blood,48,EMERGENCY,15,Combination of vomiting + blood,active
SC00559,vomiting,blood,49,EMERGENCY,15,Combination of vomiting + blood,active
SC00560,vomiting,blood,50,EMERGENCY,15,Combination of vomiting + blood,active
SC00561,vomiting,blood,51,EMERGENCY,15,Combination of vomiting + blood,active
SC00562,vomiting,blood,52,EMERGENCY,15,Combination of vomiting + blood,active
SC00563,vomiting,blood,53,EMERGENCY,15,Combination of vomiting + blood,active
SC00564,vomiting,blood,54,EMERGENCY,15,Combination of vomiting + blood,active
SC00565,vomiting,blood,55,EMERGENCY,15,Combination of vomiting + blood,active
SC00566,vomiting,blood,56,EMERGENCY,15,Combination of vomiting + blood,active
SC00567,vomiting,blood,57,EMERGENCY,15,Combination of vomiting + blood,active
SC00568,vomiting,blood,58,EMERGENCY,15,Combination of vomiting + blood,active
SC00569,vomiting,blood,59,EMERGENCY,15,Combination of vomiting + blood,active
SC00570,vomiting,blood,60,EMERGENCY,15,Combination of vomiting + blood,active
SC00571,vomiting,blood,61,EMERGENCY,15,Combination of vomiting + blood,active
SC00572,vomiting,blood,62,EMERGENCY,15,Combination of vomiting + blood,active
SC00573,vomiting,blood,63,EMERGENCY,15,Combination of vomiting + blood,active
SC00574,vomiting,blood,64,EMERGENCY,15,Combination of vomiting + blood,active
SC00575,vomiting,blood,65,EMERGENCY,15,Combination of vomiting + blood,active
SC00576,vomiting,blood,66,EMERGENCY,15,Combination of vomiting + blood,active
SC00577,vomiting,blood,67,EMERGENCY,15,Combination of vomiting + blood,active
SC00578,vomiting,blood,68,EMERGENCY,15,Combination of vomiting + blood,active
SC00579,vomiting,blood,69,EMERGENCY,15,Combination of vomiting + blood,active
SC00580,vomiting,blood,70,EMERGENCY,15,Combination of vomiting + blood,active
SC00581,vomiting,blood,71,EMERGENCY,15,Combination of vomiting + blood,active
SC00582,vomiting,blood,72,EMERGENCY,15,Combination of vomiting + blood,active
SC00583,vomiting,blood,73,EMERGENCY,15,Combination of vomiting + blood,active
SC00584,vomiting,blood,74,EMERGENCY,15,Combination of vomiting + blood,active
SC00585,vomiting,blood,75,EMERGENCY,15,Combination of vomiting + blood,active
SC00586,vomiting,blood,76,EMERGENCY,15,Combination of vomiting + blood,active
SC00587,vomiting,blood,77,EMERGENCY,15,Combination of vomiting + blood,active
SC00588,vomiting,blood,78,EMERGENCY,15,Combination of vomiting + blood,active
SC00589,vomiting,blood,79,EMERGENCY,15,Combination of vomiting + blood,active
SC00590,vomiting,blood,80,EMERGENCY,15,Combination of vomiting + blood,active
SC00591,vomiting,blood,81,EMERGENCY,15,Combination of vomiting + blood,active
SC00592,vomiting,blood,82,EMERGENCY,15,Combination of vomiting + blood,active
SC00593,vomiting,blood,83,EMERGENCY,15,Combination of vomiting + blood,active
SC00594,vomiting,blood,84,EMERGENCY,15,Combination of vomiting + blood,active
SC00595,vomiting,blood,85,EMERGENCY,15,Combination of vomiting + blood,active
SC00596,vomiting,blood,86,EMERGENCY,15,Combination of vomiting + blood,active
SC00597,vomiting,blood,87,EMERGENCY,15,Combination of vomiting + blood,active
SC00598,vomiting,blood,88,EMERGENCY,15,Combination of vomiting + blood,active
SC00599,vomiting,blood,89,EMERGENCY,15,Combination of vomiting + blood,active
SC00600,vomiting,blood,90,EMERGENCY,15,Combination of vomiting + blood,active
SC00601,vomiting,blood,91,EMERGENCY,15,Combination of vomiting + blood,active
SC00602,vomiting,blood,92,EMERGENCY,15,Combination of vomiting + blood,active
SC00603,vomiting,blood,93,EMERGENCY,15,Combination of vomiting + blood,active
SC00604,vomiting,blood,94,EMERGENCY,15,Combination of vomiting + blood,active
SC00605,vomiting,blood,95,EMERGENCY,15,Combination of vomiting + blood,active
SC00606,vomiting,blood,96,EMERGENCY,15,Combination of vomiting + blood,active
SC00607,vomiting,blood,97,EMERGENCY,15,Combination of vomiting + blood,active
SC00608,vomiting,blood,98,EMERGENCY,15,Combination of vomiting + blood,active
SC00609,vomiting,blood,99,EMERGENCY,15,Combination of vomiting + blood,active
SC00610,vomiting,blood,100,EMERGENCY,15,Combination of vomiting + blood,active
SC00611,vomiting,blood,101,EMERGENCY,15,Combination of vomiting + blood,active
SC00612,vomiting,blood,102,EMERGENCY,15,Combination of vomiting + blood,active
SC00613,vomiting,blood,103,EMERGENCY,15,Combination of vomiting + blood,active
SC00614,vomiting,blood,104,EMERGENCY,15,Combination of vomiting + blood,active
SC00615,vomiting,blood,105,EMERGENCY,15,Combination of vomiting + blood,active
SC00616,vomiting,blood,106,EMERGENCY,15,Combination of vomiting + blood,active
SC00617,vomiting,blood,107,EMERGENCY,15,Combination of vomiting + blood,active
SC00618,vomiting,blood,108,EMERGENCY,15,Combination of vomiting + blood,active
SC00619,vomiting,blood,109,EMERGENCY,15,Combination of vomiting + blood,active
SC00620,vomiting,blood,110,EMERGENCY,15,Combination of vomiting + blood,active
SC00621,vomiting,blood,111,EMERGENCY,15,Combination of vomiting + blood,active
SC00622,vomiting,blood,112,EMERGENCY,15,Combination of vomiting + blood,active
SC00623,vomiting,blood,113,EMERGENCY,15,Combination of vomiting + blood,active
SC00624,vomiting,blood,114,EMERGENCY,15,Combination of vomiting + blood,active
SC00625,vomiting,blood,115,EMERGENCY,15,Combination of vomiting + blood,active
SC00626,vomiting,blood,116,EMERGENCY,15,Combination of vomiting + blood,active
SC00627,vomiting,blood,117,EMERGENCY,15,Combination of vomiting + blood,active
SC00628,vomiting,blood,118,EMERGENCY,15,Combination of vomiting + blood,active
SC00629,vomiting,blood,119,EMERGENCY,15,Combination of vomiting + blood,active
SC00630,vomiting,blood,120,EMERGENCY,15,Combination of vomiting + blood,active
SC00631,vomiting,blood,121,EMERGENCY,15,Combination of vomiting + blood,active
SC00632,vomiting,blood,122,EMERGENCY,15,Combination of vomiting + blood,active
SC00633,vomiting,blood,123,EMERGENCY,15,Combination of vomiting + blood,active
SC00634,vomiting,blood,124,EMERGENCY,15,Combination of vomiting + blood,active
SC00635,vomiting,blood,125,EMERGENCY,15,Combination of vomiting + blood,active
SC00636,vomiting,blood,126,EMERGENCY,15,Combination of vomiting + blood,active
SC00637,vomiting,blood,127,EMERGENCY,15,Combination of vomiting + blood,active
SC00638,vomiting,blood,128,EMERGENCY,15,Combination of vomiting + blood,active
SC00639,vomiting,blood,129,EMERGENCY,15,Combination of vomiting + blood,active
SC00640,vomiting,blood,130,EMERGENCY,15,Combination of vomiting + blood,active
SC00641,vomiting,blood,131,EMERGENCY,15,Combination of vomiting + blood,active
SC00642,vomiting,blood,132,EMERGENCY,15,Combination of vomiting + blood,active
SC00643,vomiting,blood,133,EMERGENCY,15,Combination of vomiting + blood,active
SC00644,vomiting,blood,134,EMERGENCY,15,Combination of vomiting + blood,active
SC00645,vomiting,blood,135,EMERGENCY,15,Combination of vomiting + blood,active
SC00646,vomiting,blood,136,EMERGENCY,15,Combination of vomiting + blood,active
SC00647,vomiting,blood,137,EMERGENCY,15,Combination of vomiting + blood,active
SC00648,vomiting,blood,138,EMERGENCY,15,Combination of vomiting + blood,active
SC00649,vomiting,blood,139,EMERGENCY,15,Combination of vomiting + blood,active
SC00650,vomiting,blood,140,EMERGENCY,15,Combination of vomiting + blood,active
SC00651,vomiting,blood,141,EMERGENCY,15,Combination of vomiting + blood,active
SC00652,vomiting,blood,142,EMERGENCY,15,Combination of vomiting + blood,active
SC00653,vomiting,blood,143,EMERGENCY,15,Combination of vomiting + blood,active
SC00654,vomiting,blood,144,EMERGENCY,15,Combination of vomiting + blood,active
SC00655,vomiting,blood,145,EMERGENCY,15,Combination of vomiting + blood,active
SC00656,vomiting,blood,146,EMERGENCY,15,Combination of vomiting + blood,active
SC00657,vomiting,blood,147,EMERGENCY,15,Combination of vomiting + blood,active
SC00658,vomiting,blood,148,EMERGENCY,15,Combination of vomiting + blood,active
SC00659,vomiting,blood,149,EMERGENCY,15,Combination of vomiting + blood,active
SC00660,vomiting,blood,150,EMERGENCY,15,Combination of vomiting + blood,active
SC00661,vomiting,blood,151,EMERGENCY,15,Combination of vomiting + blood,active
SC00662,vomiting,blood,152,EMERGENCY,15,Combination of vomiting + blood,active
SC00663,vomiting,blood,153,EMERGENCY,15,Combination of vomiting + blood,active
SC00664,vomiting,blood,154,EMERGENCY,15,Combination of vomiting + blood,active
SC00665,vomiting,blood,155,EMERGENCY,15,Combination of vomiting + blood,active
SC00666,vomiting,blood,156,EMERGENCY,15,Combination of vomiting + blood,active
SC00667,vomiting,blood,157,EMERGENCY,15,Combination of vomiting + blood,active
SC00668,vomiting,blood,158,EMERGENCY,15,Combination of vomiting + blood,active
SC00669,vomiting,blood,159,EMERGENCY,15,Combination of vomiting + blood,active
SC00670,vomiting,blood,160,EMERGENCY,15,Combination of vomiting + blood,active
SC00671,vomiting,blood,161,EMERGENCY,15,Combination of vomiting + blood,active
SC00672,vomiting,blood,162,EMERGENCY,15,Combination of vomiting + blood,active
SC00673,vomiting,blood,163,EMERGENCY,15,Combination of vomiting + blood,active
SC00674,vomiting,blood,164,EMERGENCY,15,Combination of vomiting + blood,active
SC00675,vomiting,blood,165,EMERGENCY,15,Combination of vomiting + blood,active
SC00676,vomiting,blood,166,EMERGENCY,15,Combination of vomiting + blood,active
SC00677,vomiting,blood,167,EMERGENCY,15,Combination of vomiting + blood,active
SC00678,vomiting,blood,168,EMERGENCY,15,Combination of vomiting + blood,active
SC00679,vomiting,blood,169,EMERGENCY,15,Combination of vomiting + blood,active
SC00680,vomiting,blood,170,EMERGENCY,15,Combination of vomiting + blood,active
SC00681,cough,blood,1,EMERGENCY,15,Combination of cough + blood,active
SC00682,cough,blood,2,EMERGENCY,15,Combination of cough + blood,active
SC00683,cough,blood,3,EMERGENCY,15,Combination of cough + blood,active
SC00684,cough,blood,4,EMERGENCY,15,Combination of cough + blood,active
SC00685,cough,blood,5,EMERGENCY,15,Combination of cough + blood,active
SC00686,cough,blood,6,EMERGENCY,15,Combination of cough + blood,active
SC00687,cough,blood,7,EMERGENCY,15,Combination of cough + blood,active
SC00688,cough,blood,8,EMERGENCY,15,Combination of cough + blood,active
SC00689,cough,blood,9,EMERGENCY,15,Combination of cough + blood,active
SC00690,cough,blood,10,EMERGENCY,15,Combination of cough + blood,active
SC00691,cough,blood,11,EMERGENCY,15,Combination of cough + blood,active
SC00692,cough,blood,12,EMERGENCY,15,Combination of cough + blood,active
SC00693,cough,blood,13,EMERGENCY,15,Combination of cough + blood,active
SC00694,cough,blood,14,EMERGENCY,15,Combination of cough + blood,active
SC00695,cough,blood,15,EMERGENCY,15,Combination of cough + blood,active
SC00696,cough,blood,16,EMERGENCY,15,Combination of cough + blood,active
SC00697,cough,blood,17,EMERGENCY,15,Combination of cough + blood,active
SC00698,cough,blood,18,EMERGENCY,15,Combination of cough + blood,active
SC00699,cough,blood,19,EMERGENCY,15,Combination of cough + blood,active
SC00700,cough,blood,20,EMERGENCY,15,Combination of cough + blood,active
SC00701,cough,blood,21,EMERGENCY,15,Combination of cough + blood,active
SC00702,cough,blood,22,EMERGENCY,15,Combination of cough + blood,active
SC00703,cough,blood,23,EMERGENCY,15,Combination of cough + blood,active
SC00704,cough,blood,24,EMERGENCY,15,Combination of cough + blood,active
SC00705,cough,blood,25,EMERGENCY,15,Combination of cough + blood,active
SC00706,cough,blood,26,EMERGENCY,15,Combination of cough + blood,active
SC00707,cough,blood,27,EMERGENCY,15,Combination of cough + blood,active
SC00708,cough,blood,28,EMERGENCY,15,Combination of cough + blood,active
SC00709,cough,blood,29,EMERGENCY,15,Combination of cough + blood,active
SC00710,cough,blood,30,EMERGENCY,15,Combination of cough + blood,active
SC00711,cough,blood,31,EMERGENCY,15,Combination of cough + blood,active
SC00712,cough,blood,32,EMERGENCY,15,Combination of cough + blood,active
SC00713,cough,blood,33,EMERGENCY,15,Combination of cough + blood,active
SC00714,cough,blood,34,EMERGENCY,15,Combination of cough + blood,active
SC00715,cough,blood,35,EMERGENCY,15,Combination of cough + blood,active
SC00716,cough,blood,36,EMERGENCY,15,Combination of cough + blood,active
SC00717,cough,blood,37,EMERGENCY,15,Combination of cough + blood,active
SC00718,cough,blood,38,EMERGENCY,15,Combination of cough + blood,active
SC00719,cough,blood,39,EMERGENCY,15,Combination of cough + blood,active
SC00720,cough,blood,40,EMERGENCY,15,Combination of cough + blood,active
SC00721,cough,blood,41,EMERGENCY,15,Combination of cough + blood,active
SC00722,cough,blood,42,EMERGENCY,15,Combination of cough + blood,active
SC00723,cough,blood,43,EMERGENCY,15,Combination of cough + blood,active
SC00724,cough,blood,44,EMERGENCY,15,Combination of cough + blood,active
SC00725,cough,blood,45,EMERGENCY,15,Combination of cough + blood,active
SC00726,cough,blood,46,EMERGENCY,15,Combination of cough + blood,active
SC00727,cough,blood,47,EMERGENCY,15,Combination of cough + blood,active
SC00728,cough,blood,48,EMERGENCY,15,Combination of cough + blood,active
SC00729,cough,blood,49,EMERGENCY,15,Combination of cough + blood,active
SC00730,cough,blood,50,EMERGENCY,15,Combination of cough + blood,active
SC00731,cough,blood,51,EMERGENCY,15,Combination of cough + blood,active
SC00732,cough,blood,52,EMERGENCY,15,Combination of cough + blood,active
SC00733,cough,blood,53,EMERGENCY,15,Combination of cough + blood,active
SC00734,cough,blood,54,EMERGENCY,15,Combination of cough + blood,active
SC00735,cough,blood,55,EMERGENCY,15,Combination of cough + blood,active
SC00736,cough,blood,56,EMERGENCY,15,Combination of cough + blood,active
SC00737,cough,blood,57,EMERGENCY,15,Combination of cough + blood,active
SC00738,cough,blood,58,EMERGENCY,15,Combination of cough + blood,active
SC00739,cough,blood,59,EMERGENCY,15,Combination of cough + blood,active
SC00740,cough,blood,60,EMERGENCY,15,Combination of cough + blood,active
SC00741,cough,blood,61,EMERGENCY,15,Combination of cough + blood,active
SC00742,cough,blood,62,EMERGENCY,15,Combination of cough + blood,active
SC00743,cough,blood,63,EMERGENCY,15,Combination of cough + blood,active
SC00744,cough,blood,64,EMERGENCY,15,Combination of cough + blood,active
SC00745,cough,blood,65,EMERGENCY,15,Combination of cough + blood,active
SC00746,cough,blood,66,EMERGENCY,15,Combination of cough + blood,active
SC00747,cough,blood,67,EMERGENCY,15,Combination of cough + blood,active
SC00748,cough,blood,68,EMERGENCY,15,Combination of cough + blood,active
SC00749,cough,blood,69,EMERGENCY,15,Combination of cough + blood,active
SC00750,cough,blood,70,EMERGENCY,15,Combination of cough + blood,active
SC00751,cough,blood,71,EMERGENCY,15,Combination of cough + blood,active
SC00752,cough,blood,72,EMERGENCY,15,Combination of cough + blood,active
SC00753,cough,blood,73,EMERGENCY,15,Combination of cough + blood,active
SC00754,cough,blood,74,EMERGENCY,15,Combination of cough + blood,active
SC00755,cough,blood,75,EMERGENCY,15,Combination of cough + blood,active
SC00756,cough,blood,76,EMERGENCY,15,Combination of cough + blood,active
SC00757,cough,blood,77,EMERGENCY,15,Combination of cough + blood,active
SC00758,cough,blood,78,EMERGENCY,15,Combination of cough + blood,active
SC00759,cough,blood,79,EMERGENCY,15,Combination of cough + blood,active
SC00760,cough,blood,80,EMERGENCY,15,Combination of cough + blood,active
SC00761,cough,blood,81,EMERGENCY,15,Combination of cough + blood,active
SC00762,cough,blood,82,EMERGENCY,15,Combination of cough + blood,active
SC00763,cough,blood,83,EMERGENCY,15,Combination of cough + blood,active
SC00764,cough,blood,84,EMERGENCY,15,Combination of cough + blood,active
SC00765,cough,blood,85,EMERGENCY,15,Combination of cough + blood,active
SC00766,cough,blood,86,EMERGENCY,15,Combination of cough + blood,active
SC00767,cough,blood,87,EMERGENCY,15,Combination of cough + blood,active
SC00768,cough,blood,88,EMERGENCY,15,Combination of cough + blood,active
SC00769,cough,blood,89,EMERGENCY,15,Combination of cough + blood,active
SC00770,cough,blood,90,EMERGENCY,15,Combination of cough + blood,active
SC00771,cough,blood,91,EMERGENCY,15,Combination of cough + blood,active
SC00772,cough,blood,92,EMERGENCY,15,Combination of cough + blood,active
SC00773,cough,blood,93,EMERGENCY,15,Combination of cough + blood,active
SC00774,cough,blood,94,EMERGENCY,15,Combination of cough + blood,active
SC00775,cough,blood,95,EMERGENCY,15,Combination of cough + blood,active
SC00776,cough,blood,96,EMERGENCY,15,Combination of cough + blood,active
SC00777,cough,blood,97,EMERGENCY,15,Combination of cough + blood,active
SC00778,cough,blood,98,EMERGENCY,15,Combination of cough + blood,active
SC00779,cough,blood,99,EMERGENCY,15,Combination of cough + blood,active
SC00780,cough,blood,100,EMERGENCY,15,Combination of cough + blood,active
SC00781,cough,blood,101,EMERGENCY,15,Combination of cough + blood,active
SC00782,cough,blood,102,EMERGENCY,15,Combination of cough + blood,active
SC00783,cough,blood,103,EMERGENCY,15,Combination of cough + blood,active
SC00784,cough,blood,104,EMERGENCY,15,Combination of cough + blood,active
SC00785,cough,blood,105,EMERGENCY,15,Combination of cough + blood,active
SC00786,cough,blood,106,EMERGENCY,15,Combination of cough + blood,active
SC00787,cough,blood,107,EMERGENCY,15,Combination of cough + blood,active
SC00788,cough,blood,108,EMERGENCY,15,Combination of cough + blood,active
SC00789,cough,blood,109,EMERGENCY,15,Combination of cough + blood,active
SC00790,cough,blood,110,EMERGENCY,15,Combination of cough + blood,active
SC00791,cough,blood,111,EMERGENCY,15,Combination of cough + blood,active
SC00792,cough,blood,112,EMERGENCY,15,Combination of cough + blood,active
SC00793,cough,blood,113,EMERGENCY,15,Combination of cough + blood,active
SC00794,cough,blood,114,EMERGENCY,15,Combination of cough + blood,active
SC00795,cough,blood,115,EMERGENCY,15,Combination of cough + blood,active
SC00796,cough,blood,116,EMERGENCY,15,Combination of cough + blood,active
SC00797,cough,blood,117,EMERGENCY,15,Combination of cough + blood,active
SC00798,cough,blood,118,EMERGENCY,15,Combination of cough + blood,active
SC00799,cough,blood,119,EMERGENCY,15,Combination of cough + blood,active
SC00800,cough,blood,120,EMERGENCY,15,Combination of cough + blood,active
SC00801,cough,blood,121,EMERGENCY,15,Combination of cough + blood,active
SC00802,cough,blood,122,EMERGENCY,15,Combination of cough + blood,active
SC00803,cough,blood,123,EMERGENCY,15,Combination of cough + blood,active
SC00804,cough,blood,124,EMERGENCY,15,Combination of cough + blood,active
SC00805,cough,blood,125,EMERGENCY,15,Combination of cough + blood,active
SC00806,cough,blood,126,EMERGENCY,15,Combination of cough + blood,active
SC00807,cough,blood,127,EMERGENCY,15,Combination of cough + blood,active
SC00808,cough,blood,128,EMERGENCY,15,Combination of cough + blood,active
SC00809,cough,blood,129,EMERGENCY,15,Combination of cough + blood,active
SC00810,cough,blood,130,EMERGENCY,15,Combination of cough + blood,active
SC00811,cough,blood,131,EMERGENCY,15,Combination of cough + blood,active
SC00812,cough,blood,132,EMERGENCY,15,Combination of cough + blood,active
SC00813,cough,blood,133,EMERGENCY,15,Combination of cough + blood,active
SC00814,cough,blood,134,EMERGENCY,15,Combination of cough + blood,active
SC00815,cough,blood,135,EMERGENCY,15,Combination of cough + blood,active
SC00816,cough,blood,136,EMERGENCY,15,Combination of cough + blood,active
SC00817,cough,blood,137,EMERGENCY,15,Combination of cough + blood,active
SC00818,cough,blood,138,EMERGENCY,15,Combination of cough + blood,active
SC00819,cough,blood,139,EMERGENCY,15,Combination of cough + blood,active
SC00820,cough,blood,140,EMERGENCY,15,Combination of cough + blood,active
SC00821,cough,blood,141,EMERGENCY,15,Combination of cough + blood,active
SC00822,cough,blood,142,EMERGENCY,15,Combination of cough + blood,active
SC00823,cough,blood,143,EMERGENCY,15,Combination of cough + blood,active
SC00824,cough,blood,144,EMERGENCY,15,Combination of cough + blood,active
SC00825,cough,blood,145,EMERGENCY,15,Combination of cough + blood,active
SC00826,cough,blood,146,EMERGENCY,15,Combination of cough + blood,active
SC00827,cough,blood,147,EMERGENCY,15,Combination of cough + blood,active
SC00828,cough,blood,148,EMERGENCY,15,Combination of cough + blood,active
SC00829,cough,blood,149,EMERGENCY,15,Combination of cough + blood,active
SC00830,cough,blood,150,EMERGENCY,15,Combination of cough + blood,active
SC00831,cough,blood,151,EMERGENCY,15,Combination of cough + blood,active
SC00832,cough,blood,152,EMERGENCY,15,Combination of cough + blood,active
SC00833,cough,blood,153,EMERGENCY,15,Combination of cough + blood,active
SC00834,cough,blood,154,EMERGENCY,15,Combination of cough + blood,active
SC00835,cough,blood,155,EMERGENCY,15,Combination of cough + blood,active
SC00836,cough,blood,156,EMERGENCY,15,Combination of cough + blood,active
SC00837,cough,blood,157,EMERGENCY,15,Combination of cough + blood,active
SC00838,cough,blood,158,EMERGENCY,15,Combination of cough + blood,active
SC00839,cough,blood,159,EMERGENCY,15,Combination of cough + blood,active
SC00840,cough,blood,160,EMERGENCY,15,Combination of cough + blood,active
SC00841,cough,blood,161,EMERGENCY,15,Combination of cough + blood,active
SC00842,cough,blood,162,EMERGENCY,15,Combination of cough + blood,active
SC00843,cough,blood,163,EMERGENCY,15,Combination of cough + blood,active
SC00844,cough,blood,164,EMERGENCY,15,Combination of cough + blood,active
SC00845,cough,blood,165,EMERGENCY,15,Combination of cough + blood,active
SC00846,cough,blood,166,EMERGENCY,15,Combination of cough + blood,active
SC00847,cough,blood,167,EMERGENCY,15,Combination of cough + blood,active
SC00848,cough,blood,168,EMERGENCY,15,Combination of cough + blood,active
SC00849,cough,blood,169,EMERGENCY,15,Combination of cough + blood,active
SC00850,cough,blood,170,EMERGENCY,15,Combination of cough + blood,active
SC00851,fever,duration_5_plus,1,URGENT,6,Combination of fever + duration_5_plus,active
SC00852,fever,duration_5_plus,2,URGENT,6,Combination of fever + duration_5_plus,active
SC00853,fever,duration_5_plus,3,URGENT,6,Combination of fever + duration_5_plus,active
SC00854,fever,duration_5_plus,4,URGENT,6,Combination of fever + duration_5_plus,active
SC00855,fever,duration_5_plus,5,URGENT,6,Combination of fever + duration_5_plus,active
SC00856,fever,duration_5_plus,6,URGENT,6,Combination of fever + duration_5_plus,active
SC00857,fever,duration_5_plus,7,URGENT,6,Combination of fever + duration_5_plus,active
SC00858,fever,duration_5_plus,8,URGENT,6,Combination of fever + duration_5_plus,active
SC00859,fever,duration_5_plus,9,URGENT,6,Combination of fever + duration_5_plus,active
SC00860,fever,duration_5_plus,10,URGENT,6,Combination of fever + duration_5_plus,active
SC00861,fever,duration_5_plus,11,URGENT,6,Combination of fever + duration_5_plus,active
SC00862,fever,duration_5_plus,12,URGENT,6,Combination of fever + duration_5_plus,active
SC00863,fever,duration_5_plus,13,URGENT,6,Combination of fever + duration_5_plus,active
SC00864,fever,duration_5_plus,14,URGENT,6,Combination of fever + duration_5_plus,active
SC00865,fever,duration_5_plus,15,URGENT,6,Combination of fever + duration_5_plus,active
SC00866,fever,duration_5_plus,16,URGENT,6,Combination of fever + duration_5_plus,active
SC00867,fever,duration_5_plus,17,URGENT,6,Combination of fever + duration_5_plus,active
SC00868,fever,duration_5_plus,18,URGENT,6,Combination of fever + duration_5_plus,active
SC00869,fever,duration_5_plus,19,URGENT,6,Combination of fever + duration_5_plus,active
SC00870,fever,duration_5_plus,20,URGENT,6,Combination of fever + duration_5_plus,active
SC00871,fever,duration_5_plus,21,URGENT,6,Combination of fever + duration_5_plus,active
SC00872,fever,duration_5_plus,22,URGENT,6,Combination of fever + duration_5_plus,active
SC00873,fever,duration_5_plus,23,URGENT,6,Combination of fever + duration_5_plus,active
SC00874,fever,duration_5_plus,24,URGENT,6,Combination of fever + duration_5_plus,active
SC00875,fever,duration_5_plus,25,URGENT,6,Combination of fever + duration_5_plus,active
SC00876,fever,duration_5_plus,26,URGENT,6,Combination of fever + duration_5_plus,active
SC00877,fever,duration_5_plus,27,URGENT,6,Combination of fever + duration_5_plus,active
SC00878,fever,duration_5_plus,28,URGENT,6,Combination of fever + duration_5_plus,active
SC00879,fever,duration_5_plus,29,URGENT,6,Combination of fever + duration_5_plus,active
SC00880,fever,duration_5_plus,30,URGENT,6,Combination of fever + duration_5_plus,active
SC00881,fever,duration_5_plus,31,URGENT,6,Combination of fever + duration_5_plus,active
SC00882,fever,duration_5_plus,32,URGENT,6,Combination of fever + duration_5_plus,active
SC00883,fever,duration_5_plus,33,URGENT,6,Combination of fever + duration_5_plus,active
SC00884,fever,duration_5_plus,34,URGENT,6,Combination of fever + duration_5_plus,active
SC00885,fever,duration_5_plus,35,URGENT,6,Combination of fever + duration_5_plus,active
SC00886,fever,duration_5_plus,36,URGENT,6,Combination of fever + duration_5_plus,active
SC00887,fever,duration_5_plus,37,URGENT,6,Combination of fever + duration_5_plus,active
SC00888,fever,duration_5_plus,38,URGENT,6,Combination of fever + duration_5_plus,active
SC00889,fever,duration_5_plus,39,URGENT,6,Combination of fever + duration_5_plus,active
SC00890,fever,duration_5_plus,40,URGENT,6,Combination of fever + duration_5_plus,active
SC00891,fever,duration_5_plus,41,URGENT,6,Combination of fever + duration_5_plus,active
SC00892,fever,duration_5_plus,42,URGENT,6,Combination of fever + duration_5_plus,active
SC00893,fever,duration_5_plus,43,URGENT,6,Combination of fever + duration_5_plus,active
SC00894,fever,duration_5_plus,44,URGENT,6,Combination of fever + duration_5_plus,active
SC00895,fever,duration_5_plus,45,URGENT,6,Combination of fever + duration_5_plus,active
SC00896,fever,duration_5_plus,46,URGENT,6,Combination of fever + duration_5_plus,active
SC00897,fever,duration_5_plus,47,URGENT,6,Combination of fever + duration_5_plus,active
SC00898,fever,duration_5_plus,48,URGENT,6,Combination of fever + duration_5_plus,active
SC00899,fever,duration_5_plus,49,URGENT,6,Combination of fever + duration_5_plus,active
SC00900,fever,duration_5_plus,50,URGENT,6,Combination of fever + duration_5_plus,active
SC00901,fever,duration_5_plus,51,URGENT,6,Combination of fever + duration_5_plus,active
SC00902,fever,duration_5_plus,52,URGENT,6,Combination of fever + duration_5_plus,active
SC00903,fever,duration_5_plus,53,URGENT,6,Combination of fever + duration_5_plus,active
SC00904,fever,duration_5_plus,54,URGENT,6,Combination of fever + duration_5_plus,active
SC00905,fever,duration_5_plus,55,URGENT,6,Combination of fever + duration_5_plus,active
SC00906,fever,duration_5_plus,56,URGENT,6,Combination of fever + duration_5_plus,active
SC00907,fever,duration_5_plus,57,URGENT,6,Combination of fever + duration_5_plus,active
SC00908,fever,duration_5_plus,58,URGENT,6,Combination of fever + duration_5_plus,active
SC00909,fever,duration_5_plus,59,URGENT,6,Combination of fever + duration_5_plus,active
SC00910,fever,duration_5_plus,60,URGENT,6,Combination of fever + duration_5_plus,active
SC00911,fever,duration_5_plus,61,URGENT,6,Combination of fever + duration_5_plus,active
SC00912,fever,duration_5_plus,62,URGENT,6,Combination of fever + duration_5_plus,active
SC00913,fever,duration_5_plus,63,URGENT,6,Combination of fever + duration_5_plus,active
SC00914,fever,duration_5_plus,64,URGENT,6,Combination of fever + duration_5_plus,active
SC00915,fever,duration_5_plus,65,URGENT,6,Combination of fever + duration_5_plus,active
SC00916,fever,duration_5_plus,66,URGENT,6,Combination of fever + duration_5_plus,active
SC00917,fever,duration_5_plus,67,URGENT,6,Combination of fever + duration_5_plus,active
SC00918,fever,duration_5_plus,68,URGENT,6,Combination of fever + duration_5_plus,active
SC00919,fever,duration_5_plus,69,URGENT,6,Combination of fever + duration_5_plus,active
SC00920,fever,duration_5_plus,70,URGENT,6,Combination of fever + duration_5_plus,active
SC00921,fever,duration_5_plus,71,URGENT,6,Combination of fever + duration_5_plus,active
SC00922,fever,duration_5_plus,72,URGENT,6,Combination of fever + duration_5_plus,active
SC00923,fever,duration_5_plus,73,URGENT,6,Combination of fever + duration_5_plus,active
SC00924,fever,duration_5_plus,74,URGENT,6,Combination of fever + duration_5_plus,active
SC00925,fever,duration_5_plus,75,URGENT,6,Combination of fever + duration_5_plus,active
SC00926,fever,duration_5_plus,76,URGENT,6,Combination of fever + duration_5_plus,active
SC00927,fever,duration_5_plus,77,URGENT,6,Combination of fever + duration_5_plus,active
SC00928,fever,duration_5_plus,78,URGENT,6,Combination of fever + duration_5_plus,active
SC00929,fever,duration_5_plus,79,URGENT,6,Combination of fever + duration_5_plus,active
SC00930,fever,duration_5_plus,80,URGENT,6,Combination of fever + duration_5_plus,active
SC00931,fever,duration_5_plus,81,URGENT,6,Combination of fever + duration_5_plus,active
SC00932,fever,duration_5_plus,82,URGENT,6,Combination of fever + duration_5_plus,active
SC00933,fever,duration_5_plus,83,URGENT,6,Combination of fever + duration_5_plus,active
SC00934,fever,duration_5_plus,84,URGENT,6,Combination of fever + duration_5_plus,active
SC00935,fever,duration_5_plus,85,URGENT,6,Combination of fever + duration_5_plus,active
SC00936,fever,duration_5_plus,86,URGENT,6,Combination of fever + duration_5_plus,active
SC00937,fever,duration_5_plus,87,URGENT,6,Combination of fever + duration_5_plus,active
SC00938,fever,duration_5_plus,88,URGENT,6,Combination of fever + duration_5_plus,active
SC00939,fever,duration_5_plus,89,URGENT,6,Combination of fever + duration_5_plus,active
SC00940,fever,duration_5_plus,90,URGENT,6,Combination of fever + duration_5_plus,active
SC00941,fever,duration_5_plus,91,URGENT,6,Combination of fever + duration_5_plus,active
SC00942,fever,duration_5_plus,92,URGENT,6,Combination of fever + duration_5_plus,active
SC00943,fever,duration_5_plus,93,URGENT,6,Combination of fever + duration_5_plus,active
SC00944,fever,duration_5_plus,94,URGENT,6,Combination of fever + duration_5_plus,active
SC00945,fever,duration_5_plus,95,URGENT,6,Combination of fever + duration_5_plus,active
SC00946,fever,duration_5_plus,96,URGENT,6,Combination of fever + duration_5_plus,active
SC00947,fever,duration_5_plus,97,URGENT,6,Combination of fever + duration_5_plus,active
SC00948,fever,duration_5_plus,98,URGENT,6,Combination of fever + duration_5_plus,active
SC00949,fever,duration_5_plus,99,URGENT,6,Combination of fever + duration_5_plus,active
SC00950,fever,duration_5_plus,100,URGENT,6,Combination of fever + duration_5_plus,active
SC00951,fever,duration_5_plus,101,URGENT,6,Combination of fever + duration_5_plus,active
SC00952,fever,duration_5_plus,102,URGENT,6,Combination of fever + duration_5_plus,active
SC00953,fever,duration_5_plus,103,URGENT,6,Combination of fever + duration_5_plus,active
SC00954,fever,duration_5_plus,104,URGENT,6,Combination of fever + duration_5_plus,active
SC00955,fever,duration_5_plus,105,URGENT,6,Combination of fever + duration_5_plus,active
SC00956,fever,duration_5_plus,106,URGENT,6,Combination of fever + duration_5_plus,active
SC00957,fever,duration_5_plus,107,URGENT,6,Combination of fever + duration_5_plus,active
SC00958,fever,duration_5_plus,108,URGENT,6,Combination of fever + duration_5_plus,active
SC00959,fever,duration_5_plus,109,URGENT,6,Combination of fever + duration_5_plus,active
SC00960,fever,duration_5_plus,110,URGENT,6,Combination of fever + duration_5_plus,active
SC00961,fever,duration_5_plus,111,URGENT,6,Combination of fever + duration_5_plus,active
SC00962,fever,duration_5_plus,112,URGENT,6,Combination of fever + duration_5_plus,active
SC00963,fever,duration_5_plus,113,URGENT,6,Combination of fever + duration_5_plus,active
SC00964,fever,duration_5_plus,114,URGENT,6,Combination of fever + duration_5_plus,active
SC00965,fever,duration_5_plus,115,URGENT,6,Combination of fever + duration_5_plus,active
SC00966,fever,duration_5_plus,116,URGENT,6,Combination of fever + duration_5_plus,active
SC00967,fever,duration_5_plus,117,URGENT,6,Combination of fever + duration_5_plus,active
SC00968,fever,duration_5_plus,118,URGENT,6,Combination of fever + duration_5_plus,active
SC00969,fever,duration_5_plus,119,URGENT,6,Combination of fever + duration_5_plus,active
SC00970,fever,duration_5_plus,120,URGENT,6,Combination of fever + duration_5_plus,active
SC00971,fever,duration_5_plus,121,URGENT,6,Combination of fever + duration_5_plus,active
SC00972,fever,duration_5_plus,122,URGENT,6,Combination of fever + duration_5_plus,active
SC00973,fever,duration_5_plus,123,URGENT,6,Combination of fever + duration_5_plus,active
SC00974,fever,duration_5_plus,124,URGENT,6,Combination of fever + duration_5_plus,active
SC00975,fever,duration_5_plus,125,URGENT,6,Combination of fever + duration_5_plus,active
SC00976,fever,duration_5_plus,126,URGENT,6,Combination of fever + duration_5_plus,active
SC00977,fever,duration_5_plus,127,URGENT,6,Combination of fever + duration_5_plus,active
SC00978,fever,duration_5_plus,128,URGENT,6,Combination of fever + duration_5_plus,active
SC00979,fever,duration_5_plus,129,URGENT,6,Combination of fever + duration_5_plus,active
SC00980,fever,duration_5_plus,130,URGENT,6,Combination of fever + duration_5_plus,active
SC00981,fever,duration_5_plus,131,URGENT,6,Combination of fever + duration_5_plus,active
SC00982,fever,duration_5_plus,132,URGENT,6,Combination of fever + duration_5_plus,active
SC00983,fever,duration_5_plus,133,URGENT,6,Combination of fever + duration_5_plus,active
SC00984,fever,duration_5_plus,134,URGENT,6,Combination of fever + duration_5_plus,active
SC00985,fever,duration_5_plus,135,URGENT,6,Combination of fever + duration_5_plus,active
SC00986,fever,duration_5_plus,136,URGENT,6,Combination of fever + duration_5_plus,active
SC00987,fever,duration_5_plus,137,URGENT,6,Combination of fever + duration_5_plus,active
SC00988,fever,duration_5_plus,138,URGENT,6,Combination of fever + duration_5_plus,active
SC00989,fever,duration_5_plus,139,URGENT,6,Combination of fever + duration_5_plus,active
SC00990,fever,duration_5_plus,140,URGENT,6,Combination of fever + duration_5_plus,active
SC00991,fever,duration_5_plus,141,URGENT,6,Combination of fever + duration_5_plus,active
SC00992,fever,duration_5_plus,142,URGENT,6,Combination of fever + duration_5_plus,active
SC00993,fever,duration_5_plus,143,URGENT,6,Combination of fever + duration_5_plus,active
SC00994,fever,duration_5_plus,144,URGENT,6,Combination of fever + duration_5_plus,active
SC00995,fever,duration_5_plus,145,URGENT,6,Combination of fever + duration_5_plus,active
SC00996,fever,duration_5_plus,146,URGENT,6,Combination of fever + duration_5_plus,active
SC00997,fever,duration_5_plus,147,URGENT,6,Combination of fever + duration_5_plus,active
SC00998,fever,duration_5_plus,148,URGENT,6,Combination of fever + duration_5_plus,active
SC00999,fever,duration_5_plus,149,URGENT,6,Combination of fever + duration_5_plus,active
SC01000,fever,duration_5_plus,150,URGENT,6,Combination of fever + duration_5_plus,active
SC01001,fever,duration_5_plus,151,URGENT,6,Combination of fever + duration_5_plus,active
SC01002,fever,duration_5_plus,152,URGENT,6,Combination of fever + duration_5_plus,active
SC01003,fever,duration_5_plus,153,URGENT,6,Combination of fever + duration_5_plus,active
SC01004,fever,duration_5_plus,154,URGENT,6,Combination of fever + duration_5_plus,active
SC01005,fever,duration_5_plus,155,URGENT,6,Combination of fever + duration_5_plus,active
SC01006,fever,duration_5_plus,156,URGENT,6,Combination of fever + duration_5_plus,active
SC01007,fever,duration_5_plus,157,URGENT,6,Combination of fever + duration_5_plus,active
SC01008,fever,duration_5_plus,158,URGENT,6,Combination of fever + duration_5_plus,active
SC01009,fever,duration_5_plus,159,URGENT,6,Combination of fever + duration_5_plus,active
SC01010,fever,duration_5_plus,160,URGENT,6,Combination of fever + duration_5_plus,active
SC01011,fever,duration_5_plus,161,URGENT,6,Combination of fever + duration_5_plus,active
SC01012,fever,duration_5_plus,162,URGENT,6,Combination of fever + duration_5_plus,active
SC01013,fever,duration_5_plus,163,URGENT,6,Combination of fever + duration_5_plus,active
SC01014,fever,duration_5_plus,164,URGENT,6,Combination of fever + duration_5_plus,active
SC01015,fever,duration_5_plus,165,URGENT,6,Combination of fever + duration_5_plus,active
SC01016,fever,duration_5_plus,166,URGENT,6,Combination of fever + duration_5_plus,active
SC01017,fever,duration_5_plus,167,URGENT,6,Combination of fever + duration_5_plus,active
SC01018,fever,duration_5_plus,168,URGENT,6,Combination of fever + duration_5_plus,active
SC01019,fever,duration_5_plus,169,URGENT,6,Combination of fever + duration_5_plus,active
SC01020,fever,duration_5_plus,170,URGENT,6,Combination of fever + duration_5_plus,active
SC01021,vomiting,dehydration,1,URGENT,8,Combination of vomiting + dehydration,active
SC01022,vomiting,dehydration,2,URGENT,8,Combination of vomiting + dehydration,active
SC01023,vomiting,dehydration,3,URGENT,8,Combination of vomiting + dehydration,active
SC01024,vomiting,dehydration,4,URGENT,8,Combination of vomiting + dehydration,active
SC01025,vomiting,dehydration,5,URGENT,8,Combination of vomiting + dehydration,active
SC01026,vomiting,dehydration,6,URGENT,8,Combination of vomiting + dehydration,active
SC01027,vomiting,dehydration,7,URGENT,8,Combination of vomiting + dehydration,active
SC01028,vomiting,dehydration,8,URGENT,8,Combination of vomiting + dehydration,active
SC01029,vomiting,dehydration,9,URGENT,8,Combination of vomiting + dehydration,active
SC01030,vomiting,dehydration,10,URGENT,8,Combination of vomiting + dehydration,active
SC01031,vomiting,dehydration,11,URGENT,8,Combination of vomiting + dehydration,active
SC01032,vomiting,dehydration,12,URGENT,8,Combination of vomiting + dehydration,active
SC01033,vomiting,dehydration,13,URGENT,8,Combination of vomiting + dehydration,active
SC01034,vomiting,dehydration,14,URGENT,8,Combination of vomiting + dehydration,active
SC01035,vomiting,dehydration,15,URGENT,8,Combination of vomiting + dehydration,active
SC01036,vomiting,dehydration,16,URGENT,8,Combination of vomiting + dehydration,active
SC01037,vomiting,dehydration,17,URGENT,8,Combination of vomiting + dehydration,active
SC01038,vomiting,dehydration,18,URGENT,8,Combination of vomiting + dehydration,active
SC01039,vomiting,dehydration,19,URGENT,8,Combination of vomiting + dehydration,active
SC01040,vomiting,dehydration,20,URGENT,8,Combination of vomiting + dehydration,active
SC01041,vomiting,dehydration,21,URGENT,8,Combination of vomiting + dehydration,active
SC01042,vomiting,dehydration,22,URGENT,8,Combination of vomiting + dehydration,active
SC01043,vomiting,dehydration,23,URGENT,8,Combination of vomiting + dehydration,active
SC01044,vomiting,dehydration,24,URGENT,8,Combination of vomiting + dehydration,active
SC01045,vomiting,dehydration,25,URGENT,8,Combination of vomiting + dehydration,active
SC01046,vomiting,dehydration,26,URGENT,8,Combination of vomiting + dehydration,active
SC01047,vomiting,dehydration,27,URGENT,8,Combination of vomiting + dehydration,active
SC01048,vomiting,dehydration,28,URGENT,8,Combination of vomiting + dehydration,active
SC01049,vomiting,dehydration,29,URGENT,8,Combination of vomiting + dehydration,active
SC01050,vomiting,dehydration,30,URGENT,8,Combination of vomiting + dehydration,active
SC01051,vomiting,dehydration,31,URGENT,8,Combination of vomiting + dehydration,active
SC01052,vomiting,dehydration,32,URGENT,8,Combination of vomiting + dehydration,active
SC01053,vomiting,dehydration,33,URGENT,8,Combination of vomiting + dehydration,active
SC01054,vomiting,dehydration,34,URGENT,8,Combination of vomiting + dehydration,active
SC01055,vomiting,dehydration,35,URGENT,8,Combination of vomiting + dehydration,active
SC01056,vomiting,dehydration,36,URGENT,8,Combination of vomiting + dehydration,active
SC01057,vomiting,dehydration,37,URGENT,8,Combination of vomiting + dehydration,active
SC01058,vomiting,dehydration,38,URGENT,8,Combination of vomiting + dehydration,active
SC01059,vomiting,dehydration,39,URGENT,8,Combination of vomiting + dehydration,active
SC01060,vomiting,dehydration,40,URGENT,8,Combination of vomiting + dehydration,active
SC01061,vomiting,dehydration,41,URGENT,8,Combination of vomiting + dehydration,active
SC01062,vomiting,dehydration,42,URGENT,8,Combination of vomiting + dehydration,active
SC01063,vomiting,dehydration,43,URGENT,8,Combination of vomiting + dehydration,active
SC01064,vomiting,dehydration,44,URGENT,8,Combination of vomiting + dehydration,active
SC01065,vomiting,dehydration,45,URGENT,8,Combination of vomiting + dehydration,active
SC01066,vomiting,dehydration,46,URGENT,8,Combination of vomiting + dehydration,active
SC01067,vomiting,dehydration,47,URGENT,8,Combination of vomiting + dehydration,active
SC01068,vomiting,dehydration,48,URGENT,8,Combination of vomiting + dehydration,active
SC01069,vomiting,dehydration,49,URGENT,8,Combination of vomiting + dehydration,active
SC01070,vomiting,dehydration,50,URGENT,8,Combination of vomiting + dehydration,active
SC01071,vomiting,dehydration,51,URGENT,8,Combination of vomiting + dehydration,active
SC01072,vomiting,dehydration,52,URGENT,8,Combination of vomiting + dehydration,active
SC01073,vomiting,dehydration,53,URGENT,8,Combination of vomiting + dehydration,active
SC01074,vomiting,dehydration,54,URGENT,8,Combination of vomiting + dehydration,active
SC01075,vomiting,dehydration,55,URGENT,8,Combination of vomiting + dehydration,active
SC01076,vomiting,dehydration,56,URGENT,8,Combination of vomiting + dehydration,active
SC01077,vomiting,dehydration,57,URGENT,8,Combination of vomiting + dehydration,active
SC01078,vomiting,dehydration,58,URGENT,8,Combination of vomiting + dehydration,active
SC01079,vomiting,dehydration,59,URGENT,8,Combination of vomiting + dehydration,active
SC01080,vomiting,dehydration,60,URGENT,8,Combination of vomiting + dehydration,active
SC01081,vomiting,dehydration,61,URGENT,8,Combination of vomiting + dehydration,active
SC01082,vomiting,dehydration,62,URGENT,8,Combination of vomiting + dehydration,active
SC01083,vomiting,dehydration,63,URGENT,8,Combination of vomiting + dehydration,active
SC01084,vomiting,dehydration,64,URGENT,8,Combination of vomiting + dehydration,active
SC01085,vomiting,dehydration,65,URGENT,8,Combination of vomiting + dehydration,active
SC01086,vomiting,dehydration,66,URGENT,8,Combination of vomiting + dehydration,active
SC01087,vomiting,dehydration,67,URGENT,8,Combination of vomiting + dehydration,active
SC01088,vomiting,dehydration,68,URGENT,8,Combination of vomiting + dehydration,active
SC01089,vomiting,dehydration,69,URGENT,8,Combination of vomiting + dehydration,active
SC01090,vomiting,dehydration,70,URGENT,8,Combination of vomiting + dehydration,active
SC01091,vomiting,dehydration,71,URGENT,8,Combination of vomiting + dehydration,active
SC01092,vomiting,dehydration,72,URGENT,8,Combination of vomiting + dehydration,active
SC01093,vomiting,dehydration,73,URGENT,8,Combination of vomiting + dehydration,active
SC01094,vomiting,dehydration,74,URGENT,8,Combination of vomiting + dehydration,active
SC01095,vomiting,dehydration,75,URGENT,8,Combination of vomiting + dehydration,active
SC01096,vomiting,dehydration,76,URGENT,8,Combination of vomiting + dehydration,active
SC01097,vomiting,dehydration,77,URGENT,8,Combination of vomiting + dehydration,active
SC01098,vomiting,dehydration,78,URGENT,8,Combination of vomiting + dehydration,active
SC01099,vomiting,dehydration,79,URGENT,8,Combination of vomiting + dehydration,active
SC01100,vomiting,dehydration,80,URGENT,8,Combination of vomiting + dehydration,active
SC01101,vomiting,dehydration,81,URGENT,8,Combination of vomiting + dehydration,active
SC01102,vomiting,dehydration,82,URGENT,8,Combination of vomiting + dehydration,active
SC01103,vomiting,dehydration,83,URGENT,8,Combination of vomiting + dehydration,active
SC01104,vomiting,dehydration,84,URGENT,8,Combination of vomiting + dehydration,active
SC01105,vomiting,dehydration,85,URGENT,8,Combination of vomiting + dehydration,active
SC01106,vomiting,dehydration,86,URGENT,8,Combination of vomiting + dehydration,active
SC01107,vomiting,dehydration,87,URGENT,8,Combination of vomiting + dehydration,active
SC01108,vomiting,dehydration,88,URGENT,8,Combination of vomiting + dehydration,active
SC01109,vomiting,dehydration,89,URGENT,8,Combination of vomiting + dehydration,active
SC01110,vomiting,dehydration,90,URGENT,8,Combination of vomiting + dehydration,active
SC01111,vomiting,dehydration,91,URGENT,8,Combination of vomiting + dehydration,active
SC01112,vomiting,dehydration,92,URGENT,8,Combination of vomiting + dehydration,active
SC01113,vomiting,dehydration,93,URGENT,8,Combination of vomiting + dehydration,active
SC01114,vomiting,dehydration,94,URGENT,8,Combination of vomiting + dehydration,active
SC01115,vomiting,dehydration,95,URGENT,8,Combination of vomiting + dehydration,active
SC01116,vomiting,dehydration,96,URGENT,8,Combination of vomiting + dehydration,active
SC01117,vomiting,dehydration,97,URGENT,8,Combination of vomiting + dehydration,active
SC01118,vomiting,dehydration,98,URGENT,8,Combination of vomiting + dehydration,active
SC01119,vomiting,dehydration,99,URGENT,8,Combination of vomiting + dehydration,active
SC01120,vomiting,dehydration,100,URGENT,8,Combination of vomiting + dehydration,active
SC01121,vomiting,dehydration,101,URGENT,8,Combination of vomiting + dehydration,active
SC01122,vomiting,dehydration,102,URGENT,8,Combination of vomiting + dehydration,active
SC01123,vomiting,dehydration,103,URGENT,8,Combination of vomiting + dehydration,active
SC01124,vomiting,dehydration,104,URGENT,8,Combination of vomiting + dehydration,active
SC01125,vomiting,dehydration,105,URGENT,8,Combination of vomiting + dehydration,active
SC01126,vomiting,dehydration,106,URGENT,8,Combination of vomiting + dehydration,active
SC01127,vomiting,dehydration,107,URGENT,8,Combination of vomiting + dehydration,active
SC01128,vomiting,dehydration,108,URGENT,8,Combination of vomiting + dehydration,active
SC01129,vomiting,dehydration,109,URGENT,8,Combination of vomiting + dehydration,active
SC01130,vomiting,dehydration,110,URGENT,8,Combination of vomiting + dehydration,active
SC01131,vomiting,dehydration,111,URGENT,8,Combination of vomiting + dehydration,active
SC01132,vomiting,dehydration,112,URGENT,8,Combination of vomiting + dehydration,active
SC01133,vomiting,dehydration,113,URGENT,8,Combination of vomiting + dehydration,active
SC01134,vomiting,dehydration,114,URGENT,8,Combination of vomiting + dehydration,active
SC01135,vomiting,dehydration,115,URGENT,8,Combination of vomiting + dehydration,active
SC01136,vomiting,dehydration,116,URGENT,8,Combination of vomiting + dehydration,active
SC01137,vomiting,dehydration,117,URGENT,8,Combination of vomiting + dehydration,active
SC01138,vomiting,dehydration,118,URGENT,8,Combination of vomiting + dehydration,active
SC01139,vomiting,dehydration,119,URGENT,8,Combination of vomiting + dehydration,active
SC01140,vomiting,dehydration,120,URGENT,8,Combination of vomiting + dehydration,active
SC01141,vomiting,dehydration,121,URGENT,8,Combination of vomiting + dehydration,active
SC01142,vomiting,dehydration,122,URGENT,8,Combination of vomiting + dehydration,active
SC01143,vomiting,dehydration,123,URGENT,8,Combination of vomiting + dehydration,active
SC01144,vomiting,dehydration,124,URGENT,8,Combination of vomiting + dehydration,active
SC01145,vomiting,dehydration,125,URGENT,8,Combination of vomiting + dehydration,active
SC01146,vomiting,dehydration,126,URGENT,8,Combination of vomiting + dehydration,active
SC01147,vomiting,dehydration,127,URGENT,8,Combination of vomiting + dehydration,active
SC01148,vomiting,dehydration,128,URGENT,8,Combination of vomiting + dehydration,active
SC01149,vomiting,dehydration,129,URGENT,8,Combination of vomiting + dehydration,active
SC01150,vomiting,dehydration,130,URGENT,8,Combination of vomiting + dehydration,active
SC01151,vomiting,dehydration,131,URGENT,8,Combination of vomiting + dehydration,active
SC01152,vomiting,dehydration,132,URGENT,8,Combination of vomiting + dehydration,active
SC01153,vomiting,dehydration,133,URGENT,8,Combination of vomiting + dehydration,active
SC01154,vomiting,dehydration,134,URGENT,8,Combination of vomiting + dehydration,active
SC01155,vomiting,dehydration,135,URGENT,8,Combination of vomiting + dehydration,active
SC01156,vomiting,dehydration,136,URGENT,8,Combination of vomiting + dehydration,active
SC01157,vomiting,dehydration,137,URGENT,8,Combination of vomiting + dehydration,active
SC01158,vomiting,dehydration,138,URGENT,8,Combination of vomiting + dehydration,active
SC01159,vomiting,dehydration,139,URGENT,8,Combination of vomiting + dehydration,active
SC01160,vomiting,dehydration,140,URGENT,8,Combination of vomiting + dehydration,active
SC01161,vomiting,dehydration,141,URGENT,8,Combination of vomiting + dehydration,active
SC01162,vomiting,dehydration,142,URGENT,8,Combination of vomiting + dehydration,active
SC01163,vomiting,dehydration,143,URGENT,8,Combination of vomiting + dehydration,active
SC01164,vomiting,dehydration,144,URGENT,8,Combination of vomiting + dehydration,active
SC01165,vomiting,dehydration,145,URGENT,8,Combination of vomiting + dehydration,active
SC01166,vomiting,dehydration,146,URGENT,8,Combination of vomiting + dehydration,active
SC01167,vomiting,dehydration,147,URGENT,8,Combination of vomiting + dehydration,active
SC01168,vomiting,dehydration,148,URGENT,8,Combination of vomiting + dehydration,active
SC01169,vomiting,dehydration,149,URGENT,8,Combination of vomiting + dehydration,active
SC01170,vomiting,dehydration,150,URGENT,8,Combination of vomiting + dehydration,active
SC01171,vomiting,dehydration,151,URGENT,8,Combination of vomiting + dehydration,active
SC01172,vomiting,dehydration,152,URGENT,8,Combination of vomiting + dehydration,active
SC01173,vomiting,dehydration,153,URGENT,8,Combination of vomiting + dehydration,active
SC01174,vomiting,dehydration,154,URGENT,8,Combination of vomiting + dehydration,active
SC01175,vomiting,dehydration,155,URGENT,8,Combination of vomiting + dehydration,active
SC01176,vomiting,dehydration,156,URGENT,8,Combination of vomiting + dehydration,active
SC01177,vomiting,dehydration,157,URGENT,8,Combination of vomiting + dehydration,active
SC01178,vomiting,dehydration,158,URGENT,8,Combination of vomiting + dehydration,active
SC01179,vomiting,dehydration,159,URGENT,8,Combination of vomiting + dehydration,active
SC01180,vomiting,dehydration,160,URGENT,8,Combination of vomiting + dehydration,active
SC01181,vomiting,dehydration,161,URGENT,8,Combination of vomiting + dehydration,active
SC01182,vomiting,dehydration,162,URGENT,8,Combination of vomiting + dehydration,active
SC01183,vomiting,dehydration,163,URGENT,8,Combination of vomiting + dehydration,active
SC01184,vomiting,dehydration,164,URGENT,8,Combination of vomiting + dehydration,active
SC01185,vomiting,dehydration,165,URGENT,8,Combination of vomiting + dehydration,active
SC01186,vomiting,dehydration,166,URGENT,8,Combination of vomiting + dehydration,active
SC01187,vomiting,dehydration,167,URGENT,8,Combination of vomiting + dehydration,active
SC01188,vomiting,dehydration,168,URGENT,8,Combination of vomiting + dehydration,active
SC01189,vomiting,dehydration,169,URGENT,8,Combination of vomiting + dehydration,active
SC01190,vomiting,dehydration,170,URGENT,8,Combination of vomiting + dehydration,active
SC01191,asthma,difficulty_breathing,1,EMERGENCY,14,Combination of asthma + difficulty_breathing,active
SC01192,asthma,difficulty_breathing,2,EMERGENCY,14,Combination of asthma + difficulty_breathing,active
SC01193,asthma,difficulty_breathing,3,EMERGENCY,14,Combination of asthma + difficulty_breathing,active
SC01194,asthma,difficulty_breathing,4,EMERGENCY,14,Combination of asthma + difficulty_breathing,active
SC01195,asthma,difficulty_breathing,5,EMERGENCY,14,Combination of asthma + difficulty_breathing,active
SC01196,asthma,difficulty_breathing,6,EMERGENCY,14,Combination of asthma + difficulty_breathing,active
SC01197,asthma,difficulty_breathing,7,EMERGENCY,14,Combination of asthma + difficulty_breathing,active
SC01198,asthma,difficulty_breathing,8,EMERGENCY,14,Combination of asthma + difficulty_breathing,active
SC01199,asthma,difficulty_breathing,9,EMERGENCY,14,Combination of asthma + difficulty_breathing,active
SC01200,asthma,difficulty_breathing,10,EMERGENCY,14,Combination of asthma + difficulty_breathing,active
SC01201,asthma,difficulty_breathing,11,EMERGENCY,14,Combination of asthma + difficulty_breathing,active
SC01202,asthma,difficulty_breathing,12,EMERGENCY,14,Combination of asthma + difficulty_breathing,active
SC01203,asthma,difficulty_breathing,13,EMERGENCY,14,Combination of asthma + difficulty_breathing,active
SC01204,asthma,difficulty_breathing,14,EMERGENCY,14,Combination of asthma + difficulty_breathing,active
SC01205,asthma,difficulty_breathing,15,EMERGENCY,14,Combination of asthma + difficulty_breathing,active
SC01206,asthma,difficulty_breathing,16,EMERGENCY,14,Combination of asthma + difficulty_breathing,active
SC01207,asthma,difficulty_breathing,17,EMERGENCY,14,Combination of asthma + difficulty_breathing,active
SC01208,asthma,difficulty_breathing,18,EMERGENCY,14,Combination of asthma + difficulty_breathing,active
SC01209,asthma,difficulty_breathing,19,EMERGENCY,14,Combination of asthma + difficulty_breathing,active
SC01210,asthma,difficulty_breathing,20,EMERGENCY,14,Combination of asthma + difficulty_breathing,active
SC01211,asthma,difficulty_breathing,21,EMERGENCY,14,Combination of asthma + difficulty_breathing,active
SC01212,asthma,difficulty_breathing,22,EMERGENCY,14,Combination of asthma + difficulty_breathing,active
SC01213,asthma,difficulty_breathing,23,EMERGENCY,14,Combination of asthma + difficulty_breathing,active
SC01214,asthma,difficulty_breathing,24,EMERGENCY,14,Combination of asthma + difficulty_breathing,active
SC01215,asthma,difficulty_breathing,25,EMERGENCY,14,Combination of asthma + difficulty_breathing,active
SC01216,asthma,difficulty_breathing,26,EMERGENCY,14,Combination of asthma + difficulty_breathing,active
SC01217,asthma,difficulty_breathing,27,EMERGENCY,14,Combination of asthma + difficulty_breathing,active
SC01218,asthma,difficulty_breathing,28,EMERGENCY,14,Combination of asthma + difficulty_breathing,active
SC01219,asthma,difficulty_breathing,29,EMERGENCY,14,Combination of asthma + difficulty_breathing,active
SC01220,asthma,difficulty_breathing,30,EMERGENCY,14,Combination of asthma + difficulty_breathing,active
SC01221,asthma,difficulty_breathing,31,EMERGENCY,14,Combination of asthma + difficulty_breathing,active
SC01222,asthma,difficulty_breathing,32,EMERGENCY,14,Combination of asthma + difficulty_breathing,active
SC01223,asthma,difficulty_breathing,33,EMERGENCY,14,Combination of asthma + difficulty_breathing,active
SC01224,asthma,difficulty_breathing,34,EMERGENCY,14,Combination of asthma + difficulty_breathing,active
SC01225,asthma,difficulty_breathing,35,EMERGENCY,14,Combination of asthma + difficulty_breathing,active
SC01226,asthma,difficulty_breathing,36,EMERGENCY,14,Combination of asthma + difficulty_breathing,active
SC01227,asthma,difficulty_breathing,37,EMERGENCY,14,Combination of asthma + difficulty_breathing,active
SC01228,asthma,difficulty_breathing,38,EMERGENCY,14,Combination of asthma + difficulty_breathing,active
SC01229,asthma,difficulty_breathing,39,EMERGENCY,14,Combination of asthma + difficulty_breathing,active
SC01230,asthma,difficulty_breathing,40,EMERGENCY,14,Combination of asthma + difficulty_breathing,active
SC01231,asthma,difficulty_breathing,41,EMERGENCY,14,Combination of asthma + difficulty_breathing,active
SC01232,asthma,difficulty_breathing,42,EMERGENCY,14,Combination of asthma + difficulty_breathing,active
SC01233,asthma,difficulty_breathing,43,EMERGENCY,14,Combination of asthma + difficulty_breathing,active
SC01234,asthma,difficulty_breathing,44,EMERGENCY,14,Combination of asthma + difficulty_breathing,active
SC01235,asthma,difficulty_breathing,45,EMERGENCY,14,Combination of asthma + difficulty_breathing,active
SC01236,asthma,difficulty_breathing,46,EMERGENCY,14,Combination of asthma + difficulty_breathing,active
SC01237,asthma,difficulty_breathing,47,EMERGENCY,14,Combination of asthma + difficulty_breathing,active
SC01238,asthma,difficulty_breathing,48,EMERGENCY,14,Combination of asthma + difficulty_breathing,active
SC01239,asthma,difficulty_breathing,49,EMERGENCY,14,Combination of asthma + difficulty_breathing,active
SC01240,asthma,difficulty_breathing,50,EMERGENCY,14,Combination of asthma + difficulty_breathing,active
SC01241,asthma,difficulty_breathing,51,EMERGENCY,14,Combination of asthma + difficulty_breathing,active
SC01242,asthma,difficulty_breathing,52,EMERGENCY,14,Combination of asthma + difficulty_breathing,active
SC01243,asthma,difficulty_breathing,53,EMERGENCY,14,Combination of asthma + difficulty_breathing,active
SC01244,asthma,difficulty_breathing,54,EMERGENCY,14,Combination of asthma + difficulty_breathing,active
SC01245,asthma,difficulty_breathing,55,EMERGENCY,14,Combination of asthma + difficulty_breathing,active
SC01246,asthma,difficulty_breathing,56,EMERGENCY,14,Combination of asthma + difficulty_breathing,active
SC01247,asthma,difficulty_breathing,57,EMERGENCY,14,Combination of asthma + difficulty_breathing,active
SC01248,asthma,difficulty_breathing,58,EMERGENCY,14,Combination of asthma + difficulty_breathing,active
SC01249,asthma,difficulty_breathing,59,EMERGENCY,14,Combination of asthma + difficulty_breathing,active
SC01250,asthma,difficulty_breathing,60,EMERGENCY,14,Combination of asthma + difficulty_breathing,active
SC01251,asthma,difficulty_breathing,61,EMERGENCY,14,Combination of asthma + difficulty_breathing,active
SC01252,asthma,difficulty_breathing,62,EMERGENCY,14,Combination of asthma + difficulty_breathing,active
SC01253,asthma,difficulty_breathing,63,EMERGENCY,14,Combination of asthma + difficulty_breathing,active
SC01254,asthma,difficulty_breathing,64,EMERGENCY,14,Combination of asthma + difficulty_breathing,active
SC01255,asthma,difficulty_breathing,65,EMERGENCY,14,Combination of asthma + difficulty_breathing,active
SC01256,asthma,difficulty_breathing,66,EMERGENCY,14,Combination of asthma + difficulty_breathing,active
SC01257,asthma,difficulty_breathing,67,EMERGENCY,14,Combination of asthma + difficulty_breathing,active
SC01258,asthma,difficulty_breathing,68,EMERGENCY,14,Combination of asthma + difficulty_breathing,active
SC01259,asthma,difficulty_breathing,69,EMERGENCY,14,Combination of asthma + difficulty_breathing,active
SC01260,asthma,difficulty_breathing,70,EMERGENCY,14,Combination of asthma + difficulty_breathing,active
SC01261,asthma,difficulty_breathing,71,EMERGENCY,14,Combination of asthma + difficulty_breathing,active
SC01262,asthma,difficulty_breathing,72,EMERGENCY,14,Combination of asthma + difficulty_breathing,active
SC01263,asthma,difficulty_breathing,73,EMERGENCY,14,Combination of asthma + difficulty_breathing,active
SC01264,asthma,difficulty_breathing,74,EMERGENCY,14,Combination of asthma + difficulty_breathing,active
SC01265,asthma,difficulty_breathing,75,EMERGENCY,14,Combination of asthma + difficulty_breathing,active
SC01266,asthma,difficulty_breathing,76,EMERGENCY,14,Combination of asthma + difficulty_breathing,active
SC01267,asthma,difficulty_breathing,77,EMERGENCY,14,Combination of asthma + difficulty_breathing,active
SC01268,asthma,difficulty_breathing,78,EMERGENCY,14,Combination of asthma + difficulty_breathing,active
SC01269,asthma,difficulty_breathing,79,EMERGENCY,14,Combination of asthma + difficulty_breathing,active
SC01270,asthma,difficulty_breathing,80,EMERGENCY,14,Combination of asthma + difficulty_breathing,active
SC01271,asthma,difficulty_breathing,81,EMERGENCY,14,Combination of asthma + difficulty_breathing,active
SC01272,asthma,difficulty_breathing,82,EMERGENCY,14,Combination of asthma + difficulty_breathing,active
SC01273,asthma,difficulty_breathing,83,EMERGENCY,14,Combination of asthma + difficulty_breathing,active
SC01274,asthma,difficulty_breathing,84,EMERGENCY,14,Combination of asthma + difficulty_breathing,active
SC01275,asthma,difficulty_breathing,85,EMERGENCY,14,Combination of asthma + difficulty_breathing,active
SC01276,asthma,difficulty_breathing,86,EMERGENCY,14,Combination of asthma + difficulty_breathing,active
SC01277,asthma,difficulty_breathing,87,EMERGENCY,14,Combination of asthma + difficulty_breathing,active
SC01278,asthma,difficulty_breathing,88,EMERGENCY,14,Combination of asthma + difficulty_breathing,active
SC01279,asthma,difficulty_breathing,89,EMERGENCY,14,Combination of asthma + difficulty_breathing,active
SC01280,asthma,difficulty_breathing,90,EMERGENCY,14,Combination of asthma + difficulty_breathing,active
SC01281,asthma,difficulty_breathing,91,EMERGENCY,14,Combination of asthma + difficulty_breathing,active
SC01282,asthma,difficulty_breathing,92,EMERGENCY,14,Combination of asthma + difficulty_breathing,active
SC01283,asthma,difficulty_breathing,93,EMERGENCY,14,Combination of asthma + difficulty_breathing,active
SC01284,asthma,difficulty_breathing,94,EMERGENCY,14,Combination of asthma + difficulty_breathing,active
SC01285,asthma,difficulty_breathing,95,EMERGENCY,14,Combination of asthma + difficulty_breathing,active
SC01286,asthma,difficulty_breathing,96,EMERGENCY,14,Combination of asthma + difficulty_breathing,active
SC01287,asthma,difficulty_breathing,97,EMERGENCY,14,Combination of asthma + difficulty_breathing,active
SC01288,asthma,difficulty_breathing,98,EMERGENCY,14,Combination of asthma + difficulty_breathing,active
SC01289,asthma,difficulty_breathing,99,EMERGENCY,14,Combination of asthma + difficulty_breathing,active
SC01290,asthma,difficulty_breathing,100,EMERGENCY,14,Combination of asthma + difficulty_breathing,active
SC01291,asthma,difficulty_breathing,101,EMERGENCY,14,Combination of asthma + difficulty_breathing,active
SC01292,asthma,difficulty_breathing,102,EMERGENCY,14,Combination of asthma + difficulty_breathing,active
SC01293,asthma,difficulty_breathing,103,EMERGENCY,14,Combination of asthma + difficulty_breathing,active
SC01294,asthma,difficulty_breathing,104,EMERGENCY,14,Combination of asthma + difficulty_breathing,active
SC01295,asthma,difficulty_breathing,105,EMERGENCY,14,Combination of asthma + difficulty_breathing,active
SC01296,asthma,difficulty_breathing,106,EMERGENCY,14,Combination of asthma + difficulty_breathing,active
SC01297,asthma,difficulty_breathing,107,EMERGENCY,14,Combination of asthma + difficulty_breathing,active
SC01298,asthma,difficulty_breathing,108,EMERGENCY,14,Combination of asthma + difficulty_breathing,active
SC01299,asthma,difficulty_breathing,109,EMERGENCY,14,Combination of asthma + difficulty_breathing,active
SC01300,asthma,difficulty_breathing,110,EMERGENCY,14,Combination of asthma + difficulty_breathing,active
SC01301,asthma,difficulty_breathing,111,EMERGENCY,14,Combination of asthma + difficulty_breathing,active
SC01302,asthma,difficulty_breathing,112,EMERGENCY,14,Combination of asthma + difficulty_breathing,active
SC01303,asthma,difficulty_breathing,113,EMERGENCY,14,Combination of asthma + difficulty_breathing,active
SC01304,asthma,difficulty_breathing,114,EMERGENCY,14,Combination of asthma + difficulty_breathing,active
SC01305,asthma,difficulty_breathing,115,EMERGENCY,14,Combination of asthma + difficulty_breathing,active
SC01306,asthma,difficulty_breathing,116,EMERGENCY,14,Combination of asthma + difficulty_breathing,active
SC01307,asthma,difficulty_breathing,117,EMERGENCY,14,Combination of asthma + difficulty_breathing,active
SC01308,asthma,difficulty_breathing,118,EMERGENCY,14,Combination of asthma + difficulty_breathing,active
SC01309,asthma,difficulty_breathing,119,EMERGENCY,14,Combination of asthma + difficulty_breathing,active
SC01310,asthma,difficulty_breathing,120,EMERGENCY,14,Combination of asthma + difficulty_breathing,active
SC01311,asthma,difficulty_breathing,121,EMERGENCY,14,Combination of asthma + difficulty_breathing,active
SC01312,asthma,difficulty_breathing,122,EMERGENCY,14,Combination of asthma + difficulty_breathing,active
SC01313,asthma,difficulty_breathing,123,EMERGENCY,14,Combination of asthma + difficulty_breathing,active
SC01314,asthma,difficulty_breathing,124,EMERGENCY,14,Combination of asthma + difficulty_breathing,active
SC01315,asthma,difficulty_breathing,125,EMERGENCY,14,Combination of asthma + difficulty_breathing,active
SC01316,asthma,difficulty_breathing,126,EMERGENCY,14,Combination of asthma + difficulty_breathing,active
SC01317,asthma,difficulty_breathing,127,EMERGENCY,14,Combination of asthma + difficulty_breathing,active
SC01318,asthma,difficulty_breathing,128,EMERGENCY,14,Combination of asthma + difficulty_breathing,active
SC01319,asthma,difficulty_breathing,129,EMERGENCY,14,Combination of asthma + difficulty_breathing,active
SC01320,asthma,difficulty_breathing,130,EMERGENCY,14,Combination of asthma + difficulty_breathing,active
SC01321,asthma,difficulty_breathing,131,EMERGENCY,14,Combination of asthma + difficulty_breathing,active
SC01322,asthma,difficulty_breathing,132,EMERGENCY,14,Combination of asthma + difficulty_breathing,active
SC01323,asthma,difficulty_breathing,133,EMERGENCY,14,Combination of asthma + difficulty_breathing,active
SC01324,asthma,difficulty_breathing,134,EMERGENCY,14,Combination of asthma + difficulty_breathing,active
SC01325,asthma,difficulty_breathing,135,EMERGENCY,14,Combination of asthma + difficulty_breathing,active
SC01326,asthma,difficulty_breathing,136,EMERGENCY,14,Combination of asthma + difficulty_breathing,active
SC01327,asthma,difficulty_breathing,137,EMERGENCY,14,Combination of asthma + difficulty_breathing,active
SC01328,asthma,difficulty_breathing,138,EMERGENCY,14,Combination of asthma + difficulty_breathing,active
SC01329,asthma,difficulty_breathing,139,EMERGENCY,14,Combination of asthma + difficulty_breathing,active
SC01330,asthma,difficulty_breathing,140,EMERGENCY,14,Combination of asthma + difficulty_breathing,active
SC01331,asthma,difficulty_breathing,141,EMERGENCY,14,Combination of asthma + difficulty_breathing,active
SC01332,asthma,difficulty_breathing,142,EMERGENCY,14,Combination of asthma + difficulty_breathing,active
SC01333,asthma,difficulty_breathing,143,EMERGENCY,14,Combination of asthma + difficulty_breathing,active
SC01334,asthma,difficulty_breathing,144,EMERGENCY,14,Combination of asthma + difficulty_breathing,active
SC01335,asthma,difficulty_breathing,145,EMERGENCY,14,Combination of asthma + difficulty_breathing,active
SC01336,asthma,difficulty_breathing,146,EMERGENCY,14,Combination of asthma + difficulty_breathing,active
SC01337,asthma,difficulty_breathing,147,EMERGENCY,14,Combination of asthma + difficulty_breathing,active
SC01338,asthma,difficulty_breathing,148,EMERGENCY,14,Combination of asthma + difficulty_breathing,active
SC01339,asthma,difficulty_breathing,149,EMERGENCY,14,Combination of asthma + difficulty_breathing,active
SC01340,asthma,difficulty_breathing,150,EMERGENCY,14,Combination of asthma + difficulty_breathing,active
SC01341,asthma,difficulty_breathing,151,EMERGENCY,14,Combination of asthma + difficulty_breathing,active
SC01342,asthma,difficulty_breathing,152,EMERGENCY,14,Combination of asthma + difficulty_breathing,active
SC01343,asthma,difficulty_breathing,153,EMERGENCY,14,Combination of asthma + difficulty_breathing,active
SC01344,asthma,difficulty_breathing,154,EMERGENCY,14,Combination of asthma + difficulty_breathing,active
SC01345,asthma,difficulty_breathing,155,EMERGENCY,14,Combination of asthma + difficulty_breathing,active
SC01346,asthma,difficulty_breathing,156,EMERGENCY,14,Combination of asthma + difficulty_breathing,active
SC01347,asthma,difficulty_breathing,157,EMERGENCY,14,Combination of asthma + difficulty_breathing,active
SC01348,asthma,difficulty_breathing,158,EMERGENCY,14,Combination of asthma + difficulty_breathing,active
SC01349,asthma,difficulty_breathing,159,EMERGENCY,14,Combination of asthma + difficulty_breathing,active
SC01350,asthma,difficulty_breathing,160,EMERGENCY,14,Combination of asthma + difficulty_breathing,active
SC01351,asthma,difficulty_breathing,161,EMERGENCY,14,Combination of asthma + difficulty_breathing,active
SC01352,asthma,difficulty_breathing,162,EMERGENCY,14,Combination of asthma + difficulty_breathing,active
SC01353,asthma,difficulty_breathing,163,EMERGENCY,14,Combination of asthma + difficulty_breathing,active
SC01354,asthma,difficulty_breathing,164,EMERGENCY,14,Combination of asthma + difficulty_breathing,active
SC01355,asthma,difficulty_breathing,165,EMERGENCY,14,Combination of asthma + difficulty_breathing,active
SC01356,asthma,difficulty_breathing,166,EMERGENCY,14,Combination of asthma + difficulty_breathing,active
SC01357,asthma,difficulty_breathing,167,EMERGENCY,14,Combination of asthma + difficulty_breathing,active
SC01358,asthma,difficulty_breathing,168,EMERGENCY,14,Combination of asthma + difficulty_breathing,active
SC01359,asthma,difficulty_breathing,169,EMERGENCY,14,Combination of asthma + difficulty_breathing,active
SC01360,asthma,difficulty_breathing,170,EMERGENCY,14,Combination of asthma + difficulty_breathing,active
SC01361,pregnancy,bleeding,1,EMERGENCY,18,Combination of pregnancy + bleeding,active
SC01362,pregnancy,bleeding,2,EMERGENCY,18,Combination of pregnancy + bleeding,active
SC01363,pregnancy,bleeding,3,EMERGENCY,18,Combination of pregnancy + bleeding,active
SC01364,pregnancy,bleeding,4,EMERGENCY,18,Combination of pregnancy + bleeding,active
SC01365,pregnancy,bleeding,5,EMERGENCY,18,Combination of pregnancy + bleeding,active
SC01366,pregnancy,bleeding,6,EMERGENCY,18,Combination of pregnancy + bleeding,active
SC01367,pregnancy,bleeding,7,EMERGENCY,18,Combination of pregnancy + bleeding,active
SC01368,pregnancy,bleeding,8,EMERGENCY,18,Combination of pregnancy + bleeding,active
SC01369,pregnancy,bleeding,9,EMERGENCY,18,Combination of pregnancy + bleeding,active
SC01370,pregnancy,bleeding,10,EMERGENCY,18,Combination of pregnancy + bleeding,active
SC01371,pregnancy,bleeding,11,EMERGENCY,18,Combination of pregnancy + bleeding,active
SC01372,pregnancy,bleeding,12,EMERGENCY,18,Combination of pregnancy + bleeding,active
SC01373,pregnancy,bleeding,13,EMERGENCY,18,Combination of pregnancy + bleeding,active
SC01374,pregnancy,bleeding,14,EMERGENCY,18,Combination of pregnancy + bleeding,active
SC01375,pregnancy,bleeding,15,EMERGENCY,18,Combination of pregnancy + bleeding,active
SC01376,pregnancy,bleeding,16,EMERGENCY,18,Combination of pregnancy + bleeding,active
SC01377,pregnancy,bleeding,17,EMERGENCY,18,Combination of pregnancy + bleeding,active
SC01378,pregnancy,bleeding,18,EMERGENCY,18,Combination of pregnancy + bleeding,active
SC01379,pregnancy,bleeding,19,EMERGENCY,18,Combination of pregnancy + bleeding,active
SC01380,pregnancy,bleeding,20,EMERGENCY,18,Combination of pregnancy + bleeding,active
SC01381,pregnancy,bleeding,21,EMERGENCY,18,Combination of pregnancy + bleeding,active
SC01382,pregnancy,bleeding,22,EMERGENCY,18,Combination of pregnancy + bleeding,active
SC01383,pregnancy,bleeding,23,EMERGENCY,18,Combination of pregnancy + bleeding,active
SC01384,pregnancy,bleeding,24,EMERGENCY,18,Combination of pregnancy + bleeding,active
SC01385,pregnancy,bleeding,25,EMERGENCY,18,Combination of pregnancy + bleeding,active
SC01386,pregnancy,bleeding,26,EMERGENCY,18,Combination of pregnancy + bleeding,active
SC01387,pregnancy,bleeding,27,EMERGENCY,18,Combination of pregnancy + bleeding,active
SC01388,pregnancy,bleeding,28,EMERGENCY,18,Combination of pregnancy + bleeding,active
SC01389,pregnancy,bleeding,29,EMERGENCY,18,Combination of pregnancy + bleeding,active
SC01390,pregnancy,bleeding,30,EMERGENCY,18,Combination of pregnancy + bleeding,active
SC01391,pregnancy,bleeding,31,EMERGENCY,18,Combination of pregnancy + bleeding,active
SC01392,pregnancy,bleeding,32,EMERGENCY,18,Combination of pregnancy + bleeding,active
SC01393,pregnancy,bleeding,33,EMERGENCY,18,Combination of pregnancy + bleeding,active
SC01394,pregnancy,bleeding,34,EMERGENCY,18,Combination of pregnancy + bleeding,active
SC01395,pregnancy,bleeding,35,EMERGENCY,18,Combination of pregnancy + bleeding,active
SC01396,pregnancy,bleeding,36,EMERGENCY,18,Combination of pregnancy + bleeding,active
SC01397,pregnancy,bleeding,37,EMERGENCY,18,Combination of pregnancy + bleeding,active
SC01398,pregnancy,bleeding,38,EMERGENCY,18,Combination of pregnancy + bleeding,active
SC01399,pregnancy,bleeding,39,EMERGENCY,18,Combination of pregnancy + bleeding,active
SC01400,pregnancy,bleeding,40,EMERGENCY,18,Combination of pregnancy + bleeding,active
SC01401,pregnancy,bleeding,41,EMERGENCY,18,Combination of pregnancy + bleeding,active
SC01402,pregnancy,bleeding,42,EMERGENCY,18,Combination of pregnancy + bleeding,active
SC01403,pregnancy,bleeding,43,EMERGENCY,18,Combination of pregnancy + bleeding,active
SC01404,pregnancy,bleeding,44,EMERGENCY,18,Combination of pregnancy + bleeding,active
SC01405,pregnancy,bleeding,45,EMERGENCY,18,Combination of pregnancy + bleeding,active
SC01406,pregnancy,bleeding,46,EMERGENCY,18,Combination of pregnancy + bleeding,active
SC01407,pregnancy,bleeding,47,EMERGENCY,18,Combination of pregnancy + bleeding,active
SC01408,pregnancy,bleeding,48,EMERGENCY,18,Combination of pregnancy + bleeding,active
SC01409,pregnancy,bleeding,49,EMERGENCY,18,Combination of pregnancy + bleeding,active
SC01410,pregnancy,bleeding,50,EMERGENCY,18,Combination of pregnancy + bleeding,active
SC01411,pregnancy,bleeding,51,EMERGENCY,18,Combination of pregnancy + bleeding,active
SC01412,pregnancy,bleeding,52,EMERGENCY,18,Combination of pregnancy + bleeding,active
SC01413,pregnancy,bleeding,53,EMERGENCY,18,Combination of pregnancy + bleeding,active
SC01414,pregnancy,bleeding,54,EMERGENCY,18,Combination of pregnancy + bleeding,active
SC01415,pregnancy,bleeding,55,EMERGENCY,18,Combination of pregnancy + bleeding,active
SC01416,pregnancy,bleeding,56,EMERGENCY,18,Combination of pregnancy + bleeding,active
SC01417,pregnancy,bleeding,57,EMERGENCY,18,Combination of pregnancy + bleeding,active
SC01418,pregnancy,bleeding,58,EMERGENCY,18,Combination of pregnancy + bleeding,active
SC01419,pregnancy,bleeding,59,EMERGENCY,18,Combination of pregnancy + bleeding,active
SC01420,pregnancy,bleeding,60,EMERGENCY,18,Combination of pregnancy + bleeding,active
SC01421,pregnancy,bleeding,61,EMERGENCY,18,Combination of pregnancy + bleeding,active
SC01422,pregnancy,bleeding,62,EMERGENCY,18,Combination of pregnancy + bleeding,active
SC01423,pregnancy,bleeding,63,EMERGENCY,18,Combination of pregnancy + bleeding,active
SC01424,pregnancy,bleeding,64,EMERGENCY,18,Combination of pregnancy + bleeding,active
SC01425,pregnancy,bleeding,65,EMERGENCY,18,Combination of pregnancy + bleeding,active
SC01426,pregnancy,bleeding,66,EMERGENCY,18,Combination of pregnancy + bleeding,active
SC01427,pregnancy,bleeding,67,EMERGENCY,18,Combination of pregnancy + bleeding,active
SC01428,pregnancy,bleeding,68,EMERGENCY,18,Combination of pregnancy + bleeding,active
SC01429,pregnancy,bleeding,69,EMERGENCY,18,Combination of pregnancy + bleeding,active
SC01430,pregnancy,bleeding,70,EMERGENCY,18,Combination of pregnancy + bleeding,active
SC01431,pregnancy,bleeding,71,EMERGENCY,18,Combination of pregnancy + bleeding,active
SC01432,pregnancy,bleeding,72,EMERGENCY,18,Combination of pregnancy + bleeding,active
SC01433,pregnancy,bleeding,73,EMERGENCY,18,Combination of pregnancy + bleeding,active
SC01434,pregnancy,bleeding,74,EMERGENCY,18,Combination of pregnancy + bleeding,active
SC01435,pregnancy,bleeding,75,EMERGENCY,18,Combination of pregnancy + bleeding,active
SC01436,pregnancy,bleeding,76,EMERGENCY,18,Combination of pregnancy + bleeding,active
SC01437,pregnancy,bleeding,77,EMERGENCY,18,Combination of pregnancy + bleeding,active
SC01438,pregnancy,bleeding,78,EMERGENCY,18,Combination of pregnancy + bleeding,active
SC01439,pregnancy,bleeding,79,EMERGENCY,18,Combination of pregnancy + bleeding,active
SC01440,pregnancy,bleeding,80,EMERGENCY,18,Combination of pregnancy + bleeding,active
SC01441,pregnancy,bleeding,81,EMERGENCY,18,Combination of pregnancy + bleeding,active
SC01442,pregnancy,bleeding,82,EMERGENCY,18,Combination of pregnancy + bleeding,active
SC01443,pregnancy,bleeding,83,EMERGENCY,18,Combination of pregnancy + bleeding,active
SC01444,pregnancy,bleeding,84,EMERGENCY,18,Combination of pregnancy + bleeding,active
SC01445,pregnancy,bleeding,85,EMERGENCY,18,Combination of pregnancy + bleeding,active
SC01446,pregnancy,bleeding,86,EMERGENCY,18,Combination of pregnancy + bleeding,active
SC01447,pregnancy,bleeding,87,EMERGENCY,18,Combination of pregnancy + bleeding,active
SC01448,pregnancy,bleeding,88,EMERGENCY,18,Combination of pregnancy + bleeding,active
SC01449,pregnancy,bleeding,89,EMERGENCY,18,Combination of pregnancy + bleeding,active
SC01450,pregnancy,bleeding,90,EMERGENCY,18,Combination of pregnancy + bleeding,active
SC01451,pregnancy,bleeding,91,EMERGENCY,18,Combination of pregnancy + bleeding,active
SC01452,pregnancy,bleeding,92,EMERGENCY,18,Combination of pregnancy + bleeding,active
SC01453,pregnancy,bleeding,93,EMERGENCY,18,Combination of pregnancy + bleeding,active
SC01454,pregnancy,bleeding,94,EMERGENCY,18,Combination of pregnancy + bleeding,active
SC01455,pregnancy,bleeding,95,EMERGENCY,18,Combination of pregnancy + bleeding,active
SC01456,pregnancy,bleeding,96,EMERGENCY,18,Combination of pregnancy + bleeding,active
SC01457,pregnancy,bleeding,97,EMERGENCY,18,Combination of pregnancy + bleeding,active
SC01458,pregnancy,bleeding,98,EMERGENCY,18,Combination of pregnancy + bleeding,active
SC01459,pregnancy,bleeding,99,EMERGENCY,18,Combination of pregnancy + bleeding,active
SC01460,pregnancy,bleeding,100,EMERGENCY,18,Combination of pregnancy + bleeding,active
SC01461,pregnancy,bleeding,101,EMERGENCY,18,Combination of pregnancy + bleeding,active
SC01462,pregnancy,bleeding,102,EMERGENCY,18,Combination of pregnancy + bleeding,active
SC01463,pregnancy,bleeding,103,EMERGENCY,18,Combination of pregnancy + bleeding,active
SC01464,pregnancy,bleeding,104,EMERGENCY,18,Combination of pregnancy + bleeding,active
SC01465,pregnancy,bleeding,105,EMERGENCY,18,Combination of pregnancy + bleeding,active
SC01466,pregnancy,bleeding,106,EMERGENCY,18,Combination of pregnancy + bleeding,active
SC01467,pregnancy,bleeding,107,EMERGENCY,18,Combination of pregnancy + bleeding,active
SC01468,pregnancy,bleeding,108,EMERGENCY,18,Combination of pregnancy + bleeding,active
SC01469,pregnancy,bleeding,109,EMERGENCY,18,Combination of pregnancy + bleeding,active
SC01470,pregnancy,bleeding,110,EMERGENCY,18,Combination of pregnancy + bleeding,active
SC01471,pregnancy,bleeding,111,EMERGENCY,18,Combination of pregnancy + bleeding,active
SC01472,pregnancy,bleeding,112,EMERGENCY,18,Combination of pregnancy + bleeding,active
SC01473,pregnancy,bleeding,113,EMERGENCY,18,Combination of pregnancy + bleeding,active
SC01474,pregnancy,bleeding,114,EMERGENCY,18,Combination of pregnancy + bleeding,active
SC01475,pregnancy,bleeding,115,EMERGENCY,18,Combination of pregnancy + bleeding,active
SC01476,pregnancy,bleeding,116,EMERGENCY,18,Combination of pregnancy + bleeding,active
SC01477,pregnancy,bleeding,117,EMERGENCY,18,Combination of pregnancy + bleeding,active
SC01478,pregnancy,bleeding,118,EMERGENCY,18,Combination of pregnancy + bleeding,active
SC01479,pregnancy,bleeding,119,EMERGENCY,18,Combination of pregnancy + bleeding,active
SC01480,pregnancy,bleeding,120,EMERGENCY,18,Combination of pregnancy + bleeding,active
SC01481,pregnancy,bleeding,121,EMERGENCY,18,Combination of pregnancy + bleeding,active
SC01482,pregnancy,bleeding,122,EMERGENCY,18,Combination of pregnancy + bleeding,active
SC01483,pregnancy,bleeding,123,EMERGENCY,18,Combination of pregnancy + bleeding,active
SC01484,pregnancy,bleeding,124,EMERGENCY,18,Combination of pregnancy + bleeding,active
SC01485,pregnancy,bleeding,125,EMERGENCY,18,Combination of pregnancy + bleeding,active
SC01486,pregnancy,bleeding,126,EMERGENCY,18,Combination of pregnancy + bleeding,active
SC01487,pregnancy,bleeding,127,EMERGENCY,18,Combination of pregnancy + bleeding,active
SC01488,pregnancy,bleeding,128,EMERGENCY,18,Combination of pregnancy + bleeding,active
SC01489,pregnancy,bleeding,129,EMERGENCY,18,Combination of pregnancy + bleeding,active
SC01490,pregnancy,bleeding,130,EMERGENCY,18,Combination of pregnancy + bleeding,active
SC01491,pregnancy,bleeding,131,EMERGENCY,18,Combination of pregnancy + bleeding,active
SC01492,pregnancy,bleeding,132,EMERGENCY,18,Combination of pregnancy + bleeding,active
SC01493,pregnancy,bleeding,133,EMERGENCY,18,Combination of pregnancy + bleeding,active
SC01494,pregnancy,bleeding,134,EMERGENCY,18,Combination of pregnancy + bleeding,active
SC01495,pregnancy,bleeding,135,EMERGENCY,18,Combination of pregnancy + bleeding,active
SC01496,pregnancy,bleeding,136,EMERGENCY,18,Combination of pregnancy + bleeding,active
SC01497,pregnancy,bleeding,137,EMERGENCY,18,Combination of pregnancy + bleeding,active
SC01498,pregnancy,bleeding,138,EMERGENCY,18,Combination of pregnancy + bleeding,active
SC01499,pregnancy,bleeding,139,EMERGENCY,18,Combination of pregnancy + bleeding,active
SC01500,pregnancy,bleeding,140,EMERGENCY,18,Combination of pregnancy + bleeding,active
SC01501,pregnancy,bleeding,141,EMERGENCY,18,Combination of pregnancy + bleeding,active
SC01502,pregnancy,bleeding,142,EMERGENCY,18,Combination of pregnancy + bleeding,active
SC01503,pregnancy,bleeding,143,EMERGENCY,18,Combination of pregnancy + bleeding,active
SC01504,pregnancy,bleeding,144,EMERGENCY,18,Combination of pregnancy + bleeding,active
SC01505,pregnancy,bleeding,145,EMERGENCY,18,Combination of pregnancy + bleeding,active
SC01506,pregnancy,bleeding,146,EMERGENCY,18,Combination of pregnancy + bleeding,active
SC01507,pregnancy,bleeding,147,EMERGENCY,18,Combination of pregnancy + bleeding,active
SC01508,pregnancy,bleeding,148,EMERGENCY,18,Combination of pregnancy + bleeding,active
SC01509,pregnancy,bleeding,149,EMERGENCY,18,Combination of pregnancy + bleeding,active
SC01510,pregnancy,bleeding,150,EMERGENCY,18,Combination of pregnancy + bleeding,active
SC01511,pregnancy,bleeding,151,EMERGENCY,18,Combination of pregnancy + bleeding,active
SC01512,pregnancy,bleeding,152,EMERGENCY,18,Combination of pregnancy + bleeding,active
SC01513,pregnancy,bleeding,153,EMERGENCY,18,Combination of pregnancy + bleeding,active
SC01514,pregnancy,bleeding,154,EMERGENCY,18,Combination of pregnancy + bleeding,active
SC01515,pregnancy,bleeding,155,EMERGENCY,18,Combination of pregnancy + bleeding,active
SC01516,pregnancy,bleeding,156,EMERGENCY,18,Combination of pregnancy + bleeding,active
SC01517,pregnancy,bleeding,157,EMERGENCY,18,Combination of pregnancy + bleeding,active
SC01518,pregnancy,bleeding,158,EMERGENCY,18,Combination of pregnancy + bleeding,active
SC01519,pregnancy,bleeding,159,EMERGENCY,18,Combination of pregnancy + bleeding,active
SC01520,pregnancy,bleeding,160,EMERGENCY,18,Combination of pregnancy + bleeding,active
SC01521,pregnancy,bleeding,161,EMERGENCY,18,Combination of pregnancy + bleeding,active
SC01522,pregnancy,bleeding,162,EMERGENCY,18,Combination of pregnancy + bleeding,active
SC01523,pregnancy,bleeding,163,EMERGENCY,18,Combination of pregnancy + bleeding,active
SC01524,pregnancy,bleeding,164,EMERGENCY,18,Combination of pregnancy + bleeding,active
SC01525,pregnancy,bleeding,165,EMERGENCY,18,Combination of pregnancy + bleeding,active
SC01526,pregnancy,bleeding,166,EMERGENCY,18,Combination of pregnancy + bleeding,active
SC01527,pregnancy,bleeding,167,EMERGENCY,18,Combination of pregnancy + bleeding,active
SC01528,pregnancy,bleeding,168,EMERGENCY,18,Combination of pregnancy + bleeding,active
SC01529,pregnancy,bleeding,169,EMERGENCY,18,Combination of pregnancy + bleeding,active
SC01530,pregnancy,bleeding,170,EMERGENCY,18,Combination of pregnancy + bleeding,active
SC01531,heart_disease,chest_pain,1,EMERGENCY,18,Combination of heart_disease + chest_pain,active
SC01532,heart_disease,chest_pain,2,EMERGENCY,18,Combination of heart_disease + chest_pain,active
SC01533,heart_disease,chest_pain,3,EMERGENCY,18,Combination of heart_disease + chest_pain,active
SC01534,heart_disease,chest_pain,4,EMERGENCY,18,Combination of heart_disease + chest_pain,active
SC01535,heart_disease,chest_pain,5,EMERGENCY,18,Combination of heart_disease + chest_pain,active
SC01536,heart_disease,chest_pain,6,EMERGENCY,18,Combination of heart_disease + chest_pain,active
SC01537,heart_disease,chest_pain,7,EMERGENCY,18,Combination of heart_disease + chest_pain,active
SC01538,heart_disease,chest_pain,8,EMERGENCY,18,Combination of heart_disease + chest_pain,active
SC01539,heart_disease,chest_pain,9,EMERGENCY,18,Combination of heart_disease + chest_pain,active
SC01540,heart_disease,chest_pain,10,EMERGENCY,18,Combination of heart_disease + chest_pain,active
SC01541,heart_disease,chest_pain,11,EMERGENCY,18,Combination of heart_disease + chest_pain,active
SC01542,heart_disease,chest_pain,12,EMERGENCY,18,Combination of heart_disease + chest_pain,active
SC01543,heart_disease,chest_pain,13,EMERGENCY,18,Combination of heart_disease + chest_pain,active
SC01544,heart_disease,chest_pain,14,EMERGENCY,18,Combination of heart_disease + chest_pain,active
SC01545,heart_disease,chest_pain,15,EMERGENCY,18,Combination of heart_disease + chest_pain,active
SC01546,heart_disease,chest_pain,16,EMERGENCY,18,Combination of heart_disease + chest_pain,active
SC01547,heart_disease,chest_pain,17,EMERGENCY,18,Combination of heart_disease + chest_pain,active
SC01548,heart_disease,chest_pain,18,EMERGENCY,18,Combination of heart_disease + chest_pain,active
SC01549,heart_disease,chest_pain,19,EMERGENCY,18,Combination of heart_disease + chest_pain,active
SC01550,heart_disease,chest_pain,20,EMERGENCY,18,Combination of heart_disease + chest_pain,active
SC01551,heart_disease,chest_pain,21,EMERGENCY,18,Combination of heart_disease + chest_pain,active
SC01552,heart_disease,chest_pain,22,EMERGENCY,18,Combination of heart_disease + chest_pain,active
SC01553,heart_disease,chest_pain,23,EMERGENCY,18,Combination of heart_disease + chest_pain,active
SC01554,heart_disease,chest_pain,24,EMERGENCY,18,Combination of heart_disease + chest_pain,active
SC01555,heart_disease,chest_pain,25,EMERGENCY,18,Combination of heart_disease + chest_pain,active
SC01556,heart_disease,chest_pain,26,EMERGENCY,18,Combination of heart_disease + chest_pain,active
SC01557,heart_disease,chest_pain,27,EMERGENCY,18,Combination of heart_disease + chest_pain,active
SC01558,heart_disease,chest_pain,28,EMERGENCY,18,Combination of heart_disease + chest_pain,active
SC01559,heart_disease,chest_pain,29,EMERGENCY,18,Combination of heart_disease + chest_pain,active
SC01560,heart_disease,chest_pain,30,EMERGENCY,18,Combination of heart_disease + chest_pain,active
SC01561,heart_disease,chest_pain,31,EMERGENCY,18,Combination of heart_disease + chest_pain,active
SC01562,heart_disease,chest_pain,32,EMERGENCY,18,Combination of heart_disease + chest_pain,active
SC01563,heart_disease,chest_pain,33,EMERGENCY,18,Combination of heart_disease + chest_pain,active
SC01564,heart_disease,chest_pain,34,EMERGENCY,18,Combination of heart_disease + chest_pain,active
SC01565,heart_disease,chest_pain,35,EMERGENCY,18,Combination of heart_disease + chest_pain,active
SC01566,heart_disease,chest_pain,36,EMERGENCY,18,Combination of heart_disease + chest_pain,active
SC01567,heart_disease,chest_pain,37,EMERGENCY,18,Combination of heart_disease + chest_pain,active
SC01568,heart_disease,chest_pain,38,EMERGENCY,18,Combination of heart_disease + chest_pain,active
SC01569,heart_disease,chest_pain,39,EMERGENCY,18,Combination of heart_disease + chest_pain,active
SC01570,heart_disease,chest_pain,40,EMERGENCY,18,Combination of heart_disease + chest_pain,active
SC01571,heart_disease,chest_pain,41,EMERGENCY,18,Combination of heart_disease + chest_pain,active
SC01572,heart_disease,chest_pain,42,EMERGENCY,18,Combination of heart_disease + chest_pain,active
SC01573,heart_disease,chest_pain,43,EMERGENCY,18,Combination of heart_disease + chest_pain,active
SC01574,heart_disease,chest_pain,44,EMERGENCY,18,Combination of heart_disease + chest_pain,active
SC01575,heart_disease,chest_pain,45,EMERGENCY,18,Combination of heart_disease + chest_pain,active
SC01576,heart_disease,chest_pain,46,EMERGENCY,18,Combination of heart_disease + chest_pain,active
SC01577,heart_disease,chest_pain,47,EMERGENCY,18,Combination of heart_disease + chest_pain,active
SC01578,heart_disease,chest_pain,48,EMERGENCY,18,Combination of heart_disease + chest_pain,active
SC01579,heart_disease,chest_pain,49,EMERGENCY,18,Combination of heart_disease + chest_pain,active
SC01580,heart_disease,chest_pain,50,EMERGENCY,18,Combination of heart_disease + chest_pain,active
SC01581,heart_disease,chest_pain,51,EMERGENCY,18,Combination of heart_disease + chest_pain,active
SC01582,heart_disease,chest_pain,52,EMERGENCY,18,Combination of heart_disease + chest_pain,active
SC01583,heart_disease,chest_pain,53,EMERGENCY,18,Combination of heart_disease + chest_pain,active
SC01584,heart_disease,chest_pain,54,EMERGENCY,18,Combination of heart_disease + chest_pain,active
SC01585,heart_disease,chest_pain,55,EMERGENCY,18,Combination of heart_disease + chest_pain,active
SC01586,heart_disease,chest_pain,56,EMERGENCY,18,Combination of heart_disease + chest_pain,active
SC01587,heart_disease,chest_pain,57,EMERGENCY,18,Combination of heart_disease + chest_pain,active
SC01588,heart_disease,chest_pain,58,EMERGENCY,18,Combination of heart_disease + chest_pain,active
SC01589,heart_disease,chest_pain,59,EMERGENCY,18,Combination of heart_disease + chest_pain,active
SC01590,heart_disease,chest_pain,60,EMERGENCY,18,Combination of heart_disease + chest_pain,active
SC01591,heart_disease,chest_pain,61,EMERGENCY,18,Combination of heart_disease + chest_pain,active
SC01592,heart_disease,chest_pain,62,EMERGENCY,18,Combination of heart_disease + chest_pain,active
SC01593,heart_disease,chest_pain,63,EMERGENCY,18,Combination of heart_disease + chest_pain,active
SC01594,heart_disease,chest_pain,64,EMERGENCY,18,Combination of heart_disease + chest_pain,active
SC01595,heart_disease,chest_pain,65,EMERGENCY,18,Combination of heart_disease + chest_pain,active
SC01596,heart_disease,chest_pain,66,EMERGENCY,18,Combination of heart_disease + chest_pain,active
SC01597,heart_disease,chest_pain,67,EMERGENCY,18,Combination of heart_disease + chest_pain,active
SC01598,heart_disease,chest_pain,68,EMERGENCY,18,Combination of heart_disease + chest_pain,active
SC01599,heart_disease,chest_pain,69,EMERGENCY,18,Combination of heart_disease + chest_pain,active
SC01600,heart_disease,chest_pain,70,EMERGENCY,18,Combination of heart_disease + chest_pain,active
SC01601,heart_disease,chest_pain,71,EMERGENCY,18,Combination of heart_disease + chest_pain,active
SC01602,heart_disease,chest_pain,72,EMERGENCY,18,Combination of heart_disease + chest_pain,active
SC01603,heart_disease,chest_pain,73,EMERGENCY,18,Combination of heart_disease + chest_pain,active
SC01604,heart_disease,chest_pain,74,EMERGENCY,18,Combination of heart_disease + chest_pain,active
SC01605,heart_disease,chest_pain,75,EMERGENCY,18,Combination of heart_disease + chest_pain,active
SC01606,heart_disease,chest_pain,76,EMERGENCY,18,Combination of heart_disease + chest_pain,active
SC01607,heart_disease,chest_pain,77,EMERGENCY,18,Combination of heart_disease + chest_pain,active
SC01608,heart_disease,chest_pain,78,EMERGENCY,18,Combination of heart_disease + chest_pain,active
SC01609,heart_disease,chest_pain,79,EMERGENCY,18,Combination of heart_disease + chest_pain,active
SC01610,heart_disease,chest_pain,80,EMERGENCY,18,Combination of heart_disease + chest_pain,active
SC01611,heart_disease,chest_pain,81,EMERGENCY,18,Combination of heart_disease + chest_pain,active
SC01612,heart_disease,chest_pain,82,EMERGENCY,18,Combination of heart_disease + chest_pain,active
SC01613,heart_disease,chest_pain,83,EMERGENCY,18,Combination of heart_disease + chest_pain,active
SC01614,heart_disease,chest_pain,84,EMERGENCY,18,Combination of heart_disease + chest_pain,active
SC01615,heart_disease,chest_pain,85,EMERGENCY,18,Combination of heart_disease + chest_pain,active
SC01616,heart_disease,chest_pain,86,EMERGENCY,18,Combination of heart_disease + chest_pain,active
SC01617,heart_disease,chest_pain,87,EMERGENCY,18,Combination of heart_disease + chest_pain,active
SC01618,heart_disease,chest_pain,88,EMERGENCY,18,Combination of heart_disease + chest_pain,active
SC01619,heart_disease,chest_pain,89,EMERGENCY,18,Combination of heart_disease + chest_pain,active
SC01620,heart_disease,chest_pain,90,EMERGENCY,18,Combination of heart_disease + chest_pain,active
SC01621,heart_disease,chest_pain,91,EMERGENCY,18,Combination of heart_disease + chest_pain,active
SC01622,heart_disease,chest_pain,92,EMERGENCY,18,Combination of heart_disease + chest_pain,active
SC01623,heart_disease,chest_pain,93,EMERGENCY,18,Combination of heart_disease + chest_pain,active
SC01624,heart_disease,chest_pain,94,EMERGENCY,18,Combination of heart_disease + chest_pain,active
SC01625,heart_disease,chest_pain,95,EMERGENCY,18,Combination of heart_disease + chest_pain,active
SC01626,heart_disease,chest_pain,96,EMERGENCY,18,Combination of heart_disease + chest_pain,active
SC01627,heart_disease,chest_pain,97,EMERGENCY,18,Combination of heart_disease + chest_pain,active
SC01628,heart_disease,chest_pain,98,EMERGENCY,18,Combination of heart_disease + chest_pain,active
SC01629,heart_disease,chest_pain,99,EMERGENCY,18,Combination of heart_disease + chest_pain,active
SC01630,heart_disease,chest_pain,100,EMERGENCY,18,Combination of heart_disease + chest_pain,active
SC01631,heart_disease,chest_pain,101,EMERGENCY,18,Combination of heart_disease + chest_pain,active
SC01632,heart_disease,chest_pain,102,EMERGENCY,18,Combination of heart_disease + chest_pain,active
SC01633,heart_disease,chest_pain,103,EMERGENCY,18,Combination of heart_disease + chest_pain,active
SC01634,heart_disease,chest_pain,104,EMERGENCY,18,Combination of heart_disease + chest_pain,active
SC01635,heart_disease,chest_pain,105,EMERGENCY,18,Combination of heart_disease + chest_pain,active
SC01636,heart_disease,chest_pain,106,EMERGENCY,18,Combination of heart_disease + chest_pain,active
SC01637,heart_disease,chest_pain,107,EMERGENCY,18,Combination of heart_disease + chest_pain,active
SC01638,heart_disease,chest_pain,108,EMERGENCY,18,Combination of heart_disease + chest_pain,active
SC01639,heart_disease,chest_pain,109,EMERGENCY,18,Combination of heart_disease + chest_pain,active
SC01640,heart_disease,chest_pain,110,EMERGENCY,18,Combination of heart_disease + chest_pain,active
SC01641,heart_disease,chest_pain,111,EMERGENCY,18,Combination of heart_disease + chest_pain,active
SC01642,heart_disease,chest_pain,112,EMERGENCY,18,Combination of heart_disease + chest_pain,active
SC01643,heart_disease,chest_pain,113,EMERGENCY,18,Combination of heart_disease + chest_pain,active
SC01644,heart_disease,chest_pain,114,EMERGENCY,18,Combination of heart_disease + chest_pain,active
SC01645,heart_disease,chest_pain,115,EMERGENCY,18,Combination of heart_disease + chest_pain,active
SC01646,heart_disease,chest_pain,116,EMERGENCY,18,Combination of heart_disease + chest_pain,active
SC01647,heart_disease,chest_pain,117,EMERGENCY,18,Combination of heart_disease + chest_pain,active
SC01648,heart_disease,chest_pain,118,EMERGENCY,18,Combination of heart_disease + chest_pain,active
SC01649,heart_disease,chest_pain,119,EMERGENCY,18,Combination of heart_disease + chest_pain,active
SC01650,heart_disease,chest_pain,120,EMERGENCY,18,Combination of heart_disease + chest_pain,active
SC01651,heart_disease,chest_pain,121,EMERGENCY,18,Combination of heart_disease + chest_pain,active
SC01652,heart_disease,chest_pain,122,EMERGENCY,18,Combination of heart_disease + chest_pain,active
SC01653,heart_disease,chest_pain,123,EMERGENCY,18,Combination of heart_disease + chest_pain,active
SC01654,heart_disease,chest_pain,124,EMERGENCY,18,Combination of heart_disease + chest_pain,active
SC01655,heart_disease,chest_pain,125,EMERGENCY,18,Combination of heart_disease + chest_pain,active
SC01656,heart_disease,chest_pain,126,EMERGENCY,18,Combination of heart_disease + chest_pain,active
SC01657,heart_disease,chest_pain,127,EMERGENCY,18,Combination of heart_disease + chest_pain,active
SC01658,heart_disease,chest_pain,128,EMERGENCY,18,Combination of heart_disease + chest_pain,active
SC01659,heart_disease,chest_pain,129,EMERGENCY,18,Combination of heart_disease + chest_pain,active
SC01660,heart_disease,chest_pain,130,EMERGENCY,18,Combination of heart_disease + chest_pain,active
SC01661,heart_disease,chest_pain,131,EMERGENCY,18,Combination of heart_disease + chest_pain,active
SC01662,heart_disease,chest_pain,132,EMERGENCY,18,Combination of heart_disease + chest_pain,active
SC01663,heart_disease,chest_pain,133,EMERGENCY,18,Combination of heart_disease + chest_pain,active
SC01664,heart_disease,chest_pain,134,EMERGENCY,18,Combination of heart_disease + chest_pain,active
SC01665,heart_disease,chest_pain,135,EMERGENCY,18,Combination of heart_disease + chest_pain,active
SC01666,heart_disease,chest_pain,136,EMERGENCY,18,Combination of heart_disease + chest_pain,active
SC01667,heart_disease,chest_pain,137,EMERGENCY,18,Combination of heart_disease + chest_pain,active
SC01668,heart_disease,chest_pain,138,EMERGENCY,18,Combination of heart_disease + chest_pain,active
SC01669,heart_disease,chest_pain,139,EMERGENCY,18,Combination of heart_disease + chest_pain,active
SC01670,heart_disease,chest_pain,140,EMERGENCY,18,Combination of heart_disease + chest_pain,active
SC01671,heart_disease,chest_pain,141,EMERGENCY,18,Combination of heart_disease + chest_pain,active
SC01672,heart_disease,chest_pain,142,EMERGENCY,18,Combination of heart_disease + chest_pain,active
SC01673,heart_disease,chest_pain,143,EMERGENCY,18,Combination of heart_disease + chest_pain,active
SC01674,heart_disease,chest_pain,144,EMERGENCY,18,Combination of heart_disease + chest_pain,active
SC01675,heart_disease,chest_pain,145,EMERGENCY,18,Combination of heart_disease + chest_pain,active
SC01676,heart_disease,chest_pain,146,EMERGENCY,18,Combination of heart_disease + chest_pain,active
SC01677,heart_disease,chest_pain,147,EMERGENCY,18,Combination of heart_disease + chest_pain,active
SC01678,heart_disease,chest_pain,148,EMERGENCY,18,Combination of heart_disease + chest_pain,active
SC01679,heart_disease,chest_pain,149,EMERGENCY,18,Combination of heart_disease + chest_pain,active
SC01680,heart_disease,chest_pain,150,EMERGENCY,18,Combination of heart_disease + chest_pain,active
SC01681,heart_disease,chest_pain,151,EMERGENCY,18,Combination of heart_disease + chest_pain,active
SC01682,heart_disease,chest_pain,152,EMERGENCY,18,Combination of heart_disease + chest_pain,active
SC01683,heart_disease,chest_pain,153,EMERGENCY,18,Combination of heart_disease + chest_pain,active
SC01684,heart_disease,chest_pain,154,EMERGENCY,18,Combination of heart_disease + chest_pain,active
SC01685,heart_disease,chest_pain,155,EMERGENCY,18,Combination of heart_disease + chest_pain,active
SC01686,heart_disease,chest_pain,156,EMERGENCY,18,Combination of heart_disease + chest_pain,active
SC01687,heart_disease,chest_pain,157,EMERGENCY,18,Combination of heart_disease + chest_pain,active
SC01688,heart_disease,chest_pain,158,EMERGENCY,18,Combination of heart_disease + chest_pain,active
SC01689,heart_disease,chest_pain,159,EMERGENCY,18,Combination of heart_disease + chest_pain,active
SC01690,heart_disease,chest_pain,160,EMERGENCY,18,Combination of heart_disease + chest_pain,active
SC01691,heart_disease,chest_pain,161,EMERGENCY,18,Combination of heart_disease + chest_pain,active
SC01692,heart_disease,chest_pain,162,EMERGENCY,18,Combination of heart_disease + chest_pain,active
SC01693,heart_disease,chest_pain,163,EMERGENCY,18,Combination of heart_disease + chest_pain,active
SC01694,heart_disease,chest_pain,164,EMERGENCY,18,Combination of heart_disease + chest_pain,active
SC01695,heart_disease,chest_pain,165,EMERGENCY,18,Combination of heart_disease + chest_pain,active
SC01696,heart_disease,chest_pain,166,EMERGENCY,18,Combination of heart_disease + chest_pain,active
SC01697,heart_disease,chest_pain,167,EMERGENCY,18,Combination of heart_disease + chest_pain,active
SC01698,heart_disease,chest_pain,168,EMERGENCY,18,Combination of heart_disease + chest_pain,active
SC01699,heart_disease,chest_pain,169,EMERGENCY,18,Combination of heart_disease + chest_pain,active
SC01700,heart_disease,chest_pain,170,EMERGENCY,18,Combination of heart_disease + chest_pain,active
SC01701,fever,cough,1,NON-URGENT,4,Combination of fever + cough,active
SC01702,fever,cough,2,NON-URGENT,4,Combination of fever + cough,active
SC01703,fever,cough,3,NON-URGENT,4,Combination of fever + cough,active
SC01704,fever,cough,4,NON-URGENT,4,Combination of fever + cough,active
SC01705,fever,cough,5,NON-URGENT,4,Combination of fever + cough,active
SC01706,fever,cough,6,NON-URGENT,4,Combination of fever + cough,active
SC01707,fever,cough,7,NON-URGENT,4,Combination of fever + cough,active
SC01708,fever,cough,8,NON-URGENT,4,Combination of fever + cough,active
SC01709,fever,cough,9,NON-URGENT,4,Combination of fever + cough,active
SC01710,fever,cough,10,NON-URGENT,4,Combination of fever + cough,active
SC01711,fever,cough,11,NON-URGENT,4,Combination of fever + cough,active
SC01712,fever,cough,12,NON-URGENT,4,Combination of fever + cough,active
SC01713,fever,cough,13,NON-URGENT,4,Combination of fever + cough,active
SC01714,fever,cough,14,NON-URGENT,4,Combination of fever + cough,active
SC01715,fever,cough,15,NON-URGENT,4,Combination of fever + cough,active
SC01716,fever,cough,16,NON-URGENT,4,Combination of fever + cough,active
SC01717,fever,cough,17,NON-URGENT,4,Combination of fever + cough,active
SC01718,fever,cough,18,NON-URGENT,4,Combination of fever + cough,active
SC01719,fever,cough,19,NON-URGENT,4,Combination of fever + cough,active
SC01720,fever,cough,20,NON-URGENT,4,Combination of fever + cough,active
SC01721,fever,cough,21,NON-URGENT,4,Combination of fever + cough,active
SC01722,fever,cough,22,NON-URGENT,4,Combination of fever + cough,active
SC01723,fever,cough,23,NON-URGENT,4,Combination of fever + cough,active
SC01724,fever,cough,24,NON-URGENT,4,Combination of fever + cough,active
SC01725,fever,cough,25,NON-URGENT,4,Combination of fever + cough,active
SC01726,fever,cough,26,NON-URGENT,4,Combination of fever + cough,active
SC01727,fever,cough,27,NON-URGENT,4,Combination of fever + cough,active
SC01728,fever,cough,28,NON-URGENT,4,Combination of fever + cough,active
SC01729,fever,cough,29,NON-URGENT,4,Combination of fever + cough,active
SC01730,fever,cough,30,NON-URGENT,4,Combination of fever + cough,active
SC01731,fever,cough,31,NON-URGENT,4,Combination of fever + cough,active
SC01732,fever,cough,32,NON-URGENT,4,Combination of fever + cough,active
SC01733,fever,cough,33,NON-URGENT,4,Combination of fever + cough,active
SC01734,fever,cough,34,NON-URGENT,4,Combination of fever + cough,active
SC01735,fever,cough,35,NON-URGENT,4,Combination of fever + cough,active
SC01736,fever,cough,36,NON-URGENT,4,Combination of fever + cough,active
SC01737,fever,cough,37,NON-URGENT,4,Combination of fever + cough,active
SC01738,fever,cough,38,NON-URGENT,4,Combination of fever + cough,active
SC01739,fever,cough,39,NON-URGENT,4,Combination of fever + cough,active
SC01740,fever,cough,40,NON-URGENT,4,Combination of fever + cough,active
SC01741,fever,cough,41,NON-URGENT,4,Combination of fever + cough,active
SC01742,fever,cough,42,NON-URGENT,4,Combination of fever + cough,active
SC01743,fever,cough,43,NON-URGENT,4,Combination of fever + cough,active
SC01744,fever,cough,44,NON-URGENT,4,Combination of fever + cough,active
SC01745,fever,cough,45,NON-URGENT,4,Combination of fever + cough,active
SC01746,fever,cough,46,NON-URGENT,4,Combination of fever + cough,active
SC01747,fever,cough,47,NON-URGENT,4,Combination of fever + cough,active
SC01748,fever,cough,48,NON-URGENT,4,Combination of fever + cough,active
SC01749,fever,cough,49,NON-URGENT,4,Combination of fever + cough,active
SC01750,fever,cough,50,NON-URGENT,4,Combination of fever + cough,active
SC01751,fever,cough,51,NON-URGENT,4,Combination of fever + cough,active
SC01752,fever,cough,52,NON-URGENT,4,Combination of fever + cough,active
SC01753,fever,cough,53,NON-URGENT,4,Combination of fever + cough,active
SC01754,fever,cough,54,NON-URGENT,4,Combination of fever + cough,active
SC01755,fever,cough,55,NON-URGENT,4,Combination of fever + cough,active
SC01756,fever,cough,56,NON-URGENT,4,Combination of fever + cough,active
SC01757,fever,cough,57,NON-URGENT,4,Combination of fever + cough,active
SC01758,fever,cough,58,NON-URGENT,4,Combination of fever + cough,active
SC01759,fever,cough,59,NON-URGENT,4,Combination of fever + cough,active
SC01760,fever,cough,60,NON-URGENT,4,Combination of fever + cough,active
SC01761,fever,cough,61,NON-URGENT,4,Combination of fever + cough,active
SC01762,fever,cough,62,NON-URGENT,4,Combination of fever + cough,active
SC01763,fever,cough,63,NON-URGENT,4,Combination of fever + cough,active
SC01764,fever,cough,64,NON-URGENT,4,Combination of fever + cough,active
SC01765,fever,cough,65,NON-URGENT,4,Combination of fever + cough,active
SC01766,fever,cough,66,NON-URGENT,4,Combination of fever + cough,active
SC01767,fever,cough,67,NON-URGENT,4,Combination of fever + cough,active
SC01768,fever,cough,68,NON-URGENT,4,Combination of fever + cough,active
SC01769,fever,cough,69,NON-URGENT,4,Combination of fever + cough,active
SC01770,fever,cough,70,NON-URGENT,4,Combination of fever + cough,active
SC01771,fever,cough,71,NON-URGENT,4,Combination of fever + cough,active
SC01772,fever,cough,72,NON-URGENT,4,Combination of fever + cough,active
SC01773,fever,cough,73,NON-URGENT,4,Combination of fever + cough,active
SC01774,fever,cough,74,NON-URGENT,4,Combination of fever + cough,active
SC01775,fever,cough,75,NON-URGENT,4,Combination of fever + cough,active
SC01776,fever,cough,76,NON-URGENT,4,Combination of fever + cough,active
SC01777,fever,cough,77,NON-URGENT,4,Combination of fever + cough,active
SC01778,fever,cough,78,NON-URGENT,4,Combination of fever + cough,active
SC01779,fever,cough,79,NON-URGENT,4,Combination of fever + cough,active
SC01780,fever,cough,80,NON-URGENT,4,Combination of fever + cough,active
SC01781,fever,cough,81,NON-URGENT,4,Combination of fever + cough,active
SC01782,fever,cough,82,NON-URGENT,4,Combination of fever + cough,active
SC01783,fever,cough,83,NON-URGENT,4,Combination of fever + cough,active
SC01784,fever,cough,84,NON-URGENT,4,Combination of fever + cough,active
SC01785,fever,cough,85,NON-URGENT,4,Combination of fever + cough,active
SC01786,fever,cough,86,NON-URGENT,4,Combination of fever + cough,active
SC01787,fever,cough,87,NON-URGENT,4,Combination of fever + cough,active
SC01788,fever,cough,88,NON-URGENT,4,Combination of fever + cough,active
SC01789,fever,cough,89,NON-URGENT,4,Combination of fever + cough,active
SC01790,fever,cough,90,NON-URGENT,4,Combination of fever + cough,active
SC01791,fever,cough,91,NON-URGENT,4,Combination of fever + cough,active
SC01792,fever,cough,92,NON-URGENT,4,Combination of fever + cough,active
SC01793,fever,cough,93,NON-URGENT,4,Combination of fever + cough,active
SC01794,fever,cough,94,NON-URGENT,4,Combination of fever + cough,active
SC01795,fever,cough,95,NON-URGENT,4,Combination of fever + cough,active
SC01796,fever,cough,96,NON-URGENT,4,Combination of fever + cough,active
SC01797,fever,cough,97,NON-URGENT,4,Combination of fever + cough,active
SC01798,fever,cough,98,NON-URGENT,4,Combination of fever + cough,active
SC01799,fever,cough,99,NON-URGENT,4,Combination of fever + cough,active
SC01800,fever,cough,100,NON-URGENT,4,Combination of fever + cough,active
SC01801,fever,cough,101,NON-URGENT,4,Combination of fever + cough,active
SC01802,fever,cough,102,NON-URGENT,4,Combination of fever + cough,active
SC01803,fever,cough,103,NON-URGENT,4,Combination of fever + cough,active
SC01804,fever,cough,104,NON-URGENT,4,Combination of fever + cough,active
SC01805,fever,cough,105,NON-URGENT,4,Combination of fever + cough,active
SC01806,fever,cough,106,NON-URGENT,4,Combination of fever + cough,active
SC01807,fever,cough,107,NON-URGENT,4,Combination of fever + cough,active
SC01808,fever,cough,108,NON-URGENT,4,Combination of fever + cough,active
SC01809,fever,cough,109,NON-URGENT,4,Combination of fever + cough,active
SC01810,fever,cough,110,NON-URGENT,4,Combination of fever + cough,active
SC01811,fever,cough,111,NON-URGENT,4,Combination of fever + cough,active
SC01812,fever,cough,112,NON-URGENT,4,Combination of fever + cough,active
SC01813,fever,cough,113,NON-URGENT,4,Combination of fever + cough,active
SC01814,fever,cough,114,NON-URGENT,4,Combination of fever + cough,active
SC01815,fever,cough,115,NON-URGENT,4,Combination of fever + cough,active
SC01816,fever,cough,116,NON-URGENT,4,Combination of fever + cough,active
SC01817,fever,cough,117,NON-URGENT,4,Combination of fever + cough,active
SC01818,fever,cough,118,NON-URGENT,4,Combination of fever + cough,active
SC01819,fever,cough,119,NON-URGENT,4,Combination of fever + cough,active
SC01820,fever,cough,120,NON-URGENT,4,Combination of fever + cough,active
SC01821,fever,cough,121,NON-URGENT,4,Combination of fever + cough,active
SC01822,fever,cough,122,NON-URGENT,4,Combination of fever + cough,active
SC01823,fever,cough,123,NON-URGENT,4,Combination of fever + cough,active
SC01824,fever,cough,124,NON-URGENT,4,Combination of fever + cough,active
SC01825,fever,cough,125,NON-URGENT,4,Combination of fever + cough,active
SC01826,fever,cough,126,NON-URGENT,4,Combination of fever + cough,active
SC01827,fever,cough,127,NON-URGENT,4,Combination of fever + cough,active
SC01828,fever,cough,128,NON-URGENT,4,Combination of fever + cough,active
SC01829,fever,cough,129,NON-URGENT,4,Combination of fever + cough,active
SC01830,fever,cough,130,NON-URGENT,4,Combination of fever + cough,active
SC01831,fever,cough,131,NON-URGENT,4,Combination of fever + cough,active
SC01832,fever,cough,132,NON-URGENT,4,Combination of fever + cough,active
SC01833,fever,cough,133,NON-URGENT,4,Combination of fever + cough,active
SC01834,fever,cough,134,NON-URGENT,4,Combination of fever + cough,active
SC01835,fever,cough,135,NON-URGENT,4,Combination of fever + cough,active
SC01836,fever,cough,136,NON-URGENT,4,Combination of fever + cough,active
SC01837,fever,cough,137,NON-URGENT,4,Combination of fever + cough,active
SC01838,fever,cough,138,NON-URGENT,4,Combination of fever + cough,active
SC01839,fever,cough,139,NON-URGENT,4,Combination of fever + cough,active
SC01840,fever,cough,140,NON-URGENT,4,Combination of fever + cough,active
SC01841,fever,cough,141,NON-URGENT,4,Combination of fever + cough,active
SC01842,fever,cough,142,NON-URGENT,4,Combination of fever + cough,active
SC01843,fever,cough,143,NON-URGENT,4,Combination of fever + cough,active
SC01844,fever,cough,144,NON-URGENT,4,Combination of fever + cough,active
SC01845,fever,cough,145,NON-URGENT,4,Combination of fever + cough,active
SC01846,fever,cough,146,NON-URGENT,4,Combination of fever + cough,active
SC01847,fever,cough,147,NON-URGENT,4,Combination of fever + cough,active
SC01848,fever,cough,148,NON-URGENT,4,Combination of fever + cough,active
SC01849,fever,cough,149,NON-URGENT,4,Combination of fever + cough,active
SC01850,fever,cough,150,NON-URGENT,4,Combination of fever + cough,active
SC01851,fever,cough,151,NON-URGENT,4,Combination of fever + cough,active
SC01852,fever,cough,152,NON-URGENT,4,Combination of fever + cough,active
SC01853,fever,cough,153,NON-URGENT,4,Combination of fever + cough,active
SC01854,fever,cough,154,NON-URGENT,4,Combination of fever + cough,active
SC01855,fever,cough,155,NON-URGENT,4,Combination of fever + cough,active
SC01856,fever,cough,156,NON-URGENT,4,Combination of fever + cough,active
SC01857,fever,cough,157,NON-URGENT,4,Combination of fever + cough,active
SC01858,fever,cough,158,NON-URGENT,4,Combination of fever + cough,active
SC01859,fever,cough,159,NON-URGENT,4,Combination of fever + cough,active
SC01860,fever,cough,160,NON-URGENT,4,Combination of fever + cough,active
SC01861,fever,cough,161,NON-URGENT,4,Combination of fever + cough,active
SC01862,fever,cough,162,NON-URGENT,4,Combination of fever + cough,active
SC01863,fever,cough,163,NON-URGENT,4,Combination of fever + cough,active
SC01864,fever,cough,164,NON-URGENT,4,Combination of fever + cough,active
SC01865,fever,cough,165,NON-URGENT,4,Combination of fever + cough,active
SC01866,fever,cough,166,NON-URGENT,4,Combination of fever + cough,active
SC01867,fever,cough,167,NON-URGENT,4,Combination of fever + cough,active
SC01868,fever,cough,168,NON-URGENT,4,Combination of fever + cough,active
SC01869,fever,cough,169,NON-URGENT,4,Combination of fever + cough,active
SC01870,fever,cough,170,NON-URGENT,4,Combination of fever + cough,active
SC01871,runny_nose,cough,1,NON-URGENT,3,Combination of runny_nose + cough,active
SC01872,runny_nose,cough,2,NON-URGENT,3,Combination of runny_nose + cough,active
SC01873,runny_nose,cough,3,NON-URGENT,3,Combination of runny_nose + cough,active
SC01874,runny_nose,cough,4,NON-URGENT,3,Combination of runny_nose + cough,active
SC01875,runny_nose,cough,5,NON-URGENT,3,Combination of runny_nose + cough,active
SC01876,runny_nose,cough,6,NON-URGENT,3,Combination of runny_nose + cough,active
SC01877,runny_nose,cough,7,NON-URGENT,3,Combination of runny_nose + cough,active
SC01878,runny_nose,cough,8,NON-URGENT,3,Combination of runny_nose + cough,active
SC01879,runny_nose,cough,9,NON-URGENT,3,Combination of runny_nose + cough,active
SC01880,runny_nose,cough,10,NON-URGENT,3,Combination of runny_nose + cough,active
SC01881,runny_nose,cough,11,NON-URGENT,3,Combination of runny_nose + cough,active
SC01882,runny_nose,cough,12,NON-URGENT,3,Combination of runny_nose + cough,active
SC01883,runny_nose,cough,13,NON-URGENT,3,Combination of runny_nose + cough,active
SC01884,runny_nose,cough,14,NON-URGENT,3,Combination of runny_nose + cough,active
SC01885,runny_nose,cough,15,NON-URGENT,3,Combination of runny_nose + cough,active
SC01886,runny_nose,cough,16,NON-URGENT,3,Combination of runny_nose + cough,active
SC01887,runny_nose,cough,17,NON-URGENT,3,Combination of runny_nose + cough,active
SC01888,runny_nose,cough,18,NON-URGENT,3,Combination of runny_nose + cough,active
SC01889,runny_nose,cough,19,NON-URGENT,3,Combination of runny_nose + cough,active
SC01890,runny_nose,cough,20,NON-URGENT,3,Combination of runny_nose + cough,active
SC01891,runny_nose,cough,21,NON-URGENT,3,Combination of runny_nose + cough,active
SC01892,runny_nose,cough,22,NON-URGENT,3,Combination of runny_nose + cough,active
SC01893,runny_nose,cough,23,NON-URGENT,3,Combination of runny_nose + cough,active
SC01894,runny_nose,cough,24,NON-URGENT,3,Combination of runny_nose + cough,active
SC01895,runny_nose,cough,25,NON-URGENT,3,Combination of runny_nose + cough,active
SC01896,runny_nose,cough,26,NON-URGENT,3,Combination of runny_nose + cough,active
SC01897,runny_nose,cough,27,NON-URGENT,3,Combination of runny_nose + cough,active
SC01898,runny_nose,cough,28,NON-URGENT,3,Combination of runny_nose + cough,active
SC01899,runny_nose,cough,29,NON-URGENT,3,Combination of runny_nose + cough,active
SC01900,runny_nose,cough,30,NON-URGENT,3,Combination of runny_nose + cough,active
SC01901,runny_nose,cough,31,NON-URGENT,3,Combination of runny_nose + cough,active
SC01902,runny_nose,cough,32,NON-URGENT,3,Combination of runny_nose + cough,active
SC01903,runny_nose,cough,33,NON-URGENT,3,Combination of runny_nose + cough,active
SC01904,runny_nose,cough,34,NON-URGENT,3,Combination of runny_nose + cough,active
SC01905,runny_nose,cough,35,NON-URGENT,3,Combination of runny_nose + cough,active
SC01906,runny_nose,cough,36,NON-URGENT,3,Combination of runny_nose + cough,active
SC01907,runny_nose,cough,37,NON-URGENT,3,Combination of runny_nose + cough,active
SC01908,runny_nose,cough,38,NON-URGENT,3,Combination of runny_nose + cough,active
SC01909,runny_nose,cough,39,NON-URGENT,3,Combination of runny_nose + cough,active
SC01910,runny_nose,cough,40,NON-URGENT,3,Combination of runny_nose + cough,active
SC01911,runny_nose,cough,41,NON-URGENT,3,Combination of runny_nose + cough,active
SC01912,runny_nose,cough,42,NON-URGENT,3,Combination of runny_nose + cough,active
SC01913,runny_nose,cough,43,NON-URGENT,3,Combination of runny_nose + cough,active
SC01914,runny_nose,cough,44,NON-URGENT,3,Combination of runny_nose + cough,active
SC01915,runny_nose,cough,45,NON-URGENT,3,Combination of runny_nose + cough,active
SC01916,runny_nose,cough,46,NON-URGENT,3,Combination of runny_nose + cough,active
SC01917,runny_nose,cough,47,NON-URGENT,3,Combination of runny_nose + cough,active
SC01918,runny_nose,cough,48,NON-URGENT,3,Combination of runny_nose + cough,active
SC01919,runny_nose,cough,49,NON-URGENT,3,Combination of runny_nose + cough,active
SC01920,runny_nose,cough,50,NON-URGENT,3,Combination of runny_nose + cough,active
SC01921,runny_nose,cough,51,NON-URGENT,3,Combination of runny_nose + cough,active
SC01922,runny_nose,cough,52,NON-URGENT,3,Combination of runny_nose + cough,active
SC01923,runny_nose,cough,53,NON-URGENT,3,Combination of runny_nose + cough,active
SC01924,runny_nose,cough,54,NON-URGENT,3,Combination of runny_nose + cough,active
SC01925,runny_nose,cough,55,NON-URGENT,3,Combination of runny_nose + cough,active
SC01926,runny_nose,cough,56,NON-URGENT,3,Combination of runny_nose + cough,active
SC01927,runny_nose,cough,57,NON-URGENT,3,Combination of runny_nose + cough,active
SC01928,runny_nose,cough,58,NON-URGENT,3,Combination of runny_nose + cough,active
SC01929,runny_nose,cough,59,NON-URGENT,3,Combination of runny_nose + cough,active
SC01930,runny_nose,cough,60,NON-URGENT,3,Combination of runny_nose + cough,active
SC01931,runny_nose,cough,61,NON-URGENT,3,Combination of runny_nose + cough,active
SC01932,runny_nose,cough,62,NON-URGENT,3,Combination of runny_nose + cough,active
SC01933,runny_nose,cough,63,NON-URGENT,3,Combination of runny_nose + cough,active
SC01934,runny_nose,cough,64,NON-URGENT,3,Combination of runny_nose + cough,active
SC01935,runny_nose,cough,65,NON-URGENT,3,Combination of runny_nose + cough,active
SC01936,runny_nose,cough,66,NON-URGENT,3,Combination of runny_nose + cough,active
SC01937,runny_nose,cough,67,NON-URGENT,3,Combination of runny_nose + cough,active
SC01938,runny_nose,cough,68,NON-URGENT,3,Combination of runny_nose + cough,active
SC01939,runny_nose,cough,69,NON-URGENT,3,Combination of runny_nose + cough,active
SC01940,runny_nose,cough,70,NON-URGENT,3,Combination of runny_nose + cough,active
SC01941,runny_nose,cough,71,NON-URGENT,3,Combination of runny_nose + cough,active
SC01942,runny_nose,cough,72,NON-URGENT,3,Combination of runny_nose + cough,active
SC01943,runny_nose,cough,73,NON-URGENT,3,Combination of runny_nose + cough,active
SC01944,runny_nose,cough,74,NON-URGENT,3,Combination of runny_nose + cough,active
SC01945,runny_nose,cough,75,NON-URGENT,3,Combination of runny_nose + cough,active
SC01946,runny_nose,cough,76,NON-URGENT,3,Combination of runny_nose + cough,active
SC01947,runny_nose,cough,77,NON-URGENT,3,Combination of runny_nose + cough,active
SC01948,runny_nose,cough,78,NON-URGENT,3,Combination of runny_nose + cough,active
SC01949,runny_nose,cough,79,NON-URGENT,3,Combination of runny_nose + cough,active
SC01950,runny_nose,cough,80,NON-URGENT,3,Combination of runny_nose + cough,active
SC01951,runny_nose,cough,81,NON-URGENT,3,Combination of runny_nose + cough,active
SC01952,runny_nose,cough,82,NON-URGENT,3,Combination of runny_nose + cough,active
SC01953,runny_nose,cough,83,NON-URGENT,3,Combination of runny_nose + cough,active
SC01954,runny_nose,cough,84,NON-URGENT,3,Combination of runny_nose + cough,active
SC01955,runny_nose,cough,85,NON-URGENT,3,Combination of runny_nose + cough,active
SC01956,runny_nose,cough,86,NON-URGENT,3,Combination of runny_nose + cough,active
SC01957,runny_nose,cough,87,NON-URGENT,3,Combination of runny_nose + cough,active
SC01958,runny_nose,cough,88,NON-URGENT,3,Combination of runny_nose + cough,active
SC01959,runny_nose,cough,89,NON-URGENT,3,Combination of runny_nose + cough,active
SC01960,runny_nose,cough,90,NON-URGENT,3,Combination of runny_nose + cough,active
SC01961,runny_nose,cough,91,NON-URGENT,3,Combination of runny_nose + cough,active
SC01962,runny_nose,cough,92,NON-URGENT,3,Combination of runny_nose + cough,active
SC01963,runny_nose,cough,93,NON-URGENT,3,Combination of runny_nose + cough,active
SC01964,runny_nose,cough,94,NON-URGENT,3,Combination of runny_nose + cough,active
SC01965,runny_nose,cough,95,NON-URGENT,3,Combination of runny_nose + cough,active
SC01966,runny_nose,cough,96,NON-URGENT,3,Combination of runny_nose + cough,active
SC01967,runny_nose,cough,97,NON-URGENT,3,Combination of runny_nose + cough,active
SC01968,runny_nose,cough,98,NON-URGENT,3,Combination of runny_nose + cough,active
SC01969,runny_nose,cough,99,NON-URGENT,3,Combination of runny_nose + cough,active
SC01970,runny_nose,cough,100,NON-URGENT,3,Combination of runny_nose + cough,active
SC01971,runny_nose,cough,101,NON-URGENT,3,Combination of runny_nose + cough,active
SC01972,runny_nose,cough,102,NON-URGENT,3,Combination of runny_nose + cough,active
SC01973,runny_nose,cough,103,NON-URGENT,3,Combination of runny_nose + cough,active
SC01974,runny_nose,cough,104,NON-URGENT,3,Combination of runny_nose + cough,active
SC01975,runny_nose,cough,105,NON-URGENT,3,Combination of runny_nose + cough,active
SC01976,runny_nose,cough,106,NON-URGENT,3,Combination of runny_nose + cough,active
SC01977,runny_nose,cough,107,NON-URGENT,3,Combination of runny_nose + cough,active
SC01978,runny_nose,cough,108,NON-URGENT,3,Combination of runny_nose + cough,active
SC01979,runny_nose,cough,109,NON-URGENT,3,Combination of runny_nose + cough,active
SC01980,runny_nose,cough,110,NON-URGENT,3,Combination of runny_nose + cough,active
SC01981,runny_nose,cough,111,NON-URGENT,3,Combination of runny_nose + cough,active
SC01982,runny_nose,cough,112,NON-URGENT,3,Combination of runny_nose + cough,active
SC01983,runny_nose,cough,113,NON-URGENT,3,Combination of runny_nose + cough,active
SC01984,runny_nose,cough,114,NON-URGENT,3,Combination of runny_nose + cough,active
SC01985,runny_nose,cough,115,NON-URGENT,3,Combination of runny_nose + cough,active
SC01986,runny_nose,cough,116,NON-URGENT,3,Combination of runny_nose + cough,active
SC01987,runny_nose,cough,117,NON-URGENT,3,Combination of runny_nose + cough,active
SC01988,runny_nose,cough,118,NON-URGENT,3,Combination of runny_nose + cough,active
SC01989,runny_nose,cough,119,NON-URGENT,3,Combination of runny_nose + cough,active
SC01990,runny_nose,cough,120,NON-URGENT,3,Combination of runny_nose + cough,active
SC01991,runny_nose,cough,121,NON-URGENT,3,Combination of runny_nose + cough,active
SC01992,runny_nose,cough,122,NON-URGENT,3,Combination of runny_nose + cough,active
SC01993,runny_nose,cough,123,NON-URGENT,3,Combination of runny_nose + cough,active
SC01994,runny_nose,cough,124,NON-URGENT,3,Combination of runny_nose + cough,active
SC01995,runny_nose,cough,125,NON-URGENT,3,Combination of runny_nose + cough,active
SC01996,runny_nose,cough,126,NON-URGENT,3,Combination of runny_nose + cough,active
SC01997,runny_nose,cough,127,NON-URGENT,3,Combination of runny_nose + cough,active
SC01998,runny_nose,cough,128,NON-URGENT,3,Combination of runny_nose + cough,active
SC01999,runny_nose,cough,129,NON-URGENT,3,Combination of runny_nose + cough,active
SC02000,runny_nose,cough,130,NON-URGENT,3,Combination of runny_nose + cough,active
SC02001,runny_nose,cough,131,NON-URGENT,3,Combination of runny_nose + cough,active
SC02002,runny_nose,cough,132,NON-URGENT,3,Combination of runny_nose + cough,active
SC02003,runny_nose,cough,133,NON-URGENT,3,Combination of runny_nose + cough,active
SC02004,runny_nose,cough,134,NON-URGENT,3,Combination of runny_nose + cough,active
SC02005,runny_nose,cough,135,NON-URGENT,3,Combination of runny_nose + cough,active
SC02006,runny_nose,cough,136,NON-URGENT,3,Combination of runny_nose + cough,active
SC02007,runny_nose,cough,137,NON-URGENT,3,Combination of runny_nose + cough,active
SC02008,runny_nose,cough,138,NON-URGENT,3,Combination of runny_nose + cough,active
SC02009,runny_nose,cough,139,NON-URGENT,3,Combination of runny_nose + cough,active
SC02010,runny_nose,cough,140,NON-URGENT,3,Combination of runny_nose + cough,active
SC02011,runny_nose,cough,141,NON-URGENT,3,Combination of runny_nose + cough,active
SC02012,runny_nose,cough,142,NON-URGENT,3,Combination of runny_nose + cough,active
SC02013,runny_nose,cough,143,NON-URGENT,3,Combination of runny_nose + cough,active
SC02014,runny_nose,cough,144,NON-URGENT,3,Combination of runny_nose + cough,active
SC02015,runny_nose,cough,145,NON-URGENT,3,Combination of runny_nose + cough,active
SC02016,runny_nose,cough,146,NON-URGENT,3,Combination of runny_nose + cough,active
SC02017,runny_nose,cough,147,NON-URGENT,3,Combination of runny_nose + cough,active
SC02018,runny_nose,cough,148,NON-URGENT,3,Combination of runny_nose + cough,active
SC02019,runny_nose,cough,149,NON-URGENT,3,Combination of runny_nose + cough,active
SC02020,runny_nose,cough,150,NON-URGENT,3,Combination of runny_nose + cough,active
SC02021,runny_nose,cough,151,NON-URGENT,3,Combination of runny_nose + cough,active
SC02022,runny_nose,cough,152,NON-URGENT,3,Combination of runny_nose + cough,active
SC02023,runny_nose,cough,153,NON-URGENT,3,Combination of runny_nose + cough,active
SC02024,runny_nose,cough,154,NON-URGENT,3,Combination of runny_nose + cough,active
SC02025,runny_nose,cough,155,NON-URGENT,3,Combination of runny_nose + cough,active
SC02026,runny_nose,cough,156,NON-URGENT,3,Combination of runny_nose + cough,active
SC02027,runny_nose,cough,157,NON-URGENT,3,Combination of runny_nose + cough,active
SC02028,runny_nose,cough,158,NON-URGENT,3,Combination of runny_nose + cough,active
SC02029,runny_nose,cough,159,NON-URGENT,3,Combination of runny_nose + cough,active
SC02030,runny_nose,cough,160,NON-URGENT,3,Combination of runny_nose + cough,active
SC02031,runny_nose,cough,161,NON-URGENT,3,Combination of runny_nose + cough,active
SC02032,runny_nose,cough,162,NON-URGENT,3,Combination of runny_nose + cough,active
SC02033,runny_nose,cough,163,NON-URGENT,3,Combination of runny_nose + cough,active
SC02034,runny_nose,cough,164,NON-URGENT,3,Combination of runny_nose + cough,active
SC02035,runny_nose,cough,165,NON-URGENT,3,Combination of runny_nose + cough,active
SC02036,runny_nose,cough,166,NON-URGENT,3,Combination of runny_nose + cough,active
SC02037,runny_nose,cough,167,NON-URGENT,3,Combination of runny_nose + cough,active
SC02038,runny_nose,cough,168,NON-URGENT,3,Combination of runny_nose + cough,active
SC02039,runny_nose,cough,169,NON-URGENT,3,Combination of runny_nose + cough,active
SC02040,runny_nose,cough,170,NON-URGENT,3,Combination of runny_nose + cough,active
SC02041,fever,duration_3_days,1,NON-URGENT,3,Combination of fever + duration_3_days,active
SC02042,fever,duration_3_days,2,NON-URGENT,3,Combination of fever + duration_3_days,active
SC02043,fever,duration_3_days,3,NON-URGENT,3,Combination of fever + duration_3_days,active
SC02044,fever,duration_3_days,4,NON-URGENT,3,Combination of fever + duration_3_days,active
SC02045,fever,duration_5_plus,1,URGENT,6,Combination of fever + duration_5_plus,active
SC02046,fever,duration_5_plus,2,URGENT,6,Combination of fever + duration_5_plus,active
SC02047,fever,duration_5_plus,3,URGENT,6,Combination of fever + duration_5_plus,active
SC02048,fever,duration_5_plus,4,URGENT,6,Combination of fever + duration_5_plus,active
SC02049,fever,child,1,URGENT,3,Combination of fever + child,active
SC02050,fever,child,2,URGENT,3,Combination of fever + child,active
SC02051,fever,child,3,URGENT,3,Combination of fever + child,active
SC02052,fever,child,4,URGENT,3,Combination of fever + child,active
SC02053,fever,senior,1,URGENT,3,Combination of fever + senior,active
SC02054,fever,senior,2,URGENT,3,Combination of fever + senior,active
SC02055,fever,senior,3,URGENT,3,Combination of fever + senior,active
SC02056,fever,senior,4,URGENT,3,Combination of fever + senior,active
SC02057,fever,pregnancy,1,URGENT,3,Combination of fever + pregnancy,active
SC02058,fever,pregnancy,2,URGENT,3,Combination of fever + pregnancy,active
SC02059,fever,pregnancy,3,URGENT,3,Combination of fever + pregnancy,active
SC02060,fever,pregnancy,4,URGENT,3,Combination of fever + pregnancy,active
SC02061,fever,diabetes,1,NON-URGENT,3,Combination of fever + diabetes,active
SC02062,fever,diabetes,2,NON-URGENT,3,Combination of fever + diabetes,active
SC02063,fever,diabetes,3,NON-URGENT,3,Combination of fever + diabetes,active
SC02064,fever,diabetes,4,NON-URGENT,3,Combination of fever + diabetes,active
SC02065,fever,asthma,1,NON-URGENT,3,Combination of fever + asthma,active
SC02066,fever,asthma,2,NON-URGENT,3,Combination of fever + asthma,active
SC02067,fever,asthma,3,NON-URGENT,3,Combination of fever + asthma,active
SC02068,fever,asthma,4,NON-URGENT,3,Combination of fever + asthma,active
SC02069,fever,mild,1,NON-URGENT,3,Combination of fever + mild,active
SC02070,fever,mild,2,NON-URGENT,3,Combination of fever + mild,active
SC02071,fever,mild,3,NON-URGENT,3,Combination of fever + mild,active
SC02072,fever,mild,4,NON-URGENT,3,Combination of fever + mild,active
SC02073,fever,severe,1,NON-URGENT,3,Combination of fever + severe,active
SC02074,fever,severe,2,NON-URGENT,3,Combination of fever + severe,active
SC02075,fever,severe,3,NON-URGENT,3,Combination of fever + severe,active
SC02076,fever,severe,4,NON-URGENT,3,Combination of fever + severe,active
SC02077,cough,duration_3_days,1,NON-URGENT,3,Combination of cough + duration_3_days,active
SC02078,cough,duration_3_days,2,NON-URGENT,3,Combination of cough + duration_3_days,active
SC02079,cough,duration_3_days,3,NON-URGENT,3,Combination of cough + duration_3_days,active
SC02080,cough,duration_3_days,4,NON-URGENT,3,Combination of cough + duration_3_days,active
SC02081,cough,duration_5_plus,1,URGENT,6,Combination of cough + duration_5_plus,active
SC02082,cough,duration_5_plus,2,URGENT,6,Combination of cough + duration_5_plus,active
SC02083,cough,duration_5_plus,3,URGENT,6,Combination of cough + duration_5_plus,active
SC02084,cough,duration_5_plus,4,URGENT,6,Combination of cough + duration_5_plus,active
SC02085,cough,child,1,URGENT,3,Combination of cough + child,active
SC02086,cough,child,2,URGENT,3,Combination of cough + child,active
SC02087,cough,child,3,URGENT,3,Combination of cough + child,active
SC02088,cough,child,4,URGENT,3,Combination of cough + child,active
SC02089,cough,senior,1,URGENT,3,Combination of cough + senior,active
SC02090,cough,senior,2,URGENT,3,Combination of cough + senior,active
SC02091,cough,senior,3,URGENT,3,Combination of cough + senior,active
SC02092,cough,senior,4,URGENT,3,Combination of cough + senior,active
SC02093,cough,pregnancy,1,URGENT,3,Combination of cough + pregnancy,active
SC02094,cough,pregnancy,2,URGENT,3,Combination of cough + pregnancy,active
SC02095,cough,pregnancy,3,URGENT,3,Combination of cough + pregnancy,active
SC02096,cough,pregnancy,4,URGENT,3,Combination of cough + pregnancy,active
SC02097,cough,diabetes,1,NON-URGENT,3,Combination of cough + diabetes,active
SC02098,cough,diabetes,2,NON-URGENT,3,Combination of cough + diabetes,active
SC02099,cough,diabetes,3,NON-URGENT,3,Combination of cough + diabetes,active
SC02100,cough,diabetes,4,NON-URGENT,3,Combination of cough + diabetes,active
SC02101,cough,asthma,1,NON-URGENT,3,Combination of cough + asthma,active
SC02102,cough,asthma,2,NON-URGENT,3,Combination of cough + asthma,active
SC02103,cough,asthma,3,NON-URGENT,3,Combination of cough + asthma,active
SC02104,cough,asthma,4,NON-URGENT,3,Combination of cough + asthma,active
SC02105,cough,mild,1,NON-URGENT,3,Combination of cough + mild,active
SC02106,cough,mild,2,NON-URGENT,3,Combination of cough + mild,active
SC02107,cough,mild,3,NON-URGENT,3,Combination of cough + mild,active
SC02108,cough,mild,4,NON-URGENT,3,Combination of cough + mild,active
SC02109,cough,severe,1,NON-URGENT,3,Combination of cough + severe,active
SC02110,cough,severe,2,NON-URGENT,3,Combination of cough + severe,active
SC02111,cough,severe,3,NON-URGENT,3,Combination of cough + severe,active
SC02112,cough,severe,4,NON-URGENT,3,Combination of cough + severe,active
SC02113,headache,duration_3_days,1,NON-URGENT,3,Combination of headache + duration_3_days,active
SC02114,headache,duration_3_days,2,NON-URGENT,3,Combination of headache + duration_3_days,active
SC02115,headache,duration_3_days,3,NON-URGENT,3,Combination of headache + duration_3_days,active
SC02116,headache,duration_3_days,4,NON-URGENT,3,Combination of headache + duration_3_days,active
SC02117,headache,duration_5_plus,1,URGENT,6,Combination of headache + duration_5_plus,active
SC02118,headache,duration_5_plus,2,URGENT,6,Combination of headache + duration_5_plus,active
SC02119,headache,duration_5_plus,3,URGENT,6,Combination of headache + duration_5_plus,active
SC02120,headache,duration_5_plus,4,URGENT,6,Combination of headache + duration_5_plus,active
SC02121,headache,child,1,URGENT,3,Combination of headache + child,active
SC02122,headache,child,2,URGENT,3,Combination of headache + child,active
SC02123,headache,child,3,URGENT,3,Combination of headache + child,active
SC02124,headache,child,4,URGENT,3,Combination of headache + child,active
SC02125,headache,senior,1,URGENT,3,Combination of headache + senior,active
SC02126,headache,senior,2,URGENT,3,Combination of headache + senior,active
SC02127,headache,senior,3,URGENT,3,Combination of headache + senior,active
SC02128,headache,senior,4,URGENT,3,Combination of headache + senior,active
SC02129,headache,pregnancy,1,URGENT,3,Combination of headache + pregnancy,active
SC02130,headache,pregnancy,2,URGENT,3,Combination of headache + pregnancy,active
SC02131,headache,pregnancy,3,URGENT,3,Combination of headache + pregnancy,active
SC02132,headache,pregnancy,4,URGENT,3,Combination of headache + pregnancy,active
SC02133,headache,diabetes,1,NON-URGENT,3,Combination of headache + diabetes,active
SC02134,headache,diabetes,2,NON-URGENT,3,Combination of headache + diabetes,active
SC02135,headache,diabetes,3,NON-URGENT,3,Combination of headache + diabetes,active
SC02136,headache,diabetes,4,NON-URGENT,3,Combination of headache + diabetes,active
SC02137,headache,asthma,1,NON-URGENT,3,Combination of headache + asthma,active
SC02138,headache,asthma,2,NON-URGENT,3,Combination of headache + asthma,active
SC02139,headache,asthma,3,NON-URGENT,3,Combination of headache + asthma,active
SC02140,headache,asthma,4,NON-URGENT,3,Combination of headache + asthma,active
SC02141,headache,mild,1,NON-URGENT,3,Combination of headache + mild,active
SC02142,headache,mild,2,NON-URGENT,3,Combination of headache + mild,active
SC02143,headache,mild,3,NON-URGENT,3,Combination of headache + mild,active
SC02144,headache,mild,4,NON-URGENT,3,Combination of headache + mild,active
SC02145,headache,severe,1,NON-URGENT,3,Combination of headache + severe,active
SC02146,headache,severe,2,NON-URGENT,3,Combination of headache + severe,active
SC02147,headache,severe,3,NON-URGENT,3,Combination of headache + severe,active
SC02148,headache,severe,4,NON-URGENT,3,Combination of headache + severe,active
SC02149,nausea,duration_3_days,1,NON-URGENT,3,Combination of nausea + duration_3_days,active
SC02150,nausea,duration_3_days,2,NON-URGENT,3,Combination of nausea + duration_3_days,active
SC02151,nausea,duration_3_days,3,NON-URGENT,3,Combination of nausea + duration_3_days,active
SC02152,nausea,duration_3_days,4,NON-URGENT,3,Combination of nausea + duration_3_days,active
SC02153,nausea,duration_5_plus,1,URGENT,6,Combination of nausea + duration_5_plus,active
SC02154,nausea,duration_5_plus,2,URGENT,6,Combination of nausea + duration_5_plus,active
SC02155,nausea,duration_5_plus,3,URGENT,6,Combination of nausea + duration_5_plus,active
SC02156,nausea,duration_5_plus,4,URGENT,6,Combination of nausea + duration_5_plus,active
SC02157,nausea,child,1,URGENT,3,Combination of nausea + child,active
SC02158,nausea,child,2,URGENT,3,Combination of nausea + child,active
SC02159,nausea,child,3,URGENT,3,Combination of nausea + child,active
SC02160,nausea,child,4,URGENT,3,Combination of nausea + child,active
SC02161,nausea,senior,1,URGENT,3,Combination of nausea + senior,active
SC02162,nausea,senior,2,URGENT,3,Combination of nausea + senior,active
SC02163,nausea,senior,3,URGENT,3,Combination of nausea + senior,active
SC02164,nausea,senior,4,URGENT,3,Combination of nausea + senior,active
SC02165,nausea,pregnancy,1,URGENT,3,Combination of nausea + pregnancy,active
SC02166,nausea,pregnancy,2,URGENT,3,Combination of nausea + pregnancy,active
SC02167,nausea,pregnancy,3,URGENT,3,Combination of nausea + pregnancy,active
SC02168,nausea,pregnancy,4,URGENT,3,Combination of nausea + pregnancy,active
SC02169,nausea,diabetes,1,NON-URGENT,3,Combination of nausea + diabetes,active
SC02170,nausea,diabetes,2,NON-URGENT,3,Combination of nausea + diabetes,active
SC02171,nausea,diabetes,3,NON-URGENT,3,Combination of nausea + diabetes,active
SC02172,nausea,diabetes,4,NON-URGENT,3,Combination of nausea + diabetes,active
SC02173,nausea,asthma,1,NON-URGENT,3,Combination of nausea + asthma,active
SC02174,nausea,asthma,2,NON-URGENT,3,Combination of nausea + asthma,active
SC02175,nausea,asthma,3,NON-URGENT,3,Combination of nausea + asthma,active
SC02176,nausea,asthma,4,NON-URGENT,3,Combination of nausea + asthma,active
SC02177,nausea,mild,1,NON-URGENT,3,Combination of nausea + mild,active
SC02178,nausea,mild,2,NON-URGENT,3,Combination of nausea + mild,active
SC02179,nausea,mild,3,NON-URGENT,3,Combination of nausea + mild,active
SC02180,nausea,mild,4,NON-URGENT,3,Combination of nausea + mild,active
SC02181,nausea,severe,1,NON-URGENT,3,Combination of nausea + severe,active
SC02182,nausea,severe,2,NON-URGENT,3,Combination of nausea + severe,active
SC02183,nausea,severe,3,NON-URGENT,3,Combination of nausea + severe,active
SC02184,nausea,severe,4,NON-URGENT,3,Combination of nausea + severe,active
SC02185,diarrhea,duration_3_days,1,NON-URGENT,3,Combination of diarrhea + duration_3_days,active
SC02186,diarrhea,duration_3_days,2,NON-URGENT,3,Combination of diarrhea + duration_3_days,active
SC02187,diarrhea,duration_3_days,3,NON-URGENT,3,Combination of diarrhea + duration_3_days,active
SC02188,diarrhea,duration_3_days,4,NON-URGENT,3,Combination of diarrhea + duration_3_days,active
SC02189,diarrhea,duration_5_plus,1,URGENT,6,Combination of diarrhea + duration_5_plus,active
SC02190,diarrhea,duration_5_plus,2,URGENT,6,Combination of diarrhea + duration_5_plus,active
SC02191,diarrhea,duration_5_plus,3,URGENT,6,Combination of diarrhea + duration_5_plus,active
SC02192,diarrhea,duration_5_plus,4,URGENT,6,Combination of diarrhea + duration_5_plus,active
SC02193,diarrhea,child,1,URGENT,3,Combination of diarrhea + child,active
SC02194,diarrhea,child,2,URGENT,3,Combination of diarrhea + child,active
SC02195,diarrhea,child,3,URGENT,3,Combination of diarrhea + child,active
SC02196,diarrhea,child,4,URGENT,3,Combination of diarrhea + child,active
SC02197,diarrhea,senior,1,URGENT,3,Combination of diarrhea + senior,active
SC02198,diarrhea,senior,2,URGENT,3,Combination of diarrhea + senior,active
SC02199,diarrhea,senior,3,URGENT,3,Combination of diarrhea + senior,active
SC02200,diarrhea,senior,4,URGENT,3,Combination of diarrhea + senior,active
SC02201,diarrhea,pregnancy,1,URGENT,3,Combination of diarrhea + pregnancy,active
SC02202,diarrhea,pregnancy,2,URGENT,3,Combination of diarrhea + pregnancy,active
SC02203,diarrhea,pregnancy,3,URGENT,3,Combination of diarrhea + pregnancy,active
SC02204,diarrhea,pregnancy,4,URGENT,3,Combination of diarrhea + pregnancy,active
SC02205,diarrhea,diabetes,1,NON-URGENT,3,Combination of diarrhea + diabetes,active
SC02206,diarrhea,diabetes,2,NON-URGENT,3,Combination of diarrhea + diabetes,active
SC02207,diarrhea,diabetes,3,NON-URGENT,3,Combination of diarrhea + diabetes,active
SC02208,diarrhea,diabetes,4,NON-URGENT,3,Combination of diarrhea + diabetes,active
SC02209,diarrhea,asthma,1,NON-URGENT,3,Combination of diarrhea + asthma,active
SC02210,diarrhea,asthma,2,NON-URGENT,3,Combination of diarrhea + asthma,active
SC02211,diarrhea,asthma,3,NON-URGENT,3,Combination of diarrhea + asthma,active
SC02212,diarrhea,asthma,4,NON-URGENT,3,Combination of diarrhea + asthma,active
SC02213,diarrhea,mild,1,NON-URGENT,3,Combination of diarrhea + mild,active
SC02214,diarrhea,mild,2,NON-URGENT,3,Combination of diarrhea + mild,active
SC02215,diarrhea,mild,3,NON-URGENT,3,Combination of diarrhea + mild,active
SC02216,diarrhea,mild,4,NON-URGENT,3,Combination of diarrhea + mild,active
SC02217,diarrhea,severe,1,NON-URGENT,3,Combination of diarrhea + severe,active
SC02218,diarrhea,severe,2,NON-URGENT,3,Combination of diarrhea + severe,active
SC02219,diarrhea,severe,3,NON-URGENT,3,Combination of diarrhea + severe,active
SC02220,diarrhea,severe,4,NON-URGENT,3,Combination of diarrhea + severe,active
SC02221,rash,duration_3_days,1,NON-URGENT,3,Combination of rash + duration_3_days,active
SC02222,rash,duration_3_days,2,NON-URGENT,3,Combination of rash + duration_3_days,active
SC02223,rash,duration_3_days,3,NON-URGENT,3,Combination of rash + duration_3_days,active
SC02224,rash,duration_3_days,4,NON-URGENT,3,Combination of rash + duration_3_days,active
SC02225,rash,duration_5_plus,1,URGENT,6,Combination of rash + duration_5_plus,active
SC02226,rash,duration_5_plus,2,URGENT,6,Combination of rash + duration_5_plus,active
SC02227,rash,duration_5_plus,3,URGENT,6,Combination of rash + duration_5_plus,active
SC02228,rash,duration_5_plus,4,URGENT,6,Combination of rash + duration_5_plus,active
SC02229,rash,child,1,URGENT,3,Combination of rash + child,active
SC02230,rash,child,2,URGENT,3,Combination of rash + child,active
SC02231,rash,child,3,URGENT,3,Combination of rash + child,active
SC02232,rash,child,4,URGENT,3,Combination of rash + child,active
SC02233,rash,senior,1,URGENT,3,Combination of rash + senior,active
SC02234,rash,senior,2,URGENT,3,Combination of rash + senior,active
SC02235,rash,senior,3,URGENT,3,Combination of rash + senior,active
SC02236,rash,senior,4,URGENT,3,Combination of rash + senior,active
SC02237,rash,pregnancy,1,URGENT,3,Combination of rash + pregnancy,active
SC02238,rash,pregnancy,2,URGENT,3,Combination of rash + pregnancy,active
SC02239,rash,pregnancy,3,URGENT,3,Combination of rash + pregnancy,active
SC02240,rash,pregnancy,4,URGENT,3,Combination of rash + pregnancy,active
SC02241,rash,diabetes,1,NON-URGENT,3,Combination of rash + diabetes,active
SC02242,rash,diabetes,2,NON-URGENT,3,Combination of rash + diabetes,active
SC02243,rash,diabetes,3,NON-URGENT,3,Combination of rash + diabetes,active
SC02244,rash,diabetes,4,NON-URGENT,3,Combination of rash + diabetes,active
SC02245,rash,asthma,1,NON-URGENT,3,Combination of rash + asthma,active
SC02246,rash,asthma,2,NON-URGENT,3,Combination of rash + asthma,active
SC02247,rash,asthma,3,NON-URGENT,3,Combination of rash + asthma,active
SC02248,rash,asthma,4,NON-URGENT,3,Combination of rash + asthma,active
SC02249,rash,mild,1,NON-URGENT,3,Combination of rash + mild,active
SC02250,rash,mild,2,NON-URGENT,3,Combination of rash + mild,active
SC02251,rash,mild,3,NON-URGENT,3,Combination of rash + mild,active
SC02252,rash,mild,4,NON-URGENT,3,Combination of rash + mild,active
SC02253,rash,severe,1,NON-URGENT,3,Combination of rash + severe,active
SC02254,rash,severe,2,NON-URGENT,3,Combination of rash + severe,active
SC02255,rash,severe,3,NON-URGENT,3,Combination of rash + severe,active
SC02256,rash,severe,4,NON-URGENT,3,Combination of rash + severe,active
SC02257,weakness,duration_3_days,1,NON-URGENT,3,Combination of weakness + duration_3_days,active
SC02258,weakness,duration_3_days,2,NON-URGENT,3,Combination of weakness + duration_3_days,active
SC02259,weakness,duration_3_days,3,NON-URGENT,3,Combination of weakness + duration_3_days,active
SC02260,weakness,duration_3_days,4,NON-URGENT,3,Combination of weakness + duration_3_days,active
SC02261,weakness,duration_5_plus,1,URGENT,6,Combination of weakness + duration_5_plus,active
SC02262,weakness,duration_5_plus,2,URGENT,6,Combination of weakness + duration_5_plus,active
SC02263,weakness,duration_5_plus,3,URGENT,6,Combination of weakness + duration_5_plus,active
SC02264,weakness,duration_5_plus,4,URGENT,6,Combination of weakness + duration_5_plus,active
SC02265,weakness,child,1,URGENT,3,Combination of weakness + child,active
SC02266,weakness,child,2,URGENT,3,Combination of weakness + child,active
SC02267,weakness,child,3,URGENT,3,Combination of weakness + child,active
SC02268,weakness,child,4,URGENT,3,Combination of weakness + child,active
SC02269,weakness,senior,1,URGENT,3,Combination of weakness + senior,active
SC02270,weakness,senior,2,URGENT,3,Combination of weakness + senior,active
SC02271,weakness,senior,3,URGENT,3,Combination of weakness + senior,active
SC02272,weakness,senior,4,URGENT,3,Combination of weakness + senior,active
SC02273,weakness,pregnancy,1,URGENT,3,Combination of weakness + pregnancy,active
SC02274,weakness,pregnancy,2,URGENT,3,Combination of weakness + pregnancy,active
SC02275,weakness,pregnancy,3,URGENT,3,Combination of weakness + pregnancy,active
SC02276,weakness,pregnancy,4,URGENT,3,Combination of weakness + pregnancy,active
SC02277,weakness,diabetes,1,NON-URGENT,3,Combination of weakness + diabetes,active
SC02278,weakness,diabetes,2,NON-URGENT,3,Combination of weakness + diabetes,active
SC02279,weakness,diabetes,3,NON-URGENT,3,Combination of weakness + diabetes,active
SC02280,weakness,diabetes,4,NON-URGENT,3,Combination of weakness + diabetes,active
SC02281,weakness,asthma,1,NON-URGENT,3,Combination of weakness + asthma,active
SC02282,weakness,asthma,2,NON-URGENT,3,Combination of weakness + asthma,active
SC02283,weakness,asthma,3,NON-URGENT,3,Combination of weakness + asthma,active
SC02284,weakness,asthma,4,NON-URGENT,3,Combination of weakness + asthma,active
SC02285,weakness,mild,1,NON-URGENT,3,Combination of weakness + mild,active
SC02286,weakness,mild,2,NON-URGENT,3,Combination of weakness + mild,active
SC02287,weakness,mild,3,NON-URGENT,3,Combination of weakness + mild,active
SC02288,weakness,mild,4,NON-URGENT,3,Combination of weakness + mild,active
SC02289,weakness,severe,1,NON-URGENT,3,Combination of weakness + severe,active
SC02290,weakness,severe,2,NON-URGENT,3,Combination of weakness + severe,active
SC02291,weakness,severe,3,NON-URGENT,3,Combination of weakness + severe,active
SC02292,weakness,severe,4,NON-URGENT,3,Combination of weakness + severe,active
SC02293,chills,duration_3_days,1,NON-URGENT,3,Combination of chills + duration_3_days,active
SC02294,chills,duration_3_days,2,NON-URGENT,3,Combination of chills + duration_3_days,active
SC02295,chills,duration_3_days,3,NON-URGENT,3,Combination of chills + duration_3_days,active
SC02296,chills,duration_3_days,4,NON-URGENT,3,Combination of chills + duration_3_days,active
SC02297,chills,duration_5_plus,1,URGENT,6,Combination of chills + duration_5_plus,active
SC02298,chills,duration_5_plus,2,URGENT,6,Combination of chills + duration_5_plus,active
SC02299,chills,duration_5_plus,3,URGENT,6,Combination of chills + duration_5_plus,active
SC02300,chills,duration_5_plus,4,URGENT,6,Combination of chills + duration_5_plus,active
SC02301,chills,child,1,URGENT,3,Combination of chills + child,active
SC02302,chills,child,2,URGENT,3,Combination of chills + child,active
SC02303,chills,child,3,URGENT,3,Combination of chills + child,active
SC02304,chills,child,4,URGENT,3,Combination of chills + child,active
SC02305,chills,senior,1,URGENT,3,Combination of chills + senior,active
SC02306,chills,senior,2,URGENT,3,Combination of chills + senior,active
SC02307,chills,senior,3,URGENT,3,Combination of chills + senior,active
SC02308,chills,senior,4,URGENT,3,Combination of chills + senior,active
SC02309,chills,pregnancy,1,URGENT,3,Combination of chills + pregnancy,active
SC02310,chills,pregnancy,2,URGENT,3,Combination of chills + pregnancy,active
SC02311,chills,pregnancy,3,URGENT,3,Combination of chills + pregnancy,active
SC02312,chills,pregnancy,4,URGENT,3,Combination of chills + pregnancy,active
SC02313,chills,diabetes,1,NON-URGENT,3,Combination of chills + diabetes,active
SC02314,chills,diabetes,2,NON-URGENT,3,Combination of chills + diabetes,active
SC02315,chills,diabetes,3,NON-URGENT,3,Combination of chills + diabetes,active
SC02316,chills,diabetes,4,NON-URGENT,3,Combination of chills + diabetes,active
SC02317,chills,asthma,1,NON-URGENT,3,Combination of chills + asthma,active
SC02318,chills,asthma,2,NON-URGENT,3,Combination of chills + asthma,active
SC02319,chills,asthma,3,NON-URGENT,3,Combination of chills + asthma,active
SC02320,chills,asthma,4,NON-URGENT,3,Combination of chills + asthma,active
SC02321,chills,mild,1,NON-URGENT,3,Combination of chills + mild,active
SC02322,chills,mild,2,NON-URGENT,3,Combination of chills + mild,active
SC02323,chills,mild,3,NON-URGENT,3,Combination of chills + mild,active
SC02324,chills,mild,4,NON-URGENT,3,Combination of chills + mild,active
SC02325,chills,severe,1,NON-URGENT,3,Combination of chills + severe,active
SC02326,chills,severe,2,NON-URGENT,3,Combination of chills + severe,active
SC02327,chills,severe,3,NON-URGENT,3,Combination of chills + severe,active
SC02328,chills,severe,4,NON-URGENT,3,Combination of chills + severe,active
