local_term,english_term,language,status
putol ang kamot ko,hand cut off,hiligaynon,active
putol ang kamot,hand cut off,hiligaynon,active
putol kamot ko,hand cut off,hiligaynon,active
naputol ang kamot,hand amputation,hiligaynon,active
putol ang tudlo ko,finger cut off,hiligaynon,active
nautod,amputation,hiligaynon,active
3 ka adlaw gahika ko,cough,hiligaynon,active
3 ka adlaw gahubag tiyan ko,abdominal swelling,hiligaynon,active
3 ka adlaw galuya lawas ko,body weakness,hiligaynon,active
3 ka adlaw gasakit ulo ko,head pain,hiligaynon,active
3 ka adlaw ginadudul-om ko,diarrhea,hiligaynon,active
3 ka adlaw ginahilanat ko,fever,hiligaynon,active
3 ka adlaw may nana akon mata,eye infection,hiligaynon,active
3 ka adlaw may pilas ko sa kamot,hand wound,hiligaynon,active
3 ka adlaw na gahubag kamot ko kag nagdugo kamot ko,hand swelling with bleeding,hiligaynon,active
3 ka adlaw na gahubag lawas ko kag gakatol lawas ko,body swelling with itching,hiligaynon,active
3 ka adlaw na gahubag mata ko kag gahika ko,eye swelling with cough,hiligaynon,active
3 ka adlaw na gahubag tungod ko kag ginahilanat ko,throat swelling with fever,hiligaynon,active
3 ka adlaw na galuya ko kag ginahilanat ko,weakness with fever,hiligaynon,active
3 ka adlaw na gasakit ulo ko kag ginahilanat ko,head pain with fever,hiligaynon,active
3 ka adlaw na ginahilanat ko kag ginabaldom ko,fever with abdominal pain,hiligaynon,active
3 ka adlaw na ginahilanat ko kag ubo ko,fever with cough,hiligaynon,active
3 ka adlaw na ginasuka ko kag ginadudul-om ko,vomiting with diarrhea,hiligaynon,active
3 ka adlaw na may nana mata ko kag gapula mata ko,eye infection with red eye,hiligaynon,active
3 ka adlaw na nagdugo pilas ko kag ginahilanat ko,bleeding wound with fever,hiligaynon,active
3 ka adlaw na nagdugo ulo ko kag nahilo ko,head bleeding with dizziness,hiligaynon,active
3 ka adlaw na nahilo ko kag ginahilanat ko,dizziness with fever,hiligaynon,active
3 ka adlaw na sakit dughan ko kag dula ginhawa ko,chest pain with shortness of breath,hiligaynon,active
3 ka adlaw na sakit dughan ko kag gahika ko,chest pain with cough,hiligaynon,active
3 ka adlaw na sakit likod ko kag galuya ko,back pain with weakness,hiligaynon,active
3 ka adlaw na sakit tiyan ko kag ginasuka ko,abdominal pain with nausea,hiligaynon,active
3 ka adlaw na sakit ulo ko kag ginahilanat ko,headache with fever,hiligaynon,active
38 hilanat ko,fever,hiligaynon,active
39 hilanat ko,high fever,hiligaynon,active
5 ka adlaw gahika ko,cough,hiligaynon,active
5 ka adlaw gahubag tiyan ko,abdominal swelling,hiligaynon,active
5 ka adlaw galuya lawas ko,body weakness,hiligaynon,active
5 ka adlaw gasakit ulo ko,head pain,hiligaynon,active
5 ka adlaw ginadudul-om ko,diarrhea,hiligaynon,active
5 ka adlaw ginahilanat ko,fever,hiligaynon,active
5 ka adlaw may nana akon mata,eye infection,hiligaynon,active
5 ka adlaw may pilas ko sa kamot,hand wound,hiligaynon,active
abaga,shoulder,hiligaynon,active
abdominal pain,abdominal pain,hiligaynon,active
abscess,abscess,hiligaynon,active
acid reflux,gastroesophageal reflux disease,hiligaynon,active
acne,acne,hiligaynon,active
adenoid,adenoid hypertrophy,hiligaynon,active
adhesive allergy,contact dermatitis,hiligaynon,active
afib,atrial fibrillation,hiligaynon,active
aids,hiv/aids,hiligaynon,active
alergic,allergy,hiligaynon,active
alergies,allergy,hiligaynon,active
alergy,allergy,hiligaynon,active
alergy sa dust,dust mite allergy,hiligaynon,active
alergy sa mani,peanut allergy,hiligaynon,active
alergy sa pagkaon,food allergy,hiligaynon,active
alergy sa penicilin,penicillin allergy,hiligaynon,active
alergy sa seafood,shellfish allergy,hiligaynon,active
alikabok allergy,dust mite allergy,hiligaynon,active
alipunga,fungal infection,hiligaynon,active
alipunga sa paa,tinea pedis,hiligaynon,active
allergic,allergy,hiligaynon,active
allergic ako sa,allergy,hiligaynon,active
allergic ako sa dust,dust mite allergy,hiligaynon,active
allergic ako sa eggs,egg allergy,hiligaynon,active
allergic ako sa milk,milk allergy,hiligaynon,active
allergic ako sa peanuts,peanut allergy,hiligaynon,active
allergic ako sa penicillin,penicillin allergy,hiligaynon,active
allergic ako sa seafood,shellfish allergy,hiligaynon,active
allergic ako sa shrimp,shrimp allergy,hiligaynon,active
allergic ako sa sulfa drugs,sulfa allergy,hiligaynon,active
allergic reaction,allergic reaction,hiligaynon,active
allergic sa alikabok,dust mite allergy,hiligaynon,active
allergic sa alimango,crab allergy,hiligaynon,active
allergic sa amag,mold allergy,hiligaynon,active
allergic sa antibiotic,antibiotic allergy,hiligaynon,active
allergic sa aso,dog dander allergy,hiligaynon,active
allergic sa aspirin,aspirin allergy,hiligaynon,active
allergic sa baboy,pork allergy,hiligaynon,active
allergic sa biogesic,acetaminophen sensitivity,hiligaynon,active
allergic sa bubuyog,bee sting allergy,hiligaynon,active
allergic sa bulakla,pollen allergy,hiligaynon,active
allergic sa detergent,detergent sensitivity,hiligaynon,active
allergic sa dust,dust mite allergy,hiligaynon,active
allergic sa gamot,drug allergy,hiligaynon,active
allergic sa gatas,milk allergy,hiligaynon,active
allergic sa grass,grass pollen allergy,hiligaynon,active
allergic sa harina,wheat allergy,hiligaynon,active
allergic sa hipon,shrimp allergy,hiligaynon,active
allergic sa ipis,cockroach allergen,hiligaynon,active
allergic sa isda,fish allergy,hiligaynon,active
allergic sa itlog,egg allergy,hiligaynon,active
allergic sa lamang-dagat,seafood allergy,hiligaynon,active
allergic sa lamok,mosquito bite allergy,hiligaynon,active
allergic sa latex,latex allergy,hiligaynon,active
allergic sa lotion,contact dermatitis,hiligaynon,active
allergic sa mani,peanut allergy,hiligaynon,active
allergic sa manok,poultry allergy,hiligaynon,active
allergic sa mefenamic,nsaid allergy,hiligaynon,active
allergic sa pagkain,food allergy,hiligaynon,active
allergic sa pagkaon,food allergy,hiligaynon,active
allergic sa penicillin,penicillin allergy,hiligaynon,active
allergic sa perfume,fragrance sensitivity,hiligaynon,active
allergic sa pollen,pollen allergy,hiligaynon,active
allergic sa prutas,fruit allergy,hiligaynon,active
allergic sa pusa,cat dander allergy,hiligaynon,active
allergic sa putik,contact dermatitis,hiligaynon,active
allergic sa rubber,latex allergy,hiligaynon,active
allergic sa sabon,soap sensitivity,hiligaynon,active
allergic sa saging,banana allergy,hiligaynon,active
allergic sa sigarilyo,tobacco smoke sensitivity,hiligaynon,active
allergic sa sulfa,sulfa allergy,hiligaynon,active
allergic sa tinapay,wheat allergy,hiligaynon,active
allergic sa usok,smoke sensitivity,hiligaynon,active
allergies,allergy,hiligaynon,active
allergy,allergy,hiligaynon,active
allergy attack,allergic reaction,hiligaynon,active
allergy rash,allergic reaction,hiligaynon,active
allergy sa alikabok,dust mite allergy,hiligaynon,active
allergy sa alikabok sa balay,dust mite allergy,hiligaynon,active
allergy sa alimango,crab allergy,hiligaynon,active
allergy sa amag,mold allergy,hiligaynon,active
allergy sa amoxicillin,amoxicillin allergy,hiligaynon,active
allergy sa anesthesia,anesthesia allergy,hiligaynon,active
allergy sa ant,fire ant sting allergy,hiligaynon,active
allergy sa antibiotic,antibiotic allergy,hiligaynon,active
allergy sa aspirin,aspirin allergy,hiligaynon,active
allergy sa baboy,pork allergy,hiligaynon,active
allergy sa bagoong,shellfish allergy,hiligaynon,active
allergy sa baybay,seafood allergy,hiligaynon,active
allergy sa bee,bee sting allergy,hiligaynon,active
allergy sa beef,beef allergy,hiligaynon,active
allergy sa biogesic,acetaminophen sensitivity,hiligaynon,active
allergy sa bleach,chemical allergy,hiligaynon,active
allergy sa bugas,wheat allergy,hiligaynon,active
allergy sa bulak,pollen allergy,hiligaynon,active
allergy sa bulong,drug allergy,hiligaynon,active
allergy sa buyo,bee sting allergy,hiligaynon,active
allergy sa buyo-buyo,bee sting allergy,hiligaynon,active
allergy sa cat,cat dander allergy,hiligaynon,active
allergy sa chemical,chemical allergy,hiligaynon,active
allergy sa chicken,poultry allergy,hiligaynon,active
allergy sa chocolate,food allergy,hiligaynon,active
allergy sa cockroach,cockroach allergen,hiligaynon,active
allergy sa coconut,coconut allergy,hiligaynon,active
allergy sa codeine,opioid allergy,hiligaynon,active
allergy sa contrast,contrast dye allergy,hiligaynon,active
allergy sa corn,corn allergy,hiligaynon,active
allergy sa dagat,seafood allergy,hiligaynon,active
allergy sa detergent,detergent sensitivity,hiligaynon,active
allergy sa dust,dust mite allergy,hiligaynon,active
allergy sa dust sa balay,dust mite allergy,hiligaynon,active
allergy sa egg,egg allergy,hiligaynon,active
allergy sa eye drops,medication allergy,hiligaynon,active
allergy sa flu vaccine,vaccine allergy,hiligaynon,active
allergy sa gabi,taro allergy,hiligaynon,active
allergy sa gamot na ito,drug allergy,hiligaynon,active
allergy sa gatas,milk allergy,hiligaynon,active
allergy sa gatas sang baka,milk allergy,hiligaynon,active
allergy sa ginamos,shellfish allergy,hiligaynon,active
allergy sa gloves,latex allergy,hiligaynon,active
allergy sa gluten,gluten allergy,hiligaynon,active
allergy sa hangin,environmental allergy,hiligaynon,active
allergy sa harina,wheat allergy,hiligaynon,active
allergy sa hayop,animal dander allergy,hiligaynon,active
allergy sa hipon,shrimp allergy,hiligaynon,active
allergy sa hornet,wasp sting allergy,hiligaynon,active
allergy sa iodine,iodine allergy,hiligaynon,active
allergy sa iring,cat dander allergy,hiligaynon,active
allergy sa iro,dog dander allergy,hiligaynon,active
allergy sa iro sa balay,dog dander allergy,hiligaynon,active
allergy sa isda,fish allergy,hiligaynon,active
allergy sa itlog,egg allergy,hiligaynon,active
allergy sa itlog manok,egg allergy,hiligaynon,active
allergy sa kanding,animal dander allergy,hiligaynon,active
allergy sa karagatan,seafood allergy,hiligaynon,active
allergy sa karne,meat allergy,hiligaynon,active
allergy sa lamian,shellfish allergy,hiligaynon,active
allergy sa lamok,mosquito bite allergy,hiligaynon,active
allergy sa lamok bite,mosquito bite allergy,hiligaynon,active
allergy sa latex,latex allergy,hiligaynon,active
allergy sa lidocaine,local anesthetic allergy,hiligaynon,active
allergy sa liso,soy allergy,hiligaynon,active
allergy sa mais,corn allergy,hiligaynon,active
allergy sa mangga,fruit allergy,hiligaynon,active
allergy sa mani,peanut allergy,hiligaynon,active
allergy sa manok,poultry allergy,hiligaynon,active
allergy sa manok feather,feather allergy,hiligaynon,active
allergy sa medicine,drug allergy,hiligaynon,active
allergy sa mefenamic,nsaid allergy,hiligaynon,active
allergy sa milk,milk allergy,hiligaynon,active
allergy sa mold,mold allergy,hiligaynon,active
allergy sa morphine,opioid allergy,hiligaynon,active
allergy sa mosquito,mosquito bite allergy,hiligaynon,active
allergy sa msg,msg sensitivity,hiligaynon,active
allergy sa mustard,mustard allergy,hiligaynon,active
allergy sa neomycin,neomycin allergy,hiligaynon,active
allergy sa nsaid,nsaid allergy,hiligaynon,active
allergy sa ointment,medication allergy,hiligaynon,active
allergy sa pagkaon,food allergy,hiligaynon,active
allergy sa painkiller,nsaid allergy,hiligaynon,active
allergy sa panahon,seasonal allergic rhinitis,hiligaynon,active
allergy sa panit,contact dermatitis,hiligaynon,active
allergy sa paracetamol,acetaminophen sensitivity,hiligaynon,active
allergy sa patis,fish allergy,hiligaynon,active
allergy sa peanut butter,peanut allergy,hiligaynon,active
allergy sa peanuts,peanut allergy,hiligaynon,active
allergy sa penicillin,penicillin allergy,hiligaynon,active
allergy sa perfume,fragrance sensitivity,hiligaynon,active
allergy sa pollen,pollen allergy,hiligaynon,active
allergy sa pollen grass,grass pollen allergy,hiligaynon,active
allergy sa prutas,fruit allergy,hiligaynon,active
allergy sa pusit,shellfish allergy,hiligaynon,active
allergy sa putyukan,wasp sting allergy,hiligaynon,active
allergy sa rice,rice allergy,hiligaynon,active
allergy sa rubber,latex allergy,hiligaynon,active
allergy sa sabon,soap sensitivity,hiligaynon,active
allergy sa saging,banana allergy,hiligaynon,active
allergy sa seafood,shellfish allergy,hiligaynon,active
allergy sa seasoning,food allergy,hiligaynon,active
allergy sa sesame,sesame allergy,hiligaynon,active
allergy sa shrimp paste,shellfish allergy,hiligaynon,active
allergy sa sigarilyo,tobacco smoke sensitivity,hiligaynon,active
allergy sa soy,soy allergy,hiligaynon,active
allergy sa squid,shellfish allergy,hiligaynon,active
allergy sa strawberry,strawberry allergy,hiligaynon,active
allergy sa sulfa,sulfa allergy,hiligaynon,active
allergy sa sulfa drug,sulfa allergy,hiligaynon,active
allergy sa swaki,shellfish allergy,hiligaynon,active
allergy sa tahong,shellfish allergy,hiligaynon,active
allergy sa talaba,shellfish allergy,hiligaynon,active
allergy sa tambal,drug allergy,hiligaynon,active
allergy sa tambal nga antibiotic,antibiotic allergy,hiligaynon,active
allergy sa tambal nga aspirin,aspirin allergy,hiligaynon,active
allergy sa tetanus,vaccine allergy,hiligaynon,active
allergy sa topical,medication allergy,hiligaynon,active
allergy sa toyo,soy allergy,hiligaynon,active
allergy sa uban,mold allergy,hiligaynon,active
allergy sa usok,smoke sensitivity,hiligaynon,active
allergy sa utanan,tree nut allergy,hiligaynon,active
allergy sa uyap,shrimp allergy,hiligaynon,active
allergy sa vaccine,vaccine allergy,hiligaynon,active
allergy sa wasp,wasp sting allergy,hiligaynon,active
allergy sa wheat,wheat allergy,hiligaynon,active
almond allergy,tree nut allergy,hiligaynon,active
almoranas,hemorrhoids,hiligaynon,active
alta presyon,hypertension,hiligaynon,active
alta presyon ko,hypertension,hiligaynon,active
altakolesterol,hyperlipidemia,hiligaynon,active
altapresion,hypertension,hiligaynon,active
altapresyon,hypertension,hiligaynon,active
altapresyon ko,hypertension,hiligaynon,active
alzheimer,alzheimer disease,hiligaynon,active
amoebiasis,amoebiasis,hiligaynon,active
amoxicillin allergy,amoxicillin allergy,hiligaynon,active
an-an,tinea versicolor,hiligaynon,active
anaphylactic,anaphylaxis,hiligaynon,active
anaphylaxis,anaphylaxis,hiligaynon,active
anemia,anemia,hiligaynon,active
anemic,anemia,hiligaynon,active
angina,angina,hiligaynon,active
ano ang buhaton budlay magginhawa ko,difficulty breathing,hiligaynon,active
ano ang buhaton gasakit dughan ko,chest pain,hiligaynon,active
ano ang buhaton ginkagat sang ido ko,dog bite,hiligaynon,active
ano ang buhaton may nana akon mata,eye infection,hiligaynon,active
ano ang buhaton nabali kamot ko,hand fracture,hiligaynon,active
ano ang buhaton nagdugo ulo ko,head bleeding,hiligaynon,active
ano ang buhaton nga budlay magginhawa ko,difficulty breathing,hiligaynon,active
ano ang buhaton nga gasakit dughan ko,chest pain,hiligaynon,active
ano ang buhaton nga ginkagat sang ido ko,dog bite,hiligaynon,active
ano ang buhaton nga may nana akon mata,eye infection,hiligaynon,active
ano ang buhaton nga nabali kamot ko,hand fracture,hiligaynon,active
ano ang buhaton nga nagdugo ulo ko,head bleeding,hiligaynon,active
antibiotic allergy,antibiotic allergy,hiligaynon,active
anxiety,anxiety disorder,hiligaynon,active
anxity,anxiety disorder,hiligaynon,active
appendicitis,appendicitis,hiligaynon,active
appendix,appendicitis,hiligaynon,active
apple allergy,apple allergy,hiligaynon,active
arthiritis,arthritis,hiligaynon,active
arthitis,arthritis,hiligaynon,active
arthritis,arthritis,hiligaynon,active
arthritis sa tuhod,osteoarthritis,hiligaynon,active
asma,asthma,hiligaynon,active
asma attack,asthma,hiligaynon,active
asma sa bata,asthma,hiligaynon,active
aspirin allergy,aspirin allergy,hiligaynon,active
asthma,asthma,hiligaynon,active
asthma attack,asthma,hiligaynon,active
asukal,diabetes,hiligaynon,active
atake puso,heart attack,hiligaynon,active
atake sa puso,heart attack,hiligaynon,active
atake sa utok,stroke,hiligaynon,active
atay,liver,hiligaynon,active
athlete foot,tinea pedis,hiligaynon,active
atopic dermatitis,atopic dermatitis,hiligaynon,active
atrial fibrillation,atrial fibrillation,hiligaynon,active
augmentin allergy,amoxicillin allergy,hiligaynon,active
avocado allergy,avocado allergy,hiligaynon,active
awang,jaw,hiligaynon,active
b12 deficiency,vitamin b12 deficiency,hiligaynon,active
baba,mouth,hiligaynon,active
back pain,back pain,hiligaynon,active
bag-o lang budlay gid gid ko magginhawa subong gid,difficulty breathing,hiligaynon,active
bag-o lang budlay gid gid ko magginhawa subong gid ko,difficulty breathing,hiligaynon,active
bag-o lang budlay gid gid ko magginhawa subong ko gid,difficulty breathing,hiligaynon,active
bag-o lang budlay gid gid ko magginhawa subong man,difficulty breathing,hiligaynon,active
bag-o lang budlay gid gid ko magginhawa subong na gid,difficulty breathing,hiligaynon,active
bag-o lang budlay gid ko mag ginhawa subong gid,difficulty breathing,hiligaynon,active
bag-o lang budlay gid ko mag ginhawa subong gid ko,difficulty breathing,hiligaynon,active
bag-o lang budlay gid ko mag ginhawa subong ko gid,difficulty breathing,hiligaynon,active
bag-o lang budlay gid ko mag ginhawa subong man,difficulty breathing,hiligaynon,active
bag-o lang budlay gid ko mag ginhawa subong na gid,difficulty breathing,hiligaynon,active
bag-o lang budlay gid ko magginhawa subong gid,difficulty breathing,hiligaynon,active
bag-o lang budlay gid ko magginhawa subong gid ko,difficulty breathing,hiligaynon,active
bag-o lang budlay gid ko magginhawa subong ko gid,difficulty breathing,hiligaynon,active
bag-o lang budlay gid ko magginhawa subong man,difficulty breathing,hiligaynon,active
bag-o lang budlay gid ko magginhawa subong na gid,difficulty breathing,hiligaynon,active
bag-o lang budlay gid ku magginhawa subong gid,difficulty breathing,hiligaynon,active
bag-o lang budlay gid ku magginhawa subong gid ko,difficulty breathing,hiligaynon,active
bag-o lang budlay gid ku magginhawa subong ko gid,difficulty breathing,hiligaynon,active
bag-o lang budlay gid ku magginhawa subong man,difficulty breathing,hiligaynon,active
bag-o lang budlay gid ku magginhawa subong na gid,difficulty breathing,hiligaynon,active
bag-o lang gahabok dila ko gid gid,swollen tongue,hiligaynon,active
bag-o lang gahabok dila ko gid gid ko,swollen tongue,hiligaynon,active
bag-o lang gahabok dila ko gid ko gid,swollen tongue,hiligaynon,active
bag-o lang gahabok dila ko gid man,swollen tongue,hiligaynon,active
bag-o lang gahabok dila ko gid na gid,swollen tongue,hiligaynon,active
bag-o lang gahabok dila ku gid gid,swollen tongue,hiligaynon,active
bag-o lang gahabok dila ku gid gid ko,swollen tongue,hiligaynon,active
bag-o lang gahabok dila ku gid ko gid,swollen tongue,hiligaynon,active
bag-o lang gahabok dila ku gid man,swollen tongue,hiligaynon,active
bag-o lang gahabok dila ku gid na gid,swollen tongue,hiligaynon,active
bag-o lang gahika ko,cough,hiligaynon,active
bag-o lang gahubag dila ko gid gid,swollen tongue,hiligaynon,active
bag-o lang gahubag dila ko gid gid ko,swollen tongue,hiligaynon,active
bag-o lang gahubag dila ko gid ko gid,swollen tongue,hiligaynon,active
bag-o lang gahubag dila ko gid man,swollen tongue,hiligaynon,active
bag-o lang gahubag dila ko gid na gid,swollen tongue,hiligaynon,active
bag-o lang gahubag tiyan ko,abdominal swelling,hiligaynon,active
bag-o lang galuya lawas ko,body weakness,hiligaynon,active
bag-o lang galuya lawas ko kag kapoy gid gid,body weakness with severe fatigue,hiligaynon,active
bag-o lang galuya lawas ko kag kapoy gid gid ko,body weakness with severe fatigue,hiligaynon,active
bag-o lang galuya lawas ko kag kapoy gid ko gid,body weakness with severe fatigue,hiligaynon,active
bag-o lang galuya lawas ko kag kapoy gid man,body weakness with severe fatigue,hiligaynon,active
bag-o lang galuya lawas ko kag kapoy gid na gid,body weakness with severe fatigue,hiligaynon,active
bag-o lang gapula mata ko kag gakatol gid,red itchy eyes,hiligaynon,active
bag-o lang gapula mata ko kag gakatol gid ko,red itchy eyes,hiligaynon,active
bag-o lang gapula mata ko kag gakatol ko gid,red itchy eyes,hiligaynon,active
bag-o lang gapula mata ko kag gakatol man,red itchy eyes,hiligaynon,active
bag-o lang gapula mata ko kag gakatol na gid,red itchy eyes,hiligaynon,active
bag-o lang gasakit ulo ko,head pain,hiligaynon,active
bag-o lang gasakit ulo ko karon gid,head pain,hiligaynon,active
bag-o lang gasakit ulo ko karon gid ko,head pain,hiligaynon,active
bag-o lang gasakit ulo ko karon ko gid,head pain,hiligaynon,active
bag-o lang gasakit ulo ko karon man,head pain,hiligaynon,active
bag-o lang gasakit ulo ko karon na gid,head pain,hiligaynon,active
bag-o lang gin kagat sang ido ko kag nagdugo gid,dog bite with bleeding,hiligaynon,active
bag-o lang gin kagat sang ido ko kag nagdugo gid ko,dog bite with bleeding,hiligaynon,active
bag-o lang gin kagat sang ido ko kag nagdugo ko gid,dog bite with bleeding,hiligaynon,active
bag-o lang gin kagat sang ido ko kag nagdugo man,dog bite with bleeding,hiligaynon,active
bag-o lang gin kagat sang ido ko kag nagdugo na gid,dog bite with bleeding,hiligaynon,active
bag-o lang ginadudul-om ko,diarrhea,hiligaynon,active
bag-o lang ginahilanat ko,fever,hiligaynon,active
bag-o lang ginkagat sang ido ko kag nag dugo gid,dog bite with bleeding,hiligaynon,active
bag-o lang ginkagat sang ido ko kag nag dugo gid ko,dog bite with bleeding,hiligaynon,active
bag-o lang ginkagat sang ido ko kag nag dugo ko gid,dog bite with bleeding,hiligaynon,active
bag-o lang ginkagat sang ido ko kag nag dugo man,dog bite with bleeding,hiligaynon,active
bag-o lang ginkagat sang ido ko kag nag dugo na gid,dog bite with bleeding,hiligaynon,active
bag-o lang ginkagat sang ido ko kag nagdugo gid,dog bite with bleeding,hiligaynon,active
bag-o lang ginkagat sang ido ko kag nagdugo gid ko,dog bite with bleeding,hiligaynon,active
bag-o lang ginkagat sang ido ko kag nagdugo ko gid,dog bite with bleeding,hiligaynon,active
bag-o lang ginkagat sang ido ko kag nagdugo man,dog bite with bleeding,hiligaynon,active
bag-o lang ginkagat sang ido ko kag nagdugo na gid,dog bite with bleeding,hiligaynon,active
bag-o lang ginkagat sang ido ku kag nagdugo gid,dog bite with bleeding,hiligaynon,active
bag-o lang ginkagat sang ido ku kag nagdugo gid ko,dog bite with bleeding,hiligaynon,active
bag-o lang ginkagat sang ido ku kag nagdugo ko gid,dog bite with bleeding,hiligaynon,active
bag-o lang ginkagat sang ido ku kag nagdugo man,dog bite with bleeding,hiligaynon,active
bag-o lang ginkagat sang ido ku kag nagdugo na gid,dog bite with bleeding,hiligaynon,active
bag-o lang ginsumbag ko kag nabun-og ulo gid,physical assault with head bruise,hiligaynon,active
bag-o lang ginsumbag ko kag nabun-og ulo gid ko,physical assault with head bruise,hiligaynon,active
bag-o lang ginsumbag ko kag nabun-og ulo ko gid,physical assault with head bruise,hiligaynon,active
bag-o lang ginsumbag ko kag nabun-og ulo man,physical assault with head bruise,hiligaynon,active
bag-o lang ginsumbag ko kag nabun-og ulo na gid,physical assault with head bruise,hiligaynon,active
bag-o lang ginsumbag ku kag nabun-og ulo gid,physical assault with head bruise,hiligaynon,active
bag-o lang ginsumbag ku kag nabun-og ulo gid ko,physical assault with head bruise,hiligaynon,active
bag-o lang ginsumbag ku kag nabun-og ulo ko gid,physical assault with head bruise,hiligaynon,active
bag-o lang ginsumbag ku kag nabun-og ulo man,physical assault with head bruise,hiligaynon,active
bag-o lang ginsumbag ku kag nabun-og ulo na gid,physical assault with head bruise,hiligaynon,active
bag-o lang may nana akon mata,eye infection,hiligaynon,active
bag-o lang may nana akon mata subong gid,eye infection,hiligaynon,active
bag-o lang may nana akon mata subong gid ko,eye infection,hiligaynon,active
bag-o lang may nana akon mata subong ko gid,eye infection,hiligaynon,active
bag-o lang may nana akon mata subong man,eye infection,hiligaynon,active
bag-o lang may nana akon mata subong na gid,eye infection,hiligaynon,active
bag-o lang may pilas ko sa kamot,hand wound,hiligaynon,active
bag-o lang may pilas ko sa kamot kag nag dugo gid,bleeding hand wound,hiligaynon,active
bag-o lang may pilas ko sa kamot kag nag dugo gid ko,bleeding hand wound,hiligaynon,active
bag-o lang may pilas ko sa kamot kag nag dugo ko gid,bleeding hand wound,hiligaynon,active
bag-o lang may pilas ko sa kamot kag nag dugo man,bleeding hand wound,hiligaynon,active
bag-o lang may pilas ko sa kamot kag nag dugo na gid,bleeding hand wound,hiligaynon,active
bag-o lang may pilas ko sa kamot kag nagdugo gid,bleeding hand wound,hiligaynon,active
bag-o lang may pilas ko sa kamot kag nagdugo gid ko,bleeding hand wound,hiligaynon,active
bag-o lang may pilas ko sa kamot kag nagdugo ko gid,bleeding hand wound,hiligaynon,active
bag-o lang may pilas ko sa kamot kag nagdugo man,bleeding hand wound,hiligaynon,active
bag-o lang may pilas ko sa kamot kag nagdugo na gid,bleeding hand wound,hiligaynon,active
bag-o lang may pilas ku sa kamot kag nagdugo gid,bleeding hand wound,hiligaynon,active
bag-o lang may pilas ku sa kamot kag nagdugo gid ko,bleeding hand wound,hiligaynon,active
bag-o lang may pilas ku sa kamot kag nagdugo ko gid,bleeding hand wound,hiligaynon,active
bag-o lang may pilas ku sa kamot kag nagdugo man,bleeding hand wound,hiligaynon,active
bag-o lang may pilas ku sa kamot kag nagdugo na gid,bleeding hand wound,hiligaynon,active
bag-o lang nabali kamot ko sang natumba gid,hand fracture,hiligaynon,active
bag-o lang nabali kamot ko sang natumba gid ko,hand fracture,hiligaynon,active
bag-o lang nabali kamot ko sang natumba ko gid,hand fracture,hiligaynon,active
bag-o lang nabali kamot ko sang natumba man,hand fracture,hiligaynon,active
bag-o lang nabali kamot ko sang natumba na gid,hand fracture,hiligaynon,active
bag-o lang nabali kamot ku sang natumba gid,hand fracture,hiligaynon,active
bag-o lang nabali kamot ku sang natumba gid ko,hand fracture,hiligaynon,active
bag-o lang nabali kamot ku sang natumba ko gid,hand fracture,hiligaynon,active
bag-o lang nabali kamot ku sang natumba man,hand fracture,hiligaynon,active
bag-o lang nabali kamot ku sang natumba na gid,hand fracture,hiligaynon,active
bag-o lang nabali na kamot ko sang natumba gid,hand fracture,hiligaynon,active
bag-o lang nabali na kamot ko sang natumba gid ko,hand fracture,hiligaynon,active
bag-o lang nabali na kamot ko sang natumba ko gid,hand fracture,hiligaynon,active
bag-o lang nabali na kamot ko sang natumba man,hand fracture,hiligaynon,active
bag-o lang nabali na kamot ko sang natumba na gid,hand fracture,hiligaynon,active
bag-o lang nabunggo ko sa salakyan kag nag dugo ulo gid,vehicle collision with head bleeding,hiligaynon,active
bag-o lang nabunggo ko sa salakyan kag nag dugo ulo gid ko,vehicle collision with head bleeding,hiligaynon,active
bag-o lang nabunggo ko sa salakyan kag nag dugo ulo ko gid,vehicle collision with head bleeding,hiligaynon,active
bag-o lang nabunggo ko sa salakyan kag nag dugo ulo man,vehicle collision with head bleeding,hiligaynon,active
bag-o lang nabunggo ko sa salakyan kag nag dugo ulo na gid,vehicle collision with head bleeding,hiligaynon,active
bag-o lang nabunggo ko sa salakyan kag nagdugo ulo gid,vehicle collision with head bleeding,hiligaynon,active
bag-o lang nabunggo ko sa salakyan kag nagdugo ulo gid ko,vehicle collision with head bleeding,hiligaynon,active
bag-o lang nabunggo ko sa salakyan kag nagdugo ulo ko gid,vehicle collision with head bleeding,hiligaynon,active
bag-o lang nabunggo ko sa salakyan kag nagdugo ulo man,vehicle collision with head bleeding,hiligaynon,active
bag-o lang nabunggo ko sa salakyan kag nagdugo ulo na gid,vehicle collision with head bleeding,hiligaynon,active
bag-o lang nabunggo ku sa salakyan kag nagdugo ulo gid,vehicle collision with head bleeding,hiligaynon,active
bag-o lang nabunggo ku sa salakyan kag nagdugo ulo gid ko,vehicle collision with head bleeding,hiligaynon,active
bag-o lang nabunggo ku sa salakyan kag nagdugo ulo ko gid,vehicle collision with head bleeding,hiligaynon,active
bag-o lang nabunggo ku sa salakyan kag nagdugo ulo man,vehicle collision with head bleeding,hiligaynon,active
bag-o lang nabunggo ku sa salakyan kag nagdugo ulo na gid,vehicle collision with head bleeding,hiligaynon,active
bag-o lang nag dugo ulo ko pagkatapos natumba gid,head bleeding after fall,hiligaynon,active
bag-o lang nag dugo ulo ko pagkatapos natumba gid ko,head bleeding after fall,hiligaynon,active
bag-o lang nag dugo ulo ko pagkatapos natumba ko gid,head bleeding after fall,hiligaynon,active
bag-o lang nag dugo ulo ko pagkatapos natumba man,head bleeding after fall,hiligaynon,active
bag-o lang nag dugo ulo ko pagkatapos natumba na gid,head bleeding after fall,hiligaynon,active
bag-o lang nagdugo ulo ko pagkatapos natumba gid,head bleeding after fall,hiligaynon,active
bag-o lang nagdugo ulo ko pagkatapos natumba gid ko,head bleeding after fall,hiligaynon,active
bag-o lang nagdugo ulo ko pagkatapos natumba ko gid,head bleeding after fall,hiligaynon,active
bag-o lang nagdugo ulo ko pagkatapos natumba man,head bleeding after fall,hiligaynon,active
bag-o lang nagdugo ulo ko pagkatapos natumba na gid,head bleeding after fall,hiligaynon,active
bag-o lang nagdugo ulo ku pagkatapos natumba gid,head bleeding after fall,hiligaynon,active
bag-o lang nagdugo ulo ku pagkatapos natumba gid ko,head bleeding after fall,hiligaynon,active
bag-o lang nagdugo ulo ku pagkatapos natumba ko gid,head bleeding after fall,hiligaynon,active
bag-o lang nagdugo ulo ku pagkatapos natumba man,head bleeding after fall,hiligaynon,active
bag-o lang nagdugo ulo ku pagkatapos natumba na gid,head bleeding after fall,hiligaynon,active
bag-o lang nakuryente ko sang kuryente gid,electrical injury,hiligaynon,active
bag-o lang nakuryente ko sang kuryente gid ko,electrical injury,hiligaynon,active
bag-o lang nakuryente ko sang kuryente ko gid,electrical injury,hiligaynon,active
bag-o lang nakuryente ko sang kuryente man,electrical injury,hiligaynon,active
bag-o lang nakuryente ko sang kuryente na gid,electrical injury,hiligaynon,active
bag-o lang nakuryente ku sang kuryente gid,electrical injury,hiligaynon,active
bag-o lang nakuryente ku sang kuryente gid ko,electrical injury,hiligaynon,active
bag-o lang nakuryente ku sang kuryente ko gid,electrical injury,hiligaynon,active
bag-o lang nakuryente ku sang kuryente man,electrical injury,hiligaynon,active
bag-o lang nakuryente ku sang kuryente na gid,electrical injury,hiligaynon,active
bag-o lang nautod na tudlo ko sang makina gid,amputated finger,hiligaynon,active
bag-o lang nautod na tudlo ko sang makina gid ko,amputated finger,hiligaynon,active
bag-o lang nautod na tudlo ko sang makina ko gid,amputated finger,hiligaynon,active
bag-o lang nautod na tudlo ko sang makina man,amputated finger,hiligaynon,active
bag-o lang nautod na tudlo ko sang makina na gid,amputated finger,hiligaynon,active
bag-o lang nautod tudlo ko sang makina gid,amputated finger,hiligaynon,active
bag-o lang nautod tudlo ko sang makina gid ko,amputated finger,hiligaynon,active
bag-o lang nautod tudlo ko sang makina ko gid,amputated finger,hiligaynon,active
bag-o lang nautod tudlo ko sang makina man,amputated finger,hiligaynon,active
bag-o lang nautod tudlo ko sang makina na gid,amputated finger,hiligaynon,active
bag-o lang nautod tudlo ku sang makina gid,amputated finger,hiligaynon,active
bag-o lang nautod tudlo ku sang makina gid ko,amputated finger,hiligaynon,active
bag-o lang nautod tudlo ku sang makina ko gid,amputated finger,hiligaynon,active
bag-o lang nautod tudlo ku sang makina man,amputated finger,hiligaynon,active
bag-o lang nautod tudlo ku sang makina na gid,amputated finger,hiligaynon,active
bag-o lang ubo ko kag ginahilanat gid,fever with cough,hiligaynon,active
bag-o lang ubo ko kag ginahilanat gid ko,fever with cough,hiligaynon,active
bag-o lang ubo ko kag ginahilanat ko gid,fever with cough,hiligaynon,active
bag-o lang ubo ko kag ginahilanat man,fever with cough,hiligaynon,active
bag-o lang ubo ko kag ginahilanat na gid,fever with cough,hiligaynon,active
bagoong allergy,shellfish allergy,hiligaynon,active
balat,skin,hiligaynon,active
balatian,skin disease,hiligaynon,active
balatian sa panit,skin disease,hiligaynon,active
bali,fracture,hiligaynon,active
banana allergy,banana allergy,hiligaynon,active
banat,muscle strain,hiligaynon,active
bandaid allergy,contact dermatitis,hiligaynon,active
barog ilong ko,nasal congestion,hiligaynon,active
basin budlay gid gid ko magginhawa subong gid,difficulty breathing,hiligaynon,active
basin budlay gid gid ko magginhawa subong gid ko,difficulty breathing,hiligaynon,active
basin budlay gid gid ko magginhawa subong ko gid,difficulty breathing,hiligaynon,active
basin budlay gid gid ko magginhawa subong man,difficulty breathing,hiligaynon,active
basin budlay gid gid ko magginhawa subong na gid,difficulty breathing,hiligaynon,active
basin budlay gid ko mag ginhawa subong gid,difficulty breathing,hiligaynon,active
basin budlay gid ko mag ginhawa subong gid ko,difficulty breathing,hiligaynon,active
basin budlay gid ko mag ginhawa subong ko gid,difficulty breathing,hiligaynon,active
basin budlay gid ko mag ginhawa subong man,difficulty breathing,hiligaynon,active
basin budlay gid ko mag ginhawa subong na gid,difficulty breathing,hiligaynon,active
basin budlay gid ko magginhawa subong gid,difficulty breathing,hiligaynon,active
basin budlay gid ko magginhawa subong gid ko,difficulty breathing,hiligaynon,active
basin budlay gid ko magginhawa subong ko gid,difficulty breathing,hiligaynon,active
basin budlay gid ko magginhawa subong man,difficulty breathing,hiligaynon,active
basin budlay gid ko magginhawa subong na gid,difficulty breathing,hiligaynon,active
basin budlay gid ku magginhawa subong gid,difficulty breathing,hiligaynon,active
basin budlay gid ku magginhawa subong gid ko,difficulty breathing,hiligaynon,active
basin budlay gid ku magginhawa subong ko gid,difficulty breathing,hiligaynon,active
basin budlay gid ku magginhawa subong man,difficulty breathing,hiligaynon,active
basin budlay gid ku magginhawa subong na gid,difficulty breathing,hiligaynon,active
basin budlay magginhawa ko,difficulty breathing,hiligaynon,active
basin gadugo bilat ko,vaginal bleeding,hiligaynon,active
basin gahabok dila ko gid gid,swollen tongue,hiligaynon,active
basin gahabok dila ko gid gid ko,swollen tongue,hiligaynon,active
basin gahabok dila ko gid ko gid,swollen tongue,hiligaynon,active
basin gahabok dila ko gid man,swollen tongue,hiligaynon,active
basin gahabok dila ko gid na gid,swollen tongue,hiligaynon,active
basin gahabok dila ku gid gid,swollen tongue,hiligaynon,active
basin gahabok dila ku gid gid ko,swollen tongue,hiligaynon,active
basin gahabok dila ku gid ko gid,swollen tongue,hiligaynon,active
basin gahabok dila ku gid man,swollen tongue,hiligaynon,active
basin gahabok dila ku gid na gid,swollen tongue,hiligaynon,active
basin gahubag dila ko gid gid,swollen tongue,hiligaynon,active
basin gahubag dila ko gid gid ko,swollen tongue,hiligaynon,active
basin gahubag dila ko gid ko gid,swollen tongue,hiligaynon,active
basin gahubag dila ko gid man,swollen tongue,hiligaynon,active
basin gahubag dila ko gid na gid,swollen tongue,hiligaynon,active
basin gahubag itlog ko,testicular swelling,hiligaynon,active
basin galuya lawas ko kag kapoy gid gid,body weakness with severe fatigue,hiligaynon,active
basin galuya lawas ko kag kapoy gid gid ko,body weakness with severe fatigue,hiligaynon,active
basin galuya lawas ko kag kapoy gid ko gid,body weakness with severe fatigue,hiligaynon,active
basin galuya lawas ko kag kapoy gid man,body weakness with severe fatigue,hiligaynon,active
basin galuya lawas ko kag kapoy gid na gid,body weakness with severe fatigue,hiligaynon,active
basin gapula mata ko kag gakatol gid,red itchy eyes,hiligaynon,active
basin gapula mata ko kag gakatol gid ko,red itchy eyes,hiligaynon,active
basin gapula mata ko kag gakatol ko gid,red itchy eyes,hiligaynon,active
basin gapula mata ko kag gakatol man,red itchy eyes,hiligaynon,active
basin gapula mata ko kag gakatol na gid,red itchy eyes,hiligaynon,active
basin gasakit dughan ko,chest pain,hiligaynon,active
basin gasakit ulo ko karon gid,head pain,hiligaynon,active
basin gasakit ulo ko karon gid ko,head pain,hiligaynon,active
basin gasakit ulo ko karon ko gid,head pain,hiligaynon,active
basin gasakit ulo ko karon man,head pain,hiligaynon,active
basin gasakit ulo ko karon na gid,head pain,hiligaynon,active
basin gin kagat sang ido ko kag nagdugo gid,dog bite with bleeding,hiligaynon,active
basin gin kagat sang ido ko kag nagdugo gid ko,dog bite with bleeding,hiligaynon,active
basin gin kagat sang ido ko kag nagdugo ko gid,dog bite with bleeding,hiligaynon,active
basin gin kagat sang ido ko kag nagdugo man,dog bite with bleeding,hiligaynon,active
basin gin kagat sang ido ko kag nagdugo na gid,dog bite with bleeding,hiligaynon,active
basin ginkagat sang ido ko,dog bite,hiligaynon,active
basin ginkagat sang ido ko kag nag dugo gid,dog bite with bleeding,hiligaynon,active
basin ginkagat sang ido ko kag nag dugo gid ko,dog bite with bleeding,hiligaynon,active
basin ginkagat sang ido ko kag nag dugo ko gid,dog bite with bleeding,hiligaynon,active
basin ginkagat sang ido ko kag nag dugo man,dog bite with bleeding,hiligaynon,active
basin ginkagat sang ido ko kag nag dugo na gid,dog bite with bleeding,hiligaynon,active
basin ginkagat sang ido ko kag nagdugo gid,dog bite with bleeding,hiligaynon,active
basin ginkagat sang ido ko kag nagdugo gid ko,dog bite with bleeding,hiligaynon,active
basin ginkagat sang ido ko kag nagdugo ko gid,dog bite with bleeding,hiligaynon,active
basin ginkagat sang ido ko kag nagdugo man,dog bite with bleeding,hiligaynon,active
basin ginkagat sang ido ko kag nagdugo na gid,dog bite with bleeding,hiligaynon,active
basin ginkagat sang ido ku kag nagdugo gid,dog bite with bleeding,hiligaynon,active
basin ginkagat sang ido ku kag nagdugo gid ko,dog bite with bleeding,hiligaynon,active
basin ginkagat sang ido ku kag nagdugo ko gid,dog bite with bleeding,hiligaynon,active
basin ginkagat sang ido ku kag nagdugo man,dog bite with bleeding,hiligaynon,active
basin ginkagat sang ido ku kag nagdugo na gid,dog bite with bleeding,hiligaynon,active
basin ginsumbag ko kag nabun-og ulo gid,physical assault with head bruise,hiligaynon,active
basin ginsumbag ko kag nabun-og ulo gid ko,physical assault with head bruise,hiligaynon,active
basin ginsumbag ko kag nabun-og ulo ko gid,physical assault with head bruise,hiligaynon,active
basin ginsumbag ko kag nabun-og ulo man,physical assault with head bruise,hiligaynon,active
basin ginsumbag ko kag nabun-og ulo na gid,physical assault with head bruise,hiligaynon,active
basin ginsumbag ku kag nabun-og ulo gid,physical assault with head bruise,hiligaynon,active
basin ginsumbag ku kag nabun-og ulo gid ko,physical assault with head bruise,hiligaynon,active
basin ginsumbag ku kag nabun-og ulo ko gid,physical assault with head bruise,hiligaynon,active
basin ginsumbag ku kag nabun-og ulo man,physical assault with head bruise,hiligaynon,active
basin ginsumbag ku kag nabun-og ulo na gid,physical assault with head bruise,hiligaynon,active
basin kakatol bilat ko,vaginal itching,hiligaynon,active
basin masakit ari ko,penile pain,hiligaynon,active
basin may nana akon mata,eye infection,hiligaynon,active
basin may nana akon mata subong gid,eye infection,hiligaynon,active
basin may nana akon mata subong gid ko,eye infection,hiligaynon,active
basin may nana akon mata subong ko gid,eye infection,hiligaynon,active
basin may nana akon mata subong man,eye infection,hiligaynon,active
basin may nana akon mata subong na gid,eye infection,hiligaynon,active
basin may nana sa bilat ko,vaginal infection,hiligaynon,active
basin may pilas ko sa kamot kag nag dugo gid,bleeding hand wound,hiligaynon,active
basin may pilas ko sa kamot kag nag dugo gid ko,bleeding hand wound,hiligaynon,active
basin may pilas ko sa kamot kag nag dugo ko gid,bleeding hand wound,hiligaynon,active
basin may pilas ko sa kamot kag nag dugo man,bleeding hand wound,hiligaynon,active
basin may pilas ko sa kamot kag nag dugo na gid,bleeding hand wound,hiligaynon,active
basin may pilas ko sa kamot kag nagdugo gid,bleeding hand wound,hiligaynon,active
basin may pilas ko sa kamot kag nagdugo gid ko,bleeding hand wound,hiligaynon,active
basin may pilas ko sa kamot kag nagdugo ko gid,bleeding hand wound,hiligaynon,active
basin may pilas ko sa kamot kag nagdugo man,bleeding hand wound,hiligaynon,active
basin may pilas ko sa kamot kag nagdugo na gid,bleeding hand wound,hiligaynon,active
basin may pilas ku sa kamot kag nagdugo gid,bleeding hand wound,hiligaynon,active
basin may pilas ku sa kamot kag nagdugo gid ko,bleeding hand wound,hiligaynon,active
basin may pilas ku sa kamot kag nagdugo ko gid,bleeding hand wound,hiligaynon,active
basin may pilas ku sa kamot kag nagdugo man,bleeding hand wound,hiligaynon,active
basin may pilas ku sa kamot kag nagdugo na gid,bleeding hand wound,hiligaynon,active
basin nabali kamot ko,hand fracture,hiligaynon,active
basin nabali kamot ko sang natumba gid,hand fracture,hiligaynon,active
basin nabali kamot ko sang natumba gid ko,hand fracture,hiligaynon,active
basin nabali kamot ko sang natumba ko gid,hand fracture,hiligaynon,active
basin nabali kamot ko sang natumba man,hand fracture,hiligaynon,active
basin nabali kamot ko sang natumba na gid,hand fracture,hiligaynon,active
basin nabali kamot ku sang natumba gid,hand fracture,hiligaynon,active
basin nabali kamot ku sang natumba gid ko,hand fracture,hiligaynon,active
basin nabali kamot ku sang natumba ko gid,hand fracture,hiligaynon,active
basin nabali kamot ku sang natumba man,hand fracture,hiligaynon,active
basin nabali kamot ku sang natumba na gid,hand fracture,hiligaynon,active
basin nabali na kamot ko sang natumba gid,hand fracture,hiligaynon,active
basin nabali na kamot ko sang natumba gid ko,hand fracture,hiligaynon,active
basin nabali na kamot ko sang natumba ko gid,hand fracture,hiligaynon,active
basin nabali na kamot ko sang natumba man,hand fracture,hiligaynon,active
basin nabali na kamot ko sang natumba na gid,hand fracture,hiligaynon,active
basin nabunggo ko sa salakyan kag nag dugo ulo gid,vehicle collision with head bleeding,hiligaynon,active
basin nabunggo ko sa salakyan kag nag dugo ulo gid ko,vehicle collision with head bleeding,hiligaynon,active
basin nabunggo ko sa salakyan kag nag dugo ulo ko gid,vehicle collision with head bleeding,hiligaynon,active
basin nabunggo ko sa salakyan kag nag dugo ulo man,vehicle collision with head bleeding,hiligaynon,active
basin nabunggo ko sa salakyan kag nag dugo ulo na gid,vehicle collision with head bleeding,hiligaynon,active
basin nabunggo ko sa salakyan kag nagdugo ulo gid,vehicle collision with head bleeding,hiligaynon,active
basin nabunggo ko sa salakyan kag nagdugo ulo gid ko,vehicle collision with head bleeding,hiligaynon,active
basin nabunggo ko sa salakyan kag nagdugo ulo ko gid,vehicle collision with head bleeding,hiligaynon,active
basin nabunggo ko sa salakyan kag nagdugo ulo man,vehicle collision with head bleeding,hiligaynon,active
basin nabunggo ko sa salakyan kag nagdugo ulo na gid,vehicle collision with head bleeding,hiligaynon,active
basin nabunggo ku sa salakyan kag nagdugo ulo gid,vehicle collision with head bleeding,hiligaynon,active
basin nabunggo ku sa salakyan kag nagdugo ulo gid ko,vehicle collision with head bleeding,hiligaynon,active
basin nabunggo ku sa salakyan kag nagdugo ulo ko gid,vehicle collision with head bleeding,hiligaynon,active
basin nabunggo ku sa salakyan kag nagdugo ulo man,vehicle collision with head bleeding,hiligaynon,active
basin nabunggo ku sa salakyan kag nagdugo ulo na gid,vehicle collision with head bleeding,hiligaynon,active
basin nag dugo ulo ko pagkatapos natumba gid,head bleeding after fall,hiligaynon,active
basin nag dugo ulo ko pagkatapos natumba gid ko,head bleeding after fall,hiligaynon,active
basin nag dugo ulo ko pagkatapos natumba ko gid,head bleeding after fall,hiligaynon,active
basin nag dugo ulo ko pagkatapos natumba man,head bleeding after fall,hiligaynon,active
basin nag dugo ulo ko pagkatapos natumba na gid,head bleeding after fall,hiligaynon,active
basin nagdugo ulo ko,head bleeding,hiligaynon,active
basin nagdugo ulo ko pagkatapos natumba gid,head bleeding after fall,hiligaynon,active
basin nagdugo ulo ko pagkatapos natumba gid ko,head bleeding after fall,hiligaynon,active
basin nagdugo ulo ko pagkatapos natumba ko gid,head bleeding after fall,hiligaynon,active
basin nagdugo ulo ko pagkatapos natumba man,head bleeding after fall,hiligaynon,active
basin nagdugo ulo ko pagkatapos natumba na gid,head bleeding after fall,hiligaynon,active
basin nagdugo ulo ku pagkatapos natumba gid,head bleeding after fall,hiligaynon,active
basin nagdugo ulo ku pagkatapos natumba gid ko,head bleeding after fall,hiligaynon,active
basin nagdugo ulo ku pagkatapos natumba ko gid,head bleeding after fall,hiligaynon,active
basin nagdugo ulo ku pagkatapos natumba man,head bleeding after fall,hiligaynon,active
basin nagdugo ulo ku pagkatapos natumba na gid,head bleeding after fall,hiligaynon,active
basin nakuryente ko sang kuryente gid,electrical injury,hiligaynon,active
basin nakuryente ko sang kuryente gid ko,electrical injury,hiligaynon,active
basin nakuryente ko sang kuryente ko gid,electrical injury,hiligaynon,active
basin nakuryente ko sang kuryente man,electrical injury,hiligaynon,active
basin nakuryente ko sang kuryente na gid,electrical injury,hiligaynon,active
basin nakuryente ku sang kuryente gid,electrical injury,hiligaynon,active
basin nakuryente ku sang kuryente gid ko,electrical injury,hiligaynon,active
basin nakuryente ku sang kuryente ko gid,electrical injury,hiligaynon,active
basin nakuryente ku sang kuryente man,electrical injury,hiligaynon,active
basin nakuryente ku sang kuryente na gid,electrical injury,hiligaynon,active
basin nautod na tudlo ko sang makina gid,amputated finger,hiligaynon,active
basin nautod na tudlo ko sang makina gid ko,amputated finger,hiligaynon,active
basin nautod na tudlo ko sang makina ko gid,amputated finger,hiligaynon,active
basin nautod na tudlo ko sang makina man,amputated finger,hiligaynon,active
basin nautod na tudlo ko sang makina na gid,amputated finger,hiligaynon,active
basin nautod tudlo ko sang makina gid,amputated finger,hiligaynon,active
basin nautod tudlo ko sang makina gid ko,amputated finger,hiligaynon,active
basin nautod tudlo ko sang makina ko gid,amputated finger,hiligaynon,active
basin nautod tudlo ko sang makina man,amputated finger,hiligaynon,active
basin nautod tudlo ko sang makina na gid,amputated finger,hiligaynon,active
basin nautod tudlo ku sang makina gid,amputated finger,hiligaynon,active
basin nautod tudlo ku sang makina gid ko,amputated finger,hiligaynon,active
basin nautod tudlo ku sang makina ko gid,amputated finger,hiligaynon,active
basin nautod tudlo ku sang makina man,amputated finger,hiligaynon,active
basin nautod tudlo ku sang makina na gid,amputated finger,hiligaynon,active
basin nga budlay magginhawa ko,difficulty breathing,hiligaynon,active
basin nga gasakit dughan ko,chest pain,hiligaynon,active
basin nga ginkagat sang ido ko,dog bite,hiligaynon,active
basin nga may nana akon mata,eye infection,hiligaynon,active
basin nga nabali kamot ko,hand fracture,hiligaynon,active
basin nga nagdugo ulo ko,head bleeding,hiligaynon,active
basin ubo ko kag ginahilanat gid,fever with cough,hiligaynon,active
basin ubo ko kag ginahilanat gid ko,fever with cough,hiligaynon,active
basin ubo ko kag ginahilanat ko gid,fever with cough,hiligaynon,active
basin ubo ko kag ginahilanat man,fever with cough,hiligaynon,active
basin ubo ko kag ginahilanat na gid,fever with cough,hiligaynon,active
batiis,leg,hiligaynon,active
bato,kidney,hiligaynon,active
bato sa apdo,gallstones,hiligaynon,active
bato sa kidney,kidney stones,hiligaynon,active
bawal penicillin,penicillin allergy,hiligaynon,active
bawal sa alimango,crab allergy,hiligaynon,active
bawal sa aspirin,aspirin allergy,hiligaynon,active
bawal sa gatas,milk allergy,hiligaynon,active
bawal sa hipon,shrimp allergy,hiligaynon,active
bawal sa isda,fish allergy,hiligaynon,active
bawal sa itlog,egg allergy,hiligaynon,active
bawal sa mani,peanut allergy,hiligaynon,active
bawal sa seafood,shellfish allergy,hiligaynon,active
bawal sa sulfa,sulfa allergy,hiligaynon,active
baywang,waist,hiligaynon,active
bee sting allergy,bee sting allergy,hiligaynon,active
beer allergy,food allergy,hiligaynon,active
belt buckle allergy,nickel allergy,hiligaynon,active
bilog tiyan,abdominal distension,hiligaynon,active
binat,relapse,hiligaynon,active
bipolar,bipolar disorder,hiligaynon,active
bladder infection,urinary tract infection,hiligaynon,active
bleeding disorder,bleeding disorder,hiligaynon,active
bleeding nose,epistaxis,hiligaynon,active
blood clot,thrombosis,hiligaynon,active
bloodsugar,diabetes,hiligaynon,active
body pain,body pain,hiligaynon,active
boil,skin abscess,hiligaynon,active
bp problem,hypertension,hiligaynon,active
breast cancer,breast cancer,hiligaynon,active
breathing problem,respiratory disease,hiligaynon,active
bronchial asthma,asthma,hiligaynon,active
bronchitis,bronchitis,hiligaynon,active
bronkitis,bronchitis,hiligaynon,active
budlay gid gid ko magginhawa,difficulty breathing,hiligaynon,active
budlay gid gid ko magginhawa subong,difficulty breathing,hiligaynon,active
budlay gid ko mag ginhawa,difficulty breathing,hiligaynon,active
budlay gid ko mag ginhawa subong,difficulty breathing,hiligaynon,active
budlay gid ko magginhawa,difficulty breathing,hiligaynon,active
budlay gid ko magginhawa subong,difficulty breathing,hiligaynon,active
budlay gid ku magginhawa,difficulty breathing,hiligaynon,active
budlay gid ku magginhawa subong,difficulty breathing,hiligaynon,active
budlay gid magginhawa ko,difficulty breathing,hiligaynon,active
budlay ginhawa,difficulty breathing,hiligaynon,active
budlay ko mag ginhawa,difficulty breathing,hiligaynon,active
budlay ko magginhawa,difficulty breathing,hiligaynon,active
budlay ku magginhawa,difficulty breathing,hiligaynon,active
budlay mag ginhawa ko,difficulty breathing,hiligaynon,active
budlay mag-ihi ko,difficulty urinating,hiligaynon,active
budlay magginhawa ko,difficulty breathing,hiligaynon,active
budlay magginhawa ku,difficulty breathing,hiligaynon,active
buhok,hair,hiligaynon,active
bukol,mass,hiligaynon,active
bukol sa katawan,mass,hiligaynon,active
bukol sa leeg,neck mass,hiligaynon,active
bukol sa liog,goiter,hiligaynon,active
bukol sa suso,breast mass,hiligaynon,active
bukol sa tiyan,abdominal mass,hiligaynon,active
bukong,forehead,hiligaynon,active
bulag,vision impairment,hiligaynon,active
buling mata ko,blurred vision,hiligaynon,active
bulutong,chickenpox,hiligaynon,active
bulutong-tubig,chickenpox,hiligaynon,active
bungang araw,heat rash,hiligaynon,active
buni,ringworm,hiligaynon,active
buni sa balat,ringworm,hiligaynon,active
buntis,pregnancy,hiligaynon,active
buot,constipation,hiligaynon,active
burn,burn injury,hiligaynon,active
burod ako,pregnancy,hiligaynon,active
butlig,acne,hiligaynon,active
buuk,arm,hiligaynon,active
cad,coronary artery disease,hiligaynon,active
cancer,cancer,hiligaynon,active
canser,cancer,hiligaynon,active
cardiac,heart disease,hiligaynon,active
cardiac disease,heart disease,hiligaynon,active
carrot allergy,carrot allergy,hiligaynon,active
cashew allergy,tree nut allergy,hiligaynon,active
cat allergy,cat dander allergy,hiligaynon,active
cataract,cataracts,hiligaynon,active
celery allergy,celery allergy,hiligaynon,active
celiac,celiac disease,hiligaynon,active
cellulitis,cellulitis,hiligaynon,active
chemo,cancer,hiligaynon,active
chemotherapy,cancer,hiligaynon,active
chest pain,chest pain,hiligaynon,active
chestnut allergy,tree nut allergy,hiligaynon,active
chestpain,chest pain,hiligaynon,active
chf,heart failure,hiligaynon,active
chickenpox,chickenpox,hiligaynon,active
childhood asthma,asthma,hiligaynon,active
chlorine allergy,chemical sensitivity,hiligaynon,active
chocolate allergy,food allergy,hiligaynon,active
chronic cholestasis,chronic cholestasis,hiligaynon,active
chronic illness,chronic disease,hiligaynon,active
chronic pain,chronic pain syndrome,hiligaynon,active
chroniccholestasis,chronic cholestasis,hiligaynon,active
cirrhosis,liver cirrhosis,hiligaynon,active
citrus allergy,citrus allergy,hiligaynon,active
ckd,chronic kidney disease,hiligaynon,active
ckd stage 3,chronic kidney disease,hiligaynon,active
ckd stage 4,chronic kidney disease,hiligaynon,active
clot,thrombosis,hiligaynon,active
cluster headache,cluster headache,hiligaynon,active
cocoa allergy,food allergy,hiligaynon,active
cof,cough,hiligaynon,active
coffee allergy,food allergy,hiligaynon,active
cold,common cold,hiligaynon,active
colitis,ulcerative colitis,hiligaynon,active
colon cancer,colorectal cancer,hiligaynon,active
common cold,common cold,hiligaynon,active
comorbid,comorbidity,hiligaynon,active
congestive heart failure,heart failure,hiligaynon,active
constipation,constipation,hiligaynon,active
contrast allergy,contrast dye allergy,hiligaynon,active
convulsion,seizure,hiligaynon,active
copd,chronic obstructive pulmonary disease,hiligaynon,active
corona,covid-19,hiligaynon,active
coronary disease,coronary artery disease,hiligaynon,active
coronavirus,covid-19,hiligaynon,active
cough,cough,hiligaynon,active
covid,covid-19,hiligaynon,active
covid-19,covid-19,hiligaynon,active
crab allergy,crab allergy,hiligaynon,active
crohn,crohn disease,hiligaynon,active
dairy allergy,milk allergy,hiligaynon,active
dali kapoy ko,fatigue,hiligaynon,active
dalungan,ear,hiligaynon,active
dalunggan,ear,hiligaynon,active
dalunggan ko,ear,hiligaynon,active
damsi gid mag-ihi ko,frequent urination,hiligaynon,active
damsi ihi ko,frequent urination,hiligaynon,active
damsi mag-ihi ko,frequent urination,hiligaynon,active
daw budlay gid gid ko magginhawa subong gid,difficulty breathing,hiligaynon,active
daw budlay gid gid ko magginhawa subong gid ko,difficulty breathing,hiligaynon,active
daw budlay gid gid ko magginhawa subong ko gid,difficulty breathing,hiligaynon,active
daw budlay gid gid ko magginhawa subong man,difficulty breathing,hiligaynon,active
daw budlay gid gid ko magginhawa subong na gid,difficulty breathing,hiligaynon,active
daw budlay gid ko mag ginhawa subong gid,difficulty breathing,hiligaynon,active
daw budlay gid ko mag ginhawa subong gid ko,difficulty breathing,hiligaynon,active
daw budlay gid ko mag ginhawa subong ko gid,difficulty breathing,hiligaynon,active
daw budlay gid ko mag ginhawa subong man,difficulty breathing,hiligaynon,active
daw budlay gid ko mag ginhawa subong na gid,difficulty breathing,hiligaynon,active
daw budlay gid ko magginhawa subong gid,difficulty breathing,hiligaynon,active
daw budlay gid ko magginhawa subong gid ko,difficulty breathing,hiligaynon,active
daw budlay gid ko magginhawa subong ko gid,difficulty breathing,hiligaynon,active
daw budlay gid ko magginhawa subong man,difficulty breathing,hiligaynon,active
daw budlay gid ko magginhawa subong na gid,difficulty breathing,hiligaynon,active
daw budlay gid ku magginhawa subong gid,difficulty breathing,hiligaynon,active
daw budlay gid ku magginhawa subong gid ko,difficulty breathing,hiligaynon,active
daw budlay gid ku magginhawa subong ko gid,difficulty breathing,hiligaynon,active
daw budlay gid ku magginhawa subong man,difficulty breathing,hiligaynon,active
daw budlay gid ku magginhawa subong na gid,difficulty breathing,hiligaynon,active
daw budlay magginhawa ko,difficulty breathing,hiligaynon,active
daw gadugo bilat ko,vaginal bleeding,hiligaynon,active
daw gahabok dila ko gid gid,swollen tongue,hiligaynon,active
daw gahabok dila ko gid gid ko,swollen tongue,hiligaynon,active
daw gahabok dila ko gid ko gid,swollen tongue,hiligaynon,active
daw gahabok dila ko gid man,swollen tongue,hiligaynon,active
daw gahabok dila ko gid na gid,swollen tongue,hiligaynon,active
daw gahabok dila ku gid gid,swollen tongue,hiligaynon,active
daw gahabok dila ku gid gid ko,swollen tongue,hiligaynon,active
daw gahabok dila ku gid ko gid,swollen tongue,hiligaynon,active
daw gahabok dila ku gid man,swollen tongue,hiligaynon,active
daw gahabok dila ku gid na gid,swollen tongue,hiligaynon,active
daw gahubag dila ko gid gid,swollen tongue,hiligaynon,active
daw gahubag dila ko gid gid ko,swollen tongue,hiligaynon,active
daw gahubag dila ko gid ko gid,swollen tongue,hiligaynon,active
daw gahubag dila ko gid man,swollen tongue,hiligaynon,active
daw gahubag dila ko gid na gid,swollen tongue,hiligaynon,active
daw gahubag itlog ko,testicular swelling,hiligaynon,active
daw galuya lawas ko kag kapoy gid gid,body weakness with severe fatigue,hiligaynon,active
daw galuya lawas ko kag kapoy gid gid ko,body weakness with severe fatigue,hiligaynon,active
daw galuya lawas ko kag kapoy gid ko gid,body weakness with severe fatigue,hiligaynon,active
daw galuya lawas ko kag kapoy gid man,body weakness with severe fatigue,hiligaynon,active
daw galuya lawas ko kag kapoy gid na gid,body weakness with severe fatigue,hiligaynon,active
daw gapula mata ko kag gakatol gid,red itchy eyes,hiligaynon,active
daw gapula mata ko kag gakatol gid ko,red itchy eyes,hiligaynon,active
daw gapula mata ko kag gakatol ko gid,red itchy eyes,hiligaynon,active
daw gapula mata ko kag gakatol man,red itchy eyes,hiligaynon,active
daw gapula mata ko kag gakatol na gid,red itchy eyes,hiligaynon,active
daw gasakit dughan ko,chest pain,hiligaynon,active
daw gasakit ulo ko karon gid,head pain,hiligaynon,active
daw gasakit ulo ko karon gid ko,head pain,hiligaynon,active
daw gasakit ulo ko karon ko gid,head pain,hiligaynon,active
daw gasakit ulo ko karon man,head pain,hiligaynon,active
daw gasakit ulo ko karon na gid,head pain,hiligaynon,active
daw gin kagat sang ido ko kag nagdugo gid,dog bite with bleeding,hiligaynon,active
daw gin kagat sang ido ko kag nagdugo gid ko,dog bite with bleeding,hiligaynon,active
daw gin kagat sang ido ko kag nagdugo ko gid,dog bite with bleeding,hiligaynon,active
daw gin kagat sang ido ko kag nagdugo man,dog bite with bleeding,hiligaynon,active
daw gin kagat sang ido ko kag nagdugo na gid,dog bite with bleeding,hiligaynon,active
daw ginkagat sang ido ko,dog bite,hiligaynon,active
daw ginkagat sang ido ko kag nag dugo gid,dog bite with bleeding,hiligaynon,active
daw ginkagat sang ido ko kag nag dugo gid ko,dog bite with bleeding,hiligaynon,active
daw ginkagat sang ido ko kag nag dugo ko gid,dog bite with bleeding,hiligaynon,active
daw ginkagat sang ido ko kag nag dugo man,dog bite with bleeding,hiligaynon,active
daw ginkagat sang ido ko kag nag dugo na gid,dog bite with bleeding,hiligaynon,active
daw ginkagat sang ido ko kag nagdugo gid,dog bite with bleeding,hiligaynon,active
daw ginkagat sang ido ko kag nagdugo gid ko,dog bite with bleeding,hiligaynon,active
daw ginkagat sang ido ko kag nagdugo ko gid,dog bite with bleeding,hiligaynon,active
daw ginkagat sang ido ko kag nagdugo man,dog bite with bleeding,hiligaynon,active
daw ginkagat sang ido ko kag nagdugo na gid,dog bite with bleeding,hiligaynon,active
daw ginkagat sang ido ku kag nagdugo gid,dog bite with bleeding,hiligaynon,active
daw ginkagat sang ido ku kag nagdugo gid ko,dog bite with bleeding,hiligaynon,active
daw ginkagat sang ido ku kag nagdugo ko gid,dog bite with bleeding,hiligaynon,active
daw ginkagat sang ido ku kag nagdugo man,dog bite with bleeding,hiligaynon,active
daw ginkagat sang ido ku kag nagdugo na gid,dog bite with bleeding,hiligaynon,active
daw ginsumbag ko kag nabun-og ulo gid,physical assault with head bruise,hiligaynon,active
daw ginsumbag ko kag nabun-og ulo gid ko,physical assault with head bruise,hiligaynon,active
daw ginsumbag ko kag nabun-og ulo ko gid,physical assault with head bruise,hiligaynon,active
daw ginsumbag ko kag nabun-og ulo man,physical assault with head bruise,hiligaynon,active
daw ginsumbag ko kag nabun-og ulo na gid,physical assault with head bruise,hiligaynon,active
daw ginsumbag ku kag nabun-og ulo gid,physical assault with head bruise,hiligaynon,active
daw ginsumbag ku kag nabun-og ulo gid ko,physical assault with head bruise,hiligaynon,active
daw ginsumbag ku kag nabun-og ulo ko gid,physical assault with head bruise,hiligaynon,active
daw ginsumbag ku kag nabun-og ulo man,physical assault with head bruise,hiligaynon,active
daw ginsumbag ku kag nabun-og ulo na gid,physical assault with head bruise,hiligaynon,active
daw indi ko maka-ginhawa tungod sa alerdyi,allergic airway obstruction,hiligaynon,active
daw indi ko makabaton sang kamot ko,arm weakness,hiligaynon,active
daw indi ko makabaton sang lawas ko,facial droop,hiligaynon,active
daw indi ko makabaton sang tiil ko,leg weakness,hiligaynon,active
daw indi ko makahambal,speech difficulty,hiligaynon,active
daw indi ko makilala ang tawo,confusion,hiligaynon,active
daw indi ko makita maayo,vision change,hiligaynon,active
daw kakatol bilat ko,vaginal itching,hiligaynon,active
daw mabali acun batiis,suspected leg fracture,hiligaynon,active
daw mabali acun buuk,suspected arm fracture,hiligaynon,active
daw mabali acun kamot,suspected hand fracture,hiligaynon,active
daw mabali acun tiil,suspected foot fracture,hiligaynon,active
daw mabali acun tudlo,suspected finger fracture,hiligaynon,active
daw mabali acun tuhod,suspected knee fracture,hiligaynon,active
daw mabali acun ulo,suspected skull fracture,hiligaynon,active
daw mabali akon batiis,suspected leg fracture,hiligaynon,active
daw mabali akon buuk,suspected arm fracture,hiligaynon,active
daw mabali akon kamot,suspected hand fracture,hiligaynon,active
daw mabali akon tiil,suspected foot fracture,hiligaynon,active
daw mabali akon tudlo,suspected finger fracture,hiligaynon,active
daw mabali akon tuhod,suspected knee fracture,hiligaynon,active
daw mabali akon ulo,suspected skull fracture,hiligaynon,active
daw mabali batiis ko,suspected leg fracture,hiligaynon,active
daw mabali batiis ku,suspected leg fracture,hiligaynon,active
daw mabali buuk ko,suspected arm fracture,hiligaynon,active
daw mabali buuk ku,suspected arm fracture,hiligaynon,active
daw mabali kamot ko,suspected hand fracture,hiligaynon,active
daw mabali kamot ku,suspected hand fracture,hiligaynon,active
daw mabali tiil ko,suspected foot fracture,hiligaynon,active
daw mabali tiil ku,suspected foot fracture,hiligaynon,active
daw mabali tudlo ko,suspected finger fracture,hiligaynon,active
daw mabali tudlo ku,suspected finger fracture,hiligaynon,active
daw mabali tuhod ko,suspected knee fracture,hiligaynon,active
daw mabali tuhod ku,suspected knee fracture,hiligaynon,active
daw mabali ulo ko,suspected skull fracture,hiligaynon,active
daw mabali ulo ku,suspected skull fracture,hiligaynon,active
daw masakit ari ko,penile pain,hiligaynon,active
daw may bukol sa akon ari,penile lump,hiligaynon,active
daw may bukol sa akon ari ko,penile lump,hiligaynon,active
daw may bukol sa akon ary,penile lump,hiligaynon,active
daw may bukol sa akon ary ko,penile lump,hiligaynon,active
daw may bukol sa akon bilad,vaginal lump,hiligaynon,active
daw may bukol sa akon bilad ko,vaginal lump,hiligaynon,active
daw may bukol sa akon bilat,vaginal lump,hiligaynon,active
daw may bukol sa akon bilat ko,vaginal lump,hiligaynon,active
daw may bukol sa akon itlog,testicular lump,hiligaynon,active
daw may bukol sa akon itlog ko,testicular lump,hiligaynon,active
daw may bukol sa akon itlug,testicular lump,hiligaynon,active
daw may bukol sa akon itlug ko,testicular lump,hiligaynon,active
daw may bukol sa akon singit,groin lump,hiligaynon,active
daw may bukol sa ari akon,penile lump,hiligaynon,active
daw may bukol sa ari ko,penile lump,hiligaynon,active
daw may bukol sa ari ko akon,penile lump,hiligaynon,active
daw may bukol sa ari ko ko,penile lump,hiligaynon,active
daw may bukol sa ary akon,penile lump,hiligaynon,active
daw may bukol sa ary ko,penile lump,hiligaynon,active
daw may bukol sa ary ko akon,penile lump,hiligaynon,active
daw may bukol sa ary ko ko,penile lump,hiligaynon,active
daw may bukol sa bilad akon,vaginal lump,hiligaynon,active
daw may bukol sa bilad ko,vaginal lump,hiligaynon,active
daw may bukol sa bilad ko akon,vaginal lump,hiligaynon,active
daw may bukol sa bilad ko ko,vaginal lump,hiligaynon,active
daw may bukol sa bilat akon,vaginal lump,hiligaynon,active
daw may bukol sa bilat ko,vaginal lump,hiligaynon,active
daw may bukol sa bilat ko akon,vaginal lump,hiligaynon,active
daw may bukol sa bilat ko ko,vaginal lump,hiligaynon,active
daw may bukol sa itlog akon,testicular lump,hiligaynon,active
daw may bukol sa itlog ko,testicular lump,hiligaynon,active
daw may bukol sa itlog ko akon,testicular lump,hiligaynon,active
daw may bukol sa itlog ko ko,testicular lump,hiligaynon,active
daw may bukol sa itlug akon,testicular lump,hiligaynon,active
daw may bukol sa itlug ko,testicular lump,hiligaynon,active
daw may bukol sa itlug ko akon,testicular lump,hiligaynon,active
daw may bukol sa itlug ko ko,testicular lump,hiligaynon,active
daw may bukol sa singit akon,groin lump,hiligaynon,active
daw may bukol sa singit ko,groin lump,hiligaynon,active
daw may nana akon mata,eye infection,hiligaynon,active
daw may nana akon mata subong gid,eye infection,hiligaynon,active
daw may nana akon mata subong gid ko,eye infection,hiligaynon,active
daw may nana akon mata subong ko gid,eye infection,hiligaynon,active
daw may nana akon mata subong man,eye infection,hiligaynon,active
daw may nana akon mata subong na gid,eye infection,hiligaynon,active
daw may nana sa bilat ko,vaginal infection,hiligaynon,active
daw may pilas ko sa kamot kag nag dugo gid,bleeding hand wound,hiligaynon,active
daw may pilas ko sa kamot kag nag dugo gid ko,bleeding hand wound,hiligaynon,active
daw may pilas ko sa kamot kag nag dugo ko gid,bleeding hand wound,hiligaynon,active
daw may pilas ko sa kamot kag nag dugo man,bleeding hand wound,hiligaynon,active
daw may pilas ko sa kamot kag nag dugo na gid,bleeding hand wound,hiligaynon,active
daw may pilas ko sa kamot kag nagdugo gid,bleeding hand wound,hiligaynon,active
daw may pilas ko sa kamot kag nagdugo gid ko,bleeding hand wound,hiligaynon,active
daw may pilas ko sa kamot kag nagdugo ko gid,bleeding hand wound,hiligaynon,active
daw may pilas ko sa kamot kag nagdugo man,bleeding hand wound,hiligaynon,active
daw may pilas ko sa kamot kag nagdugo na gid,bleeding hand wound,hiligaynon,active
daw may pilas ku sa kamot kag nagdugo gid,bleeding hand wound,hiligaynon,active
daw may pilas ku sa kamot kag nagdugo gid ko,bleeding hand wound,hiligaynon,active
daw may pilas ku sa kamot kag nagdugo ko gid,bleeding hand wound,hiligaynon,active
daw may pilas ku sa kamot kag nagdugo man,bleeding hand wound,hiligaynon,active
daw may pilas ku sa kamot kag nagdugo na gid,bleeding hand wound,hiligaynon,active
daw nabali kamot ko,hand fracture,hiligaynon,active
daw nabali kamot ko sang natumba gid,hand fracture,hiligaynon,active
daw nabali kamot ko sang natumba gid ko,hand fracture,hiligaynon,active
daw nabali kamot ko sang natumba ko gid,hand fracture,hiligaynon,active
daw nabali kamot ko sang natumba man,hand fracture,hiligaynon,active
daw nabali kamot ko sang natumba na gid,hand fracture,hiligaynon,active
daw nabali kamot ku sang natumba gid,hand fracture,hiligaynon,active
daw nabali kamot ku sang natumba gid ko,hand fracture,hiligaynon,active
daw nabali kamot ku sang natumba ko gid,hand fracture,hiligaynon,active
daw nabali kamot ku sang natumba man,hand fracture,hiligaynon,active
daw nabali kamot ku sang natumba na gid,hand fracture,hiligaynon,active
daw nabali na kamot ko sang natumba gid,hand fracture,hiligaynon,active
daw nabali na kamot ko sang natumba gid ko,hand fracture,hiligaynon,active
daw nabali na kamot ko sang natumba ko gid,hand fracture,hiligaynon,active
daw nabali na kamot ko sang natumba man,hand fracture,hiligaynon,active
daw nabali na kamot ko sang natumba na gid,hand fracture,hiligaynon,active
daw nabunggo ko sa salakyan kag nag dugo ulo gid,vehicle collision with head bleeding,hiligaynon,active
daw nabunggo ko sa salakyan kag nag dugo ulo gid ko,vehicle collision with head bleeding,hiligaynon,active
daw nabunggo ko sa salakyan kag nag dugo ulo ko gid,vehicle collision with head bleeding,hiligaynon,active
daw nabunggo ko sa salakyan kag nag dugo ulo man,vehicle collision with head bleeding,hiligaynon,active
daw nabunggo ko sa salakyan kag nag dugo ulo na gid,vehicle collision with head bleeding,hiligaynon,active
daw nabunggo ko sa salakyan kag nagdugo ulo gid,vehicle collision with head bleeding,hiligaynon,active
daw nabunggo ko sa salakyan kag nagdugo ulo gid ko,vehicle collision with head bleeding,hiligaynon,active
daw nabunggo ko sa salakyan kag nagdugo ulo ko gid,vehicle collision with head bleeding,hiligaynon,active
daw nabunggo ko sa salakyan kag nagdugo ulo man,vehicle collision with head bleeding,hiligaynon,active
daw nabunggo ko sa salakyan kag nagdugo ulo na gid,vehicle collision with head bleeding,hiligaynon,active
daw nabunggo ku sa salakyan kag nagdugo ulo gid,vehicle collision with head bleeding,hiligaynon,active
daw nabunggo ku sa salakyan kag nagdugo ulo gid ko,vehicle collision with head bleeding,hiligaynon,active
daw nabunggo ku sa salakyan kag nagdugo ulo ko gid,vehicle collision with head bleeding,hiligaynon,active
daw nabunggo ku sa salakyan kag nagdugo ulo man,vehicle collision with head bleeding,hiligaynon,active
daw nabunggo ku sa salakyan kag nagdugo ulo na gid,vehicle collision with head bleeding,hiligaynon,active
daw nag dugo ulo ko pagkatapos natumba gid,head bleeding after fall,hiligaynon,active
daw nag dugo ulo ko pagkatapos natumba gid ko,head bleeding after fall,hiligaynon,active
daw nag dugo ulo ko pagkatapos natumba ko gid,head bleeding after fall,hiligaynon,active
daw nag dugo ulo ko pagkatapos natumba man,head bleeding after fall,hiligaynon,active
daw nag dugo ulo ko pagkatapos natumba na gid,head bleeding after fall,hiligaynon,active
daw nagdugo ulo ko,head bleeding,hiligaynon,active
daw nagdugo ulo ko pagkatapos natumba gid,head bleeding after fall,hiligaynon,active
daw nagdugo ulo ko pagkatapos natumba gid ko,head bleeding after fall,hiligaynon,active
daw nagdugo ulo ko pagkatapos natumba ko gid,head bleeding after fall,hiligaynon,active
daw nagdugo ulo ko pagkatapos natumba man,head bleeding after fall,hiligaynon,active
daw nagdugo ulo ko pagkatapos natumba na gid,head bleeding after fall,hiligaynon,active
daw nagdugo ulo ku pagkatapos natumba gid,head bleeding after fall,hiligaynon,active
daw nagdugo ulo ku pagkatapos natumba gid ko,head bleeding after fall,hiligaynon,active
daw nagdugo ulo ku pagkatapos natumba ko gid,head bleeding after fall,hiligaynon,active
daw nagdugo ulo ku pagkatapos natumba man,head bleeding after fall,hiligaynon,active
daw nagdugo ulo ku pagkatapos natumba na gid,head bleeding after fall,hiligaynon,active
daw nakuryente ko sang kuryente gid,electrical injury,hiligaynon,active
daw nakuryente ko sang kuryente gid ko,electrical injury,hiligaynon,active
daw nakuryente ko sang kuryente ko gid,electrical injury,hiligaynon,active
daw nakuryente ko sang kuryente man,electrical injury,hiligaynon,active
daw nakuryente ko sang kuryente na gid,electrical injury,hiligaynon,active
daw nakuryente ku sang kuryente gid,electrical injury,hiligaynon,active
daw nakuryente ku sang kuryente gid ko,electrical injury,hiligaynon,active
daw nakuryente ku sang kuryente ko gid,electrical injury,hiligaynon,active
daw nakuryente ku sang kuryente man,electrical injury,hiligaynon,active
daw nakuryente ku sang kuryente na gid,electrical injury,hiligaynon,active
daw nautod na tudlo ko sang makina gid,amputated finger,hiligaynon,active
daw nautod na tudlo ko sang makina gid ko,amputated finger,hiligaynon,active
daw nautod na tudlo ko sang makina ko gid,amputated finger,hiligaynon,active
daw nautod na tudlo ko sang makina man,amputated finger,hiligaynon,active
daw nautod na tudlo ko sang makina na gid,amputated finger,hiligaynon,active
daw nautod tudlo ko sang makina gid,amputated finger,hiligaynon,active
daw nautod tudlo ko sang makina gid ko,amputated finger,hiligaynon,active
daw nautod tudlo ko sang makina ko gid,amputated finger,hiligaynon,active
daw nautod tudlo ko sang makina man,amputated finger,hiligaynon,active
daw nautod tudlo ko sang makina na gid,amputated finger,hiligaynon,active
daw nautod tudlo ku sang makina gid,amputated finger,hiligaynon,active
daw nautod tudlo ku sang makina gid ko,amputated finger,hiligaynon,active
daw nautod tudlo ku sang makina ko gid,amputated finger,hiligaynon,active
daw nautod tudlo ku sang makina man,amputated finger,hiligaynon,active
daw nautod tudlo ku sang makina na gid,amputated finger,hiligaynon,active
daw nga budlay magginhawa ko,difficulty breathing,hiligaynon,active
daw nga gasakit dughan ko,chest pain,hiligaynon,active
daw nga ginkagat sang ido ko,dog bite,hiligaynon,active
daw nga may nana akon mata,eye infection,hiligaynon,active
daw nga nabali kamot ko,hand fracture,hiligaynon,active
daw nga nagdugo ulo ko,head bleeding,hiligaynon,active
daw ubo ko kag ginahilanat gid,fever with cough,hiligaynon,active
daw ubo ko kag ginahilanat gid ko,fever with cough,hiligaynon,active
daw ubo ko kag ginahilanat ko gid,fever with cough,hiligaynon,active
daw ubo ko kag ginahilanat man,fever with cough,hiligaynon,active
daw ubo ko kag ginahilanat na gid,fever with cough,hiligaynon,active
daw wala ko kusog,weakness,hiligaynon,active
daw wala ko mabatyag batiis ko,leg numbness,hiligaynon,active
daw wala ko mabatyag buuk ko,arm numbness,hiligaynon,active
daw wala ko mabatyag kamot ko,hand numbness,hiligaynon,active
daw wala ko mabatyag lawas ko,body numbness,hiligaynon,active
daw wala ko mabatyag tiil ko,foot numbness,hiligaynon,active
daw wala ko mabatyag tudlo ko,finger numbness,hiligaynon,active
dehydration,dehydration,hiligaynon,active
dementia,dementia,hiligaynon,active
denggi,dengue,hiligaynon,active
dengue,dengue,hiligaynon,active
dengue fever,dengue,hiligaynon,active
dengue hemorrhagic,dengue,hiligaynon,active
depression,depression,hiligaynon,active
depresson,depression,hiligaynon,active
depresyon,depression,hiligaynon,active
dhf,dengue,hiligaynon,active
di gumagaling sugat,chronic wound,hiligaynon,active
diabetes,type 2 diabetes mellitus,hiligaynon,active
diabetes mellitus,type 2 diabetes mellitus,hiligaynon,active
diabetez,diabetes,hiligaynon,active
diabetis,diabetes,hiligaynon,active
diabetis type 2,type 2 diabetes,hiligaynon,active
diabetis type2,type 2 diabetes,hiligaynon,active
diagnosed with diabetes,diabetes,hiligaynon,active
diagnosed with hypertension,hypertension,hiligaynon,active
dialysis,kidney failure,hiligaynon,active
diarrea,diarrhea,hiligaynon,active
diarrhea,diarrhea,hiligaynon,active
dila,tongue,hiligaynon,active
dili maayo ang lawas,illness,hiligaynon,active
dili makaginhawa,difficulty breathing,hiligaynon,active
dili makatulog,insomnia,hiligaynon,active
dimorphic hemmorhoids(piles),dimorphic hemmorhoids(piles),hiligaynon,active
dimorphichemmorhoids(piles),dimorphic hemmorhoids(piles),hiligaynon,active
diyabetes,diabetes,hiligaynon,active
diyabetis,diabetes,hiligaynon,active
dizziness,dizziness,hiligaynon,active
dm,diabetes,hiligaynon,active
dm1,type 1 diabetes,hiligaynon,active
dm2,type 2 diabetes,hiligaynon,active
doc alta presyon ko,hypertension,hiligaynon,active
doc dula ginhawa ko pls,shortness of breath,hiligaynon,active
doc gadugo bilat ko,vaginal bleeding,hiligaynon,active
doc gahika ko 3 days na,cough,hiligaynon,active
doc gahubag itlog ko,testicular swelling,hiligaynon,active
doc gahubag kamot ko,hand swelling,hiligaynon,active
doc gahubag tungod ko,throat swelling,hiligaynon,active
doc ginadudulom ko,diarrhea,hiligaynon,active
doc ginasuka ko,vomiting,hiligaynon,active
doc ginkagat ido ko,dog bite,hiligaynon,active
doc hilanat ko,fever,hiligaynon,active
doc kakatol bilat ko,vaginal itching,hiligaynon,active
doc masakit ari ko,penile pain,hiligaynon,active
doc masakit dughan ko,chest pain,hiligaynon,active
doc may diabetes ako,diabetes,hiligaynon,active
doc may nana mata ko,eye infection,hiligaynon,active
doc may nana sa bilat ko,vaginal infection,hiligaynon,active
doc may pantal lawas ko,skin rash,hiligaynon,active
doc nabali kamot ko,hand fracture,hiligaynon,active
doc nagdugo pilas ko,bleeding wound,hiligaynon,active
doc nahilo ko,dizziness,hiligaynon,active
doc nakuryente ko,electrical injury,hiligaynon,active
doc sakit ulo ko,head pain,hiligaynon,active
doc wala ko maka-ihi,urinary retention,hiligaynon,active
dog allergy,dog dander allergy,hiligaynon,active
drug allergy,drug allergy,hiligaynon,active
drug reaction,drug reaction,hiligaynon,active
drugreaction,drug reaction,hiligaynon,active
dugay na budlay gid gid ko magginhawa subong gid,difficulty breathing,hiligaynon,active
dugay na budlay gid gid ko magginhawa subong gid ko,difficulty breathing,hiligaynon,active
dugay na budlay gid gid ko magginhawa subong ko gid,difficulty breathing,hiligaynon,active
dugay na budlay gid gid ko magginhawa subong man,difficulty breathing,hiligaynon,active
dugay na budlay gid gid ko magginhawa subong na gid,difficulty breathing,hiligaynon,active
dugay na budlay gid ko mag ginhawa subong gid,difficulty breathing,hiligaynon,active
dugay na budlay gid ko mag ginhawa subong gid ko,difficulty breathing,hiligaynon,active
dugay na budlay gid ko mag ginhawa subong ko gid,difficulty breathing,hiligaynon,active
dugay na budlay gid ko mag ginhawa subong man,difficulty breathing,hiligaynon,active
dugay na budlay gid ko mag ginhawa subong na gid,difficulty breathing,hiligaynon,active
dugay na budlay gid ko magginhawa subong gid,difficulty breathing,hiligaynon,active
dugay na budlay gid ko magginhawa subong gid ko,difficulty breathing,hiligaynon,active
dugay na budlay gid ko magginhawa subong ko gid,difficulty breathing,hiligaynon,active
dugay na budlay gid ko magginhawa subong man,difficulty breathing,hiligaynon,active
dugay na budlay gid ko magginhawa subong na gid,difficulty breathing,hiligaynon,active
dugay na budlay gid ku magginhawa subong gid,difficulty breathing,hiligaynon,active
dugay na budlay gid ku magginhawa subong gid ko,difficulty breathing,hiligaynon,active
dugay na budlay gid ku magginhawa subong ko gid,difficulty breathing,hiligaynon,active
dugay na budlay gid ku magginhawa subong man,difficulty breathing,hiligaynon,active
dugay na budlay gid ku magginhawa subong na gid,difficulty breathing,hiligaynon,active
dugay na gahabok dila ko gid gid,swollen tongue,hiligaynon,active
dugay na gahabok dila ko gid gid ko,swollen tongue,hiligaynon,active
dugay na gahabok dila ko gid ko gid,swollen tongue,hiligaynon,active
dugay na gahabok dila ko gid man,swollen tongue,hiligaynon,active
dugay na gahabok dila ko gid na gid,swollen tongue,hiligaynon,active
dugay na gahabok dila ku gid gid,swollen tongue,hiligaynon,active
dugay na gahabok dila ku gid gid ko,swollen tongue,hiligaynon,active
dugay na gahabok dila ku gid ko gid,swollen tongue,hiligaynon,active
dugay na gahabok dila ku gid man,swollen tongue,hiligaynon,active
dugay na gahabok dila ku gid na gid,swollen tongue,hiligaynon,active
dugay na gahika ko,cough,hiligaynon,active
dugay na gahubag dila ko gid gid,swollen tongue,hiligaynon,active
dugay na gahubag dila ko gid gid ko,swollen tongue,hiligaynon,active
dugay na gahubag dila ko gid ko gid,swollen tongue,hiligaynon,active
dugay na gahubag dila ko gid man,swollen tongue,hiligaynon,active
dugay na gahubag dila ko gid na gid,swollen tongue,hiligaynon,active
dugay na gahubag kamot ko kag nagdugo kamot ko,hand swelling with bleeding,hiligaynon,active
dugay na gahubag lawas ko kag gakatol lawas ko,body swelling with itching,hiligaynon,active
dugay na gahubag mata ko kag gahika ko,eye swelling with cough,hiligaynon,active
dugay na gahubag tiyan ko,abdominal swelling,hiligaynon,active
dugay na gahubag tungod ko kag ginahilanat ko,throat swelling with fever,hiligaynon,active
dugay na galuya ko kag ginahilanat ko,weakness with fever,hiligaynon,active
dugay na galuya lawas ko,body weakness,hiligaynon,active
dugay na galuya lawas ko kag kapoy gid gid,body weakness with severe fatigue,hiligaynon,active
dugay na galuya lawas ko kag kapoy gid gid ko,body weakness with severe fatigue,hiligaynon,active
dugay na galuya lawas ko kag kapoy gid ko gid,body weakness with severe fatigue,hiligaynon,active
dugay na galuya lawas ko kag kapoy gid man,body weakness with severe fatigue,hiligaynon,active
dugay na galuya lawas ko kag kapoy gid na gid,body weakness with severe fatigue,hiligaynon,active
dugay na gapula mata ko kag gakatol gid,red itchy eyes,hiligaynon,active
dugay na gapula mata ko kag gakatol gid ko,red itchy eyes,hiligaynon,active
dugay na gapula mata ko kag gakatol ko gid,red itchy eyes,hiligaynon,active
dugay na gapula mata ko kag gakatol man,red itchy eyes,hiligaynon,active
dugay na gapula mata ko kag gakatol na gid,red itchy eyes,hiligaynon,active
dugay na gasakit ulo ko,head pain,hiligaynon,active
dugay na gasakit ulo ko kag ginahilanat ko,head pain with fever,hiligaynon,active
dugay na gasakit ulo ko karon gid,head pain,hiligaynon,active
dugay na gasakit ulo ko karon gid ko,head pain,hiligaynon,active
dugay na gasakit ulo ko karon ko gid,head pain,hiligaynon,active
dugay na gasakit ulo ko karon man,head pain,hiligaynon,active
dugay na gasakit ulo ko karon na gid,head pain,hiligaynon,active
dugay na gin kagat sang ido ko kag nagdugo gid,dog bite with bleeding,hiligaynon,active
dugay na gin kagat sang ido ko kag nagdugo gid ko,dog bite with bleeding,hiligaynon,active
dugay na gin kagat sang ido ko kag nagdugo ko gid,dog bite with bleeding,hiligaynon,active
dugay na gin kagat sang ido ko kag nagdugo man,dog bite with bleeding,hiligaynon,active
dugay na gin kagat sang ido ko kag nagdugo na gid,dog bite with bleeding,hiligaynon,active
dugay na ginadudul-om ko,diarrhea,hiligaynon,active
dugay na ginahilanat ko,fever,hiligaynon,active
dugay na ginahilanat ko kag ginabaldom ko,fever with abdominal pain,hiligaynon,active
dugay na ginahilanat ko kag ubo ko,fever with cough,hiligaynon,active
dugay na ginasuka ko kag ginadudul-om ko,vomiting with diarrhea,hiligaynon,active
dugay na ginkagat sang ido ko kag nag dugo gid,dog bite with bleeding,hiligaynon,active
dugay na ginkagat sang ido ko kag nag dugo gid ko,dog bite with bleeding,hiligaynon,active
dugay na ginkagat sang ido ko kag nag dugo ko gid,dog bite with bleeding,hiligaynon,active
dugay na ginkagat sang ido ko kag nag dugo man,dog bite with bleeding,hiligaynon,active
dugay na ginkagat sang ido ko kag nag dugo na gid,dog bite with bleeding,hiligaynon,active
dugay na ginkagat sang ido ko kag nagdugo gid,dog bite with bleeding,hiligaynon,active
dugay na ginkagat sang ido ko kag nagdugo gid ko,dog bite with bleeding,hiligaynon,active
dugay na ginkagat sang ido ko kag nagdugo ko gid,dog bite with bleeding,hiligaynon,active
dugay na ginkagat sang ido ko kag nagdugo man,dog bite with bleeding,hiligaynon,active
dugay na ginkagat sang ido ko kag nagdugo na gid,dog bite with bleeding,hiligaynon,active
dugay na ginkagat sang ido ku kag nagdugo gid,dog bite with bleeding,hiligaynon,active
dugay na ginkagat sang ido ku kag nagdugo gid ko,dog bite with bleeding,hiligaynon,active
dugay na ginkagat sang ido ku kag nagdugo ko gid,dog bite with bleeding,hiligaynon,active
dugay na ginkagat sang ido ku kag nagdugo man,dog bite with bleeding,hiligaynon,active
dugay na ginkagat sang ido ku kag nagdugo na gid,dog bite with bleeding,hiligaynon,active
dugay na ginsumbag ko kag nabun-og ulo gid,physical assault with head bruise,hiligaynon,active
dugay na ginsumbag ko kag nabun-og ulo gid ko,physical assault with head bruise,hiligaynon,active
dugay na ginsumbag ko kag nabun-og ulo ko gid,physical assault with head bruise,hiligaynon,active
dugay na ginsumbag ko kag nabun-og ulo man,physical assault with head bruise,hiligaynon,active
dugay na ginsumbag ko kag nabun-og ulo na gid,physical assault with head bruise,hiligaynon,active
dugay na ginsumbag ku kag nabun-og ulo gid,physical assault with head bruise,hiligaynon,active
dugay na ginsumbag ku kag nabun-og ulo gid ko,physical assault with head bruise,hiligaynon,active
dugay na ginsumbag ku kag nabun-og ulo ko gid,physical assault with head bruise,hiligaynon,active
dugay na ginsumbag ku kag nabun-og ulo man,physical assault with head bruise,hiligaynon,active
dugay na ginsumbag ku kag nabun-og ulo na gid,physical assault with head bruise,hiligaynon,active
dugay na may nana akon mata,eye infection,hiligaynon,active
dugay na may nana akon mata subong gid,eye infection,hiligaynon,active
dugay na may nana akon mata subong gid ko,eye infection,hiligaynon,active
dugay na may nana akon mata subong ko gid,eye infection,hiligaynon,active
dugay na may nana akon mata subong man,eye infection,hiligaynon,active
dugay na may nana akon mata subong na gid,eye infection,hiligaynon,active
dugay na may nana mata ko kag gapula mata ko,eye infection with red eye,hiligaynon,active
dugay na may pilas ko sa kamot,hand wound,hiligaynon,active
dugay na may pilas ko sa kamot kag nag dugo gid,bleeding hand wound,hiligaynon,active
dugay na may pilas ko sa kamot kag nag dugo gid ko,bleeding hand wound,hiligaynon,active
dugay na may pilas ko sa kamot kag nag dugo ko gid,bleeding hand wound,hiligaynon,active
dugay na may pilas ko sa kamot kag nag dugo man,bleeding hand wound,hiligaynon,active
dugay na may pilas ko sa kamot kag nag dugo na gid,bleeding hand wound,hiligaynon,active
dugay na may pilas ko sa kamot kag nagdugo gid,bleeding hand wound,hiligaynon,active
dugay na may pilas ko sa kamot kag nagdugo gid ko,bleeding hand wound,hiligaynon,active
dugay na may pilas ko sa kamot kag nagdugo ko gid,bleeding hand wound,hiligaynon,active
dugay na may pilas ko sa kamot kag nagdugo man,bleeding hand wound,hiligaynon,active
dugay na may pilas ko sa kamot kag nagdugo na gid,bleeding hand wound,hiligaynon,active
dugay na may pilas ku sa kamot kag nagdugo gid,bleeding hand wound,hiligaynon,active
dugay na may pilas ku sa kamot kag nagdugo gid ko,bleeding hand wound,hiligaynon,active
dugay na may pilas ku sa kamot kag nagdugo ko gid,bleeding hand wound,hiligaynon,active
dugay na may pilas ku sa kamot kag nagdugo man,bleeding hand wound,hiligaynon,active
dugay na may pilas ku sa kamot kag nagdugo na gid,bleeding hand wound,hiligaynon,active
dugay na nabali kamot ko sang natumba gid,hand fracture,hiligaynon,active
dugay na nabali kamot ko sang natumba gid ko,hand fracture,hiligaynon,active
dugay na nabali kamot ko sang natumba ko gid,hand fracture,hiligaynon,active
dugay na nabali kamot ko sang natumba man,hand fracture,hiligaynon,active
dugay na nabali kamot ko sang natumba na gid,hand fracture,hiligaynon,active
dugay na nabali kamot ku sang natumba gid,hand fracture,hiligaynon,active
dugay na nabali kamot ku sang natumba gid ko,hand fracture,hiligaynon,active
dugay na nabali kamot ku sang natumba ko gid,hand fracture,hiligaynon,active
dugay na nabali kamot ku sang natumba man,hand fracture,hiligaynon,active
dugay na nabali kamot ku sang natumba na gid,hand fracture,hiligaynon,active
dugay na nabali na kamot ko sang natumba gid,hand fracture,hiligaynon,active
dugay na nabali na kamot ko sang natumba gid ko,hand fracture,hiligaynon,active
dugay na nabali na kamot ko sang natumba ko gid,hand fracture,hiligaynon,active
dugay na nabali na kamot ko sang natumba man,hand fracture,hiligaynon,active
dugay na nabali na kamot ko sang natumba na gid,hand fracture,hiligaynon,active
dugay na nabunggo ko sa salakyan kag nag dugo ulo gid,vehicle collision with head bleeding,hiligaynon,active
dugay na nabunggo ko sa salakyan kag nag dugo ulo gid ko,vehicle collision with head bleeding,hiligaynon,active
dugay na nabunggo ko sa salakyan kag nag dugo ulo ko gid,vehicle collision with head bleeding,hiligaynon,active
dugay na nabunggo ko sa salakyan kag nag dugo ulo man,vehicle collision with head bleeding,hiligaynon,active
dugay na nabunggo ko sa salakyan kag nag dugo ulo na gid,vehicle collision with head bleeding,hiligaynon,active
dugay na nabunggo ko sa salakyan kag nagdugo ulo gid,vehicle collision with head bleeding,hiligaynon,active
dugay na nabunggo ko sa salakyan kag nagdugo ulo gid ko,vehicle collision with head bleeding,hiligaynon,active
dugay na nabunggo ko sa salakyan kag nagdugo ulo ko gid,vehicle collision with head bleeding,hiligaynon,active
dugay na nabunggo ko sa salakyan kag nagdugo ulo man,vehicle collision with head bleeding,hiligaynon,active
dugay na nabunggo ko sa salakyan kag nagdugo ulo na gid,vehicle collision with head bleeding,hiligaynon,active
dugay na nabunggo ku sa salakyan kag nagdugo ulo gid,vehicle collision with head bleeding,hiligaynon,active
dugay na nabunggo ku sa salakyan kag nagdugo ulo gid ko,vehicle collision with head bleeding,hiligaynon,active
dugay na nabunggo ku sa salakyan kag nagdugo ulo ko gid,vehicle collision with head bleeding,hiligaynon,active
dugay na nabunggo ku sa salakyan kag nagdugo ulo man,vehicle collision with head bleeding,hiligaynon,active
dugay na nabunggo ku sa salakyan kag nagdugo ulo na gid,vehicle collision with head bleeding,hiligaynon,active
dugay na nag dugo ulo ko pagkatapos natumba gid,head bleeding after fall,hiligaynon,active
dugay na nag dugo ulo ko pagkatapos natumba gid ko,head bleeding after fall,hiligaynon,active
dugay na nag dugo ulo ko pagkatapos natumba ko gid,head bleeding after fall,hiligaynon,active
dugay na nag dugo ulo ko pagkatapos natumba man,head bleeding after fall,hiligaynon,active
dugay na nag dugo ulo ko pagkatapos natumba na gid,head bleeding after fall,hiligaynon,active
dugay na nagdugo pilas ko kag ginahilanat ko,bleeding wound with fever,hiligaynon,active
dugay na nagdugo ulo ko kag nahilo ko,head bleeding with dizziness,hiligaynon,active
dugay na nagdugo ulo ko pagkatapos natumba gid,head bleeding after fall,hiligaynon,active
dugay na nagdugo ulo ko pagkatapos natumba gid ko,head bleeding after fall,hiligaynon,active
dugay na nagdugo ulo ko pagkatapos natumba ko gid,head bleeding after fall,hiligaynon,active
dugay na nagdugo ulo ko pagkatapos natumba man,head bleeding after fall,hiligaynon,active
dugay na nagdugo ulo ko pagkatapos natumba na gid,head bleeding after fall,hiligaynon,active
dugay na nagdugo ulo ku pagkatapos natumba gid,head bleeding after fall,hiligaynon,active
dugay na nagdugo ulo ku pagkatapos natumba gid ko,head bleeding after fall,hiligaynon,active
dugay na nagdugo ulo ku pagkatapos natumba ko gid,head bleeding after fall,hiligaynon,active
dugay na nagdugo ulo ku pagkatapos natumba man,head bleeding after fall,hiligaynon,active
dugay na nagdugo ulo ku pagkatapos natumba na gid,head bleeding after fall,hiligaynon,active
dugay na nahilo ko kag ginahilanat ko,dizziness with fever,hiligaynon,active
dugay na nakuryente ko sang kuryente gid,electrical injury,hiligaynon,active
dugay na nakuryente ko sang kuryente gid ko,electrical injury,hiligaynon,active
dugay na nakuryente ko sang kuryente ko gid,electrical injury,hiligaynon,active
dugay na nakuryente ko sang kuryente man,electrical injury,hiligaynon,active
dugay na nakuryente ko sang kuryente na gid,electrical injury,hiligaynon,active
dugay na nakuryente ku sang kuryente gid,electrical injury,hiligaynon,active
dugay na nakuryente ku sang kuryente gid ko,electrical injury,hiligaynon,active
dugay na nakuryente ku sang kuryente ko gid,electrical injury,hiligaynon,active
dugay na nakuryente ku sang kuryente man,electrical injury,hiligaynon,active
dugay na nakuryente ku sang kuryente na gid,electrical injury,hiligaynon,active
dugay na nautod na tudlo ko sang makina gid,amputated finger,hiligaynon,active
dugay na nautod na tudlo ko sang makina gid ko,amputated finger,hiligaynon,active
dugay na nautod na tudlo ko sang makina ko gid,amputated finger,hiligaynon,active
dugay na nautod na tudlo ko sang makina man,amputated finger,hiligaynon,active
dugay na nautod na tudlo ko sang makina na gid,amputated finger,hiligaynon,active
dugay na nautod tudlo ko sang makina gid,amputated finger,hiligaynon,active
dugay na nautod tudlo ko sang makina gid ko,amputated finger,hiligaynon,active
dugay na nautod tudlo ko sang makina ko gid,amputated finger,hiligaynon,active
dugay na nautod tudlo ko sang makina man,amputated finger,hiligaynon,active
dugay na nautod tudlo ko sang makina na gid,amputated finger,hiligaynon,active
dugay na nautod tudlo ku sang makina gid,amputated finger,hiligaynon,active
dugay na nautod tudlo ku sang makina gid ko,amputated finger,hiligaynon,active
dugay na nautod tudlo ku sang makina ko gid,amputated finger,hiligaynon,active
dugay na nautod tudlo ku sang makina man,amputated finger,hiligaynon,active
dugay na nautod tudlo ku sang makina na gid,amputated finger,hiligaynon,active
dugay na sakit dughan ko kag dula ginhawa ko,chest pain with shortness of breath,hiligaynon,active
dugay na sakit dughan ko kag gahika ko,chest pain with cough,hiligaynon,active
dugay na sakit likod ko kag galuya ko,back pain with weakness,hiligaynon,active
dugay na sakit tiyan ko kag ginasuka ko,abdominal pain with nausea,hiligaynon,active
dugay na sakit ulo ko kag ginahilanat ko,headache with fever,hiligaynon,active
dugay na ubo ko kag ginahilanat gid,fever with cough,hiligaynon,active
dugay na ubo ko kag ginahilanat gid ko,fever with cough,hiligaynon,active
dugay na ubo ko kag ginahilanat ko gid,fever with cough,hiligaynon,active
dugay na ubo ko kag ginahilanat man,fever with cough,hiligaynon,active
dugay na ubo ko kag ginahilanat na gid,fever with cough,hiligaynon,active
dugay na wala ko maka-tulog,insomnia,hiligaynon,active
dughan,chest,hiligaynon,active
dugo ari,penile bleeding,hiligaynon,active
dugo bilat,vaginal bleeding,hiligaynon,active
dugo gid ang baba ko,oral bleeding,hiligaynon,active
dugo gid ang ilong ko,nosebleed,hiligaynon,active
dugo gid ang kamot ko,hand bleeding,hiligaynon,active
dugo gid ang pilas ko,bleeding wound,hiligaynon,active
dugo gid ang pilas ku,bleeding wound,hiligaynon,active
dugo gid ang tiil ko,foot bleeding,hiligaynon,active
dugo gid ang tudlo ko,finger bleeding,hiligaynon,active
dugo gid ang ulo ko,head bleeding,hiligaynon,active
dugo gid ang ulo ku,head bleeding,hiligaynon,active
dugo gid indi mapunggan sa ari ko,severe penis bleeding,hiligaynon,active
dugo gid indi mapunggan sa ari ko ko,severe penis bleeding,hiligaynon,active
dugo gid indi mapunggan sa ary ko,severe penis bleeding,hiligaynon,active
dugo gid indi mapunggan sa ary ko ko,severe penis bleeding,hiligaynon,active
dugo gid indi mapunggan sa bilad ko,severe vagina bleeding,hiligaynon,active
dugo gid indi mapunggan sa bilad ko ko,severe vagina bleeding,hiligaynon,active
dugo gid indi mapunggan sa bilat ko,severe vagina bleeding,hiligaynon,active
dugo gid indi mapunggan sa bilat ko ko,severe vagina bleeding,hiligaynon,active
dugo gid indi mapunggan sa itlog ko,severe testicle bleeding,hiligaynon,active
dugo gid indi mapunggan sa itlog ko ko,severe testicle bleeding,hiligaynon,active
dugo gid indi mapunggan sa itlug ko,severe testicle bleeding,hiligaynon,active
dugo gid indi mapunggan sa itlug ko ko,severe testicle bleeding,hiligaynon,active
dugo gid sa ari ko,severe penis bleeding,hiligaynon,active
dugo gid sa ari ko ko,severe penis bleeding,hiligaynon,active
dugo gid sa ary ko,severe penis bleeding,hiligaynon,active
dugo gid sa ary ko ko,severe penis bleeding,hiligaynon,active
dugo gid sa bilad ko,severe vagina bleeding,hiligaynon,active
dugo gid sa bilad ko ko,severe vagina bleeding,hiligaynon,active
dugo gid sa bilat ko,severe vagina bleeding,hiligaynon,active
dugo gid sa bilat ko ko,severe vagina bleeding,hiligaynon,active
dugo gid sa itlog ko,severe testicle bleeding,hiligaynon,active
dugo gid sa itlog ko ko,severe testicle bleeding,hiligaynon,active
dugo gid sa itlug ko,severe testicle bleeding,hiligaynon,active
dugo gid sa itlug ko ko,severe testicle bleeding,hiligaynon,active
dugo ilong,nosebleed,hiligaynon,active
dugo pilas,bleeding wound,hiligaynon,active
dugo sa tae,bloody stool,hiligaynon,active
dugo sa ubo,hemoptysis,hiligaynon,active
dugo ulo,head bleeding,hiligaynon,active
duguon ihi ko,bloody urine,hiligaynon,active
dula ginhawa ko,shortness of breath,hiligaynon,active
dula ginhawa ko pls,shortness of breath,hiligaynon,active
dula ginhawa ku,shortness of breath,hiligaynon,active
dulom dughan ko,chest tightness,hiligaynon,active
dulom mata ko,vision loss,hiligaynon,active
dulom mata ku,vision loss,hiligaynon,active
dulom mataa ko,vision loss,hiligaynon,active
dust allergy,dust mite allergy,hiligaynon,active
dust mite allergy,dust mite allergy,hiligaynon,active
dvt,deep vein thrombosis,hiligaynon,active
ear infection,otitis media,hiligaynon,active
ear pain,otitis media,hiligaynon,active
eczema,eczema,hiligaynon,active
egg allergy,egg allergy,hiligaynon,active
embolism,pulmonary embolism,hiligaynon,active
epilepsy,epilepsy,hiligaynon,active
esrd,kidney failure,hiligaynon,active
family history diabetes,diabetes,hiligaynon,active
family history hypertension,hypertension,hiligaynon,active
fatigue,fatigue,hiligaynon,active
fatty liver,fatty liver disease,hiligaynon,active
feather allergy,feather allergy,hiligaynon,active
feber,fever,hiligaynon,active
fever,fever,hiligaynon,active
fh diabetes,diabetes,hiligaynon,active
fh hypertension,hypertension,hiligaynon,active
fibromyalgia,fibromyalgia,hiligaynon,active
fire ant allergy,fire ant sting allergy,hiligaynon,active
fish allergy,fish allergy,hiligaynon,active
flu,influenza,hiligaynon,active
food additive allergy,food allergy,hiligaynon,active
food allergy,food allergy,hiligaynon,active
food intolerance,food intolerance,hiligaynon,active
food poisoning,food poisoning,hiligaynon,active
formaldehyde allergy,formaldehyde sensitivity,hiligaynon,active
fungal,fungal infection,hiligaynon,active
fungal infection,fungal infection,hiligaynon,active
fungalinfection,fungal infection,hiligaynon,active
ga hubag akon tiil,swollen foot,hiligaynon,active
ga hubag ang tiil,swollen foot,hiligaynon,active
ga pito dughan,chest pain,hiligaynon,active
ga sakit abaga ako,shoulder pain,hiligaynon,active
ga sakit abaga akon,shoulder pain,hiligaynon,active
ga sakit abaga akon gid,shoulder pain,hiligaynon,active
ga sakit abaga akon subong,shoulder pain,hiligaynon,active
ga sakit abaga gid ko,shoulder pain,hiligaynon,active
ga sakit abaga ko,shoulder pain,hiligaynon,active
ga sakit abaga ko gid,shoulder pain,hiligaynon,active
ga sakit abaga ko man,shoulder pain,hiligaynon,active
ga sakit abaga man,shoulder pain,hiligaynon,active
ga sakit abaga subong,shoulder pain,hiligaynon,active
ga sakit akon abaga,shoulder pain,hiligaynon,active
ga sakit akon atay,liver pain,hiligaynon,active
ga sakit akon awang,jaw pain,hiligaynon,active
ga sakit akon baba,mouth pain,hiligaynon,active
ga sakit akon balat,skin pain,hiligaynon,active
ga sakit akon batiis,leg pain,hiligaynon,active
ga sakit akon bato,kidney pain,hiligaynon,active
ga sakit akon baywang,waist pain,hiligaynon,active
ga sakit akon buhok,hair pain,hiligaynon,active
ga sakit akon bukong,forehead pain,hiligaynon,active
ga sakit akon buuk,arm pain,hiligaynon,active
ga sakit akon dalunggan,ear pain,hiligaynon,active
ga sakit akon dila,tongue pain,hiligaynon,active
ga sakit akon dughan,chest pain,hiligaynon,active
ga sakit akon ilong,nose pain,hiligaynon,active
ga sakit akon kamot,hand pain,hiligaynon,active
ga sakit akon kuko,nail pain,hiligaynon,active
ga sakit akon lawas,body pain,hiligaynon,active
ga sakit akon lawi,nape pain,hiligaynon,active
ga sakit akon likod,back pain,hiligaynon,active
ga sakit akon liog,neck pain,hiligaynon,active
ga sakit akon mata,eye pain,hiligaynon,active
ga sakit akon ngipon,tooth pain,hiligaynon,active
ga sakit akon paa,foot pain,hiligaynon,active
ga sakit akon pilas,wound pain,hiligaynon,active
ga sakit akon pisngi,cheek pain,hiligaynon,active
ga sakit akon siko,elbow pain,hiligaynon,active
ga sakit akon tadlong,forearm pain,hiligaynon,active
ga sakit akon tagipusuon,heart pain,hiligaynon,active
ga sakit akon tai,buttocks pain,hiligaynon,active
ga sakit akon tiil,foot pain,hiligaynon,active
ga sakit akon tikod,heel pain,hiligaynon,active
ga sakit akon titi,breast pain,hiligaynon,active
ga sakit akon tiyan,abdominal pain,hiligaynon,active
ga sakit akon tudlo,finger pain,hiligaynon,active
ga sakit akon tuhod,knee pain,hiligaynon,active
ga sakit akon tungod,throat pain,hiligaynon,active
ga sakit akon tungtong,ankle pain,hiligaynon,active
ga sakit akon ulo,head pain,hiligaynon,active
ga sakit akon utok,brain pain,hiligaynon,active
ga sakit atay akon,liver pain,hiligaynon,active
ga sakit atay gid ko,liver pain,hiligaynon,active
ga sakit atay ko,liver pain,hiligaynon,active
ga sakit atay man,liver pain,hiligaynon,active
ga sakit atay subong,liver pain,hiligaynon,active
ga sakit awang akon,jaw pain,hiligaynon,active
ga sakit awang gid ko,jaw pain,hiligaynon,active
ga sakit awang ko,jaw pain,hiligaynon,active
ga sakit awang man,jaw pain,hiligaynon,active
ga sakit awang subong,jaw pain,hiligaynon,active
ga sakit baba akon,mouth pain,hiligaynon,active
ga sakit baba gid ko,mouth pain,hiligaynon,active
ga sakit baba ko,mouth pain,hiligaynon,active
ga sakit baba man,mouth pain,hiligaynon,active
ga sakit baba subong,mouth pain,hiligaynon,active
ga sakit balat akon,skin pain,hiligaynon,active
ga sakit balat gid ko,skin pain,hiligaynon,active
ga sakit balat ko,skin pain,hiligaynon,active
ga sakit balat man,skin pain,hiligaynon,active
ga sakit balat subong,skin pain,hiligaynon,active
ga sakit batiis akon,leg pain,hiligaynon,active
ga sakit batiis gid ko,leg pain,hiligaynon,active
ga sakit batiis ko,leg pain,hiligaynon,active
ga sakit batiis man,leg pain,hiligaynon,active
ga sakit batiis subong,leg pain,hiligaynon,active
ga sakit bato akon,kidney pain,hiligaynon,active
ga sakit bato gid ko,kidney pain,hiligaynon,active
ga sakit bato ko,kidney pain,hiligaynon,active
ga sakit bato man,kidney pain,hiligaynon,active
ga sakit bato subong,kidney pain,hiligaynon,active
ga sakit baywang ako,waist pain,hiligaynon,active
ga sakit baywang akon,waist pain,hiligaynon,active
ga sakit baywang akon gid,waist pain,hiligaynon,active
ga sakit baywang akon subong,waist pain,hiligaynon,active
ga sakit baywang gid ko,waist pain,hiligaynon,active
ga sakit baywang ko,waist pain,hiligaynon,active
ga sakit baywang ko gid,waist pain,hiligaynon,active
ga sakit baywang ko man,waist pain,hiligaynon,active
ga sakit baywang man,waist pain,hiligaynon,active
ga sakit baywang subong,waist pain,hiligaynon,active
ga sakit buhok akon,hair pain,hiligaynon,active
ga sakit buhok gid ko,hair pain,hiligaynon,active
ga sakit buhok ko,hair pain,hiligaynon,active
ga sakit buhok man,hair pain,hiligaynon,active
ga sakit buhok subong,hair pain,hiligaynon,active
ga sakit bukong akon,forehead pain,hiligaynon,active
ga sakit bukong gid ko,forehead pain,hiligaynon,active
ga sakit bukong ko,forehead pain,hiligaynon,active
ga sakit bukong man,forehead pain,hiligaynon,active
ga sakit bukong subong,forehead pain,hiligaynon,active
ga sakit buuk akon,arm pain,hiligaynon,active
ga sakit buuk gid ko,arm pain,hiligaynon,active
ga sakit buuk ko,arm pain,hiligaynon,active
ga sakit buuk man,arm pain,hiligaynon,active
ga sakit buuk subong,arm pain,hiligaynon,active
ga sakit dalunggan akon,ear pain,hiligaynon,active
ga sakit dalunggan gid ko,ear pain,hiligaynon,active
ga sakit dalunggan ko,ear pain,hiligaynon,active
ga sakit dalunggan man,ear pain,hiligaynon,active
ga sakit dalunggan subong,ear pain,hiligaynon,active
ga sakit dila akon,tongue pain,hiligaynon,active
ga sakit dila gid ko,tongue pain,hiligaynon,active
ga sakit dila ko,tongue pain,hiligaynon,active
ga sakit dila man,tongue pain,hiligaynon,active
ga sakit dila subong,tongue pain,hiligaynon,active
ga sakit dughan akon,chest pain,hiligaynon,active
ga sakit dughan gid ko,chest pain,hiligaynon,active
ga sakit dughan ko,chest pain,hiligaynon,active
ga sakit dughan man,chest pain,hiligaynon,active
ga sakit dughan subong,chest pain,hiligaynon,active
ga sakit ilong akon,nose pain,hiligaynon,active
ga sakit ilong gid ko,nose pain,hiligaynon,active
ga sakit ilong ko,nose pain,hiligaynon,active
ga sakit ilong man,nose pain,hiligaynon,active
ga sakit ilong subong,nose pain,hiligaynon,active
ga sakit kamot akon,hand pain,hiligaynon,active
ga sakit kamot gid ko,hand pain,hiligaynon,active
ga sakit kamot ko,hand pain,hiligaynon,active
ga sakit kamot man,hand pain,hiligaynon,active
ga sakit kamot subong,hand pain,hiligaynon,active
ga sakit kuko akon,nail pain,hiligaynon,active
ga sakit kuko gid ko,nail pain,hiligaynon,active
ga sakit kuko ko,nail pain,hiligaynon,active
ga sakit kuko man,nail pain,hiligaynon,active
ga sakit kuko subong,nail pain,hiligaynon,active
ga sakit lawas akon,body pain,hiligaynon,active
ga sakit lawas gid ko,body pain,hiligaynon,active
ga sakit lawas ko,body pain,hiligaynon,active
ga sakit lawas man,body pain,hiligaynon,active
ga sakit lawas subong,body pain,hiligaynon,active
ga sakit lawi akon,nape pain,hiligaynon,active
ga sakit lawi gid ko,nape pain,hiligaynon,active
ga sakit lawi ko,nape pain,hiligaynon,active
ga sakit lawi man,nape pain,hiligaynon,active
ga sakit lawi subong,nape pain,hiligaynon,active
ga sakit likod ako,back pain,hiligaynon,active
ga sakit likod akon,back pain,hiligaynon,active
ga sakit likod akon gid,back pain,hiligaynon,active
ga sakit likod akon subong,back pain,hiligaynon,active
ga sakit likod gid ko,back pain,hiligaynon,active
ga sakit likod ko,back pain,hiligaynon,active
ga sakit likod ko gid,back pain,hiligaynon,active
ga sakit likod ko man,back pain,hiligaynon,active
ga sakit likod man,back pain,hiligaynon,active
ga sakit likod subong,back pain,hiligaynon,active
ga sakit liog ako,neck pain,hiligaynon,active
ga sakit liog akon,neck pain,hiligaynon,active
ga sakit liog akon gid,neck pain,hiligaynon,active
ga sakit liog akon subong,neck pain,hiligaynon,active
ga sakit liog gid ko,neck pain,hiligaynon,active
ga sakit liog ko,neck pain,hiligaynon,active
ga sakit liog ko gid,neck pain,hiligaynon,active
ga sakit liog ko man,neck pain,hiligaynon,active
ga sakit liog man,neck pain,hiligaynon,active
ga sakit liog subong,neck pain,hiligaynon,active
ga sakit mata akon,eye pain,hiligaynon,active
ga sakit mata gid ko,eye pain,hiligaynon,active
ga sakit mata ko,eye pain,hiligaynon,active
ga sakit mata man,eye pain,hiligaynon,active
ga sakit mata subong,eye pain,hiligaynon,active
ga sakit ngipon akon,tooth pain,hiligaynon,active
ga sakit ngipon gid ko,tooth pain,hiligaynon,active
ga sakit ngipon ko,tooth pain,hiligaynon,active
ga sakit ngipon man,tooth pain,hiligaynon,active
ga sakit ngipon subong,tooth pain,hiligaynon,active
ga sakit paa akon,foot pain,hiligaynon,active
ga sakit paa gid ko,foot pain,hiligaynon,active
ga sakit paa ko,foot pain,hiligaynon,active
ga sakit paa man,foot pain,hiligaynon,active
ga sakit paa subong,foot pain,hiligaynon,active
ga sakit pilas akon,wound pain,hiligaynon,active
ga sakit pilas gid ko,wound pain,hiligaynon,active
ga sakit pilas ko,wound pain,hiligaynon,active
ga sakit pilas man,wound pain,hiligaynon,active
ga sakit pilas subong,wound pain,hiligaynon,active
ga sakit pisngi akon,cheek pain,hiligaynon,active
ga sakit pisngi gid ko,cheek pain,hiligaynon,active
ga sakit pisngi ko,cheek pain,hiligaynon,active
ga sakit pisngi man,cheek pain,hiligaynon,active
ga sakit pisngi subong,cheek pain,hiligaynon,active
ga sakit siko ako,elbow pain,hiligaynon,active
ga sakit siko akon,elbow pain,hiligaynon,active
ga sakit siko akon gid,elbow pain,hiligaynon,active
ga sakit siko akon subong,elbow pain,hiligaynon,active
ga sakit siko gid ko,elbow pain,hiligaynon,active
ga sakit siko ko,elbow pain,hiligaynon,active
ga sakit siko ko gid,elbow pain,hiligaynon,active
ga sakit siko ko man,elbow pain,hiligaynon,active
ga sakit siko man,elbow pain,hiligaynon,active
ga sakit siko subong,elbow pain,hiligaynon,active
ga sakit tadlong akon,forearm pain,hiligaynon,active
ga sakit tadlong gid ko,forearm pain,hiligaynon,active
ga sakit tadlong ko,forearm pain,hiligaynon,active
ga sakit tadlong man,forearm pain,hiligaynon,active
ga sakit tadlong subong,forearm pain,hiligaynon,active
ga sakit tagipusuon akon,heart pain,hiligaynon,active
ga sakit tagipusuon gid ko,heart pain,hiligaynon,active
ga sakit tagipusuon ko,heart pain,hiligaynon,active
ga sakit tagipusuon man,heart pain,hiligaynon,active
ga sakit tagipusuon subong,heart pain,hiligaynon,active
ga sakit tai akon,buttocks pain,hiligaynon,active
ga sakit tai gid ko,buttocks pain,hiligaynon,active
ga sakit tai ko,buttocks pain,hiligaynon,active
ga sakit tai man,buttocks pain,hiligaynon,active
ga sakit tai subong,buttocks pain,hiligaynon,active
ga sakit tiil akon,foot pain,hiligaynon,active
ga sakit tiil gid ko,foot pain,hiligaynon,active
ga sakit tiil ko,foot pain,hiligaynon,active
ga sakit tiil man,foot pain,hiligaynon,active
ga sakit tiil subong,foot pain,hiligaynon,active
ga sakit tikod ako,heel pain,hiligaynon,active
ga sakit tikod akon,heel pain,hiligaynon,active
ga sakit tikod akon gid,heel pain,hiligaynon,active
ga sakit tikod akon subong,heel pain,hiligaynon,active
ga sakit tikod gid ko,heel pain,hiligaynon,active
ga sakit tikod ko,heel pain,hiligaynon,active
ga sakit tikod ko gid,heel pain,hiligaynon,active
ga sakit tikod ko man,heel pain,hiligaynon,active
ga sakit tikod man,heel pain,hiligaynon,active
ga sakit tikod subong,heel pain,hiligaynon,active
ga sakit titi akon,breast pain,hiligaynon,active
ga sakit titi gid ko,breast pain,hiligaynon,active
ga sakit titi ko,breast pain,hiligaynon,active
ga sakit titi man,breast pain,hiligaynon,active
ga sakit titi subong,breast pain,hiligaynon,active
ga sakit tiyan akon,abdominal pain,hiligaynon,active
ga sakit tiyan gid ko,abdominal pain,hiligaynon,active
ga sakit tiyan ko,abdominal pain,hiligaynon,active
ga sakit tiyan man,abdominal pain,hiligaynon,active
ga sakit tiyan subong,abdominal pain,hiligaynon,active
ga sakit tudlo akon,finger pain,hiligaynon,active
ga sakit tudlo gid ko,finger pain,hiligaynon,active
ga sakit tudlo ko,finger pain,hiligaynon,active
ga sakit tudlo man,finger pain,hiligaynon,active
ga sakit tudlo subong,finger pain,hiligaynon,active
ga sakit tuhod akon,knee pain,hiligaynon,active
ga sakit tuhod gid ko,knee pain,hiligaynon,active
ga sakit tuhod ko,knee pain,hiligaynon,active
ga sakit tuhod man,knee pain,hiligaynon,active
ga sakit tuhod subong,knee pain,hiligaynon,active
ga sakit tungod akon,throat pain,hiligaynon,active
ga sakit tungod gid ko,throat pain,hiligaynon,active
ga sakit tungod ko,throat pain,hiligaynon,active
ga sakit tungod man,throat pain,hiligaynon,active
ga sakit tungod subong,throat pain,hiligaynon,active
ga sakit tungtong ako,ankle pain,hiligaynon,active
ga sakit tungtong akon,ankle pain,hiligaynon,active
ga sakit tungtong akon gid,ankle pain,hiligaynon,active
ga sakit tungtong akon subong,ankle pain,hiligaynon,active
ga sakit tungtong gid ko,ankle pain,hiligaynon,active
ga sakit tungtong ko,ankle pain,hiligaynon,active
ga sakit tungtong ko gid,ankle pain,hiligaynon,active
ga sakit tungtong ko man,ankle pain,hiligaynon,active
ga sakit tungtong man,ankle pain,hiligaynon,active
ga sakit tungtong subong,ankle pain,hiligaynon,active
ga sakit ulo akon,head pain,hiligaynon,active
ga sakit ulo gid ko,head pain,hiligaynon,active
ga sakit ulo ko,head pain,hiligaynon,active
ga sakit ulo man,head pain,hiligaynon,active
ga sakit ulo subong,head pain,hiligaynon,active
ga sakit utok akon,brain pain,hiligaynon,active
ga sakit utok gid ko,brain pain,hiligaynon,active
ga sakit utok ko,brain pain,hiligaynon,active
ga sakit utok man,brain pain,hiligaynon,active
ga sakit utok subong,brain pain,hiligaynon,active
ga suka kag kalibanga,vomiting and diarrhea,hiligaynon,active
gadugo acun itlog,testicular bleeding,hiligaynon,active
gadugo acun itlug,testicular bleeding,hiligaynon,active
gadugo akon ari,penile bleeding,hiligaynon,active
gadugo akon ari ko,penile bleeding,hiligaynon,active
gadugo akon ary,penile bleeding,hiligaynon,active
gadugo akon ary ko,penile bleeding,hiligaynon,active
gadugo akon bilad,vaginal bleeding,hiligaynon,active
gadugo akon bilad ko,vaginal bleeding,hiligaynon,active
gadugo akon bilat,vaginal bleeding,hiligaynon,active
gadugo akon bilat ko,vaginal bleeding,hiligaynon,active
gadugo akon itlog,testicular bleeding,hiligaynon,active
gadugo akon itlog ko,testicular bleeding,hiligaynon,active
gadugo akon itlug,testicular bleeding,hiligaynon,active
gadugo akon itlug ko,testicular bleeding,hiligaynon,active
gadugo ari ako,penile bleeding,hiligaynon,active
gadugo ari akon,penile bleeding,hiligaynon,active
gadugo ari akon gid,penile bleeding,hiligaynon,active
gadugo ari akon subong,penile bleeding,hiligaynon,active
gadugo ari gid ko,penile bleeding,hiligaynon,active
gadugo ari ko,penile bleeding,hiligaynon,active
gadugo ari ko ako,penile bleeding,hiligaynon,active
gadugo ari ko akon,penile bleeding,hiligaynon,active
gadugo ari ko akon gid,penile bleeding,hiligaynon,active
gadugo ari ko akon subong,penile bleeding,hiligaynon,active
gadugo ari ko gid,penile bleeding,hiligaynon,active
gadugo ari ko gid ko,penile bleeding,hiligaynon,active
gadugo ari ko ko,penile bleeding,hiligaynon,active
gadugo ari ko ko gid,penile bleeding,hiligaynon,active
gadugo ary ako,penile bleeding,hiligaynon,active
gadugo ary akon,penile bleeding,hiligaynon,active
gadugo ary akon gid,penile bleeding,hiligaynon,active
gadugo ary akon subong,penile bleeding,hiligaynon,active
gadugo ary gid ko,penile bleeding,hiligaynon,active
gadugo ary ko,penile bleeding,hiligaynon,active
gadugo ary ko ako,penile bleeding,hiligaynon,active
gadugo ary ko akon,penile bleeding,hiligaynon,active
gadugo ary ko akon gid,penile bleeding,hiligaynon,active
gadugo ary ko akon subong,penile bleeding,hiligaynon,active
gadugo ary ko gid,penile bleeding,hiligaynon,active
gadugo ary ko gid ko,penile bleeding,hiligaynon,active
gadugo ary ko ko,penile bleeding,hiligaynon,active
gadugo ary ko ko gid,penile bleeding,hiligaynon,active
gadugo bilad ako,vaginal bleeding,hiligaynon,active
gadugo bilad akon,vaginal bleeding,hiligaynon,active
gadugo bilad akon gid,vaginal bleeding,hiligaynon,active
gadugo bilad akon subong,vaginal bleeding,hiligaynon,active
gadugo bilad gid ko,vaginal bleeding,hiligaynon,active
gadugo bilad ko,vaginal bleeding,hiligaynon,active
gadugo bilad ko ako,vaginal bleeding,hiligaynon,active
gadugo bilad ko akon,vaginal bleeding,hiligaynon,active
gadugo bilad ko akon gid,vaginal bleeding,hiligaynon,active
gadugo bilad ko akon subong,vaginal bleeding,hiligaynon,active
gadugo bilad ko gid,vaginal bleeding,hiligaynon,active
gadugo bilad ko gid ko,vaginal bleeding,hiligaynon,active
gadugo bilad ko ko,vaginal bleeding,hiligaynon,active
gadugo bilad ko ko gid,vaginal bleeding,hiligaynon,active
gadugo bilat ako,vaginal bleeding,hiligaynon,active
gadugo bilat akon,vaginal bleeding,hiligaynon,active
gadugo bilat akon gid,vaginal bleeding,hiligaynon,active
gadugo bilat akon subong,vaginal bleeding,hiligaynon,active
gadugo bilat gid ko,vaginal bleeding,hiligaynon,active
gadugo bilat ko,vaginal bleeding,hiligaynon,active
gadugo bilat ko ako,vaginal bleeding,hiligaynon,active
gadugo bilat ko akon,vaginal bleeding,hiligaynon,active
gadugo bilat ko akon gid,vaginal bleeding,hiligaynon,active
gadugo bilat ko akon subong,vaginal bleeding,hiligaynon,active
gadugo bilat ko gid,vaginal bleeding,hiligaynon,active
gadugo bilat ko gid ko,vaginal bleeding,hiligaynon,active
gadugo bilat ko ko,vaginal bleeding,hiligaynon,active
gadugo bilat ko ko gid,vaginal bleeding,hiligaynon,active
gadugo gid acun itlog,testicular bleeding,hiligaynon,active
gadugo gid akon ari,penile bleeding,hiligaynon,active
gadugo gid akon ari ko,penile bleeding,hiligaynon,active
gadugo gid akon ary,penile bleeding,hiligaynon,active
gadugo gid akon ary ko,penile bleeding,hiligaynon,active
gadugo gid akon bilad,vaginal bleeding,hiligaynon,active
gadugo gid akon bilad ko,vaginal bleeding,hiligaynon,active
gadugo gid akon bilat,vaginal bleeding,hiligaynon,active
gadugo gid akon bilat ko,vaginal bleeding,hiligaynon,active
gadugo gid akon itlog,testicular bleeding,hiligaynon,active
gadugo gid akon itlog ko,testicular bleeding,hiligaynon,active
gadugo gid akon itlug,testicular bleeding,hiligaynon,active
gadugo gid akon itlug ko,testicular bleeding,hiligaynon,active
gadugo gid ari ako,penile bleeding,hiligaynon,active
gadugo gid ari akon,penile bleeding,hiligaynon,active
gadugo gid ari akon gid,penile bleeding,hiligaynon,active
gadugo gid ari akon subong,penile bleeding,hiligaynon,active
gadugo gid ari gid ko,penile bleeding,hiligaynon,active
gadugo gid ari ko,penile bleeding,hiligaynon,active
gadugo gid ari ko ako,penile bleeding,hiligaynon,active
gadugo gid ari ko akon,penile bleeding,hiligaynon,active
gadugo gid ari ko akon gid,penile bleeding,hiligaynon,active
gadugo gid ari ko akon subong,penile bleeding,hiligaynon,active
gadugo gid ari ko gid,penile bleeding,hiligaynon,active
gadugo gid ari ko gid ko,penile bleeding,hiligaynon,active
gadugo gid ari ko ko,penile bleeding,hiligaynon,active
gadugo gid ari ko ko gid,penile bleeding,hiligaynon,active
gadugo gid ary ako,penile bleeding,hiligaynon,active
gadugo gid ary akon,penile bleeding,hiligaynon,active
gadugo gid ary akon gid,penile bleeding,hiligaynon,active
gadugo gid ary akon subong,penile bleeding,hiligaynon,active
gadugo gid ary gid ko,penile bleeding,hiligaynon,active
gadugo gid ary ko,penile bleeding,hiligaynon,active
gadugo gid ary ko ako,penile bleeding,hiligaynon,active
gadugo gid ary ko akon,penile bleeding,hiligaynon,active
gadugo gid ary ko akon gid,penile bleeding,hiligaynon,active
gadugo gid ary ko akon subong,penile bleeding,hiligaynon,active
gadugo gid ary ko gid,penile bleeding,hiligaynon,active
gadugo gid ary ko gid ko,penile bleeding,hiligaynon,active
gadugo gid ary ko ko,penile bleeding,hiligaynon,active
gadugo gid ary ko ko gid,penile bleeding,hiligaynon,active
gadugo gid bilad ako,vaginal bleeding,hiligaynon,active
gadugo gid bilad akon,vaginal bleeding,hiligaynon,active
gadugo gid bilad akon gid,vaginal bleeding,hiligaynon,active
gadugo gid bilad akon subong,vaginal bleeding,hiligaynon,active
gadugo gid bilad gid ko,vaginal bleeding,hiligaynon,active
gadugo gid bilad ko,vaginal bleeding,hiligaynon,active
gadugo gid bilad ko ako,vaginal bleeding,hiligaynon,active
gadugo gid bilad ko akon,vaginal bleeding,hiligaynon,active
gadugo gid bilad ko akon gid,vaginal bleeding,hiligaynon,active
gadugo gid bilad ko akon subong,vaginal bleeding,hiligaynon,active
gadugo gid bilad ko gid,vaginal bleeding,hiligaynon,active
gadugo gid bilad ko gid ko,vaginal bleeding,hiligaynon,active
gadugo gid bilad ko ko,vaginal bleeding,hiligaynon,active
gadugo gid bilad ko ko gid,vaginal bleeding,hiligaynon,active
gadugo gid bilat ako,vaginal bleeding,hiligaynon,active
gadugo gid bilat akon,vaginal bleeding,hiligaynon,active
gadugo gid bilat akon gid,vaginal bleeding,hiligaynon,active
gadugo gid bilat akon subong,vaginal bleeding,hiligaynon,active
gadugo gid bilat gid ko,vaginal bleeding,hiligaynon,active
gadugo gid bilat ko,vaginal bleeding,hiligaynon,active
gadugo gid bilat ko ako,vaginal bleeding,hiligaynon,active
gadugo gid bilat ko akon,vaginal bleeding,hiligaynon,active
gadugo gid bilat ko akon gid,vaginal bleeding,hiligaynon,active
gadugo gid bilat ko akon subong,vaginal bleeding,hiligaynon,active
gadugo gid bilat ko gid,vaginal bleeding,hiligaynon,active
gadugo gid bilat ko gid ko,vaginal bleeding,hiligaynon,active
gadugo gid bilat ko ko,vaginal bleeding,hiligaynon,active
gadugo gid bilat ko ko gid,vaginal bleeding,hiligaynon,active
gadugo gid itlog acun,testicular bleeding,hiligaynon,active
gadugo gid itlog acun gid,testicular bleeding,hiligaynon,active
gadugo gid itlog acun subong,testicular bleeding,hiligaynon,active
gadugo gid itlog ako,testicular bleeding,hiligaynon,active
gadugo gid itlog akon,testicular bleeding,hiligaynon,active
gadugo gid itlog akon gid,testicular bleeding,hiligaynon,active
gadugo gid itlog akon subong,testicular bleeding,hiligaynon,active
gadugo gid itlog gid ko,testicular bleeding,hiligaynon,active
gadugo gid itlog gid ku,testicular bleeding,hiligaynon,active
gadugo gid itlog ko,testicular bleeding,hiligaynon,active
gadugo gid itlog ko ako,testicular bleeding,hiligaynon,active
gadugo gid itlog ko akon,testicular bleeding,hiligaynon,active
gadugo gid itlog ko akon gid,testicular bleeding,hiligaynon,active
gadugo gid itlog ko akon subong,testicular bleeding,hiligaynon,active
gadugo gid itlog ko gid,testicular bleeding,hiligaynon,active
gadugo gid itlog ko gid ko,testicular bleeding,hiligaynon,active
gadugo gid itlog ko ko,testicular bleeding,hiligaynon,active
gadugo gid itlog ko ko gid,testicular bleeding,hiligaynon,active
gadugo gid itlog ku,testicular bleeding,hiligaynon,active
gadugo gid itlog ku gid,testicular bleeding,hiligaynon,active
gadugo gid itlug ako,testicular bleeding,hiligaynon,active
gadugo gid itlug akon,testicular bleeding,hiligaynon,active
gadugo gid itlug akon gid,testicular bleeding,hiligaynon,active
gadugo gid itlug akon subong,testicular bleeding,hiligaynon,active
gadugo gid itlug gid ko,testicular bleeding,hiligaynon,active
gadugo gid itlug ko,testicular bleeding,hiligaynon,active
gadugo gid itlug ko ako,testicular bleeding,hiligaynon,active
gadugo gid itlug ko akon,testicular bleeding,hiligaynon,active
gadugo gid itlug ko akon gid,testicular bleeding,hiligaynon,active
gadugo gid itlug ko akon subong,testicular bleeding,hiligaynon,active
gadugo gid itlug ko gid,testicular bleeding,hiligaynon,active
gadugo gid itlug ko gid ko,testicular bleeding,hiligaynon,active
gadugo gid itlug ko ko,testicular bleeding,hiligaynon,active
gadugo gid itlug ko ko gid,testicular bleeding,hiligaynon,active
gadugo itlog acun,testicular bleeding,hiligaynon,active
gadugo itlog acun gid,testicular bleeding,hiligaynon,active
gadugo itlog acun subong,testicular bleeding,hiligaynon,active
gadugo itlog ako,testicular bleeding,hiligaynon,active
gadugo itlog akon,testicular bleeding,hiligaynon,active
gadugo itlog akon gid,testicular bleeding,hiligaynon,active
gadugo itlog akon subong,testicular bleeding,hiligaynon,active
gadugo itlog gid ko,testicular bleeding,hiligaynon,active
gadugo itlog gid ku,testicular bleeding,hiligaynon,active
gadugo itlog ko,testicular bleeding,hiligaynon,active
gadugo itlog ko ako,testicular bleeding,hiligaynon,active
gadugo itlog ko akon,testicular bleeding,hiligaynon,active
gadugo itlog ko akon gid,testicular bleeding,hiligaynon,active
gadugo itlog ko akon subong,testicular bleeding,hiligaynon,active
gadugo itlog ko gid,testicular bleeding,hiligaynon,active
gadugo itlog ko gid ko,testicular bleeding,hiligaynon,active
gadugo itlog ko ko,testicular bleeding,hiligaynon,active
gadugo itlog ko ko gid,testicular bleeding,hiligaynon,active
gadugo itlog ku,testicular bleeding,hiligaynon,active
gadugo itlog ku gid,testicular bleeding,hiligaynon,active
gadugo itlug acun,testicular bleeding,hiligaynon,active
gadugo itlug acun gid,testicular bleeding,hiligaynon,active
gadugo itlug acun subong,testicular bleeding,hiligaynon,active
gadugo itlug ako,testicular bleeding,hiligaynon,active
gadugo itlug akon,testicular bleeding,hiligaynon,active
gadugo itlug akon gid,testicular bleeding,hiligaynon,active
gadugo itlug akon subong,testicular bleeding,hiligaynon,active
gadugo itlug gid ko,testicular bleeding,hiligaynon,active
gadugo itlug gid ku,testicular bleeding,hiligaynon,active
gadugo itlug ko,testicular bleeding,hiligaynon,active
gadugo itlug ko ako,testicular bleeding,hiligaynon,active
gadugo itlug ko akon,testicular bleeding,hiligaynon,active
gadugo itlug ko akon gid,testicular bleeding,hiligaynon,active
gadugo itlug ko akon subong,testicular bleeding,hiligaynon,active
gadugo itlug ko gid,testicular bleeding,hiligaynon,active
gadugo itlug ko gid ko,testicular bleeding,hiligaynon,active
gadugo itlug ko ko,testicular bleeding,hiligaynon,active
gadugo itlug ko ko gid,testicular bleeding,hiligaynon,active
gadugo itlug ku,testicular bleeding,hiligaynon,active
gadugo itlug ku gid,testicular bleeding,hiligaynon,active
gahabok abaga akon,shoulder swelling,hiligaynon,active
gahabok abaga akon gid,shoulder swelling,hiligaynon,active
gahabok abaga gid ko,shoulder swelling,hiligaynon,active
gahabok abaga ko,shoulder swelling,hiligaynon,active
gahabok abaga ko gid,shoulder swelling,hiligaynon,active
gahabok abaga man,shoulder swelling,hiligaynon,active
gahabok abaga subong,shoulder swelling,hiligaynon,active
gahabok acun itlog,testicular swelling,hiligaynon,active
gahabok acun itlog ko,testicular swelling,hiligaynon,active
gahabok acun itlug,testicular swelling,hiligaynon,active
gahabok acun itlug ko,testicular swelling,hiligaynon,active
gahabok akon abaga,shoulder swelling,hiligaynon,active
gahabok akon ari,penile swelling,hiligaynon,active
gahabok akon ari ko,penile swelling,hiligaynon,active
gahabok akon ary,penile swelling,hiligaynon,active
gahabok akon ary ko,penile swelling,hiligaynon,active
gahabok akon atay,liver swelling,hiligaynon,active
gahabok akon awang,jaw swelling,hiligaynon,active
gahabok akon baba,lip swelling,hiligaynon,active
gahabok akon balat,skin swelling,hiligaynon,active
gahabok akon batiis,leg swelling,hiligaynon,active
gahabok akon bato,kidney swelling,hiligaynon,active
gahabok akon bayag,scrotal swelling,hiligaynon,active
gahabok akon baywang,waist swelling,hiligaynon,active
gahabok akon bilad,vaginal swelling,hiligaynon,active
gahabok akon bilad ko,vaginal swelling,hiligaynon,active
gahabok akon bilat,vaginal swelling,hiligaynon,active
gahabok akon bilat ko,vaginal swelling,hiligaynon,active
gahabok akon buhok,hair swelling,hiligaynon,active
gahabok akon bukong,forehead swelling,hiligaynon,active
gahabok akon buuk,arm swelling,hiligaynon,active
gahabok akon dalunggan,ear swelling,hiligaynon,active
gahabok akon dila,swollen tongue,hiligaynon,active
gahabok akon dughan,chest swelling,hiligaynon,active
gahabok akon ilong,nasal swelling,hiligaynon,active
gahabok akon itlog,testicular swelling,hiligaynon,active
gahabok akon itlog ko,testicular swelling,hiligaynon,active
gahabok akon itlog ku,testicular swelling,hiligaynon,active
gahabok akon itlug,testicular swelling,hiligaynon,active
gahabok akon itlug ko,testicular swelling,hiligaynon,active
gahabok akon itlug ku,testicular swelling,hiligaynon,active
gahabok akon kamot,hand swelling,hiligaynon,active
gahabok akon kuko,nail swelling,hiligaynon,active
gahabok akon lawas,body swelling,hiligaynon,active
gahabok akon lawi,nape swelling,hiligaynon,active
gahabok akon likod,back swelling,hiligaynon,active
gahabok akon liog,neck swelling,hiligaynon,active
gahabok akon mata,eye swelling,hiligaynon,active
gahabok akon ngipon,tooth swelling,hiligaynon,active
gahabok akon paa,foot swelling,hiligaynon,active
gahabok akon pilas,wound swelling,hiligaynon,active
gahabok akon pisngi,facial swelling,hiligaynon,active
gahabok akon siko,elbow swelling,hiligaynon,active
gahabok akon singit,groin swelling,hiligaynon,active
gahabok akon tadlong,forearm swelling,hiligaynon,active
gahabok akon tagipusuon,heart swelling,hiligaynon,active
gahabok akon tai,buttocks swelling,hiligaynon,active
gahabok akon tiil,swollen foot,hiligaynon,active
gahabok akon tikod,heel swelling,hiligaynon,active
gahabok akon titi,breast swelling,hiligaynon,active
gahabok akon tiyan,abdominal swelling,hiligaynon,active
gahabok akon tudlo,finger swelling,hiligaynon,active
gahabok akon tuhod,knee swelling,hiligaynon,active
gahabok akon tungod,throat swelling,hiligaynon,active
gahabok akon tungtong,ankle swelling,hiligaynon,active
gahabok akon ulo,head swelling,hiligaynon,active
gahabok akon utok,brain swelling,hiligaynon,active
gahabok ang tiil,swollen foot,hiligaynon,active
gahabok ari ako,penile swelling,hiligaynon,active
gahabok ari akon,penile swelling,hiligaynon,active
gahabok ari akon gid,penile swelling,hiligaynon,active
gahabok ari akon subong,penile swelling,hiligaynon,active
gahabok ari gid ko,penile swelling,hiligaynon,active
gahabok ari ko,penile swelling,hiligaynon,active
gahabok ari ko ako,penile swelling,hiligaynon,active
gahabok ari ko akon,penile swelling,hiligaynon,active
gahabok ari ko akon gid,penile swelling,hiligaynon,active
gahabok ari ko akon subong,penile swelling,hiligaynon,active
gahabok ari ko gid,penile swelling,hiligaynon,active
gahabok ari ko gid ko,penile swelling,hiligaynon,active
gahabok ari ko ko,penile swelling,hiligaynon,active
gahabok ari ko ko gid,penile swelling,hiligaynon,active
gahabok ary ako,penile swelling,hiligaynon,active
gahabok ary akon,penile swelling,hiligaynon,active
gahabok ary akon gid,penile swelling,hiligaynon,active
gahabok ary akon subong,penile swelling,hiligaynon,active
gahabok ary gid ko,penile swelling,hiligaynon,active
gahabok ary ko,penile swelling,hiligaynon,active
gahabok ary ko ako,penile swelling,hiligaynon,active
gahabok ary ko akon,penile swelling,hiligaynon,active
gahabok ary ko akon gid,penile swelling,hiligaynon,active
gahabok ary ko akon subong,penile swelling,hiligaynon,active
gahabok ary ko gid,penile swelling,hiligaynon,active
gahabok ary ko gid ko,penile swelling,hiligaynon,active
gahabok ary ko ko,penile swelling,hiligaynon,active
gahabok ary ko ko gid,penile swelling,hiligaynon,active
gahabok atay akon,liver swelling,hiligaynon,active
gahabok atay akon gid,liver swelling,hiligaynon,active
gahabok atay gid ko,liver swelling,hiligaynon,active
gahabok atay ko,liver swelling,hiligaynon,active
gahabok atay ko gid,liver swelling,hiligaynon,active
gahabok atay man,liver swelling,hiligaynon,active
gahabok atay subong,liver swelling,hiligaynon,active
gahabok awang akon,jaw swelling,hiligaynon,active
gahabok awang akon gid,jaw swelling,hiligaynon,active
gahabok awang gid ko,jaw swelling,hiligaynon,active
gahabok awang ko,jaw swelling,hiligaynon,active
gahabok awang ko gid,jaw swelling,hiligaynon,active
gahabok awang man,jaw swelling,hiligaynon,active
gahabok awang subong,jaw swelling,hiligaynon,active
gahabok baba akon,lip swelling,hiligaynon,active
gahabok baba akon gid,lip swelling,hiligaynon,active
gahabok baba gid ko,lip swelling,hiligaynon,active
gahabok baba ko,lip swelling,hiligaynon,active
gahabok baba ko gid,lip swelling,hiligaynon,active
gahabok baba man,lip swelling,hiligaynon,active
gahabok baba subong,lip swelling,hiligaynon,active
gahabok balat akon,skin swelling,hiligaynon,active
gahabok balat akon gid,skin swelling,hiligaynon,active
gahabok balat gid ko,skin swelling,hiligaynon,active
gahabok balat ko,skin swelling,hiligaynon,active
gahabok balat ko gid,skin swelling,hiligaynon,active
gahabok balat man,skin swelling,hiligaynon,active
gahabok balat subong,skin swelling,hiligaynon,active
gahabok batiis akon,leg swelling,hiligaynon,active
gahabok batiis akon gid,leg swelling,hiligaynon,active
gahabok batiis gid ko,leg swelling,hiligaynon,active
gahabok batiis ko,leg swelling,hiligaynon,active
gahabok batiis ko gid,leg swelling,hiligaynon,active
gahabok batiis man,leg swelling,hiligaynon,active
gahabok batiis subong,leg swelling,hiligaynon,active
gahabok bato akon,kidney swelling,hiligaynon,active
gahabok bato akon gid,kidney swelling,hiligaynon,active
gahabok bato gid ko,kidney swelling,hiligaynon,active
gahabok bato ko,kidney swelling,hiligaynon,active
gahabok bato ko gid,kidney swelling,hiligaynon,active
gahabok bato man,kidney swelling,hiligaynon,active
gahabok bato subong,kidney swelling,hiligaynon,active
gahabok bayag ako,scrotal swelling,hiligaynon,active
gahabok bayag akon,scrotal swelling,hiligaynon,active
gahabok bayag akon gid,scrotal swelling,hiligaynon,active
gahabok bayag akon subong,scrotal swelling,hiligaynon,active
gahabok bayag gid ko,scrotal swelling,hiligaynon,active
gahabok bayag ko,scrotal swelling,hiligaynon,active
gahabok bayag ko gid,scrotal swelling,hiligaynon,active
gahabok baywang akon,waist swelling,hiligaynon,active
gahabok baywang akon gid,waist swelling,hiligaynon,active
gahabok baywang gid ko,waist swelling,hiligaynon,active
gahabok baywang ko,waist swelling,hiligaynon,active
gahabok baywang ko gid,waist swelling,hiligaynon,active
gahabok baywang man,waist swelling,hiligaynon,active
gahabok baywang subong,waist swelling,hiligaynon,active
gahabok bilad ako,vaginal swelling,hiligaynon,active
gahabok bilad akon,vaginal swelling,hiligaynon,active
gahabok bilad akon gid,vaginal swelling,hiligaynon,active
gahabok bilad akon subong,vaginal swelling,hiligaynon,active
gahabok bilad gid ko,vaginal swelling,hiligaynon,active
gahabok bilad ko,vaginal swelling,hiligaynon,active
gahabok bilad ko ako,vaginal swelling,hiligaynon,active
gahabok bilad ko akon,vaginal swelling,hiligaynon,active
gahabok bilad ko akon gid,vaginal swelling,hiligaynon,active
gahabok bilad ko akon subong,vaginal swelling,hiligaynon,active
gahabok bilad ko gid,vaginal swelling,hiligaynon,active
gahabok bilad ko gid ko,vaginal swelling,hiligaynon,active
gahabok bilad ko ko,vaginal swelling,hiligaynon,active
gahabok bilad ko ko gid,vaginal swelling,hiligaynon,active
gahabok bilat ako,vaginal swelling,hiligaynon,active
gahabok bilat akon,vaginal swelling,hiligaynon,active
gahabok bilat akon gid,vaginal swelling,hiligaynon,active
gahabok bilat akon subong,vaginal swelling,hiligaynon,active
gahabok bilat gid ko,vaginal swelling,hiligaynon,active
gahabok bilat ko,vaginal swelling,hiligaynon,active
gahabok bilat ko ako,vaginal swelling,hiligaynon,active
gahabok bilat ko akon,vaginal swelling,hiligaynon,active
gahabok bilat ko akon gid,vaginal swelling,hiligaynon,active
gahabok bilat ko akon subong,vaginal swelling,hiligaynon,active
gahabok bilat ko gid,vaginal swelling,hiligaynon,active
gahabok bilat ko gid ko,vaginal swelling,hiligaynon,active
gahabok bilat ko ko,vaginal swelling,hiligaynon,active
gahabok bilat ko ko gid,vaginal swelling,hiligaynon,active
gahabok buhok akon,hair swelling,hiligaynon,active
gahabok buhok akon gid,hair swelling,hiligaynon,active
gahabok buhok gid ko,hair swelling,hiligaynon,active
gahabok buhok ko,hair swelling,hiligaynon,active
gahabok buhok ko gid,hair swelling,hiligaynon,active
gahabok buhok man,hair swelling,hiligaynon,active
gahabok buhok subong,hair swelling,hiligaynon,active
gahabok bukong akon,forehead swelling,hiligaynon,active
gahabok bukong akon gid,forehead swelling,hiligaynon,active
gahabok bukong gid ko,forehead swelling,hiligaynon,active
gahabok bukong ko,forehead swelling,hiligaynon,active
gahabok bukong ko gid,forehead swelling,hiligaynon,active
gahabok bukong man,forehead swelling,hiligaynon,active
gahabok bukong subong,forehead swelling,hiligaynon,active
gahabok buuk akon,arm swelling,hiligaynon,active
gahabok buuk akon gid,arm swelling,hiligaynon,active
gahabok buuk gid ko,arm swelling,hiligaynon,active
gahabok buuk ko,arm swelling,hiligaynon,active
gahabok buuk ko gid,arm swelling,hiligaynon,active
gahabok buuk man,arm swelling,hiligaynon,active
gahabok buuk subong,arm swelling,hiligaynon,active
gahabok dalunggan akon,ear swelling,hiligaynon,active
gahabok dalunggan akon gid,ear swelling,hiligaynon,active
gahabok dalunggan gid ko,ear swelling,hiligaynon,active
gahabok dalunggan ko,ear swelling,hiligaynon,active
gahabok dalunggan ko gid,ear swelling,hiligaynon,active
gahabok dalunggan man,ear swelling,hiligaynon,active
gahabok dalunggan subong,ear swelling,hiligaynon,active
gahabok dila acun,swollen tongue,hiligaynon,active
gahabok dila acun gid,swollen tongue,hiligaynon,active
gahabok dila akon,swollen tongue,hiligaynon,active
gahabok dila akon gid,swollen tongue,hiligaynon,active
gahabok dila gid ko,swollen tongue,hiligaynon,active
gahabok dila gid ku,swollen tongue,hiligaynon,active
gahabok dila ko,swollen tongue,hiligaynon,active
gahabok dila ko gid,swollen tongue,hiligaynon,active
gahabok dila ku,swollen tongue,hiligaynon,active
gahabok dila ku gid,swollen tongue,hiligaynon,active
gahabok dila man,swollen tongue,hiligaynon,active
gahabok dila subong,swollen tongue,hiligaynon,active
gahabok dughan akon,chest swelling,hiligaynon,active
gahabok dughan akon gid,chest swelling,hiligaynon,active
gahabok dughan gid ko,chest swelling,hiligaynon,active
gahabok dughan ko,chest swelling,hiligaynon,active
gahabok dughan ko gid,chest swelling,hiligaynon,active
gahabok dughan man,chest swelling,hiligaynon,active
gahabok dughan subong,chest swelling,hiligaynon,active
gahabok gid bilat ko,vaginal swelling,hiligaynon,active
gahabok ilong akon,nasal swelling,hiligaynon,active
gahabok ilong akon gid,nasal swelling,hiligaynon,active
gahabok ilong gid ko,nasal swelling,hiligaynon,active
gahabok ilong ko,nasal swelling,hiligaynon,active
gahabok ilong ko gid,nasal swelling,hiligaynon,active
gahabok ilong man,nasal swelling,hiligaynon,active
gahabok ilong subong,nasal swelling,hiligaynon,active
gahabok itlog acun,testicular swelling,hiligaynon,active
gahabok itlog acun gid,testicular swelling,hiligaynon,active
gahabok itlog acun subong,testicular swelling,hiligaynon,active
gahabok itlog ako,testicular swelling,hiligaynon,active
gahabok itlog akon,testicular swelling,hiligaynon,active
gahabok itlog akon gid,testicular swelling,hiligaynon,active
gahabok itlog akon subong,testicular swelling,hiligaynon,active
gahabok itlog gid ko,testicular swelling,hiligaynon,active
gahabok itlog gid ku,testicular swelling,hiligaynon,active
gahabok itlog ko,testicular swelling,hiligaynon,active
gahabok itlog ko acun,testicular swelling,hiligaynon,active
gahabok itlog ko acun gid,testicular swelling,hiligaynon,active
gahabok itlog ko acun subong,testicular swelling,hiligaynon,active
gahabok itlog ko ako,testicular swelling,hiligaynon,active
gahabok itlog ko akon,testicular swelling,hiligaynon,active
gahabok itlog ko akon gid,testicular swelling,hiligaynon,active
gahabok itlog ko akon subong,testicular swelling,hiligaynon,active
gahabok itlog ko gid,testicular swelling,hiligaynon,active
gahabok itlog ko gid ko,testicular swelling,hiligaynon,active
gahabok itlog ko ko,testicular swelling,hiligaynon,active
gahabok itlog ko ko gid,testicular swelling,hiligaynon,active
gahabok itlog ku,testicular swelling,hiligaynon,active
gahabok itlog ku ako,testicular swelling,hiligaynon,active
gahabok itlog ku akon,testicular swelling,hiligaynon,active
gahabok itlog ku akon gid,testicular swelling,hiligaynon,active
gahabok itlog ku akon subong,testicular swelling,hiligaynon,active
gahabok itlog ku gid,testicular swelling,hiligaynon,active
gahabok itlog ku gid ko,testicular swelling,hiligaynon,active
gahabok itlog ku ko,testicular swelling,hiligaynon,active
gahabok itlog ku ko gid,testicular swelling,hiligaynon,active
gahabok itlug acun,testicular swelling,hiligaynon,active
gahabok itlug acun gid,testicular swelling,hiligaynon,active
gahabok itlug acun subong,testicular swelling,hiligaynon,active
gahabok itlug ako,testicular swelling,hiligaynon,active
gahabok itlug akon,testicular swelling,hiligaynon,active
gahabok itlug akon gid,testicular swelling,hiligaynon,active
gahabok itlug akon subong,testicular swelling,hiligaynon,active
gahabok itlug gid ko,testicular swelling,hiligaynon,active
gahabok itlug gid ku,testicular swelling,hiligaynon,active
gahabok itlug ko,testicular swelling,hiligaynon,active
gahabok itlug ko acun,testicular swelling,hiligaynon,active
gahabok itlug ko acun gid,testicular swelling,hiligaynon,active
gahabok itlug ko acun subong,testicular swelling,hiligaynon,active
gahabok itlug ko ako,testicular swelling,hiligaynon,active
gahabok itlug ko akon,testicular swelling,hiligaynon,active
gahabok itlug ko akon gid,testicular swelling,hiligaynon,active
gahabok itlug ko akon subong,testicular swelling,hiligaynon,active
gahabok itlug ko gid,testicular swelling,hiligaynon,active
gahabok itlug ko gid ko,testicular swelling,hiligaynon,active
gahabok itlug ko ko,testicular swelling,hiligaynon,active
gahabok itlug ko ko gid,testicular swelling,hiligaynon,active
gahabok itlug ku,testicular swelling,hiligaynon,active
gahabok itlug ku ako,testicular swelling,hiligaynon,active
gahabok itlug ku akon,testicular swelling,hiligaynon,active
gahabok itlug ku akon gid,testicular swelling,hiligaynon,active
gahabok itlug ku akon subong,testicular swelling,hiligaynon,active
gahabok itlug ku gid,testicular swelling,hiligaynon,active
gahabok itlug ku gid ko,testicular swelling,hiligaynon,active
gahabok itlug ku ko,testicular swelling,hiligaynon,active
gahabok itlug ku ko gid,testicular swelling,hiligaynon,active
gahabok kamot akon,hand swelling,hiligaynon,active
gahabok kamot akon gid,hand swelling,hiligaynon,active
gahabok kamot gid ko,hand swelling,hiligaynon,active
gahabok kamot ko,hand swelling,hiligaynon,active
gahabok kamot ko gid,hand swelling,hiligaynon,active
gahabok kamot man,hand swelling,hiligaynon,active
gahabok kamot subong,hand swelling,hiligaynon,active
gahabok kuko akon,nail swelling,hiligaynon,active
gahabok kuko akon gid,nail swelling,hiligaynon,active
gahabok kuko gid ko,nail swelling,hiligaynon,active
gahabok kuko ko,nail swelling,hiligaynon,active
gahabok kuko ko gid,nail swelling,hiligaynon,active
gahabok kuko man,nail swelling,hiligaynon,active
gahabok kuko subong,nail swelling,hiligaynon,active
gahabok lawas akon,body swelling,hiligaynon,active
gahabok lawas akon gid,body swelling,hiligaynon,active
gahabok lawas gid ko,body swelling,hiligaynon,active
gahabok lawas ko,body swelling,hiligaynon,active
gahabok lawas ko gid,body swelling,hiligaynon,active
gahabok lawas man,body swelling,hiligaynon,active
gahabok lawas subong,body swelling,hiligaynon,active
gahabok lawi akon,nape swelling,hiligaynon,active
gahabok lawi akon gid,nape swelling,hiligaynon,active
gahabok lawi gid ko,nape swelling,hiligaynon,active
gahabok lawi ko,nape swelling,hiligaynon,active
gahabok lawi ko gid,nape swelling,hiligaynon,active
gahabok lawi man,nape swelling,hiligaynon,active
gahabok lawi subong,nape swelling,hiligaynon,active
gahabok likod akon,back swelling,hiligaynon,active
gahabok likod akon gid,back swelling,hiligaynon,active
gahabok likod gid ko,back swelling,hiligaynon,active
gahabok likod ko,back swelling,hiligaynon,active
gahabok likod ko gid,back swelling,hiligaynon,active
gahabok likod man,back swelling,hiligaynon,active
gahabok likod subong,back swelling,hiligaynon,active
gahabok liog akon,neck swelling,hiligaynon,active
gahabok liog akon gid,neck swelling,hiligaynon,active
gahabok liog gid ko,neck swelling,hiligaynon,active
gahabok liog ko,neck swelling,hiligaynon,active
gahabok liog ko gid,neck swelling,hiligaynon,active
gahabok liog man,neck swelling,hiligaynon,active
gahabok liog subong,neck swelling,hiligaynon,active
gahabok mata akon,eye swelling,hiligaynon,active
gahabok mata akon gid,eye swelling,hiligaynon,active
gahabok mata gid ko,eye swelling,hiligaynon,active
gahabok mata ko,eye swelling,hiligaynon,active
gahabok mata ko gid,eye swelling,hiligaynon,active
gahabok mata man,eye swelling,hiligaynon,active
gahabok mata subong,eye swelling,hiligaynon,active
gahabok ngipon akon,tooth swelling,hiligaynon,active
gahabok ngipon akon gid,tooth swelling,hiligaynon,active
gahabok ngipon gid ko,tooth swelling,hiligaynon,active
gahabok ngipon ko,tooth swelling,hiligaynon,active
gahabok ngipon ko gid,tooth swelling,hiligaynon,active
gahabok ngipon man,tooth swelling,hiligaynon,active
gahabok ngipon subong,tooth swelling,hiligaynon,active
gahabok paa akon,foot swelling,hiligaynon,active
gahabok paa akon gid,foot swelling,hiligaynon,active
gahabok paa gid ko,foot swelling,hiligaynon,active
gahabok paa ko,foot swelling,hiligaynon,active
gahabok paa ko gid,foot swelling,hiligaynon,active
gahabok paa man,foot swelling,hiligaynon,active
gahabok paa subong,foot swelling,hiligaynon,active
gahabok pilas akon,wound swelling,hiligaynon,active
gahabok pilas akon gid,wound swelling,hiligaynon,active
gahabok pilas gid ko,wound swelling,hiligaynon,active
gahabok pilas ko,wound swelling,hiligaynon,active
gahabok pilas ko gid,wound swelling,hiligaynon,active
gahabok pilas man,wound swelling,hiligaynon,active
gahabok pilas subong,wound swelling,hiligaynon,active
gahabok pisngi akon,facial swelling,hiligaynon,active
gahabok pisngi akon gid,facial swelling,hiligaynon,active
gahabok pisngi gid ko,facial swelling,hiligaynon,active
gahabok pisngi ko,facial swelling,hiligaynon,active
gahabok pisngi ko gid,facial swelling,hiligaynon,active
gahabok pisngi man,facial swelling,hiligaynon,active
gahabok pisngi subong,facial swelling,hiligaynon,active
gahabok siko akon,elbow swelling,hiligaynon,active
gahabok siko akon gid,elbow swelling,hiligaynon,active
gahabok siko gid ko,elbow swelling,hiligaynon,active
gahabok siko ko,elbow swelling,hiligaynon,active
gahabok siko ko gid,elbow swelling,hiligaynon,active
gahabok siko man,elbow swelling,hiligaynon,active
gahabok siko subong,elbow swelling,hiligaynon,active
gahabok singit ako,groin swelling,hiligaynon,active
gahabok singit akon,groin swelling,hiligaynon,active
gahabok singit akon gid,groin swelling,hiligaynon,active
gahabok singit akon subong,groin swelling,hiligaynon,active
gahabok singit gid ko,groin swelling,hiligaynon,active
gahabok singit ko,groin swelling,hiligaynon,active
gahabok singit ko gid,groin swelling,hiligaynon,active
gahabok tadlong akon,forearm swelling,hiligaynon,active
gahabok tadlong akon gid,forearm swelling,hiligaynon,active
gahabok tadlong gid ko,forearm swelling,hiligaynon,active
gahabok tadlong ko,forearm swelling,hiligaynon,active
gahabok tadlong ko gid,forearm swelling,hiligaynon,active
gahabok tadlong man,forearm swelling,hiligaynon,active
gahabok tadlong subong,forearm swelling,hiligaynon,active
gahabok tagipusuon akon,heart swelling,hiligaynon,active
gahabok tagipusuon akon gid,heart swelling,hiligaynon,active
gahabok tagipusuon gid ko,heart swelling,hiligaynon,active
gahabok tagipusuon ko,heart swelling,hiligaynon,active
gahabok tagipusuon ko gid,heart swelling,hiligaynon,active
gahabok tagipusuon man,heart swelling,hiligaynon,active
gahabok tagipusuon subong,heart swelling,hiligaynon,active
gahabok tai akon,buttocks swelling,hiligaynon,active
gahabok tai akon gid,buttocks swelling,hiligaynon,active
gahabok tai gid ko,buttocks swelling,hiligaynon,active
gahabok tai ko,buttocks swelling,hiligaynon,active
gahabok tai ko gid,buttocks swelling,hiligaynon,active
gahabok tai man,buttocks swelling,hiligaynon,active
gahabok tai subong,buttocks swelling,hiligaynon,active
gahabok tiil akon,foot swelling,hiligaynon,active
gahabok tiil akon gid,foot swelling,hiligaynon,active
gahabok tiil gid ko,foot swelling,hiligaynon,active
gahabok tiil ko,foot swelling,hiligaynon,active
gahabok tiil ko gid,foot swelling,hiligaynon,active
gahabok tiil man,foot swelling,hiligaynon,active
gahabok tiil subong,foot swelling,hiligaynon,active
gahabok tikod akon,heel swelling,hiligaynon,active
gahabok tikod akon gid,heel swelling,hiligaynon,active
gahabok tikod gid ko,heel swelling,hiligaynon,active
gahabok tikod ko,heel swelling,hiligaynon,active
gahabok tikod ko gid,heel swelling,hiligaynon,active
gahabok tikod man,heel swelling,hiligaynon,active
gahabok tikod subong,heel swelling,hiligaynon,active
gahabok titi akon,breast swelling,hiligaynon,active
gahabok titi akon gid,breast swelling,hiligaynon,active
gahabok titi gid ko,breast swelling,hiligaynon,active
gahabok titi ko,breast swelling,hiligaynon,active
gahabok titi ko gid,breast swelling,hiligaynon,active
gahabok titi man,breast swelling,hiligaynon,active
gahabok titi subong,breast swelling,hiligaynon,active
gahabok tiyan akon,abdominal swelling,hiligaynon,active
gahabok tiyan akon gid,abdominal swelling,hiligaynon,active
gahabok tiyan gid ko,abdominal swelling,hiligaynon,active
gahabok tiyan ko,abdominal swelling,hiligaynon,active
gahabok tiyan ko gid,abdominal swelling,hiligaynon,active
gahabok tiyan man,abdominal swelling,hiligaynon,active
gahabok tiyan subong,abdominal swelling,hiligaynon,active
gahabok tudlo akon,finger swelling,hiligaynon,active
gahabok tudlo akon gid,finger swelling,hiligaynon,active
gahabok tudlo gid ko,finger swelling,hiligaynon,active
gahabok tudlo ko,finger swelling,hiligaynon,active
gahabok tudlo ko gid,finger swelling,hiligaynon,active
gahabok tudlo man,finger swelling,hiligaynon,active
gahabok tudlo subong,finger swelling,hiligaynon,active
gahabok tuhod akon,knee swelling,hiligaynon,active
gahabok tuhod akon gid,knee swelling,hiligaynon,active
gahabok tuhod gid ko,knee swelling,hiligaynon,active
gahabok tuhod ko,knee swelling,hiligaynon,active
gahabok tuhod ko gid,knee swelling,hiligaynon,active
gahabok tuhod man,knee swelling,hiligaynon,active
gahabok tuhod subong,knee swelling,hiligaynon,active
gahabok tungod acun,throat swelling,hiligaynon,active
gahabok tungod acun gid,throat swelling,hiligaynon,active
gahabok tungod akon,throat swelling,hiligaynon,active
gahabok tungod akon gid,throat swelling,hiligaynon,active
gahabok tungod gid ko,throat swelling,hiligaynon,active
gahabok tungod gid ku,throat swelling,hiligaynon,active
gahabok tungod ko,throat swelling,hiligaynon,active
gahabok tungod ko gid,throat swelling,hiligaynon,active
gahabok tungod ku,throat swelling,hiligaynon,active
gahabok tungod ku gid,throat swelling,hiligaynon,active
gahabok tungod man,throat swelling,hiligaynon,active
gahabok tungod subong,throat swelling,hiligaynon,active
gahabok tungtong akon,ankle swelling,hiligaynon,active
gahabok tungtong akon gid,ankle swelling,hiligaynon,active
gahabok tungtong gid ko,ankle swelling,hiligaynon,active
gahabok tungtong ko,ankle swelling,hiligaynon,active
gahabok tungtong ko gid,ankle swelling,hiligaynon,active
gahabok tungtong man,ankle swelling,hiligaynon,active
gahabok tungtong subong,ankle swelling,hiligaynon,active
gahabok ulo akon,head swelling,hiligaynon,active
gahabok ulo akon gid,head swelling,hiligaynon,active
gahabok ulo gid ko,head swelling,hiligaynon,active
gahabok ulo ko,head swelling,hiligaynon,active
gahabok ulo ko gid,head swelling,hiligaynon,active
gahabok ulo man,head swelling,hiligaynon,active
gahabok ulo subong,head swelling,hiligaynon,active
gahabok utok akon,brain swelling,hiligaynon,active
gahabok utok akon gid,brain swelling,hiligaynon,active
gahabok utok gid ko,brain swelling,hiligaynon,active
gahabok utok ko,brain swelling,hiligaynon,active
gahabok utok ko gid,brain swelling,hiligaynon,active
gahabok utok man,brain swelling,hiligaynon,active
gahabok utok subong,brain swelling,hiligaynon,active
gahapon gahika ko,cough,hiligaynon,active
gahapon gahubag tiyan ko,abdominal swelling,hiligaynon,active
gahapon galuya lawas ko,body weakness,hiligaynon,active
gahapon gasakit ulo ko,head pain,hiligaynon,active
gahapon ginadudul-om ko,diarrhea,hiligaynon,active
gahapon ginahilanat ko,fever,hiligaynon,active
gahapon may nana akon mata,eye infection,hiligaynon,active
gahapon may pilas ko sa kamot,hand wound,hiligaynon,active
gahhika ko,cough,hiligaynon,active
gahi ang liog,cervical spondylosis,hiligaynon,active
gahika ako,cough,hiligaynon,active
gahika gid ko,severe cough,hiligaynon,active
gahika ko,cough,hiligaynon,active
gahika ko 3 days na,cough,hiligaynon,active
gahika ko 3 ka adlaw,cough,hiligaynon,active
gahika ko 5 ka adlaw,cough,hiligaynon,active
gahika ko bag-o lang,cough,hiligaynon,active
gahika ko dugay na,cough,hiligaynon,active
gahika ko gahapon,cough,hiligaynon,active
gahika ko gid ko,cough,hiligaynon,active
gahika ko kagapon,cough,hiligaynon,active
gahika ko semana na,cough,hiligaynon,active
gahika ko subong lang,cough,hiligaynon,active
gahubag abaga akon,shoulder swelling,hiligaynon,active
gahubag abaga akon gid,shoulder swelling,hiligaynon,active
gahubag abaga gid ko,shoulder swelling,hiligaynon,active
gahubag abaga ko,shoulder swelling,hiligaynon,active
gahubag abaga ko gid,shoulder swelling,hiligaynon,active
gahubag abaga man,shoulder swelling,hiligaynon,active
gahubag abaga subong,shoulder swelling,hiligaynon,active
gahubag acun itlog,testicular swelling,hiligaynon,active
gahubag acun itlog ko,testicular swelling,hiligaynon,active
gahubag acun itlug,testicular swelling,hiligaynon,active
gahubag acun itlug ko,testicular swelling,hiligaynon,active
gahubag akon abaga,shoulder swelling,hiligaynon,active
gahubag akon ari,penile swelling,hiligaynon,active
gahubag akon ari ko,penile swelling,hiligaynon,active
gahubag akon ary,penile swelling,hiligaynon,active
gahubag akon ary ko,penile swelling,hiligaynon,active
gahubag akon atay,liver swelling,hiligaynon,active
gahubag akon awang,jaw swelling,hiligaynon,active
gahubag akon baba,lip swelling,hiligaynon,active
gahubag akon balat,skin swelling,hiligaynon,active
gahubag akon batiis,leg swelling,hiligaynon,active
gahubag akon bato,kidney swelling,hiligaynon,active
gahubag akon bayag,scrotal swelling,hiligaynon,active
gahubag akon baywang,waist swelling,hiligaynon,active
gahubag akon bilad,vaginal swelling,hiligaynon,active
gahubag akon bilad ko,vaginal swelling,hiligaynon,active
gahubag akon bilat,vaginal swelling,hiligaynon,active
gahubag akon bilat ko,vaginal swelling,hiligaynon,active
gahubag akon buhok,hair swelling,hiligaynon,active
gahubag akon bukong,forehead swelling,hiligaynon,active
gahubag akon buuk,arm swelling,hiligaynon,active
gahubag akon dalunggan,ear swelling,hiligaynon,active
gahubag akon dila,swollen tongue,hiligaynon,active
gahubag akon dughan,chest swelling,hiligaynon,active
gahubag akon ilong,nasal swelling,hiligaynon,active
gahubag akon itlog,testicular swelling,hiligaynon,active
gahubag akon itlog ko,testicular swelling,hiligaynon,active
gahubag akon itlog ku,testicular swelling,hiligaynon,active
gahubag akon itlug,testicular swelling,hiligaynon,active
gahubag akon itlug ko,testicular swelling,hiligaynon,active
gahubag akon itlug ku,testicular swelling,hiligaynon,active
gahubag akon kamot,hand swelling,hiligaynon,active
gahubag akon kuko,nail swelling,hiligaynon,active
gahubag akon lawas,body swelling,hiligaynon,active
gahubag akon lawi,nape swelling,hiligaynon,active
gahubag akon likod,back swelling,hiligaynon,active
gahubag akon liog,neck swelling,hiligaynon,active
gahubag akon mata,eye swelling,hiligaynon,active
gahubag akon ngipon,tooth swelling,hiligaynon,active
gahubag akon paa,foot swelling,hiligaynon,active
gahubag akon pilas,wound swelling,hiligaynon,active
gahubag akon pisngi,facial swelling,hiligaynon,active
gahubag akon siko,elbow swelling,hiligaynon,active
gahubag akon singit,groin swelling,hiligaynon,active
gahubag akon tadlong,forearm swelling,hiligaynon,active
gahubag akon tagipusuon,heart swelling,hiligaynon,active
gahubag akon tai,buttocks swelling,hiligaynon,active
gahubag akon tiil,foot swelling,hiligaynon,active
gahubag akon tikod,heel swelling,hiligaynon,active
gahubag akon titi,breast swelling,hiligaynon,active
gahubag akon tiyan,abdominal swelling,hiligaynon,active
gahubag akon tudlo,finger swelling,hiligaynon,active
gahubag akon tuhod,knee swelling,hiligaynon,active
gahubag akon tungod,throat swelling,hiligaynon,active
gahubag akon tungtong,ankle swelling,hiligaynon,active
gahubag akon ulo,head swelling,hiligaynon,active
gahubag akon utok,brain swelling,hiligaynon,active
gahubag ang mata,swollen eyes,hiligaynon,active
gahubag ang ngipon,swollen gums,hiligaynon,active
gahubag ang unto,swollen gums,hiligaynon,active
gahubag ang unud,swollen gums,hiligaynon,active
gahubag ari ako,penile swelling,hiligaynon,active
gahubag ari akon,penile swelling,hiligaynon,active
gahubag ari akon gid,penile swelling,hiligaynon,active
gahubag ari akon subong,penile swelling,hiligaynon,active
gahubag ari gid ko,penile swelling,hiligaynon,active
gahubag ari ko,penile swelling,hiligaynon,active
gahubag ari ko ako,penile swelling,hiligaynon,active
gahubag ari ko akon,penile swelling,hiligaynon,active
gahubag ari ko akon gid,penile swelling,hiligaynon,active
gahubag ari ko akon subong,penile swelling,hiligaynon,active
gahubag ari ko gid,penile swelling,hiligaynon,active
gahubag ari ko gid ko,penile swelling,hiligaynon,active
gahubag ari ko ko,penile swelling,hiligaynon,active
gahubag ari ko ko gid,penile swelling,hiligaynon,active
gahubag ary ako,penile swelling,hiligaynon,active
gahubag ary akon,penile swelling,hiligaynon,active
gahubag ary akon gid,penile swelling,hiligaynon,active
gahubag ary akon subong,penile swelling,hiligaynon,active
gahubag ary gid ko,penile swelling,hiligaynon,active
gahubag ary ko,penile swelling,hiligaynon,active
gahubag ary ko ako,penile swelling,hiligaynon,active
gahubag ary ko akon,penile swelling,hiligaynon,active
gahubag ary ko akon gid,penile swelling,hiligaynon,active
gahubag ary ko akon subong,penile swelling,hiligaynon,active
gahubag ary ko gid,penile swelling,hiligaynon,active
gahubag ary ko gid ko,penile swelling,hiligaynon,active
gahubag ary ko ko,penile swelling,hiligaynon,active
gahubag ary ko ko gid,penile swelling,hiligaynon,active
gahubag atay akon,liver swelling,hiligaynon,active
gahubag atay akon gid,liver swelling,hiligaynon,active
gahubag atay gid ko,liver swelling,hiligaynon,active
gahubag atay ko,liver swelling,hiligaynon,active
gahubag atay ko gid,liver swelling,hiligaynon,active
gahubag atay man,liver swelling,hiligaynon,active
gahubag atay subong,liver swelling,hiligaynon,active
gahubag awang akon,jaw swelling,hiligaynon,active
gahubag awang akon gid,jaw swelling,hiligaynon,active
gahubag awang gid ko,jaw swelling,hiligaynon,active
gahubag awang ko,jaw swelling,hiligaynon,active
gahubag awang ko gid,jaw swelling,hiligaynon,active
gahubag awang man,jaw swelling,hiligaynon,active
gahubag awang subong,jaw swelling,hiligaynon,active
gahubag baba akon,lip swelling,hiligaynon,active
gahubag baba akon gid,lip swelling,hiligaynon,active
gahubag baba gid ko,lip swelling,hiligaynon,active
gahubag baba ko,lip swelling,hiligaynon,active
gahubag baba ko gid,lip swelling,hiligaynon,active
gahubag baba man,lip swelling,hiligaynon,active
gahubag baba subong,lip swelling,hiligaynon,active
gahubag balat akon,skin swelling,hiligaynon,active
gahubag balat akon gid,skin swelling,hiligaynon,active
gahubag balat gid ko,skin swelling,hiligaynon,active
gahubag balat ko,skin swelling,hiligaynon,active
gahubag balat ko gid,skin swelling,hiligaynon,active
gahubag balat man,skin swelling,hiligaynon,active
gahubag balat subong,skin swelling,hiligaynon,active
gahubag batiis akon,leg swelling,hiligaynon,active
gahubag batiis akon gid,leg swelling,hiligaynon,active
gahubag batiis gid ko,leg swelling,hiligaynon,active
gahubag batiis ko,leg swelling,hiligaynon,active
gahubag batiis ko gid,leg swelling,hiligaynon,active
gahubag batiis man,leg swelling,hiligaynon,active
gahubag batiis subong,leg swelling,hiligaynon,active
gahubag bato akon,kidney swelling,hiligaynon,active
gahubag bato akon gid,kidney swelling,hiligaynon,active
gahubag bato gid ko,kidney swelling,hiligaynon,active
gahubag bato ko,kidney swelling,hiligaynon,active
gahubag bato ko gid,kidney swelling,hiligaynon,active
gahubag bato man,kidney swelling,hiligaynon,active
gahubag bato subong,kidney swelling,hiligaynon,active
gahubag bayag ako,scrotal swelling,hiligaynon,active
gahubag bayag akon,scrotal swelling,hiligaynon,active
gahubag bayag akon gid,scrotal swelling,hiligaynon,active
gahubag bayag akon subong,scrotal swelling,hiligaynon,active
gahubag bayag gid ko,scrotal swelling,hiligaynon,active
gahubag bayag ko,scrotal swelling,hiligaynon,active
gahubag bayag ko gid,scrotal swelling,hiligaynon,active
gahubag baywang akon,waist swelling,hiligaynon,active
gahubag baywang akon gid,waist swelling,hiligaynon,active
gahubag baywang gid ko,waist swelling,hiligaynon,active
gahubag baywang ko,waist swelling,hiligaynon,active
gahubag baywang ko gid,waist swelling,hiligaynon,active
gahubag baywang man,waist swelling,hiligaynon,active
gahubag baywang subong,waist swelling,hiligaynon,active
gahubag bilad ako,vaginal swelling,hiligaynon,active
gahubag bilad akon,vaginal swelling,hiligaynon,active
gahubag bilad akon gid,vaginal swelling,hiligaynon,active
gahubag bilad akon subong,vaginal swelling,hiligaynon,active
gahubag bilad gid ko,vaginal swelling,hiligaynon,active
gahubag bilad ko,vaginal swelling,hiligaynon,active
gahubag bilad ko ako,vaginal swelling,hiligaynon,active
gahubag bilad ko akon,vaginal swelling,hiligaynon,active
gahubag bilad ko akon gid,vaginal swelling,hiligaynon,active
gahubag bilad ko akon subong,vaginal swelling,hiligaynon,active
gahubag bilad ko gid,vaginal swelling,hiligaynon,active
gahubag bilad ko gid ko,vaginal swelling,hiligaynon,active
gahubag bilad ko ko,vaginal swelling,hiligaynon,active
gahubag bilad ko ko gid,vaginal swelling,hiligaynon,active
gahubag bilat ako,vaginal swelling,hiligaynon,active
gahubag bilat akon,vaginal swelling,hiligaynon,active
gahubag bilat akon gid,vaginal swelling,hiligaynon,active
gahubag bilat akon subong,vaginal swelling,hiligaynon,active
gahubag bilat gid ko,vaginal swelling,hiligaynon,active
gahubag bilat ko,vaginal swelling,hiligaynon,active
gahubag bilat ko ako,vaginal swelling,hiligaynon,active
gahubag bilat ko akon,vaginal swelling,hiligaynon,active
gahubag bilat ko akon gid,vaginal swelling,hiligaynon,active
gahubag bilat ko akon subong,vaginal swelling,hiligaynon,active
gahubag bilat ko gid,vaginal swelling,hiligaynon,active
gahubag bilat ko gid ko,vaginal swelling,hiligaynon,active
gahubag bilat ko ko,vaginal swelling,hiligaynon,active
gahubag bilat ko ko gid,vaginal swelling,hiligaynon,active
gahubag buhok akon,hair swelling,hiligaynon,active
gahubag buhok akon gid,hair swelling,hiligaynon,active
gahubag buhok gid ko,hair swelling,hiligaynon,active
gahubag buhok ko,hair swelling,hiligaynon,active
gahubag buhok ko gid,hair swelling,hiligaynon,active
gahubag buhok man,hair swelling,hiligaynon,active
gahubag buhok subong,hair swelling,hiligaynon,active
gahubag bukong akon,forehead swelling,hiligaynon,active
gahubag bukong akon gid,forehead swelling,hiligaynon,active
gahubag bukong gid ko,forehead swelling,hiligaynon,active
gahubag bukong ko,forehead swelling,hiligaynon,active
gahubag bukong ko gid,forehead swelling,hiligaynon,active
gahubag bukong man,forehead swelling,hiligaynon,active
gahubag bukong subong,forehead swelling,hiligaynon,active
gahubag buuk akon,arm swelling,hiligaynon,active
gahubag buuk akon gid,arm swelling,hiligaynon,active
gahubag buuk gid ko,arm swelling,hiligaynon,active
gahubag buuk ko,arm swelling,hiligaynon,active
gahubag buuk ko gid,arm swelling,hiligaynon,active
gahubag buuk man,arm swelling,hiligaynon,active
gahubag buuk subong,arm swelling,hiligaynon,active
gahubag dalunggan akon,ear swelling,hiligaynon,active
gahubag dalunggan akon gid,ear swelling,hiligaynon,active
gahubag dalunggan gid ko,ear swelling,hiligaynon,active
gahubag dalunggan ko,ear swelling,hiligaynon,active
gahubag dalunggan ko gid,ear swelling,hiligaynon,active
gahubag dalunggan man,ear swelling,hiligaynon,active
gahubag dalunggan subong,ear swelling,hiligaynon,active
gahubag dila acun,swollen tongue,hiligaynon,active
gahubag dila acun gid,swollen tongue,hiligaynon,active
gahubag dila akon,swollen tongue,hiligaynon,active
gahubag dila akon gid,swollen tongue,hiligaynon,active
gahubag dila gid ko,swollen tongue,hiligaynon,active
gahubag dila gid ku,swollen tongue,hiligaynon,active
gahubag dila ko,swollen tongue,hiligaynon,active
gahubag dila ko gid,swollen tongue,hiligaynon,active
gahubag dila ku,swollen tongue,hiligaynon,active
gahubag dila ku gid,swollen tongue,hiligaynon,active
gahubag dila man,swollen tongue,hiligaynon,active
gahubag dila subong,swollen tongue,hiligaynon,active
gahubag dughan akon,chest swelling,hiligaynon,active
gahubag dughan akon gid,chest swelling,hiligaynon,active
gahubag dughan gid ko,chest swelling,hiligaynon,active
gahubag dughan ko,chest swelling,hiligaynon,active
gahubag dughan ko gid,chest swelling,hiligaynon,active
gahubag dughan man,chest swelling,hiligaynon,active
gahubag dughan subong,chest swelling,hiligaynon,active
gahubag gid acun itlog,testicular swelling,hiligaynon,active
gahubag gid acun itlog ko,testicular swelling,hiligaynon,active
gahubag gid acun itlug,testicular swelling,hiligaynon,active
gahubag gid acun itlug ko,testicular swelling,hiligaynon,active
gahubag gid akon ari,penile swelling,hiligaynon,active
gahubag gid akon ari ko,penile swelling,hiligaynon,active
gahubag gid akon ary,penile swelling,hiligaynon,active
gahubag gid akon ary ko,penile swelling,hiligaynon,active
gahubag gid akon bayag,scrotal swelling,hiligaynon,active
gahubag gid akon bilad,vaginal swelling,hiligaynon,active
gahubag gid akon bilad ko,vaginal swelling,hiligaynon,active
gahubag gid akon bilat,vaginal swelling,hiligaynon,active
gahubag gid akon bilat ko,vaginal swelling,hiligaynon,active
gahubag gid akon itlog,testicular swelling,hiligaynon,active
gahubag gid akon itlog ko,testicular swelling,hiligaynon,active
gahubag gid akon itlog ku,testicular swelling,hiligaynon,active
gahubag gid akon itlug,testicular swelling,hiligaynon,active
gahubag gid akon itlug ko,testicular swelling,hiligaynon,active
gahubag gid akon itlug ku,testicular swelling,hiligaynon,active
gahubag gid akon singit,groin swelling,hiligaynon,active
gahubag gid ari ako,penile swelling,hiligaynon,active
gahubag gid ari akon,penile swelling,hiligaynon,active
gahubag gid ari akon gid,penile swelling,hiligaynon,active
gahubag gid ari akon subong,penile swelling,hiligaynon,active
gahubag gid ari gid ko,penile swelling,hiligaynon,active
gahubag gid ari ko,penile swelling,hiligaynon,active
gahubag gid ari ko ako,penile swelling,hiligaynon,active
gahubag gid ari ko akon,penile swelling,hiligaynon,active
gahubag gid ari ko akon gid,penile swelling,hiligaynon,active
gahubag gid ari ko akon subong,penile swelling,hiligaynon,active
gahubag gid ari ko gid,penile swelling,hiligaynon,active
gahubag gid ari ko gid ko,penile swelling,hiligaynon,active
gahubag gid ari ko ko,penile swelling,hiligaynon,active
gahubag gid ari ko ko gid,penile swelling,hiligaynon,active
gahubag gid ary ako,penile swelling,hiligaynon,active
gahubag gid ary akon,penile swelling,hiligaynon,active
gahubag gid ary akon gid,penile swelling,hiligaynon,active
gahubag gid ary akon subong,penile swelling,hiligaynon,active
gahubag gid ary gid ko,penile swelling,hiligaynon,active
gahubag gid ary ko,penile swelling,hiligaynon,active
gahubag gid ary ko ako,penile swelling,hiligaynon,active
gahubag gid ary ko akon,penile swelling,hiligaynon,active
gahubag gid ary ko akon gid,penile swelling,hiligaynon,active
gahubag gid ary ko akon subong,penile swelling,hiligaynon,active
gahubag gid ary ko gid,penile swelling,hiligaynon,active
gahubag gid ary ko gid ko,penile swelling,hiligaynon,active
gahubag gid ary ko ko,penile swelling,hiligaynon,active
gahubag gid ary ko ko gid,penile swelling,hiligaynon,active
gahubag gid bayag ako,scrotal swelling,hiligaynon,active
gahubag gid bayag akon,scrotal swelling,hiligaynon,active
gahubag gid bayag akon gid,scrotal swelling,hiligaynon,active
gahubag gid bayag akon subong,scrotal swelling,hiligaynon,active
gahubag gid bayag gid ko,scrotal swelling,hiligaynon,active
gahubag gid bayag ko,scrotal swelling,hiligaynon,active
gahubag gid bayag ko gid,scrotal swelling,hiligaynon,active
gahubag gid bilad ako,vaginal swelling,hiligaynon,active
gahubag gid bilad akon,vaginal swelling,hiligaynon,active
gahubag gid bilad akon gid,vaginal swelling,hiligaynon,active
gahubag gid bilad akon subong,vaginal swelling,hiligaynon,active
gahubag gid bilad gid ko,vaginal swelling,hiligaynon,active
gahubag gid bilad ko,vaginal swelling,hiligaynon,active
gahubag gid bilad ko ako,vaginal swelling,hiligaynon,active
gahubag gid bilad ko akon,vaginal swelling,hiligaynon,active
gahubag gid bilad ko akon gid,vaginal swelling,hiligaynon,active
gahubag gid bilad ko akon subong,vaginal swelling,hiligaynon,active
gahubag gid bilad ko gid,vaginal swelling,hiligaynon,active
gahubag gid bilad ko gid ko,vaginal swelling,hiligaynon,active
gahubag gid bilad ko ko,vaginal swelling,hiligaynon,active
gahubag gid bilad ko ko gid,vaginal swelling,hiligaynon,active
gahubag gid bilat ako,vaginal swelling,hiligaynon,active
gahubag gid bilat akon,vaginal swelling,hiligaynon,active
gahubag gid bilat akon gid,vaginal swelling,hiligaynon,active
gahubag gid bilat akon subong,vaginal swelling,hiligaynon,active
gahubag gid bilat gid ko,vaginal swelling,hiligaynon,active
gahubag gid bilat ko,vaginal swelling,hiligaynon,active
gahubag gid bilat ko ako,vaginal swelling,hiligaynon,active
gahubag gid bilat ko akon,vaginal swelling,hiligaynon,active
gahubag gid bilat ko akon gid,vaginal swelling,hiligaynon,active
gahubag gid bilat ko akon subong,vaginal swelling,hiligaynon,active
gahubag gid bilat ko gid,vaginal swelling,hiligaynon,active
gahubag gid bilat ko gid ko,vaginal swelling,hiligaynon,active
gahubag gid bilat ko ko,vaginal swelling,hiligaynon,active
gahubag gid bilat ko ko gid,vaginal swelling,hiligaynon,active
gahubag gid itlog acun,testicular swelling,hiligaynon,active
gahubag gid itlog acun gid,testicular swelling,hiligaynon,active
gahubag gid itlog acun subong,testicular swelling,hiligaynon,active
gahubag gid itlog ako,testicular swelling,hiligaynon,active
gahubag gid itlog akon,testicular swelling,hiligaynon,active
gahubag gid itlog akon gid,testicular swelling,hiligaynon,active
gahubag gid itlog akon subong,testicular swelling,hiligaynon,active
gahubag gid itlog gid ko,testicular swelling,hiligaynon,active
gahubag gid itlog gid ku,testicular swelling,hiligaynon,active
gahubag gid itlog ko,testicular swelling,hiligaynon,active
gahubag gid itlog ko acun,testicular swelling,hiligaynon,active
gahubag gid itlog ko acun gid,testicular swelling,hiligaynon,active
gahubag gid itlog ko acun subong,testicular swelling,hiligaynon,active
gahubag gid itlog ko ako,testicular swelling,hiligaynon,active
gahubag gid itlog ko akon,testicular swelling,hiligaynon,active
gahubag gid itlog ko akon gid,testicular swelling,hiligaynon,active
gahubag gid itlog ko akon subong,testicular swelling,hiligaynon,active
gahubag gid itlog ko gid,testicular swelling,hiligaynon,active
gahubag gid itlog ko gid ko,testicular swelling,hiligaynon,active
gahubag gid itlog ko ko,testicular swelling,hiligaynon,active
gahubag gid itlog ko ko gid,testicular swelling,hiligaynon,active
gahubag gid itlog ku,testicular swelling,hiligaynon,active
gahubag gid itlog ku ako,testicular swelling,hiligaynon,active
gahubag gid itlog ku akon,testicular swelling,hiligaynon,active
gahubag gid itlog ku akon gid,testicular swelling,hiligaynon,active
gahubag gid itlog ku akon subong,testicular swelling,hiligaynon,active
gahubag gid itlog ku gid,testicular swelling,hiligaynon,active
gahubag gid itlog ku gid ko,testicular swelling,hiligaynon,active
gahubag gid itlog ku ko,testicular swelling,hiligaynon,active
gahubag gid itlog ku ko gid,testicular swelling,hiligaynon,active
gahubag gid itlug acun,testicular swelling,hiligaynon,active
gahubag gid itlug acun gid,testicular swelling,hiligaynon,active
gahubag gid itlug acun subong,testicular swelling,hiligaynon,active
gahubag gid itlug ako,testicular swelling,hiligaynon,active
gahubag gid itlug akon,testicular swelling,hiligaynon,active
gahubag gid itlug akon gid,testicular swelling,hiligaynon,active
gahubag gid itlug akon subong,testicular swelling,hiligaynon,active
gahubag gid itlug gid ko,testicular swelling,hiligaynon,active
gahubag gid itlug gid ku,testicular swelling,hiligaynon,active
gahubag gid itlug ko,testicular swelling,hiligaynon,active
gahubag gid itlug ko acun,testicular swelling,hiligaynon,active
gahubag gid itlug ko acun gid,testicular swelling,hiligaynon,active
gahubag gid itlug ko acun subong,testicular swelling,hiligaynon,active
gahubag gid itlug ko ako,testicular swelling,hiligaynon,active
gahubag gid itlug ko akon,testicular swelling,hiligaynon,active
gahubag gid itlug ko akon gid,testicular swelling,hiligaynon,active
gahubag gid itlug ko akon subong,testicular swelling,hiligaynon,active
gahubag gid itlug ko gid,testicular swelling,hiligaynon,active
gahubag gid itlug ko gid ko,testicular swelling,hiligaynon,active
gahubag gid itlug ko ko,testicular swelling,hiligaynon,active
gahubag gid itlug ko ko gid,testicular swelling,hiligaynon,active
gahubag gid itlug ku,testicular swelling,hiligaynon,active
gahubag gid itlug ku ako,testicular swelling,hiligaynon,active
gahubag gid itlug ku akon,testicular swelling,hiligaynon,active
gahubag gid itlug ku akon gid,testicular swelling,hiligaynon,active
gahubag gid itlug ku akon subong,testicular swelling,hiligaynon,active
gahubag gid itlug ku gid,testicular swelling,hiligaynon,active
gahubag gid itlug ku gid ko,testicular swelling,hiligaynon,active
gahubag gid itlug ku ko,testicular swelling,hiligaynon,active
gahubag gid itlug ku ko gid,testicular swelling,hiligaynon,active
gahubag gid singit ako,groin swelling,hiligaynon,active
gahubag gid singit akon,groin swelling,hiligaynon,active
gahubag gid singit akon gid,groin swelling,hiligaynon,active
gahubag gid singit akon subong,groin swelling,hiligaynon,active
gahubag gid singit gid ko,groin swelling,hiligaynon,active
gahubag gid singit ko,groin swelling,hiligaynon,active
gahubag gid singit ko gid,groin swelling,hiligaynon,active
gahubag ilong akon,nasal swelling,hiligaynon,active
gahubag ilong akon gid,nasal swelling,hiligaynon,active
gahubag ilong gid ko,nasal swelling,hiligaynon,active
gahubag ilong ko,nasal swelling,hiligaynon,active
gahubag ilong ko gid,nasal swelling,hiligaynon,active
gahubag ilong man,nasal swelling,hiligaynon,active
gahubag ilong subong,nasal swelling,hiligaynon,active
gahubag itlog acun,testicular swelling,hiligaynon,active
gahubag itlog acun gid,testicular swelling,hiligaynon,active
gahubag itlog acun subong,testicular swelling,hiligaynon,active
gahubag itlog ako,testicular swelling,hiligaynon,active
gahubag itlog akon,testicular swelling,hiligaynon,active
gahubag itlog akon gid,testicular swelling,hiligaynon,active
gahubag itlog akon subong,testicular swelling,hiligaynon,active
gahubag itlog gid ko,testicular swelling,hiligaynon,active
gahubag itlog gid ku,testicular swelling,hiligaynon,active
gahubag itlog ko,testicular swelling,hiligaynon,active
gahubag itlog ko acun,testicular swelling,hiligaynon,active
gahubag itlog ko acun gid,testicular swelling,hiligaynon,active
gahubag itlog ko acun subong,testicular swelling,hiligaynon,active
gahubag itlog ko ako,testicular swelling,hiligaynon,active
gahubag itlog ko akon,testicular swelling,hiligaynon,active
gahubag itlog ko akon gid,testicular swelling,hiligaynon,active
gahubag itlog ko akon subong,testicular swelling,hiligaynon,active
gahubag itlog ko gid,testicular swelling,hiligaynon,active
gahubag itlog ko gid ko,testicular swelling,hiligaynon,active
gahubag itlog ko ko,testicular swelling,hiligaynon,active
gahubag itlog ko ko gid,testicular swelling,hiligaynon,active
gahubag itlog ku,testicular swelling,hiligaynon,active
gahubag itlog ku ako,testicular swelling,hiligaynon,active
gahubag itlog ku akon,testicular swelling,hiligaynon,active
gahubag itlog ku akon gid,testicular swelling,hiligaynon,active
gahubag itlog ku akon subong,testicular swelling,hiligaynon,active
gahubag itlog ku gid,testicular swelling,hiligaynon,active
gahubag itlog ku gid ko,testicular swelling,hiligaynon,active
gahubag itlog ku ko,testicular swelling,hiligaynon,active
gahubag itlog ku ko gid,testicular swelling,hiligaynon,active
gahubag itlug acun,testicular swelling,hiligaynon,active
gahubag itlug acun gid,testicular swelling,hiligaynon,active
gahubag itlug acun subong,testicular swelling,hiligaynon,active
gahubag itlug ako,testicular swelling,hiligaynon,active
gahubag itlug akon,testicular swelling,hiligaynon,active
gahubag itlug akon gid,testicular swelling,hiligaynon,active
gahubag itlug akon subong,testicular swelling,hiligaynon,active
gahubag itlug gid ko,testicular swelling,hiligaynon,active
gahubag itlug gid ku,testicular swelling,hiligaynon,active
gahubag itlug ko,testicular swelling,hiligaynon,active
gahubag itlug ko acun,testicular swelling,hiligaynon,active
gahubag itlug ko acun gid,testicular swelling,hiligaynon,active
gahubag itlug ko acun subong,testicular swelling,hiligaynon,active
gahubag itlug ko ako,testicular swelling,hiligaynon,active
gahubag itlug ko akon,testicular swelling,hiligaynon,active
gahubag itlug ko akon gid,testicular swelling,hiligaynon,active
gahubag itlug ko akon subong,testicular swelling,hiligaynon,active
gahubag itlug ko gid,testicular swelling,hiligaynon,active
gahubag itlug ko gid ko,testicular swelling,hiligaynon,active
gahubag itlug ko ko,testicular swelling,hiligaynon,active
gahubag itlug ko ko gid,testicular swelling,hiligaynon,active
gahubag itlug ku,testicular swelling,hiligaynon,active
gahubag itlug ku ako,testicular swelling,hiligaynon,active
gahubag itlug ku akon,testicular swelling,hiligaynon,active
gahubag itlug ku akon gid,testicular swelling,hiligaynon,active
gahubag itlug ku akon subong,testicular swelling,hiligaynon,active
gahubag itlug ku gid,testicular swelling,hiligaynon,active
gahubag itlug ku gid ko,testicular swelling,hiligaynon,active
gahubag itlug ku ko,testicular swelling,hiligaynon,active
gahubag itlug ku ko gid,testicular swelling,hiligaynon,active
gahubag kamot akon,hand swelling,hiligaynon,active
gahubag kamot akon gid,hand swelling,hiligaynon,active
gahubag kamot gid ko,hand swelling,hiligaynon,active
gahubag kamot ko,hand swelling,hiligaynon,active
gahubag kamot ko gid,hand swelling,hiligaynon,active
gahubag kamot ko kag nagdugo kamot ko,hand swelling with bleeding,hiligaynon,active
gahubag kamot ko upod sang nagdugo kamot ko,hand swelling with bleeding,hiligaynon,active
gahubag kamot man,hand swelling,hiligaynon,active
gahubag kamot subong,hand swelling,hiligaynon,active
gahubag kuko akon,nail swelling,hiligaynon,active
gahubag kuko akon gid,nail swelling,hiligaynon,active
gahubag kuko gid ko,nail swelling,hiligaynon,active
gahubag kuko ko,nail swelling,hiligaynon,active
gahubag kuko ko gid,nail swelling,hiligaynon,active
gahubag kuko man,nail swelling,hiligaynon,active
gahubag kuko subong,nail swelling,hiligaynon,active
gahubag lawas akon,body swelling,hiligaynon,active
gahubag lawas akon gid,body swelling,hiligaynon,active
gahubag lawas gid ko,body swelling,hiligaynon,active
gahubag lawas ko,body swelling,hiligaynon,active
gahubag lawas ko gid,body swelling,hiligaynon,active
gahubag lawas ko kag budlay magginhawa,anaphylaxis,hiligaynon,active
gahubag lawas ko kag gakatol,allergic reaction with itching,hiligaynon,active
gahubag lawas ko kag gakatol lawas ko,body swelling with itching,hiligaynon,active
gahubag lawas ko upod sang gakatol lawas ko,body swelling with itching,hiligaynon,active
gahubag lawas man,body swelling,hiligaynon,active
gahubag lawas subong,body swelling,hiligaynon,active
gahubag lawi akon,nape swelling,hiligaynon,active
gahubag lawi akon gid,nape swelling,hiligaynon,active
gahubag lawi gid ko,nape swelling,hiligaynon,active
gahubag lawi ko,nape swelling,hiligaynon,active
gahubag lawi ko gid,nape swelling,hiligaynon,active
gahubag lawi man,nape swelling,hiligaynon,active
gahubag lawi subong,nape swelling,hiligaynon,active
gahubag likod akon,back swelling,hiligaynon,active
gahubag likod akon gid,back swelling,hiligaynon,active
gahubag likod gid ko,back swelling,hiligaynon,active
gahubag likod ko,back swelling,hiligaynon,active
gahubag likod ko gid,back swelling,hiligaynon,active
gahubag likod man,back swelling,hiligaynon,active
gahubag likod subong,back swelling,hiligaynon,active
gahubag liog akon,neck swelling,hiligaynon,active
gahubag liog akon gid,neck swelling,hiligaynon,active
gahubag liog gid ko,neck swelling,hiligaynon,active
gahubag liog ko,neck swelling,hiligaynon,active
gahubag liog ko gid,neck swelling,hiligaynon,active
gahubag liog man,neck swelling,hiligaynon,active
gahubag liog subong,neck swelling,hiligaynon,active
gahubag mata akon,eye swelling,hiligaynon,active
gahubag mata akon gid,eye swelling,hiligaynon,active
gahubag mata gid ko,eye swelling,hiligaynon,active
gahubag mata ko,eye swelling,hiligaynon,active
gahubag mata ko gid,eye swelling,hiligaynon,active
gahubag mata ko kag gahika ko,eye swelling with cough,hiligaynon,active
gahubag mata ko kag ilong ko,allergic rhinitis,hiligaynon,active
gahubag mata ko upod sang gahika ko,eye swelling with cough,hiligaynon,active
gahubag mata man,eye swelling,hiligaynon,active
gahubag mata subong,eye swelling,hiligaynon,active
gahubag ngipon akon,tooth swelling,hiligaynon,active
gahubag ngipon akon gid,tooth swelling,hiligaynon,active
gahubag ngipon gid ko,tooth swelling,hiligaynon,active
gahubag ngipon ko,tooth swelling,hiligaynon,active
gahubag ngipon ko gid,tooth swelling,hiligaynon,active
gahubag ngipon man,tooth swelling,hiligaynon,active
gahubag ngipon subong,tooth swelling,hiligaynon,active
gahubag paa akon,foot swelling,hiligaynon,active
gahubag paa akon gid,foot swelling,hiligaynon,active
gahubag paa gid ko,foot swelling,hiligaynon,active
gahubag paa ko,foot swelling,hiligaynon,active
gahubag paa ko gid,foot swelling,hiligaynon,active
gahubag paa man,foot swelling,hiligaynon,active
gahubag paa subong,foot swelling,hiligaynon,active
gahubag pilas akon,wound swelling,hiligaynon,active
gahubag pilas akon gid,wound swelling,hiligaynon,active
gahubag pilas gid ko,wound swelling,hiligaynon,active
gahubag pilas ko,wound swelling,hiligaynon,active
gahubag pilas ko gid,wound swelling,hiligaynon,active
gahubag pilas man,wound swelling,hiligaynon,active
gahubag pilas subong,wound swelling,hiligaynon,active
gahubag pisngi akon,facial swelling,hiligaynon,active
gahubag pisngi akon gid,facial swelling,hiligaynon,active
gahubag pisngi gid ko,facial swelling,hiligaynon,active
gahubag pisngi ko,facial swelling,hiligaynon,active
gahubag pisngi ko gid,facial swelling,hiligaynon,active
gahubag pisngi man,facial swelling,hiligaynon,active
gahubag pisngi subong,facial swelling,hiligaynon,active
gahubag siko akon,elbow swelling,hiligaynon,active
gahubag siko akon gid,elbow swelling,hiligaynon,active
gahubag siko gid ko,elbow swelling,hiligaynon,active
gahubag siko ko,elbow swelling,hiligaynon,active
gahubag siko ko gid,elbow swelling,hiligaynon,active
gahubag siko man,elbow swelling,hiligaynon,active
gahubag siko subong,elbow swelling,hiligaynon,active
gahubag singit ako,groin swelling,hiligaynon,active
gahubag singit akon,groin swelling,hiligaynon,active
gahubag singit akon gid,groin swelling,hiligaynon,active
gahubag singit akon subong,groin swelling,hiligaynon,active
gahubag singit gid ko,groin swelling,hiligaynon,active
gahubag singit ko,groin swelling,hiligaynon,active
gahubag singit ko gid,groin swelling,hiligaynon,active
gahubag tadlong akon,forearm swelling,hiligaynon,active
gahubag tadlong akon gid,forearm swelling,hiligaynon,active
gahubag tadlong gid ko,forearm swelling,hiligaynon,active
gahubag tadlong ko,forearm swelling,hiligaynon,active
gahubag tadlong ko gid,forearm swelling,hiligaynon,active
gahubag tadlong man,forearm swelling,hiligaynon,active
gahubag tadlong subong,forearm swelling,hiligaynon,active
gahubag tagipusuon akon,heart swelling,hiligaynon,active
gahubag tagipusuon akon gid,heart swelling,hiligaynon,active
gahubag tagipusuon gid ko,heart swelling,hiligaynon,active
gahubag tagipusuon ko,heart swelling,hiligaynon,active
gahubag tagipusuon ko gid,heart swelling,hiligaynon,active
gahubag tagipusuon man,heart swelling,hiligaynon,active
gahubag tagipusuon subong,heart swelling,hiligaynon,active
gahubag tai akon,buttocks swelling,hiligaynon,active
gahubag tai akon gid,buttocks swelling,hiligaynon,active
gahubag tai gid ko,buttocks swelling,hiligaynon,active
gahubag tai ko,buttocks swelling,hiligaynon,active
gahubag tai ko gid,buttocks swelling,hiligaynon,active
gahubag tai man,buttocks swelling,hiligaynon,active
gahubag tai subong,buttocks swelling,hiligaynon,active
gahubag tiil akon,foot swelling,hiligaynon,active
gahubag tiil akon gid,foot swelling,hiligaynon,active
gahubag tiil gid ko,foot swelling,hiligaynon,active
gahubag tiil ko,foot swelling,hiligaynon,active
gahubag tiil ko gid,foot swelling,hiligaynon,active
gahubag tiil man,foot swelling,hiligaynon,active
gahubag tiil subong,foot swelling,hiligaynon,active
gahubag tikod akon,heel swelling,hiligaynon,active
gahubag tikod akon gid,heel swelling,hiligaynon,active
gahubag tikod gid ko,heel swelling,hiligaynon,active
gahubag tikod ko,heel swelling,hiligaynon,active
gahubag tikod ko gid,heel swelling,hiligaynon,active
gahubag tikod man,heel swelling,hiligaynon,active
gahubag tikod subong,heel swelling,hiligaynon,active
gahubag titi akon,breast swelling,hiligaynon,active
gahubag titi akon gid,breast swelling,hiligaynon,active
gahubag titi gid ko,breast swelling,hiligaynon,active
gahubag titi ko,breast swelling,hiligaynon,active
gahubag titi ko gid,breast swelling,hiligaynon,active
gahubag titi man,breast swelling,hiligaynon,active
gahubag titi subong,breast swelling,hiligaynon,active
gahubag tiyan akon,abdominal swelling,hiligaynon,active
gahubag tiyan akon gid,abdominal swelling,hiligaynon,active
gahubag tiyan gid ko,abdominal swelling,hiligaynon,active
gahubag tiyan ko,abdominal swelling,hiligaynon,active
gahubag tiyan ko 3 ka adlaw,abdominal swelling,hiligaynon,active
gahubag tiyan ko 5 ka adlaw,abdominal swelling,hiligaynon,active
gahubag tiyan ko bag-o lang,abdominal swelling,hiligaynon,active
gahubag tiyan ko dugay na,abdominal swelling,hiligaynon,active
gahubag tiyan ko gahapon,abdominal swelling,hiligaynon,active
gahubag tiyan ko gid,abdominal swelling,hiligaynon,active
gahubag tiyan ko kagapon,abdominal swelling,hiligaynon,active
gahubag tiyan ko semana na,abdominal swelling,hiligaynon,active
gahubag tiyan ko subong lang,abdominal swelling,hiligaynon,active
gahubag tiyan man,abdominal swelling,hiligaynon,active
gahubag tiyan subong,abdominal swelling,hiligaynon,active
gahubag tudlo akon,finger swelling,hiligaynon,active
gahubag tudlo akon gid,finger swelling,hiligaynon,active
gahubag tudlo gid ko,finger swelling,hiligaynon,active
gahubag tudlo ko,finger swelling,hiligaynon,active
gahubag tudlo ko gid,finger swelling,hiligaynon,active
gahubag tudlo man,finger swelling,hiligaynon,active
gahubag tudlo subong,finger swelling,hiligaynon,active
gahubag tuhod akon,knee swelling,hiligaynon,active
gahubag tuhod akon gid,knee swelling,hiligaynon,active
gahubag tuhod gid ko,knee swelling,hiligaynon,active
gahubag tuhod ko,knee swelling,hiligaynon,active
gahubag tuhod ko gid,knee swelling,hiligaynon,active
gahubag tuhod man,knee swelling,hiligaynon,active
gahubag tuhod subong,knee swelling,hiligaynon,active
gahubag tungod acun,throat swelling,hiligaynon,active
gahubag tungod acun gid,throat swelling,hiligaynon,active
gahubag tungod akon,throat swelling,hiligaynon,active
gahubag tungod akon gid,throat swelling,hiligaynon,active
gahubag tungod gid ko,throat swelling,hiligaynon,active
gahubag tungod gid ku,throat swelling,hiligaynon,active
gahubag tungod ko,throat swelling,hiligaynon,active
gahubag tungod ko gid,throat swelling,hiligaynon,active
gahubag tungod ko kag ginahilanat ko,throat swelling with fever,hiligaynon,active
gahubag tungod ko upod sang ginahilanat ko,throat swelling with fever,hiligaynon,active
gahubag tungod ku,throat swelling,hiligaynon,active
gahubag tungod ku gid,throat swelling,hiligaynon,active
gahubag tungod man,throat swelling,hiligaynon,active
gahubag tungod subong,throat swelling,hiligaynon,active
gahubag tungtong akon,ankle swelling,hiligaynon,active
gahubag tungtong akon gid,ankle swelling,hiligaynon,active
gahubag tungtong gid ko,ankle swelling,hiligaynon,active
gahubag tungtong ko,ankle swelling,hiligaynon,active
gahubag tungtong ko gid,ankle swelling,hiligaynon,active
gahubag tungtong man,ankle swelling,hiligaynon,active
gahubag tungtong subong,ankle swelling,hiligaynon,active
gahubag ulo akon,head swelling,hiligaynon,active
gahubag ulo akon gid,head swelling,hiligaynon,active
gahubag ulo gid ko,head swelling,hiligaynon,active
gahubag ulo ko,head swelling,hiligaynon,active
gahubag ulo ko gid,head swelling,hiligaynon,active
gahubag ulo man,head swelling,hiligaynon,active
gahubag ulo subong,head swelling,hiligaynon,active
gahubag utok akon,brain swelling,hiligaynon,active
gahubag utok akon gid,brain swelling,hiligaynon,active
gahubag utok gid ko,brain swelling,hiligaynon,active
gahubag utok ko,brain swelling,hiligaynon,active
gahubag utok ko gid,brain swelling,hiligaynon,active
gahubag utok man,brain swelling,hiligaynon,active
gahubag utok subong,brain swelling,hiligaynon,active
gakadugo acun itlog,testicular bleeding,hiligaynon,active
gakadugo acun itlug,testicular bleeding,hiligaynon,active
gakadugo akon ari,penile bleeding,hiligaynon,active
gakadugo akon ari ko,penile bleeding,hiligaynon,active
gakadugo akon ary,penile bleeding,hiligaynon,active
gakadugo akon ary ko,penile bleeding,hiligaynon,active
gakadugo akon bilad,vaginal bleeding,hiligaynon,active
gakadugo akon bilad ko,vaginal bleeding,hiligaynon,active
gakadugo akon bilat,vaginal bleeding,hiligaynon,active
gakadugo akon bilat ko,vaginal bleeding,hiligaynon,active
gakadugo akon itlog,testicular bleeding,hiligaynon,active
gakadugo akon itlog ko,testicular bleeding,hiligaynon,active
gakadugo akon itlug,testicular bleeding,hiligaynon,active
gakadugo akon itlug ko,testicular bleeding,hiligaynon,active
gakadugo ari ako,penile bleeding,hiligaynon,active
gakadugo ari akon,penile bleeding,hiligaynon,active
gakadugo ari akon gid,penile bleeding,hiligaynon,active
gakadugo ari akon subong,penile bleeding,hiligaynon,active
gakadugo ari gid ko,penile bleeding,hiligaynon,active
gakadugo ari ko,penile bleeding,hiligaynon,active
gakadugo ari ko ako,penile bleeding,hiligaynon,active
gakadugo ari ko akon,penile bleeding,hiligaynon,active
gakadugo ari ko akon gid,penile bleeding,hiligaynon,active
gakadugo ari ko akon subong,penile bleeding,hiligaynon,active
gakadugo ari ko gid,penile bleeding,hiligaynon,active
gakadugo ari ko gid ko,penile bleeding,hiligaynon,active
gakadugo ari ko ko,penile bleeding,hiligaynon,active
gakadugo ari ko ko gid,penile bleeding,hiligaynon,active
gakadugo ary ako,penile bleeding,hiligaynon,active
gakadugo ary akon,penile bleeding,hiligaynon,active
gakadugo ary akon gid,penile bleeding,hiligaynon,active
gakadugo ary akon subong,penile bleeding,hiligaynon,active
gakadugo ary gid ko,penile bleeding,hiligaynon,active
gakadugo ary ko,penile bleeding,hiligaynon,active
gakadugo ary ko ako,penile bleeding,hiligaynon,active
gakadugo ary ko akon,penile bleeding,hiligaynon,active
gakadugo ary ko akon gid,penile bleeding,hiligaynon,active
gakadugo ary ko akon subong,penile bleeding,hiligaynon,active
gakadugo ary ko gid,penile bleeding,hiligaynon,active
gakadugo ary ko gid ko,penile bleeding,hiligaynon,active
gakadugo ary ko ko,penile bleeding,hiligaynon,active
gakadugo ary ko ko gid,penile bleeding,hiligaynon,active
gakadugo bilad ako,vaginal bleeding,hiligaynon,active
gakadugo bilad akon,vaginal bleeding,hiligaynon,active
gakadugo bilad akon gid,vaginal bleeding,hiligaynon,active
gakadugo bilad akon subong,vaginal bleeding,hiligaynon,active
gakadugo bilad gid ko,vaginal bleeding,hiligaynon,active
gakadugo bilad ko,vaginal bleeding,hiligaynon,active
gakadugo bilad ko ako,vaginal bleeding,hiligaynon,active
gakadugo bilad ko akon,vaginal bleeding,hiligaynon,active
gakadugo bilad ko akon gid,vaginal bleeding,hiligaynon,active
gakadugo bilad ko akon subong,vaginal bleeding,hiligaynon,active
gakadugo bilad ko gid,vaginal bleeding,hiligaynon,active
gakadugo bilad ko gid ko,vaginal bleeding,hiligaynon,active
gakadugo bilad ko ko,vaginal bleeding,hiligaynon,active
gakadugo bilad ko ko gid,vaginal bleeding,hiligaynon,active
gakadugo bilat ako,vaginal bleeding,hiligaynon,active
gakadugo bilat akon,vaginal bleeding,hiligaynon,active
gakadugo bilat akon gid,vaginal bleeding,hiligaynon,active
gakadugo bilat akon subong,vaginal bleeding,hiligaynon,active
gakadugo bilat gid ko,vaginal bleeding,hiligaynon,active
gakadugo bilat ko,vaginal bleeding,hiligaynon,active
gakadugo bilat ko ako,vaginal bleeding,hiligaynon,active
gakadugo bilat ko akon,vaginal bleeding,hiligaynon,active
gakadugo bilat ko akon gid,vaginal bleeding,hiligaynon,active
gakadugo bilat ko akon subong,vaginal bleeding,hiligaynon,active
gakadugo bilat ko gid,vaginal bleeding,hiligaynon,active
gakadugo bilat ko gid ko,vaginal bleeding,hiligaynon,active
gakadugo bilat ko ko,vaginal bleeding,hiligaynon,active
gakadugo bilat ko ko gid,vaginal bleeding,hiligaynon,active
gakadugo itlog acun,testicular bleeding,hiligaynon,active
gakadugo itlog acun gid,testicular bleeding,hiligaynon,active
gakadugo itlog acun subong,testicular bleeding,hiligaynon,active
gakadugo itlog ako,testicular bleeding,hiligaynon,active
gakadugo itlog akon,testicular bleeding,hiligaynon,active
gakadugo itlog akon gid,testicular bleeding,hiligaynon,active
gakadugo itlog akon subong,testicular bleeding,hiligaynon,active
gakadugo itlog gid ko,testicular bleeding,hiligaynon,active
gakadugo itlog gid ku,testicular bleeding,hiligaynon,active
gakadugo itlog ko,testicular bleeding,hiligaynon,active
gakadugo itlog ko ako,testicular bleeding,hiligaynon,active
gakadugo itlog ko akon,testicular bleeding,hiligaynon,active
gakadugo itlog ko akon gid,testicular bleeding,hiligaynon,active
gakadugo itlog ko akon subong,testicular bleeding,hiligaynon,active
gakadugo itlog ko gid,testicular bleeding,hiligaynon,active
gakadugo itlog ko gid ko,testicular bleeding,hiligaynon,active
gakadugo itlog ko ko,testicular bleeding,hiligaynon,active
gakadugo itlog ko ko gid,testicular bleeding,hiligaynon,active
gakadugo itlog ku,testicular bleeding,hiligaynon,active
gakadugo itlog ku gid,testicular bleeding,hiligaynon,active
gakadugo itlug acun,testicular bleeding,hiligaynon,active
gakadugo itlug acun gid,testicular bleeding,hiligaynon,active
gakadugo itlug acun subong,testicular bleeding,hiligaynon,active
gakadugo itlug ako,testicular bleeding,hiligaynon,active
gakadugo itlug akon,testicular bleeding,hiligaynon,active
gakadugo itlug akon gid,testicular bleeding,hiligaynon,active
gakadugo itlug akon subong,testicular bleeding,hiligaynon,active
gakadugo itlug gid ko,testicular bleeding,hiligaynon,active
gakadugo itlug gid ku,testicular bleeding,hiligaynon,active
gakadugo itlug ko,testicular bleeding,hiligaynon,active
gakadugo itlug ko ako,testicular bleeding,hiligaynon,active
gakadugo itlug ko akon,testicular bleeding,hiligaynon,active
gakadugo itlug ko akon gid,testicular bleeding,hiligaynon,active
gakadugo itlug ko akon subong,testicular bleeding,hiligaynon,active
gakadugo itlug ko gid,testicular bleeding,hiligaynon,active
gakadugo itlug ko gid ko,testicular bleeding,hiligaynon,active
gakadugo itlug ko ko,testicular bleeding,hiligaynon,active
gakadugo itlug ko ko gid,testicular bleeding,hiligaynon,active
gakadugo itlug ku,testicular bleeding,hiligaynon,active
gakadugo itlug ku gid,testicular bleeding,hiligaynon,active
gakadula gana kaon,loss of appetite,hiligaynon,active
gakalibanga,diarrhea,hiligaynon,active
gakatol akon ari,penile itching,hiligaynon,active
gakatol akon ari ko,penile itching,hiligaynon,active
gakatol akon ary,penile itching,hiligaynon,active
gakatol akon ary ko,penile itching,hiligaynon,active
gakatol akon bilad,vaginal itching,hiligaynon,active
gakatol akon bilad ko,vaginal itching,hiligaynon,active
gakatol akon bilat,vaginal itching,hiligaynon,active
gakatol akon bilat ko,vaginal itching,hiligaynon,active
gakatol akon itlog,testicular itching,hiligaynon,active
gakatol akon itlog ko,testicular itching,hiligaynon,active
gakatol akon itlug,testicular itching,hiligaynon,active
gakatol akon itlug ko,testicular itching,hiligaynon,active
gakatol akon kipay,vulvar itching,hiligaynon,active
gakatol akon mata,itchy eyes,hiligaynon,active
gakatol ari ako,penile itching,hiligaynon,active
gakatol ari akon,penile itching,hiligaynon,active
gakatol ari akon gid,penile itching,hiligaynon,active
gakatol ari akon subong,penile itching,hiligaynon,active
gakatol ari gid ko,penile itching,hiligaynon,active
gakatol ari ko,penile itching,hiligaynon,active
gakatol ari ko ako,penile itching,hiligaynon,active
gakatol ari ko akon,penile itching,hiligaynon,active
gakatol ari ko akon gid,penile itching,hiligaynon,active
gakatol ari ko akon subong,penile itching,hiligaynon,active
gakatol ari ko gid,penile itching,hiligaynon,active
gakatol ari ko gid ko,penile itching,hiligaynon,active
gakatol ari ko ko,penile itching,hiligaynon,active
gakatol ari ko ko gid,penile itching,hiligaynon,active
gakatol ary ako,penile itching,hiligaynon,active
gakatol ary akon,penile itching,hiligaynon,active
gakatol ary akon gid,penile itching,hiligaynon,active
gakatol ary akon subong,penile itching,hiligaynon,active
gakatol ary gid ko,penile itching,hiligaynon,active
gakatol ary ko,penile itching,hiligaynon,active
gakatol ary ko ako,penile itching,hiligaynon,active
gakatol ary ko akon,penile itching,hiligaynon,active
gakatol ary ko akon gid,penile itching,hiligaynon,active
gakatol ary ko akon subong,penile itching,hiligaynon,active
gakatol ary ko gid,penile itching,hiligaynon,active
gakatol ary ko gid ko,penile itching,hiligaynon,active
gakatol ary ko ko,penile itching,hiligaynon,active
gakatol ary ko ko gid,penile itching,hiligaynon,active
gakatol balat akon,itchy skin,hiligaynon,active
gakatol balat gid ko,itchy skin,hiligaynon,active
gakatol balat ko,itchy skin,hiligaynon,active
gakatol balat man,itchy skin,hiligaynon,active
gakatol balat subong,itchy skin,hiligaynon,active
gakatol bilad ako,vaginal itching,hiligaynon,active
gakatol bilad akon,vaginal itching,hiligaynon,active
gakatol bilad akon gid,vaginal itching,hiligaynon,active
gakatol bilad akon subong,vaginal itching,hiligaynon,active
gakatol bilad gid ko,vaginal itching,hiligaynon,active
gakatol bilad ko,vaginal itching,hiligaynon,active
gakatol bilad ko ako,vaginal itching,hiligaynon,active
gakatol bilad ko akon,vaginal itching,hiligaynon,active
gakatol bilad ko akon gid,vaginal itching,hiligaynon,active
gakatol bilad ko akon subong,vaginal itching,hiligaynon,active
gakatol bilad ko gid,vaginal itching,hiligaynon,active
gakatol bilad ko gid ko,vaginal itching,hiligaynon,active
gakatol bilad ko ko,vaginal itching,hiligaynon,active
gakatol bilad ko ko gid,vaginal itching,hiligaynon,active
gakatol bilat ako,vaginal itching,hiligaynon,active
gakatol bilat akon,vaginal itching,hiligaynon,active
gakatol bilat akon gid,vaginal itching,hiligaynon,active
gakatol bilat akon subong,vaginal itching,hiligaynon,active
gakatol bilat gid ko,vaginal itching,hiligaynon,active
gakatol bilat ko,vaginal itching,hiligaynon,active
gakatol bilat ko ako,vaginal itching,hiligaynon,active
gakatol bilat ko akon,vaginal itching,hiligaynon,active
gakatol bilat ko akon gid,vaginal itching,hiligaynon,active
gakatol bilat ko akon subong,vaginal itching,hiligaynon,active
gakatol bilat ko gid,vaginal itching,hiligaynon,active
gakatol bilat ko gid ko,vaginal itching,hiligaynon,active
gakatol bilat ko ko,vaginal itching,hiligaynon,active
gakatol bilat ko ko gid,vaginal itching,hiligaynon,active
gakatol gid akon ari,penile itching,hiligaynon,active
gakatol gid akon ari ko,penile itching,hiligaynon,active
gakatol gid akon ary,penile itching,hiligaynon,active
gakatol gid akon ary ko,penile itching,hiligaynon,active
gakatol gid akon bilad,vaginal itching,hiligaynon,active
gakatol gid akon bilad ko,vaginal itching,hiligaynon,active
gakatol gid akon bilat,vaginal itching,hiligaynon,active
gakatol gid akon bilat ko,vaginal itching,hiligaynon,active
gakatol gid akon itlog,testicular itching,hiligaynon,active
gakatol gid akon itlog ko,testicular itching,hiligaynon,active
gakatol gid akon itlug,testicular itching,hiligaynon,active
gakatol gid akon itlug ko,testicular itching,hiligaynon,active
gakatol gid akon kipay,vulvar itching,hiligaynon,active
gakatol gid ari ako,penile itching,hiligaynon,active
gakatol gid ari akon,penile itching,hiligaynon,active
gakatol gid ari akon gid,penile itching,hiligaynon,active
gakatol gid ari akon subong,penile itching,hiligaynon,active
gakatol gid ari gid ko,penile itching,hiligaynon,active
gakatol gid ari ko,penile itching,hiligaynon,active
gakatol gid ari ko ako,penile itching,hiligaynon,active
gakatol gid ari ko akon,penile itching,hiligaynon,active
gakatol gid ari ko akon gid,penile itching,hiligaynon,active
gakatol gid ari ko akon subong,penile itching,hiligaynon,active
gakatol gid ari ko gid,penile itching,hiligaynon,active
gakatol gid ari ko gid ko,penile itching,hiligaynon,active
gakatol gid ari ko ko,penile itching,hiligaynon,active
gakatol gid ari ko ko gid,penile itching,hiligaynon,active
gakatol gid ary ako,penile itching,hiligaynon,active
gakatol gid ary akon,penile itching,hiligaynon,active
gakatol gid ary akon gid,penile itching,hiligaynon,active
gakatol gid ary akon subong,penile itching,hiligaynon,active
gakatol gid ary gid ko,penile itching,hiligaynon,active
gakatol gid ary ko,penile itching,hiligaynon,active
gakatol gid ary ko ako,penile itching,hiligaynon,active
gakatol gid ary ko akon,penile itching,hiligaynon,active
gakatol gid ary ko akon gid,penile itching,hiligaynon,active
gakatol gid ary ko akon subong,penile itching,hiligaynon,active
gakatol gid ary ko gid,penile itching,hiligaynon,active
gakatol gid ary ko gid ko,penile itching,hiligaynon,active
gakatol gid ary ko ko,penile itching,hiligaynon,active
gakatol gid ary ko ko gid,penile itching,hiligaynon,active
gakatol gid balat akon,itchy skin,hiligaynon,active
gakatol gid balat gid ko,itchy skin,hiligaynon,active
gakatol gid balat ko,itchy skin,hiligaynon,active
gakatol gid balat man,itchy skin,hiligaynon,active
gakatol gid balat subong,itchy skin,hiligaynon,active
gakatol gid bilad ako,vaginal itching,hiligaynon,active
gakatol gid bilad akon,vaginal itching,hiligaynon,active
gakatol gid bilad akon gid,vaginal itching,hiligaynon,active
gakatol gid bilad akon subong,vaginal itching,hiligaynon,active
gakatol gid bilad gid ko,vaginal itching,hiligaynon,active
gakatol gid bilad ko,vaginal itching,hiligaynon,active
gakatol gid bilad ko ako,vaginal itching,hiligaynon,active
gakatol gid bilad ko akon,vaginal itching,hiligaynon,active
gakatol gid bilad ko akon gid,vaginal itching,hiligaynon,active
gakatol gid bilad ko akon subong,vaginal itching,hiligaynon,active
gakatol gid bilad ko gid,vaginal itching,hiligaynon,active
gakatol gid bilad ko gid ko,vaginal itching,hiligaynon,active
gakatol gid bilad ko ko,vaginal itching,hiligaynon,active
gakatol gid bilad ko ko gid,vaginal itching,hiligaynon,active
gakatol gid bilat ako,vaginal itching,hiligaynon,active
gakatol gid bilat akon,vaginal itching,hiligaynon,active
gakatol gid bilat akon gid,vaginal itching,hiligaynon,active
gakatol gid bilat akon subong,vaginal itching,hiligaynon,active
gakatol gid bilat gid ko,vaginal itching,hiligaynon,active
gakatol gid bilat ko,vaginal itching,hiligaynon,active
gakatol gid bilat ko ako,vaginal itching,hiligaynon,active
gakatol gid bilat ko akon,vaginal itching,hiligaynon,active
gakatol gid bilat ko akon gid,vaginal itching,hiligaynon,active
gakatol gid bilat ko akon subong,vaginal itching,hiligaynon,active
gakatol gid bilat ko gid,vaginal itching,hiligaynon,active
gakatol gid bilat ko gid ko,vaginal itching,hiligaynon,active
gakatol gid bilat ko ko,vaginal itching,hiligaynon,active
gakatol gid bilat ko ko gid,vaginal itching,hiligaynon,active
gakatol gid itlog ako,testicular itching,hiligaynon,active
gakatol gid itlog akon,testicular itching,hiligaynon,active
gakatol gid itlog akon gid,testicular itching,hiligaynon,active
gakatol gid itlog akon subong,testicular itching,hiligaynon,active
gakatol gid itlog gid ko,testicular itching,hiligaynon,active
gakatol gid itlog ko,testicular itching,hiligaynon,active
gakatol gid itlog ko ako,testicular itching,hiligaynon,active
gakatol gid itlog ko akon,testicular itching,hiligaynon,active
gakatol gid itlog ko akon gid,testicular itching,hiligaynon,active
gakatol gid itlog ko akon subong,testicular itching,hiligaynon,active
gakatol gid itlog ko gid,testicular itching,hiligaynon,active
gakatol gid itlog ko gid ko,testicular itching,hiligaynon,active
gakatol gid itlog ko ko,testicular itching,hiligaynon,active
gakatol gid itlog ko ko gid,testicular itching,hiligaynon,active
gakatol gid itlug ako,testicular itching,hiligaynon,active
gakatol gid itlug akon,testicular itching,hiligaynon,active
gakatol gid itlug akon gid,testicular itching,hiligaynon,active
gakatol gid itlug akon subong,testicular itching,hiligaynon,active
gakatol gid itlug gid ko,testicular itching,hiligaynon,active
gakatol gid itlug ko,testicular itching,hiligaynon,active
gakatol gid itlug ko ako,testicular itching,hiligaynon,active
gakatol gid itlug ko akon,testicular itching,hiligaynon,active
gakatol gid itlug ko akon gid,testicular itching,hiligaynon,active
gakatol gid itlug ko akon subong,testicular itching,hiligaynon,active
gakatol gid itlug ko gid,testicular itching,hiligaynon,active
gakatol gid itlug ko gid ko,testicular itching,hiligaynon,active
gakatol gid itlug ko ko,testicular itching,hiligaynon,active
gakatol gid itlug ko ko gid,testicular itching,hiligaynon,active
gakatol gid kamot akon,itchy hand,hiligaynon,active
gakatol gid kamot gid ko,itchy hand,hiligaynon,active
gakatol gid kamot ko,itchy hand,hiligaynon,active
gakatol gid kamot man,itchy hand,hiligaynon,active
gakatol gid kamot subong,itchy hand,hiligaynon,active
gakatol gid kipay ako,vulvar itching,hiligaynon,active
gakatol gid kipay akon,vulvar itching,hiligaynon,active
gakatol gid kipay akon gid,vulvar itching,hiligaynon,active
gakatol gid kipay akon subong,vulvar itching,hiligaynon,active
gakatol gid kipay gid ko,vulvar itching,hiligaynon,active
gakatol gid kipay ko,vulvar itching,hiligaynon,active
gakatol gid kipay ko gid,vulvar itching,hiligaynon,active
gakatol gid mata akon,itchy eyes,hiligaynon,active
gakatol gid mata gid ko,itchy eyes,hiligaynon,active
gakatol gid mata ko,itchy eyes,hiligaynon,active
gakatol gid mata man,itchy eyes,hiligaynon,active
gakatol gid mata subong,itchy eyes,hiligaynon,active
gakatol gid tiil akon,itchy foot,hiligaynon,active
gakatol gid tiil gid ko,itchy foot,hiligaynon,active
gakatol gid tiil ko,itchy foot,hiligaynon,active
gakatol gid tiil man,itchy foot,hiligaynon,active
gakatol gid tiil subong,itchy foot,hiligaynon,active
gakatol gid tudlo akon,itchy finger,hiligaynon,active
gakatol gid tudlo gid ko,itchy finger,hiligaynon,active
gakatol gid tudlo ko,itchy finger,hiligaynon,active
gakatol gid tudlo man,itchy finger,hiligaynon,active
gakatol gid tudlo subong,itchy finger,hiligaynon,active
gakatol itlog ako,testicular itching,hiligaynon,active
gakatol itlog akon,testicular itching,hiligaynon,active
gakatol itlog akon gid,testicular itching,hiligaynon,active
gakatol itlog akon subong,testicular itching,hiligaynon,active
gakatol itlog gid ko,testicular itching,hiligaynon,active
gakatol itlog ko,testicular itching,hiligaynon,active
gakatol itlog ko ako,testicular itching,hiligaynon,active
gakatol itlog ko akon,testicular itching,hiligaynon,active
gakatol itlog ko akon gid,testicular itching,hiligaynon,active
gakatol itlog ko akon subong,testicular itching,hiligaynon,active
gakatol itlog ko gid,testicular itching,hiligaynon,active
gakatol itlog ko gid ko,testicular itching,hiligaynon,active
gakatol itlog ko ko,testicular itching,hiligaynon,active
gakatol itlog ko ko gid,testicular itching,hiligaynon,active
gakatol itlug ako,testicular itching,hiligaynon,active
gakatol itlug akon,testicular itching,hiligaynon,active
gakatol itlug akon gid,testicular itching,hiligaynon,active
gakatol itlug akon subong,testicular itching,hiligaynon,active
gakatol itlug gid ko,testicular itching,hiligaynon,active
gakatol itlug ko,testicular itching,hiligaynon,active
gakatol itlug ko ako,testicular itching,hiligaynon,active
gakatol itlug ko akon,testicular itching,hiligaynon,active
gakatol itlug ko akon gid,testicular itching,hiligaynon,active
gakatol itlug ko akon subong,testicular itching,hiligaynon,active
gakatol itlug ko gid,testicular itching,hiligaynon,active
gakatol itlug ko gid ko,testicular itching,hiligaynon,active
gakatol itlug ko ko,testicular itching,hiligaynon,active
gakatol itlug ko ko gid,testicular itching,hiligaynon,active
gakatol kamot akon,itchy hand,hiligaynon,active
gakatol kamot gid ko,itchy hand,hiligaynon,active
gakatol kamot ko,itchy hand,hiligaynon,active
gakatol kamot man,itchy hand,hiligaynon,active
gakatol kamot subong,itchy hand,hiligaynon,active
gakatol kipay ako,vulvar itching,hiligaynon,active
gakatol kipay akon,vulvar itching,hiligaynon,active
gakatol kipay akon gid,vulvar itching,hiligaynon,active
gakatol kipay akon subong,vulvar itching,hiligaynon,active
gakatol kipay gid ko,vulvar itching,hiligaynon,active
gakatol kipay ko,vulvar itching,hiligaynon,active
gakatol kipay ko gid,vulvar itching,hiligaynon,active
gakatol mata akon,itchy eyes,hiligaynon,active
gakatol mata gid ko,itchy eyes,hiligaynon,active
gakatol mata ko,itchy eyes,hiligaynon,active
gakatol mata man,itchy eyes,hiligaynon,active
gakatol mata subong,itchy eyes,hiligaynon,active
gakatol tiil akon,itchy foot,hiligaynon,active
gakatol tiil gid ko,itchy foot,hiligaynon,active
gakatol tiil ko,itchy foot,hiligaynon,active
gakatol tiil man,itchy foot,hiligaynon,active
gakatol tiil subong,itchy foot,hiligaynon,active
gakatol tudlo akon,itchy finger,hiligaynon,active
gakatol tudlo gid ko,itchy finger,hiligaynon,active
gakatol tudlo ko,itchy finger,hiligaynon,active
gakatol tudlo man,itchy finger,hiligaynon,active
gakatol tudlo subong,itchy finger,hiligaynon,active
galagas buhok ko,hair loss,hiligaynon,active
galis,scabies,hiligaynon,active
gallbladder,gallbladder disease,hiligaynon,active
gallstone,gallstones,hiligaynon,active
galuya gid lawas ko,body weakness,hiligaynon,active
galuya ko,weakness,hiligaynon,active
galuya ko kag ginahilanat ko,weakness with fever,hiligaynon,active
galuya ko upod sang ginahilanat ko,weakness with fever,hiligaynon,active
galuya lawas ko,body weakness,hiligaynon,active
galuya lawas ko 3 ka adlaw,body weakness,hiligaynon,active
galuya lawas ko 5 ka adlaw,body weakness,hiligaynon,active
galuya lawas ko bag-o lang,body weakness,hiligaynon,active
galuya lawas ko dugay na,body weakness,hiligaynon,active
galuya lawas ko gahapon,body weakness,hiligaynon,active
galuya lawas ko kag kapoy gid,body weakness with severe fatigue,hiligaynon,active
galuya lawas ko kagapon,body weakness,hiligaynon,active
galuya lawas ko semana na,body weakness,hiligaynon,active
galuya lawas ko subong lang,body weakness,hiligaynon,active
gamot sa alta presyon,hypertension,hiligaynon,active
gamot sa asma,asthma,hiligaynon,active
gamot sa diabetes,diabetes,hiligaynon,active
gapula acun itlog,testicular redness,hiligaynon,active
gapula acun itlog ko,testicular redness,hiligaynon,active
gapula acun itlug,testicular redness,hiligaynon,active
gapula acun itlug ko,testicular redness,hiligaynon,active
gapula akon ari,penile redness,hiligaynon,active
gapula akon ari ko,penile redness,hiligaynon,active
gapula akon ary,penile redness,hiligaynon,active
gapula akon ary ko,penile redness,hiligaynon,active
gapula akon bilad,vaginal redness,hiligaynon,active
gapula akon bilad ko,vaginal redness,hiligaynon,active
gapula akon bilat,vaginal redness,hiligaynon,active
gapula akon bilat ko,vaginal redness,hiligaynon,active
gapula akon itlog,testicular redness,hiligaynon,active
gapula akon itlog ko,testicular redness,hiligaynon,active
gapula akon itlog ku,testicular redness,hiligaynon,active
gapula akon itlug,testicular redness,hiligaynon,active
gapula akon itlug ko,testicular redness,hiligaynon,active
gapula akon itlug ku,testicular redness,hiligaynon,active
gapula akon mata,red eye,hiligaynon,active
gapula ari ako,penile redness,hiligaynon,active
gapula ari akon,penile redness,hiligaynon,active
gapula ari akon gid,penile redness,hiligaynon,active
gapula ari akon subong,penile redness,hiligaynon,active
gapula ari gid ko,penile redness,hiligaynon,active
gapula ari ko,penile redness,hiligaynon,active
gapula ari ko ako,penile redness,hiligaynon,active
gapula ari ko akon,penile redness,hiligaynon,active
gapula ari ko akon gid,penile redness,hiligaynon,active
gapula ari ko akon subong,penile redness,hiligaynon,active
gapula ari ko gid,penile redness,hiligaynon,active
gapula ari ko gid ko,penile redness,hiligaynon,active
gapula ari ko ko,penile redness,hiligaynon,active
gapula ari ko ko gid,penile redness,hiligaynon,active
gapula ary ako,penile redness,hiligaynon,active
gapula ary akon,penile redness,hiligaynon,active
gapula ary akon gid,penile redness,hiligaynon,active
gapula ary akon subong,penile redness,hiligaynon,active
gapula ary gid ko,penile redness,hiligaynon,active
gapula ary ko,penile redness,hiligaynon,active
gapula ary ko ako,penile redness,hiligaynon,active
gapula ary ko akon,penile redness,hiligaynon,active
gapula ary ko akon gid,penile redness,hiligaynon,active
gapula ary ko akon subong,penile redness,hiligaynon,active
gapula ary ko gid,penile redness,hiligaynon,active
gapula ary ko gid ko,penile redness,hiligaynon,active
gapula ary ko ko,penile redness,hiligaynon,active
gapula ary ko ko gid,penile redness,hiligaynon,active
gapula bilad ako,vaginal redness,hiligaynon,active
gapula bilad akon,vaginal redness,hiligaynon,active
gapula bilad akon gid,vaginal redness,hiligaynon,active
gapula bilad akon subong,vaginal redness,hiligaynon,active
gapula bilad gid ko,vaginal redness,hiligaynon,active
gapula bilad ko,vaginal redness,hiligaynon,active
gapula bilad ko ako,vaginal redness,hiligaynon,active
gapula bilad ko akon,vaginal redness,hiligaynon,active
gapula bilad ko akon gid,vaginal redness,hiligaynon,active
gapula bilad ko akon subong,vaginal redness,hiligaynon,active
gapula bilad ko gid,vaginal redness,hiligaynon,active
gapula bilad ko gid ko,vaginal redness,hiligaynon,active
gapula bilad ko ko,vaginal redness,hiligaynon,active
gapula bilad ko ko gid,vaginal redness,hiligaynon,active
gapula bilat ako,vaginal redness,hiligaynon,active
gapula bilat akon,vaginal redness,hiligaynon,active
gapula bilat akon gid,vaginal redness,hiligaynon,active
gapula bilat akon subong,vaginal redness,hiligaynon,active
gapula bilat gid ko,vaginal redness,hiligaynon,active
gapula bilat ko,vaginal redness,hiligaynon,active
gapula bilat ko ako,vaginal redness,hiligaynon,active
gapula bilat ko akon,vaginal redness,hiligaynon,active
gapula bilat ko akon gid,vaginal redness,hiligaynon,active
gapula bilat ko akon subong,vaginal redness,hiligaynon,active
gapula bilat ko gid,vaginal redness,hiligaynon,active
gapula bilat ko gid ko,vaginal redness,hiligaynon,active
gapula bilat ko ko,vaginal redness,hiligaynon,active
gapula bilat ko ko gid,vaginal redness,hiligaynon,active
gapula itlog acun,testicular redness,hiligaynon,active
gapula itlog acun gid,testicular redness,hiligaynon,active
gapula itlog acun subong,testicular redness,hiligaynon,active
gapula itlog ako,testicular redness,hiligaynon,active
gapula itlog akon,testicular redness,hiligaynon,active
gapula itlog akon gid,testicular redness,hiligaynon,active
gapula itlog akon subong,testicular redness,hiligaynon,active
gapula itlog gid ko,testicular redness,hiligaynon,active
gapula itlog gid ku,testicular redness,hiligaynon,active
gapula itlog ko,testicular redness,hiligaynon,active
gapula itlog ko acun,testicular redness,hiligaynon,active
gapula itlog ko acun gid,testicular redness,hiligaynon,active
gapula itlog ko acun subong,testicular redness,hiligaynon,active
gapula itlog ko ako,testicular redness,hiligaynon,active
gapula itlog ko akon,testicular redness,hiligaynon,active
gapula itlog ko akon gid,testicular redness,hiligaynon,active
gapula itlog ko akon subong,testicular redness,hiligaynon,active
gapula itlog ko gid,testicular redness,hiligaynon,active
gapula itlog ko gid ko,testicular redness,hiligaynon,active
gapula itlog ko ko,testicular redness,hiligaynon,active
gapula itlog ko ko gid,testicular redness,hiligaynon,active
gapula itlog ku,testicular redness,hiligaynon,active
gapula itlog ku ako,testicular redness,hiligaynon,active
gapula itlog ku akon,testicular redness,hiligaynon,active
gapula itlog ku akon gid,testicular redness,hiligaynon,active
gapula itlog ku akon subong,testicular redness,hiligaynon,active
gapula itlog ku gid,testicular redness,hiligaynon,active
gapula itlog ku gid ko,testicular redness,hiligaynon,active
gapula itlog ku ko,testicular redness,hiligaynon,active
gapula itlog ku ko gid,testicular redness,hiligaynon,active
gapula itlug acun,testicular redness,hiligaynon,active
gapula itlug acun gid,testicular redness,hiligaynon,active
gapula itlug acun subong,testicular redness,hiligaynon,active
gapula itlug ako,testicular redness,hiligaynon,active
gapula itlug akon,testicular redness,hiligaynon,active
gapula itlug akon gid,testicular redness,hiligaynon,active
gapula itlug akon subong,testicular redness,hiligaynon,active
gapula itlug gid ko,testicular redness,hiligaynon,active
gapula itlug gid ku,testicular redness,hiligaynon,active
gapula itlug ko,testicular redness,hiligaynon,active
gapula itlug ko acun,testicular redness,hiligaynon,active
gapula itlug ko acun gid,testicular redness,hiligaynon,active
gapula itlug ko acun subong,testicular redness,hiligaynon,active
gapula itlug ko ako,testicular redness,hiligaynon,active
gapula itlug ko akon,testicular redness,hiligaynon,active
gapula itlug ko akon gid,testicular redness,hiligaynon,active
gapula itlug ko akon subong,testicular redness,hiligaynon,active
gapula itlug ko gid,testicular redness,hiligaynon,active
gapula itlug ko gid ko,testicular redness,hiligaynon,active
gapula itlug ko ko,testicular redness,hiligaynon,active
gapula itlug ko ko gid,testicular redness,hiligaynon,active
gapula itlug ku,testicular redness,hiligaynon,active
gapula itlug ku ako,testicular redness,hiligaynon,active
gapula itlug ku akon,testicular redness,hiligaynon,active
gapula itlug ku akon gid,testicular redness,hiligaynon,active
gapula itlug ku akon subong,testicular redness,hiligaynon,active
gapula itlug ku gid,testicular redness,hiligaynon,active
gapula itlug ku gid ko,testicular redness,hiligaynon,active
gapula itlug ku ko,testicular redness,hiligaynon,active
gapula itlug ku ko gid,testicular redness,hiligaynon,active
gapula mata ko,red eye,hiligaynon,active
gapula mata ko kag gakatol,red itchy eyes,hiligaynon,active
gasaket dughan ako,chest pain,hiligaynon,active
gasaket dughan akon gid,chest pain,hiligaynon,active
gasaket dughan akon subong,chest pain,hiligaynon,active
gasaket dughan ko gid,chest pain,hiligaynon,active
gasaket dughan ko man,chest pain,hiligaynon,active
gasakit abaga ako,shoulder pain,hiligaynon,active
gasakit abaga akon,shoulder pain,hiligaynon,active
gasakit abaga akon gid,shoulder pain,hiligaynon,active
gasakit abaga akon subong,shoulder pain,hiligaynon,active
gasakit abaga gid ko,shoulder pain,hiligaynon,active
gasakit abaga ko,shoulder pain,hiligaynon,active
gasakit abaga ko gid,shoulder pain,hiligaynon,active
gasakit abaga ko man,shoulder pain,hiligaynon,active
gasakit abaga man,shoulder pain,hiligaynon,active
gasakit abaga subong,shoulder pain,hiligaynon,active
gasakit acun itlog,testicular pain,hiligaynon,active
gasakit acun itlog ko,testicular pain,hiligaynon,active
gasakit acun itlug,testicular pain,hiligaynon,active
gasakit acun itlug ko,testicular pain,hiligaynon,active
gasakit akon abaga,shoulder pain,hiligaynon,active
gasakit akon ari,penile pain,hiligaynon,active
gasakit akon ari ko,penile pain,hiligaynon,active
gasakit akon ary,penile pain,hiligaynon,active
gasakit akon ary ko,penile pain,hiligaynon,active
gasakit akon atay,liver pain,hiligaynon,active
gasakit akon awang,jaw pain,hiligaynon,active
gasakit akon baba,mouth pain,hiligaynon,active
gasakit akon balat,skin pain,hiligaynon,active
gasakit akon batiis,leg pain,hiligaynon,active
gasakit akon bato,kidney pain,hiligaynon,active
gasakit akon bayag,scrotal pain,hiligaynon,active
gasakit akon baywang,waist pain,hiligaynon,active
gasakit akon bilad,vaginal pain,hiligaynon,active
gasakit akon bilad ko,vaginal pain,hiligaynon,active
gasakit akon bilat,vaginal pain,hiligaynon,active
gasakit akon bilat ko,vaginal pain,hiligaynon,active
gasakit akon buhok,hair pain,hiligaynon,active
gasakit akon bukong,forehead pain,hiligaynon,active
gasakit akon buuk,arm pain,hiligaynon,active
gasakit akon dalunggan,ear pain,hiligaynon,active
gasakit akon dila,tongue pain,hiligaynon,active
gasakit akon dughan,chest pain,hiligaynon,active
gasakit akon ilong,nose pain,hiligaynon,active
gasakit akon itlog,testicular pain,hiligaynon,active
gasakit akon itlog ko,testicular pain,hiligaynon,active
gasakit akon itlog ku,testicular pain,hiligaynon,active
gasakit akon itlug,testicular pain,hiligaynon,active
gasakit akon itlug ko,testicular pain,hiligaynon,active
gasakit akon itlug ku,testicular pain,hiligaynon,active
gasakit akon kamot,hand pain,hiligaynon,active
gasakit akon kipay,vulvar pain,hiligaynon,active
gasakit akon kuko,nail pain,hiligaynon,active
gasakit akon lawas,body pain,hiligaynon,active
gasakit akon lawi,nape pain,hiligaynon,active
gasakit akon likod,back pain,hiligaynon,active
gasakit akon liog,neck pain,hiligaynon,active
gasakit akon mata,eye pain,hiligaynon,active
gasakit akon ngipon,tooth pain,hiligaynon,active
gasakit akon paa,foot pain,hiligaynon,active
gasakit akon pilas,wound pain,hiligaynon,active
gasakit akon pisngi,cheek pain,hiligaynon,active
gasakit akon siko,elbow pain,hiligaynon,active
gasakit akon singit,groin pain,hiligaynon,active
gasakit akon tadlong,forearm pain,hiligaynon,active
gasakit akon tagipusuon,heart pain,hiligaynon,active
gasakit akon tai,buttocks pain,hiligaynon,active
gasakit akon tiil,foot pain,hiligaynon,active
gasakit akon tikod,heel pain,hiligaynon,active
gasakit akon titi,breast pain,hiligaynon,active
gasakit akon tiyan,abdominal pain,hiligaynon,active
gasakit akon tudlo,finger pain,hiligaynon,active
gasakit akon tuhod,knee pain,hiligaynon,active
gasakit akon tungod,throat pain,hiligaynon,active
gasakit akon tungtong,ankle pain,hiligaynon,active
gasakit akon ulo,head pain,hiligaynon,active
gasakit akon utok,brain pain,hiligaynon,active
gasakit ari ako,penile pain,hiligaynon,active
gasakit ari akon,penile pain,hiligaynon,active
gasakit ari akon gid,penile pain,hiligaynon,active
gasakit ari akon subong,penile pain,hiligaynon,active
gasakit ari gid ko,penile pain,hiligaynon,active
gasakit ari ko,penile pain,hiligaynon,active
gasakit ari ko ako,penile pain,hiligaynon,active
gasakit ari ko akon,penile pain,hiligaynon,active
gasakit ari ko akon gid,penile pain,hiligaynon,active
gasakit ari ko akon subong,penile pain,hiligaynon,active
gasakit ari ko gid,penile pain,hiligaynon,active
gasakit ari ko gid ko,penile pain,hiligaynon,active
gasakit ari ko ko,penile pain,hiligaynon,active
gasakit ari ko ko gid,penile pain,hiligaynon,active
gasakit ary ako,penile pain,hiligaynon,active
gasakit ary akon,penile pain,hiligaynon,active
gasakit ary akon gid,penile pain,hiligaynon,active
gasakit ary akon subong,penile pain,hiligaynon,active
gasakit ary gid ko,penile pain,hiligaynon,active
gasakit ary ko,penile pain,hiligaynon,active
gasakit ary ko ako,penile pain,hiligaynon,active
gasakit ary ko akon,penile pain,hiligaynon,active
gasakit ary ko akon gid,penile pain,hiligaynon,active
gasakit ary ko akon subong,penile pain,hiligaynon,active
gasakit ary ko gid,penile pain,hiligaynon,active
gasakit ary ko gid ko,penile pain,hiligaynon,active
gasakit ary ko ko,penile pain,hiligaynon,active
gasakit ary ko ko gid,penile pain,hiligaynon,active
gasakit atay akon,liver pain,hiligaynon,active
gasakit atay gid ko,liver pain,hiligaynon,active
gasakit atay ko,liver pain,hiligaynon,active
gasakit atay man,liver pain,hiligaynon,active
gasakit atay subong,liver pain,hiligaynon,active
gasakit awang akon,jaw pain,hiligaynon,active
gasakit awang gid ko,jaw pain,hiligaynon,active
gasakit awang ko,jaw pain,hiligaynon,active
gasakit awang man,jaw pain,hiligaynon,active
gasakit awang subong,jaw pain,hiligaynon,active
gasakit baba akon,mouth pain,hiligaynon,active
gasakit baba gid ko,mouth pain,hiligaynon,active
gasakit baba ko,mouth pain,hiligaynon,active
gasakit baba man,mouth pain,hiligaynon,active
gasakit baba subong,mouth pain,hiligaynon,active
gasakit balat akon,skin pain,hiligaynon,active
gasakit balat gid ko,skin pain,hiligaynon,active
gasakit balat ko,skin pain,hiligaynon,active
gasakit balat man,skin pain,hiligaynon,active
gasakit balat subong,skin pain,hiligaynon,active
gasakit batiis akon,leg pain,hiligaynon,active
gasakit batiis gid ko,leg pain,hiligaynon,active
gasakit batiis ko,leg pain,hiligaynon,active
gasakit batiis man,leg pain,hiligaynon,active
gasakit batiis subong,leg pain,hiligaynon,active
gasakit bato akon,kidney pain,hiligaynon,active
gasakit bato gid ko,kidney pain,hiligaynon,active
gasakit bato ko,kidney pain,hiligaynon,active
gasakit bato man,kidney pain,hiligaynon,active
gasakit bato subong,kidney pain,hiligaynon,active
gasakit bayag ako,scrotal pain,hiligaynon,active
gasakit bayag akon,scrotal pain,hiligaynon,active
gasakit bayag akon gid,scrotal pain,hiligaynon,active
gasakit bayag akon subong,scrotal pain,hiligaynon,active
gasakit bayag gid ko,scrotal pain,hiligaynon,active
gasakit bayag ko,scrotal pain,hiligaynon,active
gasakit bayag ko gid,scrotal pain,hiligaynon,active
gasakit baywang ako,waist pain,hiligaynon,active
gasakit baywang akon,waist pain,hiligaynon,active
gasakit baywang akon gid,waist pain,hiligaynon,active
gasakit baywang akon subong,waist pain,hiligaynon,active
gasakit baywang gid ko,waist pain,hiligaynon,active
gasakit baywang ko,waist pain,hiligaynon,active
gasakit baywang ko gid,waist pain,hiligaynon,active
gasakit baywang ko man,waist pain,hiligaynon,active
gasakit baywang man,waist pain,hiligaynon,active
gasakit baywang subong,waist pain,hiligaynon,active
gasakit bilad ako,vaginal pain,hiligaynon,active
gasakit bilad akon,vaginal pain,hiligaynon,active
gasakit bilad akon gid,vaginal pain,hiligaynon,active
gasakit bilad akon subong,vaginal pain,hiligaynon,active
gasakit bilad gid ko,vaginal pain,hiligaynon,active
gasakit bilad ko,vaginal pain,hiligaynon,active
gasakit bilad ko ako,vaginal pain,hiligaynon,active
gasakit bilad ko akon,vaginal pain,hiligaynon,active
gasakit bilad ko akon gid,vaginal pain,hiligaynon,active
gasakit bilad ko akon subong,vaginal pain,hiligaynon,active
gasakit bilad ko gid,vaginal pain,hiligaynon,active
gasakit bilad ko gid ko,vaginal pain,hiligaynon,active
gasakit bilad ko ko,vaginal pain,hiligaynon,active
gasakit bilad ko ko gid,vaginal pain,hiligaynon,active
gasakit bilat ako,vaginal pain,hiligaynon,active
gasakit bilat akon,vaginal pain,hiligaynon,active
gasakit bilat akon gid,vaginal pain,hiligaynon,active
gasakit bilat akon subong,vaginal pain,hiligaynon,active
gasakit bilat gid ko,vaginal pain,hiligaynon,active
gasakit bilat ko,vaginal pain,hiligaynon,active
gasakit bilat ko ako,vaginal pain,hiligaynon,active
gasakit bilat ko akon,vaginal pain,hiligaynon,active
gasakit bilat ko akon gid,vaginal pain,hiligaynon,active
gasakit bilat ko akon subong,vaginal pain,hiligaynon,active
gasakit bilat ko gid,vaginal pain,hiligaynon,active
gasakit bilat ko gid ko,vaginal pain,hiligaynon,active
gasakit bilat ko ko,vaginal pain,hiligaynon,active
gasakit bilat ko ko gid,vaginal pain,hiligaynon,active
gasakit buhok akon,hair pain,hiligaynon,active
gasakit buhok gid ko,hair pain,hiligaynon,active
gasakit buhok ko,hair pain,hiligaynon,active
gasakit buhok man,hair pain,hiligaynon,active
gasakit buhok subong,hair pain,hiligaynon,active
gasakit bukong akon,forehead pain,hiligaynon,active
gasakit bukong gid ko,forehead pain,hiligaynon,active
gasakit bukong ko,forehead pain,hiligaynon,active
gasakit bukong man,forehead pain,hiligaynon,active
gasakit bukong subong,forehead pain,hiligaynon,active
gasakit buuk akon,arm pain,hiligaynon,active
gasakit buuk gid ko,arm pain,hiligaynon,active
gasakit buuk ko,arm pain,hiligaynon,active
gasakit buuk man,arm pain,hiligaynon,active
gasakit buuk subong,arm pain,hiligaynon,active
gasakit dalunggan akon,ear pain,hiligaynon,active
gasakit dalunggan gid ko,ear pain,hiligaynon,active
gasakit dalunggan ko,ear pain,hiligaynon,active
gasakit dalunggan man,ear pain,hiligaynon,active
gasakit dalunggan subong,ear pain,hiligaynon,active
gasakit dila akon,tongue pain,hiligaynon,active
gasakit dila gid ko,tongue pain,hiligaynon,active
gasakit dila ko,tongue pain,hiligaynon,active
gasakit dila man,tongue pain,hiligaynon,active
gasakit dila subong,tongue pain,hiligaynon,active
gasakit dughan acun gid,chest pain,hiligaynon,active
gasakit dughan acun subong,chest pain,hiligaynon,active
gasakit dughan ako,chest pain,hiligaynon,active
gasakit dughan akon,chest pain,hiligaynon,active
gasakit dughan akon gid,chest pain,hiligaynon,active
gasakit dughan akon subong,chest pain,hiligaynon,active
gasakit dughan gid ko,chest pain,hiligaynon,active
gasakit dughan ko,chest pain,hiligaynon,active
gasakit dughan ko gid,chest pain,hiligaynon,active
gasakit dughan ko man,chest pain,hiligaynon,active
gasakit dughan ku gid,chest pain,hiligaynon,active
gasakit dughan ku man,chest pain,hiligaynon,active
gasakit dughan man,chest pain,hiligaynon,active
gasakit dughan subong,chest pain,hiligaynon,active
gasakit gid acun itlog,testicular pain,hiligaynon,active
gasakit gid acun itlog ko,testicular pain,hiligaynon,active
gasakit gid acun itlug,testicular pain,hiligaynon,active
gasakit gid acun itlug ko,testicular pain,hiligaynon,active
gasakit gid akon ari,penile pain,hiligaynon,active
gasakit gid akon ari ko,penile pain,hiligaynon,active
gasakit gid akon ary,penile pain,hiligaynon,active
gasakit gid akon ary ko,penile pain,hiligaynon,active
gasakit gid akon bayag,scrotal pain,hiligaynon,active
gasakit gid akon bilad,vaginal pain,hiligaynon,active
gasakit gid akon bilad ko,vaginal pain,hiligaynon,active
gasakit gid akon bilat,vaginal pain,hiligaynon,active
gasakit gid akon bilat ko,vaginal pain,hiligaynon,active
gasakit gid akon itlog,testicular pain,hiligaynon,active
gasakit gid akon itlog ko,testicular pain,hiligaynon,active
gasakit gid akon itlog ku,testicular pain,hiligaynon,active
gasakit gid akon itlug,testicular pain,hiligaynon,active
gasakit gid akon itlug ko,testicular pain,hiligaynon,active
gasakit gid akon itlug ku,testicular pain,hiligaynon,active
gasakit gid akon kipay,vulvar pain,hiligaynon,active
gasakit gid akon singit,groin pain,hiligaynon,active
gasakit gid ari ako,penile pain,hiligaynon,active
gasakit gid ari akon,penile pain,hiligaynon,active
gasakit gid ari akon gid,penile pain,hiligaynon,active
gasakit gid ari akon subong,penile pain,hiligaynon,active
gasakit gid ari gid ko,penile pain,hiligaynon,active
gasakit gid ari ko,penile pain,hiligaynon,active
gasakit gid ari ko ako,penile pain,hiligaynon,active
gasakit gid ari ko akon,penile pain,hiligaynon,active
gasakit gid ari ko akon gid,penile pain,hiligaynon,active
gasakit gid ari ko akon subong,penile pain,hiligaynon,active
gasakit gid ari ko gid,penile pain,hiligaynon,active
gasakit gid ari ko gid ko,penile pain,hiligaynon,active
gasakit gid ari ko ko,penile pain,hiligaynon,active
gasakit gid ari ko ko gid,penile pain,hiligaynon,active
gasakit gid ary ako,penile pain,hiligaynon,active
gasakit gid ary akon,penile pain,hiligaynon,active
gasakit gid ary akon gid,penile pain,hiligaynon,active
gasakit gid ary akon subong,penile pain,hiligaynon,active
gasakit gid ary gid ko,penile pain,hiligaynon,active
gasakit gid ary ko,penile pain,hiligaynon,active
gasakit gid ary ko ako,penile pain,hiligaynon,active
gasakit gid ary ko akon,penile pain,hiligaynon,active
gasakit gid ary ko akon gid,penile pain,hiligaynon,active
gasakit gid ary ko akon subong,penile pain,hiligaynon,active
gasakit gid ary ko gid,penile pain,hiligaynon,active
gasakit gid ary ko gid ko,penile pain,hiligaynon,active
gasakit gid ary ko ko,penile pain,hiligaynon,active
gasakit gid ary ko ko gid,penile pain,hiligaynon,active
gasakit gid bayag ako,scrotal pain,hiligaynon,active
gasakit gid bayag akon,scrotal pain,hiligaynon,active
gasakit gid bayag akon gid,scrotal pain,hiligaynon,active
gasakit gid bayag akon subong,scrotal pain,hiligaynon,active
gasakit gid bayag gid ko,scrotal pain,hiligaynon,active
gasakit gid bayag ko,scrotal pain,hiligaynon,active
gasakit gid bayag ko gid,scrotal pain,hiligaynon,active
gasakit gid bilad ako,vaginal pain,hiligaynon,active
gasakit gid bilad akon,vaginal pain,hiligaynon,active
gasakit gid bilad akon gid,vaginal pain,hiligaynon,active
gasakit gid bilad akon subong,vaginal pain,hiligaynon,active
gasakit gid bilad gid ko,vaginal pain,hiligaynon,active
gasakit gid bilad ko,vaginal pain,hiligaynon,active
gasakit gid bilad ko ako,vaginal pain,hiligaynon,active
gasakit gid bilad ko akon,vaginal pain,hiligaynon,active
gasakit gid bilad ko akon gid,vaginal pain,hiligaynon,active
gasakit gid bilad ko akon subong,vaginal pain,hiligaynon,active
gasakit gid bilad ko gid,vaginal pain,hiligaynon,active
gasakit gid bilad ko gid ko,vaginal pain,hiligaynon,active
gasakit gid bilad ko ko,vaginal pain,hiligaynon,active
gasakit gid bilad ko ko gid,vaginal pain,hiligaynon,active
gasakit gid bilat ako,vaginal pain,hiligaynon,active
gasakit gid bilat akon,vaginal pain,hiligaynon,active
gasakit gid bilat akon gid,vaginal pain,hiligaynon,active
gasakit gid bilat akon subong,vaginal pain,hiligaynon,active
gasakit gid bilat gid ko,vaginal pain,hiligaynon,active
gasakit gid bilat ko,vaginal pain,hiligaynon,active
gasakit gid bilat ko ako,vaginal pain,hiligaynon,active
gasakit gid bilat ko akon,vaginal pain,hiligaynon,active
gasakit gid bilat ko akon gid,vaginal pain,hiligaynon,active
gasakit gid bilat ko akon subong,vaginal pain,hiligaynon,active
gasakit gid bilat ko gid,vaginal pain,hiligaynon,active
gasakit gid bilat ko gid ko,vaginal pain,hiligaynon,active
gasakit gid bilat ko ko,vaginal pain,hiligaynon,active
gasakit gid bilat ko ko gid,vaginal pain,hiligaynon,active
gasakit gid itlog acun,testicular pain,hiligaynon,active
gasakit gid itlog acun gid,testicular pain,hiligaynon,active
gasakit gid itlog acun subong,testicular pain,hiligaynon,active
gasakit gid itlog ako,testicular pain,hiligaynon,active
gasakit gid itlog akon,testicular pain,hiligaynon,active
gasakit gid itlog akon gid,testicular pain,hiligaynon,active
gasakit gid itlog akon subong,testicular pain,hiligaynon,active
gasakit gid itlog gid ko,testicular pain,hiligaynon,active
gasakit gid itlog gid ku,testicular pain,hiligaynon,active
gasakit gid itlog ko,testicular pain,hiligaynon,active
gasakit gid itlog ko acun,testicular pain,hiligaynon,active
gasakit gid itlog ko acun gid,testicular pain,hiligaynon,active
gasakit gid itlog ko acun subong,testicular pain,hiligaynon,active
gasakit gid itlog ko ako,testicular pain,hiligaynon,active
gasakit gid itlog ko akon,testicular pain,hiligaynon,active
gasakit gid itlog ko akon gid,testicular pain,hiligaynon,active
gasakit gid itlog ko akon subong,testicular pain,hiligaynon,active
gasakit gid itlog ko gid,testicular pain,hiligaynon,active
gasakit gid itlog ko gid ko,testicular pain,hiligaynon,active
gasakit gid itlog ko ko,testicular pain,hiligaynon,active
gasakit gid itlog ko ko gid,testicular pain,hiligaynon,active
gasakit gid itlog ku,testicular pain,hiligaynon,active
gasakit gid itlog ku ako,testicular pain,hiligaynon,active
gasakit gid itlog ku akon,testicular pain,hiligaynon,active
gasakit gid itlog ku akon gid,testicular pain,hiligaynon,active
gasakit gid itlog ku akon subong,testicular pain,hiligaynon,active
gasakit gid itlog ku gid,testicular pain,hiligaynon,active
gasakit gid itlog ku gid ko,testicular pain,hiligaynon,active
gasakit gid itlog ku ko,testicular pain,hiligaynon,active
gasakit gid itlog ku ko gid,testicular pain,hiligaynon,active
gasakit gid itlug acun,testicular pain,hiligaynon,active
gasakit gid itlug acun gid,testicular pain,hiligaynon,active
gasakit gid itlug acun subong,testicular pain,hiligaynon,active
gasakit gid itlug ako,testicular pain,hiligaynon,active
gasakit gid itlug akon,testicular pain,hiligaynon,active
gasakit gid itlug akon gid,testicular pain,hiligaynon,active
gasakit gid itlug akon subong,testicular pain,hiligaynon,active
gasakit gid itlug gid ko,testicular pain,hiligaynon,active
gasakit gid itlug gid ku,testicular pain,hiligaynon,active
gasakit gid itlug ko,testicular pain,hiligaynon,active
gasakit gid itlug ko acun,testicular pain,hiligaynon,active
gasakit gid itlug ko acun gid,testicular pain,hiligaynon,active
gasakit gid itlug ko acun subong,testicular pain,hiligaynon,active
gasakit gid itlug ko ako,testicular pain,hiligaynon,active
gasakit gid itlug ko akon,testicular pain,hiligaynon,active
gasakit gid itlug ko akon gid,testicular pain,hiligaynon,active
gasakit gid itlug ko akon subong,testicular pain,hiligaynon,active
gasakit gid itlug ko gid,testicular pain,hiligaynon,active
gasakit gid itlug ko gid ko,testicular pain,hiligaynon,active
gasakit gid itlug ko ko,testicular pain,hiligaynon,active
gasakit gid itlug ko ko gid,testicular pain,hiligaynon,active
gasakit gid itlug ku,testicular pain,hiligaynon,active
gasakit gid itlug ku ako,testicular pain,hiligaynon,active
gasakit gid itlug ku akon,testicular pain,hiligaynon,active
gasakit gid itlug ku akon gid,testicular pain,hiligaynon,active
gasakit gid itlug ku akon subong,testicular pain,hiligaynon,active
gasakit gid itlug ku gid,testicular pain,hiligaynon,active
gasakit gid itlug ku gid ko,testicular pain,hiligaynon,active
gasakit gid itlug ku ko,testicular pain,hiligaynon,active
gasakit gid itlug ku ko gid,testicular pain,hiligaynon,active
gasakit gid kipay ako,vulvar pain,hiligaynon,active
gasakit gid kipay akon,vulvar pain,hiligaynon,active
gasakit gid kipay akon gid,vulvar pain,hiligaynon,active
gasakit gid kipay akon subong,vulvar pain,hiligaynon,active
gasakit gid kipay gid ko,vulvar pain,hiligaynon,active
gasakit gid kipay ko,vulvar pain,hiligaynon,active
gasakit gid kipay ko gid,vulvar pain,hiligaynon,active
gasakit gid singit ako,groin pain,hiligaynon,active
gasakit gid singit akon,groin pain,hiligaynon,active
gasakit gid singit akon gid,groin pain,hiligaynon,active
gasakit gid singit akon subong,groin pain,hiligaynon,active
gasakit gid singit gid ko,groin pain,hiligaynon,active
gasakit gid singit ko,groin pain,hiligaynon,active
gasakit gid singit ko gid,groin pain,hiligaynon,active
gasakit ilong akon,nose pain,hiligaynon,active
gasakit ilong gid ko,nose pain,hiligaynon,active
gasakit ilong ko,nose pain,hiligaynon,active
gasakit ilong man,nose pain,hiligaynon,active
gasakit ilong subong,nose pain,hiligaynon,active
gasakit itlog acun,testicular pain,hiligaynon,active
gasakit itlog acun gid,testicular pain,hiligaynon,active
gasakit itlog acun subong,testicular pain,hiligaynon,active
gasakit itlog ako,testicular pain,hiligaynon,active
gasakit itlog akon,testicular pain,hiligaynon,active
gasakit itlog akon gid,testicular pain,hiligaynon,active
gasakit itlog akon subong,testicular pain,hiligaynon,active
gasakit itlog gid ko,testicular pain,hiligaynon,active
gasakit itlog gid ku,testicular pain,hiligaynon,active
gasakit itlog ko,testicular pain,hiligaynon,active
gasakit itlog ko acun,testicular pain,hiligaynon,active
gasakit itlog ko acun gid,testicular pain,hiligaynon,active
gasakit itlog ko acun subong,testicular pain,hiligaynon,active
gasakit itlog ko ako,testicular pain,hiligaynon,active
gasakit itlog ko akon,testicular pain,hiligaynon,active
gasakit itlog ko akon gid,testicular pain,hiligaynon,active
gasakit itlog ko akon subong,testicular pain,hiligaynon,active
gasakit itlog ko gid,testicular pain,hiligaynon,active
gasakit itlog ko gid ko,testicular pain,hiligaynon,active
gasakit itlog ko ko,testicular pain,hiligaynon,active
gasakit itlog ko ko gid,testicular pain,hiligaynon,active
gasakit itlog ku,testicular pain,hiligaynon,active
gasakit itlog ku ako,testicular pain,hiligaynon,active
gasakit itlog ku akon,testicular pain,hiligaynon,active
gasakit itlog ku akon gid,testicular pain,hiligaynon,active
gasakit itlog ku akon subong,testicular pain,hiligaynon,active
gasakit itlog ku gid,testicular pain,hiligaynon,active
gasakit itlog ku gid ko,testicular pain,hiligaynon,active
gasakit itlog ku ko,testicular pain,hiligaynon,active
gasakit itlog ku ko gid,testicular pain,hiligaynon,active
gasakit itlug acun,testicular pain,hiligaynon,active
gasakit itlug acun gid,testicular pain,hiligaynon,active
gasakit itlug acun subong,testicular pain,hiligaynon,active
gasakit itlug ako,testicular pain,hiligaynon,active
gasakit itlug akon,testicular pain,hiligaynon,active
gasakit itlug akon gid,testicular pain,hiligaynon,active
gasakit itlug akon subong,testicular pain,hiligaynon,active
gasakit itlug gid ko,testicular pain,hiligaynon,active
gasakit itlug gid ku,testicular pain,hiligaynon,active
gasakit itlug ko,testicular pain,hiligaynon,active
gasakit itlug ko acun,testicular pain,hiligaynon,active
gasakit itlug ko acun gid,testicular pain,hiligaynon,active
gasakit itlug ko acun subong,testicular pain,hiligaynon,active
gasakit itlug ko ako,testicular pain,hiligaynon,active
gasakit itlug ko akon,testicular pain,hiligaynon,active
gasakit itlug ko akon gid,testicular pain,hiligaynon,active
gasakit itlug ko akon subong,testicular pain,hiligaynon,active
gasakit itlug ko gid,testicular pain,hiligaynon,active
gasakit itlug ko gid ko,testicular pain,hiligaynon,active
gasakit itlug ko ko,testicular pain,hiligaynon,active
gasakit itlug ko ko gid,testicular pain,hiligaynon,active
gasakit itlug ku,testicular pain,hiligaynon,active
gasakit itlug ku ako,testicular pain,hiligaynon,active
gasakit itlug ku akon,testicular pain,hiligaynon,active
gasakit itlug ku akon gid,testicular pain,hiligaynon,active
gasakit itlug ku akon subong,testicular pain,hiligaynon,active
gasakit itlug ku gid,testicular pain,hiligaynon,active
gasakit itlug ku gid ko,testicular pain,hiligaynon,active
gasakit itlug ku ko,testicular pain,hiligaynon,active
gasakit itlug ku ko gid,testicular pain,hiligaynon,active
gasakit kamot akon,hand pain,hiligaynon,active
gasakit kamot gid ko,hand pain,hiligaynon,active
gasakit kamot ko,hand pain,hiligaynon,active
gasakit kamot man,hand pain,hiligaynon,active
gasakit kamot subong,hand pain,hiligaynon,active
gasakit kipay ako,vulvar pain,hiligaynon,active
gasakit kipay akon,vulvar pain,hiligaynon,active
gasakit kipay akon gid,vulvar pain,hiligaynon,active
gasakit kipay akon subong,vulvar pain,hiligaynon,active
gasakit kipay gid ko,vulvar pain,hiligaynon,active
gasakit kipay ko,vulvar pain,hiligaynon,active
gasakit kipay ko gid,vulvar pain,hiligaynon,active
gasakit kuko akon,nail pain,hiligaynon,active
gasakit kuko gid ko,nail pain,hiligaynon,active
gasakit kuko ko,nail pain,hiligaynon,active
gasakit kuko man,nail pain,hiligaynon,active
gasakit kuko subong,nail pain,hiligaynon,active
gasakit lawas akon,body pain,hiligaynon,active
gasakit lawas gid ko,body pain,hiligaynon,active
gasakit lawas ko,body pain,hiligaynon,active
gasakit lawas man,body pain,hiligaynon,active
gasakit lawas subong,body pain,hiligaynon,active
gasakit lawi akon,nape pain,hiligaynon,active
gasakit lawi gid ko,nape pain,hiligaynon,active
gasakit lawi ko,nape pain,hiligaynon,active
gasakit lawi man,nape pain,hiligaynon,active
gasakit lawi subong,nape pain,hiligaynon,active
gasakit likod ako,back pain,hiligaynon,active
gasakit likod akon,back pain,hiligaynon,active
gasakit likod akon gid,back pain,hiligaynon,active
gasakit likod akon subong,back pain,hiligaynon,active
gasakit likod gid ko,back pain,hiligaynon,active
gasakit likod ko,back pain,hiligaynon,active
gasakit likod ko gid,back pain,hiligaynon,active
gasakit likod ko man,back pain,hiligaynon,active
gasakit likod man,back pain,hiligaynon,active
gasakit likod subong,back pain,hiligaynon,active
gasakit liog ako,neck pain,hiligaynon,active
gasakit liog akon,neck pain,hiligaynon,active
gasakit liog akon gid,neck pain,hiligaynon,active
gasakit liog akon subong,neck pain,hiligaynon,active
gasakit liog gid ko,neck pain,hiligaynon,active
gasakit liog ko,neck pain,hiligaynon,active
gasakit liog ko gid,neck pain,hiligaynon,active
gasakit liog ko man,neck pain,hiligaynon,active
gasakit liog man,neck pain,hiligaynon,active
gasakit liog subong,neck pain,hiligaynon,active
gasakit mata ako,eye pain,hiligaynon,active
gasakit mata akon,eye pain,hiligaynon,active
gasakit mata akon gid,eye pain,hiligaynon,active
gasakit mata akon subong,eye pain,hiligaynon,active
gasakit mata gid ko,eye pain,hiligaynon,active
gasakit mata ko,eye pain,hiligaynon,active
gasakit mata ko ako,eye pain,hiligaynon,active
gasakit mata ko akon,eye pain,hiligaynon,active
gasakit mata ko akon gid,eye pain,hiligaynon,active
gasakit mata ko akon subong,eye pain,hiligaynon,active
gasakit mata ko gid,eye pain,hiligaynon,active
gasakit mata ko gid ako,eye pain,hiligaynon,active
gasakit mata ko gid akon,eye pain,hiligaynon,active
gasakit mata ko gid akon gid,eye pain,hiligaynon,active
gasakit mata ko gid akon subong,eye pain,hiligaynon,active
gasakit mata ko gid ko,eye pain,hiligaynon,active
gasakit mata ko gid ko gid,eye pain,hiligaynon,active
gasakit mata ko gid ko man,eye pain,hiligaynon,active
gasakit mata ko ko,eye pain,hiligaynon,active
gasakit mata ko ko gid,eye pain,hiligaynon,active
gasakit mata ko ko man,eye pain,hiligaynon,active
gasakit mata ko man,eye pain,hiligaynon,active
gasakit mata man,eye pain,hiligaynon,active
gasakit mata subong,eye pain,hiligaynon,active
gasakit ngipon akon,tooth pain,hiligaynon,active
gasakit ngipon gid ko,tooth pain,hiligaynon,active
gasakit ngipon ko,tooth pain,hiligaynon,active
gasakit ngipon man,tooth pain,hiligaynon,active
gasakit ngipon subong,tooth pain,hiligaynon,active
gasakit olok ako,head pain,hiligaynon,active
gasakit olok akon,head pain,hiligaynon,active
gasakit olok akon gid,head pain,hiligaynon,active
gasakit olok akon subong,head pain,hiligaynon,active
gasakit olok ko,head pain,hiligaynon,active
gasakit olok ko gid,head pain,hiligaynon,active
gasakit olok ko man,head pain,hiligaynon,active
gasakit paa akon,foot pain,hiligaynon,active
gasakit paa gid ko,foot pain,hiligaynon,active
gasakit paa ko,foot pain,hiligaynon,active
gasakit paa man,foot pain,hiligaynon,active
gasakit paa subong,foot pain,hiligaynon,active
gasakit pilas akon,wound pain,hiligaynon,active
gasakit pilas gid ko,wound pain,hiligaynon,active
gasakit pilas ko,wound pain,hiligaynon,active
gasakit pilas man,wound pain,hiligaynon,active
gasakit pilas subong,wound pain,hiligaynon,active
gasakit pisngi akon,cheek pain,hiligaynon,active
gasakit pisngi gid ko,cheek pain,hiligaynon,active
gasakit pisngi ko,cheek pain,hiligaynon,active
gasakit pisngi man,cheek pain,hiligaynon,active
gasakit pisngi subong,cheek pain,hiligaynon,active
gasakit siko ako,elbow pain,hiligaynon,active
gasakit siko akon,elbow pain,hiligaynon,active
gasakit siko akon gid,elbow pain,hiligaynon,active
gasakit siko akon subong,elbow pain,hiligaynon,active
gasakit siko gid ko,elbow pain,hiligaynon,active
gasakit siko ko,elbow pain,hiligaynon,active
gasakit siko ko gid,elbow pain,hiligaynon,active
gasakit siko ko man,elbow pain,hiligaynon,active
gasakit siko man,elbow pain,hiligaynon,active
gasakit siko subong,elbow pain,hiligaynon,active
gasakit singit ako,groin pain,hiligaynon,active
gasakit singit akon,groin pain,hiligaynon,active
gasakit singit akon gid,groin pain,hiligaynon,active
gasakit singit akon subong,groin pain,hiligaynon,active
gasakit singit gid ko,groin pain,hiligaynon,active
gasakit singit ko,groin pain,hiligaynon,active
gasakit singit ko gid,groin pain,hiligaynon,active
gasakit tadlong akon,forearm pain,hiligaynon,active
gasakit tadlong gid ko,forearm pain,hiligaynon,active
gasakit tadlong ko,forearm pain,hiligaynon,active
gasakit tadlong man,forearm pain,hiligaynon,active
gasakit tadlong subong,forearm pain,hiligaynon,active
gasakit tagipusuon akon,heart pain,hiligaynon,active
gasakit tagipusuon gid ko,heart pain,hiligaynon,active
gasakit tagipusuon ko,heart pain,hiligaynon,active
gasakit tagipusuon man,heart pain,hiligaynon,active
gasakit tagipusuon subong,heart pain,hiligaynon,active
gasakit tai akon,buttocks pain,hiligaynon,active
gasakit tai gid ko,buttocks pain,hiligaynon,active
gasakit tai ko,buttocks pain,hiligaynon,active
gasakit tai man,buttocks pain,hiligaynon,active
gasakit tai subong,buttocks pain,hiligaynon,active
gasakit tiil akon,foot pain,hiligaynon,active
gasakit tiil gid ko,foot pain,hiligaynon,active
gasakit tiil ko,foot pain,hiligaynon,active
gasakit tiil man,foot pain,hiligaynon,active
gasakit tiil subong,foot pain,hiligaynon,active
gasakit tikod ako,heel pain,hiligaynon,active
gasakit tikod akon,heel pain,hiligaynon,active
gasakit tikod akon gid,heel pain,hiligaynon,active
gasakit tikod akon subong,heel pain,hiligaynon,active
gasakit tikod gid ko,heel pain,hiligaynon,active
gasakit tikod ko,heel pain,hiligaynon,active
gasakit tikod ko gid,heel pain,hiligaynon,active
gasakit tikod ko man,heel pain,hiligaynon,active
gasakit tikod man,heel pain,hiligaynon,active
gasakit tikod subong,heel pain,hiligaynon,active
gasakit tina-i ako,abdominal pain,hiligaynon,active
gasakit tina-i akon,abdominal pain,hiligaynon,active
gasakit tina-i akon gid,abdominal pain,hiligaynon,active
gasakit tina-i akon subong,abdominal pain,hiligaynon,active
gasakit tina-i ko,abdominal pain,hiligaynon,active
gasakit tina-i ko gid,abdominal pain,hiligaynon,active
gasakit tina-i ko man,abdominal pain,hiligaynon,active
gasakit titi akon,breast pain,hiligaynon,active
gasakit titi gid ko,breast pain,hiligaynon,active
gasakit titi ko,breast pain,hiligaynon,active
gasakit titi man,breast pain,hiligaynon,active
gasakit titi subong,breast pain,hiligaynon,active
gasakit tiyan ako,abdominal pain,hiligaynon,active
gasakit tiyan akon,abdominal pain,hiligaynon,active
gasakit tiyan akon gid,abdominal pain,hiligaynon,active
gasakit tiyan akon subong,abdominal pain,hiligaynon,active
gasakit tiyan gid ko,abdominal pain,hiligaynon,active
gasakit tiyan ko,abdominal pain,hiligaynon,active
gasakit tiyan ko ako,abdominal pain,hiligaynon,active
gasakit tiyan ko akon,abdominal pain,hiligaynon,active
gasakit tiyan ko akon gid,abdominal pain,hiligaynon,active
gasakit tiyan ko akon subong,abdominal pain,hiligaynon,active
gasakit tiyan ko gid,abdominal pain,hiligaynon,active
gasakit tiyan ko ko,abdominal pain,hiligaynon,active
gasakit tiyan ko ko gid,abdominal pain,hiligaynon,active
gasakit tiyan ko ko man,abdominal pain,hiligaynon,active
gasakit tiyan ko man,abdominal pain,hiligaynon,active
gasakit tiyan man,abdominal pain,hiligaynon,active
gasakit tiyan subong,abdominal pain,hiligaynon,active
gasakit tudlo akon,finger pain,hiligaynon,active
gasakit tudlo gid ko,finger pain,hiligaynon,active
gasakit tudlo ko,finger pain,hiligaynon,active
gasakit tudlo man,finger pain,hiligaynon,active
gasakit tudlo subong,finger pain,hiligaynon,active
gasakit tuhod ako,knee pain,hiligaynon,active
gasakit tuhod akon,knee pain,hiligaynon,active
gasakit tuhod akon gid,knee pain,hiligaynon,active
gasakit tuhod akon subong,knee pain,hiligaynon,active
gasakit tuhod gid ko,knee pain,hiligaynon,active
gasakit tuhod ko,knee pain,hiligaynon,active
gasakit tuhod ko gid,knee pain,hiligaynon,active
gasakit tuhod ko man,knee pain,hiligaynon,active
gasakit tuhod man,knee pain,hiligaynon,active
gasakit tuhod subong,knee pain,hiligaynon,active
gasakit tungod akon,throat pain,hiligaynon,active
gasakit tungod gid ko,throat pain,hiligaynon,active
gasakit tungod ko,throat pain,hiligaynon,active
gasakit tungod man,throat pain,hiligaynon,active
gasakit tungod subong,throat pain,hiligaynon,active
gasakit tungtong ako,ankle pain,hiligaynon,active
gasakit tungtong akon,ankle pain,hiligaynon,active
gasakit tungtong akon gid,ankle pain,hiligaynon,active
gasakit tungtong akon subong,ankle pain,hiligaynon,active
gasakit tungtong gid ko,ankle pain,hiligaynon,active
gasakit tungtong ko,ankle pain,hiligaynon,active
gasakit tungtong ko gid,ankle pain,hiligaynon,active
gasakit tungtong ko man,ankle pain,hiligaynon,active
gasakit tungtong man,ankle pain,hiligaynon,active
gasakit tungtong subong,ankle pain,hiligaynon,active
gasakit ulo ako,head pain,hiligaynon,active
gasakit ulo akon,head pain,hiligaynon,active
gasakit ulo akon gid,head pain,hiligaynon,active
gasakit ulo akon subong,head pain,hiligaynon,active
gasakit ulo gid ko,head pain,hiligaynon,active
gasakit ulo ko,head pain,hiligaynon,active
gasakit ulo ko 3 ka adlaw,head pain,hiligaynon,active
gasakit ulo ko 5 ka adlaw,head pain,hiligaynon,active
gasakit ulo ko ako,head pain,hiligaynon,active
gasakit ulo ko akon,head pain,hiligaynon,active
gasakit ulo ko akon gid,head pain,hiligaynon,active
gasakit ulo ko akon subong,head pain,hiligaynon,active
gasakit ulo ko bag-o lang,head pain,hiligaynon,active
gasakit ulo ko dugay na,head pain,hiligaynon,active
gasakit ulo ko gahapon,head pain,hiligaynon,active
gasakit ulo ko gid,head pain,hiligaynon,active
gasakit ulo ko kag ginahilanat ko,head pain with fever,hiligaynon,active
gasakit ulo ko kagapon,head pain,hiligaynon,active
gasakit ulo ko karon,head pain,hiligaynon,active
gasakit ulo ko ko,head pain,hiligaynon,active
gasakit ulo ko ko gid,head pain,hiligaynon,active
gasakit ulo ko ko man,head pain,hiligaynon,active
gasakit ulo ko man,head pain,hiligaynon,active
gasakit ulo ko semana na,head pain,hiligaynon,active
gasakit ulo ko subong lang,head pain,hiligaynon,active
gasakit ulo ko upod sang ginahilanat ko,head pain with fever,hiligaynon,active
gasakit ulo man,head pain,hiligaynon,active
gasakit ulo subong,head pain,hiligaynon,active
gasakit utok akon,brain pain,hiligaynon,active
gasakit utok gid ko,brain pain,hiligaynon,active
gasakit utok ko,brain pain,hiligaynon,active
gasakit utok man,brain pain,hiligaynon,active
gasakit utok subong,brain pain,hiligaynon,active
gastro,gastroenteritis,hiligaynon,active
gastroenteritis,gastroenteritis,hiligaynon,active
gerd,gerd,hiligaynon,active
gihika ko,cough,hiligaynon,active
gin kagat ahas ako,snake bite,hiligaynon,active
gin kagat ako sang ahas,snake bite,hiligaynon,active
gin kagat ako sang ido,dog bite,hiligaynon,active
gin kagat ido ako,dog bite,hiligaynon,active
gin kagat sang ahas ko,snake bite,hiligaynon,active
gin kagat sang ido ko,dog bite,hiligaynon,active
gin kagat sang ido ko kag nagdugo,dog bite with bleeding,hiligaynon,active
ginabalaka ko budlay gid gid ko magginhawa subong gid,difficulty breathing,hiligaynon,active
ginabalaka ko budlay gid gid ko magginhawa subong gid ko,difficulty breathing,hiligaynon,active
ginabalaka ko budlay gid gid ko magginhawa subong ko gid,difficulty breathing,hiligaynon,active
ginabalaka ko budlay gid gid ko magginhawa subong man,difficulty breathing,hiligaynon,active
ginabalaka ko budlay gid gid ko magginhawa subong na gid,difficulty breathing,hiligaynon,active
ginabalaka ko budlay gid ko mag ginhawa subong gid,difficulty breathing,hiligaynon,active
ginabalaka ko budlay gid ko mag ginhawa subong gid ko,difficulty breathing,hiligaynon,active
ginabalaka ko budlay gid ko mag ginhawa subong ko gid,difficulty breathing,hiligaynon,active
ginabalaka ko budlay gid ko mag ginhawa subong man,difficulty breathing,hiligaynon,active
ginabalaka ko budlay gid ko mag ginhawa subong na gid,difficulty breathing,hiligaynon,active
ginabalaka ko budlay gid ko magginhawa subong gid,difficulty breathing,hiligaynon,active
ginabalaka ko budlay gid ko magginhawa subong gid ko,difficulty breathing,hiligaynon,active
ginabalaka ko budlay gid ko magginhawa subong ko gid,difficulty breathing,hiligaynon,active
ginabalaka ko budlay gid ko magginhawa subong man,difficulty breathing,hiligaynon,active
ginabalaka ko budlay gid ko magginhawa subong na gid,difficulty breathing,hiligaynon,active
ginabalaka ko gahabok dila ko gid gid,swollen tongue,hiligaynon,active
ginabalaka ko gahabok dila ko gid gid ko,swollen tongue,hiligaynon,active
ginabalaka ko gahabok dila ko gid ko gid,swollen tongue,hiligaynon,active
ginabalaka ko gahabok dila ko gid man,swollen tongue,hiligaynon,active
ginabalaka ko gahabok dila ko gid na gid,swollen tongue,hiligaynon,active
ginabalaka ko gahubag dila ko gid gid,swollen tongue,hiligaynon,active
ginabalaka ko gahubag dila ko gid gid ko,swollen tongue,hiligaynon,active
ginabalaka ko gahubag dila ko gid ko gid,swollen tongue,hiligaynon,active
ginabalaka ko gahubag dila ko gid man,swollen tongue,hiligaynon,active
ginabalaka ko gahubag dila ko gid na gid,swollen tongue,hiligaynon,active
ginabalaka ko galuya lawas ko kag kapoy gid gid,body weakness with severe fatigue,hiligaynon,active
ginabalaka ko galuya lawas ko kag kapoy gid gid ko,body weakness with severe fatigue,hiligaynon,active
ginabalaka ko galuya lawas ko kag kapoy gid ko gid,body weakness with severe fatigue,hiligaynon,active
ginabalaka ko galuya lawas ko kag kapoy gid man,body weakness with severe fatigue,hiligaynon,active
ginabalaka ko galuya lawas ko kag kapoy gid na gid,body weakness with severe fatigue,hiligaynon,active
ginabalaka ko gapula mata ko kag gakatol gid,red itchy eyes,hiligaynon,active
ginabalaka ko gapula mata ko kag gakatol gid ko,red itchy eyes,hiligaynon,active
ginabalaka ko gapula mata ko kag gakatol ko gid,red itchy eyes,hiligaynon,active
ginabalaka ko gapula mata ko kag gakatol man,red itchy eyes,hiligaynon,active
ginabalaka ko gapula mata ko kag gakatol na gid,red itchy eyes,hiligaynon,active
ginabalaka ko gasakit ulo ko karon gid,head pain,hiligaynon,active
ginabalaka ko gasakit ulo ko karon gid ko,head pain,hiligaynon,active
ginabalaka ko gasakit ulo ko karon ko gid,head pain,hiligaynon,active
ginabalaka ko gasakit ulo ko karon man,head pain,hiligaynon,active
ginabalaka ko gasakit ulo ko karon na gid,head pain,hiligaynon,active
ginabalaka ko gid,anxiety,hiligaynon,active
ginabalaka ko gin kagat sang ido ko kag nagdugo gid,dog bite with bleeding,hiligaynon,active
ginabalaka ko gin kagat sang ido ko kag nagdugo gid ko,dog bite with bleeding,hiligaynon,active
ginabalaka ko gin kagat sang ido ko kag nagdugo ko gid,dog bite with bleeding,hiligaynon,active
ginabalaka ko gin kagat sang ido ko kag nagdugo man,dog bite with bleeding,hiligaynon,active
ginabalaka ko gin kagat sang ido ko kag nagdugo na gid,dog bite with bleeding,hiligaynon,active
ginabalaka ko ginkagat sang ido ko kag nag dugo gid,dog bite with bleeding,hiligaynon,active
ginabalaka ko ginkagat sang ido ko kag nag dugo gid ko,dog bite with bleeding,hiligaynon,active
ginabalaka ko ginkagat sang ido ko kag nag dugo ko gid,dog bite with bleeding,hiligaynon,active
ginabalaka ko ginkagat sang ido ko kag nag dugo man,dog bite with bleeding,hiligaynon,active
ginabalaka ko ginkagat sang ido ko kag nag dugo na gid,dog bite with bleeding,hiligaynon,active
ginabalaka ko ginkagat sang ido ko kag nagdugo gid,dog bite with bleeding,hiligaynon,active
ginabalaka ko ginkagat sang ido ko kag nagdugo gid ko,dog bite with bleeding,hiligaynon,active
ginabalaka ko ginkagat sang ido ko kag nagdugo ko gid,dog bite with bleeding,hiligaynon,active
ginabalaka ko ginkagat sang ido ko kag nagdugo man,dog bite with bleeding,hiligaynon,active
ginabalaka ko ginkagat sang ido ko kag nagdugo na gid,dog bite with bleeding,hiligaynon,active
ginabalaka ko ginsumbag ko kag nabun-og ulo gid,physical assault with head bruise,hiligaynon,active
ginabalaka ko ginsumbag ko kag nabun-og ulo gid ko,physical assault with head bruise,hiligaynon,active
ginabalaka ko ginsumbag ko kag nabun-og ulo ko gid,physical assault with head bruise,hiligaynon,active
ginabalaka ko ginsumbag ko kag nabun-og ulo man,physical assault with head bruise,hiligaynon,active
ginabalaka ko ginsumbag ko kag nabun-og ulo na gid,physical assault with head bruise,hiligaynon,active
ginabalaka ko may nana akon mata subong gid,eye infection,hiligaynon,active
ginabalaka ko may nana akon mata subong gid ko,eye infection,hiligaynon,active
ginabalaka ko may nana akon mata subong ko gid,eye infection,hiligaynon,active
ginabalaka ko may nana akon mata subong man,eye infection,hiligaynon,active
ginabalaka ko may nana akon mata subong na gid,eye infection,hiligaynon,active
ginabalaka ko may pilas ko sa kamot kag nag dugo gid,bleeding hand wound,hiligaynon,active
ginabalaka ko may pilas ko sa kamot kag nag dugo gid ko,bleeding hand wound,hiligaynon,active
ginabalaka ko may pilas ko sa kamot kag nag dugo ko gid,bleeding hand wound,hiligaynon,active
ginabalaka ko may pilas ko sa kamot kag nag dugo man,bleeding hand wound,hiligaynon,active
ginabalaka ko may pilas ko sa kamot kag nag dugo na gid,bleeding hand wound,hiligaynon,active
ginabalaka ko may pilas ko sa kamot kag nagdugo gid,bleeding hand wound,hiligaynon,active
ginabalaka ko may pilas ko sa kamot kag nagdugo gid ko,bleeding hand wound,hiligaynon,active
ginabalaka ko may pilas ko sa kamot kag nagdugo ko gid,bleeding hand wound,hiligaynon,active
ginabalaka ko may pilas ko sa kamot kag nagdugo man,bleeding hand wound,hiligaynon,active
ginabalaka ko may pilas ko sa kamot kag nagdugo na gid,bleeding hand wound,hiligaynon,active
ginabalaka ko nabali kamot ko sang natumba gid,hand fracture,hiligaynon,active
ginabalaka ko nabali kamot ko sang natumba gid ko,hand fracture,hiligaynon,active
ginabalaka ko nabali kamot ko sang natumba ko gid,hand fracture,hiligaynon,active
ginabalaka ko nabali kamot ko sang natumba man,hand fracture,hiligaynon,active
ginabalaka ko nabali kamot ko sang natumba na gid,hand fracture,hiligaynon,active
ginabalaka ko nabali na kamot ko sang natumba gid,hand fracture,hiligaynon,active
ginabalaka ko nabali na kamot ko sang natumba gid ko,hand fracture,hiligaynon,active
ginabalaka ko nabali na kamot ko sang natumba ko gid,hand fracture,hiligaynon,active
ginabalaka ko nabali na kamot ko sang natumba man,hand fracture,hiligaynon,active
ginabalaka ko nabali na kamot ko sang natumba na gid,hand fracture,hiligaynon,active
ginabalaka ko nabunggo ko sa salakyan kag nag dugo ulo gid,vehicle collision with head bleeding,hiligaynon,active
ginabalaka ko nabunggo ko sa salakyan kag nag dugo ulo gid ko,vehicle collision with head bleeding,hiligaynon,active
ginabalaka ko nabunggo ko sa salakyan kag nag dugo ulo ko gid,vehicle collision with head bleeding,hiligaynon,active
ginabalaka ko nabunggo ko sa salakyan kag nag dugo ulo man,vehicle collision with head bleeding,hiligaynon,active
ginabalaka ko nabunggo ko sa salakyan kag nag dugo ulo na gid,vehicle collision with head bleeding,hiligaynon,active
ginabalaka ko nabunggo ko sa salakyan kag nagdugo ulo gid,vehicle collision with head bleeding,hiligaynon,active
ginabalaka ko nabunggo ko sa salakyan kag nagdugo ulo gid ko,vehicle collision with head bleeding,hiligaynon,active
ginabalaka ko nabunggo ko sa salakyan kag nagdugo ulo ko gid,vehicle collision with head bleeding,hiligaynon,active
ginabalaka ko nabunggo ko sa salakyan kag nagdugo ulo man,vehicle collision with head bleeding,hiligaynon,active
ginabalaka ko nabunggo ko sa salakyan kag nagdugo ulo na gid,vehicle collision with head bleeding,hiligaynon,active
ginabalaka ko nag dugo ulo ko pagkatapos natumba gid,head bleeding after fall,hiligaynon,active
ginabalaka ko nag dugo ulo ko pagkatapos natumba gid ko,head bleeding after fall,hiligaynon,active
ginabalaka ko nag dugo ulo ko pagkatapos natumba ko gid,head bleeding after fall,hiligaynon,active
ginabalaka ko nag dugo ulo ko pagkatapos natumba man,head bleeding after fall,hiligaynon,active
ginabalaka ko nag dugo ulo ko pagkatapos natumba na gid,head bleeding after fall,hiligaynon,active
ginabalaka ko nagdugo ulo ko pagkatapos natumba gid,head bleeding after fall,hiligaynon,active
ginabalaka ko nagdugo ulo ko pagkatapos natumba gid ko,head bleeding after fall,hiligaynon,active
ginabalaka ko nagdugo ulo ko pagkatapos natumba ko gid,head bleeding after fall,hiligaynon,active
ginabalaka ko nagdugo ulo ko pagkatapos natumba man,head bleeding after fall,hiligaynon,active
ginabalaka ko nagdugo ulo ko pagkatapos natumba na gid,head bleeding after fall,hiligaynon,active
ginabalaka ko nakuryente ko sang kuryente gid,electrical injury,hiligaynon,active
ginabalaka ko nakuryente ko sang kuryente gid ko,electrical injury,hiligaynon,active
ginabalaka ko nakuryente ko sang kuryente ko gid,electrical injury,hiligaynon,active
ginabalaka ko nakuryente ko sang kuryente man,electrical injury,hiligaynon,active
ginabalaka ko nakuryente ko sang kuryente na gid,electrical injury,hiligaynon,active
ginabalaka ko nautod na tudlo ko sang makina gid,amputated finger,hiligaynon,active
ginabalaka ko nautod na tudlo ko sang makina gid ko,amputated finger,hiligaynon,active
ginabalaka ko nautod na tudlo ko sang makina ko gid,amputated finger,hiligaynon,active
ginabalaka ko nautod na tudlo ko sang makina man,amputated finger,hiligaynon,active
ginabalaka ko nautod na tudlo ko sang makina na gid,amputated finger,hiligaynon,active
ginabalaka ko nautod tudlo ko sang makina gid,amputated finger,hiligaynon,active
ginabalaka ko nautod tudlo ko sang makina gid ko,amputated finger,hiligaynon,active
ginabalaka ko nautod tudlo ko sang makina ko gid,amputated finger,hiligaynon,active
ginabalaka ko nautod tudlo ko sang makina man,amputated finger,hiligaynon,active
ginabalaka ko nautod tudlo ko sang makina na gid,amputated finger,hiligaynon,active
ginabalaka ko ubo ko kag ginahilanat gid,fever with cough,hiligaynon,active
ginabalaka ko ubo ko kag ginahilanat gid ko,fever with cough,hiligaynon,active
ginabalaka ko ubo ko kag ginahilanat ko gid,fever with cough,hiligaynon,active
ginabalaka ko ubo ko kag ginahilanat man,fever with cough,hiligaynon,active
ginabalaka ko ubo ko kag ginahilanat na gid,fever with cough,hiligaynon,active
ginabalaka ku budlay gid ko magginhawa subong gid,difficulty breathing,hiligaynon,active
ginabalaka ku budlay gid ko magginhawa subong gid ko,difficulty breathing,hiligaynon,active
ginabalaka ku budlay gid ko magginhawa subong ko gid,difficulty breathing,hiligaynon,active
ginabalaka ku budlay gid ko magginhawa subong man,difficulty breathing,hiligaynon,active
ginabalaka ku budlay gid ko magginhawa subong na gid,difficulty breathing,hiligaynon,active
ginabalaka ku gahabok dila ko gid gid,swollen tongue,hiligaynon,active
ginabalaka ku gahabok dila ko gid gid ko,swollen tongue,hiligaynon,active
ginabalaka ku gahabok dila ko gid ko gid,swollen tongue,hiligaynon,active
ginabalaka ku gahabok dila ko gid man,swollen tongue,hiligaynon,active
ginabalaka ku gahabok dila ko gid na gid,swollen tongue,hiligaynon,active
ginabalaka ku ginkagat sang ido ko kag nagdugo gid,dog bite with bleeding,hiligaynon,active
ginabalaka ku ginkagat sang ido ko kag nagdugo gid ko,dog bite with bleeding,hiligaynon,active
ginabalaka ku ginkagat sang ido ko kag nagdugo ko gid,dog bite with bleeding,hiligaynon,active
ginabalaka ku ginkagat sang ido ko kag nagdugo man,dog bite with bleeding,hiligaynon,active
ginabalaka ku ginkagat sang ido ko kag nagdugo na gid,dog bite with bleeding,hiligaynon,active
ginabalaka ku ginsumbag ko kag nabun-og ulo gid,physical assault with head bruise,hiligaynon,active
ginabalaka ku ginsumbag ko kag nabun-og ulo gid ko,physical assault with head bruise,hiligaynon,active
ginabalaka ku ginsumbag ko kag nabun-og ulo ko gid,physical assault with head bruise,hiligaynon,active
ginabalaka ku ginsumbag ko kag nabun-og ulo man,physical assault with head bruise,hiligaynon,active
ginabalaka ku ginsumbag ko kag nabun-og ulo na gid,physical assault with head bruise,hiligaynon,active
ginabalaka ku may pilas ko sa kamot kag nagdugo gid,bleeding hand wound,hiligaynon,active
ginabalaka ku may pilas ko sa kamot kag nagdugo gid ko,bleeding hand wound,hiligaynon,active
ginabalaka ku may pilas ko sa kamot kag nagdugo ko gid,bleeding hand wound,hiligaynon,active
ginabalaka ku may pilas ko sa kamot kag nagdugo man,bleeding hand wound,hiligaynon,active
ginabalaka ku may pilas ko sa kamot kag nagdugo na gid,bleeding hand wound,hiligaynon,active
ginabalaka ku nabali kamot ko sang natumba gid,hand fracture,hiligaynon,active
ginabalaka ku nabali kamot ko sang natumba gid ko,hand fracture,hiligaynon,active
ginabalaka ku nabali kamot ko sang natumba ko gid,hand fracture,hiligaynon,active
ginabalaka ku nabali kamot ko sang natumba man,hand fracture,hiligaynon,active
ginabalaka ku nabali kamot ko sang natumba na gid,hand fracture,hiligaynon,active
ginabalaka ku nabunggo ko sa salakyan kag nagdugo ulo gid,vehicle collision with head bleeding,hiligaynon,active
ginabalaka ku nabunggo ko sa salakyan kag nagdugo ulo gid ko,vehicle collision with head bleeding,hiligaynon,active
ginabalaka ku nabunggo ko sa salakyan kag nagdugo ulo ko gid,vehicle collision with head bleeding,hiligaynon,active
ginabalaka ku nabunggo ko sa salakyan kag nagdugo ulo man,vehicle collision with head bleeding,hiligaynon,active
ginabalaka ku nabunggo ko sa salakyan kag nagdugo ulo na gid,vehicle collision with head bleeding,hiligaynon,active
ginabalaka ku nagdugo ulo ko pagkatapos natumba gid,head bleeding after fall,hiligaynon,active
ginabalaka ku nagdugo ulo ko pagkatapos natumba gid ko,head bleeding after fall,hiligaynon,active
ginabalaka ku nagdugo ulo ko pagkatapos natumba ko gid,head bleeding after fall,hiligaynon,active
ginabalaka ku nagdugo ulo ko pagkatapos natumba man,head bleeding after fall,hiligaynon,active
ginabalaka ku nagdugo ulo ko pagkatapos natumba na gid,head bleeding after fall,hiligaynon,active
ginabalaka ku nakuryente ko sang kuryente gid,electrical injury,hiligaynon,active
ginabalaka ku nakuryente ko sang kuryente gid ko,electrical injury,hiligaynon,active
ginabalaka ku nakuryente ko sang kuryente ko gid,electrical injury,hiligaynon,active
ginabalaka ku nakuryente ko sang kuryente man,electrical injury,hiligaynon,active
ginabalaka ku nakuryente ko sang kuryente na gid,electrical injury,hiligaynon,active
ginabalaka ku nautod tudlo ko sang makina gid,amputated finger,hiligaynon,active
ginabalaka ku nautod tudlo ko sang makina gid ko,amputated finger,hiligaynon,active
ginabalaka ku nautod tudlo ko sang makina ko gid,amputated finger,hiligaynon,active
ginabalaka ku nautod tudlo ko sang makina man,amputated finger,hiligaynon,active
ginabalaka ku nautod tudlo ko sang makina na gid,amputated finger,hiligaynon,active
ginabaldom gid ko,severe abdominal pain,hiligaynon,active
ginabaldom ko,abdominal pain,hiligaynon,active
ginabalian,fracture,hiligaynon,active
ginabudlayan ginhawa,difficulty breathing,hiligaynon,active
ginabudlayan ginhawa ko,difficulty breathing,hiligaynon,active
ginabudlayan ginhawa ku,difficulty breathing,hiligaynon,active
ginabuka balat ko,skin cracking,hiligaynon,active
ginacancer,cancer,hiligaynon,active
ginacough,cough,hiligaynon,active
ginadengue,dengue,hiligaynon,active
ginadiabetes,diabetes,hiligaynon,active
ginadudul-om gid ko,severe diarrhea,hiligaynon,active
ginadudul-om ko,diarrhea,hiligaynon,active
ginadudul-om ko 3 ka adlaw,diarrhea,hiligaynon,active
ginadudul-om ko 5 ka adlaw,diarrhea,hiligaynon,active
ginadudul-om ko bag-o lang,diarrhea,hiligaynon,active
ginadudul-om ko dugay na,diarrhea,hiligaynon,active
ginadudul-om ko gahapon,diarrhea,hiligaynon,active
ginadudul-om ko kagapon,diarrhea,hiligaynon,active
ginadudul-om ko semana na,diarrhea,hiligaynon,active
ginadudul-om ko subong lang,diarrhea,hiligaynon,active
ginadudulom ko,diarrhea,hiligaynon,active
ginadugo ang ubo,hemoptysis,hiligaynon,active
ginadula ginhawa ko,shortness of breath,hiligaynon,active
ginadula ginhawa ku,shortness of breath,hiligaynon,active
ginafever,fever,hiligaynon,active
ginaginhawa budlay,difficulty breathing,hiligaynon,active
ginahampak dughan ko,chest pressure,hiligaynon,active
ginahampak ulo ko,headache,hiligaynon,active
ginahika,asthma,hiligaynon,active
ginahilanat,fever,hiligaynon,active
ginahilanat gid ko,high fever,hiligaynon,active
ginahilanat ko,fever,hiligaynon,active
ginahilanat ko 3 ka adlaw,fever,hiligaynon,active
ginahilanat ko 5 ka adlaw,fever,hiligaynon,active
ginahilanat ko bag-o lang,fever,hiligaynon,active
ginahilanat ko dugay na,fever,hiligaynon,active
ginahilanat ko gahapon,fever,hiligaynon,active
ginahilanat ko kag gahika ko,fever with cough,hiligaynon,active
ginahilanat ko kag ginabaldom ko,fever with abdominal pain,hiligaynon,active
ginahilanat ko kag ubo ko,fever with cough,hiligaynon,active
ginahilanat ko kagapon,fever,hiligaynon,active
ginahilanat ko semana na,fever,hiligaynon,active
ginahilanat ko subong lang,fever,hiligaynon,active
ginahilanat ko upod sang ginabaldom ko,fever with abdominal pain,hiligaynon,active
ginahilanat ko upod sang ubo ko,fever with cough,hiligaynon,active
ginahilanat sing taas,high fever,hiligaynon,active
ginahingabot,shortness of breath,hiligaynon,active
ginahubag abaga akon,shoulder swelling,hiligaynon,active
ginahubag abaga akon gid,shoulder swelling,hiligaynon,active
ginahubag abaga gid ko,shoulder swelling,hiligaynon,active
ginahubag abaga ko,shoulder swelling,hiligaynon,active
ginahubag abaga ko gid,shoulder swelling,hiligaynon,active
ginahubag abaga man,shoulder swelling,hiligaynon,active
ginahubag abaga subong,shoulder swelling,hiligaynon,active
ginahubag acun itlog,testicular swelling,hiligaynon,active
ginahubag acun itlog ko,testicular swelling,hiligaynon,active
ginahubag acun itlug,testicular swelling,hiligaynon,active
ginahubag acun itlug ko,testicular swelling,hiligaynon,active
ginahubag akon abaga,shoulder swelling,hiligaynon,active
ginahubag akon ari,penile swelling,hiligaynon,active
ginahubag akon ari ko,penile swelling,hiligaynon,active
ginahubag akon ary,penile swelling,hiligaynon,active
ginahubag akon ary ko,penile swelling,hiligaynon,active
ginahubag akon atay,liver swelling,hiligaynon,active
ginahubag akon awang,jaw swelling,hiligaynon,active
ginahubag akon baba,lip swelling,hiligaynon,active
ginahubag akon balat,skin swelling,hiligaynon,active
ginahubag akon batiis,leg swelling,hiligaynon,active
ginahubag akon bato,kidney swelling,hiligaynon,active
ginahubag akon bayag,scrotal swelling,hiligaynon,active
ginahubag akon baywang,waist swelling,hiligaynon,active
ginahubag akon bilad,vaginal swelling,hiligaynon,active
ginahubag akon bilad ko,vaginal swelling,hiligaynon,active
ginahubag akon bilat,vaginal swelling,hiligaynon,active
ginahubag akon bilat ko,vaginal swelling,hiligaynon,active
ginahubag akon buhok,hair swelling,hiligaynon,active
ginahubag akon bukong,forehead swelling,hiligaynon,active
ginahubag akon buuk,arm swelling,hiligaynon,active
ginahubag akon dalunggan,ear swelling,hiligaynon,active
ginahubag akon dila,swollen tongue,hiligaynon,active
ginahubag akon dughan,chest swelling,hiligaynon,active
ginahubag akon ilong,nasal swelling,hiligaynon,active
ginahubag akon itlog,testicular swelling,hiligaynon,active
ginahubag akon itlog ko,testicular swelling,hiligaynon,active
ginahubag akon itlog ku,testicular swelling,hiligaynon,active
ginahubag akon itlug,testicular swelling,hiligaynon,active
ginahubag akon itlug ko,testicular swelling,hiligaynon,active
ginahubag akon itlug ku,testicular swelling,hiligaynon,active
ginahubag akon kamot,hand swelling,hiligaynon,active
ginahubag akon kuko,nail swelling,hiligaynon,active
ginahubag akon lawas,body swelling,hiligaynon,active
ginahubag akon lawi,nape swelling,hiligaynon,active
ginahubag akon likod,back swelling,hiligaynon,active
ginahubag akon liog,neck swelling,hiligaynon,active
ginahubag akon mata,eye swelling,hiligaynon,active
ginahubag akon ngipon,tooth swelling,hiligaynon,active
ginahubag akon paa,foot swelling,hiligaynon,active
ginahubag akon pilas,wound swelling,hiligaynon,active
ginahubag akon pisngi,facial swelling,hiligaynon,active
ginahubag akon siko,elbow swelling,hiligaynon,active
ginahubag akon singit,groin swelling,hiligaynon,active
ginahubag akon tadlong,forearm swelling,hiligaynon,active
ginahubag akon tagipusuon,heart swelling,hiligaynon,active
ginahubag akon tai,buttocks swelling,hiligaynon,active
ginahubag akon tiil,foot swelling,hiligaynon,active
ginahubag akon tikod,heel swelling,hiligaynon,active
ginahubag akon titi,breast swelling,hiligaynon,active
ginahubag akon tiyan,abdominal swelling,hiligaynon,active
ginahubag akon tudlo,finger swelling,hiligaynon,active
ginahubag akon tuhod,knee swelling,hiligaynon,active
ginahubag akon tungod,throat swelling,hiligaynon,active
ginahubag akon tungtong,ankle swelling,hiligaynon,active
ginahubag akon ulo,head swelling,hiligaynon,active
ginahubag akon utok,brain swelling,hiligaynon,active
ginahubag ang tiyan,abdominal swelling,hiligaynon,active
ginahubag ari ako,penile swelling,hiligaynon,active
ginahubag ari akon,penile swelling,hiligaynon,active
ginahubag ari akon gid,penile swelling,hiligaynon,active
ginahubag ari akon subong,penile swelling,hiligaynon,active
ginahubag ari gid ko,penile swelling,hiligaynon,active
ginahubag ari ko,penile swelling,hiligaynon,active
ginahubag ari ko ako,penile swelling,hiligaynon,active
ginahubag ari ko akon,penile swelling,hiligaynon,active
ginahubag ari ko akon gid,penile swelling,hiligaynon,active
ginahubag ari ko akon subong,penile swelling,hiligaynon,active
ginahubag ari ko gid,penile swelling,hiligaynon,active
ginahubag ari ko gid ko,penile swelling,hiligaynon,active
ginahubag ari ko ko,penile swelling,hiligaynon,active
ginahubag ari ko ko gid,penile swelling,hiligaynon,active
ginahubag ary ako,penile swelling,hiligaynon,active
ginahubag ary akon,penile swelling,hiligaynon,active
ginahubag ary akon gid,penile swelling,hiligaynon,active
ginahubag ary akon subong,penile swelling,hiligaynon,active
ginahubag ary gid ko,penile swelling,hiligaynon,active
ginahubag ary ko,penile swelling,hiligaynon,active
ginahubag ary ko ako,penile swelling,hiligaynon,active
ginahubag ary ko akon,penile swelling,hiligaynon,active
ginahubag ary ko akon gid,penile swelling,hiligaynon,active
ginahubag ary ko akon subong,penile swelling,hiligaynon,active
ginahubag ary ko gid,penile swelling,hiligaynon,active
ginahubag ary ko gid ko,penile swelling,hiligaynon,active
ginahubag ary ko ko,penile swelling,hiligaynon,active
ginahubag ary ko ko gid,penile swelling,hiligaynon,active
ginahubag atay akon,liver swelling,hiligaynon,active
ginahubag atay akon gid,liver swelling,hiligaynon,active
ginahubag atay gid ko,liver swelling,hiligaynon,active
ginahubag atay ko,liver swelling,hiligaynon,active
ginahubag atay ko gid,liver swelling,hiligaynon,active
ginahubag atay man,liver swelling,hiligaynon,active
ginahubag atay subong,liver swelling,hiligaynon,active
ginahubag awang akon,jaw swelling,hiligaynon,active
ginahubag awang akon gid,jaw swelling,hiligaynon,active
ginahubag awang gid ko,jaw swelling,hiligaynon,active
ginahubag awang ko,jaw swelling,hiligaynon,active
ginahubag awang ko gid,jaw swelling,hiligaynon,active
ginahubag awang man,jaw swelling,hiligaynon,active
ginahubag awang subong,jaw swelling,hiligaynon,active
ginahubag baba akon,lip swelling,hiligaynon,active
ginahubag baba akon gid,lip swelling,hiligaynon,active
ginahubag baba gid ko,lip swelling,hiligaynon,active
ginahubag baba ko,lip swelling,hiligaynon,active
ginahubag baba ko gid,lip swelling,hiligaynon,active
ginahubag baba man,lip swelling,hiligaynon,active
ginahubag baba subong,lip swelling,hiligaynon,active
ginahubag balat akon,skin swelling,hiligaynon,active
ginahubag balat akon gid,skin swelling,hiligaynon,active
ginahubag balat gid ko,skin swelling,hiligaynon,active
ginahubag balat ko,skin swelling,hiligaynon,active
ginahubag balat ko gid,skin swelling,hiligaynon,active
ginahubag balat man,skin swelling,hiligaynon,active
ginahubag balat subong,skin swelling,hiligaynon,active
ginahubag batiis akon,leg swelling,hiligaynon,active
ginahubag batiis akon gid,leg swelling,hiligaynon,active
ginahubag batiis gid ko,leg swelling,hiligaynon,active
ginahubag batiis ko,leg swelling,hiligaynon,active
ginahubag batiis ko gid,leg swelling,hiligaynon,active
ginahubag batiis man,leg swelling,hiligaynon,active
ginahubag batiis subong,leg swelling,hiligaynon,active
ginahubag bato akon,kidney swelling,hiligaynon,active
ginahubag bato akon gid,kidney swelling,hiligaynon,active
ginahubag bato gid ko,kidney swelling,hiligaynon,active
ginahubag bato ko,kidney swelling,hiligaynon,active
ginahubag bato ko gid,kidney swelling,hiligaynon,active
ginahubag bato man,kidney swelling,hiligaynon,active
ginahubag bato subong,kidney swelling,hiligaynon,active
ginahubag bayag ako,scrotal swelling,hiligaynon,active
ginahubag bayag akon,scrotal swelling,hiligaynon,active
ginahubag bayag akon gid,scrotal swelling,hiligaynon,active
ginahubag bayag akon subong,scrotal swelling,hiligaynon,active
ginahubag bayag gid ko,scrotal swelling,hiligaynon,active
ginahubag bayag ko,scrotal swelling,hiligaynon,active
ginahubag bayag ko gid,scrotal swelling,hiligaynon,active
ginahubag baywang akon,waist swelling,hiligaynon,active
ginahubag baywang akon gid,waist swelling,hiligaynon,active
ginahubag baywang gid ko,waist swelling,hiligaynon,active
ginahubag baywang ko,waist swelling,hiligaynon,active
ginahubag baywang ko gid,waist swelling,hiligaynon,active
ginahubag baywang man,waist swelling,hiligaynon,active
ginahubag baywang subong,waist swelling,hiligaynon,active
ginahubag bilad ako,vaginal swelling,hiligaynon,active
ginahubag bilad akon,vaginal swelling,hiligaynon,active
ginahubag bilad akon gid,vaginal swelling,hiligaynon,active
ginahubag bilad akon subong,vaginal swelling,hiligaynon,active
ginahubag bilad gid ko,vaginal swelling,hiligaynon,active
ginahubag bilad ko,vaginal swelling,hiligaynon,active
ginahubag bilad ko ako,vaginal swelling,hiligaynon,active
ginahubag bilad ko akon,vaginal swelling,hiligaynon,active
ginahubag bilad ko akon gid,vaginal swelling,hiligaynon,active
ginahubag bilad ko akon subong,vaginal swelling,hiligaynon,active
ginahubag bilad ko gid,vaginal swelling,hiligaynon,active
ginahubag bilad ko gid ko,vaginal swelling,hiligaynon,active
ginahubag bilad ko ko,vaginal swelling,hiligaynon,active
ginahubag bilad ko ko gid,vaginal swelling,hiligaynon,active
ginahubag bilat ako,vaginal swelling,hiligaynon,active
ginahubag bilat akon,vaginal swelling,hiligaynon,active
ginahubag bilat akon gid,vaginal swelling,hiligaynon,active
ginahubag bilat akon subong,vaginal swelling,hiligaynon,active
ginahubag bilat gid ko,vaginal swelling,hiligaynon,active
ginahubag bilat ko,vaginal swelling,hiligaynon,active
ginahubag bilat ko ako,vaginal swelling,hiligaynon,active
ginahubag bilat ko akon,vaginal swelling,hiligaynon,active
ginahubag bilat ko akon gid,vaginal swelling,hiligaynon,active
ginahubag bilat ko akon subong,vaginal swelling,hiligaynon,active
ginahubag bilat ko gid,vaginal swelling,hiligaynon,active
ginahubag bilat ko gid ko,vaginal swelling,hiligaynon,active
ginahubag bilat ko ko,vaginal swelling,hiligaynon,active
ginahubag bilat ko ko gid,vaginal swelling,hiligaynon,active
ginahubag buhok akon,hair swelling,hiligaynon,active
ginahubag buhok akon gid,hair swelling,hiligaynon,active
ginahubag buhok gid ko,hair swelling,hiligaynon,active
ginahubag buhok ko,hair swelling,hiligaynon,active
ginahubag buhok ko gid,hair swelling,hiligaynon,active
ginahubag buhok man,hair swelling,hiligaynon,active
ginahubag buhok subong,hair swelling,hiligaynon,active
ginahubag bukong akon,forehead swelling,hiligaynon,active
ginahubag bukong akon gid,forehead swelling,hiligaynon,active
ginahubag bukong gid ko,forehead swelling,hiligaynon,active
ginahubag bukong ko,forehead swelling,hiligaynon,active
ginahubag bukong ko gid,forehead swelling,hiligaynon,active
ginahubag bukong man,forehead swelling,hiligaynon,active
ginahubag bukong subong,forehead swelling,hiligaynon,active
ginahubag buuk akon,arm swelling,hiligaynon,active
ginahubag buuk akon gid,arm swelling,hiligaynon,active
ginahubag buuk gid ko,arm swelling,hiligaynon,active
ginahubag buuk ko,arm swelling,hiligaynon,active
ginahubag buuk ko gid,arm swelling,hiligaynon,active
ginahubag buuk man,arm swelling,hiligaynon,active
ginahubag buuk subong,arm swelling,hiligaynon,active
ginahubag dalunggan akon,ear swelling,hiligaynon,active
ginahubag dalunggan akon gid,ear swelling,hiligaynon,active
ginahubag dalunggan gid ko,ear swelling,hiligaynon,active
ginahubag dalunggan ko,ear swelling,hiligaynon,active
ginahubag dalunggan ko gid,ear swelling,hiligaynon,active
ginahubag dalunggan man,ear swelling,hiligaynon,active
ginahubag dalunggan subong,ear swelling,hiligaynon,active
ginahubag dila acun,swollen tongue,hiligaynon,active
ginahubag dila acun gid,swollen tongue,hiligaynon,active
ginahubag dila akon,swollen tongue,hiligaynon,active
ginahubag dila akon gid,swollen tongue,hiligaynon,active
ginahubag dila gid ko,swollen tongue,hiligaynon,active
ginahubag dila gid ku,swollen tongue,hiligaynon,active
ginahubag dila ko,swollen tongue,hiligaynon,active
ginahubag dila ko gid,swollen tongue,hiligaynon,active
ginahubag dila ku,swollen tongue,hiligaynon,active
ginahubag dila ku gid,swollen tongue,hiligaynon,active
ginahubag dila man,swollen tongue,hiligaynon,active
ginahubag dila subong,swollen tongue,hiligaynon,active
ginahubag dughan akon,chest swelling,hiligaynon,active
ginahubag dughan akon gid,chest swelling,hiligaynon,active
ginahubag dughan gid ko,chest swelling,hiligaynon,active
ginahubag dughan ko,chest swelling,hiligaynon,active
ginahubag dughan ko gid,chest swelling,hiligaynon,active
ginahubag dughan man,chest swelling,hiligaynon,active
ginahubag dughan subong,chest swelling,hiligaynon,active
ginahubag ilong akon,nasal swelling,hiligaynon,active
ginahubag ilong akon gid,nasal swelling,hiligaynon,active
ginahubag ilong gid ko,nasal swelling,hiligaynon,active
ginahubag ilong ko,nasal swelling,hiligaynon,active
ginahubag ilong ko gid,nasal swelling,hiligaynon,active
ginahubag ilong man,nasal swelling,hiligaynon,active
ginahubag ilong subong,nasal swelling,hiligaynon,active
ginahubag itlog acun,testicular swelling,hiligaynon,active
ginahubag itlog acun gid,testicular swelling,hiligaynon,active
ginahubag itlog acun subong,testicular swelling,hiligaynon,active
ginahubag itlog ako,testicular swelling,hiligaynon,active
ginahubag itlog akon,testicular swelling,hiligaynon,active
ginahubag itlog akon gid,testicular swelling,hiligaynon,active
ginahubag itlog akon subong,testicular swelling,hiligaynon,active
ginahubag itlog gid ko,testicular swelling,hiligaynon,active
ginahubag itlog gid ku,testicular swelling,hiligaynon,active
ginahubag itlog ko,testicular swelling,hiligaynon,active
ginahubag itlog ko acun,testicular swelling,hiligaynon,active
ginahubag itlog ko acun gid,testicular swelling,hiligaynon,active
ginahubag itlog ko acun subong,testicular swelling,hiligaynon,active
ginahubag itlog ko ako,testicular swelling,hiligaynon,active
ginahubag itlog ko akon,testicular swelling,hiligaynon,active
ginahubag itlog ko akon gid,testicular swelling,hiligaynon,active
ginahubag itlog ko akon subong,testicular swelling,hiligaynon,active
ginahubag itlog ko gid,testicular swelling,hiligaynon,active
ginahubag itlog ko gid ko,testicular swelling,hiligaynon,active
ginahubag itlog ko ko,testicular swelling,hiligaynon,active
ginahubag itlog ko ko gid,testicular swelling,hiligaynon,active
ginahubag itlog ku,testicular swelling,hiligaynon,active
ginahubag itlog ku ako,testicular swelling,hiligaynon,active
ginahubag itlog ku akon,testicular swelling,hiligaynon,active
ginahubag itlog ku akon gid,testicular swelling,hiligaynon,active
ginahubag itlog ku akon subong,testicular swelling,hiligaynon,active
ginahubag itlog ku gid,testicular swelling,hiligaynon,active
ginahubag itlog ku gid ko,testicular swelling,hiligaynon,active
ginahubag itlog ku ko,testicular swelling,hiligaynon,active
ginahubag itlog ku ko gid,testicular swelling,hiligaynon,active
ginahubag itlug acun,testicular swelling,hiligaynon,active
ginahubag itlug acun gid,testicular swelling,hiligaynon,active
ginahubag itlug acun subong,testicular swelling,hiligaynon,active
ginahubag itlug ako,testicular swelling,hiligaynon,active
ginahubag itlug akon,testicular swelling,hiligaynon,active
ginahubag itlug akon gid,testicular swelling,hiligaynon,active
ginahubag itlug akon subong,testicular swelling,hiligaynon,active
ginahubag itlug gid ko,testicular swelling,hiligaynon,active
ginahubag itlug gid ku,testicular swelling,hiligaynon,active
ginahubag itlug ko,testicular swelling,hiligaynon,active
ginahubag itlug ko acun,testicular swelling,hiligaynon,active
ginahubag itlug ko acun gid,testicular swelling,hiligaynon,active
ginahubag itlug ko acun subong,testicular swelling,hiligaynon,active
ginahubag itlug ko ako,testicular swelling,hiligaynon,active
ginahubag itlug ko akon,testicular swelling,hiligaynon,active
ginahubag itlug ko akon gid,testicular swelling,hiligaynon,active
ginahubag itlug ko akon subong,testicular swelling,hiligaynon,active
ginahubag itlug ko gid,testicular swelling,hiligaynon,active
ginahubag itlug ko gid ko,testicular swelling,hiligaynon,active
ginahubag itlug ko ko,testicular swelling,hiligaynon,active
ginahubag itlug ko ko gid,testicular swelling,hiligaynon,active
ginahubag itlug ku,testicular swelling,hiligaynon,active
ginahubag itlug ku ako,testicular swelling,hiligaynon,active
ginahubag itlug ku akon,testicular swelling,hiligaynon,active
ginahubag itlug ku akon gid,testicular swelling,hiligaynon,active
ginahubag itlug ku akon subong,testicular swelling,hiligaynon,active
ginahubag itlug ku gid,testicular swelling,hiligaynon,active
ginahubag itlug ku gid ko,testicular swelling,hiligaynon,active
ginahubag itlug ku ko,testicular swelling,hiligaynon,active
ginahubag itlug ku ko gid,testicular swelling,hiligaynon,active
ginahubag kamot akon,hand swelling,hiligaynon,active
ginahubag kamot akon gid,hand swelling,hiligaynon,active
ginahubag kamot gid ko,hand swelling,hiligaynon,active
ginahubag kamot ko,hand swelling,hiligaynon,active
ginahubag kamot ko gid,hand swelling,hiligaynon,active
ginahubag kamot man,hand swelling,hiligaynon,active
ginahubag kamot subong,hand swelling,hiligaynon,active
ginahubag kuko akon,nail swelling,hiligaynon,active
ginahubag kuko akon gid,nail swelling,hiligaynon,active
ginahubag kuko gid ko,nail swelling,hiligaynon,active
ginahubag kuko ko,nail swelling,hiligaynon,active
ginahubag kuko ko gid,nail swelling,hiligaynon,active
ginahubag kuko man,nail swelling,hiligaynon,active
ginahubag kuko subong,nail swelling,hiligaynon,active
ginahubag lawas akon,body swelling,hiligaynon,active
ginahubag lawas akon gid,body swelling,hiligaynon,active
ginahubag lawas gid ko,body swelling,hiligaynon,active
ginahubag lawas ko,body swelling,hiligaynon,active
ginahubag lawas ko gid,body swelling,hiligaynon,active
ginahubag lawas ko pagkaon,food allergy reaction,hiligaynon,active
ginahubag lawas man,body swelling,hiligaynon,active
ginahubag lawas subong,body swelling,hiligaynon,active
ginahubag lawi akon,nape swelling,hiligaynon,active
ginahubag lawi akon gid,nape swelling,hiligaynon,active
ginahubag lawi gid ko,nape swelling,hiligaynon,active
ginahubag lawi ko,nape swelling,hiligaynon,active
ginahubag lawi ko gid,nape swelling,hiligaynon,active
ginahubag lawi man,nape swelling,hiligaynon,active
ginahubag lawi subong,nape swelling,hiligaynon,active
ginahubag likod akon,back swelling,hiligaynon,active
ginahubag likod akon gid,back swelling,hiligaynon,active
ginahubag likod gid ko,back swelling,hiligaynon,active
ginahubag likod ko,back swelling,hiligaynon,active
ginahubag likod ko gid,back swelling,hiligaynon,active
ginahubag likod man,back swelling,hiligaynon,active
ginahubag likod subong,back swelling,hiligaynon,active
ginahubag liog akon,neck swelling,hiligaynon,active
ginahubag liog akon gid,neck swelling,hiligaynon,active
ginahubag liog gid ko,neck swelling,hiligaynon,active
ginahubag liog ko,neck swelling,hiligaynon,active
ginahubag liog ko gid,neck swelling,hiligaynon,active
ginahubag liog man,neck swelling,hiligaynon,active
ginahubag liog subong,neck swelling,hiligaynon,active
ginahubag mata akon,eye swelling,hiligaynon,active
ginahubag mata akon gid,eye swelling,hiligaynon,active
ginahubag mata gid ko,eye swelling,hiligaynon,active
ginahubag mata ko,eye swelling,hiligaynon,active
ginahubag mata ko gid,eye swelling,hiligaynon,active
ginahubag mata man,eye swelling,hiligaynon,active
ginahubag mata subong,eye swelling,hiligaynon,active
ginahubag ngipon akon,tooth swelling,hiligaynon,active
ginahubag ngipon akon gid,tooth swelling,hiligaynon,active
ginahubag ngipon gid ko,tooth swelling,hiligaynon,active
ginahubag ngipon ko,tooth swelling,hiligaynon,active
ginahubag ngipon ko gid,tooth swelling,hiligaynon,active
ginahubag ngipon man,tooth swelling,hiligaynon,active
ginahubag ngipon subong,tooth swelling,hiligaynon,active
ginahubag paa akon,foot swelling,hiligaynon,active
ginahubag paa akon gid,foot swelling,hiligaynon,active
ginahubag paa gid ko,foot swelling,hiligaynon,active
ginahubag paa ko,foot swelling,hiligaynon,active
ginahubag paa ko gid,foot swelling,hiligaynon,active
ginahubag paa man,foot swelling,hiligaynon,active
ginahubag paa subong,foot swelling,hiligaynon,active
ginahubag pilas akon,wound swelling,hiligaynon,active
ginahubag pilas akon gid,wound swelling,hiligaynon,active
ginahubag pilas gid ko,wound swelling,hiligaynon,active
ginahubag pilas ko,wound swelling,hiligaynon,active
ginahubag pilas ko gid,wound swelling,hiligaynon,active
ginahubag pilas man,wound swelling,hiligaynon,active
ginahubag pilas subong,wound swelling,hiligaynon,active
ginahubag pisngi akon,facial swelling,hiligaynon,active
ginahubag pisngi akon gid,facial swelling,hiligaynon,active
ginahubag pisngi gid ko,facial swelling,hiligaynon,active
ginahubag pisngi ko,facial swelling,hiligaynon,active
ginahubag pisngi ko gid,facial swelling,hiligaynon,active
ginahubag pisngi man,facial swelling,hiligaynon,active
ginahubag pisngi subong,facial swelling,hiligaynon,active
ginahubag siko akon,elbow swelling,hiligaynon,active
ginahubag siko akon gid,elbow swelling,hiligaynon,active
ginahubag siko gid ko,elbow swelling,hiligaynon,active
ginahubag siko ko,elbow swelling,hiligaynon,active
ginahubag siko ko gid,elbow swelling,hiligaynon,active
ginahubag siko man,elbow swelling,hiligaynon,active
ginahubag siko subong,elbow swelling,hiligaynon,active
ginahubag singit ako,groin swelling,hiligaynon,active
ginahubag singit akon,groin swelling,hiligaynon,active
ginahubag singit akon gid,groin swelling,hiligaynon,active
ginahubag singit akon subong,groin swelling,hiligaynon,active
ginahubag singit gid ko,groin swelling,hiligaynon,active
ginahubag singit ko,groin swelling,hiligaynon,active
ginahubag singit ko gid,groin swelling,hiligaynon,active
ginahubag tadlong akon,forearm swelling,hiligaynon,active
ginahubag tadlong akon gid,forearm swelling,hiligaynon,active
ginahubag tadlong gid ko,forearm swelling,hiligaynon,active
ginahubag tadlong ko,forearm swelling,hiligaynon,active
ginahubag tadlong ko gid,forearm swelling,hiligaynon,active
ginahubag tadlong man,forearm swelling,hiligaynon,active
ginahubag tadlong subong,forearm swelling,hiligaynon,active
ginahubag tagipusuon akon,heart swelling,hiligaynon,active
ginahubag tagipusuon akon gid,heart swelling,hiligaynon,active
ginahubag tagipusuon gid ko,heart swelling,hiligaynon,active
ginahubag tagipusuon ko,heart swelling,hiligaynon,active
ginahubag tagipusuon ko gid,heart swelling,hiligaynon,active
ginahubag tagipusuon man,heart swelling,hiligaynon,active
ginahubag tagipusuon subong,heart swelling,hiligaynon,active
ginahubag tai akon,buttocks swelling,hiligaynon,active
ginahubag tai akon gid,buttocks swelling,hiligaynon,active
ginahubag tai gid ko,buttocks swelling,hiligaynon,active
ginahubag tai ko,buttocks swelling,hiligaynon,active
ginahubag tai ko gid,buttocks swelling,hiligaynon,active
ginahubag tai man,buttocks swelling,hiligaynon,active
ginahubag tai subong,buttocks swelling,hiligaynon,active
ginahubag tiil akon,foot swelling,hiligaynon,active
ginahubag tiil akon gid,foot swelling,hiligaynon,active
ginahubag tiil gid ko,foot swelling,hiligaynon,active
ginahubag tiil ko,foot swelling,hiligaynon,active
ginahubag tiil ko gid,foot swelling,hiligaynon,active
ginahubag tiil ko nga burod,pregnancy leg swelling,hiligaynon,active
ginahubag tiil man,foot swelling,hiligaynon,active
ginahubag tiil subong,foot swelling,hiligaynon,active
ginahubag tikod akon,heel swelling,hiligaynon,active
ginahubag tikod akon gid,heel swelling,hiligaynon,active
ginahubag tikod gid ko,heel swelling,hiligaynon,active
ginahubag tikod ko,heel swelling,hiligaynon,active
ginahubag tikod ko gid,heel swelling,hiligaynon,active
ginahubag tikod man,heel swelling,hiligaynon,active
ginahubag tikod subong,heel swelling,hiligaynon,active
ginahubag titi akon,breast swelling,hiligaynon,active
ginahubag titi akon gid,breast swelling,hiligaynon,active
ginahubag titi gid ko,breast swelling,hiligaynon,active
ginahubag titi ko,breast swelling,hiligaynon,active
ginahubag titi ko gid,breast swelling,hiligaynon,active
ginahubag titi man,breast swelling,hiligaynon,active
ginahubag titi subong,breast swelling,hiligaynon,active
ginahubag tiyan akon,abdominal swelling,hiligaynon,active
ginahubag tiyan akon gid,abdominal swelling,hiligaynon,active
ginahubag tiyan gid ko,abdominal swelling,hiligaynon,active
ginahubag tiyan ko,abdominal swelling,hiligaynon,active
ginahubag tiyan ko gid,abdominal swelling,hiligaynon,active
ginahubag tiyan man,abdominal swelling,hiligaynon,active
ginahubag tiyan subong,abdominal swelling,hiligaynon,active
ginahubag tudlo akon,finger swelling,hiligaynon,active
ginahubag tudlo akon gid,finger swelling,hiligaynon,active
ginahubag tudlo gid ko,finger swelling,hiligaynon,active
ginahubag tudlo ko,finger swelling,hiligaynon,active
ginahubag tudlo ko gid,finger swelling,hiligaynon,active
ginahubag tudlo man,finger swelling,hiligaynon,active
ginahubag tudlo subong,finger swelling,hiligaynon,active
ginahubag tuhod akon,knee swelling,hiligaynon,active
ginahubag tuhod akon gid,knee swelling,hiligaynon,active
ginahubag tuhod gid ko,knee swelling,hiligaynon,active
ginahubag tuhod ko,knee swelling,hiligaynon,active
ginahubag tuhod ko gid,knee swelling,hiligaynon,active
ginahubag tuhod man,knee swelling,hiligaynon,active
ginahubag tuhod subong,knee swelling,hiligaynon,active
ginahubag tungod acun,throat swelling,hiligaynon,active
ginahubag tungod acun gid,throat swelling,hiligaynon,active
ginahubag tungod akon,throat swelling,hiligaynon,active
ginahubag tungod akon gid,throat swelling,hiligaynon,active
ginahubag tungod allergy,allergic reaction,hiligaynon,active
ginahubag tungod gid ko,throat swelling,hiligaynon,active
ginahubag tungod gid ku,throat swelling,hiligaynon,active
ginahubag tungod ko,throat swelling,hiligaynon,active
ginahubag tungod ko gid,throat swelling,hiligaynon,active
ginahubag tungod ku,throat swelling,hiligaynon,active
ginahubag tungod ku gid,throat swelling,hiligaynon,active
ginahubag tungod man,throat swelling,hiligaynon,active
ginahubag tungod subong,throat swelling,hiligaynon,active
ginahubag tungtong akon,ankle swelling,hiligaynon,active
ginahubag tungtong akon gid,ankle swelling,hiligaynon,active
ginahubag tungtong gid ko,ankle swelling,hiligaynon,active
ginahubag tungtong ko,ankle swelling,hiligaynon,active
ginahubag tungtong ko gid,ankle swelling,hiligaynon,active
ginahubag tungtong man,ankle swelling,hiligaynon,active
ginahubag tungtong subong,ankle swelling,hiligaynon,active
ginahubag ulo akon,head swelling,hiligaynon,active
ginahubag ulo akon gid,head swelling,hiligaynon,active
ginahubag ulo gid ko,head swelling,hiligaynon,active
ginahubag ulo ko,head swelling,hiligaynon,active
ginahubag ulo ko gid,head swelling,hiligaynon,active
ginahubag ulo man,head swelling,hiligaynon,active
ginahubag ulo subong,head swelling,hiligaynon,active
ginahubag utok akon,brain swelling,hiligaynon,active
ginahubag utok akon gid,brain swelling,hiligaynon,active
ginahubag utok gid ko,brain swelling,hiligaynon,active
ginahubag utok ko,brain swelling,hiligaynon,active
ginahubag utok ko gid,brain swelling,hiligaynon,active
ginahubag utok man,brain swelling,hiligaynon,active
ginahubag utok subong,brain swelling,hiligaynon,active
ginahubasan init ko,heat stroke,hiligaynon,active
ginahuyang,weakness,hiligaynon,active
ginahypertension,hypertension,hiligaynon,active
ginainitan,fever,hiligaynon,active
ginakagat sang ahas ko,snake bite,hiligaynon,active
ginakagat sang ahas ku,snake bite,hiligaynon,active
ginakagat sang ido ko,dog bite,hiligaynon,active
ginakagat sang ido ku,dog bite,hiligaynon,active
ginakagat sang ipis ko,cockroach bite,hiligaynon,active
ginakagat sang kuring ko,cat bite,hiligaynon,active
ginakagat sang lamok ko,mosquito bite,hiligaynon,active
ginakagat sang manok ko,animal bite,hiligaynon,active
ginakagat sang sapat ko,animal bite,hiligaynon,active
ginakapoy,fatigue,hiligaynon,active
ginakati,itching,hiligaynon,active
ginakati tungod allergy,allergic reaction,hiligaynon,active
ginakatol akon ari,penile itching,hiligaynon,active
ginakatol akon ari ko,penile itching,hiligaynon,active
ginakatol akon ary,penile itching,hiligaynon,active
ginakatol akon ary ko,penile itching,hiligaynon,active
ginakatol akon bilad,vaginal itching,hiligaynon,active
ginakatol akon bilad ko,vaginal itching,hiligaynon,active
ginakatol akon bilat,vaginal itching,hiligaynon,active
ginakatol akon bilat ko,vaginal itching,hiligaynon,active
ginakatol akon itlog,testicular itching,hiligaynon,active
ginakatol akon itlog ko,testicular itching,hiligaynon,active
ginakatol akon itlug,testicular itching,hiligaynon,active
ginakatol akon itlug ko,testicular itching,hiligaynon,active
ginakatol akon kipay,vulvar itching,hiligaynon,active
ginakatol ari ako,penile itching,hiligaynon,active
ginakatol ari akon,penile itching,hiligaynon,active
ginakatol ari akon gid,penile itching,hiligaynon,active
ginakatol ari akon subong,penile itching,hiligaynon,active
ginakatol ari gid ko,penile itching,hiligaynon,active
ginakatol ari ko,penile itching,hiligaynon,active
ginakatol ari ko ako,penile itching,hiligaynon,active
ginakatol ari ko akon,penile itching,hiligaynon,active
ginakatol ari ko akon gid,penile itching,hiligaynon,active
ginakatol ari ko akon subong,penile itching,hiligaynon,active
ginakatol ari ko gid,penile itching,hiligaynon,active
ginakatol ari ko gid ko,penile itching,hiligaynon,active
ginakatol ari ko ko,penile itching,hiligaynon,active
ginakatol ari ko ko gid,penile itching,hiligaynon,active
ginakatol ary ako,penile itching,hiligaynon,active
ginakatol ary akon,penile itching,hiligaynon,active
ginakatol ary akon gid,penile itching,hiligaynon,active
ginakatol ary akon subong,penile itching,hiligaynon,active
ginakatol ary gid ko,penile itching,hiligaynon,active
ginakatol ary ko,penile itching,hiligaynon,active
ginakatol ary ko ako,penile itching,hiligaynon,active
ginakatol ary ko akon,penile itching,hiligaynon,active
ginakatol ary ko akon gid,penile itching,hiligaynon,active
ginakatol ary ko akon subong,penile itching,hiligaynon,active
ginakatol ary ko gid,penile itching,hiligaynon,active
ginakatol ary ko gid ko,penile itching,hiligaynon,active
ginakatol ary ko ko,penile itching,hiligaynon,active
ginakatol ary ko ko gid,penile itching,hiligaynon,active
ginakatol balat akon,itchy skin,hiligaynon,active
ginakatol balat gid ko,itchy skin,hiligaynon,active
ginakatol balat ko,itchy skin,hiligaynon,active
ginakatol balat man,itchy skin,hiligaynon,active
ginakatol balat subong,itchy skin,hiligaynon,active
ginakatol bilad ako,vaginal itching,hiligaynon,active
ginakatol bilad akon,vaginal itching,hiligaynon,active
ginakatol bilad akon gid,vaginal itching,hiligaynon,active
ginakatol bilad akon subong,vaginal itching,hiligaynon,active
ginakatol bilad gid ko,vaginal itching,hiligaynon,active
ginakatol bilad ko,vaginal itching,hiligaynon,active
ginakatol bilad ko ako,vaginal itching,hiligaynon,active
ginakatol bilad ko akon,vaginal itching,hiligaynon,active
ginakatol bilad ko akon gid,vaginal itching,hiligaynon,active
ginakatol bilad ko akon subong,vaginal itching,hiligaynon,active
ginakatol bilad ko gid,vaginal itching,hiligaynon,active
ginakatol bilad ko gid ko,vaginal itching,hiligaynon,active
ginakatol bilad ko ko,vaginal itching,hiligaynon,active
ginakatol bilad ko ko gid,vaginal itching,hiligaynon,active
ginakatol bilat ako,vaginal itching,hiligaynon,active
ginakatol bilat akon,vaginal itching,hiligaynon,active
ginakatol bilat akon gid,vaginal itching,hiligaynon,active
ginakatol bilat akon subong,vaginal itching,hiligaynon,active
ginakatol bilat gid ko,vaginal itching,hiligaynon,active
ginakatol bilat ko,vaginal itching,hiligaynon,active
ginakatol bilat ko ako,vaginal itching,hiligaynon,active
ginakatol bilat ko akon,vaginal itching,hiligaynon,active
ginakatol bilat ko akon gid,vaginal itching,hiligaynon,active
ginakatol bilat ko akon subong,vaginal itching,hiligaynon,active
ginakatol bilat ko gid,vaginal itching,hiligaynon,active
ginakatol bilat ko gid ko,vaginal itching,hiligaynon,active
ginakatol bilat ko ko,vaginal itching,hiligaynon,active
ginakatol bilat ko ko gid,vaginal itching,hiligaynon,active
ginakatol itlog ako,testicular itching,hiligaynon,active
ginakatol itlog akon,testicular itching,hiligaynon,active
ginakatol itlog akon gid,testicular itching,hiligaynon,active
ginakatol itlog akon subong,testicular itching,hiligaynon,active
ginakatol itlog gid ko,testicular itching,hiligaynon,active
ginakatol itlog ko,testicular itching,hiligaynon,active
ginakatol itlog ko ako,testicular itching,hiligaynon,active
ginakatol itlog ko akon,testicular itching,hiligaynon,active
ginakatol itlog ko akon gid,testicular itching,hiligaynon,active
ginakatol itlog ko akon subong,testicular itching,hiligaynon,active
ginakatol itlog ko gid,testicular itching,hiligaynon,active
ginakatol itlog ko gid ko,testicular itching,hiligaynon,active
ginakatol itlog ko ko,testicular itching,hiligaynon,active
ginakatol itlog ko ko gid,testicular itching,hiligaynon,active
ginakatol itlug ako,testicular itching,hiligaynon,active
ginakatol itlug akon,testicular itching,hiligaynon,active
ginakatol itlug akon gid,testicular itching,hiligaynon,active
ginakatol itlug akon subong,testicular itching,hiligaynon,active
ginakatol itlug gid ko,testicular itching,hiligaynon,active
ginakatol itlug ko,testicular itching,hiligaynon,active
ginakatol itlug ko ako,testicular itching,hiligaynon,active
ginakatol itlug ko akon,testicular itching,hiligaynon,active
ginakatol itlug ko akon gid,testicular itching,hiligaynon,active
ginakatol itlug ko akon subong,testicular itching,hiligaynon,active
ginakatol itlug ko gid,testicular itching,hiligaynon,active
ginakatol itlug ko gid ko,testicular itching,hiligaynon,active
ginakatol itlug ko ko,testicular itching,hiligaynon,active
ginakatol itlug ko ko gid,testicular itching,hiligaynon,active
ginakatol kamot akon,itchy hand,hiligaynon,active
ginakatol kamot gid ko,itchy hand,hiligaynon,active
ginakatol kamot ko,itchy hand,hiligaynon,active
ginakatol kamot man,itchy hand,hiligaynon,active
ginakatol kamot subong,itchy hand,hiligaynon,active
ginakatol kipay ako,vulvar itching,hiligaynon,active
ginakatol kipay akon,vulvar itching,hiligaynon,active
ginakatol kipay akon gid,vulvar itching,hiligaynon,active
ginakatol kipay akon subong,vulvar itching,hiligaynon,active
ginakatol kipay gid ko,vulvar itching,hiligaynon,active
ginakatol kipay ko,vulvar itching,hiligaynon,active
ginakatol kipay ko gid,vulvar itching,hiligaynon,active
ginakatol mata akon,itchy eyes,hiligaynon,active
ginakatol mata gid ko,itchy eyes,hiligaynon,active
ginakatol mata ko,itchy eyes,hiligaynon,active
ginakatol mata man,itchy eyes,hiligaynon,active
ginakatol mata subong,itchy eyes,hiligaynon,active
ginakatol tiil akon,itchy foot,hiligaynon,active
ginakatol tiil gid ko,itchy foot,hiligaynon,active
ginakatol tiil ko,itchy foot,hiligaynon,active
ginakatol tiil man,itchy foot,hiligaynon,active
ginakatol tiil subong,itchy foot,hiligaynon,active
ginakatol tudlo akon,itchy finger,hiligaynon,active
ginakatol tudlo gid ko,itchy finger,hiligaynon,active
ginakatol tudlo ko,itchy finger,hiligaynon,active
ginakatol tudlo man,itchy finger,hiligaynon,active
ginakatol tudlo subong,itchy finger,hiligaynon,active
ginakidney,kidney disease,hiligaynon,active
ginakulbaan ko,anxiety,hiligaynon,active
ginalain tiyan,stomach pain,hiligaynon,active
ginamalaria,malaria,hiligaynon,active
ginamanwang batiis ko,leg numbness,hiligaynon,active
ginamanwang buuk ko,arm numbness,hiligaynon,active
ginamanwang kamot ko,hand numbness,hiligaynon,active
ginamanwang lawas ko,body numbness,hiligaynon,active
ginamanwang tiil ko,foot numbness,hiligaynon,active
ginamanwang tudlo ko,finger numbness,hiligaynon,active
ginamasakit ang lawas,body pain,hiligaynon,active
ginapamulang abaga akon,shoulder swelling,hiligaynon,active
ginapamulang abaga akon gid,shoulder swelling,hiligaynon,active
ginapamulang abaga gid ko,shoulder swelling,hiligaynon,active
ginapamulang abaga ko,shoulder swelling,hiligaynon,active
ginapamulang abaga ko gid,shoulder swelling,hiligaynon,active
ginapamulang abaga man,shoulder swelling,hiligaynon,active
ginapamulang abaga subong,shoulder swelling,hiligaynon,active
ginapamulang akon abaga,shoulder swelling,hiligaynon,active
ginapamulang akon atay,liver swelling,hiligaynon,active
ginapamulang akon awang,jaw swelling,hiligaynon,active
ginapamulang akon baba,lip swelling,hiligaynon,active
ginapamulang akon balat,skin swelling,hiligaynon,active
ginapamulang akon batiis,leg swelling,hiligaynon,active
ginapamulang akon bato,kidney swelling,hiligaynon,active
ginapamulang akon baywang,waist swelling,hiligaynon,active
ginapamulang akon buhok,hair swelling,hiligaynon,active
ginapamulang akon bukong,forehead swelling,hiligaynon,active
ginapamulang akon buuk,arm swelling,hiligaynon,active
ginapamulang akon dalunggan,ear swelling,hiligaynon,active
ginapamulang akon dila,swollen tongue,hiligaynon,active
ginapamulang akon dughan,chest swelling,hiligaynon,active
ginapamulang akon ilong,nasal swelling,hiligaynon,active
ginapamulang akon kamot,hand swelling,hiligaynon,active
ginapamulang akon kuko,nail swelling,hiligaynon,active
ginapamulang akon lawas,body swelling,hiligaynon,active
ginapamulang akon lawi,nape swelling,hiligaynon,active
ginapamulang akon likod,back swelling,hiligaynon,active
ginapamulang akon liog,neck swelling,hiligaynon,active
ginapamulang akon mata,eye swelling,hiligaynon,active
ginapamulang akon ngipon,tooth swelling,hiligaynon,active
ginapamulang akon paa,foot swelling,hiligaynon,active
ginapamulang akon pilas,wound swelling,hiligaynon,active
ginapamulang akon pisngi,facial swelling,hiligaynon,active
ginapamulang akon siko,elbow swelling,hiligaynon,active
ginapamulang akon tadlong,forearm swelling,hiligaynon,active
ginapamulang akon tagipusuon,heart swelling,hiligaynon,active
ginapamulang akon tai,buttocks swelling,hiligaynon,active
ginapamulang akon tiil,foot swelling,hiligaynon,active
ginapamulang akon tikod,heel swelling,hiligaynon,active
ginapamulang akon titi,breast swelling,hiligaynon,active
ginapamulang akon tiyan,abdominal swelling,hiligaynon,active
ginapamulang akon tudlo,finger swelling,hiligaynon,active
ginapamulang akon tuhod,knee swelling,hiligaynon,active
ginapamulang akon tungod,throat swelling,hiligaynon,active
ginapamulang akon tungtong,ankle swelling,hiligaynon,active
ginapamulang akon ulo,head swelling,hiligaynon,active
ginapamulang akon utok,brain swelling,hiligaynon,active
ginapamulang atay akon,liver swelling,hiligaynon,active
ginapamulang atay akon gid,liver swelling,hiligaynon,active
ginapamulang atay gid ko,liver swelling,hiligaynon,active
ginapamulang atay ko,liver swelling,hiligaynon,active
ginapamulang atay ko gid,liver swelling,hiligaynon,active
ginapamulang atay man,liver swelling,hiligaynon,active
ginapamulang atay subong,liver swelling,hiligaynon,active
ginapamulang awang akon,jaw swelling,hiligaynon,active
ginapamulang awang akon gid,jaw swelling,hiligaynon,active
ginapamulang awang gid ko,jaw swelling,hiligaynon,active
ginapamulang awang ko,jaw swelling,hiligaynon,active
ginapamulang awang ko gid,jaw swelling,hiligaynon,active
ginapamulang awang man,jaw swelling,hiligaynon,active
ginapamulang awang subong,jaw swelling,hiligaynon,active
ginapamulang baba akon,lip swelling,hiligaynon,active
ginapamulang baba akon gid,lip swelling,hiligaynon,active
ginapamulang baba gid ko,lip swelling,hiligaynon,active
ginapamulang baba ko,lip swelling,hiligaynon,active
ginapamulang baba ko gid,lip swelling,hiligaynon,active
ginapamulang baba man,lip swelling,hiligaynon,active
ginapamulang baba subong,lip swelling,hiligaynon,active
ginapamulang balat akon,skin swelling,hiligaynon,active
ginapamulang balat akon gid,skin swelling,hiligaynon,active
ginapamulang balat gid ko,skin swelling,hiligaynon,active
ginapamulang balat ko,skin swelling,hiligaynon,active
ginapamulang balat ko gid,skin swelling,hiligaynon,active
ginapamulang balat man,skin swelling,hiligaynon,active
ginapamulang balat subong,skin swelling,hiligaynon,active
ginapamulang batiis akon,leg swelling,hiligaynon,active
ginapamulang batiis akon gid,leg swelling,hiligaynon,active
ginapamulang batiis gid ko,leg swelling,hiligaynon,active
ginapamulang batiis ko,leg swelling,hiligaynon,active
ginapamulang batiis ko gid,leg swelling,hiligaynon,active
ginapamulang batiis man,leg swelling,hiligaynon,active
ginapamulang batiis subong,leg swelling,hiligaynon,active
ginapamulang bato akon,kidney swelling,hiligaynon,active
ginapamulang bato akon gid,kidney swelling,hiligaynon,active
ginapamulang bato gid ko,kidney swelling,hiligaynon,active
ginapamulang bato ko,kidney swelling,hiligaynon,active
ginapamulang bato ko gid,kidney swelling,hiligaynon,active
ginapamulang bato man,kidney swelling,hiligaynon,active
ginapamulang bato subong,kidney swelling,hiligaynon,active
ginapamulang baywang akon,waist swelling,hiligaynon,active
ginapamulang baywang akon gid,waist swelling,hiligaynon,active
ginapamulang baywang gid ko,waist swelling,hiligaynon,active
ginapamulang baywang ko,waist swelling,hiligaynon,active
ginapamulang baywang ko gid,waist swelling,hiligaynon,active
ginapamulang baywang man,waist swelling,hiligaynon,active
ginapamulang baywang subong,waist swelling,hiligaynon,active
ginapamulang buhok akon,hair swelling,hiligaynon,active
ginapamulang buhok akon gid,hair swelling,hiligaynon,active
ginapamulang buhok gid ko,hair swelling,hiligaynon,active
ginapamulang buhok ko,hair swelling,hiligaynon,active
ginapamulang buhok ko gid,hair swelling,hiligaynon,active
ginapamulang buhok man,hair swelling,hiligaynon,active
ginapamulang buhok subong,hair swelling,hiligaynon,active
ginapamulang bukong akon,forehead swelling,hiligaynon,active
ginapamulang bukong akon gid,forehead swelling,hiligaynon,active
ginapamulang bukong gid ko,forehead swelling,hiligaynon,active
ginapamulang bukong ko,forehead swelling,hiligaynon,active
ginapamulang bukong ko gid,forehead swelling,hiligaynon,active
ginapamulang bukong man,forehead swelling,hiligaynon,active
ginapamulang bukong subong,forehead swelling,hiligaynon,active
ginapamulang buuk akon,arm swelling,hiligaynon,active
ginapamulang buuk akon gid,arm swelling,hiligaynon,active
ginapamulang buuk gid ko,arm swelling,hiligaynon,active
ginapamulang buuk ko,arm swelling,hiligaynon,active
ginapamulang buuk ko gid,arm swelling,hiligaynon,active
ginapamulang buuk man,arm swelling,hiligaynon,active
ginapamulang buuk subong,arm swelling,hiligaynon,active
ginapamulang dalunggan akon,ear swelling,hiligaynon,active
ginapamulang dalunggan akon gid,ear swelling,hiligaynon,active
ginapamulang dalunggan gid ko,ear swelling,hiligaynon,active
ginapamulang dalunggan ko,ear swelling,hiligaynon,active
ginapamulang dalunggan ko gid,ear swelling,hiligaynon,active
ginapamulang dalunggan man,ear swelling,hiligaynon,active
ginapamulang dalunggan subong,ear swelling,hiligaynon,active
ginapamulang dila acun,swollen tongue,hiligaynon,active
ginapamulang dila acun gid,swollen tongue,hiligaynon,active
ginapamulang dila akon,swollen tongue,hiligaynon,active
ginapamulang dila akon gid,swollen tongue,hiligaynon,active
ginapamulang dila gid ko,swollen tongue,hiligaynon,active
ginapamulang dila gid ku,swollen tongue,hiligaynon,active
ginapamulang dila ko,swollen tongue,hiligaynon,active
ginapamulang dila ko gid,swollen tongue,hiligaynon,active
ginapamulang dila ku,swollen tongue,hiligaynon,active
ginapamulang dila ku gid,swollen tongue,hiligaynon,active
ginapamulang dila man,swollen tongue,hiligaynon,active
ginapamulang dila subong,swollen tongue,hiligaynon,active
ginapamulang dughan akon,chest swelling,hiligaynon,active
ginapamulang dughan akon gid,chest swelling,hiligaynon,active
ginapamulang dughan gid ko,chest swelling,hiligaynon,active
ginapamulang dughan ko,chest swelling,hiligaynon,active
ginapamulang dughan ko gid,chest swelling,hiligaynon,active
ginapamulang dughan man,chest swelling,hiligaynon,active
ginapamulang dughan subong,chest swelling,hiligaynon,active
ginapamulang ilong akon,nasal swelling,hiligaynon,active
ginapamulang ilong akon gid,nasal swelling,hiligaynon,active
ginapamulang ilong gid ko,nasal swelling,hiligaynon,active
ginapamulang ilong ko,nasal swelling,hiligaynon,active
ginapamulang ilong ko gid,nasal swelling,hiligaynon,active
ginapamulang ilong man,nasal swelling,hiligaynon,active
ginapamulang ilong subong,nasal swelling,hiligaynon,active
ginapamulang kamot akon,hand swelling,hiligaynon,active
ginapamulang kamot akon gid,hand swelling,hiligaynon,active
ginapamulang kamot gid ko,hand swelling,hiligaynon,active
ginapamulang kamot ko,hand swelling,hiligaynon,active
ginapamulang kamot ko gid,hand swelling,hiligaynon,active
ginapamulang kamot man,hand swelling,hiligaynon,active
ginapamulang kamot subong,hand swelling,hiligaynon,active
ginapamulang kuko akon,nail swelling,hiligaynon,active
ginapamulang kuko akon gid,nail swelling,hiligaynon,active
ginapamulang kuko gid ko,nail swelling,hiligaynon,active
ginapamulang kuko ko,nail swelling,hiligaynon,active
ginapamulang kuko ko gid,nail swelling,hiligaynon,active
ginapamulang kuko man,nail swelling,hiligaynon,active
ginapamulang kuko subong,nail swelling,hiligaynon,active
ginapamulang lawas akon,body swelling,hiligaynon,active
ginapamulang lawas akon gid,body swelling,hiligaynon,active
ginapamulang lawas gid ko,body swelling,hiligaynon,active
ginapamulang lawas ko,body swelling,hiligaynon,active
ginapamulang lawas ko gid,body swelling,hiligaynon,active
ginapamulang lawas man,body swelling,hiligaynon,active
ginapamulang lawas subong,body swelling,hiligaynon,active
ginapamulang lawi akon,nape swelling,hiligaynon,active
ginapamulang lawi akon gid,nape swelling,hiligaynon,active
ginapamulang lawi gid ko,nape swelling,hiligaynon,active
ginapamulang lawi ko,nape swelling,hiligaynon,active
ginapamulang lawi ko gid,nape swelling,hiligaynon,active
ginapamulang lawi man,nape swelling,hiligaynon,active
ginapamulang lawi subong,nape swelling,hiligaynon,active
ginapamulang likod akon,back swelling,hiligaynon,active
ginapamulang likod akon gid,back swelling,hiligaynon,active
ginapamulang likod gid ko,back swelling,hiligaynon,active
ginapamulang likod ko,back swelling,hiligaynon,active
ginapamulang likod ko gid,back swelling,hiligaynon,active
ginapamulang likod man,back swelling,hiligaynon,active
ginapamulang likod subong,back swelling,hiligaynon,active
ginapamulang liog akon,neck swelling,hiligaynon,active
ginapamulang liog akon gid,neck swelling,hiligaynon,active
ginapamulang liog gid ko,neck swelling,hiligaynon,active
ginapamulang liog ko,neck swelling,hiligaynon,active
ginapamulang liog ko gid,neck swelling,hiligaynon,active
ginapamulang liog man,neck swelling,hiligaynon,active
ginapamulang liog subong,neck swelling,hiligaynon,active
ginapamulang mata akon,eye swelling,hiligaynon,active
ginapamulang mata akon gid,eye swelling,hiligaynon,active
ginapamulang mata gid ko,eye swelling,hiligaynon,active
ginapamulang mata ko,eye swelling,hiligaynon,active
ginapamulang mata ko gid,eye swelling,hiligaynon,active
ginapamulang mata man,eye swelling,hiligaynon,active
ginapamulang mata subong,eye swelling,hiligaynon,active
ginapamulang ngipon akon,tooth swelling,hiligaynon,active
ginapamulang ngipon akon gid,tooth swelling,hiligaynon,active
ginapamulang ngipon gid ko,tooth swelling,hiligaynon,active
ginapamulang ngipon ko,tooth swelling,hiligaynon,active
ginapamulang ngipon ko gid,tooth swelling,hiligaynon,active
ginapamulang ngipon man,tooth swelling,hiligaynon,active
ginapamulang ngipon subong,tooth swelling,hiligaynon,active
ginapamulang paa akon,foot swelling,hiligaynon,active
ginapamulang paa akon gid,foot swelling,hiligaynon,active
ginapamulang paa gid ko,foot swelling,hiligaynon,active
ginapamulang paa ko,foot swelling,hiligaynon,active
ginapamulang paa ko gid,foot swelling,hiligaynon,active
ginapamulang paa man,foot swelling,hiligaynon,active
ginapamulang paa subong,foot swelling,hiligaynon,active
ginapamulang pilas akon,wound swelling,hiligaynon,active
ginapamulang pilas akon gid,wound swelling,hiligaynon,active
ginapamulang pilas gid ko,wound swelling,hiligaynon,active
ginapamulang pilas ko,wound swelling,hiligaynon,active
ginapamulang pilas ko gid,wound swelling,hiligaynon,active
ginapamulang pilas man,wound swelling,hiligaynon,active
ginapamulang pilas subong,wound swelling,hiligaynon,active
ginapamulang pisngi akon,facial swelling,hiligaynon,active
ginapamulang pisngi akon gid,facial swelling,hiligaynon,active
ginapamulang pisngi gid ko,facial swelling,hiligaynon,active
ginapamulang pisngi ko,facial swelling,hiligaynon,active
ginapamulang pisngi ko gid,facial swelling,hiligaynon,active
ginapamulang pisngi man,facial swelling,hiligaynon,active
ginapamulang pisngi subong,facial swelling,hiligaynon,active
ginapamulang siko akon,elbow swelling,hiligaynon,active
ginapamulang siko akon gid,elbow swelling,hiligaynon,active
ginapamulang siko gid ko,elbow swelling,hiligaynon,active
ginapamulang siko ko,elbow swelling,hiligaynon,active
ginapamulang siko ko gid,elbow swelling,hiligaynon,active
ginapamulang siko man,elbow swelling,hiligaynon,active
ginapamulang siko subong,elbow swelling,hiligaynon,active
ginapamulang tadlong akon,forearm swelling,hiligaynon,active
ginapamulang tadlong akon gid,forearm swelling,hiligaynon,active
ginapamulang tadlong gid ko,forearm swelling,hiligaynon,active
ginapamulang tadlong ko,forearm swelling,hiligaynon,active
ginapamulang tadlong ko gid,forearm swelling,hiligaynon,active
ginapamulang tadlong man,forearm swelling,hiligaynon,active
ginapamulang tadlong subong,forearm swelling,hiligaynon,active
ginapamulang tagipusuon akon,heart swelling,hiligaynon,active
ginapamulang tagipusuon akon gid,heart swelling,hiligaynon,active
ginapamulang tagipusuon gid ko,heart swelling,hiligaynon,active
ginapamulang tagipusuon ko,heart swelling,hiligaynon,active
ginapamulang tagipusuon ko gid,heart swelling,hiligaynon,active
ginapamulang tagipusuon man,heart swelling,hiligaynon,active
ginapamulang tagipusuon subong,heart swelling,hiligaynon,active
ginapamulang tai akon,buttocks swelling,hiligaynon,active
ginapamulang tai akon gid,buttocks swelling,hiligaynon,active
ginapamulang tai gid ko,buttocks swelling,hiligaynon,active
ginapamulang tai ko,buttocks swelling,hiligaynon,active
ginapamulang tai ko gid,buttocks swelling,hiligaynon,active
ginapamulang tai man,buttocks swelling,hiligaynon,active
ginapamulang tai subong,buttocks swelling,hiligaynon,active
ginapamulang tiil akon,foot swelling,hiligaynon,active
ginapamulang tiil akon gid,foot swelling,hiligaynon,active
ginapamulang tiil gid ko,foot swelling,hiligaynon,active
ginapamulang tiil ko,foot swelling,hiligaynon,active
ginapamulang tiil ko gid,foot swelling,hiligaynon,active
ginapamulang tiil man,foot swelling,hiligaynon,active
ginapamulang tiil subong,foot swelling,hiligaynon,active
ginapamulang tikod akon,heel swelling,hiligaynon,active
ginapamulang tikod akon gid,heel swelling,hiligaynon,active
ginapamulang tikod gid ko,heel swelling,hiligaynon,active
ginapamulang tikod ko,heel swelling,hiligaynon,active
ginapamulang tikod ko gid,heel swelling,hiligaynon,active
ginapamulang tikod man,heel swelling,hiligaynon,active
ginapamulang tikod subong,heel swelling,hiligaynon,active
ginapamulang titi akon,breast swelling,hiligaynon,active
ginapamulang titi akon gid,breast swelling,hiligaynon,active
ginapamulang titi gid ko,breast swelling,hiligaynon,active
ginapamulang titi ko,breast swelling,hiligaynon,active
ginapamulang titi ko gid,breast swelling,hiligaynon,active
ginapamulang titi man,breast swelling,hiligaynon,active
ginapamulang titi subong,breast swelling,hiligaynon,active
ginapamulang tiyan akon,abdominal swelling,hiligaynon,active
ginapamulang tiyan akon gid,abdominal swelling,hiligaynon,active
ginapamulang tiyan gid ko,abdominal swelling,hiligaynon,active
ginapamulang tiyan ko,abdominal swelling,hiligaynon,active
ginapamulang tiyan ko gid,abdominal swelling,hiligaynon,active
ginapamulang tiyan man,abdominal swelling,hiligaynon,active
ginapamulang tiyan subong,abdominal swelling,hiligaynon,active
ginapamulang tudlo akon,finger swelling,hiligaynon,active
ginapamulang tudlo akon gid,finger swelling,hiligaynon,active
ginapamulang tudlo gid ko,finger swelling,hiligaynon,active
ginapamulang tudlo ko,finger swelling,hiligaynon,active
ginapamulang tudlo ko gid,finger swelling,hiligaynon,active
ginapamulang tudlo man,finger swelling,hiligaynon,active
ginapamulang tudlo subong,finger swelling,hiligaynon,active
ginapamulang tuhod akon,knee swelling,hiligaynon,active
ginapamulang tuhod akon gid,knee swelling,hiligaynon,active
ginapamulang tuhod gid ko,knee swelling,hiligaynon,active
ginapamulang tuhod ko,knee swelling,hiligaynon,active
ginapamulang tuhod ko gid,knee swelling,hiligaynon,active
ginapamulang tuhod man,knee swelling,hiligaynon,active
ginapamulang tuhod subong,knee swelling,hiligaynon,active
ginapamulang tungod acun,throat swelling,hiligaynon,active
ginapamulang tungod acun gid,throat swelling,hiligaynon,active
ginapamulang tungod akon,throat swelling,hiligaynon,active
ginapamulang tungod akon gid,throat swelling,hiligaynon,active
ginapamulang tungod gid ko,throat swelling,hiligaynon,active
ginapamulang tungod gid ku,throat swelling,hiligaynon,active
ginapamulang tungod ko,throat swelling,hiligaynon,active
ginapamulang tungod ko gid,throat swelling,hiligaynon,active
ginapamulang tungod ku,throat swelling,hiligaynon,active
ginapamulang tungod ku gid,throat swelling,hiligaynon,active
ginapamulang tungod man,throat swelling,hiligaynon,active
ginapamulang tungod subong,throat swelling,hiligaynon,active
ginapamulang tungtong akon,ankle swelling,hiligaynon,active
ginapamulang tungtong akon gid,ankle swelling,hiligaynon,active
ginapamulang tungtong gid ko,ankle swelling,hiligaynon,active
ginapamulang tungtong ko,ankle swelling,hiligaynon,active
ginapamulang tungtong ko gid,ankle swelling,hiligaynon,active
ginapamulang tungtong man,ankle swelling,hiligaynon,active
ginapamulang tungtong subong,ankle swelling,hiligaynon,active
ginapamulang ulo akon,head swelling,hiligaynon,active
ginapamulang ulo akon gid,head swelling,hiligaynon,active
ginapamulang ulo gid ko,head swelling,hiligaynon,active
ginapamulang ulo ko,head swelling,hiligaynon,active
ginapamulang ulo ko gid,head swelling,hiligaynon,active
ginapamulang ulo man,head swelling,hiligaynon,active
ginapamulang ulo subong,head swelling,hiligaynon,active
ginapamulang utok akon,brain swelling,hiligaynon,active
ginapamulang utok akon gid,brain swelling,hiligaynon,active
ginapamulang utok gid ko,brain swelling,hiligaynon,active
ginapamulang utok ko,brain swelling,hiligaynon,active
ginapamulang utok ko gid,brain swelling,hiligaynon,active
ginapamulang utok man,brain swelling,hiligaynon,active
ginapamulang utok subong,brain swelling,hiligaynon,active
ginapangas balat ko,dry skin,hiligaynon,active
ginapantal,rash,hiligaynon,active
ginapanuhot,bloated stomach,hiligaynon,active
ginapasmo balat ko,skin rash,hiligaynon,active
ginapaso balat ko,burning skin sensation,hiligaynon,active
ginapaso kamot ko,burning hand sensation,hiligaynon,active
ginapaso tiil ko,burning foot sensation,hiligaynon,active
ginapaso tiyan ko,burning abdominal sensation,hiligaynon,active
ginapneumonia,pneumonia,hiligaynon,active
ginapula acun itlog,testicular redness,hiligaynon,active
ginapula acun itlog ko,testicular redness,hiligaynon,active
ginapula acun itlug,testicular redness,hiligaynon,active
ginapula acun itlug ko,testicular redness,hiligaynon,active
ginapula akon ari,penile redness,hiligaynon,active
ginapula akon ari ko,penile redness,hiligaynon,active
ginapula akon ary,penile redness,hiligaynon,active
ginapula akon ary ko,penile redness,hiligaynon,active
ginapula akon bilad,vaginal redness,hiligaynon,active
ginapula akon bilad ko,vaginal redness,hiligaynon,active
ginapula akon bilat,vaginal redness,hiligaynon,active
ginapula akon bilat ko,vaginal redness,hiligaynon,active
ginapula akon itlog,testicular redness,hiligaynon,active
ginapula akon itlog ko,testicular redness,hiligaynon,active
ginapula akon itlog ku,testicular redness,hiligaynon,active
ginapula akon itlug,testicular redness,hiligaynon,active
ginapula akon itlug ko,testicular redness,hiligaynon,active
ginapula akon itlug ku,testicular redness,hiligaynon,active
ginapula ari ako,penile redness,hiligaynon,active
ginapula ari akon,penile redness,hiligaynon,active
ginapula ari akon gid,penile redness,hiligaynon,active
ginapula ari akon subong,penile redness,hiligaynon,active
ginapula ari gid ko,penile redness,hiligaynon,active
ginapula ari ko,penile redness,hiligaynon,active
ginapula ari ko ako,penile redness,hiligaynon,active
ginapula ari ko akon,penile redness,hiligaynon,active
ginapula ari ko akon gid,penile redness,hiligaynon,active
ginapula ari ko akon subong,penile redness,hiligaynon,active
ginapula ari ko gid,penile redness,hiligaynon,active
ginapula ari ko gid ko,penile redness,hiligaynon,active
ginapula ari ko ko,penile redness,hiligaynon,active
ginapula ari ko ko gid,penile redness,hiligaynon,active
ginapula ary ako,penile redness,hiligaynon,active
ginapula ary akon,penile redness,hiligaynon,active
ginapula ary akon gid,penile redness,hiligaynon,active
ginapula ary akon subong,penile redness,hiligaynon,active
ginapula ary gid ko,penile redness,hiligaynon,active
ginapula ary ko,penile redness,hiligaynon,active
ginapula ary ko ako,penile redness,hiligaynon,active
ginapula ary ko akon,penile redness,hiligaynon,active
ginapula ary ko akon gid,penile redness,hiligaynon,active
ginapula ary ko akon subong,penile redness,hiligaynon,active
ginapula ary ko gid,penile redness,hiligaynon,active
ginapula ary ko gid ko,penile redness,hiligaynon,active
ginapula ary ko ko,penile redness,hiligaynon,active
ginapula ary ko ko gid,penile redness,hiligaynon,active
ginapula bilad ako,vaginal redness,hiligaynon,active
ginapula bilad akon,vaginal redness,hiligaynon,active
ginapula bilad akon gid,vaginal redness,hiligaynon,active
ginapula bilad akon subong,vaginal redness,hiligaynon,active
ginapula bilad gid ko,vaginal redness,hiligaynon,active
ginapula bilad ko,vaginal redness,hiligaynon,active
ginapula bilad ko ako,vaginal redness,hiligaynon,active
ginapula bilad ko akon,vaginal redness,hiligaynon,active
ginapula bilad ko akon gid,vaginal redness,hiligaynon,active
ginapula bilad ko akon subong,vaginal redness,hiligaynon,active
ginapula bilad ko gid,vaginal redness,hiligaynon,active
ginapula bilad ko gid ko,vaginal redness,hiligaynon,active
ginapula bilad ko ko,vaginal redness,hiligaynon,active
ginapula bilad ko ko gid,vaginal redness,hiligaynon,active
ginapula bilat ako,vaginal redness,hiligaynon,active
ginapula bilat akon,vaginal redness,hiligaynon,active
ginapula bilat akon gid,vaginal redness,hiligaynon,active
ginapula bilat akon subong,vaginal redness,hiligaynon,active
ginapula bilat gid ko,vaginal redness,hiligaynon,active
ginapula bilat ko,vaginal redness,hiligaynon,active
ginapula bilat ko ako,vaginal redness,hiligaynon,active
ginapula bilat ko akon,vaginal redness,hiligaynon,active
ginapula bilat ko akon gid,vaginal redness,hiligaynon,active
ginapula bilat ko akon subong,vaginal redness,hiligaynon,active
ginapula bilat ko gid,vaginal redness,hiligaynon,active
ginapula bilat ko gid ko,vaginal redness,hiligaynon,active
ginapula bilat ko ko,vaginal redness,hiligaynon,active
ginapula bilat ko ko gid,vaginal redness,hiligaynon,active
ginapula itlog acun,testicular redness,hiligaynon,active
ginapula itlog acun gid,testicular redness,hiligaynon,active
ginapula itlog acun subong,testicular redness,hiligaynon,active
ginapula itlog ako,testicular redness,hiligaynon,active
ginapula itlog akon,testicular redness,hiligaynon,active
ginapula itlog akon gid,testicular redness,hiligaynon,active
ginapula itlog akon subong,testicular redness,hiligaynon,active
ginapula itlog gid ko,testicular redness,hiligaynon,active
ginapula itlog gid ku,testicular redness,hiligaynon,active
ginapula itlog ko,testicular redness,hiligaynon,active
ginapula itlog ko acun,testicular redness,hiligaynon,active
ginapula itlog ko acun gid,testicular redness,hiligaynon,active
ginapula itlog ko acun subong,testicular redness,hiligaynon,active
ginapula itlog ko ako,testicular redness,hiligaynon,active
ginapula itlog ko akon,testicular redness,hiligaynon,active
ginapula itlog ko akon gid,testicular redness,hiligaynon,active
ginapula itlog ko akon subong,testicular redness,hiligaynon,active
ginapula itlog ko gid,testicular redness,hiligaynon,active
ginapula itlog ko gid ko,testicular redness,hiligaynon,active
ginapula itlog ko ko,testicular redness,hiligaynon,active
ginapula itlog ko ko gid,testicular redness,hiligaynon,active
ginapula itlog ku,testicular redness,hiligaynon,active
ginapula itlog ku ako,testicular redness,hiligaynon,active
ginapula itlog ku akon,testicular redness,hiligaynon,active
ginapula itlog ku akon gid,testicular redness,hiligaynon,active
ginapula itlog ku akon subong,testicular redness,hiligaynon,active
ginapula itlog ku gid,testicular redness,hiligaynon,active
ginapula itlog ku gid ko,testicular redness,hiligaynon,active
ginapula itlog ku ko,testicular redness,hiligaynon,active
ginapula itlog ku ko gid,testicular redness,hiligaynon,active
ginapula itlug acun,testicular redness,hiligaynon,active
ginapula itlug acun gid,testicular redness,hiligaynon,active
ginapula itlug acun subong,testicular redness,hiligaynon,active
ginapula itlug ako,testicular redness,hiligaynon,active
ginapula itlug akon,testicular redness,hiligaynon,active
ginapula itlug akon gid,testicular redness,hiligaynon,active
ginapula itlug akon subong,testicular redness,hiligaynon,active
ginapula itlug gid ko,testicular redness,hiligaynon,active
ginapula itlug gid ku,testicular redness,hiligaynon,active
ginapula itlug ko,testicular redness,hiligaynon,active
ginapula itlug ko acun,testicular redness,hiligaynon,active
ginapula itlug ko acun gid,testicular redness,hiligaynon,active
ginapula itlug ko acun subong,testicular redness,hiligaynon,active
ginapula itlug ko ako,testicular redness,hiligaynon,active
ginapula itlug ko akon,testicular redness,hiligaynon,active
ginapula itlug ko akon gid,testicular redness,hiligaynon,active
ginapula itlug ko akon subong,testicular redness,hiligaynon,active
ginapula itlug ko gid,testicular redness,hiligaynon,active
ginapula itlug ko gid ko,testicular redness,hiligaynon,active
ginapula itlug ko ko,testicular redness,hiligaynon,active
ginapula itlug ko ko gid,testicular redness,hiligaynon,active
ginapula itlug ku,testicular redness,hiligaynon,active
ginapula itlug ku ako,testicular redness,hiligaynon,active
ginapula itlug ku akon,testicular redness,hiligaynon,active
ginapula itlug ku akon gid,testicular redness,hiligaynon,active
ginapula itlug ku akon subong,testicular redness,hiligaynon,active
ginapula itlug ku gid,testicular redness,hiligaynon,active
ginapula itlug ku gid ko,testicular redness,hiligaynon,active
ginapula itlug ku ko,testicular redness,hiligaynon,active
ginapula itlug ku ko gid,testicular redness,hiligaynon,active
ginapunaw,shortness of breath,hiligaynon,active
ginasakit,pain,hiligaynon,active
ginasakit abaga ako,shoulder pain,hiligaynon,active
ginasakit abaga akon,shoulder pain,hiligaynon,active
ginasakit abaga akon gid,shoulder pain,hiligaynon,active
ginasakit abaga akon subong,shoulder pain,hiligaynon,active
ginasakit abaga gid ko,shoulder pain,hiligaynon,active
ginasakit abaga ko,shoulder pain,hiligaynon,active
ginasakit abaga ko gid,shoulder pain,hiligaynon,active
ginasakit abaga ko man,shoulder pain,hiligaynon,active
ginasakit abaga man,shoulder pain,hiligaynon,active
ginasakit abaga subong,shoulder pain,hiligaynon,active
ginasakit akon abaga,shoulder pain,hiligaynon,active
ginasakit akon atay,liver pain,hiligaynon,active
ginasakit akon awang,jaw pain,hiligaynon,active
ginasakit akon baba,mouth pain,hiligaynon,active
ginasakit akon balat,skin pain,hiligaynon,active
ginasakit akon batiis,leg pain,hiligaynon,active
ginasakit akon bato,kidney pain,hiligaynon,active
ginasakit akon baywang,waist pain,hiligaynon,active
ginasakit akon buhok,hair pain,hiligaynon,active
ginasakit akon bukong,forehead pain,hiligaynon,active
ginasakit akon buuk,arm pain,hiligaynon,active
ginasakit akon dalunggan,ear pain,hiligaynon,active
ginasakit akon dila,tongue pain,hiligaynon,active
ginasakit akon dughan,chest pain,hiligaynon,active
ginasakit akon ilong,nose pain,hiligaynon,active
ginasakit akon kamot,hand pain,hiligaynon,active
ginasakit akon kuko,nail pain,hiligaynon,active
ginasakit akon lawas,body pain,hiligaynon,active
ginasakit akon lawi,nape pain,hiligaynon,active
ginasakit akon likod,back pain,hiligaynon,active
ginasakit akon liog,neck pain,hiligaynon,active
ginasakit akon mata,eye pain,hiligaynon,active
ginasakit akon ngipon,tooth pain,hiligaynon,active
ginasakit akon paa,foot pain,hiligaynon,active
ginasakit akon pilas,wound pain,hiligaynon,active
ginasakit akon pisngi,cheek pain,hiligaynon,active
ginasakit akon siko,elbow pain,hiligaynon,active
ginasakit akon tadlong,forearm pain,hiligaynon,active
ginasakit akon tagipusuon,heart pain,hiligaynon,active
ginasakit akon tai,buttocks pain,hiligaynon,active
ginasakit akon tiil,foot pain,hiligaynon,active
ginasakit akon tikod,heel pain,hiligaynon,active
ginasakit akon titi,breast pain,hiligaynon,active
ginasakit akon tiyan,abdominal pain,hiligaynon,active
ginasakit akon tudlo,finger pain,hiligaynon,active
ginasakit akon tuhod,knee pain,hiligaynon,active
ginasakit akon tungod,throat pain,hiligaynon,active
ginasakit akon tungtong,ankle pain,hiligaynon,active
ginasakit akon ulo,head pain,hiligaynon,active
ginasakit akon utok,brain pain,hiligaynon,active
ginasakit atay akon,liver pain,hiligaynon,active
ginasakit atay gid ko,liver pain,hiligaynon,active
ginasakit atay ko,liver pain,hiligaynon,active
ginasakit atay man,liver pain,hiligaynon,active
ginasakit atay subong,liver pain,hiligaynon,active
ginasakit awang akon,jaw pain,hiligaynon,active
ginasakit awang gid ko,jaw pain,hiligaynon,active
ginasakit awang ko,jaw pain,hiligaynon,active
ginasakit awang man,jaw pain,hiligaynon,active
ginasakit awang subong,jaw pain,hiligaynon,active
ginasakit baba akon,mouth pain,hiligaynon,active
ginasakit baba gid ko,mouth pain,hiligaynon,active
ginasakit baba ko,mouth pain,hiligaynon,active
ginasakit baba man,mouth pain,hiligaynon,active
ginasakit baba subong,mouth pain,hiligaynon,active
ginasakit balat akon,skin pain,hiligaynon,active
ginasakit balat gid ko,skin pain,hiligaynon,active
ginasakit balat ko,skin pain,hiligaynon,active
ginasakit balat man,skin pain,hiligaynon,active
ginasakit balat subong,skin pain,hiligaynon,active
ginasakit batiis akon,leg pain,hiligaynon,active
ginasakit batiis gid ko,leg pain,hiligaynon,active
ginasakit batiis ko,leg pain,hiligaynon,active
ginasakit batiis man,leg pain,hiligaynon,active
ginasakit batiis subong,leg pain,hiligaynon,active
ginasakit bato akon,kidney pain,hiligaynon,active
ginasakit bato gid ko,kidney pain,hiligaynon,active
ginasakit bato ko,kidney pain,hiligaynon,active
ginasakit bato man,kidney pain,hiligaynon,active
ginasakit bato subong,kidney pain,hiligaynon,active
ginasakit baywang ako,waist pain,hiligaynon,active
ginasakit baywang akon,waist pain,hiligaynon,active
ginasakit baywang akon gid,waist pain,hiligaynon,active
ginasakit baywang akon subong,waist pain,hiligaynon,active
ginasakit baywang gid ko,waist pain,hiligaynon,active
ginasakit baywang ko,waist pain,hiligaynon,active
ginasakit baywang ko gid,waist pain,hiligaynon,active
ginasakit baywang ko man,waist pain,hiligaynon,active
ginasakit baywang man,waist pain,hiligaynon,active
ginasakit baywang subong,waist pain,hiligaynon,active
ginasakit buhok akon,hair pain,hiligaynon,active
ginasakit buhok gid ko,hair pain,hiligaynon,active
ginasakit buhok ko,hair pain,hiligaynon,active
ginasakit buhok man,hair pain,hiligaynon,active
ginasakit buhok subong,hair pain,hiligaynon,active
ginasakit bukong akon,forehead pain,hiligaynon,active
ginasakit bukong gid ko,forehead pain,hiligaynon,active
ginasakit bukong ko,forehead pain,hiligaynon,active
ginasakit bukong man,forehead pain,hiligaynon,active
ginasakit bukong subong,forehead pain,hiligaynon,active
ginasakit buuk akon,arm pain,hiligaynon,active
ginasakit buuk gid ko,arm pain,hiligaynon,active
ginasakit buuk ko,arm pain,hiligaynon,active
ginasakit buuk man,arm pain,hiligaynon,active
ginasakit buuk subong,arm pain,hiligaynon,active
ginasakit dalunggan akon,ear pain,hiligaynon,active
ginasakit dalunggan gid ko,ear pain,hiligaynon,active
ginasakit dalunggan ko,ear pain,hiligaynon,active
ginasakit dalunggan man,ear pain,hiligaynon,active
ginasakit dalunggan subong,ear pain,hiligaynon,active
ginasakit dila akon,tongue pain,hiligaynon,active
ginasakit dila gid ko,tongue pain,hiligaynon,active
ginasakit dila ko,tongue pain,hiligaynon,active
ginasakit dila man,tongue pain,hiligaynon,active
ginasakit dila subong,tongue pain,hiligaynon,active
ginasakit dughan akon,chest pain,hiligaynon,active
ginasakit dughan gid ko,chest pain,hiligaynon,active
ginasakit dughan ko,chest pain,hiligaynon,active
ginasakit dughan man,chest pain,hiligaynon,active
ginasakit dughan subong,chest pain,hiligaynon,active
ginasakit ilong akon,nose pain,hiligaynon,active
ginasakit ilong gid ko,nose pain,hiligaynon,active
ginasakit ilong ko,nose pain,hiligaynon,active
ginasakit ilong man,nose pain,hiligaynon,active
ginasakit ilong subong,nose pain,hiligaynon,active
ginasakit kamot akon,hand pain,hiligaynon,active
ginasakit kamot gid ko,hand pain,hiligaynon,active
ginasakit kamot ko,hand pain,hiligaynon,active
ginasakit kamot man,hand pain,hiligaynon,active
ginasakit kamot subong,hand pain,hiligaynon,active
ginasakit kuko akon,nail pain,hiligaynon,active
ginasakit kuko gid ko,nail pain,hiligaynon,active
ginasakit kuko ko,nail pain,hiligaynon,active
ginasakit kuko man,nail pain,hiligaynon,active
ginasakit kuko subong,nail pain,hiligaynon,active
ginasakit lawas akon,body pain,hiligaynon,active
ginasakit lawas gid ko,body pain,hiligaynon,active
ginasakit lawas ko,body pain,hiligaynon,active
ginasakit lawas man,body pain,hiligaynon,active
ginasakit lawas subong,body pain,hiligaynon,active
ginasakit lawi akon,nape pain,hiligaynon,active
ginasakit lawi gid ko,nape pain,hiligaynon,active
ginasakit lawi ko,nape pain,hiligaynon,active
ginasakit lawi man,nape pain,hiligaynon,active
ginasakit lawi subong,nape pain,hiligaynon,active
ginasakit likod ako,back pain,hiligaynon,active
ginasakit likod akon,back pain,hiligaynon,active
ginasakit likod akon gid,back pain,hiligaynon,active
ginasakit likod akon subong,back pain,hiligaynon,active
ginasakit likod gid ko,back pain,hiligaynon,active
ginasakit likod ko,back pain,hiligaynon,active
ginasakit likod ko gid,back pain,hiligaynon,active
ginasakit likod ko man,back pain,hiligaynon,active
ginasakit likod man,back pain,hiligaynon,active
ginasakit likod subong,back pain,hiligaynon,active
ginasakit liog ako,neck pain,hiligaynon,active
ginasakit liog akon,neck pain,hiligaynon,active
ginasakit liog akon gid,neck pain,hiligaynon,active
ginasakit liog akon subong,neck pain,hiligaynon,active
ginasakit liog gid ko,neck pain,hiligaynon,active
ginasakit liog ko,neck pain,hiligaynon,active
ginasakit liog ko gid,neck pain,hiligaynon,active
ginasakit liog ko man,neck pain,hiligaynon,active
ginasakit liog man,neck pain,hiligaynon,active
ginasakit liog subong,neck pain,hiligaynon,active
ginasakit mata akon,eye pain,hiligaynon,active
ginasakit mata gid ko,eye pain,hiligaynon,active
ginasakit mata ko,eye pain,hiligaynon,active
ginasakit mata man,eye pain,hiligaynon,active
ginasakit mata subong,eye pain,hiligaynon,active
ginasakit ngipon akon,tooth pain,hiligaynon,active
ginasakit ngipon gid ko,tooth pain,hiligaynon,active
ginasakit ngipon ko,tooth pain,hiligaynon,active
ginasakit ngipon man,tooth pain,hiligaynon,active
ginasakit ngipon subong,tooth pain,hiligaynon,active
ginasakit paa akon,foot pain,hiligaynon,active
ginasakit paa gid ko,foot pain,hiligaynon,active
ginasakit paa ko,foot pain,hiligaynon,active
ginasakit paa man,foot pain,hiligaynon,active
ginasakit paa subong,foot pain,hiligaynon,active
ginasakit pilas akon,wound pain,hiligaynon,active
ginasakit pilas gid ko,wound pain,hiligaynon,active
ginasakit pilas ko,wound pain,hiligaynon,active
ginasakit pilas man,wound pain,hiligaynon,active
ginasakit pilas subong,wound pain,hiligaynon,active
ginasakit pisngi akon,cheek pain,hiligaynon,active
ginasakit pisngi gid ko,cheek pain,hiligaynon,active
ginasakit pisngi ko,cheek pain,hiligaynon,active
ginasakit pisngi man,cheek pain,hiligaynon,active
ginasakit pisngi subong,cheek pain,hiligaynon,active
ginasakit siko ako,elbow pain,hiligaynon,active
ginasakit siko akon,elbow pain,hiligaynon,active
ginasakit siko akon gid,elbow pain,hiligaynon,active
ginasakit siko akon subong,elbow pain,hiligaynon,active
ginasakit siko gid ko,elbow pain,hiligaynon,active
ginasakit siko ko,elbow pain,hiligaynon,active
ginasakit siko ko gid,elbow pain,hiligaynon,active
ginasakit siko ko man,elbow pain,hiligaynon,active
ginasakit siko man,elbow pain,hiligaynon,active
ginasakit siko subong,elbow pain,hiligaynon,active
ginasakit tadlong akon,forearm pain,hiligaynon,active
ginasakit tadlong gid ko,forearm pain,hiligaynon,active
ginasakit tadlong ko,forearm pain,hiligaynon,active
ginasakit tadlong man,forearm pain,hiligaynon,active
ginasakit tadlong subong,forearm pain,hiligaynon,active
ginasakit tagipusuon akon,heart pain,hiligaynon,active
ginasakit tagipusuon gid ko,heart pain,hiligaynon,active
ginasakit tagipusuon ko,heart pain,hiligaynon,active
ginasakit tagipusuon man,heart pain,hiligaynon,active
ginasakit tagipusuon subong,heart pain,hiligaynon,active
ginasakit tai akon,buttocks pain,hiligaynon,active
ginasakit tai gid ko,buttocks pain,hiligaynon,active
ginasakit tai ko,buttocks pain,hiligaynon,active
ginasakit tai man,buttocks pain,hiligaynon,active
ginasakit tai subong,buttocks pain,hiligaynon,active
ginasakit tiil akon,foot pain,hiligaynon,active
ginasakit tiil gid ko,foot pain,hiligaynon,active
ginasakit tiil ko,foot pain,hiligaynon,active
ginasakit tiil man,foot pain,hiligaynon,active
ginasakit tiil subong,foot pain,hiligaynon,active
ginasakit tikod ako,heel pain,hiligaynon,active
ginasakit tikod akon,heel pain,hiligaynon,active
ginasakit tikod akon gid,heel pain,hiligaynon,active
ginasakit tikod akon subong,heel pain,hiligaynon,active
ginasakit tikod gid ko,heel pain,hiligaynon,active
ginasakit tikod ko,heel pain,hiligaynon,active
ginasakit tikod ko gid,heel pain,hiligaynon,active
ginasakit tikod ko man,heel pain,hiligaynon,active
ginasakit tikod man,heel pain,hiligaynon,active
ginasakit tikod subong,heel pain,hiligaynon,active
ginasakit titi akon,breast pain,hiligaynon,active
ginasakit titi gid ko,breast pain,hiligaynon,active
ginasakit titi ko,breast pain,hiligaynon,active
ginasakit titi man,breast pain,hiligaynon,active
ginasakit titi subong,breast pain,hiligaynon,active
ginasakit tiyan akon,abdominal pain,hiligaynon,active
ginasakit tiyan gid ko,abdominal pain,hiligaynon,active
ginasakit tiyan ko,abdominal pain,hiligaynon,active
ginasakit tiyan man,abdominal pain,hiligaynon,active
ginasakit tiyan subong,abdominal pain,hiligaynon,active
ginasakit tudlo akon,finger pain,hiligaynon,active
ginasakit tudlo gid ko,finger pain,hiligaynon,active
ginasakit tudlo ko,finger pain,hiligaynon,active
ginasakit tudlo man,finger pain,hiligaynon,active
ginasakit tudlo subong,finger pain,hiligaynon,active
ginasakit tuhod akon,knee pain,hiligaynon,active
ginasakit tuhod gid ko,knee pain,hiligaynon,active
ginasakit tuhod ko,knee pain,hiligaynon,active
ginasakit tuhod man,knee pain,hiligaynon,active
ginasakit tuhod subong,knee pain,hiligaynon,active
ginasakit tungod akon,throat pain,hiligaynon,active
ginasakit tungod gid ko,throat pain,hiligaynon,active
ginasakit tungod ko,throat pain,hiligaynon,active
ginasakit tungod man,throat pain,hiligaynon,active
ginasakit tungod subong,throat pain,hiligaynon,active
ginasakit tungtong ako,ankle pain,hiligaynon,active
ginasakit tungtong akon,ankle pain,hiligaynon,active
ginasakit tungtong akon gid,ankle pain,hiligaynon,active
ginasakit tungtong akon subong,ankle pain,hiligaynon,active
ginasakit tungtong gid ko,ankle pain,hiligaynon,active
ginasakit tungtong ko,ankle pain,hiligaynon,active
ginasakit tungtong ko gid,ankle pain,hiligaynon,active
ginasakit tungtong ko man,ankle pain,hiligaynon,active
ginasakit tungtong man,ankle pain,hiligaynon,active
ginasakit tungtong subong,ankle pain,hiligaynon,active
ginasakit ulo akon,head pain,hiligaynon,active
ginasakit ulo gid ko,head pain,hiligaynon,active
ginasakit ulo ko,head pain,hiligaynon,active
ginasakit ulo man,head pain,hiligaynon,active
ginasakit ulo subong,head pain,hiligaynon,active
ginasakit utok akon,brain pain,hiligaynon,active
ginasakit utok gid ko,brain pain,hiligaynon,active
ginasakit utok ko,brain pain,hiligaynon,active
ginasakit utok man,brain pain,hiligaynon,active
ginasakit utok subong,brain pain,hiligaynon,active
ginasip-on,runny nose,hiligaynon,active
ginasthma,asthma,hiligaynon,active
ginasuka dugo ko,bloody vomit,hiligaynon,active
ginasuka gid ko,severe vomiting,hiligaynon,active
ginasuka kag ginabaldom ko,nausea with abdominal pain,hiligaynon,active
ginasuka kag ginadudul-om ko,vomiting with diarrhea,hiligaynon,active
ginasuka ko,nausea,hiligaynon,active
ginasuka ko kag ginadudul-om ko,vomiting with diarrhea,hiligaynon,active
ginasuka ko upod sang ginadudul-om ko,vomiting with diarrhea,hiligaynon,active
ginasuka sing malala,severe vomiting,hiligaynon,active
ginataas ang presyon,hypertension,hiligaynon,active
ginatamad,fatigue,hiligaynon,active
ginatb,tuberculosis,hiligaynon,active
ginatugnaw,chills,hiligaynon,active
ginatulo,diarrhea,hiligaynon,active
ginatulo gid ilong ko,runny nose,hiligaynon,active
ginatulo ilong ko,runny nose,hiligaynon,active
ginatulo sing dugo,bloody diarrhea,hiligaynon,active
ginaubo,cough,hiligaynon,active
ginauhaw gid ko,excessive thirst,hiligaynon,active
ginauubo,cough,hiligaynon,active
ginauubo ko,cough,hiligaynon,active
ginauubo sing malala,severe cough,hiligaynon,active
ginkagat ahas ako,snake bite,hiligaynon,active
ginkagat ako sang ahas,snake bite,hiligaynon,active
ginkagat ako sang ido,dog bite,hiligaynon,active
ginkagat ako sang ipis,cockroach bite,hiligaynon,active
ginkagat ako sang kuring,cat bite,hiligaynon,active
ginkagat ako sang lamok,mosquito bite,hiligaynon,active
ginkagat ako sang manok,animal bite,hiligaynon,active
ginkagat ako sang sapat,animal bite,hiligaynon,active
ginkagat ido ako,dog bite,hiligaynon,active
ginkagat ido ko,dog bite,hiligaynon,active
ginkagat ipis ako,cockroach bite,hiligaynon,active
ginkagat kuring ako,cat bite,hiligaynon,active
ginkagat lamok ako,mosquito bite,hiligaynon,active
ginkagat manok ako,animal bite,hiligaynon,active
ginkagat sang ahas ko,snake bite,hiligaynon,active
ginkagat sang ahas ku,snake bite,hiligaynon,active
ginkagat sang ido ko,dog bite,hiligaynon,active
ginkagat sang ido ko kag nag dugo,dog bite with bleeding,hiligaynon,active
ginkagat sang ido ko kag nagdugo,dog bite with bleeding,hiligaynon,active
ginkagat sang ido ku,dog bite,hiligaynon,active
ginkagat sang ido ku kag nagdugo,dog bite with bleeding,hiligaynon,active
ginkagat sang ipis ko,cockroach bite,hiligaynon,active
ginkagat sang kuring ko,cat bite,hiligaynon,active
ginkagat sang lamok ko,mosquito bite,hiligaynon,active
ginkagat sang manok ko,animal bite,hiligaynon,active
ginkagat sang sapat ko,animal bite,hiligaynon,active
ginkagat sapat ako,animal bite,hiligaynon,active
ginpangayo ko doctor budlay gid gid ko magginhawa subong gid,difficulty breathing,hiligaynon,active
ginpangayo ko doctor budlay gid gid ko magginhawa subong gid ko,difficulty breathing,hiligaynon,active
ginpangayo ko doctor budlay gid gid ko magginhawa subong ko gid,difficulty breathing,hiligaynon,active
ginpangayo ko doctor budlay gid gid ko magginhawa subong man,difficulty breathing,hiligaynon,active
ginpangayo ko doctor budlay gid gid ko magginhawa subong na gid,difficulty breathing,hiligaynon,active
ginpangayo ko doctor budlay gid ko mag ginhawa subong gid,difficulty breathing,hiligaynon,active
ginpangayo ko doctor budlay gid ko mag ginhawa subong gid ko,difficulty breathing,hiligaynon,active
ginpangayo ko doctor budlay gid ko mag ginhawa subong ko gid,difficulty breathing,hiligaynon,active
ginpangayo ko doctor budlay gid ko mag ginhawa subong man,difficulty breathing,hiligaynon,active
ginpangayo ko doctor budlay gid ko mag ginhawa subong na gid,difficulty breathing,hiligaynon,active
ginpangayo ko doctor budlay gid ko magginhawa subong gid,difficulty breathing,hiligaynon,active
ginpangayo ko doctor budlay gid ko magginhawa subong gid ko,difficulty breathing,hiligaynon,active
ginpangayo ko doctor budlay gid ko magginhawa subong ko gid,difficulty breathing,hiligaynon,active
ginpangayo ko doctor budlay gid ko magginhawa subong man,difficulty breathing,hiligaynon,active
ginpangayo ko doctor budlay gid ko magginhawa subong na gid,difficulty breathing,hiligaynon,active
ginpangayo ko doctor gadugo bilat ko,vaginal bleeding,hiligaynon,active
ginpangayo ko doctor gahabok dila ko gid gid,swollen tongue,hiligaynon,active
ginpangayo ko doctor gahabok dila ko gid gid ko,swollen tongue,hiligaynon,active
ginpangayo ko doctor gahabok dila ko gid ko gid,swollen tongue,hiligaynon,active
ginpangayo ko doctor gahabok dila ko gid man,swollen tongue,hiligaynon,active
ginpangayo ko doctor gahabok dila ko gid na gid,swollen tongue,hiligaynon,active
ginpangayo ko doctor gahubag dila ko gid gid,swollen tongue,hiligaynon,active
ginpangayo ko doctor gahubag dila ko gid gid ko,swollen tongue,hiligaynon,active
ginpangayo ko doctor gahubag dila ko gid ko gid,swollen tongue,hiligaynon,active
ginpangayo ko doctor gahubag dila ko gid man,swollen tongue,hiligaynon,active
ginpangayo ko doctor gahubag dila ko gid na gid,swollen tongue,hiligaynon,active
ginpangayo ko doctor gahubag itlog ko,testicular swelling,hiligaynon,active
ginpangayo ko doctor galuya lawas ko kag kapoy gid gid,body weakness with severe fatigue,hiligaynon,active
ginpangayo ko doctor galuya lawas ko kag kapoy gid gid ko,body weakness with severe fatigue,hiligaynon,active
ginpangayo ko doctor galuya lawas ko kag kapoy gid ko gid,body weakness with severe fatigue,hiligaynon,active
ginpangayo ko doctor galuya lawas ko kag kapoy gid man,body weakness with severe fatigue,hiligaynon,active
ginpangayo ko doctor galuya lawas ko kag kapoy gid na gid,body weakness with severe fatigue,hiligaynon,active
ginpangayo ko doctor gapula mata ko kag gakatol gid,red itchy eyes,hiligaynon,active
ginpangayo ko doctor gapula mata ko kag gakatol gid ko,red itchy eyes,hiligaynon,active
ginpangayo ko doctor gapula mata ko kag gakatol ko gid,red itchy eyes,hiligaynon,active
ginpangayo ko doctor gapula mata ko kag gakatol man,red itchy eyes,hiligaynon,active
ginpangayo ko doctor gapula mata ko kag gakatol na gid,red itchy eyes,hiligaynon,active
ginpangayo ko doctor gasakit ulo ko karon gid,head pain,hiligaynon,active
ginpangayo ko doctor gasakit ulo ko karon gid ko,head pain,hiligaynon,active
ginpangayo ko doctor gasakit ulo ko karon ko gid,head pain,hiligaynon,active
ginpangayo ko doctor gasakit ulo ko karon man,head pain,hiligaynon,active
ginpangayo ko doctor gasakit ulo ko karon na gid,head pain,hiligaynon,active
ginpangayo ko doctor gin kagat sang ido ko kag nagdugo gid,dog bite with bleeding,hiligaynon,active
ginpangayo ko doctor gin kagat sang ido ko kag nagdugo gid ko,dog bite with bleeding,hiligaynon,active
ginpangayo ko doctor gin kagat sang ido ko kag nagdugo ko gid,dog bite with bleeding,hiligaynon,active
ginpangayo ko doctor gin kagat sang ido ko kag nagdugo man,dog bite with bleeding,hiligaynon,active
ginpangayo ko doctor gin kagat sang ido ko kag nagdugo na gid,dog bite with bleeding,hiligaynon,active
ginpangayo ko doctor ginkagat sang ido ko kag nag dugo gid,dog bite with bleeding,hiligaynon,active
ginpangayo ko doctor ginkagat sang ido ko kag nag dugo gid ko,dog bite with bleeding,hiligaynon,active
ginpangayo ko doctor ginkagat sang ido ko kag nag dugo ko gid,dog bite with bleeding,hiligaynon,active
ginpangayo ko doctor ginkagat sang ido ko kag nag dugo man,dog bite with bleeding,hiligaynon,active
ginpangayo ko doctor ginkagat sang ido ko kag nag dugo na gid,dog bite with bleeding,hiligaynon,active
ginpangayo ko doctor ginkagat sang ido ko kag nagdugo gid,dog bite with bleeding,hiligaynon,active
ginpangayo ko doctor ginkagat sang ido ko kag nagdugo gid ko,dog bite with bleeding,hiligaynon,active
ginpangayo ko doctor ginkagat sang ido ko kag nagdugo ko gid,dog bite with bleeding,hiligaynon,active
ginpangayo ko doctor ginkagat sang ido ko kag nagdugo man,dog bite with bleeding,hiligaynon,active
ginpangayo ko doctor ginkagat sang ido ko kag nagdugo na gid,dog bite with bleeding,hiligaynon,active
ginpangayo ko doctor ginsumbag ko kag nabun-og ulo gid,physical assault with head bruise,hiligaynon,active
ginpangayo ko doctor ginsumbag ko kag nabun-og ulo gid ko,physical assault with head bruise,hiligaynon,active
ginpangayo ko doctor ginsumbag ko kag nabun-og ulo ko gid,physical assault with head bruise,hiligaynon,active
ginpangayo ko doctor ginsumbag ko kag nabun-og ulo man,physical assault with head bruise,hiligaynon,active
ginpangayo ko doctor ginsumbag ko kag nabun-og ulo na gid,physical assault with head bruise,hiligaynon,active
ginpangayo ko doctor kakatol bilat ko,vaginal itching,hiligaynon,active
ginpangayo ko doctor masakit ari ko,penile pain,hiligaynon,active
ginpangayo ko doctor may nana akon mata subong gid,eye infection,hiligaynon,active
ginpangayo ko doctor may nana akon mata subong gid ko,eye infection,hiligaynon,active
ginpangayo ko doctor may nana akon mata subong ko gid,eye infection,hiligaynon,active
ginpangayo ko doctor may nana akon mata subong man,eye infection,hiligaynon,active
ginpangayo ko doctor may nana akon mata subong na gid,eye infection,hiligaynon,active
ginpangayo ko doctor may nana sa bilat ko,vaginal infection,hiligaynon,active
ginpangayo ko doctor may pilas ko sa kamot kag nag dugo gid,bleeding hand wound,hiligaynon,active
ginpangayo ko doctor may pilas ko sa kamot kag nag dugo gid ko,bleeding hand wound,hiligaynon,active
ginpangayo ko doctor may pilas ko sa kamot kag nag dugo ko gid,bleeding hand wound,hiligaynon,active
ginpangayo ko doctor may pilas ko sa kamot kag nag dugo man,bleeding hand wound,hiligaynon,active
ginpangayo ko doctor may pilas ko sa kamot kag nag dugo na gid,bleeding hand wound,hiligaynon,active
ginpangayo ko doctor may pilas ko sa kamot kag nagdugo gid,bleeding hand wound,hiligaynon,active
ginpangayo ko doctor may pilas ko sa kamot kag nagdugo gid ko,bleeding hand wound,hiligaynon,active
ginpangayo ko doctor may pilas ko sa kamot kag nagdugo ko gid,bleeding hand wound,hiligaynon,active
ginpangayo ko doctor may pilas ko sa kamot kag nagdugo man,bleeding hand wound,hiligaynon,active
ginpangayo ko doctor may pilas ko sa kamot kag nagdugo na gid,bleeding hand wound,hiligaynon,active
ginpangayo ko doctor nabali kamot ko sang natumba gid,hand fracture,hiligaynon,active
ginpangayo ko doctor nabali kamot ko sang natumba gid ko,hand fracture,hiligaynon,active
ginpangayo ko doctor nabali kamot ko sang natumba ko gid,hand fracture,hiligaynon,active
ginpangayo ko doctor nabali kamot ko sang natumba man,hand fracture,hiligaynon,active
ginpangayo ko doctor nabali kamot ko sang natumba na gid,hand fracture,hiligaynon,active
ginpangayo ko doctor nabali na kamot ko sang natumba gid,hand fracture,hiligaynon,active
ginpangayo ko doctor nabali na kamot ko sang natumba gid ko,hand fracture,hiligaynon,active
ginpangayo ko doctor nabali na kamot ko sang natumba ko gid,hand fracture,hiligaynon,active
ginpangayo ko doctor nabali na kamot ko sang natumba man,hand fracture,hiligaynon,active
ginpangayo ko doctor nabali na kamot ko sang natumba na gid,hand fracture,hiligaynon,active
ginpangayo ko doctor nabunggo ko sa salakyan kag nag dugo ulo gid,vehicle collision with head bleeding,hiligaynon,active
ginpangayo ko doctor nabunggo ko sa salakyan kag nag dugo ulo gid ko,vehicle collision with head bleeding,hiligaynon,active
ginpangayo ko doctor nabunggo ko sa salakyan kag nag dugo ulo ko gid,vehicle collision with head bleeding,hiligaynon,active
ginpangayo ko doctor nabunggo ko sa salakyan kag nag dugo ulo man,vehicle collision with head bleeding,hiligaynon,active
ginpangayo ko doctor nabunggo ko sa salakyan kag nag dugo ulo na gid,vehicle collision with head bleeding,hiligaynon,active
ginpangayo ko doctor nabunggo ko sa salakyan kag nagdugo ulo gid,vehicle collision with head bleeding,hiligaynon,active
ginpangayo ko doctor nabunggo ko sa salakyan kag nagdugo ulo gid ko,vehicle collision with head bleeding,hiligaynon,active
ginpangayo ko doctor nabunggo ko sa salakyan kag nagdugo ulo ko gid,vehicle collision with head bleeding,hiligaynon,active
ginpangayo ko doctor nabunggo ko sa salakyan kag nagdugo ulo man,vehicle collision with head bleeding,hiligaynon,active
ginpangayo ko doctor nabunggo ko sa salakyan kag nagdugo ulo na gid,vehicle collision with head bleeding,hiligaynon,active
ginpangayo ko doctor nag dugo ulo ko pagkatapos natumba gid,head bleeding after fall,hiligaynon,active
ginpangayo ko doctor nag dugo ulo ko pagkatapos natumba gid ko,head bleeding after fall,hiligaynon,active
ginpangayo ko doctor nag dugo ulo ko pagkatapos natumba ko gid,head bleeding after fall,hiligaynon,active
ginpangayo ko doctor nag dugo ulo ko pagkatapos natumba man,head bleeding after fall,hiligaynon,active
ginpangayo ko doctor nag dugo ulo ko pagkatapos natumba na gid,head bleeding after fall,hiligaynon,active
ginpangayo ko doctor nagdugo ulo ko pagkatapos natumba gid,head bleeding after fall,hiligaynon,active
ginpangayo ko doctor nagdugo ulo ko pagkatapos natumba gid ko,head bleeding after fall,hiligaynon,active
ginpangayo ko doctor nagdugo ulo ko pagkatapos natumba ko gid,head bleeding after fall,hiligaynon,active
ginpangayo ko doctor nagdugo ulo ko pagkatapos natumba man,head bleeding after fall,hiligaynon,active
ginpangayo ko doctor nagdugo ulo ko pagkatapos natumba na gid,head bleeding after fall,hiligaynon,active
ginpangayo ko doctor nakuryente ko sang kuryente gid,electrical injury,hiligaynon,active
ginpangayo ko doctor nakuryente ko sang kuryente gid ko,electrical injury,hiligaynon,active
ginpangayo ko doctor nakuryente ko sang kuryente ko gid,electrical injury,hiligaynon,active
ginpangayo ko doctor nakuryente ko sang kuryente man,electrical injury,hiligaynon,active
ginpangayo ko doctor nakuryente ko sang kuryente na gid,electrical injury,hiligaynon,active
ginpangayo ko doctor nautod na tudlo ko sang makina gid,amputated finger,hiligaynon,active
ginpangayo ko doctor nautod na tudlo ko sang makina gid ko,amputated finger,hiligaynon,active
ginpangayo ko doctor nautod na tudlo ko sang makina ko gid,amputated finger,hiligaynon,active
ginpangayo ko doctor nautod na tudlo ko sang makina man,amputated finger,hiligaynon,active
ginpangayo ko doctor nautod na tudlo ko sang makina na gid,amputated finger,hiligaynon,active
ginpangayo ko doctor nautod tudlo ko sang makina gid,amputated finger,hiligaynon,active
ginpangayo ko doctor nautod tudlo ko sang makina gid ko,amputated finger,hiligaynon,active
ginpangayo ko doctor nautod tudlo ko sang makina ko gid,amputated finger,hiligaynon,active
ginpangayo ko doctor nautod tudlo ko sang makina man,amputated finger,hiligaynon,active
ginpangayo ko doctor nautod tudlo ko sang makina na gid,amputated finger,hiligaynon,active
ginpangayo ko doctor ubo ko kag ginahilanat gid,fever with cough,hiligaynon,active
ginpangayo ko doctor ubo ko kag ginahilanat gid ko,fever with cough,hiligaynon,active
ginpangayo ko doctor ubo ko kag ginahilanat ko gid,fever with cough,hiligaynon,active
ginpangayo ko doctor ubo ko kag ginahilanat man,fever with cough,hiligaynon,active
ginpangayo ko doctor ubo ko kag ginahilanat na gid,fever with cough,hiligaynon,active
ginpangayo ku doctor budlay gid ko magginhawa subong gid,difficulty breathing,hiligaynon,active
ginpangayo ku doctor budlay gid ko magginhawa subong gid ko,difficulty breathing,hiligaynon,active
ginpangayo ku doctor budlay gid ko magginhawa subong ko gid,difficulty breathing,hiligaynon,active
ginpangayo ku doctor budlay gid ko magginhawa subong man,difficulty breathing,hiligaynon,active
ginpangayo ku doctor budlay gid ko magginhawa subong na gid,difficulty breathing,hiligaynon,active
ginpangayo ku doctor gahabok dila ko gid gid,swollen tongue,hiligaynon,active
ginpangayo ku doctor gahabok dila ko gid gid ko,swollen tongue,hiligaynon,active
ginpangayo ku doctor gahabok dila ko gid ko gid,swollen tongue,hiligaynon,active
ginpangayo ku doctor gahabok dila ko gid man,swollen tongue,hiligaynon,active
ginpangayo ku doctor gahabok dila ko gid na gid,swollen tongue,hiligaynon,active
ginpangayo ku doctor ginkagat sang ido ko kag nagdugo gid,dog bite with bleeding,hiligaynon,active
ginpangayo ku doctor ginkagat sang ido ko kag nagdugo gid ko,dog bite with bleeding,hiligaynon,active
ginpangayo ku doctor ginkagat sang ido ko kag nagdugo ko gid,dog bite with bleeding,hiligaynon,active
ginpangayo ku doctor ginkagat sang ido ko kag nagdugo man,dog bite with bleeding,hiligaynon,active
ginpangayo ku doctor ginkagat sang ido ko kag nagdugo na gid,dog bite with bleeding,hiligaynon,active
ginpangayo ku doctor ginsumbag ko kag nabun-og ulo gid,physical assault with head bruise,hiligaynon,active
ginpangayo ku doctor ginsumbag ko kag nabun-og ulo gid ko,physical assault with head bruise,hiligaynon,active
ginpangayo ku doctor ginsumbag ko kag nabun-og ulo ko gid,physical assault with head bruise,hiligaynon,active
ginpangayo ku doctor ginsumbag ko kag nabun-og ulo man,physical assault with head bruise,hiligaynon,active
ginpangayo ku doctor ginsumbag ko kag nabun-og ulo na gid,physical assault with head bruise,hiligaynon,active
ginpangayo ku doctor may pilas ko sa kamot kag nagdugo gid,bleeding hand wound,hiligaynon,active
ginpangayo ku doctor may pilas ko sa kamot kag nagdugo gid ko,bleeding hand wound,hiligaynon,active
ginpangayo ku doctor may pilas ko sa kamot kag nagdugo ko gid,bleeding hand wound,hiligaynon,active
ginpangayo ku doctor may pilas ko sa kamot kag nagdugo man,bleeding hand wound,hiligaynon,active
ginpangayo ku doctor may pilas ko sa kamot kag nagdugo na gid,bleeding hand wound,hiligaynon,active
ginpangayo ku doctor nabali kamot ko sang natumba gid,hand fracture,hiligaynon,active
ginpangayo ku doctor nabali kamot ko sang natumba gid ko,hand fracture,hiligaynon,active
ginpangayo ku doctor nabali kamot ko sang natumba ko gid,hand fracture,hiligaynon,active
ginpangayo ku doctor nabali kamot ko sang natumba man,hand fracture,hiligaynon,active
ginpangayo ku doctor nabali kamot ko sang natumba na gid,hand fracture,hiligaynon,active
ginpangayo ku doctor nabunggo ko sa salakyan kag nagdugo ulo gid,vehicle collision with head bleeding,hiligaynon,active
ginpangayo ku doctor nabunggo ko sa salakyan kag nagdugo ulo gid ko,vehicle collision with head bleeding,hiligaynon,active
ginpangayo ku doctor nabunggo ko sa salakyan kag nagdugo ulo ko gid,vehicle collision with head bleeding,hiligaynon,active
ginpangayo ku doctor nabunggo ko sa salakyan kag nagdugo ulo man,vehicle collision with head bleeding,hiligaynon,active
ginpangayo ku doctor nabunggo ko sa salakyan kag nagdugo ulo na gid,vehicle collision with head bleeding,hiligaynon,active
ginpangayo ku doctor nagdugo ulo ko pagkatapos natumba gid,head bleeding after fall,hiligaynon,active
ginpangayo ku doctor nagdugo ulo ko pagkatapos natumba gid ko,head bleeding after fall,hiligaynon,active
ginpangayo ku doctor nagdugo ulo ko pagkatapos natumba ko gid,head bleeding after fall,hiligaynon,active
ginpangayo ku doctor nagdugo ulo ko pagkatapos natumba man,head bleeding after fall,hiligaynon,active
ginpangayo ku doctor nagdugo ulo ko pagkatapos natumba na gid,head bleeding after fall,hiligaynon,active
ginpangayo ku doctor nakuryente ko sang kuryente gid,electrical injury,hiligaynon,active
ginpangayo ku doctor nakuryente ko sang kuryente gid ko,electrical injury,hiligaynon,active
ginpangayo ku doctor nakuryente ko sang kuryente ko gid,electrical injury,hiligaynon,active
ginpangayo ku doctor nakuryente ko sang kuryente man,electrical injury,hiligaynon,active
ginpangayo ku doctor nakuryente ko sang kuryente na gid,electrical injury,hiligaynon,active
ginpangayo ku doctor nautod tudlo ko sang makina gid,amputated finger,hiligaynon,active
ginpangayo ku doctor nautod tudlo ko sang makina gid ko,amputated finger,hiligaynon,active
ginpangayo ku doctor nautod tudlo ko sang makina ko gid,amputated finger,hiligaynon,active
ginpangayo ku doctor nautod tudlo ko sang makina man,amputated finger,hiligaynon,active
ginpangayo ku doctor nautod tudlo ko sang makina na gid,amputated finger,hiligaynon,active
ginsumbag ako,physical assault,hiligaynon,active
ginsumbag ko,physical assault,hiligaynon,active
ginsumbag ko kag nabun-og ulo,physical assault with head bruise,hiligaynon,active
ginsumbag ku kag nabun-og ulo,physical assault with head bruise,hiligaynon,active
glaucoma,glaucoma,hiligaynon,active
gluten allergy,gluten allergy,hiligaynon,active
goiter,goiter,hiligaynon,active
gout,gout,hiligaynon,active
grabe gid nagadugo ari ko,severe penis bleeding,hiligaynon,active
grabe gid nagadugo ari ko ko,severe penis bleeding,hiligaynon,active
grabe gid nagadugo ary ko,severe penis bleeding,hiligaynon,active
grabe gid nagadugo ary ko ko,severe penis bleeding,hiligaynon,active
grabe gid nagadugo bilad ko,severe vagina bleeding,hiligaynon,active
grabe gid nagadugo bilad ko ko,severe vagina bleeding,hiligaynon,active
grabe gid nagadugo bilat ko,severe vaginal bleeding,hiligaynon,active
grabe gid nagadugo bilat ko ko,severe vagina bleeding,hiligaynon,active
grabe gid nagadugo itlog ko,severe testicle bleeding,hiligaynon,active
grabe gid nagadugo itlog ko ko,severe testicle bleeding,hiligaynon,active
grabe gid nagadugo itlug ko,severe testicle bleeding,hiligaynon,active
grabe gid nagadugo itlug ko ko,severe testicle bleeding,hiligaynon,active
grabe gid nagdugo ari ko,severe penis bleeding,hiligaynon,active
grabe gid nagdugo ari ko ko,severe penis bleeding,hiligaynon,active
grabe gid nagdugo ary ko,severe penis bleeding,hiligaynon,active
grabe gid nagdugo ary ko ko,severe penis bleeding,hiligaynon,active
grabe gid nagdugo bilad ko,severe vagina bleeding,hiligaynon,active
grabe gid nagdugo bilad ko ko,severe vagina bleeding,hiligaynon,active
grabe gid nagdugo bilat ko,severe vagina bleeding,hiligaynon,active
grabe gid nagdugo bilat ko ko,severe vagina bleeding,hiligaynon,active
grabe gid nagdugo itlog ko,severe testicle bleeding,hiligaynon,active
grabe gid nagdugo itlog ko ko,severe testicle bleeding,hiligaynon,active
grabe gid nagdugo itlug ko,severe testicle bleeding,hiligaynon,active
grabe gid nagdugo itlug ko ko,severe testicle bleeding,hiligaynon,active
gusto ko magpakamatay,suicidal ideation,hiligaynon,active
h.i.v.,hiv/aids,hiligaynon,active
hair dye allergy,contact dermatitis,hiligaynon,active
hapdi abaga ako,shoulder pain,hiligaynon,active
hapdi abaga akon,shoulder pain,hiligaynon,active
hapdi abaga akon gid,shoulder pain,hiligaynon,active
hapdi abaga akon subong,shoulder pain,hiligaynon,active
hapdi abaga gid ko,shoulder pain,hiligaynon,active
hapdi abaga ko,shoulder pain,hiligaynon,active
hapdi abaga ko gid,shoulder pain,hiligaynon,active
hapdi abaga ko man,shoulder pain,hiligaynon,active
hapdi abaga man,shoulder pain,hiligaynon,active
hapdi abaga subong,shoulder pain,hiligaynon,active
hapdi acun itlog,testicular pain,hiligaynon,active
hapdi acun itlog ko,testicular pain,hiligaynon,active
hapdi acun itlug,testicular pain,hiligaynon,active
hapdi acun itlug ko,testicular pain,hiligaynon,active
hapdi akon abaga,shoulder pain,hiligaynon,active
hapdi akon ari,penile pain,hiligaynon,active
hapdi akon ari ko,penile pain,hiligaynon,active
hapdi akon ary,penile pain,hiligaynon,active
hapdi akon ary ko,penile pain,hiligaynon,active
hapdi akon atay,liver pain,hiligaynon,active
hapdi akon awang,jaw pain,hiligaynon,active
hapdi akon baba,mouth pain,hiligaynon,active
hapdi akon balat,skin pain,hiligaynon,active
hapdi akon batiis,leg pain,hiligaynon,active
hapdi akon bato,kidney pain,hiligaynon,active
hapdi akon bayag,scrotal pain,hiligaynon,active
hapdi akon baywang,waist pain,hiligaynon,active
hapdi akon bilad,vaginal pain,hiligaynon,active
hapdi akon bilad ko,vaginal pain,hiligaynon,active
hapdi akon bilat,vaginal pain,hiligaynon,active
hapdi akon bilat ko,vaginal pain,hiligaynon,active
hapdi akon buhok,hair pain,hiligaynon,active
hapdi akon bukong,forehead pain,hiligaynon,active
hapdi akon buuk,arm pain,hiligaynon,active
hapdi akon dalunggan,ear pain,hiligaynon,active
hapdi akon dila,tongue pain,hiligaynon,active
hapdi akon dughan,chest pain,hiligaynon,active
hapdi akon ilong,nose pain,hiligaynon,active
hapdi akon itlog,testicular pain,hiligaynon,active
hapdi akon itlog ko,testicular pain,hiligaynon,active
hapdi akon itlog ku,testicular pain,hiligaynon,active
hapdi akon itlug,testicular pain,hiligaynon,active
hapdi akon itlug ko,testicular pain,hiligaynon,active
hapdi akon itlug ku,testicular pain,hiligaynon,active
hapdi akon kamot,hand pain,hiligaynon,active
hapdi akon kipay,vulvar pain,hiligaynon,active
hapdi akon kuko,nail pain,hiligaynon,active
hapdi akon lawas,body pain,hiligaynon,active
hapdi akon lawi,nape pain,hiligaynon,active
hapdi akon likod,back pain,hiligaynon,active
hapdi akon liog,neck pain,hiligaynon,active
hapdi akon mata,eye pain,hiligaynon,active
hapdi akon ngipon,tooth pain,hiligaynon,active
hapdi akon paa,foot pain,hiligaynon,active
hapdi akon pilas,wound pain,hiligaynon,active
hapdi akon pisngi,cheek pain,hiligaynon,active
hapdi akon siko,elbow pain,hiligaynon,active
hapdi akon singit,groin pain,hiligaynon,active
hapdi akon tadlong,forearm pain,hiligaynon,active
hapdi akon tagipusuon,heart pain,hiligaynon,active
hapdi akon tai,buttocks pain,hiligaynon,active
hapdi akon tiil,foot pain,hiligaynon,active
hapdi akon tikod,heel pain,hiligaynon,active
hapdi akon titi,breast pain,hiligaynon,active
hapdi akon tiyan,abdominal pain,hiligaynon,active
hapdi akon tudlo,finger pain,hiligaynon,active
hapdi akon tuhod,knee pain,hiligaynon,active
hapdi akon tungod,throat pain,hiligaynon,active
hapdi akon tungtong,ankle pain,hiligaynon,active
hapdi akon ulo,head pain,hiligaynon,active
hapdi akon utok,brain pain,hiligaynon,active
hapdi ari ako,penile pain,hiligaynon,active
hapdi ari akon,penile pain,hiligaynon,active
hapdi ari akon gid,penile pain,hiligaynon,active
hapdi ari akon subong,penile pain,hiligaynon,active
hapdi ari gid ko,penile pain,hiligaynon,active
hapdi ari ko,penile pain,hiligaynon,active
hapdi ari ko ako,penile pain,hiligaynon,active
hapdi ari ko akon,penile pain,hiligaynon,active
hapdi ari ko akon gid,penile pain,hiligaynon,active
hapdi ari ko akon subong,penile pain,hiligaynon,active
hapdi ari ko gid,penile pain,hiligaynon,active
hapdi ari ko gid ko,penile pain,hiligaynon,active
hapdi ari ko ko,penile pain,hiligaynon,active
hapdi ari ko ko gid,penile pain,hiligaynon,active
hapdi ary ako,penile pain,hiligaynon,active
hapdi ary akon,penile pain,hiligaynon,active
hapdi ary akon gid,penile pain,hiligaynon,active
hapdi ary akon subong,penile pain,hiligaynon,active
hapdi ary gid ko,penile pain,hiligaynon,active
hapdi ary ko,penile pain,hiligaynon,active
hapdi ary ko ako,penile pain,hiligaynon,active
hapdi ary ko akon,penile pain,hiligaynon,active
hapdi ary ko akon gid,penile pain,hiligaynon,active
hapdi ary ko akon subong,penile pain,hiligaynon,active
hapdi ary ko gid,penile pain,hiligaynon,active
hapdi ary ko gid ko,penile pain,hiligaynon,active
hapdi ary ko ko,penile pain,hiligaynon,active
hapdi ary ko ko gid,penile pain,hiligaynon,active
hapdi atay akon,liver pain,hiligaynon,active
hapdi atay gid ko,liver pain,hiligaynon,active
hapdi atay ko,liver pain,hiligaynon,active
hapdi atay man,liver pain,hiligaynon,active
hapdi atay subong,liver pain,hiligaynon,active
hapdi awang akon,jaw pain,hiligaynon,active
hapdi awang gid ko,jaw pain,hiligaynon,active
hapdi awang ko,jaw pain,hiligaynon,active
hapdi awang man,jaw pain,hiligaynon,active
hapdi awang subong,jaw pain,hiligaynon,active
hapdi baba akon,mouth pain,hiligaynon,active
hapdi baba gid ko,mouth pain,hiligaynon,active
hapdi baba ko,mouth pain,hiligaynon,active
hapdi baba man,mouth pain,hiligaynon,active
hapdi baba subong,mouth pain,hiligaynon,active
hapdi balat akon,skin pain,hiligaynon,active
hapdi balat gid ko,skin pain,hiligaynon,active
hapdi balat ko,skin pain,hiligaynon,active
hapdi balat man,skin pain,hiligaynon,active
hapdi balat subong,skin pain,hiligaynon,active
hapdi batiis akon,leg pain,hiligaynon,active
hapdi batiis gid ko,leg pain,hiligaynon,active
hapdi batiis ko,leg pain,hiligaynon,active
hapdi batiis man,leg pain,hiligaynon,active
hapdi batiis subong,leg pain,hiligaynon,active
hapdi bato akon,kidney pain,hiligaynon,active
hapdi bato gid ko,kidney pain,hiligaynon,active
hapdi bato ko,kidney pain,hiligaynon,active
hapdi bato man,kidney pain,hiligaynon,active
hapdi bato subong,kidney pain,hiligaynon,active
hapdi bayag ako,scrotal pain,hiligaynon,active
hapdi bayag akon,scrotal pain,hiligaynon,active
hapdi bayag akon gid,scrotal pain,hiligaynon,active
hapdi bayag akon subong,scrotal pain,hiligaynon,active
hapdi bayag gid ko,scrotal pain,hiligaynon,active
hapdi bayag ko,scrotal pain,hiligaynon,active
hapdi bayag ko gid,scrotal pain,hiligaynon,active
hapdi baywang ako,waist pain,hiligaynon,active
hapdi baywang akon,waist pain,hiligaynon,active
hapdi baywang akon gid,waist pain,hiligaynon,active
hapdi baywang akon subong,waist pain,hiligaynon,active
hapdi baywang gid ko,waist pain,hiligaynon,active
hapdi baywang ko,waist pain,hiligaynon,active
hapdi baywang ko gid,waist pain,hiligaynon,active
hapdi baywang ko man,waist pain,hiligaynon,active
hapdi baywang man,waist pain,hiligaynon,active
hapdi baywang subong,waist pain,hiligaynon,active
hapdi bilad ako,vaginal pain,hiligaynon,active
hapdi bilad akon,vaginal pain,hiligaynon,active
hapdi bilad akon gid,vaginal pain,hiligaynon,active
hapdi bilad akon subong,vaginal pain,hiligaynon,active
hapdi bilad gid ko,vaginal pain,hiligaynon,active
hapdi bilad ko,vaginal pain,hiligaynon,active
hapdi bilad ko ako,vaginal pain,hiligaynon,active
hapdi bilad ko akon,vaginal pain,hiligaynon,active
hapdi bilad ko akon gid,vaginal pain,hiligaynon,active
hapdi bilad ko akon subong,vaginal pain,hiligaynon,active
hapdi bilad ko gid,vaginal pain,hiligaynon,active
hapdi bilad ko gid ko,vaginal pain,hiligaynon,active
hapdi bilad ko ko,vaginal pain,hiligaynon,active
hapdi bilad ko ko gid,vaginal pain,hiligaynon,active
hapdi bilat ako,vaginal pain,hiligaynon,active
hapdi bilat akon,vaginal pain,hiligaynon,active
hapdi bilat akon gid,vaginal pain,hiligaynon,active
hapdi bilat akon subong,vaginal pain,hiligaynon,active
hapdi bilat gid ko,vaginal pain,hiligaynon,active
hapdi bilat ko,vaginal pain,hiligaynon,active
hapdi bilat ko ako,vaginal pain,hiligaynon,active
hapdi bilat ko akon,vaginal pain,hiligaynon,active
hapdi bilat ko akon gid,vaginal pain,hiligaynon,active
hapdi bilat ko akon subong,vaginal pain,hiligaynon,active
hapdi bilat ko gid,vaginal pain,hiligaynon,active
hapdi bilat ko gid ko,vaginal pain,hiligaynon,active
hapdi bilat ko ko,vaginal pain,hiligaynon,active
hapdi bilat ko ko gid,vaginal pain,hiligaynon,active
hapdi buhok akon,hair pain,hiligaynon,active
hapdi buhok gid ko,hair pain,hiligaynon,active
hapdi buhok ko,hair pain,hiligaynon,active
hapdi buhok man,hair pain,hiligaynon,active
hapdi buhok subong,hair pain,hiligaynon,active
hapdi bukong akon,forehead pain,hiligaynon,active
hapdi bukong gid ko,forehead pain,hiligaynon,active
hapdi bukong ko,forehead pain,hiligaynon,active
hapdi bukong man,forehead pain,hiligaynon,active
hapdi bukong subong,forehead pain,hiligaynon,active
hapdi buuk akon,arm pain,hiligaynon,active
hapdi buuk gid ko,arm pain,hiligaynon,active
hapdi buuk ko,arm pain,hiligaynon,active
hapdi buuk man,arm pain,hiligaynon,active
hapdi buuk subong,arm pain,hiligaynon,active
hapdi dalunggan akon,ear pain,hiligaynon,active
hapdi dalunggan gid ko,ear pain,hiligaynon,active
hapdi dalunggan ko,ear pain,hiligaynon,active
hapdi dalunggan man,ear pain,hiligaynon,active
hapdi dalunggan subong,ear pain,hiligaynon,active
hapdi dila akon,tongue pain,hiligaynon,active
hapdi dila gid ko,tongue pain,hiligaynon,active
hapdi dila ko,tongue pain,hiligaynon,active
hapdi dila man,tongue pain,hiligaynon,active
hapdi dila subong,tongue pain,hiligaynon,active
hapdi dughan,chest pain,hiligaynon,active
hapdi dughan acun gid,chest pain,hiligaynon,active
hapdi dughan acun subong,chest pain,hiligaynon,active
hapdi dughan ako,chest pain,hiligaynon,active
hapdi dughan akon,chest pain,hiligaynon,active
hapdi dughan akon gid,chest pain,hiligaynon,active
hapdi dughan akon subong,chest pain,hiligaynon,active
hapdi dughan gid ko,chest pain,hiligaynon,active
hapdi dughan ko,chest pain,hiligaynon,active
hapdi dughan ko gid,chest pain,hiligaynon,active
hapdi dughan ko man,chest pain,hiligaynon,active
hapdi dughan ku gid,chest pain,hiligaynon,active
hapdi dughan ku man,chest pain,hiligaynon,active
hapdi dughan man,chest pain,hiligaynon,active
hapdi dughan subong,chest pain,hiligaynon,active
hapdi ilong akon,nose pain,hiligaynon,active
hapdi ilong gid ko,nose pain,hiligaynon,active
hapdi ilong ko,nose pain,hiligaynon,active
hapdi ilong man,nose pain,hiligaynon,active
hapdi ilong subong,nose pain,hiligaynon,active
hapdi itlog acun,testicular pain,hiligaynon,active
hapdi itlog acun gid,testicular pain,hiligaynon,active
hapdi itlog acun subong,testicular pain,hiligaynon,active
hapdi itlog ako,testicular pain,hiligaynon,active
hapdi itlog akon,testicular pain,hiligaynon,active
hapdi itlog akon gid,testicular pain,hiligaynon,active
hapdi itlog akon subong,testicular pain,hiligaynon,active
hapdi itlog gid ko,testicular pain,hiligaynon,active
hapdi itlog gid ku,testicular pain,hiligaynon,active
hapdi itlog ko,testicular pain,hiligaynon,active
hapdi itlog ko acun,testicular pain,hiligaynon,active
hapdi itlog ko acun gid,testicular pain,hiligaynon,active
hapdi itlog ko acun subong,testicular pain,hiligaynon,active
hapdi itlog ko ako,testicular pain,hiligaynon,active
hapdi itlog ko akon,testicular pain,hiligaynon,active
hapdi itlog ko akon gid,testicular pain,hiligaynon,active
hapdi itlog ko akon subong,testicular pain,hiligaynon,active
hapdi itlog ko gid,testicular pain,hiligaynon,active
hapdi itlog ko gid ko,testicular pain,hiligaynon,active
hapdi itlog ko ko,testicular pain,hiligaynon,active
hapdi itlog ko ko gid,testicular pain,hiligaynon,active
hapdi itlog ku,testicular pain,hiligaynon,active
hapdi itlog ku ako,testicular pain,hiligaynon,active
hapdi itlog ku akon,testicular pain,hiligaynon,active
hapdi itlog ku akon gid,testicular pain,hiligaynon,active
hapdi itlog ku akon subong,testicular pain,hiligaynon,active
hapdi itlog ku gid,testicular pain,hiligaynon,active
hapdi itlog ku gid ko,testicular pain,hiligaynon,active
hapdi itlog ku ko,testicular pain,hiligaynon,active
hapdi itlog ku ko gid,testicular pain,hiligaynon,active
hapdi itlug acun,testicular pain,hiligaynon,active
hapdi itlug acun gid,testicular pain,hiligaynon,active
hapdi itlug acun subong,testicular pain,hiligaynon,active
hapdi itlug ako,testicular pain,hiligaynon,active
hapdi itlug akon,testicular pain,hiligaynon,active
hapdi itlug akon gid,testicular pain,hiligaynon,active
hapdi itlug akon subong,testicular pain,hiligaynon,active
hapdi itlug gid ko,testicular pain,hiligaynon,active
hapdi itlug gid ku,testicular pain,hiligaynon,active
hapdi itlug ko,testicular pain,hiligaynon,active
hapdi itlug ko acun,testicular pain,hiligaynon,active
hapdi itlug ko acun gid,testicular pain,hiligaynon,active
hapdi itlug ko acun subong,testicular pain,hiligaynon,active
hapdi itlug ko ako,testicular pain,hiligaynon,active
hapdi itlug ko akon,testicular pain,hiligaynon,active
hapdi itlug ko akon gid,testicular pain,hiligaynon,active
hapdi itlug ko akon subong,testicular pain,hiligaynon,active
hapdi itlug ko gid,testicular pain,hiligaynon,active
hapdi itlug ko gid ko,testicular pain,hiligaynon,active
hapdi itlug ko ko,testicular pain,hiligaynon,active
hapdi itlug ko ko gid,testicular pain,hiligaynon,active
hapdi itlug ku,testicular pain,hiligaynon,active
hapdi itlug ku ako,testicular pain,hiligaynon,active
hapdi itlug ku akon,testicular pain,hiligaynon,active
hapdi itlug ku akon gid,testicular pain,hiligaynon,active
hapdi itlug ku akon subong,testicular pain,hiligaynon,active
hapdi itlug ku gid,testicular pain,hiligaynon,active
hapdi itlug ku gid ko,testicular pain,hiligaynon,active
hapdi itlug ku ko,testicular pain,hiligaynon,active
hapdi itlug ku ko gid,testicular pain,hiligaynon,active
hapdi kamot akon,hand pain,hiligaynon,active
hapdi kamot gid ko,hand pain,hiligaynon,active
hapdi kamot ko,hand pain,hiligaynon,active
hapdi kamot man,hand pain,hiligaynon,active
hapdi kamot subong,hand pain,hiligaynon,active
hapdi kipay ako,vulvar pain,hiligaynon,active
hapdi kipay akon,vulvar pain,hiligaynon,active
hapdi kipay akon gid,vulvar pain,hiligaynon,active
hapdi kipay akon subong,vulvar pain,hiligaynon,active
hapdi kipay gid ko,vulvar pain,hiligaynon,active
hapdi kipay ko,vulvar pain,hiligaynon,active
hapdi kipay ko gid,vulvar pain,hiligaynon,active
hapdi kuko akon,nail pain,hiligaynon,active
hapdi kuko gid ko,nail pain,hiligaynon,active
hapdi kuko ko,nail pain,hiligaynon,active
hapdi kuko man,nail pain,hiligaynon,active
hapdi kuko subong,nail pain,hiligaynon,active
hapdi lawas akon,body pain,hiligaynon,active
hapdi lawas gid ko,body pain,hiligaynon,active
hapdi lawas ko,body pain,hiligaynon,active
hapdi lawas man,body pain,hiligaynon,active
hapdi lawas subong,body pain,hiligaynon,active
hapdi lawi akon,nape pain,hiligaynon,active
hapdi lawi gid ko,nape pain,hiligaynon,active
hapdi lawi ko,nape pain,hiligaynon,active
hapdi lawi man,nape pain,hiligaynon,active
hapdi lawi subong,nape pain,hiligaynon,active
hapdi likod ako,back pain,hiligaynon,active
hapdi likod akon,back pain,hiligaynon,active
hapdi likod akon gid,back pain,hiligaynon,active
hapdi likod akon subong,back pain,hiligaynon,active
hapdi likod gid ko,back pain,hiligaynon,active
hapdi likod ko,back pain,hiligaynon,active
hapdi likod ko gid,back pain,hiligaynon,active
hapdi likod ko man,back pain,hiligaynon,active
hapdi likod man,back pain,hiligaynon,active
hapdi likod subong,back pain,hiligaynon,active
hapdi liog ako,neck pain,hiligaynon,active
hapdi liog akon,neck pain,hiligaynon,active
hapdi liog akon gid,neck pain,hiligaynon,active
hapdi liog akon subong,neck pain,hiligaynon,active
hapdi liog gid ko,neck pain,hiligaynon,active
hapdi liog ko,neck pain,hiligaynon,active
hapdi liog ko gid,neck pain,hiligaynon,active
hapdi liog ko man,neck pain,hiligaynon,active
hapdi liog man,neck pain,hiligaynon,active
hapdi liog subong,neck pain,hiligaynon,active
hapdi mata ako,eye pain,hiligaynon,active
hapdi mata akon,eye pain,hiligaynon,active
hapdi mata akon gid,eye pain,hiligaynon,active
hapdi mata akon subong,eye pain,hiligaynon,active
hapdi mata gid ko,eye pain,hiligaynon,active
hapdi mata ko,eye pain,hiligaynon,active
hapdi mata ko ako,eye pain,hiligaynon,active
hapdi mata ko akon,eye pain,hiligaynon,active
hapdi mata ko akon gid,eye pain,hiligaynon,active
hapdi mata ko akon subong,eye pain,hiligaynon,active
hapdi mata ko gid,eye pain,hiligaynon,active
hapdi mata ko gid ako,eye pain,hiligaynon,active
hapdi mata ko gid akon,eye pain,hiligaynon,active
hapdi mata ko gid akon gid,eye pain,hiligaynon,active
hapdi mata ko gid akon subong,eye pain,hiligaynon,active
hapdi mata ko gid ko,eye pain,hiligaynon,active
hapdi mata ko gid ko gid,eye pain,hiligaynon,active
hapdi mata ko gid ko man,eye pain,hiligaynon,active
hapdi mata ko ko,eye pain,hiligaynon,active
hapdi mata ko ko gid,eye pain,hiligaynon,active
hapdi mata ko ko man,eye pain,hiligaynon,active
hapdi mata ko man,eye pain,hiligaynon,active
hapdi mata man,eye pain,hiligaynon,active
hapdi mata subong,eye pain,hiligaynon,active
hapdi ngipon akon,tooth pain,hiligaynon,active
hapdi ngipon gid ko,tooth pain,hiligaynon,active
hapdi ngipon ko,tooth pain,hiligaynon,active
hapdi ngipon man,tooth pain,hiligaynon,active
hapdi ngipon subong,tooth pain,hiligaynon,active
hapdi olok ako,head pain,hiligaynon,active
hapdi olok akon,head pain,hiligaynon,active
hapdi olok akon gid,head pain,hiligaynon,active
hapdi olok akon subong,head pain,hiligaynon,active
hapdi olok ko,head pain,hiligaynon,active
hapdi olok ko gid,head pain,hiligaynon,active
hapdi olok ko man,head pain,hiligaynon,active
hapdi paa akon,foot pain,hiligaynon,active
hapdi paa gid ko,foot pain,hiligaynon,active
hapdi paa ko,foot pain,hiligaynon,active
hapdi paa man,foot pain,hiligaynon,active
hapdi paa subong,foot pain,hiligaynon,active
hapdi pilas akon,wound pain,hiligaynon,active
hapdi pilas gid ko,wound pain,hiligaynon,active
hapdi pilas ko,wound pain,hiligaynon,active
hapdi pilas man,wound pain,hiligaynon,active
hapdi pilas subong,wound pain,hiligaynon,active
hapdi pisngi akon,cheek pain,hiligaynon,active
hapdi pisngi gid ko,cheek pain,hiligaynon,active
hapdi pisngi ko,cheek pain,hiligaynon,active
hapdi pisngi man,cheek pain,hiligaynon,active
hapdi pisngi subong,cheek pain,hiligaynon,active
hapdi siko ako,elbow pain,hiligaynon,active
hapdi siko akon,elbow pain,hiligaynon,active
hapdi siko akon gid,elbow pain,hiligaynon,active
hapdi siko akon subong,elbow pain,hiligaynon,active
hapdi siko gid ko,elbow pain,hiligaynon,active
hapdi siko ko,elbow pain,hiligaynon,active
hapdi siko ko gid,elbow pain,hiligaynon,active
hapdi siko ko man,elbow pain,hiligaynon,active
hapdi siko man,elbow pain,hiligaynon,active
hapdi siko subong,elbow pain,hiligaynon,active
hapdi singit ako,groin pain,hiligaynon,active
hapdi singit akon,groin pain,hiligaynon,active
hapdi singit akon gid,groin pain,hiligaynon,active
hapdi singit akon subong,groin pain,hiligaynon,active
hapdi singit gid ko,groin pain,hiligaynon,active
hapdi singit ko,groin pain,hiligaynon,active
hapdi singit ko gid,groin pain,hiligaynon,active
hapdi tadlong akon,forearm pain,hiligaynon,active
hapdi tadlong gid ko,forearm pain,hiligaynon,active
hapdi tadlong ko,forearm pain,hiligaynon,active
hapdi tadlong man,forearm pain,hiligaynon,active
hapdi tadlong subong,forearm pain,hiligaynon,active
hapdi tagipusuon akon,heart pain,hiligaynon,active
hapdi tagipusuon gid ko,heart pain,hiligaynon,active
hapdi tagipusuon ko,heart pain,hiligaynon,active
hapdi tagipusuon man,heart pain,hiligaynon,active
hapdi tagipusuon subong,heart pain,hiligaynon,active
hapdi tai akon,buttocks pain,hiligaynon,active
hapdi tai gid ko,buttocks pain,hiligaynon,active
hapdi tai ko,buttocks pain,hiligaynon,active
hapdi tai man,buttocks pain,hiligaynon,active
hapdi tai subong,buttocks pain,hiligaynon,active
hapdi tiil akon,foot pain,hiligaynon,active
hapdi tiil gid ko,foot pain,hiligaynon,active
hapdi tiil ko,foot pain,hiligaynon,active
hapdi tiil man,foot pain,hiligaynon,active
hapdi tiil subong,foot pain,hiligaynon,active
hapdi tikod ako,heel pain,hiligaynon,active
hapdi tikod akon,heel pain,hiligaynon,active
hapdi tikod akon gid,heel pain,hiligaynon,active
hapdi tikod akon subong,heel pain,hiligaynon,active
hapdi tikod gid ko,heel pain,hiligaynon,active
hapdi tikod ko,heel pain,hiligaynon,active
hapdi tikod ko gid,heel pain,hiligaynon,active
hapdi tikod ko man,heel pain,hiligaynon,active
hapdi tikod man,heel pain,hiligaynon,active
hapdi tikod subong,heel pain,hiligaynon,active
hapdi tina-i ako,abdominal pain,hiligaynon,active
hapdi tina-i akon,abdominal pain,hiligaynon,active
hapdi tina-i akon gid,abdominal pain,hiligaynon,active
hapdi tina-i akon subong,abdominal pain,hiligaynon,active
hapdi tina-i ko,abdominal pain,hiligaynon,active
hapdi tina-i ko gid,abdominal pain,hiligaynon,active
hapdi tina-i ko man,abdominal pain,hiligaynon,active
hapdi titi akon,breast pain,hiligaynon,active
hapdi titi gid ko,breast pain,hiligaynon,active
hapdi titi ko,breast pain,hiligaynon,active
hapdi titi man,breast pain,hiligaynon,active
hapdi titi subong,breast pain,hiligaynon,active
hapdi tiyan ako,abdominal pain,hiligaynon,active
hapdi tiyan akon,abdominal pain,hiligaynon,active
hapdi tiyan akon gid,abdominal pain,hiligaynon,active
hapdi tiyan akon subong,abdominal pain,hiligaynon,active
hapdi tiyan gid ko,abdominal pain,hiligaynon,active
hapdi tiyan ko,abdominal pain,hiligaynon,active
hapdi tiyan ko ako,abdominal pain,hiligaynon,active
hapdi tiyan ko akon,abdominal pain,hiligaynon,active
hapdi tiyan ko akon gid,abdominal pain,hiligaynon,active
hapdi tiyan ko akon subong,abdominal pain,hiligaynon,active
hapdi tiyan ko gid,abdominal pain,hiligaynon,active
hapdi tiyan ko ko,abdominal pain,hiligaynon,active
hapdi tiyan ko ko gid,abdominal pain,hiligaynon,active
hapdi tiyan ko ko man,abdominal pain,hiligaynon,active
hapdi tiyan ko man,abdominal pain,hiligaynon,active
hapdi tiyan man,abdominal pain,hiligaynon,active
hapdi tiyan subong,abdominal pain,hiligaynon,active
hapdi tudlo akon,finger pain,hiligaynon,active
hapdi tudlo gid ko,finger pain,hiligaynon,active
hapdi tudlo ko,finger pain,hiligaynon,active
hapdi tudlo man,finger pain,hiligaynon,active
hapdi tudlo subong,finger pain,hiligaynon,active
hapdi tuhod ako,knee pain,hiligaynon,active
hapdi tuhod akon,knee pain,hiligaynon,active
hapdi tuhod akon gid,knee pain,hiligaynon,active
hapdi tuhod akon subong,knee pain,hiligaynon,active
hapdi tuhod gid ko,knee pain,hiligaynon,active
hapdi tuhod ko,knee pain,hiligaynon,active
hapdi tuhod ko gid,knee pain,hiligaynon,active
hapdi tuhod ko man,knee pain,hiligaynon,active
hapdi tuhod man,knee pain,hiligaynon,active
hapdi tuhod subong,knee pain,hiligaynon,active
hapdi tungod akon,throat pain,hiligaynon,active
hapdi tungod gid ko,throat pain,hiligaynon,active
hapdi tungod ko,throat pain,hiligaynon,active
hapdi tungod man,throat pain,hiligaynon,active
hapdi tungod subong,throat pain,hiligaynon,active
hapdi tungtong ako,ankle pain,hiligaynon,active
hapdi tungtong akon,ankle pain,hiligaynon,active
hapdi tungtong akon gid,ankle pain,hiligaynon,active
hapdi tungtong akon subong,ankle pain,hiligaynon,active
hapdi tungtong gid ko,ankle pain,hiligaynon,active
hapdi tungtong ko,ankle pain,hiligaynon,active
hapdi tungtong ko gid,ankle pain,hiligaynon,active
hapdi tungtong ko man,ankle pain,hiligaynon,active
hapdi tungtong man,ankle pain,hiligaynon,active
hapdi tungtong subong,ankle pain,hiligaynon,active
hapdi ulo ako,head pain,hiligaynon,active
hapdi ulo akon,head pain,hiligaynon,active
hapdi ulo akon gid,head pain,hiligaynon,active
hapdi ulo akon subong,head pain,hiligaynon,active
hapdi ulo gid ko,head pain,hiligaynon,active
hapdi ulo ko,head pain,hiligaynon,active
hapdi ulo ko ako,head pain,hiligaynon,active
hapdi ulo ko akon,head pain,hiligaynon,active
hapdi ulo ko akon gid,head pain,hiligaynon,active
hapdi ulo ko akon subong,head pain,hiligaynon,active
hapdi ulo ko gid,head pain,hiligaynon,active
hapdi ulo ko ko,head pain,hiligaynon,active
hapdi ulo ko ko gid,head pain,hiligaynon,active
hapdi ulo ko ko man,head pain,hiligaynon,active
hapdi ulo ko man,head pain,hiligaynon,active
hapdi ulo man,head pain,hiligaynon,active
hapdi ulo subong,head pain,hiligaynon,active
hapdi utok akon,brain pain,hiligaynon,active
hapdi utok gid ko,brain pain,hiligaynon,active
hapdi utok ko,brain pain,hiligaynon,active
hapdi utok man,brain pain,hiligaynon,active
hapdi utok subong,brain pain,hiligaynon,active
hay fever,seasonal allergic rhinitis,hiligaynon,active
hazelnut allergy,tree nut allergy,hiligaynon,active
hba1c high,diabetes,hiligaynon,active
hbp,hypertension,hiligaynon,active
headache,headache,hiligaynon,active
heart attack,heart attack,hiligaynon,active
heart disease,heart disease,hiligaynon,active
heart failure,heart failure,hiligaynon,active
heart prob,heart disease,hiligaynon,active
heart problem,heart disease,hiligaynon,active
heartattack,heart attack,hiligaynon,active
heartburn,gastroesophageal reflux disease,hiligaynon,active
heartprob,heart disease,hiligaynon,active
heat exhaustion,heat exhaustion,hiligaynon,active
heat stroke,heat stroke,hiligaynon,active
help dula ginhawa ko,shortness of breath,hiligaynon,active
help gadugo bilat ko,vaginal bleeding,hiligaynon,active
help gahubag itlog ko,testicular swelling,hiligaynon,active
help kakatol bilat ko,vaginal itching,hiligaynon,active
help masakit ari ko,penile pain,hiligaynon,active
help may nana sa bilat ko,vaginal infection,hiligaynon,active
help nagdugo ulo ko,head bleeding,hiligaynon,active
help nautod tudlo ko,amputated finger,hiligaynon,active
hemophilia,hemophilia,hiligaynon,active
hemorrhoids,hemorrhoids,hiligaynon,active
hepa,hepatitis,hiligaynon,active
hepa b,hepatitis b,hiligaynon,active
hepa c,hepatitis c,hiligaynon,active
hepatites,hepatitis,hiligaynon,active
hepatitis,hepatitis,hiligaynon,active
hepatitis a,hepatitis a,hiligaynon,active
hepatitis b,hepatitis b,hiligaynon,active
hepatitis c,hepatitis c,hiligaynon,active
hepatitisa,hepatitis a,hiligaynon,active
hepatitus,hepatitis,hiligaynon,active
hernia,hernia,hiligaynon,active
herpes,herpes,hiligaynon,active
herpes simplex,herpes,hiligaynon,active
herpes zoster,herpes zoster,hiligaynon,active
high blood,hypertension,hiligaynon,active
high blood ko,hypertension,hiligaynon,active
high blood pressure,essential (primary) hypertension,hiligaynon,active
high blood sugar,diabetes,hiligaynon,active
high bp,hypertension,hiligaynon,active
high cholesterol,hyperlipidemia,hiligaynon,active
high sugar,diabetes,hiligaynon,active
high uric acid,gout,hiligaynon,active
highblood,hypertension,hiligaynon,active
highblood pressure,hypertension,hiligaynon,active
hika,asthma,hiligaynon,active
hika ug rayuma,asthma,hiligaynon,active
hilanat,fever,hiligaynon,active
hilanat ko,fever,hiligaynon,active
hilanat sing taas,high fever,hiligaynon,active
hindi pwede penicillin,penicillin allergy,hiligaynon,active
hindi tolerante sa gatas,lactose intolerance,hiligaynon,active
hingabot,shortness of breath,hiligaynon,active
hingal,shortness of breath,hiligaynon,active
hingal na hingal,shortness of breath,hiligaynon,active
hirap huminga,difficulty breathing,hiligaynon,active
histamine intolerance,histamine intolerance,hiligaynon,active
hiv,hiv/aids,hiligaynon,active
honey allergy,food allergy,hiligaynon,active
htn,hypertension,hiligaynon,active
hubag,swelling,hiligaynon,active
hubag abaga akon,shoulder swelling,hiligaynon,active
hubag abaga akon gid,shoulder swelling,hiligaynon,active
hubag abaga gid ko,shoulder swelling,hiligaynon,active
hubag abaga ko,shoulder swelling,hiligaynon,active
hubag abaga ko gid,shoulder swelling,hiligaynon,active
hubag abaga man,shoulder swelling,hiligaynon,active
hubag abaga subong,shoulder swelling,hiligaynon,active
hubag acun itlog,testicular swelling,hiligaynon,active
hubag acun itlog ko,testicular swelling,hiligaynon,active
hubag acun itlug,testicular swelling,hiligaynon,active
hubag acun itlug ko,testicular swelling,hiligaynon,active
hubag akon abaga,shoulder swelling,hiligaynon,active
hubag akon ari,penile swelling,hiligaynon,active
hubag akon ari ko,penile swelling,hiligaynon,active
hubag akon ary,penile swelling,hiligaynon,active
hubag akon ary ko,penile swelling,hiligaynon,active
hubag akon atay,liver swelling,hiligaynon,active
hubag akon awang,jaw swelling,hiligaynon,active
hubag akon baba,lip swelling,hiligaynon,active
hubag akon balat,skin swelling,hiligaynon,active
hubag akon batiis,leg swelling,hiligaynon,active
hubag akon bato,kidney swelling,hiligaynon,active
hubag akon bayag,scrotal swelling,hiligaynon,active
hubag akon baywang,waist swelling,hiligaynon,active
hubag akon bilad,vaginal swelling,hiligaynon,active
hubag akon bilad ko,vaginal swelling,hiligaynon,active
hubag akon bilat,vaginal swelling,hiligaynon,active
hubag akon bilat ko,vaginal swelling,hiligaynon,active
hubag akon buhok,hair swelling,hiligaynon,active
hubag akon bukong,forehead swelling,hiligaynon,active
hubag akon buuk,arm swelling,hiligaynon,active
hubag akon dalunggan,ear swelling,hiligaynon,active
hubag akon dila,swollen tongue,hiligaynon,active
hubag akon dughan,chest swelling,hiligaynon,active
hubag akon ilong,nasal swelling,hiligaynon,active
hubag akon itlog,testicular swelling,hiligaynon,active
hubag akon itlog ko,testicular swelling,hiligaynon,active
hubag akon itlog ku,testicular swelling,hiligaynon,active
hubag akon itlug,testicular swelling,hiligaynon,active
hubag akon itlug ko,testicular swelling,hiligaynon,active
hubag akon itlug ku,testicular swelling,hiligaynon,active
hubag akon kamot,hand swelling,hiligaynon,active
hubag akon kuko,nail swelling,hiligaynon,active
hubag akon lawas,body swelling,hiligaynon,active
hubag akon lawi,nape swelling,hiligaynon,active
hubag akon likod,back swelling,hiligaynon,active
hubag akon liog,neck swelling,hiligaynon,active
hubag akon mata,eye swelling,hiligaynon,active
hubag akon ngipon,tooth swelling,hiligaynon,active
hubag akon paa,foot swelling,hiligaynon,active
hubag akon pilas,wound swelling,hiligaynon,active
hubag akon pisngi,facial swelling,hiligaynon,active
hubag akon siko,elbow swelling,hiligaynon,active
hubag akon singit,groin swelling,hiligaynon,active
hubag akon tadlong,forearm swelling,hiligaynon,active
hubag akon tagipusuon,heart swelling,hiligaynon,active
hubag akon tai,buttocks swelling,hiligaynon,active
hubag akon tiil,foot swelling,hiligaynon,active
hubag akon tikod,heel swelling,hiligaynon,active
hubag akon titi,breast swelling,hiligaynon,active
hubag akon tiyan,abdominal swelling,hiligaynon,active
hubag akon tudlo,finger swelling,hiligaynon,active
hubag akon tuhod,knee swelling,hiligaynon,active
hubag akon tungod,throat swelling,hiligaynon,active
hubag akon tungtong,ankle swelling,hiligaynon,active
hubag akon ulo,head swelling,hiligaynon,active
hubag akon utok,brain swelling,hiligaynon,active
hubag ang tiyan,abdominal swelling,hiligaynon,active
hubag ang unto,swollen gums,hiligaynon,active
hubag ang unud,swollen gums,hiligaynon,active
hubag ari,penile swelling,hiligaynon,active
hubag ari ako,penile swelling,hiligaynon,active
hubag ari akon,penile swelling,hiligaynon,active
hubag ari akon gid,penile swelling,hiligaynon,active
hubag ari akon subong,penile swelling,hiligaynon,active
hubag ari gid ko,penile swelling,hiligaynon,active
hubag ari ko,penile swelling,hiligaynon,active
hubag ari ko ako,penile swelling,hiligaynon,active
hubag ari ko akon,penile swelling,hiligaynon,active
hubag ari ko akon gid,penile swelling,hiligaynon,active
hubag ari ko akon subong,penile swelling,hiligaynon,active
hubag ari ko gid,penile swelling,hiligaynon,active
hubag ari ko gid ko,penile swelling,hiligaynon,active
hubag ari ko ko,penile swelling,hiligaynon,active
hubag ari ko ko gid,penile swelling,hiligaynon,active
hubag ary ako,penile swelling,hiligaynon,active
hubag ary akon,penile swelling,hiligaynon,active
hubag ary akon gid,penile swelling,hiligaynon,active
hubag ary akon subong,penile swelling,hiligaynon,active
hubag ary gid ko,penile swelling,hiligaynon,active
hubag ary ko,penile swelling,hiligaynon,active
hubag ary ko ako,penile swelling,hiligaynon,active
hubag ary ko akon,penile swelling,hiligaynon,active
hubag ary ko akon gid,penile swelling,hiligaynon,active
hubag ary ko akon subong,penile swelling,hiligaynon,active
hubag ary ko gid,penile swelling,hiligaynon,active
hubag ary ko gid ko,penile swelling,hiligaynon,active
hubag ary ko ko,penile swelling,hiligaynon,active
hubag ary ko ko gid,penile swelling,hiligaynon,active
hubag atay akon,liver swelling,hiligaynon,active
hubag atay akon gid,liver swelling,hiligaynon,active
hubag atay gid ko,liver swelling,hiligaynon,active
hubag atay ko,liver swelling,hiligaynon,active
hubag atay ko gid,liver swelling,hiligaynon,active
hubag atay man,liver swelling,hiligaynon,active
hubag atay subong,liver swelling,hiligaynon,active
hubag awang akon,jaw swelling,hiligaynon,active
hubag awang akon gid,jaw swelling,hiligaynon,active
hubag awang gid ko,jaw swelling,hiligaynon,active
hubag awang ko,jaw swelling,hiligaynon,active
hubag awang ko gid,jaw swelling,hiligaynon,active
hubag awang man,jaw swelling,hiligaynon,active
hubag awang subong,jaw swelling,hiligaynon,active
hubag baba akon,lip swelling,hiligaynon,active
hubag baba akon gid,lip swelling,hiligaynon,active
hubag baba gid ko,lip swelling,hiligaynon,active
hubag baba ko,lip swelling,hiligaynon,active
hubag baba ko gid,lip swelling,hiligaynon,active
hubag baba man,lip swelling,hiligaynon,active
hubag baba subong,lip swelling,hiligaynon,active
hubag balat akon,skin swelling,hiligaynon,active
hubag balat akon gid,skin swelling,hiligaynon,active
hubag balat gid ko,skin swelling,hiligaynon,active
hubag balat ko,skin swelling,hiligaynon,active
hubag balat ko gid,skin swelling,hiligaynon,active
hubag balat man,skin swelling,hiligaynon,active
hubag balat subong,skin swelling,hiligaynon,active
hubag batiis akon,leg swelling,hiligaynon,active
hubag batiis akon gid,leg swelling,hiligaynon,active
hubag batiis gid ko,leg swelling,hiligaynon,active
hubag batiis ko,leg swelling,hiligaynon,active
hubag batiis ko gid,leg swelling,hiligaynon,active
hubag batiis man,leg swelling,hiligaynon,active
hubag batiis subong,leg swelling,hiligaynon,active
hubag bato akon,kidney swelling,hiligaynon,active
hubag bato akon gid,kidney swelling,hiligaynon,active
hubag bato gid ko,kidney swelling,hiligaynon,active
hubag bato ko,kidney swelling,hiligaynon,active
hubag bato ko gid,kidney swelling,hiligaynon,active
hubag bato man,kidney swelling,hiligaynon,active
hubag bato subong,kidney swelling,hiligaynon,active
hubag bayag ako,scrotal swelling,hiligaynon,active
hubag bayag akon,scrotal swelling,hiligaynon,active
hubag bayag akon gid,scrotal swelling,hiligaynon,active
hubag bayag akon subong,scrotal swelling,hiligaynon,active
hubag bayag gid ko,scrotal swelling,hiligaynon,active
hubag bayag ko,scrotal swelling,hiligaynon,active
hubag bayag ko gid,scrotal swelling,hiligaynon,active
hubag baywang akon,waist swelling,hiligaynon,active
hubag baywang akon gid,waist swelling,hiligaynon,active
hubag baywang gid ko,waist swelling,hiligaynon,active
hubag baywang ko,waist swelling,hiligaynon,active
hubag baywang ko gid,waist swelling,hiligaynon,active
hubag baywang man,waist swelling,hiligaynon,active
hubag baywang subong,waist swelling,hiligaynon,active
hubag bilad ako,vaginal swelling,hiligaynon,active
hubag bilad akon,vaginal swelling,hiligaynon,active
hubag bilad akon gid,vaginal swelling,hiligaynon,active
hubag bilad akon subong,vaginal swelling,hiligaynon,active
hubag bilad gid ko,vaginal swelling,hiligaynon,active
hubag bilad ko,vaginal swelling,hiligaynon,active
hubag bilad ko ako,vaginal swelling,hiligaynon,active
hubag bilad ko akon,vaginal swelling,hiligaynon,active
hubag bilad ko akon gid,vaginal swelling,hiligaynon,active
hubag bilad ko akon subong,vaginal swelling,hiligaynon,active
hubag bilad ko gid,vaginal swelling,hiligaynon,active
hubag bilad ko gid ko,vaginal swelling,hiligaynon,active
hubag bilad ko ko,vaginal swelling,hiligaynon,active
hubag bilad ko ko gid,vaginal swelling,hiligaynon,active
hubag bilat,vaginal swelling,hiligaynon,active
hubag bilat ako,vaginal swelling,hiligaynon,active
hubag bilat akon,vaginal swelling,hiligaynon,active
hubag bilat akon gid,vaginal swelling,hiligaynon,active
hubag bilat akon subong,vaginal swelling,hiligaynon,active
hubag bilat gid ko,vaginal swelling,hiligaynon,active
hubag bilat ko,vaginal swelling,hiligaynon,active
hubag bilat ko ako,vaginal swelling,hiligaynon,active
hubag bilat ko akon,vaginal swelling,hiligaynon,active
hubag bilat ko akon gid,vaginal swelling,hiligaynon,active
hubag bilat ko akon subong,vaginal swelling,hiligaynon,active
hubag bilat ko gid,vaginal swelling,hiligaynon,active
hubag bilat ko gid ko,vaginal swelling,hiligaynon,active
hubag bilat ko ko,vaginal swelling,hiligaynon,active
hubag bilat ko ko gid,vaginal swelling,hiligaynon,active
hubag buhok akon,hair swelling,hiligaynon,active
hubag buhok akon gid,hair swelling,hiligaynon,active
hubag buhok gid ko,hair swelling,hiligaynon,active
hubag buhok ko,hair swelling,hiligaynon,active
hubag buhok ko gid,hair swelling,hiligaynon,active
hubag buhok man,hair swelling,hiligaynon,active
hubag buhok subong,hair swelling,hiligaynon,active
hubag bukong akon,forehead swelling,hiligaynon,active
hubag bukong akon gid,forehead swelling,hiligaynon,active
hubag bukong gid ko,forehead swelling,hiligaynon,active
hubag bukong ko,forehead swelling,hiligaynon,active
hubag bukong ko gid,forehead swelling,hiligaynon,active
hubag bukong man,forehead swelling,hiligaynon,active
hubag bukong subong,forehead swelling,hiligaynon,active
hubag buuk akon,arm swelling,hiligaynon,active
hubag buuk akon gid,arm swelling,hiligaynon,active
hubag buuk gid ko,arm swelling,hiligaynon,active
hubag buuk ko,arm swelling,hiligaynon,active
hubag buuk ko gid,arm swelling,hiligaynon,active
hubag buuk man,arm swelling,hiligaynon,active
hubag buuk subong,arm swelling,hiligaynon,active
hubag dalunggan akon,ear swelling,hiligaynon,active
hubag dalunggan akon gid,ear swelling,hiligaynon,active
hubag dalunggan gid ko,ear swelling,hiligaynon,active
hubag dalunggan ko,ear swelling,hiligaynon,active
hubag dalunggan ko gid,ear swelling,hiligaynon,active
hubag dalunggan man,ear swelling,hiligaynon,active
hubag dalunggan subong,ear swelling,hiligaynon,active
hubag dila acun,swollen tongue,hiligaynon,active
hubag dila acun gid,swollen tongue,hiligaynon,active
hubag dila akon,swollen tongue,hiligaynon,active
hubag dila akon gid,swollen tongue,hiligaynon,active
hubag dila gid ko,swollen tongue,hiligaynon,active
hubag dila gid ku,swollen tongue,hiligaynon,active
hubag dila ko,swollen tongue,hiligaynon,active
hubag dila ko gid,swollen tongue,hiligaynon,active
hubag dila ku gid,swollen tongue,hiligaynon,active
hubag dila man,swollen tongue,hiligaynon,active
hubag dila subong,swollen tongue,hiligaynon,active
hubag dughan akon,chest swelling,hiligaynon,active
hubag dughan akon gid,chest swelling,hiligaynon,active
hubag dughan gid ko,chest swelling,hiligaynon,active
hubag dughan ko,chest swelling,hiligaynon,active
hubag dughan ko gid,chest swelling,hiligaynon,active
hubag dughan man,chest swelling,hiligaynon,active
hubag dughan subong,chest swelling,hiligaynon,active
hubag gid abaga akon,shoulder swelling,hiligaynon,active
hubag gid abaga akon gid,shoulder swelling,hiligaynon,active
hubag gid abaga gid ko,shoulder swelling,hiligaynon,active
hubag gid abaga ko,shoulder swelling,hiligaynon,active
hubag gid abaga ko gid,shoulder swelling,hiligaynon,active
hubag gid abaga man,shoulder swelling,hiligaynon,active
hubag gid abaga subong,shoulder swelling,hiligaynon,active
hubag gid acun itlog,testicular swelling,hiligaynon,active
hubag gid acun itlog ko,testicular swelling,hiligaynon,active
hubag gid acun itlug,testicular swelling,hiligaynon,active
hubag gid acun itlug ko,testicular swelling,hiligaynon,active
hubag gid akon abaga,shoulder swelling,hiligaynon,active
hubag gid akon ari,penile swelling,hiligaynon,active
hubag gid akon ari ko,penile swelling,hiligaynon,active
hubag gid akon ary,penile swelling,hiligaynon,active
hubag gid akon ary ko,penile swelling,hiligaynon,active
hubag gid akon atay,liver swelling,hiligaynon,active
hubag gid akon awang,jaw swelling,hiligaynon,active
hubag gid akon baba,lip swelling,hiligaynon,active
hubag gid akon balat,skin swelling,hiligaynon,active
hubag gid akon batiis,leg swelling,hiligaynon,active
hubag gid akon bato,kidney swelling,hiligaynon,active
hubag gid akon bayag,scrotal swelling,hiligaynon,active
hubag gid akon baywang,waist swelling,hiligaynon,active
hubag gid akon bilad,vaginal swelling,hiligaynon,active
hubag gid akon bilad ko,vaginal swelling,hiligaynon,active
hubag gid akon bilat,vaginal swelling,hiligaynon,active
hubag gid akon bilat ko,vaginal swelling,hiligaynon,active
hubag gid akon buhok,hair swelling,hiligaynon,active
hubag gid akon bukong,forehead swelling,hiligaynon,active
hubag gid akon buuk,arm swelling,hiligaynon,active
hubag gid akon dalunggan,ear swelling,hiligaynon,active
hubag gid akon dila,swollen tongue,hiligaynon,active
hubag gid akon dughan,chest swelling,hiligaynon,active
hubag gid akon ilong,nasal swelling,hiligaynon,active
hubag gid akon itlog,testicular swelling,hiligaynon,active
hubag gid akon itlog ko,testicular swelling,hiligaynon,active
hubag gid akon itlog ku,testicular swelling,hiligaynon,active
hubag gid akon itlug,testicular swelling,hiligaynon,active
hubag gid akon itlug ko,testicular swelling,hiligaynon,active
hubag gid akon itlug ku,testicular swelling,hiligaynon,active
hubag gid akon kamot,hand swelling,hiligaynon,active
hubag gid akon kuko,nail swelling,hiligaynon,active
hubag gid akon lawas,body swelling,hiligaynon,active
hubag gid akon lawi,nape swelling,hiligaynon,active
hubag gid akon likod,back swelling,hiligaynon,active
hubag gid akon liog,neck swelling,hiligaynon,active
hubag gid akon mata,eye swelling,hiligaynon,active
hubag gid akon ngipon,tooth swelling,hiligaynon,active
hubag gid akon paa,foot swelling,hiligaynon,active
hubag gid akon pilas,wound swelling,hiligaynon,active
hubag gid akon pisngi,facial swelling,hiligaynon,active
hubag gid akon siko,elbow swelling,hiligaynon,active
hubag gid akon singit,groin swelling,hiligaynon,active
hubag gid akon tadlong,forearm swelling,hiligaynon,active
hubag gid akon tagipusuon,heart swelling,hiligaynon,active
hubag gid akon tai,buttocks swelling,hiligaynon,active
hubag gid akon tiil,foot swelling,hiligaynon,active
hubag gid akon tikod,heel swelling,hiligaynon,active
hubag gid akon titi,breast swelling,hiligaynon,active
hubag gid akon tiyan,abdominal swelling,hiligaynon,active
hubag gid akon tudlo,finger swelling,hiligaynon,active
hubag gid akon tuhod,knee swelling,hiligaynon,active
hubag gid akon tungod,throat swelling,hiligaynon,active
hubag gid akon tungtong,ankle swelling,hiligaynon,active
hubag gid akon ulo,head swelling,hiligaynon,active
hubag gid akon utok,brain swelling,hiligaynon,active
hubag gid ari ako,penile swelling,hiligaynon,active
hubag gid ari akon,penile swelling,hiligaynon,active
hubag gid ari akon gid,penile swelling,hiligaynon,active
hubag gid ari akon subong,penile swelling,hiligaynon,active
hubag gid ari gid ko,penile swelling,hiligaynon,active
hubag gid ari ko,penile swelling,hiligaynon,active
hubag gid ari ko ako,penile swelling,hiligaynon,active
hubag gid ari ko akon,penile swelling,hiligaynon,active
hubag gid ari ko akon gid,penile swelling,hiligaynon,active
hubag gid ari ko akon subong,penile swelling,hiligaynon,active
hubag gid ari ko gid,penile swelling,hiligaynon,active
hubag gid ari ko gid ko,penile swelling,hiligaynon,active
hubag gid ari ko ko,penile swelling,hiligaynon,active
hubag gid ari ko ko gid,penile swelling,hiligaynon,active
hubag gid ary ako,penile swelling,hiligaynon,active
hubag gid ary akon,penile swelling,hiligaynon,active
hubag gid ary akon gid,penile swelling,hiligaynon,active
hubag gid ary akon subong,penile swelling,hiligaynon,active
hubag gid ary gid ko,penile swelling,hiligaynon,active
hubag gid ary ko,penile swelling,hiligaynon,active
hubag gid ary ko ako,penile swelling,hiligaynon,active
hubag gid ary ko akon,penile swelling,hiligaynon,active
hubag gid ary ko akon gid,penile swelling,hiligaynon,active
hubag gid ary ko akon subong,penile swelling,hiligaynon,active
hubag gid ary ko gid,penile swelling,hiligaynon,active
hubag gid ary ko gid ko,penile swelling,hiligaynon,active
hubag gid ary ko ko,penile swelling,hiligaynon,active
hubag gid ary ko ko gid,penile swelling,hiligaynon,active
hubag gid atay akon,liver swelling,hiligaynon,active
hubag gid atay akon gid,liver swelling,hiligaynon,active
hubag gid atay gid ko,liver swelling,hiligaynon,active
hubag gid atay ko,liver swelling,hiligaynon,active
hubag gid atay ko gid,liver swelling,hiligaynon,active
hubag gid atay man,liver swelling,hiligaynon,active
hubag gid atay subong,liver swelling,hiligaynon,active
hubag gid awang akon,jaw swelling,hiligaynon,active
hubag gid awang akon gid,jaw swelling,hiligaynon,active
hubag gid awang gid ko,jaw swelling,hiligaynon,active
hubag gid awang ko,jaw swelling,hiligaynon,active
hubag gid awang ko gid,jaw swelling,hiligaynon,active
hubag gid awang man,jaw swelling,hiligaynon,active
hubag gid awang subong,jaw swelling,hiligaynon,active
hubag gid baba akon,lip swelling,hiligaynon,active
hubag gid baba akon gid,lip swelling,hiligaynon,active
hubag gid baba gid ko,lip swelling,hiligaynon,active
hubag gid baba ko,lip swelling,hiligaynon,active
hubag gid baba ko gid,lip swelling,hiligaynon,active
hubag gid baba man,lip swelling,hiligaynon,active
hubag gid baba subong,lip swelling,hiligaynon,active
hubag gid balat akon,skin swelling,hiligaynon,active
hubag gid balat akon gid,skin swelling,hiligaynon,active
hubag gid balat gid ko,skin swelling,hiligaynon,active
hubag gid balat ko,skin swelling,hiligaynon,active
hubag gid balat ko gid,skin swelling,hiligaynon,active
hubag gid balat man,skin swelling,hiligaynon,active
hubag gid balat subong,skin swelling,hiligaynon,active
hubag gid batiis akon,leg swelling,hiligaynon,active
hubag gid batiis akon gid,leg swelling,hiligaynon,active
hubag gid batiis gid ko,leg swelling,hiligaynon,active
hubag gid batiis ko,leg swelling,hiligaynon,active
hubag gid batiis ko gid,leg swelling,hiligaynon,active
hubag gid batiis man,leg swelling,hiligaynon,active
hubag gid batiis subong,leg swelling,hiligaynon,active
hubag gid bato akon,kidney swelling,hiligaynon,active
hubag gid bato akon gid,kidney swelling,hiligaynon,active
hubag gid bato gid ko,kidney swelling,hiligaynon,active
hubag gid bato ko,kidney swelling,hiligaynon,active
hubag gid bato ko gid,kidney swelling,hiligaynon,active
hubag gid bato man,kidney swelling,hiligaynon,active
hubag gid bato subong,kidney swelling,hiligaynon,active
hubag gid bayag ako,scrotal swelling,hiligaynon,active
hubag gid bayag akon,scrotal swelling,hiligaynon,active
hubag gid bayag akon gid,scrotal swelling,hiligaynon,active
hubag gid bayag akon subong,scrotal swelling,hiligaynon,active
hubag gid bayag gid ko,scrotal swelling,hiligaynon,active
hubag gid bayag ko,scrotal swelling,hiligaynon,active
hubag gid bayag ko gid,scrotal swelling,hiligaynon,active
hubag gid baywang akon,waist swelling,hiligaynon,active
hubag gid baywang akon gid,waist swelling,hiligaynon,active
hubag gid baywang gid ko,waist swelling,hiligaynon,active
hubag gid baywang ko,waist swelling,hiligaynon,active
hubag gid baywang ko gid,waist swelling,hiligaynon,active
hubag gid baywang man,waist swelling,hiligaynon,active
hubag gid baywang subong,waist swelling,hiligaynon,active
hubag gid bilad ako,vaginal swelling,hiligaynon,active
hubag gid bilad akon,vaginal swelling,hiligaynon,active
hubag gid bilad akon gid,vaginal swelling,hiligaynon,active
hubag gid bilad akon subong,vaginal swelling,hiligaynon,active
hubag gid bilad gid ko,vaginal swelling,hiligaynon,active
hubag gid bilad ko,vaginal swelling,hiligaynon,active
hubag gid bilad ko ako,vaginal swelling,hiligaynon,active
hubag gid bilad ko akon,vaginal swelling,hiligaynon,active
hubag gid bilad ko akon gid,vaginal swelling,hiligaynon,active
hubag gid bilad ko akon subong,vaginal swelling,hiligaynon,active
hubag gid bilad ko gid,vaginal swelling,hiligaynon,active
hubag gid bilad ko gid ko,vaginal swelling,hiligaynon,active
hubag gid bilad ko ko,vaginal swelling,hiligaynon,active
hubag gid bilad ko ko gid,vaginal swelling,hiligaynon,active
hubag gid bilat ako,vaginal swelling,hiligaynon,active
hubag gid bilat akon,vaginal swelling,hiligaynon,active
hubag gid bilat akon gid,vaginal swelling,hiligaynon,active
hubag gid bilat akon subong,vaginal swelling,hiligaynon,active
hubag gid bilat gid ko,vaginal swelling,hiligaynon,active
hubag gid bilat ko,vaginal swelling,hiligaynon,active
hubag gid bilat ko ako,vaginal swelling,hiligaynon,active
hubag gid bilat ko akon,vaginal swelling,hiligaynon,active
hubag gid bilat ko akon gid,vaginal swelling,hiligaynon,active
hubag gid bilat ko akon subong,vaginal swelling,hiligaynon,active
hubag gid bilat ko gid,vaginal swelling,hiligaynon,active
hubag gid bilat ko gid ko,vaginal swelling,hiligaynon,active
hubag gid bilat ko ko,vaginal swelling,hiligaynon,active
hubag gid bilat ko ko gid,vaginal swelling,hiligaynon,active
hubag gid buhok akon,hair swelling,hiligaynon,active
hubag gid buhok akon gid,hair swelling,hiligaynon,active
hubag gid buhok gid ko,hair swelling,hiligaynon,active
hubag gid buhok ko,hair swelling,hiligaynon,active
hubag gid buhok ko gid,hair swelling,hiligaynon,active
hubag gid buhok man,hair swelling,hiligaynon,active
hubag gid buhok subong,hair swelling,hiligaynon,active
hubag gid bukong akon,forehead swelling,hiligaynon,active
hubag gid bukong akon gid,forehead swelling,hiligaynon,active
hubag gid bukong gid ko,forehead swelling,hiligaynon,active
hubag gid bukong ko,forehead swelling,hiligaynon,active
hubag gid bukong ko gid,forehead swelling,hiligaynon,active
hubag gid bukong man,forehead swelling,hiligaynon,active
hubag gid bukong subong,forehead swelling,hiligaynon,active
hubag gid buuk akon,arm swelling,hiligaynon,active
hubag gid buuk akon gid,arm swelling,hiligaynon,active
hubag gid buuk gid ko,arm swelling,hiligaynon,active
hubag gid buuk ko,arm swelling,hiligaynon,active
hubag gid buuk ko gid,arm swelling,hiligaynon,active
hubag gid buuk man,arm swelling,hiligaynon,active
hubag gid buuk subong,arm swelling,hiligaynon,active
hubag gid dalunggan akon,ear swelling,hiligaynon,active
hubag gid dalunggan akon gid,ear swelling,hiligaynon,active
hubag gid dalunggan gid ko,ear swelling,hiligaynon,active
hubag gid dalunggan ko,ear swelling,hiligaynon,active
hubag gid dalunggan ko gid,ear swelling,hiligaynon,active
hubag gid dalunggan man,ear swelling,hiligaynon,active
hubag gid dalunggan subong,ear swelling,hiligaynon,active
hubag gid dila acun,swollen tongue,hiligaynon,active
hubag gid dila acun gid,swollen tongue,hiligaynon,active
hubag gid dila akon,swollen tongue,hiligaynon,active
hubag gid dila akon gid,swollen tongue,hiligaynon,active
hubag gid dila gid ko,swollen tongue,hiligaynon,active
hubag gid dila gid ku,swollen tongue,hiligaynon,active
hubag gid dila ko,swollen tongue,hiligaynon,active
hubag gid dila ko gid,swollen tongue,hiligaynon,active
hubag gid dila ku,swollen tongue,hiligaynon,active
hubag gid dila ku gid,swollen tongue,hiligaynon,active
hubag gid dila man,swollen tongue,hiligaynon,active
hubag gid dila subong,swollen tongue,hiligaynon,active
hubag gid dughan akon,chest swelling,hiligaynon,active
hubag gid dughan akon gid,chest swelling,hiligaynon,active
hubag gid dughan gid ko,chest swelling,hiligaynon,active
hubag gid dughan ko,chest swelling,hiligaynon,active
hubag gid dughan ko gid,chest swelling,hiligaynon,active
hubag gid dughan man,chest swelling,hiligaynon,active
hubag gid dughan subong,chest swelling,hiligaynon,active
hubag gid ilong akon,nasal swelling,hiligaynon,active
hubag gid ilong akon gid,nasal swelling,hiligaynon,active
hubag gid ilong gid ko,nasal swelling,hiligaynon,active
hubag gid ilong ko,nasal swelling,hiligaynon,active
hubag gid ilong ko gid,nasal swelling,hiligaynon,active
hubag gid ilong man,nasal swelling,hiligaynon,active
hubag gid ilong subong,nasal swelling,hiligaynon,active
hubag gid itlog acun,testicular swelling,hiligaynon,active
hubag gid itlog acun gid,testicular swelling,hiligaynon,active
hubag gid itlog acun subong,testicular swelling,hiligaynon,active
hubag gid itlog ako,testicular swelling,hiligaynon,active
hubag gid itlog akon,testicular swelling,hiligaynon,active
hubag gid itlog akon gid,testicular swelling,hiligaynon,active
hubag gid itlog akon subong,testicular swelling,hiligaynon,active
hubag gid itlog gid ko,testicular swelling,hiligaynon,active
hubag gid itlog gid ku,testicular swelling,hiligaynon,active
hubag gid itlog ko,testicular swelling,hiligaynon,active
hubag gid itlog ko acun,testicular swelling,hiligaynon,active
hubag gid itlog ko acun gid,testicular swelling,hiligaynon,active
hubag gid itlog ko acun subong,testicular swelling,hiligaynon,active
hubag gid itlog ko ako,testicular swelling,hiligaynon,active
hubag gid itlog ko akon,testicular swelling,hiligaynon,active
hubag gid itlog ko akon gid,testicular swelling,hiligaynon,active
hubag gid itlog ko akon subong,testicular swelling,hiligaynon,active
hubag gid itlog ko gid,testicular swelling,hiligaynon,active
hubag gid itlog ko gid ko,testicular swelling,hiligaynon,active
hubag gid itlog ko ko,testicular swelling,hiligaynon,active
hubag gid itlog ko ko gid,testicular swelling,hiligaynon,active
hubag gid itlog ku,testicular swelling,hiligaynon,active
hubag gid itlog ku ako,testicular swelling,hiligaynon,active
hubag gid itlog ku akon,testicular swelling,hiligaynon,active
hubag gid itlog ku akon gid,testicular swelling,hiligaynon,active
hubag gid itlog ku akon subong,testicular swelling,hiligaynon,active
hubag gid itlog ku gid,testicular swelling,hiligaynon,active
hubag gid itlog ku gid ko,testicular swelling,hiligaynon,active
hubag gid itlog ku ko,testicular swelling,hiligaynon,active
hubag gid itlog ku ko gid,testicular swelling,hiligaynon,active
hubag gid itlug acun,testicular swelling,hiligaynon,active
hubag gid itlug acun gid,testicular swelling,hiligaynon,active
hubag gid itlug acun subong,testicular swelling,hiligaynon,active
hubag gid itlug ako,testicular swelling,hiligaynon,active
hubag gid itlug akon,testicular swelling,hiligaynon,active
hubag gid itlug akon gid,testicular swelling,hiligaynon,active
hubag gid itlug akon subong,testicular swelling,hiligaynon,active
hubag gid itlug gid ko,testicular swelling,hiligaynon,active
hubag gid itlug gid ku,testicular swelling,hiligaynon,active
hubag gid itlug ko,testicular swelling,hiligaynon,active
hubag gid itlug ko acun,testicular swelling,hiligaynon,active
hubag gid itlug ko acun gid,testicular swelling,hiligaynon,active
hubag gid itlug ko acun subong,testicular swelling,hiligaynon,active
hubag gid itlug ko ako,testicular swelling,hiligaynon,active
hubag gid itlug ko akon,testicular swelling,hiligaynon,active
hubag gid itlug ko akon gid,testicular swelling,hiligaynon,active
hubag gid itlug ko akon subong,testicular swelling,hiligaynon,active
hubag gid itlug ko gid,testicular swelling,hiligaynon,active
hubag gid itlug ko gid ko,testicular swelling,hiligaynon,active
hubag gid itlug ko ko,testicular swelling,hiligaynon,active
hubag gid itlug ko ko gid,testicular swelling,hiligaynon,active
hubag gid itlug ku,testicular swelling,hiligaynon,active
hubag gid itlug ku ako,testicular swelling,hiligaynon,active
hubag gid itlug ku akon,testicular swelling,hiligaynon,active
hubag gid itlug ku akon gid,testicular swelling,hiligaynon,active
hubag gid itlug ku akon subong,testicular swelling,hiligaynon,active
hubag gid itlug ku gid,testicular swelling,hiligaynon,active
hubag gid itlug ku gid ko,testicular swelling,hiligaynon,active
hubag gid itlug ku ko,testicular swelling,hiligaynon,active
hubag gid itlug ku ko gid,testicular swelling,hiligaynon,active
hubag gid kamot akon,hand swelling,hiligaynon,active
hubag gid kamot akon gid,hand swelling,hiligaynon,active
hubag gid kamot gid ko,hand swelling,hiligaynon,active
hubag gid kamot ko,hand swelling,hiligaynon,active
hubag gid kamot ko gid,hand swelling,hiligaynon,active
hubag gid kamot man,hand swelling,hiligaynon,active
hubag gid kamot subong,hand swelling,hiligaynon,active
hubag gid kuko akon,nail swelling,hiligaynon,active
hubag gid kuko akon gid,nail swelling,hiligaynon,active
hubag gid kuko gid ko,nail swelling,hiligaynon,active
hubag gid kuko ko,nail swelling,hiligaynon,active
hubag gid kuko ko gid,nail swelling,hiligaynon,active
hubag gid kuko man,nail swelling,hiligaynon,active
hubag gid kuko subong,nail swelling,hiligaynon,active
hubag gid lawas akon,body swelling,hiligaynon,active
hubag gid lawas akon gid,body swelling,hiligaynon,active
hubag gid lawas gid ko,body swelling,hiligaynon,active
hubag gid lawas ko,body swelling,hiligaynon,active
hubag gid lawas ko gid,body swelling,hiligaynon,active
hubag gid lawas man,body swelling,hiligaynon,active
hubag gid lawas subong,body swelling,hiligaynon,active
hubag gid lawi akon,nape swelling,hiligaynon,active
hubag gid lawi akon gid,nape swelling,hiligaynon,active
hubag gid lawi gid ko,nape swelling,hiligaynon,active
hubag gid lawi ko,nape swelling,hiligaynon,active
hubag gid lawi ko gid,nape swelling,hiligaynon,active
hubag gid lawi man,nape swelling,hiligaynon,active
hubag gid lawi subong,nape swelling,hiligaynon,active
hubag gid likod akon,back swelling,hiligaynon,active
hubag gid likod akon gid,back swelling,hiligaynon,active
hubag gid likod gid ko,back swelling,hiligaynon,active
hubag gid likod ko,back swelling,hiligaynon,active
hubag gid likod ko gid,back swelling,hiligaynon,active
hubag gid likod man,back swelling,hiligaynon,active
hubag gid likod subong,back swelling,hiligaynon,active
hubag gid liog akon,neck swelling,hiligaynon,active
hubag gid liog akon gid,neck swelling,hiligaynon,active
hubag gid liog gid ko,neck swelling,hiligaynon,active
hubag gid liog ko,neck swelling,hiligaynon,active
hubag gid liog ko gid,neck swelling,hiligaynon,active
hubag gid liog man,neck swelling,hiligaynon,active
hubag gid liog subong,neck swelling,hiligaynon,active
hubag gid mata akon,eye swelling,hiligaynon,active
hubag gid mata akon gid,eye swelling,hiligaynon,active
hubag gid mata gid ko,eye swelling,hiligaynon,active
hubag gid mata ko,eye swelling,hiligaynon,active
hubag gid mata ko gid,eye swelling,hiligaynon,active
hubag gid mata man,eye swelling,hiligaynon,active
hubag gid mata subong,eye swelling,hiligaynon,active
hubag gid ngipon akon,tooth swelling,hiligaynon,active
hubag gid ngipon akon gid,tooth swelling,hiligaynon,active
hubag gid ngipon gid ko,tooth swelling,hiligaynon,active
hubag gid ngipon ko,tooth swelling,hiligaynon,active
hubag gid ngipon ko gid,tooth swelling,hiligaynon,active
hubag gid ngipon man,tooth swelling,hiligaynon,active
hubag gid ngipon subong,tooth swelling,hiligaynon,active
hubag gid paa akon,foot swelling,hiligaynon,active
hubag gid paa akon gid,foot swelling,hiligaynon,active
hubag gid paa gid ko,foot swelling,hiligaynon,active
hubag gid paa ko,foot swelling,hiligaynon,active
hubag gid paa ko gid,foot swelling,hiligaynon,active
hubag gid paa man,foot swelling,hiligaynon,active
hubag gid paa subong,foot swelling,hiligaynon,active
hubag gid pilas akon,wound swelling,hiligaynon,active
hubag gid pilas akon gid,wound swelling,hiligaynon,active
hubag gid pilas gid ko,wound swelling,hiligaynon,active
hubag gid pilas ko,wound swelling,hiligaynon,active
hubag gid pilas ko gid,wound swelling,hiligaynon,active
hubag gid pilas man,wound swelling,hiligaynon,active
hubag gid pilas subong,wound swelling,hiligaynon,active
hubag gid pisngi akon,facial swelling,hiligaynon,active
hubag gid pisngi akon gid,facial swelling,hiligaynon,active
hubag gid pisngi gid ko,facial swelling,hiligaynon,active
hubag gid pisngi ko,facial swelling,hiligaynon,active
hubag gid pisngi ko gid,facial swelling,hiligaynon,active
hubag gid pisngi man,facial swelling,hiligaynon,active
hubag gid pisngi subong,facial swelling,hiligaynon,active
hubag gid siko akon,elbow swelling,hiligaynon,active
hubag gid siko akon gid,elbow swelling,hiligaynon,active
hubag gid siko gid ko,elbow swelling,hiligaynon,active
hubag gid siko ko,elbow swelling,hiligaynon,active
hubag gid siko ko gid,elbow swelling,hiligaynon,active
hubag gid siko man,elbow swelling,hiligaynon,active
hubag gid siko subong,elbow swelling,hiligaynon,active
hubag gid singit ako,groin swelling,hiligaynon,active
hubag gid singit akon,groin swelling,hiligaynon,active
hubag gid singit akon gid,groin swelling,hiligaynon,active
hubag gid singit akon subong,groin swelling,hiligaynon,active
hubag gid singit gid ko,groin swelling,hiligaynon,active
hubag gid singit ko,groin swelling,hiligaynon,active
hubag gid singit ko gid,groin swelling,hiligaynon,active
hubag gid tadlong akon,forearm swelling,hiligaynon,active
hubag gid tadlong akon gid,forearm swelling,hiligaynon,active
hubag gid tadlong gid ko,forearm swelling,hiligaynon,active
hubag gid tadlong ko,forearm swelling,hiligaynon,active
hubag gid tadlong ko gid,forearm swelling,hiligaynon,active
hubag gid tadlong man,forearm swelling,hiligaynon,active
hubag gid tadlong subong,forearm swelling,hiligaynon,active
hubag gid tagipusuon akon,heart swelling,hiligaynon,active
hubag gid tagipusuon akon gid,heart swelling,hiligaynon,active
hubag gid tagipusuon gid ko,heart swelling,hiligaynon,active
hubag gid tagipusuon ko,heart swelling,hiligaynon,active
hubag gid tagipusuon ko gid,heart swelling,hiligaynon,active
hubag gid tagipusuon man,heart swelling,hiligaynon,active
hubag gid tagipusuon subong,heart swelling,hiligaynon,active
hubag gid tai akon,buttocks swelling,hiligaynon,active
hubag gid tai akon gid,buttocks swelling,hiligaynon,active
hubag gid tai gid ko,buttocks swelling,hiligaynon,active
hubag gid tai ko,buttocks swelling,hiligaynon,active
hubag gid tai ko gid,buttocks swelling,hiligaynon,active
hubag gid tai man,buttocks swelling,hiligaynon,active
hubag gid tai subong,buttocks swelling,hiligaynon,active
hubag gid tiil akon,foot swelling,hiligaynon,active
hubag gid tiil akon gid,foot swelling,hiligaynon,active
hubag gid tiil gid ko,foot swelling,hiligaynon,active
hubag gid tiil ko,foot swelling,hiligaynon,active
hubag gid tiil ko gid,foot swelling,hiligaynon,active
hubag gid tiil man,foot swelling,hiligaynon,active
hubag gid tiil subong,foot swelling,hiligaynon,active
hubag gid tikod akon,heel swelling,hiligaynon,active
hubag gid tikod akon gid,heel swelling,hiligaynon,active
hubag gid tikod gid ko,heel swelling,hiligaynon,active
hubag gid tikod ko,heel swelling,hiligaynon,active
hubag gid tikod ko gid,heel swelling,hiligaynon,active
hubag gid tikod man,heel swelling,hiligaynon,active
hubag gid tikod subong,heel swelling,hiligaynon,active
hubag gid titi akon,breast swelling,hiligaynon,active
hubag gid titi akon gid,breast swelling,hiligaynon,active
hubag gid titi gid ko,breast swelling,hiligaynon,active
hubag gid titi ko,breast swelling,hiligaynon,active
hubag gid titi ko gid,breast swelling,hiligaynon,active
hubag gid titi man,breast swelling,hiligaynon,active
hubag gid titi subong,breast swelling,hiligaynon,active
hubag gid tiyan akon,abdominal swelling,hiligaynon,active
hubag gid tiyan akon gid,abdominal swelling,hiligaynon,active
hubag gid tiyan gid ko,abdominal swelling,hiligaynon,active
hubag gid tiyan ko,abdominal swelling,hiligaynon,active
hubag gid tiyan ko gid,abdominal swelling,hiligaynon,active
hubag gid tiyan man,abdominal swelling,hiligaynon,active
hubag gid tiyan subong,abdominal swelling,hiligaynon,active
hubag gid tudlo akon,finger swelling,hiligaynon,active
hubag gid tudlo akon gid,finger swelling,hiligaynon,active
hubag gid tudlo gid ko,finger swelling,hiligaynon,active
hubag gid tudlo ko,finger swelling,hiligaynon,active
hubag gid tudlo ko gid,finger swelling,hiligaynon,active
hubag gid tudlo man,finger swelling,hiligaynon,active
hubag gid tudlo subong,finger swelling,hiligaynon,active
hubag gid tuhod akon,knee swelling,hiligaynon,active
hubag gid tuhod akon gid,knee swelling,hiligaynon,active
hubag gid tuhod gid ko,knee swelling,hiligaynon,active
hubag gid tuhod ko,knee swelling,hiligaynon,active
hubag gid tuhod ko gid,knee swelling,hiligaynon,active
hubag gid tuhod man,knee swelling,hiligaynon,active
hubag gid tuhod subong,knee swelling,hiligaynon,active
hubag gid tungod acun,throat swelling,hiligaynon,active
hubag gid tungod acun gid,throat swelling,hiligaynon,active
hubag gid tungod akon,throat swelling,hiligaynon,active
hubag gid tungod akon gid,throat swelling,hiligaynon,active
hubag gid tungod gid ko,throat swelling,hiligaynon,active
hubag gid tungod gid ku,throat swelling,hiligaynon,active
hubag gid tungod ko,throat swelling,hiligaynon,active
hubag gid tungod ko gid,throat swelling,hiligaynon,active
hubag gid tungod ku,throat swelling,hiligaynon,active
hubag gid tungod ku gid,throat swelling,hiligaynon,active
hubag gid tungod man,throat swelling,hiligaynon,active
hubag gid tungod subong,throat swelling,hiligaynon,active
hubag gid tungtong akon,ankle swelling,hiligaynon,active
hubag gid tungtong akon gid,ankle swelling,hiligaynon,active
hubag gid tungtong gid ko,ankle swelling,hiligaynon,active
hubag gid tungtong ko,ankle swelling,hiligaynon,active
hubag gid tungtong ko gid,ankle swelling,hiligaynon,active
hubag gid tungtong man,ankle swelling,hiligaynon,active
hubag gid tungtong subong,ankle swelling,hiligaynon,active
hubag gid ulo akon,head swelling,hiligaynon,active
hubag gid ulo akon gid,head swelling,hiligaynon,active
hubag gid ulo gid ko,head swelling,hiligaynon,active
hubag gid ulo ko,head swelling,hiligaynon,active
hubag gid ulo ko gid,head swelling,hiligaynon,active
hubag gid ulo man,head swelling,hiligaynon,active
hubag gid ulo subong,head swelling,hiligaynon,active
hubag gid utok akon,brain swelling,hiligaynon,active
hubag gid utok akon gid,brain swelling,hiligaynon,active
hubag gid utok gid ko,brain swelling,hiligaynon,active
hubag gid utok ko,brain swelling,hiligaynon,active
hubag gid utok ko gid,brain swelling,hiligaynon,active
hubag gid utok man,brain swelling,hiligaynon,active
hubag gid utok subong,brain swelling,hiligaynon,active
hubag ilong akon,nasal swelling,hiligaynon,active
hubag ilong akon gid,nasal swelling,hiligaynon,active
hubag ilong gid ko,nasal swelling,hiligaynon,active
hubag ilong ko,nasal swelling,hiligaynon,active
hubag ilong ko gid,nasal swelling,hiligaynon,active
hubag ilong man,nasal swelling,hiligaynon,active
hubag ilong subong,nasal swelling,hiligaynon,active
hubag itlog acun,testicular swelling,hiligaynon,active
hubag itlog acun gid,testicular swelling,hiligaynon,active
hubag itlog acun subong,testicular swelling,hiligaynon,active
hubag itlog ako,testicular swelling,hiligaynon,active
hubag itlog akon,testicular swelling,hiligaynon,active
hubag itlog akon gid,testicular swelling,hiligaynon,active
hubag itlog akon subong,testicular swelling,hiligaynon,active
hubag itlog gid ko,testicular swelling,hiligaynon,active
hubag itlog gid ku,testicular swelling,hiligaynon,active
hubag itlog ko,testicular swelling,hiligaynon,active
hubag itlog ko acun,testicular swelling,hiligaynon,active
hubag itlog ko acun gid,testicular swelling,hiligaynon,active
hubag itlog ko acun subong,testicular swelling,hiligaynon,active
hubag itlog ko ako,testicular swelling,hiligaynon,active
hubag itlog ko akon,testicular swelling,hiligaynon,active
hubag itlog ko akon gid,testicular swelling,hiligaynon,active
hubag itlog ko akon subong,testicular swelling,hiligaynon,active
hubag itlog ko gid,testicular swelling,hiligaynon,active
hubag itlog ko gid ko,testicular swelling,hiligaynon,active
hubag itlog ko ko,testicular swelling,hiligaynon,active
hubag itlog ko ko gid,testicular swelling,hiligaynon,active
hubag itlog ku,testicular swelling,hiligaynon,active
hubag itlog ku ako,testicular swelling,hiligaynon,active
hubag itlog ku akon,testicular swelling,hiligaynon,active
hubag itlog ku akon gid,testicular swelling,hiligaynon,active
hubag itlog ku akon subong,testicular swelling,hiligaynon,active
hubag itlog ku gid,testicular swelling,hiligaynon,active
hubag itlog ku gid ko,testicular swelling,hiligaynon,active
hubag itlog ku ko,testicular swelling,hiligaynon,active
hubag itlog ku ko gid,testicular swelling,hiligaynon,active
hubag itlug acun,testicular swelling,hiligaynon,active
hubag itlug acun gid,testicular swelling,hiligaynon,active
hubag itlug acun subong,testicular swelling,hiligaynon,active
hubag itlug ako,testicular swelling,hiligaynon,active
hubag itlug akon,testicular swelling,hiligaynon,active
hubag itlug akon gid,testicular swelling,hiligaynon,active
hubag itlug akon subong,testicular swelling,hiligaynon,active
hubag itlug gid ko,testicular swelling,hiligaynon,active
hubag itlug gid ku,testicular swelling,hiligaynon,active
hubag itlug ko,testicular swelling,hiligaynon,active
hubag itlug ko acun,testicular swelling,hiligaynon,active
hubag itlug ko acun gid,testicular swelling,hiligaynon,active
hubag itlug ko acun subong,testicular swelling,hiligaynon,active
hubag itlug ko ako,testicular swelling,hiligaynon,active
hubag itlug ko akon,testicular swelling,hiligaynon,active
hubag itlug ko akon gid,testicular swelling,hiligaynon,active
hubag itlug ko akon subong,testicular swelling,hiligaynon,active
hubag itlug ko gid,testicular swelling,hiligaynon,active
hubag itlug ko gid ko,testicular swelling,hiligaynon,active
hubag itlug ko ko,testicular swelling,hiligaynon,active
hubag itlug ko ko gid,testicular swelling,hiligaynon,active
hubag itlug ku,testicular swelling,hiligaynon,active
hubag itlug ku ako,testicular swelling,hiligaynon,active
hubag itlug ku akon,testicular swelling,hiligaynon,active
hubag itlug ku akon gid,testicular swelling,hiligaynon,active
hubag itlug ku akon subong,testicular swelling,hiligaynon,active
hubag itlug ku gid,testicular swelling,hiligaynon,active
hubag itlug ku gid ko,testicular swelling,hiligaynon,active
hubag itlug ku ko,testicular swelling,hiligaynon,active
hubag itlug ku ko gid,testicular swelling,hiligaynon,active
hubag kamot akon,hand swelling,hiligaynon,active
hubag kamot akon gid,hand swelling,hiligaynon,active
hubag kamot gid ko,hand swelling,hiligaynon,active
hubag kamot ko,hand swelling,hiligaynon,active
hubag kamot ko gid,hand swelling,hiligaynon,active
hubag kamot man,hand swelling,hiligaynon,active
hubag kamot subong,hand swelling,hiligaynon,active
hubag kuko akon,nail swelling,hiligaynon,active
hubag kuko akon gid,nail swelling,hiligaynon,active
hubag kuko gid ko,nail swelling,hiligaynon,active
hubag kuko ko,nail swelling,hiligaynon,active
hubag kuko ko gid,nail swelling,hiligaynon,active
hubag kuko man,nail swelling,hiligaynon,active
hubag kuko subong,nail swelling,hiligaynon,active
hubag lawas,hives,hiligaynon,active
hubag lawas akon,body swelling,hiligaynon,active
hubag lawas akon gid,body swelling,hiligaynon,active
hubag lawas gid ko,body swelling,hiligaynon,active
hubag lawas ko,body swelling,hiligaynon,active
hubag lawas ko gid,body swelling,hiligaynon,active
hubag lawas man,body swelling,hiligaynon,active
hubag lawas subong,body swelling,hiligaynon,active
hubag lawi akon,nape swelling,hiligaynon,active
hubag lawi akon gid,nape swelling,hiligaynon,active
hubag lawi gid ko,nape swelling,hiligaynon,active
hubag lawi ko,nape swelling,hiligaynon,active
hubag lawi ko gid,nape swelling,hiligaynon,active
hubag lawi man,nape swelling,hiligaynon,active
hubag lawi subong,nape swelling,hiligaynon,active
hubag likod akon,back swelling,hiligaynon,active
hubag likod akon gid,back swelling,hiligaynon,active
hubag likod gid ko,back swelling,hiligaynon,active
hubag likod ko,back swelling,hiligaynon,active
hubag likod ko gid,back swelling,hiligaynon,active
hubag likod man,back swelling,hiligaynon,active
hubag likod subong,back swelling,hiligaynon,active
hubag liog akon,neck swelling,hiligaynon,active
hubag liog akon gid,neck swelling,hiligaynon,active
hubag liog gid ko,neck swelling,hiligaynon,active
hubag liog ko,neck swelling,hiligaynon,active
hubag liog ko gid,neck swelling,hiligaynon,active
hubag liog man,neck swelling,hiligaynon,active
hubag liog subong,neck swelling,hiligaynon,active
hubag mata,eye swelling,hiligaynon,active
hubag mata akon,eye swelling,hiligaynon,active
hubag mata akon gid,eye swelling,hiligaynon,active
hubag mata gid ko,eye swelling,hiligaynon,active
hubag mata ko,eye swelling,hiligaynon,active
hubag mata ko gid,eye swelling,hiligaynon,active
hubag mata man,eye swelling,hiligaynon,active
hubag mata subong,eye swelling,hiligaynon,active
hubag ngipon akon,tooth swelling,hiligaynon,active
hubag ngipon akon gid,tooth swelling,hiligaynon,active
hubag ngipon gid ko,tooth swelling,hiligaynon,active
hubag ngipon ko,tooth swelling,hiligaynon,active
hubag ngipon ko gid,tooth swelling,hiligaynon,active
hubag ngipon man,tooth swelling,hiligaynon,active
hubag ngipon subong,tooth swelling,hiligaynon,active
hubag paa akon,foot swelling,hiligaynon,active
hubag paa akon gid,foot swelling,hiligaynon,active
hubag paa gid ko,foot swelling,hiligaynon,active
hubag paa ko,foot swelling,hiligaynon,active
hubag paa ko gid,foot swelling,hiligaynon,active
hubag paa man,foot swelling,hiligaynon,active
hubag paa subong,foot swelling,hiligaynon,active
hubag pilas akon,wound swelling,hiligaynon,active
hubag pilas akon gid,wound swelling,hiligaynon,active
hubag pilas gid ko,wound swelling,hiligaynon,active
hubag pilas ko,wound swelling,hiligaynon,active
hubag pilas ko gid,wound swelling,hiligaynon,active
hubag pilas man,wound swelling,hiligaynon,active
hubag pilas subong,wound swelling,hiligaynon,active
hubag pisngi akon,facial swelling,hiligaynon,active
hubag pisngi akon gid,facial swelling,hiligaynon,active
hubag pisngi gid ko,facial swelling,hiligaynon,active
hubag pisngi ko,facial swelling,hiligaynon,active
hubag pisngi ko gid,facial swelling,hiligaynon,active
hubag pisngi man,facial swelling,hiligaynon,active
hubag pisngi subong,facial swelling,hiligaynon,active
hubag siko akon,elbow swelling,hiligaynon,active
hubag siko akon gid,elbow swelling,hiligaynon,active
hubag siko gid ko,elbow swelling,hiligaynon,active
hubag siko ko,elbow swelling,hiligaynon,active
hubag siko ko gid,elbow swelling,hiligaynon,active
hubag siko man,elbow swelling,hiligaynon,active
hubag siko subong,elbow swelling,hiligaynon,active
hubag singit ako,groin swelling,hiligaynon,active
hubag singit akon,groin swelling,hiligaynon,active
hubag singit akon gid,groin swelling,hiligaynon,active
hubag singit akon subong,groin swelling,hiligaynon,active
hubag singit gid ko,groin swelling,hiligaynon,active
hubag singit ko,groin swelling,hiligaynon,active
hubag singit ko gid,groin swelling,hiligaynon,active
hubag tadlong akon,forearm swelling,hiligaynon,active
hubag tadlong akon gid,forearm swelling,hiligaynon,active
hubag tadlong gid ko,forearm swelling,hiligaynon,active
hubag tadlong ko,forearm swelling,hiligaynon,active
hubag tadlong ko gid,forearm swelling,hiligaynon,active
hubag tadlong man,forearm swelling,hiligaynon,active
hubag tadlong subong,forearm swelling,hiligaynon,active
hubag tagipusuon akon,heart swelling,hiligaynon,active
hubag tagipusuon akon gid,heart swelling,hiligaynon,active
hubag tagipusuon gid ko,heart swelling,hiligaynon,active
hubag tagipusuon ko,heart swelling,hiligaynon,active
hubag tagipusuon ko gid,heart swelling,hiligaynon,active
hubag tagipusuon man,heart swelling,hiligaynon,active
hubag tagipusuon subong,heart swelling,hiligaynon,active
hubag tai akon,buttocks swelling,hiligaynon,active
hubag tai akon gid,buttocks swelling,hiligaynon,active
hubag tai gid ko,buttocks swelling,hiligaynon,active
hubag tai ko,buttocks swelling,hiligaynon,active
hubag tai ko gid,buttocks swelling,hiligaynon,active
hubag tai man,buttocks swelling,hiligaynon,active
hubag tai subong,buttocks swelling,hiligaynon,active
hubag tiil akon,foot swelling,hiligaynon,active
hubag tiil akon gid,foot swelling,hiligaynon,active
hubag tiil gid ko,foot swelling,hiligaynon,active
hubag tiil ko,foot swelling,hiligaynon,active
hubag tiil ko gid,foot swelling,hiligaynon,active
hubag tiil man,foot swelling,hiligaynon,active
hubag tiil subong,foot swelling,hiligaynon,active
hubag tikod akon,heel swelling,hiligaynon,active
hubag tikod akon gid,heel swelling,hiligaynon,active
hubag tikod gid ko,heel swelling,hiligaynon,active
hubag tikod ko,heel swelling,hiligaynon,active
hubag tikod ko gid,heel swelling,hiligaynon,active
hubag tikod man,heel swelling,hiligaynon,active
hubag tikod subong,heel swelling,hiligaynon,active
hubag titi akon,breast swelling,hiligaynon,active
hubag titi akon gid,breast swelling,hiligaynon,active
hubag titi gid ko,breast swelling,hiligaynon,active
hubag titi ko,breast swelling,hiligaynon,active
hubag titi ko gid,breast swelling,hiligaynon,active
hubag titi man,breast swelling,hiligaynon,active
hubag titi subong,breast swelling,hiligaynon,active
hubag tiyan akon,abdominal swelling,hiligaynon,active
hubag tiyan akon gid,abdominal swelling,hiligaynon,active
hubag tiyan gid ko,abdominal swelling,hiligaynon,active
hubag tiyan ko,abdominal swelling,hiligaynon,active
hubag tiyan ko gid,abdominal swelling,hiligaynon,active
hubag tiyan man,abdominal swelling,hiligaynon,active
hubag tiyan subong,abdominal swelling,hiligaynon,active
hubag tudlo akon,finger swelling,hiligaynon,active
hubag tudlo akon gid,finger swelling,hiligaynon,active
hubag tudlo gid ko,finger swelling,hiligaynon,active
hubag tudlo ko,finger swelling,hiligaynon,active
hubag tudlo ko gid,finger swelling,hiligaynon,active
hubag tudlo man,finger swelling,hiligaynon,active
hubag tudlo subong,finger swelling,hiligaynon,active
hubag tuhod akon,knee swelling,hiligaynon,active
hubag tuhod akon gid,knee swelling,hiligaynon,active
hubag tuhod gid ko,knee swelling,hiligaynon,active
hubag tuhod ko,knee swelling,hiligaynon,active
hubag tuhod ko gid,knee swelling,hiligaynon,active
hubag tuhod man,knee swelling,hiligaynon,active
hubag tuhod subong,knee swelling,hiligaynon,active
hubag tungod acun,throat swelling,hiligaynon,active
hubag tungod acun gid,throat swelling,hiligaynon,active
hubag tungod akon,throat swelling,hiligaynon,active
hubag tungod akon gid,throat swelling,hiligaynon,active
hubag tungod gid ko,throat swelling,hiligaynon,active
hubag tungod gid ku,throat swelling,hiligaynon,active
hubag tungod ko,throat swelling,hiligaynon,active
hubag tungod ko gid,throat swelling,hiligaynon,active
hubag tungod ku gid,throat swelling,hiligaynon,active
hubag tungod man,throat swelling,hiligaynon,active
hubag tungod subong,throat swelling,hiligaynon,active
hubag tungtong akon,ankle swelling,hiligaynon,active
hubag tungtong akon gid,ankle swelling,hiligaynon,active
hubag tungtong gid ko,ankle swelling,hiligaynon,active
hubag tungtong ko,ankle swelling,hiligaynon,active
hubag tungtong ko gid,ankle swelling,hiligaynon,active
hubag tungtong man,ankle swelling,hiligaynon,active
hubag tungtong subong,ankle swelling,hiligaynon,active
hubag ulo akon,head swelling,hiligaynon,active
hubag ulo akon gid,head swelling,hiligaynon,active
hubag ulo gid ko,head swelling,hiligaynon,active
hubag ulo ko,head swelling,hiligaynon,active
hubag ulo ko gid,head swelling,hiligaynon,active
hubag ulo man,head swelling,hiligaynon,active
hubag ulo subong,head swelling,hiligaynon,active
hubag utok akon,brain swelling,hiligaynon,active
hubag utok akon gid,brain swelling,hiligaynon,active
hubag utok gid ko,brain swelling,hiligaynon,active
hubag utok ko,brain swelling,hiligaynon,active
hubag utok ko gid,brain swelling,hiligaynon,active
hubag utok man,brain swelling,hiligaynon,active
hubag utok subong,brain swelling,hiligaynon,active
hubag-hubag,urticaria,hiligaynon,active
huyang lawas,weakness,hiligaynon,active
huyang lawas ko,weakness,hiligaynon,active
hypertension,essential (primary) hypertension,hiligaynon,active
hypertension sa buntis,preeclampsia,hiligaynon,active
hypertensive,hypertension,hiligaynon,active
hypertention,hypertension,hiligaynon,active
hyperthyroid,hyperthyroidism,hiligaynon,active
hyperthyroidism,hyperthyroidism,hiligaynon,active
hypertnsion,hypertension,hiligaynon,active
hypoglycemia,hypoglycemia,hiligaynon,active
hypothyroid,hypothyroidism,hiligaynon,active
hypothyroidism,hypothyroidism,hiligaynon,active
ibd,inflammatory bowel disease,hiligaynon,active
ibs,irritable bowel syndrome,hiligaynon,active
ibuprofen allergy,ibuprofen allergy,hiligaynon,active
ilong,nose,hiligaynon,active
impeksyon,infection,hiligaynon,active
impetigo,impetigo,hiligaynon,active
indi ko kaginhawa,cannot breathe,hiligaynon,active
indi mapunggan ang dugo sa ari,uncontrolled penile bleeding,hiligaynon,active
indi mapunggan ang dugo sa ari ko,severe penis bleeding,hiligaynon,active
indi mapunggan ang dugo sa ari ko ko,severe penis bleeding,hiligaynon,active
indi mapunggan ang dugo sa ary ko,severe penis bleeding,hiligaynon,active
indi mapunggan ang dugo sa ary ko ko,severe penis bleeding,hiligaynon,active
indi mapunggan ang dugo sa bilad ko,severe vagina bleeding,hiligaynon,active
indi mapunggan ang dugo sa bilad ko ko,severe vagina bleeding,hiligaynon,active
indi mapunggan ang dugo sa bilat ko,severe vagina bleeding,hiligaynon,active
indi mapunggan ang dugo sa bilat ko ko,severe vagina bleeding,hiligaynon,active
indi mapunggan ang dugo sa itlog ko,severe testicle bleeding,hiligaynon,active
indi mapunggan ang dugo sa itlog ko ko,severe testicle bleeding,hiligaynon,active
indi mapunggan ang dugo sa itlug ko,severe testicle bleeding,hiligaynon,active
indi mapunggan ang dugo sa itlug ko ko,severe testicle bleeding,hiligaynon,active
infection,infection,hiligaynon,active
influenza,influenza,hiligaynon,active
init,fever,hiligaynon,active
init lawas,fever,hiligaynon,active
init lawas ko,fever,hiligaynon,active
init ng katawan,fever,hiligaynon,active
init nga dugo,hypertension,hiligaynon,active
init nga lawas,fever,hiligaynon,active
insect bite allergy,insect sting allergy,hiligaynon,active
insomnia,insomnia,hiligaynon,active
insulin,diabetes,hiligaynon,active
intestinal parasite,parasitic infection,hiligaynon,active
iodine allergy,iodine allergy,hiligaynon,active
iron low,iron deficiency anemia,hiligaynon,active
irregular heartbeat,arrhythmia,hiligaynon,active
irritable bowel,irritable bowel syndrome,hiligaynon,active
itching,itching,hiligaynon,active
itchy,itching,hiligaynon,active
jaundice,jaundice,hiligaynon,active
jewelry allergy,nickel allergy,hiligaynon,active
joint pain,joint pain,hiligaynon,active
kabalis,anxiety disorder,hiligaynon,active
kabog,gastroesophageal reflux disease,hiligaynon,active
kagapon gahika ko,cough,hiligaynon,active
kagapon gahubag tiyan ko,abdominal swelling,hiligaynon,active
kagapon galuya lawas ko,body weakness,hiligaynon,active
kagapon gasakit ulo ko,head pain,hiligaynon,active
kagapon ginadudul-om ko,diarrhea,hiligaynon,active
kagapon ginahilanat ko,fever,hiligaynon,active
kagapon may nana akon mata,eye infection,hiligaynon,active
kagapon may pilas ko sa kamot,hand wound,hiligaynon,active
kagat ido,dog bite,hiligaynon,active
kagat lamok,mosquito bite,hiligaynon,active
kahawa sa tb,tuberculosis,hiligaynon,active
kakapoy,fatigue,hiligaynon,active
kakatol,itching,hiligaynon,active
kakatol akon ari,penile itching,hiligaynon,active
kakatol akon ari ko,penile itching,hiligaynon,active
kakatol akon ary,penile itching,hiligaynon,active
kakatol akon ary ko,penile itching,hiligaynon,active
kakatol akon bilad,vaginal itching,hiligaynon,active
kakatol akon bilad ko,vaginal itching,hiligaynon,active
kakatol akon bilat,vaginal itching,hiligaynon,active
kakatol akon bilat ko,vaginal itching,hiligaynon,active
kakatol akon itlog,testicular itching,hiligaynon,active
kakatol akon itlog ko,testicular itching,hiligaynon,active
kakatol akon itlug,testicular itching,hiligaynon,active
kakatol akon itlug ko,testicular itching,hiligaynon,active
kakatol akon kipay,vulvar itching,hiligaynon,active
kakatol ari ako,penile itching,hiligaynon,active
kakatol ari akon,penile itching,hiligaynon,active
kakatol ari akon gid,penile itching,hiligaynon,active
kakatol ari akon subong,penile itching,hiligaynon,active
kakatol ari gid ko,penile itching,hiligaynon,active
kakatol ari ko,penile itching,hiligaynon,active
kakatol ari ko ako,penile itching,hiligaynon,active
kakatol ari ko akon,penile itching,hiligaynon,active
kakatol ari ko akon gid,penile itching,hiligaynon,active
kakatol ari ko akon subong,penile itching,hiligaynon,active
kakatol ari ko gid,penile itching,hiligaynon,active
kakatol ari ko gid ko,penile itching,hiligaynon,active
kakatol ari ko ko,penile itching,hiligaynon,active
kakatol ari ko ko gid,penile itching,hiligaynon,active
kakatol ary ako,penile itching,hiligaynon,active
kakatol ary akon,penile itching,hiligaynon,active
kakatol ary akon gid,penile itching,hiligaynon,active
kakatol ary akon subong,penile itching,hiligaynon,active
kakatol ary gid ko,penile itching,hiligaynon,active
kakatol ary ko,penile itching,hiligaynon,active
kakatol ary ko ako,penile itching,hiligaynon,active
kakatol ary ko akon,penile itching,hiligaynon,active
kakatol ary ko akon gid,penile itching,hiligaynon,active
kakatol ary ko akon subong,penile itching,hiligaynon,active
kakatol ary ko gid,penile itching,hiligaynon,active
kakatol ary ko gid ko,penile itching,hiligaynon,active
kakatol ary ko ko,penile itching,hiligaynon,active
kakatol ary ko ko gid,penile itching,hiligaynon,active
kakatol bilad ako,vaginal itching,hiligaynon,active
kakatol bilad akon,vaginal itching,hiligaynon,active
kakatol bilad akon gid,vaginal itching,hiligaynon,active
kakatol bilad akon subong,vaginal itching,hiligaynon,active
kakatol bilad gid ko,vaginal itching,hiligaynon,active
kakatol bilad ko,vaginal itching,hiligaynon,active
kakatol bilad ko ako,vaginal itching,hiligaynon,active
kakatol bilad ko akon,vaginal itching,hiligaynon,active
kakatol bilad ko akon gid,vaginal itching,hiligaynon,active
kakatol bilad ko akon subong,vaginal itching,hiligaynon,active
kakatol bilad ko gid,vaginal itching,hiligaynon,active
kakatol bilad ko gid ko,vaginal itching,hiligaynon,active
kakatol bilad ko ko,vaginal itching,hiligaynon,active
kakatol bilad ko ko gid,vaginal itching,hiligaynon,active
kakatol bilat ako,vaginal itching,hiligaynon,active
kakatol bilat akon,vaginal itching,hiligaynon,active
kakatol bilat akon gid,vaginal itching,hiligaynon,active
kakatol bilat akon subong,vaginal itching,hiligaynon,active
kakatol bilat gid ko,vaginal itching,hiligaynon,active
kakatol bilat ko,vaginal itching,hiligaynon,active
kakatol bilat ko ako,vaginal itching,hiligaynon,active
kakatol bilat ko akon,vaginal itching,hiligaynon,active
kakatol bilat ko akon gid,vaginal itching,hiligaynon,active
kakatol bilat ko akon subong,vaginal itching,hiligaynon,active
kakatol bilat ko gid,vaginal itching,hiligaynon,active
kakatol bilat ko gid ko,vaginal itching,hiligaynon,active
kakatol bilat ko ko,vaginal itching,hiligaynon,active
kakatol bilat ko ko gid,vaginal itching,hiligaynon,active
kakatol gid akon ari,penile itching,hiligaynon,active
kakatol gid akon ari ko,penile itching,hiligaynon,active
kakatol gid akon ary,penile itching,hiligaynon,active
kakatol gid akon ary ko,penile itching,hiligaynon,active
kakatol gid akon bilad,vaginal itching,hiligaynon,active
kakatol gid akon bilad ko,vaginal itching,hiligaynon,active
kakatol gid akon bilat,vaginal itching,hiligaynon,active
kakatol gid akon bilat ko,vaginal itching,hiligaynon,active
kakatol gid akon itlog,testicular itching,hiligaynon,active
kakatol gid akon itlog ko,testicular itching,hiligaynon,active
kakatol gid akon itlug,testicular itching,hiligaynon,active
kakatol gid akon itlug ko,testicular itching,hiligaynon,active
kakatol gid akon kipay,vulvar itching,hiligaynon,active
kakatol gid ari ako,penile itching,hiligaynon,active
kakatol gid ari akon,penile itching,hiligaynon,active
kakatol gid ari akon gid,penile itching,hiligaynon,active
kakatol gid ari akon subong,penile itching,hiligaynon,active
kakatol gid ari gid ko,penile itching,hiligaynon,active
kakatol gid ari ko,penile itching,hiligaynon,active
kakatol gid ari ko ako,penile itching,hiligaynon,active
kakatol gid ari ko akon,penile itching,hiligaynon,active
kakatol gid ari ko akon gid,penile itching,hiligaynon,active
kakatol gid ari ko akon subong,penile itching,hiligaynon,active
kakatol gid ari ko gid,penile itching,hiligaynon,active
kakatol gid ari ko gid ko,penile itching,hiligaynon,active
kakatol gid ari ko ko,penile itching,hiligaynon,active
kakatol gid ari ko ko gid,penile itching,hiligaynon,active
kakatol gid ary ako,penile itching,hiligaynon,active
kakatol gid ary akon,penile itching,hiligaynon,active
kakatol gid ary akon gid,penile itching,hiligaynon,active
kakatol gid ary akon subong,penile itching,hiligaynon,active
kakatol gid ary gid ko,penile itching,hiligaynon,active
kakatol gid ary ko,penile itching,hiligaynon,active
kakatol gid ary ko ako,penile itching,hiligaynon,active
kakatol gid ary ko akon,penile itching,hiligaynon,active
kakatol gid ary ko akon gid,penile itching,hiligaynon,active
kakatol gid ary ko akon subong,penile itching,hiligaynon,active
kakatol gid ary ko gid,penile itching,hiligaynon,active
kakatol gid ary ko gid ko,penile itching,hiligaynon,active
kakatol gid ary ko ko,penile itching,hiligaynon,active
kakatol gid ary ko ko gid,penile itching,hiligaynon,active
kakatol gid bilad ako,vaginal itching,hiligaynon,active
kakatol gid bilad akon,vaginal itching,hiligaynon,active
kakatol gid bilad akon gid,vaginal itching,hiligaynon,active
kakatol gid bilad akon subong,vaginal itching,hiligaynon,active
kakatol gid bilad gid ko,vaginal itching,hiligaynon,active
kakatol gid bilad ko,vaginal itching,hiligaynon,active
kakatol gid bilad ko ako,vaginal itching,hiligaynon,active
kakatol gid bilad ko akon,vaginal itching,hiligaynon,active
kakatol gid bilad ko akon gid,vaginal itching,hiligaynon,active
kakatol gid bilad ko akon subong,vaginal itching,hiligaynon,active
kakatol gid bilad ko gid,vaginal itching,hiligaynon,active
kakatol gid bilad ko gid ko,vaginal itching,hiligaynon,active
kakatol gid bilad ko ko,vaginal itching,hiligaynon,active
kakatol gid bilad ko ko gid,vaginal itching,hiligaynon,active
kakatol gid bilat ako,vaginal itching,hiligaynon,active
kakatol gid bilat akon,vaginal itching,hiligaynon,active
kakatol gid bilat akon gid,vaginal itching,hiligaynon,active
kakatol gid bilat akon subong,vaginal itching,hiligaynon,active
kakatol gid bilat gid ko,vaginal itching,hiligaynon,active
kakatol gid bilat ko,vaginal itching,hiligaynon,active
kakatol gid bilat ko ako,vaginal itching,hiligaynon,active
kakatol gid bilat ko akon,vaginal itching,hiligaynon,active
kakatol gid bilat ko akon gid,vaginal itching,hiligaynon,active
kakatol gid bilat ko akon subong,vaginal itching,hiligaynon,active
kakatol gid bilat ko gid,vaginal itching,hiligaynon,active
kakatol gid bilat ko gid ko,vaginal itching,hiligaynon,active
kakatol gid bilat ko ko,vaginal itching,hiligaynon,active
kakatol gid bilat ko ko gid,vaginal itching,hiligaynon,active
kakatol gid itlog ako,testicular itching,hiligaynon,active
kakatol gid itlog akon,testicular itching,hiligaynon,active
kakatol gid itlog akon gid,testicular itching,hiligaynon,active
kakatol gid itlog akon subong,testicular itching,hiligaynon,active
kakatol gid itlog gid ko,testicular itching,hiligaynon,active
kakatol gid itlog ko,testicular itching,hiligaynon,active
kakatol gid itlog ko ako,testicular itching,hiligaynon,active
kakatol gid itlog ko akon,testicular itching,hiligaynon,active
kakatol gid itlog ko akon gid,testicular itching,hiligaynon,active
kakatol gid itlog ko akon subong,testicular itching,hiligaynon,active
kakatol gid itlog ko gid,testicular itching,hiligaynon,active
kakatol gid itlog ko gid ko,testicular itching,hiligaynon,active
kakatol gid itlog ko ko,testicular itching,hiligaynon,active
kakatol gid itlog ko ko gid,testicular itching,hiligaynon,active
kakatol gid itlug ako,testicular itching,hiligaynon,active
kakatol gid itlug akon,testicular itching,hiligaynon,active
kakatol gid itlug akon gid,testicular itching,hiligaynon,active
kakatol gid itlug akon subong,testicular itching,hiligaynon,active
kakatol gid itlug gid ko,testicular itching,hiligaynon,active
kakatol gid itlug ko,testicular itching,hiligaynon,active
kakatol gid itlug ko ako,testicular itching,hiligaynon,active
kakatol gid itlug ko akon,testicular itching,hiligaynon,active
kakatol gid itlug ko akon gid,testicular itching,hiligaynon,active
kakatol gid itlug ko akon subong,testicular itching,hiligaynon,active
kakatol gid itlug ko gid,testicular itching,hiligaynon,active
kakatol gid itlug ko gid ko,testicular itching,hiligaynon,active
kakatol gid itlug ko ko,testicular itching,hiligaynon,active
kakatol gid itlug ko ko gid,testicular itching,hiligaynon,active
kakatol gid kipay ako,vulvar itching,hiligaynon,active
kakatol gid kipay akon,vulvar itching,hiligaynon,active
kakatol gid kipay akon gid,vulvar itching,hiligaynon,active
kakatol gid kipay akon subong,vulvar itching,hiligaynon,active
kakatol gid kipay gid ko,vulvar itching,hiligaynon,active
kakatol gid kipay ko,vulvar itching,hiligaynon,active
kakatol gid kipay ko gid,vulvar itching,hiligaynon,active
kakatol itlog ako,testicular itching,hiligaynon,active
kakatol itlog akon,testicular itching,hiligaynon,active
kakatol itlog akon gid,testicular itching,hiligaynon,active
kakatol itlog akon subong,testicular itching,hiligaynon,active
kakatol itlog gid ko,testicular itching,hiligaynon,active
kakatol itlog ko,testicular itching,hiligaynon,active
kakatol itlog ko ako,testicular itching,hiligaynon,active
kakatol itlog ko akon,testicular itching,hiligaynon,active
kakatol itlog ko akon gid,testicular itching,hiligaynon,active
kakatol itlog ko akon subong,testicular itching,hiligaynon,active
kakatol itlog ko gid,testicular itching,hiligaynon,active
kakatol itlog ko gid ko,testicular itching,hiligaynon,active
kakatol itlog ko ko,testicular itching,hiligaynon,active
kakatol itlog ko ko gid,testicular itching,hiligaynon,active
kakatol itlug ako,testicular itching,hiligaynon,active
kakatol itlug akon,testicular itching,hiligaynon,active
kakatol itlug akon gid,testicular itching,hiligaynon,active
kakatol itlug akon subong,testicular itching,hiligaynon,active
kakatol itlug gid ko,testicular itching,hiligaynon,active
kakatol itlug ko,testicular itching,hiligaynon,active
kakatol itlug ko ako,testicular itching,hiligaynon,active
kakatol itlug ko akon,testicular itching,hiligaynon,active
kakatol itlug ko akon gid,testicular itching,hiligaynon,active
kakatol itlug ko akon subong,testicular itching,hiligaynon,active
kakatol itlug ko gid,testicular itching,hiligaynon,active
kakatol itlug ko gid ko,testicular itching,hiligaynon,active
kakatol itlug ko ko,testicular itching,hiligaynon,active
kakatol itlug ko ko gid,testicular itching,hiligaynon,active
kakatol kipay ako,vulvar itching,hiligaynon,active
kakatol kipay akon,vulvar itching,hiligaynon,active
kakatol kipay akon gid,vulvar itching,hiligaynon,active
kakatol kipay akon subong,vulvar itching,hiligaynon,active
kakatol kipay gid ko,vulvar itching,hiligaynon,active
kakatol kipay ko,vulvar itching,hiligaynon,active
kakatol kipay ko gid,vulvar itching,hiligaynon,active
kakatol lawas,itching,hiligaynon,active
kakatul,itching,hiligaynon,active
kakatul lawas,itching,hiligaynon,active
kalibang,diarrhea,hiligaynon,active
kalibanga,diarrhea,hiligaynon,active
kalipong,dizziness,hiligaynon,active
kamot,hand,hiligaynon,active
kamot ko,hand,hiligaynon,active
kamot ko gid,hand,hiligaynon,active
kanser,cancer,hiligaynon,active
kansir,cancer,hiligaynon,active
kapoy,fatigue,hiligaynon,active
kapoy gid,fatigue,hiligaynon,active
kapoy gid ko,severe fatigue,hiligaynon,active
kapoy gid lawas ko,fatigue,hiligaynon,active
kapoy ko gid,severe fatigue,hiligaynon,active
karon budlay gid gid ko magginhawa subong gid,difficulty breathing,hiligaynon,active
karon budlay gid gid ko magginhawa subong gid ko,difficulty breathing,hiligaynon,active
karon budlay gid gid ko magginhawa subong ko gid,difficulty breathing,hiligaynon,active
karon budlay gid gid ko magginhawa subong man,difficulty breathing,hiligaynon,active
karon budlay gid gid ko magginhawa subong na gid,difficulty breathing,hiligaynon,active
karon budlay gid ko mag ginhawa subong gid,difficulty breathing,hiligaynon,active
karon budlay gid ko mag ginhawa subong gid ko,difficulty breathing,hiligaynon,active
karon budlay gid ko mag ginhawa subong ko gid,difficulty breathing,hiligaynon,active
karon budlay gid ko mag ginhawa subong man,difficulty breathing,hiligaynon,active
karon budlay gid ko mag ginhawa subong na gid,difficulty breathing,hiligaynon,active
karon budlay gid ko magginhawa subong gid,difficulty breathing,hiligaynon,active
karon budlay gid ko magginhawa subong gid ko,difficulty breathing,hiligaynon,active
karon budlay gid ko magginhawa subong ko gid,difficulty breathing,hiligaynon,active
karon budlay gid ko magginhawa subong man,difficulty breathing,hiligaynon,active
karon budlay gid ko magginhawa subong na gid,difficulty breathing,hiligaynon,active
karon budlay gid ku magginhawa subong gid,difficulty breathing,hiligaynon,active
karon budlay gid ku magginhawa subong gid ko,difficulty breathing,hiligaynon,active
karon budlay gid ku magginhawa subong ko gid,difficulty breathing,hiligaynon,active
karon budlay gid ku magginhawa subong man,difficulty breathing,hiligaynon,active
karon budlay gid ku magginhawa subong na gid,difficulty breathing,hiligaynon,active
karon gadugo bilat ko,vaginal bleeding,hiligaynon,active
karon gahabok dila ko gid gid,swollen tongue,hiligaynon,active
karon gahabok dila ko gid gid ko,swollen tongue,hiligaynon,active
karon gahabok dila ko gid ko gid,swollen tongue,hiligaynon,active
karon gahabok dila ko gid man,swollen tongue,hiligaynon,active
karon gahabok dila ko gid na gid,swollen tongue,hiligaynon,active
karon gahabok dila ku gid gid,swollen tongue,hiligaynon,active
karon gahabok dila ku gid gid ko,swollen tongue,hiligaynon,active
karon gahabok dila ku gid ko gid,swollen tongue,hiligaynon,active
karon gahabok dila ku gid man,swollen tongue,hiligaynon,active
karon gahabok dila ku gid na gid,swollen tongue,hiligaynon,active
karon gahubag dila ko gid gid,swollen tongue,hiligaynon,active
karon gahubag dila ko gid gid ko,swollen tongue,hiligaynon,active
karon gahubag dila ko gid ko gid,swollen tongue,hiligaynon,active
karon gahubag dila ko gid man,swollen tongue,hiligaynon,active
karon gahubag dila ko gid na gid,swollen tongue,hiligaynon,active
karon gahubag itlog ko,testicular swelling,hiligaynon,active
karon galuya lawas ko kag kapoy gid gid,body weakness with severe fatigue,hiligaynon,active
karon galuya lawas ko kag kapoy gid gid ko,body weakness with severe fatigue,hiligaynon,active
karon galuya lawas ko kag kapoy gid ko gid,body weakness with severe fatigue,hiligaynon,active
karon galuya lawas ko kag kapoy gid man,body weakness with severe fatigue,hiligaynon,active
karon galuya lawas ko kag kapoy gid na gid,body weakness with severe fatigue,hiligaynon,active
karon gapula mata ko kag gakatol gid,red itchy eyes,hiligaynon,active
karon gapula mata ko kag gakatol gid ko,red itchy eyes,hiligaynon,active
karon gapula mata ko kag gakatol ko gid,red itchy eyes,hiligaynon,active
karon gapula mata ko kag gakatol man,red itchy eyes,hiligaynon,active
karon gapula mata ko kag gakatol na gid,red itchy eyes,hiligaynon,active
karon gasakit ulo ko karon gid,head pain,hiligaynon,active
karon gasakit ulo ko karon gid ko,head pain,hiligaynon,active
karon gasakit ulo ko karon ko gid,head pain,hiligaynon,active
karon gasakit ulo ko karon man,head pain,hiligaynon,active
karon gasakit ulo ko karon na gid,head pain,hiligaynon,active
karon gin kagat sang ido ko kag nagdugo gid,dog bite with bleeding,hiligaynon,active
karon gin kagat sang ido ko kag nagdugo gid ko,dog bite with bleeding,hiligaynon,active
karon gin kagat sang ido ko kag nagdugo ko gid,dog bite with bleeding,hiligaynon,active
karon gin kagat sang ido ko kag nagdugo man,dog bite with bleeding,hiligaynon,active
karon gin kagat sang ido ko kag nagdugo na gid,dog bite with bleeding,hiligaynon,active
karon ginkagat sang ido ko kag nag dugo gid,dog bite with bleeding,hiligaynon,active
karon ginkagat sang ido ko kag nag dugo gid ko,dog bite with bleeding,hiligaynon,active
karon ginkagat sang ido ko kag nag dugo ko gid,dog bite with bleeding,hiligaynon,active
karon ginkagat sang ido ko kag nag dugo man,dog bite with bleeding,hiligaynon,active
karon ginkagat sang ido ko kag nag dugo na gid,dog bite with bleeding,hiligaynon,active
karon ginkagat sang ido ko kag nagdugo gid,dog bite with bleeding,hiligaynon,active
karon ginkagat sang ido ko kag nagdugo gid ko,dog bite with bleeding,hiligaynon,active
karon ginkagat sang ido ko kag nagdugo ko gid,dog bite with bleeding,hiligaynon,active
karon ginkagat sang ido ko kag nagdugo man,dog bite with bleeding,hiligaynon,active
karon ginkagat sang ido ko kag nagdugo na gid,dog bite with bleeding,hiligaynon,active
karon ginkagat sang ido ku kag nagdugo gid,dog bite with bleeding,hiligaynon,active
karon ginkagat sang ido ku kag nagdugo gid ko,dog bite with bleeding,hiligaynon,active
karon ginkagat sang ido ku kag nagdugo ko gid,dog bite with bleeding,hiligaynon,active
karon ginkagat sang ido ku kag nagdugo man,dog bite with bleeding,hiligaynon,active
karon ginkagat sang ido ku kag nagdugo na gid,dog bite with bleeding,hiligaynon,active
karon ginsumbag ko kag nabun-og ulo gid,physical assault with head bruise,hiligaynon,active
karon ginsumbag ko kag nabun-og ulo gid ko,physical assault with head bruise,hiligaynon,active
karon ginsumbag ko kag nabun-og ulo ko gid,physical assault with head bruise,hiligaynon,active
karon ginsumbag ko kag nabun-og ulo man,physical assault with head bruise,hiligaynon,active
karon ginsumbag ko kag nabun-og ulo na gid,physical assault with head bruise,hiligaynon,active
karon ginsumbag ku kag nabun-og ulo gid,physical assault with head bruise,hiligaynon,active
karon ginsumbag ku kag nabun-og ulo gid ko,physical assault with head bruise,hiligaynon,active
karon ginsumbag ku kag nabun-og ulo ko gid,physical assault with head bruise,hiligaynon,active
karon ginsumbag ku kag nabun-og ulo man,physical assault with head bruise,hiligaynon,active
karon ginsumbag ku kag nabun-og ulo na gid,physical assault with head bruise,hiligaynon,active
karon kakatol bilat ko,vaginal itching,hiligaynon,active
karon masakit ari ko,penile pain,hiligaynon,active
karon may nana akon mata subong gid,eye infection,hiligaynon,active
karon may nana akon mata subong gid ko,eye infection,hiligaynon,active
karon may nana akon mata subong ko gid,eye infection,hiligaynon,active
karon may nana akon mata subong man,eye infection,hiligaynon,active
karon may nana akon mata subong na gid,eye infection,hiligaynon,active
karon may nana sa bilat ko,vaginal infection,hiligaynon,active
karon may pilas ko sa kamot kag nag dugo gid,bleeding hand wound,hiligaynon,active
karon may pilas ko sa kamot kag nag dugo gid ko,bleeding hand wound,hiligaynon,active
karon may pilas ko sa kamot kag nag dugo ko gid,bleeding hand wound,hiligaynon,active
karon may pilas ko sa kamot kag nag dugo man,bleeding hand wound,hiligaynon,active
karon may pilas ko sa kamot kag nag dugo na gid,bleeding hand wound,hiligaynon,active
karon may pilas ko sa kamot kag nagdugo gid,bleeding hand wound,hiligaynon,active
karon may pilas ko sa kamot kag nagdugo gid ko,bleeding hand wound,hiligaynon,active
karon may pilas ko sa kamot kag nagdugo ko gid,bleeding hand wound,hiligaynon,active
karon may pilas ko sa kamot kag nagdugo man,bleeding hand wound,hiligaynon,active
karon may pilas ko sa kamot kag nagdugo na gid,bleeding hand wound,hiligaynon,active
karon may pilas ku sa kamot kag nagdugo gid,bleeding hand wound,hiligaynon,active
karon may pilas ku sa kamot kag nagdugo gid ko,bleeding hand wound,hiligaynon,active
karon may pilas ku sa kamot kag nagdugo ko gid,bleeding hand wound,hiligaynon,active
karon may pilas ku sa kamot kag nagdugo man,bleeding hand wound,hiligaynon,active
karon may pilas ku sa kamot kag nagdugo na gid,bleeding hand wound,hiligaynon,active
karon nabali kamot ko sang natumba gid,hand fracture,hiligaynon,active
karon nabali kamot ko sang natumba gid ko,hand fracture,hiligaynon,active
karon nabali kamot ko sang natumba ko gid,hand fracture,hiligaynon,active
karon nabali kamot ko sang natumba man,hand fracture,hiligaynon,active
karon nabali kamot ko sang natumba na gid,hand fracture,hiligaynon,active
karon nabali kamot ku sang natumba gid,hand fracture,hiligaynon,active
karon nabali kamot ku sang natumba gid ko,hand fracture,hiligaynon,active
karon nabali kamot ku sang natumba ko gid,hand fracture,hiligaynon,active
karon nabali kamot ku sang natumba man,hand fracture,hiligaynon,active
karon nabali kamot ku sang natumba na gid,hand fracture,hiligaynon,active
karon nabali na kamot ko sang natumba gid,hand fracture,hiligaynon,active
karon nabali na kamot ko sang natumba gid ko,hand fracture,hiligaynon,active
karon nabali na kamot ko sang natumba ko gid,hand fracture,hiligaynon,active
karon nabali na kamot ko sang natumba man,hand fracture,hiligaynon,active
karon nabali na kamot ko sang natumba na gid,hand fracture,hiligaynon,active
karon nabunggo ko sa salakyan kag nag dugo ulo gid,vehicle collision with head bleeding,hiligaynon,active
karon nabunggo ko sa salakyan kag nag dugo ulo gid ko,vehicle collision with head bleeding,hiligaynon,active
karon nabunggo ko sa salakyan kag nag dugo ulo ko gid,vehicle collision with head bleeding,hiligaynon,active
karon nabunggo ko sa salakyan kag nag dugo ulo man,vehicle collision with head bleeding,hiligaynon,active
karon nabunggo ko sa salakyan kag nag dugo ulo na gid,vehicle collision with head bleeding,hiligaynon,active
karon nabunggo ko sa salakyan kag nagdugo ulo gid,vehicle collision with head bleeding,hiligaynon,active
karon nabunggo ko sa salakyan kag nagdugo ulo gid ko,vehicle collision with head bleeding,hiligaynon,active
karon nabunggo ko sa salakyan kag nagdugo ulo ko gid,vehicle collision with head bleeding,hiligaynon,active
karon nabunggo ko sa salakyan kag nagdugo ulo man,vehicle collision with head bleeding,hiligaynon,active
karon nabunggo ko sa salakyan kag nagdugo ulo na gid,vehicle collision with head bleeding,hiligaynon,active
karon nabunggo ku sa salakyan kag nagdugo ulo gid,vehicle collision with head bleeding,hiligaynon,active
karon nabunggo ku sa salakyan kag nagdugo ulo gid ko,vehicle collision with head bleeding,hiligaynon,active
karon nabunggo ku sa salakyan kag nagdugo ulo ko gid,vehicle collision with head bleeding,hiligaynon,active
karon nabunggo ku sa salakyan kag nagdugo ulo man,vehicle collision with head bleeding,hiligaynon,active
karon nabunggo ku sa salakyan kag nagdugo ulo na gid,vehicle collision with head bleeding,hiligaynon,active
karon nag dugo ulo ko pagkatapos natumba gid,head bleeding after fall,hiligaynon,active
karon nag dugo ulo ko pagkatapos natumba gid ko,head bleeding after fall,hiligaynon,active
karon nag dugo ulo ko pagkatapos natumba ko gid,head bleeding after fall,hiligaynon,active
karon nag dugo ulo ko pagkatapos natumba man,head bleeding after fall,hiligaynon,active
karon nag dugo ulo ko pagkatapos natumba na gid,head bleeding after fall,hiligaynon,active
karon nagdugo ulo ko pagkatapos natumba gid,head bleeding after fall,hiligaynon,active
karon nagdugo ulo ko pagkatapos natumba gid ko,head bleeding after fall,hiligaynon,active
karon nagdugo ulo ko pagkatapos natumba ko gid,head bleeding after fall,hiligaynon,active
karon nagdugo ulo ko pagkatapos natumba man,head bleeding after fall,hiligaynon,active
karon nagdugo ulo ko pagkatapos natumba na gid,head bleeding after fall,hiligaynon,active
karon nagdugo ulo ku pagkatapos natumba gid,head bleeding after fall,hiligaynon,active
karon nagdugo ulo ku pagkatapos natumba gid ko,head bleeding after fall,hiligaynon,active
karon nagdugo ulo ku pagkatapos natumba ko gid,head bleeding after fall,hiligaynon,active
karon nagdugo ulo ku pagkatapos natumba man,head bleeding after fall,hiligaynon,active
karon nagdugo ulo ku pagkatapos natumba na gid,head bleeding after fall,hiligaynon,active
karon nakuryente ko sang kuryente gid,electrical injury,hiligaynon,active
karon nakuryente ko sang kuryente gid ko,electrical injury,hiligaynon,active
karon nakuryente ko sang kuryente ko gid,electrical injury,hiligaynon,active
karon nakuryente ko sang kuryente man,electrical injury,hiligaynon,active
karon nakuryente ko sang kuryente na gid,electrical injury,hiligaynon,active
karon nakuryente ku sang kuryente gid,electrical injury,hiligaynon,active
karon nakuryente ku sang kuryente gid ko,electrical injury,hiligaynon,active
karon nakuryente ku sang kuryente ko gid,electrical injury,hiligaynon,active
karon nakuryente ku sang kuryente man,electrical injury,hiligaynon,active
karon nakuryente ku sang kuryente na gid,electrical injury,hiligaynon,active
karon nautod na tudlo ko sang makina gid,amputated finger,hiligaynon,active
karon nautod na tudlo ko sang makina gid ko,amputated finger,hiligaynon,active
karon nautod na tudlo ko sang makina ko gid,amputated finger,hiligaynon,active
karon nautod na tudlo ko sang makina man,amputated finger,hiligaynon,active
karon nautod na tudlo ko sang makina na gid,amputated finger,hiligaynon,active
karon nautod tudlo ko sang makina gid,amputated finger,hiligaynon,active
karon nautod tudlo ko sang makina gid ko,amputated finger,hiligaynon,active
karon nautod tudlo ko sang makina ko gid,amputated finger,hiligaynon,active
karon nautod tudlo ko sang makina man,amputated finger,hiligaynon,active
karon nautod tudlo ko sang makina na gid,amputated finger,hiligaynon,active
karon nautod tudlo ku sang makina gid,amputated finger,hiligaynon,active
karon nautod tudlo ku sang makina gid ko,amputated finger,hiligaynon,active
karon nautod tudlo ku sang makina ko gid,amputated finger,hiligaynon,active
karon nautod tudlo ku sang makina man,amputated finger,hiligaynon,active
karon nautod tudlo ku sang makina na gid,amputated finger,hiligaynon,active
karon ubo ko kag ginahilanat gid,fever with cough,hiligaynon,active
karon ubo ko kag ginahilanat gid ko,fever with cough,hiligaynon,active
karon ubo ko kag ginahilanat ko gid,fever with cough,hiligaynon,active
karon ubo ko kag ginahilanat man,fever with cough,hiligaynon,active
karon ubo ko kag ginahilanat na gid,fever with cough,hiligaynon,active
kati sa balat,itching,hiligaynon,active
kati-kati,itching,hiligaynon,active
katol,itching,hiligaynon,active
katol-katol,itching,hiligaynon,active
kidney disease,kidney disease,hiligaynon,active
kidney failure,kidney failure,hiligaynon,active
kidney infection,pyelonephritis,hiligaynon,active
kidney prob,kidney disease,hiligaynon,active
kidney problem,kidney disease,hiligaynon,active
kidney stone,kidney stones,hiligaynon,active
kidney stones,kidney stones,hiligaynon,active
kidneystone,kidney stones,hiligaynon,active
kidny problem,kidney disease,hiligaynon,active
kiwi allergy,kiwi allergy,hiligaynon,active
kombulsyon,seizure,hiligaynon,active
kuhul,cough,hiligaynon,active
kuko,nail,hiligaynon,active
kulang dugo,anemia,hiligaynon,active
kulang kaon,malnutrition,hiligaynon,active
kulang sa timbang,underweight,hiligaynon,active
kulang sa tulog,insomnia,hiligaynon,active
kumakati,itching,hiligaynon,active
kumakati lawas,itching,hiligaynon,active
kuto,lice infestation,hiligaynon,active
labad ang ulo,headache,hiligaynon,active
labad ulo,headache,hiligaynon,active
labad ulo sing malala,severe headache,hiligaynon,active
lactose,lactose intolerance,hiligaynon,active
lactose intolerant,lactose intolerance,hiligaynon,active
lagnat,fever,hiligaynon,active
lamian allergy,shellfish allergy,hiligaynon,active
latex allergy,latex allergy,hiligaynon,active
lawas,body,hiligaynon,active
lawi,nape,hiligaynon,active
lbm,diarrhea,hiligaynon,active
leukemia,leukemia,hiligaynon,active
likod,back,hiligaynon,active
liog,neck,hiligaynon,active
lisod mag ginhawa ko,difficulty breathing,hiligaynon,active
lisod magginhawa,difficulty breathing,hiligaynon,active
lisod magginhawa ko,difficulty breathing,hiligaynon,active
lisod magginhawa ku,difficulty breathing,hiligaynon,active
liver prob,liver disease,hiligaynon,active
liver problem,liver disease,hiligaynon,active
low blood,anemia,hiligaynon,active
low blood sugar,hypoglycemia,hiligaynon,active
lump,mass,hiligaynon,active
lung cancer,lung cancer,hiligaynon,active
lung prob,lung disease,hiligaynon,active
lung problem,lung disease,hiligaynon,active
lupus,systemic lupus erythematosus,hiligaynon,active
mababa ang asukar ko,hypoglycemia,hiligaynon,active
mababa presyon ko,hypotension,hiligaynon,active
mababang asukal,hypoglycemia,hiligaynon,active
mabilis ang heartbeat,arrhythmia,hiligaynon,active
macadamia allergy,tree nut allergy,hiligaynon,active
madasig kuno tagipusuon ko,palpitations,hiligaynon,active
madasig tagipusuon ko,palpitations,hiligaynon,active
mainit lawas ko,fever,hiligaynon,active
maintenance,chronic disease,hiligaynon,active
maintenance ko,chronic disease,hiligaynon,active
maintenance medicine,chronic disease,hiligaynon,active
maintenance meds,chronic disease,hiligaynon,active
makati balat akon,itchy skin,hiligaynon,active
makati balat gid ko,itchy skin,hiligaynon,active
makati balat ko,itchy skin,hiligaynon,active
makati balat man,itchy skin,hiligaynon,active
makati balat subong,itchy skin,hiligaynon,active
makati kamot akon,itchy hand,hiligaynon,active
makati kamot gid ko,itchy hand,hiligaynon,active
makati kamot ko,itchy hand,hiligaynon,active
makati kamot man,itchy hand,hiligaynon,active
makati kamot subong,itchy hand,hiligaynon,active
makati mata akon,itchy eyes,hiligaynon,active
makati mata gid ko,itchy eyes,hiligaynon,active
makati mata ko,itchy eyes,hiligaynon,active
makati mata man,itchy eyes,hiligaynon,active
makati mata subong,itchy eyes,hiligaynon,active
makati tiil akon,itchy foot,hiligaynon,active
makati tiil gid ko,itchy foot,hiligaynon,active
makati tiil ko,itchy foot,hiligaynon,active
makati tiil man,itchy foot,hiligaynon,active
makati tiil subong,itchy foot,hiligaynon,active
makati tudlo akon,itchy finger,hiligaynon,active
makati tudlo gid ko,itchy finger,hiligaynon,active
makati tudlo ko,itchy finger,hiligaynon,active
makati tudlo man,itchy finger,hiligaynon,active
makati tudlo subong,itchy finger,hiligaynon,active
malaria,malaria,hiligaynon,active
malnourished,malnutrition,hiligaynon,active
maluya ko tungod sa init,heat exhaustion,hiligaynon,active
manas,edema,hiligaynon,active
manas sa kamay,hand edema,hiligaynon,active
manas sa paa,leg edema,hiligaynon,active
mango allergy,mango allergy,hiligaynon,active
mani allergy,peanut allergy,hiligaynon,active
maniwang batiis ko,leg numbness,hiligaynon,active
maniwang buuk ko,arm numbness,hiligaynon,active
maniwang kamot ko,hand numbness,hiligaynon,active
maniwang lawas ko,body numbness,hiligaynon,active
maniwang tiil ko,foot numbness,hiligaynon,active
maniwang tudlo ko,finger numbness,hiligaynon,active
mapait ang pilas ko,infected wound,hiligaynon,active
mapait baba ko,bad breath,hiligaynon,active
mapait ihi ko,foul urine,hiligaynon,active
mapaso balat ko,burning skin sensation,hiligaynon,active
mapaso dughan ko,chest burning,hiligaynon,active
mapaso gid balat ko,burning skin sensation,hiligaynon,active
mapaso gid kamot ko,burning hand sensation,hiligaynon,active
mapaso gid tiil ko,burning foot sensation,hiligaynon,active
mapaso gid tiyan ko,burning abdominal sensation,hiligaynon,active
mapaso kamot ko,burning hand sensation,hiligaynon,active
mapaso tiil ko,burning foot sensation,hiligaynon,active
mapaso tiyan ko,burning abdominal sensation,hiligaynon,active
mapula acun itlog,testicular redness,hiligaynon,active
mapula acun itlog ko,testicular redness,hiligaynon,active
mapula acun itlug,testicular redness,hiligaynon,active
mapula acun itlug ko,testicular redness,hiligaynon,active
mapula akon ari,penile redness,hiligaynon,active
mapula akon ari ko,penile redness,hiligaynon,active
mapula akon ary,penile redness,hiligaynon,active
mapula akon ary ko,penile redness,hiligaynon,active
mapula akon bilad,vaginal redness,hiligaynon,active
mapula akon bilad ko,vaginal redness,hiligaynon,active
mapula akon bilat,vaginal redness,hiligaynon,active
mapula akon bilat ko,vaginal redness,hiligaynon,active
mapula akon itlog,testicular redness,hiligaynon,active
mapula akon itlog ko,testicular redness,hiligaynon,active
mapula akon itlog ku,testicular redness,hiligaynon,active
mapula akon itlug,testicular redness,hiligaynon,active
mapula akon itlug ko,testicular redness,hiligaynon,active
mapula akon itlug ku,testicular redness,hiligaynon,active
mapula ari ako,penile redness,hiligaynon,active
mapula ari akon,penile redness,hiligaynon,active
mapula ari akon gid,penile redness,hiligaynon,active
mapula ari akon subong,penile redness,hiligaynon,active
mapula ari gid ko,penile redness,hiligaynon,active
mapula ari ko,penile redness,hiligaynon,active
mapula ari ko ako,penile redness,hiligaynon,active
mapula ari ko akon,penile redness,hiligaynon,active
mapula ari ko akon gid,penile redness,hiligaynon,active
mapula ari ko akon subong,penile redness,hiligaynon,active
mapula ari ko gid,penile redness,hiligaynon,active
mapula ari ko gid ko,penile redness,hiligaynon,active
mapula ari ko ko,penile redness,hiligaynon,active
mapula ari ko ko gid,penile redness,hiligaynon,active
mapula ary ako,penile redness,hiligaynon,active
mapula ary akon,penile redness,hiligaynon,active
mapula ary akon gid,penile redness,hiligaynon,active
mapula ary akon subong,penile redness,hiligaynon,active
mapula ary gid ko,penile redness,hiligaynon,active
mapula ary ko,penile redness,hiligaynon,active
mapula ary ko ako,penile redness,hiligaynon,active
mapula ary ko akon,penile redness,hiligaynon,active
mapula ary ko akon gid,penile redness,hiligaynon,active
mapula ary ko akon subong,penile redness,hiligaynon,active
mapula ary ko gid,penile redness,hiligaynon,active
mapula ary ko gid ko,penile redness,hiligaynon,active
mapula ary ko ko,penile redness,hiligaynon,active
mapula ary ko ko gid,penile redness,hiligaynon,active
mapula balat ko,skin rash,hiligaynon,active
mapula bilad ako,vaginal redness,hiligaynon,active
mapula bilad akon,vaginal redness,hiligaynon,active
mapula bilad akon gid,vaginal redness,hiligaynon,active
mapula bilad akon subong,vaginal redness,hiligaynon,active
mapula bilad gid ko,vaginal redness,hiligaynon,active
mapula bilad ko,vaginal redness,hiligaynon,active
mapula bilad ko ako,vaginal redness,hiligaynon,active
mapula bilad ko akon,vaginal redness,hiligaynon,active
mapula bilad ko akon gid,vaginal redness,hiligaynon,active
mapula bilad ko akon subong,vaginal redness,hiligaynon,active
mapula bilad ko gid,vaginal redness,hiligaynon,active
mapula bilad ko gid ko,vaginal redness,hiligaynon,active
mapula bilad ko ko,vaginal redness,hiligaynon,active
mapula bilad ko ko gid,vaginal redness,hiligaynon,active
mapula bilat ako,vaginal redness,hiligaynon,active
mapula bilat akon,vaginal redness,hiligaynon,active
mapula bilat akon gid,vaginal redness,hiligaynon,active
mapula bilat akon subong,vaginal redness,hiligaynon,active
mapula bilat gid ko,vaginal redness,hiligaynon,active
mapula bilat ko,vaginal redness,hiligaynon,active
mapula bilat ko ako,vaginal redness,hiligaynon,active
mapula bilat ko akon,vaginal redness,hiligaynon,active
mapula bilat ko akon gid,vaginal redness,hiligaynon,active
mapula bilat ko akon subong,vaginal redness,hiligaynon,active
mapula bilat ko gid,vaginal redness,hiligaynon,active
mapula bilat ko gid ko,vaginal redness,hiligaynon,active
mapula bilat ko ko,vaginal redness,hiligaynon,active
mapula bilat ko ko gid,vaginal redness,hiligaynon,active
mapula itlog acun,testicular redness,hiligaynon,active
mapula itlog acun gid,testicular redness,hiligaynon,active
mapula itlog acun subong,testicular redness,hiligaynon,active
mapula itlog ako,testicular redness,hiligaynon,active
mapula itlog akon,testicular redness,hiligaynon,active
mapula itlog akon gid,testicular redness,hiligaynon,active
mapula itlog akon subong,testicular redness,hiligaynon,active
mapula itlog gid ko,testicular redness,hiligaynon,active
mapula itlog gid ku,testicular redness,hiligaynon,active
mapula itlog ko,testicular redness,hiligaynon,active
mapula itlog ko acun,testicular redness,hiligaynon,active
mapula itlog ko acun gid,testicular redness,hiligaynon,active
mapula itlog ko acun subong,testicular redness,hiligaynon,active
mapula itlog ko ako,testicular redness,hiligaynon,active
mapula itlog ko akon,testicular redness,hiligaynon,active
mapula itlog ko akon gid,testicular redness,hiligaynon,active
mapula itlog ko akon subong,testicular redness,hiligaynon,active
mapula itlog ko gid,testicular redness,hiligaynon,active
mapula itlog ko gid ko,testicular redness,hiligaynon,active
mapula itlog ko ko,testicular redness,hiligaynon,active
mapula itlog ko ko gid,testicular redness,hiligaynon,active
mapula itlog ku,testicular redness,hiligaynon,active
mapula itlog ku ako,testicular redness,hiligaynon,active
mapula itlog ku akon,testicular redness,hiligaynon,active
mapula itlog ku akon gid,testicular redness,hiligaynon,active
mapula itlog ku akon subong,testicular redness,hiligaynon,active
mapula itlog ku gid,testicular redness,hiligaynon,active
mapula itlog ku gid ko,testicular redness,hiligaynon,active
mapula itlog ku ko,testicular redness,hiligaynon,active
mapula itlog ku ko gid,testicular redness,hiligaynon,active
mapula itlug acun,testicular redness,hiligaynon,active
mapula itlug acun gid,testicular redness,hiligaynon,active
mapula itlug acun subong,testicular redness,hiligaynon,active
mapula itlug ako,testicular redness,hiligaynon,active
mapula itlug akon,testicular redness,hiligaynon,active
mapula itlug akon gid,testicular redness,hiligaynon,active
mapula itlug akon subong,testicular redness,hiligaynon,active
mapula itlug gid ko,testicular redness,hiligaynon,active
mapula itlug gid ku,testicular redness,hiligaynon,active
mapula itlug ko,testicular redness,hiligaynon,active
mapula itlug ko acun,testicular redness,hiligaynon,active
mapula itlug ko acun gid,testicular redness,hiligaynon,active
mapula itlug ko acun subong,testicular redness,hiligaynon,active
mapula itlug ko ako,testicular redness,hiligaynon,active
mapula itlug ko akon,testicular redness,hiligaynon,active
mapula itlug ko akon gid,testicular redness,hiligaynon,active
mapula itlug ko akon subong,testicular redness,hiligaynon,active
mapula itlug ko gid,testicular redness,hiligaynon,active
mapula itlug ko gid ko,testicular redness,hiligaynon,active
mapula itlug ko ko,testicular redness,hiligaynon,active
mapula itlug ko ko gid,testicular redness,hiligaynon,active
mapula itlug ku,testicular redness,hiligaynon,active
mapula itlug ku ako,testicular redness,hiligaynon,active
mapula itlug ku akon,testicular redness,hiligaynon,active
mapula itlug ku akon gid,testicular redness,hiligaynon,active
mapula itlug ku akon subong,testicular redness,hiligaynon,active
mapula itlug ku gid,testicular redness,hiligaynon,active
mapula itlug ku gid ko,testicular redness,hiligaynon,active
mapula itlug ku ko,testicular redness,hiligaynon,active
mapula itlug ku ko gid,testicular redness,hiligaynon,active
mapula lawas ko,fever,hiligaynon,active
mapula lawas ko kag gahika,fever with cough,hiligaynon,active
mapula nasunog balat ko,skin burn,hiligaynon,active
mapula nasunog batiis ko,leg burn,hiligaynon,active
mapula nasunog buuk ko,arm burn,hiligaynon,active
mapula nasunog kamot ko,hand burn,hiligaynon,active
mapula nasunog lawas ko,body burn,hiligaynon,active
mapula nasunog mata ko,eye burn,hiligaynon,active
mapula nasunog tiil ko,foot burn,hiligaynon,active
mapula nasunog tiyan ko,abdominal burn,hiligaynon,active
mapula pantal ko,skin rash,hiligaynon,active
mapula tungod ko,sore throat,hiligaynon,active
maputi pantal ko,skin rash,hiligaynon,active
masakit,pain,hiligaynon,active
masakit abaga ako,shoulder pain,hiligaynon,active
masakit abaga akon,shoulder pain,hiligaynon,active
masakit abaga akon gid,shoulder pain,hiligaynon,active
masakit abaga akon subong,shoulder pain,hiligaynon,active
masakit abaga gid ko,shoulder pain,hiligaynon,active
masakit abaga ko,shoulder pain,hiligaynon,active
masakit abaga ko gid,shoulder pain,hiligaynon,active
masakit abaga ko man,shoulder pain,hiligaynon,active
masakit abaga man,shoulder pain,hiligaynon,active
masakit abaga subong,shoulder pain,hiligaynon,active
masakit acun itlog,testicular pain,hiligaynon,active
masakit acun itlog ko,testicular pain,hiligaynon,active
masakit acun itlug,testicular pain,hiligaynon,active
masakit acun itlug ko,testicular pain,hiligaynon,active
masakit akon abaga,shoulder pain,hiligaynon,active
masakit akon ari,penile pain,hiligaynon,active
masakit akon ari ko,penile pain,hiligaynon,active
masakit akon ary,penile pain,hiligaynon,active
masakit akon ary ko,penile pain,hiligaynon,active
masakit akon atay,liver pain,hiligaynon,active
masakit akon awang,jaw pain,hiligaynon,active
masakit akon baba,mouth pain,hiligaynon,active
masakit akon balat,skin pain,hiligaynon,active
masakit akon batiis,leg pain,hiligaynon,active
masakit akon bato,kidney pain,hiligaynon,active
masakit akon bayag,scrotal pain,hiligaynon,active
masakit akon baywang,waist pain,hiligaynon,active
masakit akon bilad,vaginal pain,hiligaynon,active
masakit akon bilad ko,vaginal pain,hiligaynon,active
masakit akon bilat,vaginal pain,hiligaynon,active
masakit akon bilat ko,vaginal pain,hiligaynon,active
masakit akon buhok,hair pain,hiligaynon,active
masakit akon bukong,forehead pain,hiligaynon,active
masakit akon buuk,arm pain,hiligaynon,active
masakit akon dalunggan,ear pain,hiligaynon,active
masakit akon dila,tongue pain,hiligaynon,active
masakit akon dughan,chest pain,hiligaynon,active
masakit akon ilong,nose pain,hiligaynon,active
masakit akon itlog,testicular pain,hiligaynon,active
masakit akon itlog ko,testicular pain,hiligaynon,active
masakit akon itlog ku,testicular pain,hiligaynon,active
masakit akon itlug,testicular pain,hiligaynon,active
masakit akon itlug ko,testicular pain,hiligaynon,active
masakit akon itlug ku,testicular pain,hiligaynon,active
masakit akon kamot,hand pain,hiligaynon,active
masakit akon kipay,vulvar pain,hiligaynon,active
masakit akon kuko,nail pain,hiligaynon,active
masakit akon lawas,body pain,hiligaynon,active
masakit akon lawi,nape pain,hiligaynon,active
masakit akon likod,back pain,hiligaynon,active
masakit akon liog,neck pain,hiligaynon,active
masakit akon mata,eye pain,hiligaynon,active
masakit akon ngipon,tooth pain,hiligaynon,active
masakit akon paa,foot pain,hiligaynon,active
masakit akon pilas,wound pain,hiligaynon,active
masakit akon pisngi,cheek pain,hiligaynon,active
masakit akon siko,elbow pain,hiligaynon,active
masakit akon singit,groin pain,hiligaynon,active
masakit akon tadlong,forearm pain,hiligaynon,active
masakit akon tagipusuon,heart pain,hiligaynon,active
masakit akon tai,buttocks pain,hiligaynon,active
masakit akon tiil,foot pain,hiligaynon,active
masakit akon tikod,heel pain,hiligaynon,active
masakit akon titi,breast pain,hiligaynon,active
masakit akon tiyan,abdominal pain,hiligaynon,active
masakit akon tudlo,finger pain,hiligaynon,active
masakit akon tuhod,knee pain,hiligaynon,active
masakit akon tungod,throat pain,hiligaynon,active
masakit akon tungtong,ankle pain,hiligaynon,active
masakit akon ulo,head pain,hiligaynon,active
masakit akon utok,brain pain,hiligaynon,active
masakit ang dibdib ko,chest pain,hiligaynon,active
masakit ang lawas,body pain,hiligaynon,active
masakit ang tiyan ko,stomach pain,hiligaynon,active
masakit ang ulo ko,headache,hiligaynon,active
masakit ari ako,penile pain,hiligaynon,active
masakit ari akon,penile pain,hiligaynon,active
masakit ari akon gid,penile pain,hiligaynon,active
masakit ari akon subong,penile pain,hiligaynon,active
masakit ari gid ko,penile pain,hiligaynon,active
masakit ari ko,penile pain,hiligaynon,active
masakit ari ko ako,penile pain,hiligaynon,active
masakit ari ko akon,penile pain,hiligaynon,active
masakit ari ko akon gid,penile pain,hiligaynon,active
masakit ari ko akon subong,penile pain,hiligaynon,active
masakit ari ko gid,penile pain,hiligaynon,active
masakit ari ko gid ko,penile pain,hiligaynon,active
masakit ari ko ko,penile pain,hiligaynon,active
masakit ari ko ko gid,penile pain,hiligaynon,active
masakit ary ako,penile pain,hiligaynon,active
masakit ary akon,penile pain,hiligaynon,active
masakit ary akon gid,penile pain,hiligaynon,active
masakit ary akon subong,penile pain,hiligaynon,active
masakit ary gid ko,penile pain,hiligaynon,active
masakit ary ko,penile pain,hiligaynon,active
masakit ary ko ako,penile pain,hiligaynon,active
masakit ary ko akon,penile pain,hiligaynon,active
masakit ary ko akon gid,penile pain,hiligaynon,active
masakit ary ko akon subong,penile pain,hiligaynon,active
masakit ary ko gid,penile pain,hiligaynon,active
masakit ary ko gid ko,penile pain,hiligaynon,active
masakit ary ko ko,penile pain,hiligaynon,active
masakit ary ko ko gid,penile pain,hiligaynon,active
masakit atay akon,liver pain,hiligaynon,active
masakit atay gid ko,liver pain,hiligaynon,active
masakit atay ko,liver pain,hiligaynon,active
masakit atay man,liver pain,hiligaynon,active
masakit atay subong,liver pain,hiligaynon,active
masakit awang akon,jaw pain,hiligaynon,active
masakit awang gid ko,jaw pain,hiligaynon,active
masakit awang ko,jaw pain,hiligaynon,active
masakit awang man,jaw pain,hiligaynon,active
masakit awang subong,jaw pain,hiligaynon,active
masakit baba akon,mouth pain,hiligaynon,active
masakit baba gid ko,mouth pain,hiligaynon,active
masakit baba ko,mouth pain,hiligaynon,active
masakit baba man,mouth pain,hiligaynon,active
masakit baba subong,mouth pain,hiligaynon,active
masakit balat akon,skin pain,hiligaynon,active
masakit balat gid ko,skin pain,hiligaynon,active
masakit balat ko,skin pain,hiligaynon,active
masakit balat man,skin pain,hiligaynon,active
masakit balat subong,skin pain,hiligaynon,active
masakit batiis akon,leg pain,hiligaynon,active
masakit batiis gid ko,leg pain,hiligaynon,active
masakit batiis ko,leg pain,hiligaynon,active
masakit batiis man,leg pain,hiligaynon,active
masakit batiis subong,leg pain,hiligaynon,active
masakit bato akon,kidney pain,hiligaynon,active
masakit bato gid ko,kidney pain,hiligaynon,active
masakit bato ko,kidney pain,hiligaynon,active
masakit bato man,kidney pain,hiligaynon,active
masakit bato subong,kidney pain,hiligaynon,active
masakit bayag ako,scrotal pain,hiligaynon,active
masakit bayag akon,scrotal pain,hiligaynon,active
masakit bayag akon gid,scrotal pain,hiligaynon,active
masakit bayag akon subong,scrotal pain,hiligaynon,active
masakit bayag gid ko,scrotal pain,hiligaynon,active
masakit bayag ko,scrotal pain,hiligaynon,active
masakit bayag ko gid,scrotal pain,hiligaynon,active
masakit baywang ako,waist pain,hiligaynon,active
masakit baywang akon,waist pain,hiligaynon,active
masakit baywang akon gid,waist pain,hiligaynon,active
masakit baywang akon subong,waist pain,hiligaynon,active
masakit baywang gid ko,waist pain,hiligaynon,active
masakit baywang ko,waist pain,hiligaynon,active
masakit baywang ko gid,waist pain,hiligaynon,active
masakit baywang ko man,waist pain,hiligaynon,active
masakit baywang man,waist pain,hiligaynon,active
masakit baywang subong,waist pain,hiligaynon,active
masakit bilad ako,vaginal pain,hiligaynon,active
masakit bilad akon,vaginal pain,hiligaynon,active
masakit bilad akon gid,vaginal pain,hiligaynon,active
masakit bilad akon subong,vaginal pain,hiligaynon,active
masakit bilad gid ko,vaginal pain,hiligaynon,active
masakit bilad ko,vaginal pain,hiligaynon,active
masakit bilad ko ako,vaginal pain,hiligaynon,active
masakit bilad ko akon,vaginal pain,hiligaynon,active
masakit bilad ko akon gid,vaginal pain,hiligaynon,active
masakit bilad ko akon subong,vaginal pain,hiligaynon,active
masakit bilad ko gid,vaginal pain,hiligaynon,active
masakit bilad ko gid ko,vaginal pain,hiligaynon,active
masakit bilad ko ko,vaginal pain,hiligaynon,active
masakit bilad ko ko gid,vaginal pain,hiligaynon,active
masakit bilat ako,vaginal pain,hiligaynon,active
masakit bilat akon,vaginal pain,hiligaynon,active
masakit bilat akon gid,vaginal pain,hiligaynon,active
masakit bilat akon subong,vaginal pain,hiligaynon,active
masakit bilat gid ko,vaginal pain,hiligaynon,active
masakit bilat ko,vaginal pain,hiligaynon,active
masakit bilat ko ako,vaginal pain,hiligaynon,active
masakit bilat ko akon,vaginal pain,hiligaynon,active
masakit bilat ko akon gid,vaginal pain,hiligaynon,active
masakit bilat ko akon subong,vaginal pain,hiligaynon,active
masakit bilat ko gid,vaginal pain,hiligaynon,active
masakit bilat ko gid ko,vaginal pain,hiligaynon,active
masakit bilat ko ko,vaginal pain,hiligaynon,active
masakit bilat ko ko gid,vaginal pain,hiligaynon,active
masakit buhok akon,hair pain,hiligaynon,active
masakit buhok gid ko,hair pain,hiligaynon,active
masakit buhok ko,hair pain,hiligaynon,active
masakit buhok man,hair pain,hiligaynon,active
masakit buhok subong,hair pain,hiligaynon,active
masakit bukong akon,forehead pain,hiligaynon,active
masakit bukong gid ko,forehead pain,hiligaynon,active
masakit bukong ko,forehead pain,hiligaynon,active
masakit bukong man,forehead pain,hiligaynon,active
masakit bukong subong,forehead pain,hiligaynon,active
masakit buuk akon,arm pain,hiligaynon,active
masakit buuk gid ko,arm pain,hiligaynon,active
masakit buuk ko,arm pain,hiligaynon,active
masakit buuk man,arm pain,hiligaynon,active
masakit buuk subong,arm pain,hiligaynon,active
masakit dalunggan akon,ear pain,hiligaynon,active
masakit dalunggan gid ko,ear pain,hiligaynon,active
masakit dalunggan ko,ear pain,hiligaynon,active
masakit dalunggan man,ear pain,hiligaynon,active
masakit dalunggan subong,ear pain,hiligaynon,active
masakit dila akon,tongue pain,hiligaynon,active
masakit dila gid ko,tongue pain,hiligaynon,active
masakit dila ko,tongue pain,hiligaynon,active
masakit dila man,tongue pain,hiligaynon,active
masakit dila subong,tongue pain,hiligaynon,active
masakit dughan,chest pain,hiligaynon,active
masakit dughan acun gid,chest pain,hiligaynon,active
masakit dughan acun subong,chest pain,hiligaynon,active
masakit dughan ako,chest pain,hiligaynon,active
masakit dughan akon,chest pain,hiligaynon,active
masakit dughan akon gid,chest pain,hiligaynon,active
masakit dughan akon subong,chest pain,hiligaynon,active
masakit dughan gid ko,chest pain,hiligaynon,active
masakit dughan ko,chest pain,hiligaynon,active
masakit dughan ko gid,chest pain,hiligaynon,active
masakit dughan ko kag galuya,chest pain with weakness,hiligaynon,active
masakit dughan ko man,chest pain,hiligaynon,active
masakit dughan ku gid,chest pain,hiligaynon,active
masakit dughan ku man,chest pain,hiligaynon,active
masakit dughan man,chest pain,hiligaynon,active
masakit dughan subong,chest pain,hiligaynon,active
masakit gid acun itlog,testicular pain,hiligaynon,active
masakit gid acun itlog ko,testicular pain,hiligaynon,active
masakit gid acun itlug,testicular pain,hiligaynon,active
masakit gid acun itlug ko,testicular pain,hiligaynon,active
masakit gid akon ari,penile pain,hiligaynon,active
masakit gid akon ari ko,penile pain,hiligaynon,active
masakit gid akon ary,penile pain,hiligaynon,active
masakit gid akon ary ko,penile pain,hiligaynon,active
masakit gid akon bayag,scrotal pain,hiligaynon,active
masakit gid akon bilad,vaginal pain,hiligaynon,active
masakit gid akon bilad ko,vaginal pain,hiligaynon,active
masakit gid akon bilat,vaginal pain,hiligaynon,active
masakit gid akon bilat ko,vaginal pain,hiligaynon,active
masakit gid akon itlog,testicular pain,hiligaynon,active
masakit gid akon itlog ko,testicular pain,hiligaynon,active
masakit gid akon itlog ku,testicular pain,hiligaynon,active
masakit gid akon itlug,testicular pain,hiligaynon,active
masakit gid akon itlug ko,testicular pain,hiligaynon,active
masakit gid akon itlug ku,testicular pain,hiligaynon,active
masakit gid akon kipay,vulvar pain,hiligaynon,active
masakit gid akon singit,groin pain,hiligaynon,active
masakit gid ari ako,penile pain,hiligaynon,active
masakit gid ari akon,penile pain,hiligaynon,active
masakit gid ari akon gid,penile pain,hiligaynon,active
masakit gid ari akon subong,penile pain,hiligaynon,active
masakit gid ari gid ko,penile pain,hiligaynon,active
masakit gid ari ko,penile pain,hiligaynon,active
masakit gid ari ko ako,penile pain,hiligaynon,active
masakit gid ari ko akon,penile pain,hiligaynon,active
masakit gid ari ko akon gid,penile pain,hiligaynon,active
masakit gid ari ko akon subong,penile pain,hiligaynon,active
masakit gid ari ko gid,penile pain,hiligaynon,active
masakit gid ari ko gid ko,penile pain,hiligaynon,active
masakit gid ari ko ko,penile pain,hiligaynon,active
masakit gid ari ko ko gid,penile pain,hiligaynon,active
masakit gid ary ako,penile pain,hiligaynon,active
masakit gid ary akon,penile pain,hiligaynon,active
masakit gid ary akon gid,penile pain,hiligaynon,active
masakit gid ary akon subong,penile pain,hiligaynon,active
masakit gid ary gid ko,penile pain,hiligaynon,active
masakit gid ary ko,penile pain,hiligaynon,active
masakit gid ary ko ako,penile pain,hiligaynon,active
masakit gid ary ko akon,penile pain,hiligaynon,active
masakit gid ary ko akon gid,penile pain,hiligaynon,active
masakit gid ary ko akon subong,penile pain,hiligaynon,active
masakit gid ary ko gid,penile pain,hiligaynon,active
masakit gid ary ko gid ko,penile pain,hiligaynon,active
masakit gid ary ko ko,penile pain,hiligaynon,active
masakit gid ary ko ko gid,penile pain,hiligaynon,active
masakit gid bayag ako,scrotal pain,hiligaynon,active
masakit gid bayag akon,scrotal pain,hiligaynon,active
masakit gid bayag akon gid,scrotal pain,hiligaynon,active
masakit gid bayag akon subong,scrotal pain,hiligaynon,active
masakit gid bayag gid ko,scrotal pain,hiligaynon,active
masakit gid bayag ko,scrotal pain,hiligaynon,active
masakit gid bayag ko gid,scrotal pain,hiligaynon,active
masakit gid bilad ako,vaginal pain,hiligaynon,active
masakit gid bilad akon,vaginal pain,hiligaynon,active
masakit gid bilad akon gid,vaginal pain,hiligaynon,active
masakit gid bilad akon subong,vaginal pain,hiligaynon,active
masakit gid bilad gid ko,vaginal pain,hiligaynon,active
masakit gid bilad ko,vaginal pain,hiligaynon,active
masakit gid bilad ko ako,vaginal pain,hiligaynon,active
masakit gid bilad ko akon,vaginal pain,hiligaynon,active
masakit gid bilad ko akon gid,vaginal pain,hiligaynon,active
masakit gid bilad ko akon subong,vaginal pain,hiligaynon,active
masakit gid bilad ko gid,vaginal pain,hiligaynon,active
masakit gid bilad ko gid ko,vaginal pain,hiligaynon,active
masakit gid bilad ko ko,vaginal pain,hiligaynon,active
masakit gid bilad ko ko gid,vaginal pain,hiligaynon,active
masakit gid bilat ako,vaginal pain,hiligaynon,active
masakit gid bilat akon,vaginal pain,hiligaynon,active
masakit gid bilat akon gid,vaginal pain,hiligaynon,active
masakit gid bilat akon subong,vaginal pain,hiligaynon,active
masakit gid bilat gid ko,vaginal pain,hiligaynon,active
masakit gid bilat ko,vaginal pain,hiligaynon,active
masakit gid bilat ko ako,vaginal pain,hiligaynon,active
masakit gid bilat ko akon,vaginal pain,hiligaynon,active
masakit gid bilat ko akon gid,vaginal pain,hiligaynon,active
masakit gid bilat ko akon subong,vaginal pain,hiligaynon,active
masakit gid bilat ko gid,vaginal pain,hiligaynon,active
masakit gid bilat ko gid ko,vaginal pain,hiligaynon,active
masakit gid bilat ko ko,vaginal pain,hiligaynon,active
masakit gid bilat ko ko gid,vaginal pain,hiligaynon,active
masakit gid itlog acun,testicular pain,hiligaynon,active
masakit gid itlog acun gid,testicular pain,hiligaynon,active
masakit gid itlog acun subong,testicular pain,hiligaynon,active
masakit gid itlog ako,testicular pain,hiligaynon,active
masakit gid itlog akon,testicular pain,hiligaynon,active
masakit gid itlog akon gid,testicular pain,hiligaynon,active
masakit gid itlog akon subong,testicular pain,hiligaynon,active
masakit gid itlog gid ko,testicular pain,hiligaynon,active
masakit gid itlog gid ku,testicular pain,hiligaynon,active
masakit gid itlog ko,testicular pain,hiligaynon,active
masakit gid itlog ko acun,testicular pain,hiligaynon,active
masakit gid itlog ko acun gid,testicular pain,hiligaynon,active
masakit gid itlog ko acun subong,testicular pain,hiligaynon,active
masakit gid itlog ko ako,testicular pain,hiligaynon,active
masakit gid itlog ko akon,testicular pain,hiligaynon,active
masakit gid itlog ko akon gid,testicular pain,hiligaynon,active
masakit gid itlog ko akon subong,testicular pain,hiligaynon,active
masakit gid itlog ko gid,testicular pain,hiligaynon,active
masakit gid itlog ko gid ko,testicular pain,hiligaynon,active
masakit gid itlog ko ko,testicular pain,hiligaynon,active
masakit gid itlog ko ko gid,testicular pain,hiligaynon,active
masakit gid itlog ku,testicular pain,hiligaynon,active
masakit gid itlog ku ako,testicular pain,hiligaynon,active
masakit gid itlog ku akon,testicular pain,hiligaynon,active
masakit gid itlog ku akon gid,testicular pain,hiligaynon,active
masakit gid itlog ku akon subong,testicular pain,hiligaynon,active
masakit gid itlog ku gid,testicular pain,hiligaynon,active
masakit gid itlog ku gid ko,testicular pain,hiligaynon,active
masakit gid itlog ku ko,testicular pain,hiligaynon,active
masakit gid itlog ku ko gid,testicular pain,hiligaynon,active
masakit gid itlug acun,testicular pain,hiligaynon,active
masakit gid itlug acun gid,testicular pain,hiligaynon,active
masakit gid itlug acun subong,testicular pain,hiligaynon,active
masakit gid itlug ako,testicular pain,hiligaynon,active
masakit gid itlug akon,testicular pain,hiligaynon,active
masakit gid itlug akon gid,testicular pain,hiligaynon,active
masakit gid itlug akon subong,testicular pain,hiligaynon,active
masakit gid itlug gid ko,testicular pain,hiligaynon,active
masakit gid itlug gid ku,testicular pain,hiligaynon,active
masakit gid itlug ko,testicular pain,hiligaynon,active
masakit gid itlug ko acun,testicular pain,hiligaynon,active
masakit gid itlug ko acun gid,testicular pain,hiligaynon,active
masakit gid itlug ko acun subong,testicular pain,hiligaynon,active
masakit gid itlug ko ako,testicular pain,hiligaynon,active
masakit gid itlug ko akon,testicular pain,hiligaynon,active
masakit gid itlug ko akon gid,testicular pain,hiligaynon,active
masakit gid itlug ko akon subong,testicular pain,hiligaynon,active
masakit gid itlug ko gid,testicular pain,hiligaynon,active
masakit gid itlug ko gid ko,testicular pain,hiligaynon,active
masakit gid itlug ko ko,testicular pain,hiligaynon,active
masakit gid itlug ko ko gid,testicular pain,hiligaynon,active
masakit gid itlug ku,testicular pain,hiligaynon,active
masakit gid itlug ku ako,testicular pain,hiligaynon,active
masakit gid itlug ku akon,testicular pain,hiligaynon,active
masakit gid itlug ku akon gid,testicular pain,hiligaynon,active
masakit gid itlug ku akon subong,testicular pain,hiligaynon,active
masakit gid itlug ku gid,testicular pain,hiligaynon,active
masakit gid itlug ku gid ko,testicular pain,hiligaynon,active
masakit gid itlug ku ko,testicular pain,hiligaynon,active
masakit gid itlug ku ko gid,testicular pain,hiligaynon,active
masakit gid kipay ako,vulvar pain,hiligaynon,active
masakit gid kipay akon,vulvar pain,hiligaynon,active
masakit gid kipay akon gid,vulvar pain,hiligaynon,active
masakit gid kipay akon subong,vulvar pain,hiligaynon,active
masakit gid kipay gid ko,vulvar pain,hiligaynon,active
masakit gid kipay ko,vulvar pain,hiligaynon,active
masakit gid kipay ko gid,vulvar pain,hiligaynon,active
masakit gid singit ako,groin pain,hiligaynon,active
masakit gid singit akon,groin pain,hiligaynon,active
masakit gid singit akon gid,groin pain,hiligaynon,active
masakit gid singit akon subong,groin pain,hiligaynon,active
masakit gid singit gid ko,groin pain,hiligaynon,active
masakit gid singit ko,groin pain,hiligaynon,active
masakit gid singit ko gid,groin pain,hiligaynon,active
masakit ilong akon,nose pain,hiligaynon,active
masakit ilong gid ko,nose pain,hiligaynon,active
masakit ilong ko,nose pain,hiligaynon,active
masakit ilong man,nose pain,hiligaynon,active
masakit ilong subong,nose pain,hiligaynon,active
masakit itlog acun,testicular pain,hiligaynon,active
masakit itlog acun gid,testicular pain,hiligaynon,active
masakit itlog acun subong,testicular pain,hiligaynon,active
masakit itlog ako,testicular pain,hiligaynon,active
masakit itlog akon,testicular pain,hiligaynon,active
masakit itlog akon gid,testicular pain,hiligaynon,active
masakit itlog akon subong,testicular pain,hiligaynon,active
masakit itlog gid ko,testicular pain,hiligaynon,active
masakit itlog gid ku,testicular pain,hiligaynon,active
masakit itlog ko,testicular pain,hiligaynon,active
masakit itlog ko acun,testicular pain,hiligaynon,active
masakit itlog ko acun gid,testicular pain,hiligaynon,active
masakit itlog ko acun subong,testicular pain,hiligaynon,active
masakit itlog ko ako,testicular pain,hiligaynon,active
masakit itlog ko akon,testicular pain,hiligaynon,active
masakit itlog ko akon gid,testicular pain,hiligaynon,active
masakit itlog ko akon subong,testicular pain,hiligaynon,active
masakit itlog ko gid,testicular pain,hiligaynon,active
masakit itlog ko gid ko,testicular pain,hiligaynon,active
masakit itlog ko ko,testicular pain,hiligaynon,active
masakit itlog ko ko gid,testicular pain,hiligaynon,active
masakit itlog ku,testicular pain,hiligaynon,active
masakit itlog ku ako,testicular pain,hiligaynon,active
masakit itlog ku akon,testicular pain,hiligaynon,active
masakit itlog ku akon gid,testicular pain,hiligaynon,active
masakit itlog ku akon subong,testicular pain,hiligaynon,active
masakit itlog ku gid,testicular pain,hiligaynon,active
masakit itlog ku gid ko,testicular pain,hiligaynon,active
masakit itlog ku ko,testicular pain,hiligaynon,active
masakit itlog ku ko gid,testicular pain,hiligaynon,active
masakit itlug acun,testicular pain,hiligaynon,active
masakit itlug acun gid,testicular pain,hiligaynon,active
masakit itlug acun subong,testicular pain,hiligaynon,active
masakit itlug ako,testicular pain,hiligaynon,active
masakit itlug akon,testicular pain,hiligaynon,active
masakit itlug akon gid,testicular pain,hiligaynon,active
masakit itlug akon subong,testicular pain,hiligaynon,active
masakit itlug gid ko,testicular pain,hiligaynon,active
masakit itlug gid ku,testicular pain,hiligaynon,active
masakit itlug ko,testicular pain,hiligaynon,active
masakit itlug ko acun,testicular pain,hiligaynon,active
masakit itlug ko acun gid,testicular pain,hiligaynon,active
masakit itlug ko acun subong,testicular pain,hiligaynon,active
masakit itlug ko ako,testicular pain,hiligaynon,active
masakit itlug ko akon,testicular pain,hiligaynon,active
masakit itlug ko akon gid,testicular pain,hiligaynon,active
masakit itlug ko akon subong,testicular pain,hiligaynon,active
masakit itlug ko gid,testicular pain,hiligaynon,active
masakit itlug ko gid ko,testicular pain,hiligaynon,active
masakit itlug ko ko,testicular pain,hiligaynon,active
masakit itlug ko ko gid,testicular pain,hiligaynon,active
masakit itlug ku,testicular pain,hiligaynon,active
masakit itlug ku ako,testicular pain,hiligaynon,active
masakit itlug ku akon,testicular pain,hiligaynon,active
masakit itlug ku akon gid,testicular pain,hiligaynon,active
masakit itlug ku akon subong,testicular pain,hiligaynon,active
masakit itlug ku gid,testicular pain,hiligaynon,active
masakit itlug ku gid ko,testicular pain,hiligaynon,active
masakit itlug ku ko,testicular pain,hiligaynon,active
masakit itlug ku ko gid,testicular pain,hiligaynon,active
masakit kamot akon,hand pain,hiligaynon,active
masakit kamot gid ko,hand pain,hiligaynon,active
masakit kamot ko,hand pain,hiligaynon,active
masakit kamot man,hand pain,hiligaynon,active
masakit kamot subong,hand pain,hiligaynon,active
masakit katawan,body pain,hiligaynon,active
masakit kipay ako,vulvar pain,hiligaynon,active
masakit kipay akon,vulvar pain,hiligaynon,active
masakit kipay akon gid,vulvar pain,hiligaynon,active
masakit kipay akon subong,vulvar pain,hiligaynon,active
masakit kipay gid ko,vulvar pain,hiligaynon,active
masakit kipay ko,vulvar pain,hiligaynon,active
masakit kipay ko gid,vulvar pain,hiligaynon,active
masakit kon maglihok abaga ako,shoulder pain,hiligaynon,active
masakit kon maglihok abaga akon,shoulder pain,hiligaynon,active
masakit kon maglihok abaga akon gid,shoulder pain,hiligaynon,active
masakit kon maglihok abaga akon subong,shoulder pain,hiligaynon,active
masakit kon maglihok abaga ko,shoulder pain,hiligaynon,active
masakit kon maglihok abaga ko gid,shoulder pain,hiligaynon,active
masakit kon maglihok abaga ko man,shoulder pain,hiligaynon,active
masakit kon maglihok baywang ako,waist pain,hiligaynon,active
masakit kon maglihok baywang akon,waist pain,hiligaynon,active
masakit kon maglihok baywang akon gid,waist pain,hiligaynon,active
masakit kon maglihok baywang akon subong,waist pain,hiligaynon,active
masakit kon maglihok baywang ko,waist pain,hiligaynon,active
masakit kon maglihok baywang ko gid,waist pain,hiligaynon,active
masakit kon maglihok baywang ko man,waist pain,hiligaynon,active
masakit kon maglihok likod ako,back pain,hiligaynon,active
masakit kon maglihok likod akon,back pain,hiligaynon,active
masakit kon maglihok likod akon gid,back pain,hiligaynon,active
masakit kon maglihok likod akon subong,back pain,hiligaynon,active
masakit kon maglihok likod ko,back pain,hiligaynon,active
masakit kon maglihok likod ko gid,back pain,hiligaynon,active
masakit kon maglihok likod ko man,back pain,hiligaynon,active
masakit kon maglihok liog ako,neck pain,hiligaynon,active
masakit kon maglihok liog akon,neck pain,hiligaynon,active
masakit kon maglihok liog akon gid,neck pain,hiligaynon,active
masakit kon maglihok liog akon subong,neck pain,hiligaynon,active
masakit kon maglihok liog ko,neck pain,hiligaynon,active
masakit kon maglihok liog ko gid,neck pain,hiligaynon,active
masakit kon maglihok liog ko man,neck pain,hiligaynon,active
masakit kon maglihok siko ako,elbow pain,hiligaynon,active
masakit kon maglihok siko akon,elbow pain,hiligaynon,active
masakit kon maglihok siko akon gid,elbow pain,hiligaynon,active
masakit kon maglihok siko akon subong,elbow pain,hiligaynon,active
masakit kon maglihok siko ko,elbow pain,hiligaynon,active
masakit kon maglihok siko ko gid,elbow pain,hiligaynon,active
masakit kon maglihok siko ko man,elbow pain,hiligaynon,active
masakit kon maglihok tikod ako,heel pain,hiligaynon,active
masakit kon maglihok tikod akon,heel pain,hiligaynon,active
masakit kon maglihok tikod akon gid,heel pain,hiligaynon,active
masakit kon maglihok tikod akon subong,heel pain,hiligaynon,active
masakit kon maglihok tikod ko,heel pain,hiligaynon,active
masakit kon maglihok tikod ko gid,heel pain,hiligaynon,active
masakit kon maglihok tikod ko man,heel pain,hiligaynon,active
masakit kon maglihok tungtong ako,ankle pain,hiligaynon,active
masakit kon maglihok tungtong akon,ankle pain,hiligaynon,active
masakit kon maglihok tungtong akon gid,ankle pain,hiligaynon,active
masakit kon maglihok tungtong akon subong,ankle pain,hiligaynon,active
masakit kon maglihok tungtong ko,ankle pain,hiligaynon,active
masakit kon maglihok tungtong ko gid,ankle pain,hiligaynon,active
masakit kon maglihok tungtong ko man,ankle pain,hiligaynon,active
masakit kuko akon,nail pain,hiligaynon,active
masakit kuko gid ko,nail pain,hiligaynon,active
masakit kuko ko,nail pain,hiligaynon,active
masakit kuko man,nail pain,hiligaynon,active
masakit kuko subong,nail pain,hiligaynon,active
masakit lawas akon,body pain,hiligaynon,active
masakit lawas gid ko,body pain,hiligaynon,active
masakit lawas ko,body pain,hiligaynon,active
masakit lawas man,body pain,hiligaynon,active
masakit lawas subong,body pain,hiligaynon,active
masakit lawi akon,nape pain,hiligaynon,active
masakit lawi gid ko,nape pain,hiligaynon,active
masakit lawi ko,nape pain,hiligaynon,active
masakit lawi man,nape pain,hiligaynon,active
masakit lawi subong,nape pain,hiligaynon,active
masakit likod ako,back pain,hiligaynon,active
masakit likod akon,back pain,hiligaynon,active
masakit likod akon gid,back pain,hiligaynon,active
masakit likod akon subong,back pain,hiligaynon,active
masakit likod gid ko,back pain,hiligaynon,active
masakit likod ko,back pain,hiligaynon,active
masakit likod ko gid,back pain,hiligaynon,active
masakit likod ko man,back pain,hiligaynon,active
masakit likod man,back pain,hiligaynon,active
masakit likod subong,back pain,hiligaynon,active
masakit liog ako,neck pain,hiligaynon,active
masakit liog akon,neck pain,hiligaynon,active
masakit liog akon gid,neck pain,hiligaynon,active
masakit liog akon subong,neck pain,hiligaynon,active
masakit liog gid ko,neck pain,hiligaynon,active
masakit liog ko,neck pain,hiligaynon,active
masakit liog ko gid,neck pain,hiligaynon,active
masakit liog ko man,neck pain,hiligaynon,active
masakit liog man,neck pain,hiligaynon,active
masakit liog subong,neck pain,hiligaynon,active
masakit mag-ihi,urinary tract infection,hiligaynon,active
masakit mag-ihi ko,painful urination,hiligaynon,active
masakit mata ako,eye pain,hiligaynon,active
masakit mata akon,eye pain,hiligaynon,active
masakit mata akon gid,eye pain,hiligaynon,active
masakit mata akon subong,eye pain,hiligaynon,active
masakit mata gid ko,eye pain,hiligaynon,active
masakit mata ko,eye pain,hiligaynon,active
masakit mata ko ako,eye pain,hiligaynon,active
masakit mata ko akon,eye pain,hiligaynon,active
masakit mata ko akon gid,eye pain,hiligaynon,active
masakit mata ko akon subong,eye pain,hiligaynon,active
masakit mata ko gid,eye pain,hiligaynon,active
masakit mata ko gid ako,eye pain,hiligaynon,active
masakit mata ko gid akon,eye pain,hiligaynon,active
masakit mata ko gid akon gid,eye pain,hiligaynon,active
masakit mata ko gid akon subong,eye pain,hiligaynon,active
masakit mata ko gid ko,eye pain,hiligaynon,active
masakit mata ko gid ko gid,eye pain,hiligaynon,active
masakit mata ko gid ko man,eye pain,hiligaynon,active
masakit mata ko ko,eye pain,hiligaynon,active
masakit mata ko ko gid,eye pain,hiligaynon,active
masakit mata ko ko man,eye pain,hiligaynon,active
masakit mata ko man,eye pain,hiligaynon,active
masakit mata man,eye pain,hiligaynon,active
masakit mata subong,eye pain,hiligaynon,active
masakit ngipon akon,tooth pain,hiligaynon,active
masakit ngipon gid ko,tooth pain,hiligaynon,active
masakit ngipon ko,tooth pain,hiligaynon,active
masakit ngipon man,tooth pain,hiligaynon,active
masakit ngipon subong,tooth pain,hiligaynon,active
masakit olok ako,head pain,hiligaynon,active
masakit olok akon,head pain,hiligaynon,active
masakit olok akon gid,head pain,hiligaynon,active
masakit olok akon subong,head pain,hiligaynon,active
masakit olok ko,head pain,hiligaynon,active
masakit olok ko gid,head pain,hiligaynon,active
masakit olok ko man,head pain,hiligaynon,active
masakit paa akon,foot pain,hiligaynon,active
masakit paa gid ko,foot pain,hiligaynon,active
masakit paa ko,foot pain,hiligaynon,active
masakit paa man,foot pain,hiligaynon,active
masakit paa subong,foot pain,hiligaynon,active
masakit pag-ihi kag masakit bilat ko,uti symptoms,hiligaynon,active
masakit pag-ihi ko,painful urination,hiligaynon,active
masakit pag-ihi ko kag may nana sa bilat ko,urinary tract infection,hiligaynon,active
masakit pag-ihi ko sa bilat,painful urination with vaginal pain,hiligaynon,active
masakit paglamon ko,painful swallowing,hiligaynon,active
masakit paglihok abaga ako,shoulder pain,hiligaynon,active
masakit paglihok abaga akon,shoulder pain,hiligaynon,active
masakit paglihok abaga akon gid,shoulder pain,hiligaynon,active
masakit paglihok abaga akon subong,shoulder pain,hiligaynon,active
masakit paglihok abaga ko,shoulder pain,hiligaynon,active
masakit paglihok abaga ko gid,shoulder pain,hiligaynon,active
masakit paglihok abaga ko man,shoulder pain,hiligaynon,active
masakit paglihok baywang ako,waist pain,hiligaynon,active
masakit paglihok baywang akon,waist pain,hiligaynon,active
masakit paglihok baywang akon gid,waist pain,hiligaynon,active
masakit paglihok baywang akon subong,waist pain,hiligaynon,active
masakit paglihok baywang ko,waist pain,hiligaynon,active
masakit paglihok baywang ko gid,waist pain,hiligaynon,active
masakit paglihok baywang ko man,waist pain,hiligaynon,active
masakit paglihok likod ako,back pain,hiligaynon,active
masakit paglihok likod akon,back pain,hiligaynon,active
masakit paglihok likod akon gid,back pain,hiligaynon,active
masakit paglihok likod akon subong,back pain,hiligaynon,active
masakit paglihok likod ko,back pain,hiligaynon,active
masakit paglihok likod ko gid,back pain,hiligaynon,active
masakit paglihok likod ko man,back pain,hiligaynon,active
masakit paglihok liog ako,neck pain,hiligaynon,active
masakit paglihok liog akon,neck pain,hiligaynon,active
masakit paglihok liog akon gid,neck pain,hiligaynon,active
masakit paglihok liog akon subong,neck pain,hiligaynon,active
masakit paglihok liog ko,neck pain,hiligaynon,active
masakit paglihok liog ko gid,neck pain,hiligaynon,active
masakit paglihok liog ko man,neck pain,hiligaynon,active
masakit paglihok siko ako,elbow pain,hiligaynon,active
masakit paglihok siko akon,elbow pain,hiligaynon,active
masakit paglihok siko akon gid,elbow pain,hiligaynon,active
masakit paglihok siko akon subong,elbow pain,hiligaynon,active
masakit paglihok siko ko,elbow pain,hiligaynon,active
masakit paglihok siko ko gid,elbow pain,hiligaynon,active
masakit paglihok siko ko man,elbow pain,hiligaynon,active
masakit paglihok tikod ako,heel pain,hiligaynon,active
masakit paglihok tikod akon,heel pain,hiligaynon,active
masakit paglihok tikod akon gid,heel pain,hiligaynon,active
masakit paglihok tikod akon subong,heel pain,hiligaynon,active
masakit paglihok tikod ko,heel pain,hiligaynon,active
masakit paglihok tikod ko gid,heel pain,hiligaynon,active
masakit paglihok tikod ko man,heel pain,hiligaynon,active
masakit paglihok tungtong ako,ankle pain,hiligaynon,active
masakit paglihok tungtong akon,ankle pain,hiligaynon,active
masakit paglihok tungtong akon gid,ankle pain,hiligaynon,active
masakit paglihok tungtong akon subong,ankle pain,hiligaynon,active
masakit paglihok tungtong ko,ankle pain,hiligaynon,active
masakit paglihok tungtong ko gid,ankle pain,hiligaynon,active
masakit paglihok tungtong ko man,ankle pain,hiligaynon,active
masakit pilas akon,wound pain,hiligaynon,active
masakit pilas gid ko,wound pain,hiligaynon,active
masakit pilas ko,wound pain,hiligaynon,active
masakit pilas man,wound pain,hiligaynon,active
masakit pilas subong,wound pain,hiligaynon,active
masakit pisngi akon,cheek pain,hiligaynon,active
masakit pisngi gid ko,cheek pain,hiligaynon,active
masakit pisngi ko,cheek pain,hiligaynon,active
masakit pisngi man,cheek pain,hiligaynon,active
masakit pisngi subong,cheek pain,hiligaynon,active
masakit siko ako,elbow pain,hiligaynon,active
masakit siko akon,elbow pain,hiligaynon,active
masakit siko akon gid,elbow pain,hiligaynon,active
masakit siko akon subong,elbow pain,hiligaynon,active
masakit siko gid ko,elbow pain,hiligaynon,active
masakit siko ko,elbow pain,hiligaynon,active
masakit siko ko gid,elbow pain,hiligaynon,active
masakit siko ko man,elbow pain,hiligaynon,active
masakit siko man,elbow pain,hiligaynon,active
masakit siko subong,elbow pain,hiligaynon,active
masakit singit ako,groin pain,hiligaynon,active
masakit singit akon,groin pain,hiligaynon,active
masakit singit akon gid,groin pain,hiligaynon,active
masakit singit akon subong,groin pain,hiligaynon,active
masakit singit gid ko,groin pain,hiligaynon,active
masakit singit ko,groin pain,hiligaynon,active
masakit singit ko gid,groin pain,hiligaynon,active
masakit tadlong akon,forearm pain,hiligaynon,active
masakit tadlong gid ko,forearm pain,hiligaynon,active
masakit tadlong ko,forearm pain,hiligaynon,active
masakit tadlong man,forearm pain,hiligaynon,active
masakit tadlong subong,forearm pain,hiligaynon,active
masakit tagipusuon akon,heart pain,hiligaynon,active
masakit tagipusuon gid ko,heart pain,hiligaynon,active
masakit tagipusuon ko,heart pain,hiligaynon,active
masakit tagipusuon man,heart pain,hiligaynon,active
masakit tagipusuon subong,heart pain,hiligaynon,active
masakit tai akon,buttocks pain,hiligaynon,active
masakit tai gid ko,buttocks pain,hiligaynon,active
masakit tai ko,buttocks pain,hiligaynon,active
masakit tai man,buttocks pain,hiligaynon,active
masakit tai subong,buttocks pain,hiligaynon,active
masakit tiil akon,foot pain,hiligaynon,active
masakit tiil gid ko,foot pain,hiligaynon,active
masakit tiil ko,foot pain,hiligaynon,active
masakit tiil man,foot pain,hiligaynon,active
masakit tiil subong,foot pain,hiligaynon,active
masakit tikod ako,heel pain,hiligaynon,active
masakit tikod akon,heel pain,hiligaynon,active
masakit tikod akon gid,heel pain,hiligaynon,active
masakit tikod akon subong,heel pain,hiligaynon,active
masakit tikod gid ko,heel pain,hiligaynon,active
masakit tikod ko,heel pain,hiligaynon,active
masakit tikod ko gid,heel pain,hiligaynon,active
masakit tikod ko man,heel pain,hiligaynon,active
masakit tikod man,heel pain,hiligaynon,active
masakit tikod subong,heel pain,hiligaynon,active
masakit tina-i ako,abdominal pain,hiligaynon,active
masakit tina-i akon,abdominal pain,hiligaynon,active
masakit tina-i akon gid,abdominal pain,hiligaynon,active
masakit tina-i akon subong,abdominal pain,hiligaynon,active
masakit tina-i ko,abdominal pain,hiligaynon,active
masakit tina-i ko gid,abdominal pain,hiligaynon,active
masakit tina-i ko man,abdominal pain,hiligaynon,active
masakit titi akon,breast pain,hiligaynon,active
masakit titi gid ko,breast pain,hiligaynon,active
masakit titi ko,breast pain,hiligaynon,active
masakit titi man,breast pain,hiligaynon,active
masakit titi subong,breast pain,hiligaynon,active
masakit tiyan,stomach pain,hiligaynon,active
masakit tiyan ako,abdominal pain,hiligaynon,active
masakit tiyan akon,abdominal pain,hiligaynon,active
masakit tiyan akon gid,abdominal pain,hiligaynon,active
masakit tiyan akon subong,abdominal pain,hiligaynon,active
masakit tiyan gid ko,abdominal pain,hiligaynon,active
masakit tiyan ko,abdominal pain,hiligaynon,active
masakit tiyan ko ako,abdominal pain,hiligaynon,active
masakit tiyan ko akon,abdominal pain,hiligaynon,active
masakit tiyan ko akon gid,abdominal pain,hiligaynon,active
masakit tiyan ko akon subong,abdominal pain,hiligaynon,active
masakit tiyan ko gid,abdominal pain,hiligaynon,active
masakit tiyan ko ko,abdominal pain,hiligaynon,active
masakit tiyan ko ko gid,abdominal pain,hiligaynon,active
masakit tiyan ko ko man,abdominal pain,hiligaynon,active
masakit tiyan ko man,abdominal pain,hiligaynon,active
masakit tiyan ko nga burod,pregnancy abdominal pain,hiligaynon,active
masakit tiyan man,abdominal pain,hiligaynon,active
masakit tiyan pagkaon,gastritis,hiligaynon,active
masakit tiyan subong,abdominal pain,hiligaynon,active
masakit tudlo akon,finger pain,hiligaynon,active
masakit tudlo gid ko,finger pain,hiligaynon,active
masakit tudlo ko,finger pain,hiligaynon,active
masakit tudlo man,finger pain,hiligaynon,active
masakit tudlo subong,finger pain,hiligaynon,active
masakit tuhod ako,knee pain,hiligaynon,active
masakit tuhod akon,knee pain,hiligaynon,active
masakit tuhod akon gid,knee pain,hiligaynon,active
masakit tuhod akon subong,knee pain,hiligaynon,active
masakit tuhod gid ko,knee pain,hiligaynon,active
masakit tuhod ko,knee pain,hiligaynon,active
masakit tuhod ko gid,knee pain,hiligaynon,active
masakit tuhod ko man,knee pain,hiligaynon,active
masakit tuhod man,knee pain,hiligaynon,active
masakit tuhod subong,knee pain,hiligaynon,active
masakit tungod akon,throat pain,hiligaynon,active
masakit tungod gid ko,throat pain,hiligaynon,active
masakit tungod ko,throat pain,hiligaynon,active
masakit tungod man,throat pain,hiligaynon,active
masakit tungod subong,throat pain,hiligaynon,active
masakit tungtong ako,ankle pain,hiligaynon,active
masakit tungtong akon,ankle pain,hiligaynon,active
masakit tungtong akon gid,ankle pain,hiligaynon,active
masakit tungtong akon subong,ankle pain,hiligaynon,active
masakit tungtong gid ko,ankle pain,hiligaynon,active
masakit tungtong ko,ankle pain,hiligaynon,active
masakit tungtong ko gid,ankle pain,hiligaynon,active
masakit tungtong ko man,ankle pain,hiligaynon,active
masakit tungtong man,ankle pain,hiligaynon,active
masakit tungtong subong,ankle pain,hiligaynon,active
masakit tutunlan,sore throat,hiligaynon,active
masakit ulo ako,head pain,hiligaynon,active
masakit ulo akon,head pain,hiligaynon,active
masakit ulo akon gid,head pain,hiligaynon,active
masakit ulo akon subong,head pain,hiligaynon,active
masakit ulo gid ko,head pain,hiligaynon,active
masakit ulo ko,head pain,hiligaynon,active
masakit ulo ko ako,head pain,hiligaynon,active
masakit ulo ko akon,head pain,hiligaynon,active
masakit ulo ko akon gid,head pain,hiligaynon,active
masakit ulo ko akon subong,head pain,hiligaynon,active
masakit ulo ko gid,head pain,hiligaynon,active
masakit ulo ko ko,head pain,hiligaynon,active
masakit ulo ko ko gid,head pain,hiligaynon,active
masakit ulo ko ko man,head pain,hiligaynon,active
masakit ulo ko man,head pain,hiligaynon,active
masakit ulo man,head pain,hiligaynon,active
masakit ulo subong,head pain,hiligaynon,active
masakit utok akon,brain pain,hiligaynon,active
masakit utok gid ko,brain pain,hiligaynon,active
masakit utok ko,brain pain,hiligaynon,active
masakit utok man,brain pain,hiligaynon,active
masakit utok subong,brain pain,hiligaynon,active
mata,eye,hiligaynon,active
mata ko,eye,hiligaynon,active
mata ko gid,eye,hiligaynon,active
mataas ang asukal ko,hyperglycemia,hiligaynon,active
mataas na asukal,diabetes,hiligaynon,active
mataas na presyon,hypertension,hiligaynon,active
mataas na presyon ko,hypertension,hiligaynon,active
mataas nga asukal,diabetes,hiligaynon,active
mataas nga presyon,hypertension,hiligaynon,active
mataas uric acid,gout,hiligaynon,active
mataba,obesity,hiligaynon,active
may alerdyi ako,allergy,hiligaynon,active
may alerdyi ko sa tambal,drug allergy,hiligaynon,active
may allergy,allergy,hiligaynon,active
may allergy ako sa,allergy,hiligaynon,active
may alta presyon,hypertension,hiligaynon,active
may alta presyon ako,hypertension,hiligaynon,active
may anak sa tiyan,pregnancy,hiligaynon,active
may anemia ako,anemia,hiligaynon,active
may anxiety ako,anxiety disorder,hiligaynon,active
may asma,asthma,hiligaynon,active
may asma ako,asthma,hiligaynon,active
may asthma ako,asthma,hiligaynon,active
may baras sa balat ko,skin rash,hiligaynon,active
may barog ilong ko,nasal congestion,hiligaynon,active
may black eye ako,black eye,hiligaynon,active
may black eye ko,black eye,hiligaynon,active
may bukol,mass,hiligaynon,active
may bukol akon ari,penile lump,hiligaynon,active
may bukol akon ari ko,penile lump,hiligaynon,active
may bukol akon ary,penile lump,hiligaynon,active
may bukol akon ary ko,penile lump,hiligaynon,active
may bukol akon bilad,vaginal lump,hiligaynon,active
may bukol akon bilad ko,vaginal lump,hiligaynon,active
may bukol akon bilat,vaginal lump,hiligaynon,active
may bukol akon bilat ko,vaginal lump,hiligaynon,active
may bukol akon itlog,testicular lump,hiligaynon,active
may bukol akon itlog ko,testicular lump,hiligaynon,active
may bukol akon itlug,testicular lump,hiligaynon,active
may bukol akon itlug ko,testicular lump,hiligaynon,active
may bukol akon singit,groin lump,hiligaynon,active
may bukol ari akon,penile lump,hiligaynon,active
may bukol ari ko,penile lump,hiligaynon,active
may bukol ari ko akon,penile lump,hiligaynon,active
may bukol ari ko ko,penile lump,hiligaynon,active
may bukol ary akon,penile lump,hiligaynon,active
may bukol ary ko,penile lump,hiligaynon,active
may bukol ary ko akon,penile lump,hiligaynon,active
may bukol ary ko ko,penile lump,hiligaynon,active
may bukol bilad akon,vaginal lump,hiligaynon,active
may bukol bilad ko,vaginal lump,hiligaynon,active
may bukol bilad ko akon,vaginal lump,hiligaynon,active
may bukol bilad ko ko,vaginal lump,hiligaynon,active
may bukol bilat akon,vaginal lump,hiligaynon,active
may bukol bilat ko,vaginal lump,hiligaynon,active
may bukol bilat ko akon,vaginal lump,hiligaynon,active
may bukol bilat ko ko,vaginal lump,hiligaynon,active
may bukol itlog akon,testicular lump,hiligaynon,active
may bukol itlog ko,testicular lump,hiligaynon,active
may bukol itlog ko akon,testicular lump,hiligaynon,active
may bukol itlog ko ko,testicular lump,hiligaynon,active
may bukol itlug akon,testicular lump,hiligaynon,active
may bukol itlug ko,testicular lump,hiligaynon,active
may bukol itlug ko akon,testicular lump,hiligaynon,active
may bukol itlug ko ko,testicular lump,hiligaynon,active
may bukol ko sa akon ari,penile lump,hiligaynon,active
may bukol ko sa akon ari ko,penile lump,hiligaynon,active
may bukol ko sa akon ary,penile lump,hiligaynon,active
may bukol ko sa akon ary ko,penile lump,hiligaynon,active
may bukol ko sa akon bilad,vaginal lump,hiligaynon,active
may bukol ko sa akon bilad ko,vaginal lump,hiligaynon,active
may bukol ko sa akon bilat,vaginal lump,hiligaynon,active
may bukol ko sa akon bilat ko,vaginal lump,hiligaynon,active
may bukol ko sa akon itlog,testicular lump,hiligaynon,active
may bukol ko sa akon itlog ko,testicular lump,hiligaynon,active
may bukol ko sa akon itlug,testicular lump,hiligaynon,active
may bukol ko sa akon itlug ko,testicular lump,hiligaynon,active
may bukol ko sa akon singit,groin lump,hiligaynon,active
may bukol ko sa ari akon,penile lump,hiligaynon,active
may bukol ko sa ari ko,penile lump,hiligaynon,active
may bukol ko sa ari ko akon,penile lump,hiligaynon,active
may bukol ko sa ari ko ko,penile lump,hiligaynon,active
may bukol ko sa ary akon,penile lump,hiligaynon,active
may bukol ko sa ary ko,penile lump,hiligaynon,active
may bukol ko sa ary ko akon,penile lump,hiligaynon,active
may bukol ko sa ary ko ko,penile lump,hiligaynon,active
may bukol ko sa bilad akon,vaginal lump,hiligaynon,active
may bukol ko sa bilad ko,vaginal lump,hiligaynon,active
may bukol ko sa bilad ko akon,vaginal lump,hiligaynon,active
may bukol ko sa bilad ko ko,vaginal lump,hiligaynon,active
may bukol ko sa bilat,vaginal lump,hiligaynon,active
may bukol ko sa bilat akon,vaginal lump,hiligaynon,active
may bukol ko sa bilat ko,vaginal lump,hiligaynon,active
may bukol ko sa bilat ko akon,vaginal lump,hiligaynon,active
may bukol ko sa bilat ko ko,vaginal lump,hiligaynon,active
may bukol ko sa itlog akon,testicular lump,hiligaynon,active
may bukol ko sa itlog ko,testicular lump,hiligaynon,active
may bukol ko sa itlog ko akon,testicular lump,hiligaynon,active
may bukol ko sa itlog ko ko,testicular lump,hiligaynon,active
may bukol ko sa itlug akon,testicular lump,hiligaynon,active
may bukol ko sa itlug ko,testicular lump,hiligaynon,active
may bukol ko sa itlug ko akon,testicular lump,hiligaynon,active
may bukol ko sa itlug ko ko,testicular lump,hiligaynon,active
may bukol ko sa singit akon,groin lump,hiligaynon,active
may bukol ko sa singit ko,groin lump,hiligaynon,active
may bukol sa akon akon ari,penile lump,hiligaynon,active
may bukol sa akon akon ari ko,penile lump,hiligaynon,active
may bukol sa akon akon ary,penile lump,hiligaynon,active
may bukol sa akon akon ary ko,penile lump,hiligaynon,active
may bukol sa akon akon bilad,vaginal lump,hiligaynon,active
may bukol sa akon akon bilad ko,vaginal lump,hiligaynon,active
may bukol sa akon akon bilat,vaginal lump,hiligaynon,active
may bukol sa akon akon bilat ko,vaginal lump,hiligaynon,active
may bukol sa akon akon itlog,testicular lump,hiligaynon,active
may bukol sa akon akon itlog ko,testicular lump,hiligaynon,active
may bukol sa akon akon itlug,testicular lump,hiligaynon,active
may bukol sa akon akon itlug ko,testicular lump,hiligaynon,active
may bukol sa akon akon singit,groin lump,hiligaynon,active
may bukol sa akon ari,penile lump,hiligaynon,active
may bukol sa akon ari akon,penile lump,hiligaynon,active
may bukol sa akon ari ko,penile lump,hiligaynon,active
may bukol sa akon ari ko akon,penile lump,hiligaynon,active
may bukol sa akon ari ko ko,penile lump,hiligaynon,active
may bukol sa akon ary,penile lump,hiligaynon,active
may bukol sa akon ary akon,penile lump,hiligaynon,active
may bukol sa akon ary ko,penile lump,hiligaynon,active
may bukol sa akon ary ko akon,penile lump,hiligaynon,active
may bukol sa akon ary ko ko,penile lump,hiligaynon,active
may bukol sa akon bilad,vaginal lump,hiligaynon,active
may bukol sa akon bilad akon,vaginal lump,hiligaynon,active
may bukol sa akon bilad ko,vaginal lump,hiligaynon,active
may bukol sa akon bilad ko akon,vaginal lump,hiligaynon,active
may bukol sa akon bilad ko ko,vaginal lump,hiligaynon,active
may bukol sa akon bilat,vaginal lump,hiligaynon,active
may bukol sa akon bilat akon,vaginal lump,hiligaynon,active
may bukol sa akon bilat ko,vaginal lump,hiligaynon,active
may bukol sa akon bilat ko akon,vaginal lump,hiligaynon,active
may bukol sa akon bilat ko ko,vaginal lump,hiligaynon,active
may bukol sa akon itlog,testicular lump,hiligaynon,active
may bukol sa akon itlog akon,testicular lump,hiligaynon,active
may bukol sa akon itlog ko,testicular lump,hiligaynon,active
may bukol sa akon itlog ko akon,testicular lump,hiligaynon,active
may bukol sa akon itlog ko ko,testicular lump,hiligaynon,active
may bukol sa akon itlug,testicular lump,hiligaynon,active
may bukol sa akon itlug akon,testicular lump,hiligaynon,active
may bukol sa akon itlug ko,testicular lump,hiligaynon,active
may bukol sa akon itlug ko akon,testicular lump,hiligaynon,active
may bukol sa akon itlug ko ko,testicular lump,hiligaynon,active
may bukol sa akon singit,groin lump,hiligaynon,active
may bukol sa akon singit akon,groin lump,hiligaynon,active
may bukol sa akon singit ko,groin lump,hiligaynon,active
may bukol sa ari akon,penile lump,hiligaynon,active
may bukol sa ari ko,penile lump,hiligaynon,active
may bukol sa ari ko akon,penile lump,hiligaynon,active
may bukol sa ari ko ko,penile lump,hiligaynon,active
may bukol sa ary akon,penile lump,hiligaynon,active
may bukol sa ary ko,penile lump,hiligaynon,active
may bukol sa ary ko akon,penile lump,hiligaynon,active
may bukol sa ary ko ko,penile lump,hiligaynon,active
may bukol sa baba ko,oral swelling,hiligaynon,active
may bukol sa balat ko,skin lump,hiligaynon,active
may bukol sa bilad akon,vaginal lump,hiligaynon,active
may bukol sa bilad ko,vaginal lump,hiligaynon,active
may bukol sa bilad ko akon,vaginal lump,hiligaynon,active
may bukol sa bilad ko ko,vaginal lump,hiligaynon,active
may bukol sa bilat akon,vaginal lump,hiligaynon,active
may bukol sa bilat ko,vaginal lump,hiligaynon,active
may bukol sa bilat ko akon,vaginal lump,hiligaynon,active
may bukol sa bilat ko ko,vaginal lump,hiligaynon,active
may bukol sa itlog akon,testicular lump,hiligaynon,active
may bukol sa itlog ko,testicular lump,hiligaynon,active
may bukol sa itlog ko akon,testicular lump,hiligaynon,active
may bukol sa itlog ko ko,testicular lump,hiligaynon,active
may bukol sa itlug akon,testicular lump,hiligaynon,active
may bukol sa itlug ko,testicular lump,hiligaynon,active
may bukol sa itlug ko akon,testicular lump,hiligaynon,active
may bukol sa itlug ko ko,testicular lump,hiligaynon,active
may bukol sa liog,goiter,hiligaynon,active
may bukol sa liog ko,neck lump,hiligaynon,active
may bukol sa singit akon,groin lump,hiligaynon,active
may bukol sa singit ko,groin lump,hiligaynon,active
may bukol singit akon,groin lump,hiligaynon,active
may bukol singit ko,groin lump,hiligaynon,active
may burod ako,pregnancy,hiligaynon,active
may butlig sa balat ko,skin lump,hiligaynon,active
may cancer ako,cancer,hiligaynon,active
may chronic,chronic disease,hiligaynon,active
may dengue,dengue,hiligaynon,active
may dengue ako,dengue,hiligaynon,active
may depression ako,depression,hiligaynon,active
may diabetes ako,diabetes,hiligaynon,active
may diabetes ko,diabetes,hiligaynon,active
may dugo sa baba ko,oral bleeding,hiligaynon,active
may dugo sa ihi ko,bloody urine,hiligaynon,active
may dugo sa ilong ko,nosebleed,hiligaynon,active
may dugo sa kamot ko,hand bleeding,hiligaynon,active
may dugo sa pilas ko,bleeding wound,hiligaynon,active
may dugo sa pilas ku,bleeding wound,hiligaynon,active
may dugo sa suka ko,bloody vomit,hiligaynon,active
may dugo sa tiil ko,foot bleeding,hiligaynon,active
may dugo sa tudlo ko,finger bleeding,hiligaynon,active
may dugo sa ulo ko,head bleeding,hiligaynon,active
may dugo sa ulo ku,head bleeding,hiligaynon,active
may ginahilanat,fever,hiligaynon,active
may ginakalibanga,diarrhea,hiligaynon,active
may ginauubo,cough,hiligaynon,active
may goiter ako,goiter,hiligaynon,active
may gout,gout,hiligaynon,active
may hepatitis ako,hepatitis,hiligaynon,active
may hika,asthma,hiligaynon,active
may hika ako,asthma,hiligaynon,active
may hilanat,fever,hiligaynon,active
may hilanat ako,fever,hiligaynon,active
may hilanat ko,fever,hiligaynon,active
may hilanat ko kag ubo,fever with cough,hiligaynon,active
may hypertension ako,hypertension,hiligaynon,active
may kagat sang ahas ko,snake bite,hiligaynon,active
may kagat sang ahas ku,snake bite,hiligaynon,active
may kagat sang ido ko,dog bite,hiligaynon,active
may kagat sang ido ku,dog bite,hiligaynon,active
may kagat sang ipis ko,cockroach bite,hiligaynon,active
may kagat sang kuring ko,cat bite,hiligaynon,active
may kagat sang lamok ko,mosquito bite,hiligaynon,active
may kagat sang manok ko,animal bite,hiligaynon,active
may kagat sang sapat ko,animal bite,hiligaynon,active
may lagnat,fever,hiligaynon,active
may lagnat ako,fever,hiligaynon,active
may nana,mucopurulent discharge,hiligaynon,active
may nana abaga,shoulder infection,hiligaynon,active
may nana abaga ko,shoulder infection,hiligaynon,active
may nana ako,pus,hiligaynon,active
may nana akon abaga,shoulder infection,hiligaynon,active
may nana akon ari,penile infection,hiligaynon,active
may nana akon ari ko,penile infection,hiligaynon,active
may nana akon ary,penile infection,hiligaynon,active
may nana akon ary ko,penile infection,hiligaynon,active
may nana akon atay,liver infection,hiligaynon,active
may nana akon awang,jaw infection,hiligaynon,active
may nana akon baba,oral infection,hiligaynon,active
may nana akon balat,skin infection,hiligaynon,active
may nana akon batiis,leg infection,hiligaynon,active
may nana akon bato,kidney infection,hiligaynon,active
may nana akon baywang,waist infection,hiligaynon,active
may nana akon bilad,vaginal infection,hiligaynon,active
may nana akon bilad ko,vaginal infection,hiligaynon,active
may nana akon bilat,vaginal infection,hiligaynon,active
may nana akon bilat ko,vaginal infection,hiligaynon,active
may nana akon buhok,hair infection,hiligaynon,active
may nana akon bukong,forehead infection,hiligaynon,active
may nana akon buuk,arm infection,hiligaynon,active
may nana akon dalunggan,infected ear,hiligaynon,active
may nana akon dila,tongue infection,hiligaynon,active
may nana akon dughan,chest infection,hiligaynon,active
may nana akon ilong,infected nose,hiligaynon,active
may nana akon itlog,testicular infection,hiligaynon,active
may nana akon itlog ko,testicular infection,hiligaynon,active
may nana akon itlug,testicular infection,hiligaynon,active
may nana akon itlug ko,testicular infection,hiligaynon,active
may nana akon kamot,skin infection,hiligaynon,active
may nana akon kuko,nail infection,hiligaynon,active
may nana akon lawas,body infection,hiligaynon,active
may nana akon lawi,nape infection,hiligaynon,active
may nana akon likod,back infection,hiligaynon,active
may nana akon liog,neck infection,hiligaynon,active
may nana akon mata,pus in eye,hiligaynon,active
may nana akon mata 3 ka adlaw,eye infection,hiligaynon,active
may nana akon mata 5 ka adlaw,eye infection,hiligaynon,active
may nana akon mata bag-o lang,eye infection,hiligaynon,active
may nana akon mata dugay na,eye infection,hiligaynon,active
may nana akon mata gahapon,eye infection,hiligaynon,active
may nana akon mata kagapon,eye infection,hiligaynon,active
may nana akon mata semana na,eye infection,hiligaynon,active
may nana akon mata subong,eye infection,hiligaynon,active
may nana akon mata subong lang,eye infection,hiligaynon,active
may nana akon ngipon,tooth infection,hiligaynon,active
may nana akon paa,infected foot,hiligaynon,active
may nana akon pisngi,cheek infection,hiligaynon,active
may nana akon siko,elbow infection,hiligaynon,active
may nana akon tadlong,forearm infection,hiligaynon,active
may nana akon tagipusuon,heart infection,hiligaynon,active
may nana akon tai,buttocks infection,hiligaynon,active
may nana akon tiil,infected foot,hiligaynon,active
may nana akon tikod,heel infection,hiligaynon,active
may nana akon titi,breast infection,hiligaynon,active
may nana akon tiyan,abdomen infection,hiligaynon,active
may nana akon tudlo,infected finger,hiligaynon,active
may nana akon tuhod,knee infection,hiligaynon,active
may nana akon tungod,throat infection,hiligaynon,active
may nana akon tungtong,ankle infection,hiligaynon,active
may nana akon ulo,head infection,hiligaynon,active
may nana akon utok,brain infection,hiligaynon,active
may nana ari akon,penile infection,hiligaynon,active
may nana ari ko,penile infection,hiligaynon,active
may nana ari ko akon,penile infection,hiligaynon,active
may nana ari ko ko,penile infection,hiligaynon,active
may nana ary akon,penile infection,hiligaynon,active
may nana ary ko,penile infection,hiligaynon,active
may nana ary ko akon,penile infection,hiligaynon,active
may nana ary ko ko,penile infection,hiligaynon,active
may nana atay,liver infection,hiligaynon,active
may nana atay ko,liver infection,hiligaynon,active
may nana awang,jaw infection,hiligaynon,active
may nana awang ko,jaw infection,hiligaynon,active
may nana baba,oral infection,hiligaynon,active
may nana baba ko,oral infection,hiligaynon,active
may nana balat,skin infection,hiligaynon,active
may nana balat ko,skin infection,hiligaynon,active
may nana batiis,leg infection,hiligaynon,active
may nana batiis ko,leg infection,hiligaynon,active
may nana bato,kidney infection,hiligaynon,active
may nana bato ko,kidney infection,hiligaynon,active
may nana baywang,waist infection,hiligaynon,active
may nana baywang ko,waist infection,hiligaynon,active
may nana bilad akon,vaginal infection,hiligaynon,active
may nana bilad ko,vaginal infection,hiligaynon,active
may nana bilad ko akon,vaginal infection,hiligaynon,active
may nana bilad ko ko,vaginal infection,hiligaynon,active
may nana bilat akon,vaginal infection,hiligaynon,active
may nana bilat ko,vaginal infection,hiligaynon,active
may nana bilat ko akon,vaginal infection,hiligaynon,active
may nana bilat ko ko,vaginal infection,hiligaynon,active
may nana buhok,hair infection,hiligaynon,active
may nana buhok ko,hair infection,hiligaynon,active
may nana bukong,forehead infection,hiligaynon,active
may nana bukong ko,forehead infection,hiligaynon,active
may nana buuk,arm infection,hiligaynon,active
may nana buuk ko,arm infection,hiligaynon,active
may nana dalunggan,infected ear,hiligaynon,active
may nana dalunggan ko,infected ear,hiligaynon,active
may nana dila,tongue infection,hiligaynon,active
may nana dila ko,tongue infection,hiligaynon,active
may nana dughan,chest infection,hiligaynon,active
may nana dughan ko,chest infection,hiligaynon,active
may nana ilong,infected nose,hiligaynon,active
may nana ilong ko,infected nose,hiligaynon,active
may nana itlog akon,testicular infection,hiligaynon,active
may nana itlog ko,testicular infection,hiligaynon,active
may nana itlog ko akon,testicular infection,hiligaynon,active
may nana itlog ko ko,testicular infection,hiligaynon,active
may nana itlug akon,testicular infection,hiligaynon,active
may nana itlug ko,testicular infection,hiligaynon,active
may nana itlug ko akon,testicular infection,hiligaynon,active
may nana itlug ko ko,testicular infection,hiligaynon,active
may nana kamot,skin infection,hiligaynon,active
may nana kamot ko,skin infection,hiligaynon,active
may nana ko,pus,hiligaynon,active
may nana ko sa abaga,shoulder infection,hiligaynon,active
may nana ko sa akon ari,penile infection,hiligaynon,active
may nana ko sa akon ari ko,penile infection,hiligaynon,active
may nana ko sa akon ary,penile infection,hiligaynon,active
may nana ko sa akon ary ko,penile infection,hiligaynon,active
may nana ko sa akon bilad,vaginal infection,hiligaynon,active
may nana ko sa akon bilad ko,vaginal infection,hiligaynon,active
may nana ko sa akon bilat,vaginal infection,hiligaynon,active
may nana ko sa akon bilat ko,vaginal infection,hiligaynon,active
may nana ko sa akon itlog,testicular infection,hiligaynon,active
may nana ko sa akon itlog ko,testicular infection,hiligaynon,active
may nana ko sa akon itlug,testicular infection,hiligaynon,active
may nana ko sa akon itlug ko,testicular infection,hiligaynon,active
may nana ko sa ari akon,penile infection,hiligaynon,active
may nana ko sa ari ko,penile infection,hiligaynon,active
may nana ko sa ari ko akon,penile infection,hiligaynon,active
may nana ko sa ari ko ko,penile infection,hiligaynon,active
may nana ko sa ary akon,penile infection,hiligaynon,active
may nana ko sa ary ko,penile infection,hiligaynon,active
may nana ko sa ary ko akon,penile infection,hiligaynon,active
may nana ko sa ary ko ko,penile infection,hiligaynon,active
may nana ko sa atay,liver infection,hiligaynon,active
may nana ko sa awang,jaw infection,hiligaynon,active
may nana ko sa baba,oral infection,hiligaynon,active
may nana ko sa balat,skin infection,hiligaynon,active
may nana ko sa batiis,leg infection,hiligaynon,active
may nana ko sa bato,kidney infection,hiligaynon,active
may nana ko sa baywang,waist infection,hiligaynon,active
may nana ko sa bilad akon,vaginal infection,hiligaynon,active
may nana ko sa bilad ko,vaginal infection,hiligaynon,active
may nana ko sa bilad ko akon,vaginal infection,hiligaynon,active
may nana ko sa bilad ko ko,vaginal infection,hiligaynon,active
may nana ko sa bilat akon,vaginal infection,hiligaynon,active
may nana ko sa bilat ko,vaginal infection,hiligaynon,active
may nana ko sa bilat ko akon,vaginal infection,hiligaynon,active
may nana ko sa bilat ko ko,vaginal infection,hiligaynon,active
may nana ko sa buhok,hair infection,hiligaynon,active
may nana ko sa bukong,forehead infection,hiligaynon,active
may nana ko sa buuk,arm infection,hiligaynon,active
may nana ko sa dalunggan,infected ear,hiligaynon,active
may nana ko sa dila,tongue infection,hiligaynon,active
may nana ko sa dughan,chest infection,hiligaynon,active
may nana ko sa ilong,infected nose,hiligaynon,active
may nana ko sa itlog akon,testicular infection,hiligaynon,active
may nana ko sa itlog ko,testicular infection,hiligaynon,active
may nana ko sa itlog ko akon,testicular infection,hiligaynon,active
may nana ko sa itlog ko ko,testicular infection,hiligaynon,active
may nana ko sa itlug akon,testicular infection,hiligaynon,active
may nana ko sa itlug ko,testicular infection,hiligaynon,active
may nana ko sa itlug ko akon,testicular infection,hiligaynon,active
may nana ko sa itlug ko ko,testicular infection,hiligaynon,active
may nana ko sa kamot,skin infection,hiligaynon,active
may nana ko sa kuko,nail infection,hiligaynon,active
may nana ko sa lawas,body infection,hiligaynon,active
may nana ko sa lawi,nape infection,hiligaynon,active
may nana ko sa likod,back infection,hiligaynon,active
may nana ko sa liog,neck infection,hiligaynon,active
may nana ko sa mata,eye infection,hiligaynon,active
may nana ko sa ngipon,tooth infection,hiligaynon,active
may nana ko sa paa,infected foot,hiligaynon,active
may nana ko sa pisngi,cheek infection,hiligaynon,active
may nana ko sa siko,elbow infection,hiligaynon,active
may nana ko sa tadlong,forearm infection,hiligaynon,active
may nana ko sa tagipusuon,heart infection,hiligaynon,active
may nana ko sa tai,buttocks infection,hiligaynon,active
may nana ko sa tiil,infected foot,hiligaynon,active
may nana ko sa tikod,heel infection,hiligaynon,active
may nana ko sa titi,breast infection,hiligaynon,active
may nana ko sa tiyan,abdomen infection,hiligaynon,active
may nana ko sa tudlo,infected finger,hiligaynon,active
may nana ko sa tuhod,knee infection,hiligaynon,active
may nana ko sa tungod,throat infection,hiligaynon,active
may nana ko sa tungtong,ankle infection,hiligaynon,active
may nana ko sa ulo,head infection,hiligaynon,active
may nana ko sa utok,brain infection,hiligaynon,active
may nana kuko,nail infection,hiligaynon,active
may nana kuko ko,nail infection,hiligaynon,active
may nana lawas,body infection,hiligaynon,active
may nana lawas ko,body infection,hiligaynon,active
may nana lawi,nape infection,hiligaynon,active
may nana lawi ko,nape infection,hiligaynon,active
may nana likod,back infection,hiligaynon,active
may nana likod ko,back infection,hiligaynon,active
may nana liog,neck infection,hiligaynon,active
may nana liog ko,neck infection,hiligaynon,active
may nana mata,eye infection,hiligaynon,active
may nana mata ko,eye infection,hiligaynon,active
may nana mata ko kag gapula mata ko,eye infection with red eye,hiligaynon,active
may nana mata ko upod sang gapula mata ko,eye infection with red eye,hiligaynon,active
may nana ngipon,tooth infection,hiligaynon,active
may nana ngipon ko,tooth infection,hiligaynon,active
may nana paa,infected foot,hiligaynon,active
may nana paa ko,infected foot,hiligaynon,active
may nana pisngi,cheek infection,hiligaynon,active
may nana pisngi ko,cheek infection,hiligaynon,active
may nana sa abaga ko,shoulder infection,hiligaynon,active
may nana sa akon abaga,shoulder infection,hiligaynon,active
may nana sa akon akon ari,penile infection,hiligaynon,active
may nana sa akon akon ari ko,penile infection,hiligaynon,active
may nana sa akon akon ary,penile infection,hiligaynon,active
may nana sa akon akon ary ko,penile infection,hiligaynon,active
may nana sa akon akon bilad,vaginal infection,hiligaynon,active
may nana sa akon akon bilad ko,vaginal infection,hiligaynon,active
may nana sa akon akon bilat,vaginal infection,hiligaynon,active
may nana sa akon akon bilat ko,vaginal infection,hiligaynon,active
may nana sa akon akon itlog,testicular infection,hiligaynon,active
may nana sa akon akon itlog ko,testicular infection,hiligaynon,active
may nana sa akon akon itlug,testicular infection,hiligaynon,active
may nana sa akon akon itlug ko,testicular infection,hiligaynon,active
may nana sa akon ari,penile infection,hiligaynon,active
may nana sa akon ari akon,penile infection,hiligaynon,active
may nana sa akon ari ko,penile infection,hiligaynon,active
may nana sa akon ari ko akon,penile infection,hiligaynon,active
may nana sa akon ari ko ko,penile infection,hiligaynon,active
may nana sa akon ary,penile infection,hiligaynon,active
may nana sa akon ary akon,penile infection,hiligaynon,active
may nana sa akon ary ko,penile infection,hiligaynon,active
may nana sa akon ary ko akon,penile infection,hiligaynon,active
may nana sa akon ary ko ko,penile infection,hiligaynon,active
may nana sa akon atay,liver infection,hiligaynon,active
may nana sa akon awang,jaw infection,hiligaynon,active
may nana sa akon baba,oral infection,hiligaynon,active
may nana sa akon balat,skin infection,hiligaynon,active
may nana sa akon batiis,leg infection,hiligaynon,active
may nana sa akon bato,kidney infection,hiligaynon,active
may nana sa akon baywang,waist infection,hiligaynon,active
may nana sa akon bilad,vaginal infection,hiligaynon,active
may nana sa akon bilad akon,vaginal infection,hiligaynon,active
may nana sa akon bilad ko,vaginal infection,hiligaynon,active
may nana sa akon bilad ko akon,vaginal infection,hiligaynon,active
may nana sa akon bilad ko ko,vaginal infection,hiligaynon,active
may nana sa akon bilat,vaginal infection,hiligaynon,active
may nana sa akon bilat akon,vaginal infection,hiligaynon,active
may nana sa akon bilat ko,vaginal infection,hiligaynon,active
may nana sa akon bilat ko akon,vaginal infection,hiligaynon,active
may nana sa akon bilat ko ko,vaginal infection,hiligaynon,active
may nana sa akon buhok,hair infection,hiligaynon,active
may nana sa akon bukong,forehead infection,hiligaynon,active
may nana sa akon buuk,arm infection,hiligaynon,active
may nana sa akon dalunggan,infected ear,hiligaynon,active
may nana sa akon dila,tongue infection,hiligaynon,active
may nana sa akon dughan,chest infection,hiligaynon,active
may nana sa akon ilong,infected nose,hiligaynon,active
may nana sa akon itlog,testicular infection,hiligaynon,active
may nana sa akon itlog akon,testicular infection,hiligaynon,active
may nana sa akon itlog ko,testicular infection,hiligaynon,active
may nana sa akon itlog ko akon,testicular infection,hiligaynon,active
may nana sa akon itlog ko ko,testicular infection,hiligaynon,active
may nana sa akon itlug,testicular infection,hiligaynon,active
may nana sa akon itlug akon,testicular infection,hiligaynon,active
may nana sa akon itlug ko,testicular infection,hiligaynon,active
may nana sa akon itlug ko akon,testicular infection,hiligaynon,active
may nana sa akon itlug ko ko,testicular infection,hiligaynon,active
may nana sa akon kamot,skin infection,hiligaynon,active
may nana sa akon kuko,nail infection,hiligaynon,active
may nana sa akon lawas,body infection,hiligaynon,active
may nana sa akon lawi,nape infection,hiligaynon,active
may nana sa akon likod,back infection,hiligaynon,active
may nana sa akon liog,neck infection,hiligaynon,active
may nana sa akon mata,eye infection,hiligaynon,active
may nana sa akon ngipon,tooth infection,hiligaynon,active
may nana sa akon paa,infected foot,hiligaynon,active
may nana sa akon pisngi,cheek infection,hiligaynon,active
may nana sa akon siko,elbow infection,hiligaynon,active
may nana sa akon tadlong,forearm infection,hiligaynon,active
may nana sa akon tagipusuon,heart infection,hiligaynon,active
may nana sa akon tai,buttocks infection,hiligaynon,active
may nana sa akon tiil,infected foot,hiligaynon,active
may nana sa akon tikod,heel infection,hiligaynon,active
may nana sa akon titi,breast infection,hiligaynon,active
may nana sa akon tiyan,abdomen infection,hiligaynon,active
may nana sa akon tudlo,infected finger,hiligaynon,active
may nana sa akon tuhod,knee infection,hiligaynon,active
may nana sa akon tungod,throat infection,hiligaynon,active
may nana sa akon tungtong,ankle infection,hiligaynon,active
may nana sa akon ulo,head infection,hiligaynon,active
may nana sa akon utok,brain infection,hiligaynon,active
may nana sa ari akon,penile infection,hiligaynon,active
may nana sa ari ko,penile infection,hiligaynon,active
may nana sa ari ko akon,penile infection,hiligaynon,active
may nana sa ari ko ko,penile infection,hiligaynon,active
may nana sa ary akon,penile infection,hiligaynon,active
may nana sa ary ko,penile infection,hiligaynon,active
may nana sa ary ko akon,penile infection,hiligaynon,active
may nana sa ary ko ko,penile infection,hiligaynon,active
may nana sa atay ko,liver infection,hiligaynon,active
may nana sa awang ko,jaw infection,hiligaynon,active
may nana sa baba ko,oral infection,hiligaynon,active
may nana sa balat ko,skin infection,hiligaynon,active
may nana sa batiis ko,leg infection,hiligaynon,active
may nana sa bato ko,kidney infection,hiligaynon,active
may nana sa baywang ko,waist infection,hiligaynon,active
may nana sa bilad akon,vaginal infection,hiligaynon,active
may nana sa bilad ko,vaginal infection,hiligaynon,active
may nana sa bilad ko akon,vaginal infection,hiligaynon,active
may nana sa bilad ko ko,vaginal infection,hiligaynon,active
may nana sa bilat akon,vaginal infection,hiligaynon,active
may nana sa bilat ko,vaginal infection,hiligaynon,active
may nana sa bilat ko akon,vaginal infection,hiligaynon,active
may nana sa bilat ko ko,vaginal infection,hiligaynon,active
may nana sa buhok ko,hair infection,hiligaynon,active
may nana sa bukong ko,forehead infection,hiligaynon,active
may nana sa buuk ko,arm infection,hiligaynon,active
may nana sa dalunggan ko,infected ear,hiligaynon,active
may nana sa dila ko,tongue infection,hiligaynon,active
may nana sa dughan ko,chest infection,hiligaynon,active
may nana sa ihi ko,urinary infection,hiligaynon,active
may nana sa ilong ko,infected nose,hiligaynon,active
may nana sa itlog akon,testicular infection,hiligaynon,active
may nana sa itlog ko,testicular infection,hiligaynon,active
may nana sa itlog ko akon,testicular infection,hiligaynon,active
may nana sa itlog ko ko,testicular infection,hiligaynon,active
may nana sa itlug akon,testicular infection,hiligaynon,active
may nana sa itlug ko,testicular infection,hiligaynon,active
may nana sa itlug ko akon,testicular infection,hiligaynon,active
may nana sa itlug ko ko,testicular infection,hiligaynon,active
may nana sa kamot ko,skin infection,hiligaynon,active
may nana sa kuko ko,nail infection,hiligaynon,active
may nana sa lawas ko,body infection,hiligaynon,active
may nana sa lawi ko,nape infection,hiligaynon,active
may nana sa likod ko,back infection,hiligaynon,active
may nana sa liog ko,neck infection,hiligaynon,active
may nana sa mata,pus in eye,hiligaynon,active
may nana sa mata ko,eye infection,hiligaynon,active
may nana sa ngipon ko,tooth infection,hiligaynon,active
may nana sa paa ko,infected foot,hiligaynon,active
may nana sa pilas ko,infected wound,hiligaynon,active
may nana sa pisngi ko,cheek infection,hiligaynon,active
may nana sa siko ko,elbow infection,hiligaynon,active
may nana sa tadlong ko,forearm infection,hiligaynon,active
may nana sa tagipusuon ko,heart infection,hiligaynon,active
may nana sa tai ko,buttocks infection,hiligaynon,active
may nana sa tiil ko,infected foot,hiligaynon,active
may nana sa tikod ko,heel infection,hiligaynon,active
may nana sa titi ko,breast infection,hiligaynon,active
may nana sa tiyan ko,abdomen infection,hiligaynon,active
may nana sa tudlo ko,infected finger,hiligaynon,active
may nana sa tuhod ko,knee infection,hiligaynon,active
may nana sa tungod ko,throat infection,hiligaynon,active
may nana sa tungtong ko,ankle infection,hiligaynon,active
may nana sa ulo ko,head infection,hiligaynon,active
may nana sa utok ko,brain infection,hiligaynon,active
may nana siko,elbow infection,hiligaynon,active
may nana siko ko,elbow infection,hiligaynon,active
may nana tadlong,forearm infection,hiligaynon,active
may nana tadlong ko,forearm infection,hiligaynon,active
may nana tagipusuon,heart infection,hiligaynon,active
may nana tagipusuon ko,heart infection,hiligaynon,active
may nana tai,buttocks infection,hiligaynon,active
may nana tai ko,buttocks infection,hiligaynon,active
may nana tiil,infected foot,hiligaynon,active
may nana tiil ko,infected foot,hiligaynon,active
may nana tikod,heel infection,hiligaynon,active
may nana tikod ko,heel infection,hiligaynon,active
may nana titi,breast infection,hiligaynon,active
may nana titi ko,breast infection,hiligaynon,active
may nana tiyan,abdomen infection,hiligaynon,active
may nana tiyan ko,abdomen infection,hiligaynon,active
may nana tudlo,infected finger,hiligaynon,active
may nana tudlo ko,infected finger,hiligaynon,active
may nana tuhod,knee infection,hiligaynon,active
may nana tuhod ko,knee infection,hiligaynon,active
may nana tungod,throat infection,hiligaynon,active
may nana tungod ko,throat infection,hiligaynon,active
may nana tungtong,ankle infection,hiligaynon,active
may nana tungtong ko,ankle infection,hiligaynon,active
may nana ulo,head infection,hiligaynon,active
may nana ulo ko,head infection,hiligaynon,active
may nana utok,brain infection,hiligaynon,active
may nana utok ko,brain infection,hiligaynon,active
may nanah akon mata,pus in eye,hiligaynon,active
may nanah akon pilas,infected wound,hiligaynon,active
may pantal ko,skin rash,hiligaynon,active
may pantal lawas ko,skin rash,hiligaynon,active
may pantal sa lawas ko,skin rash,hiligaynon,active
may pantal sa singit ko,groin rash,hiligaynon,active
may pilas ako sa batiis,leg wound,hiligaynon,active
may pilas ako sa buuk,arm wound,hiligaynon,active
may pilas ako sa kamot,hand wound,hiligaynon,active
may pilas ako sa likod,back wound,hiligaynon,active
may pilas ako sa paa,foot wound,hiligaynon,active
may pilas ako sa tiil,foot wound,hiligaynon,active
may pilas ako sa tiyan,abdominal wound,hiligaynon,active
may pilas ako sa tudlo,finger wound,hiligaynon,active
may pilas ako sa ulo,head wound,hiligaynon,active
may pilas akon batiis,leg wound,hiligaynon,active
may pilas akon buuk,arm wound,hiligaynon,active
may pilas akon kamot,hand wound,hiligaynon,active
may pilas akon likod,back wound,hiligaynon,active
may pilas akon paa,foot wound,hiligaynon,active
may pilas akon tiil,foot wound,hiligaynon,active
may pilas akon tiyan,abdominal wound,hiligaynon,active
may pilas akon tudlo,finger wound,hiligaynon,active
may pilas akon ulo,head wound,hiligaynon,active
may pilas ko sa akon ari,penile wound,hiligaynon,active
may pilas ko sa akon ari ko,penile wound,hiligaynon,active
may pilas ko sa akon ary,penile wound,hiligaynon,active
may pilas ko sa akon ary ko,penile wound,hiligaynon,active
may pilas ko sa akon bilad,vaginal wound,hiligaynon,active
may pilas ko sa akon bilad ko,vaginal wound,hiligaynon,active
may pilas ko sa akon bilat,vaginal wound,hiligaynon,active
may pilas ko sa akon bilat ko,vaginal wound,hiligaynon,active
may pilas ko sa akon itlog,testicular wound,hiligaynon,active
may pilas ko sa akon itlog ko,testicular wound,hiligaynon,active
may pilas ko sa akon itlug,testicular wound,hiligaynon,active
may pilas ko sa akon itlug ko,testicular wound,hiligaynon,active
may pilas ko sa ari,penile wound,hiligaynon,active
may pilas ko sa ari akon,penile wound,hiligaynon,active
may pilas ko sa ari ko,penile wound,hiligaynon,active
may pilas ko sa ari ko akon,penile wound,hiligaynon,active
may pilas ko sa ari ko ko,penile wound,hiligaynon,active
may pilas ko sa ary akon,penile wound,hiligaynon,active
may pilas ko sa ary ko,penile wound,hiligaynon,active
may pilas ko sa ary ko akon,penile wound,hiligaynon,active
may pilas ko sa ary ko ko,penile wound,hiligaynon,active
may pilas ko sa batiis,leg wound,hiligaynon,active
may pilas ko sa bilad akon,vaginal wound,hiligaynon,active
may pilas ko sa bilad ko,vaginal wound,hiligaynon,active
may pilas ko sa bilad ko akon,vaginal wound,hiligaynon,active
may pilas ko sa bilad ko ko,vaginal wound,hiligaynon,active
may pilas ko sa bilat akon,vaginal wound,hiligaynon,active
may pilas ko sa bilat ko,vaginal wound,hiligaynon,active
may pilas ko sa bilat ko akon,vaginal wound,hiligaynon,active
may pilas ko sa bilat ko ko,vaginal wound,hiligaynon,active
may pilas ko sa buuk,arm wound,hiligaynon,active
may pilas ko sa itlog akon,testicular wound,hiligaynon,active
may pilas ko sa itlog ko,testicular wound,hiligaynon,active
may pilas ko sa itlog ko akon,testicular wound,hiligaynon,active
may pilas ko sa itlog ko ko,testicular wound,hiligaynon,active
may pilas ko sa itlug akon,testicular wound,hiligaynon,active
may pilas ko sa itlug ko,testicular wound,hiligaynon,active
may pilas ko sa itlug ko akon,testicular wound,hiligaynon,active
may pilas ko sa itlug ko ko,testicular wound,hiligaynon,active
may pilas ko sa kamot,hand wound,hiligaynon,active
may pilas ko sa kamot 3 ka adlaw,hand wound,hiligaynon,active
may pilas ko sa kamot 5 ka adlaw,hand wound,hiligaynon,active
may pilas ko sa kamot bag-o lang,hand wound,hiligaynon,active
may pilas ko sa kamot dugay na,hand wound,hiligaynon,active
may pilas ko sa kamot gahapon,hand wound,hiligaynon,active
may pilas ko sa kamot kag nag dugo,bleeding hand wound,hiligaynon,active
may pilas ko sa kamot kag nagdugo,bleeding hand wound,hiligaynon,active
may pilas ko sa kamot kagapon,hand wound,hiligaynon,active
may pilas ko sa kamot semana na,hand wound,hiligaynon,active
may pilas ko sa kamot subong lang,hand wound,hiligaynon,active
may pilas ko sa likod,back wound,hiligaynon,active
may pilas ko sa paa,foot wound,hiligaynon,active
may pilas ko sa tiil,foot wound,hiligaynon,active
may pilas ko sa tiyan,abdominal wound,hiligaynon,active
may pilas ko sa tudlo,finger wound,hiligaynon,active
may pilas ko sa ulo,head wound,hiligaynon,active
may pilas ku sa kamot kag nagdugo,bleeding hand wound,hiligaynon,active
may pilas nasunog sa balat ko,skin burn,hiligaynon,active
may pilas nasunog sa batiis ko,leg burn,hiligaynon,active
may pilas nasunog sa buuk ko,arm burn,hiligaynon,active
may pilas nasunog sa kamot ko,hand burn,hiligaynon,active
may pilas nasunog sa lawas ko,body burn,hiligaynon,active
may pilas nasunog sa mata ko,eye burn,hiligaynon,active
may pilas nasunog sa tiil ko,foot burn,hiligaynon,active
may pilas nasunog sa tiyan ko,abdominal burn,hiligaynon,active
may pilas sa akon akon ari,penile wound,hiligaynon,active
may pilas sa akon akon ari ko,penile wound,hiligaynon,active
may pilas sa akon akon ary,penile wound,hiligaynon,active
may pilas sa akon akon ary ko,penile wound,hiligaynon,active
may pilas sa akon akon bilad,vaginal wound,hiligaynon,active
may pilas sa akon akon bilad ko,vaginal wound,hiligaynon,active
may pilas sa akon akon bilat,vaginal wound,hiligaynon,active
may pilas sa akon akon bilat ko,vaginal wound,hiligaynon,active
may pilas sa akon akon itlog,testicular wound,hiligaynon,active
may pilas sa akon akon itlog ko,testicular wound,hiligaynon,active
may pilas sa akon akon itlug,testicular wound,hiligaynon,active
may pilas sa akon akon itlug ko,testicular wound,hiligaynon,active
may pilas sa akon ari,penile wound,hiligaynon,active
may pilas sa akon ari akon,penile wound,hiligaynon,active
may pilas sa akon ari ko,penile wound,hiligaynon,active
may pilas sa akon ari ko akon,penile wound,hiligaynon,active
may pilas sa akon ari ko ko,penile wound,hiligaynon,active
may pilas sa akon ary,penile wound,hiligaynon,active
may pilas sa akon ary akon,penile wound,hiligaynon,active
may pilas sa akon ary ko,penile wound,hiligaynon,active
may pilas sa akon ary ko akon,penile wound,hiligaynon,active
may pilas sa akon ary ko ko,penile wound,hiligaynon,active
may pilas sa akon bilad,vaginal wound,hiligaynon,active
may pilas sa akon bilad akon,vaginal wound,hiligaynon,active
may pilas sa akon bilad ko,vaginal wound,hiligaynon,active
may pilas sa akon bilad ko akon,vaginal wound,hiligaynon,active
may pilas sa akon bilad ko ko,vaginal wound,hiligaynon,active
may pilas sa akon bilat,vaginal wound,hiligaynon,active
may pilas sa akon bilat akon,vaginal wound,hiligaynon,active
may pilas sa akon bilat ko,vaginal wound,hiligaynon,active
may pilas sa akon bilat ko akon,vaginal wound,hiligaynon,active
may pilas sa akon bilat ko ko,vaginal wound,hiligaynon,active
may pilas sa akon itlog,testicular wound,hiligaynon,active
may pilas sa akon itlog akon,testicular wound,hiligaynon,active
may pilas sa akon itlog ko,testicular wound,hiligaynon,active
may pilas sa akon itlog ko akon,testicular wound,hiligaynon,active
may pilas sa akon itlog ko ko,testicular wound,hiligaynon,active
may pilas sa akon itlug,testicular wound,hiligaynon,active
may pilas sa akon itlug akon,testicular wound,hiligaynon,active
may pilas sa akon itlug ko,testicular wound,hiligaynon,active
may pilas sa akon itlug ko akon,testicular wound,hiligaynon,active
may pilas sa akon itlug ko ko,testicular wound,hiligaynon,active
may pilas sa ari akon,penile wound,hiligaynon,active
may pilas sa ari ko,penile wound,hiligaynon,active
may pilas sa ari ko akon,penile wound,hiligaynon,active
may pilas sa ari ko ko,penile wound,hiligaynon,active
may pilas sa ary akon,penile wound,hiligaynon,active
may pilas sa ary ko,penile wound,hiligaynon,active
may pilas sa ary ko akon,penile wound,hiligaynon,active
may pilas sa ary ko ko,penile wound,hiligaynon,active
may pilas sa batiis ko,leg wound,hiligaynon,active
may pilas sa bilad akon,vaginal wound,hiligaynon,active
may pilas sa bilad ko,vaginal wound,hiligaynon,active
may pilas sa bilad ko akon,vaginal wound,hiligaynon,active
may pilas sa bilad ko ko,vaginal wound,hiligaynon,active
may pilas sa bilat akon,vaginal wound,hiligaynon,active
may pilas sa bilat ko,vaginal wound,hiligaynon,active
may pilas sa bilat ko akon,vaginal wound,hiligaynon,active
may pilas sa bilat ko ko,vaginal wound,hiligaynon,active
may pilas sa buuk ko,arm wound,hiligaynon,active
may pilas sa itlog akon,testicular wound,hiligaynon,active
may pilas sa itlog ko,testicular wound,hiligaynon,active
may pilas sa itlog ko akon,testicular wound,hiligaynon,active
may pilas sa itlog ko ko,testicular wound,hiligaynon,active
may pilas sa itlug akon,testicular wound,hiligaynon,active
may pilas sa itlug ko,testicular wound,hiligaynon,active
may pilas sa itlug ko akon,testicular wound,hiligaynon,active
may pilas sa itlug ko ko,testicular wound,hiligaynon,active
may pilas sa kamot ko,hand wound,hiligaynon,active
may pilas sa likod ko,back wound,hiligaynon,active
may pilas sa paa ko,foot wound,hiligaynon,active
may pilas sa tiil ko,foot wound,hiligaynon,active
may pilas sa tiyan ko,abdominal wound,hiligaynon,active
may pilas sa tudlo ko,finger wound,hiligaynon,active
may pilas sa ulo ko,head wound,hiligaynon,active
may pneumonia ako,pneumonia,hiligaynon,active
may problema sa mata,eye disease,hiligaynon,active
may rayuma ako,arthritis,hiligaynon,active
may sakit,illness,hiligaynon,active
may sakit sa bato ako,kidney stones,hiligaynon,active
may sakit sa puso,heart disease,hiligaynon,active
may sakit sa puso ako,heart disease,hiligaynon,active
may sipon,runny nose,hiligaynon,active
may sipon ako,runny nose,hiligaynon,active
may sugar,diabetes,hiligaynon,active
may tb,tuberculosis,hiligaynon,active
may tb ako,tuberculosis,hiligaynon,active
may trangkaso ako,influenza,hiligaynon,active
may tumor,cancer,hiligaynon,active
may tunog sa dalunggan ko,ear ringing,hiligaynon,active
may ubo,cough,hiligaynon,active
may ubo ako,cough,hiligaynon,active
may ulcer ako,peptic ulcer,hiligaynon,active
measles,measles,hiligaynon,active
medicine allergy,drug allergy,hiligaynon,active
mental health,mental health disorder,hiligaynon,active
metal allergy,metal allergy,hiligaynon,active
metformin user,diabetes,hiligaynon,active
mi,heart attack,hiligaynon,active
migraine,migraine,hiligaynon,active
migraine headache,migraine,hiligaynon,active
milk allergy,milk allergy,hiligaynon,active
mold allergy,mold allergy,hiligaynon,active
msg allergy,msg sensitivity,hiligaynon,active
multiple conditions,comorbidity,hiligaynon,active
muscle pain,muscle pain,hiligaynon,active
myocardial infarction,heart attack,hiligaynon,active
nabali acun batiis,leg fracture,hiligaynon,active
nabali acun buuk,arm fracture,hiligaynon,active
nabali acun kamot,hand fracture,hiligaynon,active
nabali acun tiil,foot fracture,hiligaynon,active
nabali acun tudlo,finger fracture,hiligaynon,active
nabali acun tuhod,knee fracture,hiligaynon,active
nabali acun ulo,skull fracture,hiligaynon,active
nabali akon batiis,leg fracture,hiligaynon,active
nabali akon buuk,arm fracture,hiligaynon,active
nabali akon kamot,hand fracture,hiligaynon,active
nabali akon tiil,foot fracture,hiligaynon,active
nabali akon tudlo,finger fracture,hiligaynon,active
nabali akon tuhod,knee fracture,hiligaynon,active
nabali akon ulo,skull fracture,hiligaynon,active
nabali batiis ko,leg fracture,hiligaynon,active
nabali batiis ku,leg fracture,hiligaynon,active
nabali buuk ko,arm fracture,hiligaynon,active
nabali buuk ku,arm fracture,hiligaynon,active
nabali gid batiis ko,leg fracture,hiligaynon,active
nabali gid batiis ku,leg fracture,hiligaynon,active
nabali gid buuk ko,arm fracture,hiligaynon,active
nabali gid buuk ku,arm fracture,hiligaynon,active
nabali gid kamot ko,hand fracture,hiligaynon,active
nabali gid kamot ku,hand fracture,hiligaynon,active
nabali gid tiil ko,foot fracture,hiligaynon,active
nabali gid tiil ku,foot fracture,hiligaynon,active
nabali gid tudlo ko,finger fracture,hiligaynon,active
nabali gid tudlo ku,finger fracture,hiligaynon,active
nabali gid tuhod ko,knee fracture,hiligaynon,active
nabali gid tuhod ku,knee fracture,hiligaynon,active
nabali gid ulo ko,skull fracture,hiligaynon,active
nabali gid ulo ku,skull fracture,hiligaynon,active
nabali kamot ko,hand fracture,hiligaynon,active
nabali kamot ko sang natumba,hand fracture,hiligaynon,active
nabali kamot ku,hand fracture,hiligaynon,active
nabali kamot ku sang natumba,hand fracture,hiligaynon,active
nabali na akon batiis,leg fracture,hiligaynon,active
nabali na akon buuk,arm fracture,hiligaynon,active
nabali na akon kamot,hand fracture,hiligaynon,active
nabali na akon tiil,foot fracture,hiligaynon,active
nabali na akon tudlo,finger fracture,hiligaynon,active
nabali na akon tuhod,knee fracture,hiligaynon,active
nabali na akon ulo,skull fracture,hiligaynon,active
nabali na batiis ko,leg fracture,hiligaynon,active
nabali na buuk ko,arm fracture,hiligaynon,active
nabali na gid batiis ko,leg fracture,hiligaynon,active
nabali na gid buuk ko,arm fracture,hiligaynon,active
nabali na gid kamot ko,hand fracture,hiligaynon,active
nabali na gid tiil ko,foot fracture,hiligaynon,active
nabali na gid tudlo ko,finger fracture,hiligaynon,active
nabali na gid tuhod ko,knee fracture,hiligaynon,active
nabali na gid ulo ko,skull fracture,hiligaynon,active
nabali na kamot ko,hand fracture,hiligaynon,active
nabali na kamot ko sang natumba,hand fracture,hiligaynon,active
nabali na tiil ko,foot fracture,hiligaynon,active
nabali na tudlo ko,finger fracture,hiligaynon,active
nabali na tuhod ko,knee fracture,hiligaynon,active
nabali na ulo ko,skull fracture,hiligaynon,active
nabali ngipon ko,broken tooth,hiligaynon,active
nabali tiil ko,foot fracture,hiligaynon,active
nabali tiil ku,foot fracture,hiligaynon,active
nabali tudlo ko,finger fracture,hiligaynon,active
nabali tudlo ku,finger fracture,hiligaynon,active
nabali tuhod ko,knee fracture,hiligaynon,active
nabali tuhod ku,knee fracture,hiligaynon,active
nabali ulo ko,skull fracture,hiligaynon,active
nabali ulo ku,skull fracture,hiligaynon,active
nabalian akon kamot,wrist sprain,hiligaynon,active
nabalian akon siko,elbow sprain,hiligaynon,active
nabalian akon tuhod,knee sprain,hiligaynon,active
nabalian akon tungtong,ankle sprain,hiligaynon,active
nabalian gid kamot ko,wrist sprain,hiligaynon,active
nabalian gid siko ko,elbow sprain,hiligaynon,active
nabalian gid tuhod ko,knee sprain,hiligaynon,active
nabalian gid tungtong ko,ankle sprain,hiligaynon,active
nabalian kamot ko,wrist sprain,hiligaynon,active
nabalian ko,sprain,hiligaynon,active
nabalian siko ko,elbow sprain,hiligaynon,active
nabalian tuhod ko,knee sprain,hiligaynon,active
nabalian tungtong ko,ankle sprain,hiligaynon,active
nabangga ako sang salakyan,vehicle collision injury,hiligaynon,active
nabangga ko sang motor,vehicle collision injury,hiligaynon,active
nabangga ku sang motor,vehicle collision injury,hiligaynon,active
nabuklan ko sa ulo,head hematoma,hiligaynon,active
nabuklan ku sa ulo,head hematoma,hiligaynon,active
nabun-og ako,bruise,hiligaynon,active
nabun-og ko,bruise,hiligaynon,active
nabun-og ulo ko,head bruise,hiligaynon,active
nabunggo ako sa bato,head injury from rock,hiligaynon,active
nabunggo ko,collision injury,hiligaynon,active
nabunggo ko sa bato,head injury from rock,hiligaynon,active
nabunggo ko sa pader,wall collision injury,hiligaynon,active
nabunggo ko sa salakyan,vehicle collision injury,hiligaynon,active
nabunggo ko sa salakyan kag nag dugo ulo,vehicle collision with head bleeding,hiligaynon,active
nabunggo ko sa salakyan kag nagdugo ulo,vehicle collision with head bleeding,hiligaynon,active
nabunggo ko sa semento,head injury from concrete,hiligaynon,active
nabunggo ku sa bato,head injury from rock,hiligaynon,active
nabunggo ku sa salakyan,vehicle collision injury,hiligaynon,active
nabunggo ku sa salakyan kag nagdugo ulo,vehicle collision with head bleeding,hiligaynon,active
nabunggo ku sa semento,head injury from concrete,hiligaynon,active
nadanlog ko,slip injury,hiligaynon,active
nadanlug ko kag nag dugo ulo,head injury with bleeding,hiligaynon,active
nadanlug ko kag nagdugo ulo,head injury with bleeding,hiligaynon,active
nadanlug ku kag nagdugo ulo,head injury with bleeding,hiligaynon,active
nag dugo akon pilas,bleeding wound,hiligaynon,active
nag dugo akon ulo,head bleeding,hiligaynon,active
nag dugo ang pilas ko,bleeding wound,hiligaynon,active
nag dugo ang ulo ko,head bleeding,hiligaynon,active
nag dugo gid pilas ko,bleeding wound,hiligaynon,active
nag dugo gid ulo ko,head bleeding,hiligaynon,active
nag dugo pilas ko,bleeding wound,hiligaynon,active
nag dugo ulo ko,head bleeding,hiligaynon,active
nag dugo ulo ko pagkatapos natumba,head bleeding after fall,hiligaynon,active
nagaagay buhok ko,hair loss,hiligaynon,active
nagadiabetes,diabetes,hiligaynon,active
nagadugo acun itlog,testicular bleeding,hiligaynon,active
nagadugo acun itlug,testicular bleeding,hiligaynon,active
nagadugo akon ari,penile bleeding,hiligaynon,active
nagadugo akon ari ko,penile bleeding,hiligaynon,active
nagadugo akon ary,penile bleeding,hiligaynon,active
nagadugo akon ary ko,penile bleeding,hiligaynon,active
nagadugo akon bilad,vaginal bleeding,hiligaynon,active
nagadugo akon bilad ko,vaginal bleeding,hiligaynon,active
nagadugo akon bilat,vaginal bleeding,hiligaynon,active
nagadugo akon bilat ko,vaginal bleeding,hiligaynon,active
nagadugo akon itlog,testicular bleeding,hiligaynon,active
nagadugo akon itlog ko,testicular bleeding,hiligaynon,active
nagadugo akon itlug,testicular bleeding,hiligaynon,active
nagadugo akon itlug ko,testicular bleeding,hiligaynon,active
nagadugo ari ako,penile bleeding,hiligaynon,active
nagadugo ari akon,penile bleeding,hiligaynon,active
nagadugo ari akon gid,penile bleeding,hiligaynon,active
nagadugo ari akon subong,penile bleeding,hiligaynon,active
nagadugo ari gid ko,penile bleeding,hiligaynon,active
nagadugo ari ko,penile bleeding,hiligaynon,active
nagadugo ari ko ako,penile bleeding,hiligaynon,active
nagadugo ari ko akon,penile bleeding,hiligaynon,active
nagadugo ari ko akon gid,penile bleeding,hiligaynon,active
nagadugo ari ko akon subong,penile bleeding,hiligaynon,active
nagadugo ari ko gid,penile bleeding,hiligaynon,active
nagadugo ari ko gid ko,penile bleeding,hiligaynon,active
nagadugo ari ko ko,penile bleeding,hiligaynon,active
nagadugo ari ko ko gid,penile bleeding,hiligaynon,active
nagadugo ary ako,penile bleeding,hiligaynon,active
nagadugo ary akon,penile bleeding,hiligaynon,active
nagadugo ary akon gid,penile bleeding,hiligaynon,active
nagadugo ary akon subong,penile bleeding,hiligaynon,active
nagadugo ary gid ko,penile bleeding,hiligaynon,active
nagadugo ary ko,penile bleeding,hiligaynon,active
nagadugo ary ko ako,penile bleeding,hiligaynon,active
nagadugo ary ko akon,penile bleeding,hiligaynon,active
nagadugo ary ko akon gid,penile bleeding,hiligaynon,active
nagadugo ary ko akon subong,penile bleeding,hiligaynon,active
nagadugo ary ko gid,penile bleeding,hiligaynon,active
nagadugo ary ko gid ko,penile bleeding,hiligaynon,active
nagadugo ary ko ko,penile bleeding,hiligaynon,active
nagadugo ary ko ko gid,penile bleeding,hiligaynon,active
nagadugo bilad ako,vaginal bleeding,hiligaynon,active
nagadugo bilad akon,vaginal bleeding,hiligaynon,active
nagadugo bilad akon gid,vaginal bleeding,hiligaynon,active
nagadugo bilad akon subong,vaginal bleeding,hiligaynon,active
nagadugo bilad gid ko,vaginal bleeding,hiligaynon,active
nagadugo bilad ko,vaginal bleeding,hiligaynon,active
nagadugo bilad ko ako,vaginal bleeding,hiligaynon,active
nagadugo bilad ko akon,vaginal bleeding,hiligaynon,active
nagadugo bilad ko akon gid,vaginal bleeding,hiligaynon,active
nagadugo bilad ko akon subong,vaginal bleeding,hiligaynon,active
nagadugo bilad ko gid,vaginal bleeding,hiligaynon,active
nagadugo bilad ko gid ko,vaginal bleeding,hiligaynon,active
nagadugo bilad ko ko,vaginal bleeding,hiligaynon,active
nagadugo bilad ko ko gid,vaginal bleeding,hiligaynon,active
nagadugo bilat ako,vaginal bleeding,hiligaynon,active
nagadugo bilat akon,vaginal bleeding,hiligaynon,active
nagadugo bilat akon gid,vaginal bleeding,hiligaynon,active
nagadugo bilat akon subong,vaginal bleeding,hiligaynon,active
nagadugo bilat gid ko,vaginal bleeding,hiligaynon,active
nagadugo bilat ko,vaginal bleeding,hiligaynon,active
nagadugo bilat ko ako,vaginal bleeding,hiligaynon,active
nagadugo bilat ko akon,vaginal bleeding,hiligaynon,active
nagadugo bilat ko akon gid,vaginal bleeding,hiligaynon,active
nagadugo bilat ko akon subong,vaginal bleeding,hiligaynon,active
nagadugo bilat ko gid,vaginal bleeding,hiligaynon,active
nagadugo bilat ko gid ko,vaginal bleeding,hiligaynon,active
nagadugo bilat ko ko,vaginal bleeding,hiligaynon,active
nagadugo bilat ko ko gid,vaginal bleeding,hiligaynon,active
nagadugo gid akon itlog,testicular bleeding,hiligaynon,active
nagadugo gid itlog ako,testicular bleeding,hiligaynon,active
nagadugo gid itlog akon,testicular bleeding,hiligaynon,active
nagadugo gid itlog akon gid,testicular bleeding,hiligaynon,active
nagadugo gid itlog akon subong,testicular bleeding,hiligaynon,active
nagadugo gid itlog gid ko,testicular bleeding,hiligaynon,active
nagadugo gid itlog ko,testicular bleeding,hiligaynon,active
nagadugo gid itlog ko gid,testicular bleeding,hiligaynon,active
nagadugo itlog acun,testicular bleeding,hiligaynon,active
nagadugo itlog acun gid,testicular bleeding,hiligaynon,active
nagadugo itlog acun subong,testicular bleeding,hiligaynon,active
nagadugo itlog ako,testicular bleeding,hiligaynon,active
nagadugo itlog akon,testicular bleeding,hiligaynon,active
nagadugo itlog akon gid,testicular bleeding,hiligaynon,active
nagadugo itlog akon subong,testicular bleeding,hiligaynon,active
nagadugo itlog gid ko,testicular bleeding,hiligaynon,active
nagadugo itlog gid ku,testicular bleeding,hiligaynon,active
nagadugo itlog ko,testicular bleeding,hiligaynon,active
nagadugo itlog ko ako,testicular bleeding,hiligaynon,active
nagadugo itlog ko akon,testicular bleeding,hiligaynon,active
nagadugo itlog ko akon gid,testicular bleeding,hiligaynon,active
nagadugo itlog ko akon subong,testicular bleeding,hiligaynon,active
nagadugo itlog ko gid,testicular bleeding,hiligaynon,active
nagadugo itlog ko gid ko,testicular bleeding,hiligaynon,active
nagadugo itlog ko ko,testicular bleeding,hiligaynon,active
nagadugo itlog ko ko gid,testicular bleeding,hiligaynon,active
nagadugo itlog ku,testicular bleeding,hiligaynon,active
nagadugo itlog ku gid,testicular bleeding,hiligaynon,active
nagadugo itlug acun,testicular bleeding,hiligaynon,active
nagadugo itlug acun gid,testicular bleeding,hiligaynon,active
nagadugo itlug acun subong,testicular bleeding,hiligaynon,active
nagadugo itlug ako,testicular bleeding,hiligaynon,active
nagadugo itlug akon,testicular bleeding,hiligaynon,active
nagadugo itlug akon gid,testicular bleeding,hiligaynon,active
nagadugo itlug akon subong,testicular bleeding,hiligaynon,active
nagadugo itlug gid ko,testicular bleeding,hiligaynon,active
nagadugo itlug gid ku,testicular bleeding,hiligaynon,active
nagadugo itlug ko,testicular bleeding,hiligaynon,active
nagadugo itlug ko ako,testicular bleeding,hiligaynon,active
nagadugo itlug ko akon,testicular bleeding,hiligaynon,active
nagadugo itlug ko akon gid,testicular bleeding,hiligaynon,active
nagadugo itlug ko akon subong,testicular bleeding,hiligaynon,active
nagadugo itlug ko gid,testicular bleeding,hiligaynon,active
nagadugo itlug ko gid ko,testicular bleeding,hiligaynon,active
nagadugo itlug ko ko,testicular bleeding,hiligaynon,active
nagadugo itlug ko ko gid,testicular bleeding,hiligaynon,active
nagadugo itlug ku,testicular bleeding,hiligaynon,active
nagadugo itlug ku gid,testicular bleeding,hiligaynon,active
nagahubag ang unto,swollen gums,hiligaynon,active
nagahypertension,hypertension,hiligaynon,active
nagakalbo ko,baldness,hiligaynon,active
nagalipong,dizziness,hiligaynon,active
nagaluha akon mata,watery eyes,hiligaynon,active
nagaluha mata ko,watery eyes,hiligaynon,active
nagapanipis buhok ko,hair thinning,hiligaynon,active
nagapanipis lawas ko,weight loss,hiligaynon,active
nagataas timbang ko,weight gain,hiligaynon,active
nagatulo dugo sa dalunggan ko,ear bleeding,hiligaynon,active
nagdugo acun itlog,testicular bleeding,hiligaynon,active
nagdugo acun itlug,testicular bleeding,hiligaynon,active
nagdugo acun pilas,bleeding wound,hiligaynon,active
nagdugo acun ulo,head bleeding,hiligaynon,active
nagdugo ako nga burod,pregnancy bleeding,hiligaynon,active
nagdugo akon ari,penile bleeding,hiligaynon,active
nagdugo akon ari ko,penile bleeding,hiligaynon,active
nagdugo akon ary,penile bleeding,hiligaynon,active
nagdugo akon ary ko,penile bleeding,hiligaynon,active
nagdugo akon baba,oral bleeding,hiligaynon,active
nagdugo akon bilad,vaginal bleeding,hiligaynon,active
nagdugo akon bilad ko,vaginal bleeding,hiligaynon,active
nagdugo akon bilat,vaginal bleeding,hiligaynon,active
nagdugo akon bilat ko,vaginal bleeding,hiligaynon,active
nagdugo akon ilong,nosebleed,hiligaynon,active
nagdugo akon itlog,testicular bleeding,hiligaynon,active
nagdugo akon itlog ko,testicular bleeding,hiligaynon,active
nagdugo akon itlug,testicular bleeding,hiligaynon,active
nagdugo akon itlug ko,testicular bleeding,hiligaynon,active
nagdugo akon kamot,hand bleeding,hiligaynon,active
nagdugo akon pilas,bleeding wound,hiligaynon,active
nagdugo akon tiil,foot bleeding,hiligaynon,active
nagdugo akon tudlo,finger bleeding,hiligaynon,active
nagdugo akon ulo,head bleeding,hiligaynon,active
nagdugo ang pilas ko,bleeding wound,hiligaynon,active
nagdugo ang pilas ku,bleeding wound,hiligaynon,active
nagdugo ang pilas sa batiis ko,leg wound,hiligaynon,active
nagdugo ang pilas sa buuk ko,arm wound,hiligaynon,active
nagdugo ang pilas sa kamot ko,hand wound,hiligaynon,active
nagdugo ang pilas sa likod ko,back wound,hiligaynon,active
nagdugo ang pilas sa paa ko,foot wound,hiligaynon,active
nagdugo ang pilas sa tiil ko,foot wound,hiligaynon,active
nagdugo ang pilas sa tiyan ko,abdominal wound,hiligaynon,active
nagdugo ang pilas sa tudlo ko,finger wound,hiligaynon,active
nagdugo ang pilas sa ulo ko,head wound,hiligaynon,active
nagdugo ang ulo ko,head bleeding,hiligaynon,active
nagdugo ang ulo ku,head bleeding,hiligaynon,active
nagdugo ari ako,penile bleeding,hiligaynon,active
nagdugo ari akon,penile bleeding,hiligaynon,active
nagdugo ari akon gid,penile bleeding,hiligaynon,active
nagdugo ari akon subong,penile bleeding,hiligaynon,active
nagdugo ari gid ko,penile bleeding,hiligaynon,active
nagdugo ari ko,penile bleeding,hiligaynon,active
nagdugo ari ko ako,penile bleeding,hiligaynon,active
nagdugo ari ko akon,penile bleeding,hiligaynon,active
nagdugo ari ko akon gid,penile bleeding,hiligaynon,active
nagdugo ari ko akon subong,penile bleeding,hiligaynon,active
nagdugo ari ko gid,penile bleeding,hiligaynon,active
nagdugo ari ko gid ko,penile bleeding,hiligaynon,active
nagdugo ari ko ko,penile bleeding,hiligaynon,active
nagdugo ari ko ko gid,penile bleeding,hiligaynon,active
nagdugo ary ako,penile bleeding,hiligaynon,active
nagdugo ary akon,penile bleeding,hiligaynon,active
nagdugo ary akon gid,penile bleeding,hiligaynon,active
nagdugo ary akon subong,penile bleeding,hiligaynon,active
nagdugo ary gid ko,penile bleeding,hiligaynon,active
nagdugo ary ko,penile bleeding,hiligaynon,active
nagdugo ary ko ako,penile bleeding,hiligaynon,active
nagdugo ary ko akon,penile bleeding,hiligaynon,active
nagdugo ary ko akon gid,penile bleeding,hiligaynon,active
nagdugo ary ko akon subong,penile bleeding,hiligaynon,active
nagdugo ary ko gid,penile bleeding,hiligaynon,active
nagdugo ary ko gid ko,penile bleeding,hiligaynon,active
nagdugo ary ko ko,penile bleeding,hiligaynon,active
nagdugo ary ko ko gid,penile bleeding,hiligaynon,active
nagdugo baba ko,oral bleeding,hiligaynon,active
nagdugo bilad ako,vaginal bleeding,hiligaynon,active
nagdugo bilad akon,vaginal bleeding,hiligaynon,active
nagdugo bilad akon gid,vaginal bleeding,hiligaynon,active
nagdugo bilad akon subong,vaginal bleeding,hiligaynon,active
nagdugo bilad gid ko,vaginal bleeding,hiligaynon,active
nagdugo bilad ko,vaginal bleeding,hiligaynon,active
nagdugo bilad ko ako,vaginal bleeding,hiligaynon,active
nagdugo bilad ko akon,vaginal bleeding,hiligaynon,active
nagdugo bilad ko akon gid,vaginal bleeding,hiligaynon,active
nagdugo bilad ko akon subong,vaginal bleeding,hiligaynon,active
nagdugo bilad ko gid,vaginal bleeding,hiligaynon,active
nagdugo bilad ko gid ko,vaginal bleeding,hiligaynon,active
nagdugo bilad ko ko,vaginal bleeding,hiligaynon,active
nagdugo bilad ko ko gid,vaginal bleeding,hiligaynon,active
nagdugo bilat ako,vaginal bleeding,hiligaynon,active
nagdugo bilat akon,vaginal bleeding,hiligaynon,active
nagdugo bilat akon gid,vaginal bleeding,hiligaynon,active
nagdugo bilat akon subong,vaginal bleeding,hiligaynon,active
nagdugo bilat gid ko,vaginal bleeding,hiligaynon,active
nagdugo bilat ko,vaginal bleeding,hiligaynon,active
nagdugo bilat ko ako,vaginal bleeding,hiligaynon,active
nagdugo bilat ko akon,vaginal bleeding,hiligaynon,active
nagdugo bilat ko akon gid,vaginal bleeding,hiligaynon,active
nagdugo bilat ko akon subong,vaginal bleeding,hiligaynon,active
nagdugo bilat ko gid,vaginal bleeding,hiligaynon,active
nagdugo bilat ko gid ko,vaginal bleeding,hiligaynon,active
nagdugo bilat ko ko,vaginal bleeding,hiligaynon,active
nagdugo bilat ko ko gid,vaginal bleeding,hiligaynon,active
nagdugo gid acun itlog,testicular bleeding,hiligaynon,active
nagdugo gid acun itlug,testicular bleeding,hiligaynon,active
nagdugo gid akon ari,penile bleeding,hiligaynon,active
nagdugo gid akon ari ko,penile bleeding,hiligaynon,active
nagdugo gid akon ary,penile bleeding,hiligaynon,active
nagdugo gid akon ary ko,penile bleeding,hiligaynon,active
nagdugo gid akon bilad,vaginal bleeding,hiligaynon,active
nagdugo gid akon bilad ko,vaginal bleeding,hiligaynon,active
nagdugo gid akon bilat,vaginal bleeding,hiligaynon,active
nagdugo gid akon bilat ko,vaginal bleeding,hiligaynon,active
nagdugo gid akon itlog,testicular bleeding,hiligaynon,active
nagdugo gid akon itlog ko,testicular bleeding,hiligaynon,active
nagdugo gid akon itlug,testicular bleeding,hiligaynon,active
nagdugo gid akon itlug ko,testicular bleeding,hiligaynon,active
nagdugo gid ari ako,penile bleeding,hiligaynon,active
nagdugo gid ari akon,penile bleeding,hiligaynon,active
nagdugo gid ari akon gid,penile bleeding,hiligaynon,active
nagdugo gid ari akon subong,penile bleeding,hiligaynon,active
nagdugo gid ari gid ko,penile bleeding,hiligaynon,active
nagdugo gid ari ko,penile bleeding,hiligaynon,active
nagdugo gid ari ko ako,penile bleeding,hiligaynon,active
nagdugo gid ari ko akon,penile bleeding,hiligaynon,active
nagdugo gid ari ko akon gid,penile bleeding,hiligaynon,active
nagdugo gid ari ko akon subong,penile bleeding,hiligaynon,active
nagdugo gid ari ko gid,penile bleeding,hiligaynon,active
nagdugo gid ari ko gid ko,penile bleeding,hiligaynon,active
nagdugo gid ari ko ko,penile bleeding,hiligaynon,active
nagdugo gid ari ko ko gid,penile bleeding,hiligaynon,active
nagdugo gid ary ako,penile bleeding,hiligaynon,active
nagdugo gid ary akon,penile bleeding,hiligaynon,active
nagdugo gid ary akon gid,penile bleeding,hiligaynon,active
nagdugo gid ary akon subong,penile bleeding,hiligaynon,active
nagdugo gid ary gid ko,penile bleeding,hiligaynon,active
nagdugo gid ary ko,penile bleeding,hiligaynon,active
nagdugo gid ary ko ako,penile bleeding,hiligaynon,active
nagdugo gid ary ko akon,penile bleeding,hiligaynon,active
nagdugo gid ary ko akon gid,penile bleeding,hiligaynon,active
nagdugo gid ary ko akon subong,penile bleeding,hiligaynon,active
nagdugo gid ary ko gid,penile bleeding,hiligaynon,active
nagdugo gid ary ko gid ko,penile bleeding,hiligaynon,active
nagdugo gid ary ko ko,penile bleeding,hiligaynon,active
nagdugo gid ary ko ko gid,penile bleeding,hiligaynon,active
nagdugo gid baba ko,oral bleeding,hiligaynon,active
nagdugo gid bilad ako,vaginal bleeding,hiligaynon,active
nagdugo gid bilad akon,vaginal bleeding,hiligaynon,active
nagdugo gid bilad akon gid,vaginal bleeding,hiligaynon,active
nagdugo gid bilad akon subong,vaginal bleeding,hiligaynon,active
nagdugo gid bilad gid ko,vaginal bleeding,hiligaynon,active
nagdugo gid bilad ko,vaginal bleeding,hiligaynon,active
nagdugo gid bilad ko ako,vaginal bleeding,hiligaynon,active
nagdugo gid bilad ko akon,vaginal bleeding,hiligaynon,active
nagdugo gid bilad ko akon gid,vaginal bleeding,hiligaynon,active
nagdugo gid bilad ko akon subong,vaginal bleeding,hiligaynon,active
nagdugo gid bilad ko gid,vaginal bleeding,hiligaynon,active
nagdugo gid bilad ko gid ko,vaginal bleeding,hiligaynon,active
nagdugo gid bilad ko ko,vaginal bleeding,hiligaynon,active
nagdugo gid bilad ko ko gid,vaginal bleeding,hiligaynon,active
nagdugo gid bilat ako,vaginal bleeding,hiligaynon,active
nagdugo gid bilat akon,vaginal bleeding,hiligaynon,active
nagdugo gid bilat akon gid,vaginal bleeding,hiligaynon,active
nagdugo gid bilat akon subong,vaginal bleeding,hiligaynon,active
nagdugo gid bilat gid ko,vaginal bleeding,hiligaynon,active
nagdugo gid bilat ko,vaginal bleeding,hiligaynon,active
nagdugo gid bilat ko ako,vaginal bleeding,hiligaynon,active
nagdugo gid bilat ko akon,vaginal bleeding,hiligaynon,active
nagdugo gid bilat ko akon gid,vaginal bleeding,hiligaynon,active
nagdugo gid bilat ko akon subong,vaginal bleeding,hiligaynon,active
nagdugo gid bilat ko gid,vaginal bleeding,hiligaynon,active
nagdugo gid bilat ko gid ko,vaginal bleeding,hiligaynon,active
nagdugo gid bilat ko ko,vaginal bleeding,hiligaynon,active
nagdugo gid bilat ko ko gid,vaginal bleeding,hiligaynon,active
nagdugo gid ilong ko,nosebleed,hiligaynon,active
nagdugo gid itlog acun,testicular bleeding,hiligaynon,active
nagdugo gid itlog acun gid,testicular bleeding,hiligaynon,active
nagdugo gid itlog acun subong,testicular bleeding,hiligaynon,active
nagdugo gid itlog ako,testicular bleeding,hiligaynon,active
nagdugo gid itlog akon,testicular bleeding,hiligaynon,active
nagdugo gid itlog akon gid,testicular bleeding,hiligaynon,active
nagdugo gid itlog akon subong,testicular bleeding,hiligaynon,active
nagdugo gid itlog gid ko,testicular bleeding,hiligaynon,active
nagdugo gid itlog gid ku,testicular bleeding,hiligaynon,active
nagdugo gid itlog ko,testicular bleeding,hiligaynon,active
nagdugo gid itlog ko ako,testicular bleeding,hiligaynon,active
nagdugo gid itlog ko akon,testicular bleeding,hiligaynon,active
nagdugo gid itlog ko akon gid,testicular bleeding,hiligaynon,active
nagdugo gid itlog ko akon subong,testicular bleeding,hiligaynon,active
nagdugo gid itlog ko gid,testicular bleeding,hiligaynon,active
nagdugo gid itlog ko gid ko,testicular bleeding,hiligaynon,active
nagdugo gid itlog ko ko,testicular bleeding,hiligaynon,active
nagdugo gid itlog ko ko gid,testicular bleeding,hiligaynon,active
nagdugo gid itlog ku,testicular bleeding,hiligaynon,active
nagdugo gid itlog ku gid,testicular bleeding,hiligaynon,active
nagdugo gid itlug acun,testicular bleeding,hiligaynon,active
nagdugo gid itlug acun gid,testicular bleeding,hiligaynon,active
nagdugo gid itlug acun subong,testicular bleeding,hiligaynon,active
nagdugo gid itlug ako,testicular bleeding,hiligaynon,active
nagdugo gid itlug akon,testicular bleeding,hiligaynon,active
nagdugo gid itlug akon gid,testicular bleeding,hiligaynon,active
nagdugo gid itlug akon subong,testicular bleeding,hiligaynon,active
nagdugo gid itlug gid ko,testicular bleeding,hiligaynon,active
nagdugo gid itlug gid ku,testicular bleeding,hiligaynon,active
nagdugo gid itlug ko,testicular bleeding,hiligaynon,active
nagdugo gid itlug ko ako,testicular bleeding,hiligaynon,active
nagdugo gid itlug ko akon,testicular bleeding,hiligaynon,active
nagdugo gid itlug ko akon gid,testicular bleeding,hiligaynon,active
nagdugo gid itlug ko akon subong,testicular bleeding,hiligaynon,active
nagdugo gid itlug ko gid,testicular bleeding,hiligaynon,active
nagdugo gid itlug ko gid ko,testicular bleeding,hiligaynon,active
nagdugo gid itlug ko ko,testicular bleeding,hiligaynon,active
nagdugo gid itlug ko ko gid,testicular bleeding,hiligaynon,active
nagdugo gid itlug ku,testicular bleeding,hiligaynon,active
nagdugo gid itlug ku gid,testicular bleeding,hiligaynon,active
nagdugo gid kamot ko,hand bleeding,hiligaynon,active
nagdugo gid pilas ko,bleeding wound,hiligaynon,active
nagdugo gid pilas ku,bleeding wound,hiligaynon,active
nagdugo gid tiil ko,foot bleeding,hiligaynon,active
nagdugo gid tudlo ko,finger bleeding,hiligaynon,active
nagdugo gid ulo ko,head bleeding,hiligaynon,active
nagdugo gid ulo ku,head bleeding,hiligaynon,active
nagdugo ilong ko,nosebleed,hiligaynon,active
nagdugo itlog acun,testicular bleeding,hiligaynon,active
nagdugo itlog acun gid,testicular bleeding,hiligaynon,active
nagdugo itlog acun subong,testicular bleeding,hiligaynon,active
nagdugo itlog ako,testicular bleeding,hiligaynon,active
nagdugo itlog akon,testicular bleeding,hiligaynon,active
nagdugo itlog akon gid,testicular bleeding,hiligaynon,active
nagdugo itlog akon subong,testicular bleeding,hiligaynon,active
nagdugo itlog gid ko,testicular bleeding,hiligaynon,active
nagdugo itlog gid ku,testicular bleeding,hiligaynon,active
nagdugo itlog ko,testicular bleeding,hiligaynon,active
nagdugo itlog ko ako,testicular bleeding,hiligaynon,active
nagdugo itlog ko akon,testicular bleeding,hiligaynon,active
nagdugo itlog ko akon gid,testicular bleeding,hiligaynon,active
nagdugo itlog ko akon subong,testicular bleeding,hiligaynon,active
nagdugo itlog ko gid,testicular bleeding,hiligaynon,active
nagdugo itlog ko gid ko,testicular bleeding,hiligaynon,active
nagdugo itlog ko ko,testicular bleeding,hiligaynon,active
nagdugo itlog ko ko gid,testicular bleeding,hiligaynon,active
nagdugo itlog ku,testicular bleeding,hiligaynon,active
nagdugo itlog ku gid,testicular bleeding,hiligaynon,active
nagdugo itlug acun,testicular bleeding,hiligaynon,active
nagdugo itlug acun gid,testicular bleeding,hiligaynon,active
nagdugo itlug acun subong,testicular bleeding,hiligaynon,active
nagdugo itlug ako,testicular bleeding,hiligaynon,active
nagdugo itlug akon,testicular bleeding,hiligaynon,active
nagdugo itlug akon gid,testicular bleeding,hiligaynon,active
nagdugo itlug akon subong,testicular bleeding,hiligaynon,active
nagdugo itlug gid ko,testicular bleeding,hiligaynon,active
nagdugo itlug gid ku,testicular bleeding,hiligaynon,active
nagdugo itlug ko,testicular bleeding,hiligaynon,active
nagdugo itlug ko ako,testicular bleeding,hiligaynon,active
nagdugo itlug ko akon,testicular bleeding,hiligaynon,active
nagdugo itlug ko akon gid,testicular bleeding,hiligaynon,active
nagdugo itlug ko akon subong,testicular bleeding,hiligaynon,active
nagdugo itlug ko gid,testicular bleeding,hiligaynon,active
nagdugo itlug ko gid ko,testicular bleeding,hiligaynon,active
nagdugo itlug ko ko,testicular bleeding,hiligaynon,active
nagdugo itlug ko ko gid,testicular bleeding,hiligaynon,active
nagdugo itlug ku,testicular bleeding,hiligaynon,active
nagdugo itlug ku gid,testicular bleeding,hiligaynon,active
nagdugo kamot ko,hand bleeding,hiligaynon,active
nagdugo ko nga burod,pregnancy bleeding,hiligaynon,active
nagdugo ngipon ko,bleeding gums,hiligaynon,active
nagdugo pilas ko,bleeding wound,hiligaynon,active
nagdugo pilas ko kag ginahilanat ko,bleeding wound with fever,hiligaynon,active
nagdugo pilas ko sa batiis,leg wound,hiligaynon,active
nagdugo pilas ko sa buuk,arm wound,hiligaynon,active
nagdugo pilas ko sa kamot,hand wound,hiligaynon,active
nagdugo pilas ko sa likod,back wound,hiligaynon,active
nagdugo pilas ko sa paa,foot wound,hiligaynon,active
nagdugo pilas ko sa tiil,foot wound,hiligaynon,active
nagdugo pilas ko sa tiyan,abdominal wound,hiligaynon,active
nagdugo pilas ko sa tudlo,finger wound,hiligaynon,active
nagdugo pilas ko sa ulo,head wound,hiligaynon,active
nagdugo pilas ko upod sang ginahilanat ko,bleeding wound with fever,hiligaynon,active
nagdugo pilas ku,bleeding wound,hiligaynon,active
nagdugo pilas sa batiis ko,leg wound,hiligaynon,active
nagdugo pilas sa buuk ko,arm wound,hiligaynon,active
nagdugo pilas sa kamot ko,hand wound,hiligaynon,active
nagdugo pilas sa likod ko,back wound,hiligaynon,active
nagdugo pilas sa paa ko,foot wound,hiligaynon,active
nagdugo pilas sa tiil ko,foot wound,hiligaynon,active
nagdugo pilas sa tiyan ko,abdominal wound,hiligaynon,active
nagdugo pilas sa tudlo ko,finger wound,hiligaynon,active
nagdugo pilas sa ulo ko,head wound,hiligaynon,active
nagdugo tiil ko,foot bleeding,hiligaynon,active
nagdugo tudlo ko,finger bleeding,hiligaynon,active
nagdugo ulo ko,head bleeding,hiligaynon,active
nagdugo ulo ko kag nahilo ko,head bleeding with dizziness,hiligaynon,active
nagdugo ulo ko pagkatapos natumba,head bleeding after fall,hiligaynon,active
nagdugo ulo ko upod sang nahilo ko,head bleeding with dizziness,hiligaynon,active
nagdugo ulo ku,head bleeding,hiligaynon,active
nagdugo ulo ku pagkatapos natumba,head bleeding after fall,hiligaynon,active
naghubag abaga akon,shoulder swelling,hiligaynon,active
naghubag abaga akon gid,shoulder swelling,hiligaynon,active
naghubag abaga gid ko,shoulder swelling,hiligaynon,active
naghubag abaga ko,shoulder swelling,hiligaynon,active
naghubag abaga ko gid,shoulder swelling,hiligaynon,active
naghubag abaga man,shoulder swelling,hiligaynon,active
naghubag abaga subong,shoulder swelling,hiligaynon,active
naghubag akon abaga,shoulder swelling,hiligaynon,active
naghubag akon atay,liver swelling,hiligaynon,active
naghubag akon awang,jaw swelling,hiligaynon,active
naghubag akon baba,lip swelling,hiligaynon,active
naghubag akon balat,skin swelling,hiligaynon,active
naghubag akon batiis,leg swelling,hiligaynon,active
naghubag akon bato,kidney swelling,hiligaynon,active
naghubag akon baywang,waist swelling,hiligaynon,active
naghubag akon buhok,hair swelling,hiligaynon,active
naghubag akon bukong,forehead swelling,hiligaynon,active
naghubag akon buuk,arm swelling,hiligaynon,active
naghubag akon dalunggan,ear swelling,hiligaynon,active
naghubag akon dila,swollen tongue,hiligaynon,active
naghubag akon dughan,chest swelling,hiligaynon,active
naghubag akon ilong,nasal swelling,hiligaynon,active
naghubag akon kamot,hand swelling,hiligaynon,active
naghubag akon kuko,nail swelling,hiligaynon,active
naghubag akon lawas,body swelling,hiligaynon,active
naghubag akon lawi,nape swelling,hiligaynon,active
naghubag akon likod,back swelling,hiligaynon,active
naghubag akon liog,neck swelling,hiligaynon,active
naghubag akon mata,eye swelling,hiligaynon,active
naghubag akon ngipon,tooth swelling,hiligaynon,active
naghubag akon paa,foot swelling,hiligaynon,active
naghubag akon pilas,wound swelling,hiligaynon,active
naghubag akon pisngi,facial swelling,hiligaynon,active
naghubag akon siko,elbow swelling,hiligaynon,active
naghubag akon tadlong,forearm swelling,hiligaynon,active
naghubag akon tagipusuon,heart swelling,hiligaynon,active
naghubag akon tai,buttocks swelling,hiligaynon,active
naghubag akon tiil,foot swelling,hiligaynon,active
naghubag akon tikod,heel swelling,hiligaynon,active
naghubag akon titi,breast swelling,hiligaynon,active
naghubag akon tiyan,abdominal swelling,hiligaynon,active
naghubag akon tudlo,finger swelling,hiligaynon,active
naghubag akon tuhod,knee swelling,hiligaynon,active
naghubag akon tungod,throat swelling,hiligaynon,active
naghubag akon tungtong,ankle swelling,hiligaynon,active
naghubag akon ulo,head swelling,hiligaynon,active
naghubag akon utok,brain swelling,hiligaynon,active
naghubag atay akon,liver swelling,hiligaynon,active
naghubag atay akon gid,liver swelling,hiligaynon,active
naghubag atay gid ko,liver swelling,hiligaynon,active
naghubag atay ko,liver swelling,hiligaynon,active
naghubag atay ko gid,liver swelling,hiligaynon,active
naghubag atay man,liver swelling,hiligaynon,active
naghubag atay subong,liver swelling,hiligaynon,active
naghubag awang akon,jaw swelling,hiligaynon,active
naghubag awang akon gid,jaw swelling,hiligaynon,active
naghubag awang gid ko,jaw swelling,hiligaynon,active
naghubag awang ko,jaw swelling,hiligaynon,active
naghubag awang ko gid,jaw swelling,hiligaynon,active
naghubag awang man,jaw swelling,hiligaynon,active
naghubag awang subong,jaw swelling,hiligaynon,active
naghubag baba akon,lip swelling,hiligaynon,active
naghubag baba akon gid,lip swelling,hiligaynon,active
naghubag baba gid ko,lip swelling,hiligaynon,active
naghubag baba ko,lip swelling,hiligaynon,active
naghubag baba ko gid,lip swelling,hiligaynon,active
naghubag baba man,lip swelling,hiligaynon,active
naghubag baba subong,lip swelling,hiligaynon,active
naghubag balat akon,skin swelling,hiligaynon,active
naghubag balat akon gid,skin swelling,hiligaynon,active
naghubag balat gid ko,skin swelling,hiligaynon,active
naghubag balat ko,skin swelling,hiligaynon,active
naghubag balat ko gid,skin swelling,hiligaynon,active
naghubag balat man,skin swelling,hiligaynon,active
naghubag balat subong,skin swelling,hiligaynon,active
naghubag batiis akon,leg swelling,hiligaynon,active
naghubag batiis akon gid,leg swelling,hiligaynon,active
naghubag batiis gid ko,leg swelling,hiligaynon,active
naghubag batiis ko,leg swelling,hiligaynon,active
naghubag batiis ko gid,leg swelling,hiligaynon,active
naghubag batiis man,leg swelling,hiligaynon,active
naghubag batiis subong,leg swelling,hiligaynon,active
naghubag bato akon,kidney swelling,hiligaynon,active
naghubag bato akon gid,kidney swelling,hiligaynon,active
naghubag bato gid ko,kidney swelling,hiligaynon,active
naghubag bato ko,kidney swelling,hiligaynon,active
naghubag bato ko gid,kidney swelling,hiligaynon,active
naghubag bato man,kidney swelling,hiligaynon,active
naghubag bato subong,kidney swelling,hiligaynon,active
naghubag baywang akon,waist swelling,hiligaynon,active
naghubag baywang akon gid,waist swelling,hiligaynon,active
naghubag baywang gid ko,waist swelling,hiligaynon,active
naghubag baywang ko,waist swelling,hiligaynon,active
naghubag baywang ko gid,waist swelling,hiligaynon,active
naghubag baywang man,waist swelling,hiligaynon,active
naghubag baywang subong,waist swelling,hiligaynon,active
naghubag buhok akon,hair swelling,hiligaynon,active
naghubag buhok akon gid,hair swelling,hiligaynon,active
naghubag buhok gid ko,hair swelling,hiligaynon,active
naghubag buhok ko,hair swelling,hiligaynon,active
naghubag buhok ko gid,hair swelling,hiligaynon,active
naghubag buhok man,hair swelling,hiligaynon,active
naghubag buhok subong,hair swelling,hiligaynon,active
naghubag bukong akon,forehead swelling,hiligaynon,active
naghubag bukong akon gid,forehead swelling,hiligaynon,active
naghubag bukong gid ko,forehead swelling,hiligaynon,active
naghubag bukong ko,forehead swelling,hiligaynon,active
naghubag bukong ko gid,forehead swelling,hiligaynon,active
naghubag bukong man,forehead swelling,hiligaynon,active
naghubag bukong subong,forehead swelling,hiligaynon,active
naghubag buuk akon,arm swelling,hiligaynon,active
naghubag buuk akon gid,arm swelling,hiligaynon,active
naghubag buuk gid ko,arm swelling,hiligaynon,active
naghubag buuk ko,arm swelling,hiligaynon,active
naghubag buuk ko gid,arm swelling,hiligaynon,active
naghubag buuk man,arm swelling,hiligaynon,active
naghubag buuk subong,arm swelling,hiligaynon,active
naghubag dalunggan akon,ear swelling,hiligaynon,active
naghubag dalunggan akon gid,ear swelling,hiligaynon,active
naghubag dalunggan gid ko,ear swelling,hiligaynon,active
naghubag dalunggan ko,ear swelling,hiligaynon,active
naghubag dalunggan ko gid,ear swelling,hiligaynon,active
naghubag dalunggan man,ear swelling,hiligaynon,active
naghubag dalunggan subong,ear swelling,hiligaynon,active
naghubag dila acun,swollen tongue,hiligaynon,active
naghubag dila acun gid,swollen tongue,hiligaynon,active
naghubag dila akon,swollen tongue,hiligaynon,active
naghubag dila akon gid,swollen tongue,hiligaynon,active
naghubag dila gid ko,swollen tongue,hiligaynon,active
naghubag dila gid ku,swollen tongue,hiligaynon,active
naghubag dila ko,swollen tongue,hiligaynon,active
naghubag dila ko gid,swollen tongue,hiligaynon,active
naghubag dila ku,swollen tongue,hiligaynon,active
naghubag dila ku gid,swollen tongue,hiligaynon,active
naghubag dila man,swollen tongue,hiligaynon,active
naghubag dila subong,swollen tongue,hiligaynon,active
naghubag dughan akon,chest swelling,hiligaynon,active
naghubag dughan akon gid,chest swelling,hiligaynon,active
naghubag dughan gid ko,chest swelling,hiligaynon,active
naghubag dughan ko,chest swelling,hiligaynon,active
naghubag dughan ko gid,chest swelling,hiligaynon,active
naghubag dughan man,chest swelling,hiligaynon,active
naghubag dughan subong,chest swelling,hiligaynon,active
naghubag ilong akon,nasal swelling,hiligaynon,active
naghubag ilong akon gid,nasal swelling,hiligaynon,active
naghubag ilong gid ko,nasal swelling,hiligaynon,active
naghubag ilong ko,nasal swelling,hiligaynon,active
naghubag ilong ko gid,nasal swelling,hiligaynon,active
naghubag ilong man,nasal swelling,hiligaynon,active
naghubag ilong subong,nasal swelling,hiligaynon,active
naghubag kamot akon,hand swelling,hiligaynon,active
naghubag kamot akon gid,hand swelling,hiligaynon,active
naghubag kamot gid ko,hand swelling,hiligaynon,active
naghubag kamot ko,hand swelling,hiligaynon,active
naghubag kamot ko gid,hand swelling,hiligaynon,active
naghubag kamot man,hand swelling,hiligaynon,active
naghubag kamot subong,hand swelling,hiligaynon,active
naghubag kuko akon,nail swelling,hiligaynon,active
naghubag kuko akon gid,nail swelling,hiligaynon,active
naghubag kuko gid ko,nail swelling,hiligaynon,active
naghubag kuko ko,nail swelling,hiligaynon,active
naghubag kuko ko gid,nail swelling,hiligaynon,active
naghubag kuko man,nail swelling,hiligaynon,active
naghubag kuko subong,nail swelling,hiligaynon,active
naghubag lawas akon,body swelling,hiligaynon,active
naghubag lawas akon gid,body swelling,hiligaynon,active
naghubag lawas gid ko,body swelling,hiligaynon,active
naghubag lawas ko,body swelling,hiligaynon,active
naghubag lawas ko gid,body swelling,hiligaynon,active
naghubag lawas man,body swelling,hiligaynon,active
naghubag lawas subong,body swelling,hiligaynon,active
naghubag lawi akon,nape swelling,hiligaynon,active
naghubag lawi akon gid,nape swelling,hiligaynon,active
naghubag lawi gid ko,nape swelling,hiligaynon,active
naghubag lawi ko,nape swelling,hiligaynon,active
naghubag lawi ko gid,nape swelling,hiligaynon,active
naghubag lawi man,nape swelling,hiligaynon,active
naghubag lawi subong,nape swelling,hiligaynon,active
naghubag likod akon,back swelling,hiligaynon,active
naghubag likod akon gid,back swelling,hiligaynon,active
naghubag likod gid ko,back swelling,hiligaynon,active
naghubag likod ko,back swelling,hiligaynon,active
naghubag likod ko gid,back swelling,hiligaynon,active
naghubag likod man,back swelling,hiligaynon,active
naghubag likod subong,back swelling,hiligaynon,active
naghubag liog akon,neck swelling,hiligaynon,active
naghubag liog akon gid,neck swelling,hiligaynon,active
naghubag liog gid ko,neck swelling,hiligaynon,active
naghubag liog ko,neck swelling,hiligaynon,active
naghubag liog ko gid,neck swelling,hiligaynon,active
naghubag liog man,neck swelling,hiligaynon,active
naghubag liog subong,neck swelling,hiligaynon,active
naghubag mata akon,eye swelling,hiligaynon,active
naghubag mata akon gid,eye swelling,hiligaynon,active
naghubag mata gid ko,eye swelling,hiligaynon,active
naghubag mata ko,eye swelling,hiligaynon,active
naghubag mata ko gid,eye swelling,hiligaynon,active
naghubag mata man,eye swelling,hiligaynon,active
naghubag mata subong,eye swelling,hiligaynon,active
naghubag ngipon akon,tooth swelling,hiligaynon,active
naghubag ngipon akon gid,tooth swelling,hiligaynon,active
naghubag ngipon gid ko,tooth swelling,hiligaynon,active
naghubag ngipon ko,tooth swelling,hiligaynon,active
naghubag ngipon ko gid,tooth swelling,hiligaynon,active
naghubag ngipon man,tooth swelling,hiligaynon,active
naghubag ngipon subong,tooth swelling,hiligaynon,active
naghubag paa akon,foot swelling,hiligaynon,active
naghubag paa akon gid,foot swelling,hiligaynon,active
naghubag paa gid ko,foot swelling,hiligaynon,active
naghubag paa ko,foot swelling,hiligaynon,active
naghubag paa ko gid,foot swelling,hiligaynon,active
naghubag paa man,foot swelling,hiligaynon,active
naghubag paa subong,foot swelling,hiligaynon,active
naghubag pilas akon,wound swelling,hiligaynon,active
naghubag pilas akon gid,wound swelling,hiligaynon,active
naghubag pilas gid ko,wound swelling,hiligaynon,active
naghubag pilas ko,wound swelling,hiligaynon,active
naghubag pilas ko gid,wound swelling,hiligaynon,active
naghubag pilas man,wound swelling,hiligaynon,active
naghubag pilas subong,wound swelling,hiligaynon,active
naghubag pisngi akon,facial swelling,hiligaynon,active
naghubag pisngi akon gid,facial swelling,hiligaynon,active
naghubag pisngi gid ko,facial swelling,hiligaynon,active
naghubag pisngi ko,facial swelling,hiligaynon,active
naghubag pisngi ko gid,facial swelling,hiligaynon,active
naghubag pisngi man,facial swelling,hiligaynon,active
naghubag pisngi subong,facial swelling,hiligaynon,active
naghubag siko akon,elbow swelling,hiligaynon,active
naghubag siko akon gid,elbow swelling,hiligaynon,active
naghubag siko gid ko,elbow swelling,hiligaynon,active
naghubag siko ko,elbow swelling,hiligaynon,active
naghubag siko ko gid,elbow swelling,hiligaynon,active
naghubag siko man,elbow swelling,hiligaynon,active
naghubag siko subong,elbow swelling,hiligaynon,active
naghubag tadlong akon,forearm swelling,hiligaynon,active
naghubag tadlong akon gid,forearm swelling,hiligaynon,active
naghubag tadlong gid ko,forearm swelling,hiligaynon,active
naghubag tadlong ko,forearm swelling,hiligaynon,active
naghubag tadlong ko gid,forearm swelling,hiligaynon,active
naghubag tadlong man,forearm swelling,hiligaynon,active
naghubag tadlong subong,forearm swelling,hiligaynon,active
naghubag tagipusuon akon,heart swelling,hiligaynon,active
naghubag tagipusuon akon gid,heart swelling,hiligaynon,active
naghubag tagipusuon gid ko,heart swelling,hiligaynon,active
naghubag tagipusuon ko,heart swelling,hiligaynon,active
naghubag tagipusuon ko gid,heart swelling,hiligaynon,active
naghubag tagipusuon man,heart swelling,hiligaynon,active
naghubag tagipusuon subong,heart swelling,hiligaynon,active
naghubag tai akon,buttocks swelling,hiligaynon,active
naghubag tai akon gid,buttocks swelling,hiligaynon,active
naghubag tai gid ko,buttocks swelling,hiligaynon,active
naghubag tai ko,buttocks swelling,hiligaynon,active
naghubag tai ko gid,buttocks swelling,hiligaynon,active
naghubag tai man,buttocks swelling,hiligaynon,active
naghubag tai subong,buttocks swelling,hiligaynon,active
naghubag tiil akon,foot swelling,hiligaynon,active
naghubag tiil akon gid,foot swelling,hiligaynon,active
naghubag tiil gid ko,foot swelling,hiligaynon,active
naghubag tiil ko,foot swelling,hiligaynon,active
naghubag tiil ko gid,foot swelling,hiligaynon,active
naghubag tiil man,foot swelling,hiligaynon,active
naghubag tiil subong,foot swelling,hiligaynon,active
naghubag tikod akon,heel swelling,hiligaynon,active
naghubag tikod akon gid,heel swelling,hiligaynon,active
naghubag tikod gid ko,heel swelling,hiligaynon,active
naghubag tikod ko,heel swelling,hiligaynon,active
naghubag tikod ko gid,heel swelling,hiligaynon,active
naghubag tikod man,heel swelling,hiligaynon,active
naghubag tikod subong,heel swelling,hiligaynon,active
naghubag titi akon,breast swelling,hiligaynon,active
naghubag titi akon gid,breast swelling,hiligaynon,active
naghubag titi gid ko,breast swelling,hiligaynon,active
naghubag titi ko,breast swelling,hiligaynon,active
naghubag titi ko gid,breast swelling,hiligaynon,active
naghubag titi man,breast swelling,hiligaynon,active
naghubag titi subong,breast swelling,hiligaynon,active
naghubag tiyan akon,abdominal swelling,hiligaynon,active
naghubag tiyan akon gid,abdominal swelling,hiligaynon,active
naghubag tiyan gid ko,abdominal swelling,hiligaynon,active
naghubag tiyan ko,abdominal swelling,hiligaynon,active
naghubag tiyan ko gid,abdominal swelling,hiligaynon,active
naghubag tiyan man,abdominal swelling,hiligaynon,active
naghubag tiyan subong,abdominal swelling,hiligaynon,active
naghubag tudlo akon,finger swelling,hiligaynon,active
naghubag tudlo akon gid,finger swelling,hiligaynon,active
naghubag tudlo gid ko,finger swelling,hiligaynon,active
naghubag tudlo ko,finger swelling,hiligaynon,active
naghubag tudlo ko gid,finger swelling,hiligaynon,active
naghubag tudlo man,finger swelling,hiligaynon,active
naghubag tudlo subong,finger swelling,hiligaynon,active
naghubag tuhod akon,knee swelling,hiligaynon,active
naghubag tuhod akon gid,knee swelling,hiligaynon,active
naghubag tuhod gid ko,knee swelling,hiligaynon,active
naghubag tuhod ko,knee swelling,hiligaynon,active
naghubag tuhod ko gid,knee swelling,hiligaynon,active
naghubag tuhod man,knee swelling,hiligaynon,active
naghubag tuhod subong,knee swelling,hiligaynon,active
naghubag tungod acun,throat swelling,hiligaynon,active
naghubag tungod acun gid,throat swelling,hiligaynon,active
naghubag tungod akon,throat swelling,hiligaynon,active
naghubag tungod akon gid,throat swelling,hiligaynon,active
naghubag tungod gid ko,throat swelling,hiligaynon,active
naghubag tungod gid ku,throat swelling,hiligaynon,active
naghubag tungod ko,throat swelling,hiligaynon,active
naghubag tungod ko gid,throat swelling,hiligaynon,active
naghubag tungod ku,throat swelling,hiligaynon,active
naghubag tungod ku gid,throat swelling,hiligaynon,active
naghubag tungod man,throat swelling,hiligaynon,active
naghubag tungod subong,throat swelling,hiligaynon,active
naghubag tungtong akon,ankle swelling,hiligaynon,active
naghubag tungtong akon gid,ankle swelling,hiligaynon,active
naghubag tungtong gid ko,ankle swelling,hiligaynon,active
naghubag tungtong ko,ankle swelling,hiligaynon,active
naghubag tungtong ko gid,ankle swelling,hiligaynon,active
naghubag tungtong man,ankle swelling,hiligaynon,active
naghubag tungtong subong,ankle swelling,hiligaynon,active
naghubag ulo akon,head swelling,hiligaynon,active
naghubag ulo akon gid,head swelling,hiligaynon,active
naghubag ulo gid ko,head swelling,hiligaynon,active
naghubag ulo ko,head swelling,hiligaynon,active
naghubag ulo ko gid,head swelling,hiligaynon,active
naghubag ulo man,head swelling,hiligaynon,active
naghubag ulo subong,head swelling,hiligaynon,active
naghubag utok akon,brain swelling,hiligaynon,active
naghubag utok akon gid,brain swelling,hiligaynon,active
naghubag utok gid ko,brain swelling,hiligaynon,active
naghubag utok ko,brain swelling,hiligaynon,active
naghubag utok ko gid,brain swelling,hiligaynon,active
naghubag utok man,brain swelling,hiligaynon,active
naghubag utok subong,brain swelling,hiligaynon,active
nagkalbo ako,baldness,hiligaynon,active
nagluha ngipon ko,loose tooth,hiligaynon,active
nagsuka,vomiting,hiligaynon,active
nagsusuka,vomiting,hiligaynon,active
nagtumba lawas ko,syncope,hiligaynon,active
naguyam ko,seizure,hiligaynon,active
naguyam ko kag wala ko maka-agi,seizure,hiligaynon,active
naguyam ku,seizure,hiligaynon,active
nahihilo,dizziness,hiligaynon,active
nahihilo ako,dizziness,hiligaynon,active
nahihirapang huminga,difficulty breathing,hiligaynon,active
nahilo,dizziness,hiligaynon,active
nahilo ako,dizziness,hiligaynon,active
nahilo gid ko,severe dizziness,hiligaynon,active
nahilo ko,dizziness,hiligaynon,active
nahilo ko kag ginahilanat ko,dizziness with fever,hiligaynon,active
nahilo ko tungod sa asukar,hypoglycemia,hiligaynon,active
nahilo ko upod sang ginahilanat ko,dizziness with fever,hiligaynon,active
nahuad ko,fall injury,hiligaynon,active
nahubasan ko sang init,heat exhaustion,hiligaynon,active
nahulog ko,syncope,hiligaynon,active
nahulog ku,syncope,hiligaynon,active
naipit ang kamot ko,crush injury,hiligaynon,active
naipit ko,crush injury,hiligaynon,active
naka-inom ko sang lason,poisoning,hiligaynon,active
naka-inom sang tambal sobra,medication overdose,hiligaynon,active
nakuryente ako,electrical injury,hiligaynon,active
nakuryente gamay ko,minor electrical shock,hiligaynon,active
nakuryente gid ko,electrical injury,hiligaynon,active
nakuryente gid ku,electrical injury,hiligaynon,active
nakuryente ko,electrical injury,hiligaynon,active
nakuryente ko sang kuryente,electrical injury,hiligaynon,active
nakuryente ku,electrical injury,hiligaynon,active
nakuryente ku sang kuryente,electrical injury,hiligaynon,active
nalipong,dizziness,hiligaynon,active
nalumos ko,drowning,hiligaynon,active
namamaga,swelling,hiligaynon,active
namamaga mukha,facial swelling,hiligaynon,active
namamaga paa,leg swelling,hiligaynon,active
namamaga tiyan,abdominal swelling,hiligaynon,active
nana,pus,hiligaynon,active
nana ari,penile infection,hiligaynon,active
nana bilat,vaginal infection,hiligaynon,active
nana sa mata,pus in eye,hiligaynon,active
nanah,pus,hiligaynon,active
nanah pilas,infected wound,hiligaynon,active
nanah sa mata,pus in eye,hiligaynon,active
nasunog akon balat,skin burn,hiligaynon,active
nasunog akon batiis,leg burn,hiligaynon,active
nasunog akon buuk,arm burn,hiligaynon,active
nasunog akon kamot,hand burn,hiligaynon,active
nasunog akon lawas,body burn,hiligaynon,active
nasunog akon mata,eye burn,hiligaynon,active
nasunog akon tiil,foot burn,hiligaynon,active
nasunog akon tiyan,abdominal burn,hiligaynon,active
nasunog balat ko,skin burn,hiligaynon,active
nasunog batiis ko,leg burn,hiligaynon,active
nasunog buuk ko,arm burn,hiligaynon,active
nasunog gid balat ko,skin burn,hiligaynon,active
nasunog gid batiis ko,leg burn,hiligaynon,active
nasunog gid buuk ko,arm burn,hiligaynon,active
nasunog gid kamot ko,hand burn,hiligaynon,active
nasunog gid lawas ko,body burn,hiligaynon,active
nasunog gid mata ko,eye burn,hiligaynon,active
nasunog gid tiil ko,foot burn,hiligaynon,active
nasunog gid tiyan ko,abdominal burn,hiligaynon,active
nasunog kamot ko,hand burn,hiligaynon,active
nasunog ko ang balat,skin burn,hiligaynon,active
nasunog ko ang batiis,leg burn,hiligaynon,active
nasunog ko ang buuk,arm burn,hiligaynon,active
nasunog ko ang kamot,hand burn,hiligaynon,active
nasunog ko ang lawas,body burn,hiligaynon,active
nasunog ko ang mata,eye burn,hiligaynon,active
nasunog ko ang tiil,foot burn,hiligaynon,active
nasunog ko ang tiyan,abdominal burn,hiligaynon,active
nasunog ko sang kuryente,electrical burn,hiligaynon,active
nasunog ko sang mainit nga tubig,scalding burn,hiligaynon,active
nasunog ko sang mantika,thermal burn,hiligaynon,active
nasunog lawas ko,body burn,hiligaynon,active
nasunog mata ko,eye burn,hiligaynon,active
nasunog tiil ko,foot burn,hiligaynon,active
nasunog tiyan ko,abdominal burn,hiligaynon,active
natabunan ko,choking,hiligaynon,active
natabunan sang pagkaon,choking on food,hiligaynon,active
natumba ko,fall injury,hiligaynon,active
natumba ko kag nasamdan ulo ko,head injury from fall,hiligaynon,active
natumba ku kag nasamdan ulo ko,head injury from fall,hiligaynon,active
naulan,rain exposure illness,hiligaynon,active
nausea,nausea,hiligaynon,active
nautod acun buuk,amputated arm,hiligaynon,active
nautod acun kamot,amputated hand,hiligaynon,active
nautod acun kuko,nail avulsion,hiligaynon,active
nautod acun paa,amputated foot,hiligaynon,active
nautod acun tiil,amputated foot,hiligaynon,active
nautod acun tudlo,amputated finger,hiligaynon,active
nautod akon buuk,amputated arm,hiligaynon,active
nautod akon kamot,amputated hand,hiligaynon,active
nautod akon kuko,nail avulsion,hiligaynon,active
nautod akon paa,amputated foot,hiligaynon,active
nautod akon tiil,amputated foot,hiligaynon,active
nautod akon tudlo,amputated finger,hiligaynon,active
nautod ang acun buuk,amputated arm,hiligaynon,active
nautod ang acun kamot,amputated hand,hiligaynon,active
nautod ang acun kuko,nail avulsion,hiligaynon,active
nautod ang acun paa,amputated foot,hiligaynon,active
nautod ang acun tiil,amputated foot,hiligaynon,active
nautod ang acun tudlo,amputated finger,hiligaynon,active
nautod ang akon buuk,amputated arm,hiligaynon,active
nautod ang akon kamot,amputated hand,hiligaynon,active
nautod ang akon kuko,nail avulsion,hiligaynon,active
nautod ang akon paa,amputated foot,hiligaynon,active
nautod ang akon tiil,amputated foot,hiligaynon,active
nautod ang akon tudlo,amputated finger,hiligaynon,active
nautod ang buuk ko,amputated arm,hiligaynon,active
nautod ang buuk ku,amputated arm,hiligaynon,active
nautod ang kamot ko,amputated hand,hiligaynon,active
nautod ang kamot ku,amputated hand,hiligaynon,active
nautod ang kuko ko,nail avulsion,hiligaynon,active
nautod ang kuko ku,nail avulsion,hiligaynon,active
nautod ang paa ko,amputated foot,hiligaynon,active
nautod ang paa ku,amputated foot,hiligaynon,active
nautod ang tiil ko,amputated foot,hiligaynon,active
nautod ang tiil ku,amputated foot,hiligaynon,active
nautod ang tudlo ko,amputated finger,hiligaynon,active
nautod ang tudlo ku,amputated finger,hiligaynon,active
nautod ari ko,penile amputation,hiligaynon,active
nautod ari ko ko,penis amputation,hiligaynon,active
nautod ary ko,penis amputation,hiligaynon,active
nautod ary ko ko,penis amputation,hiligaynon,active
nautod bilad ko,vagina amputation,hiligaynon,active
nautod bilad ko ko,vagina amputation,hiligaynon,active
nautod bilat ko,vagina amputation,hiligaynon,active
nautod bilat ko ko,vagina amputation,hiligaynon,active
nautod buuk ko,amputated arm,hiligaynon,active
nautod buuk ku,amputated arm,hiligaynon,active
nautod gid acun buuk,amputated arm,hiligaynon,active
nautod gid acun kamot,amputated hand,hiligaynon,active
nautod gid acun kuko,nail avulsion,hiligaynon,active
nautod gid acun paa,amputated foot,hiligaynon,active
nautod gid acun tiil,amputated foot,hiligaynon,active
nautod gid acun tudlo,amputated finger,hiligaynon,active
nautod gid akon buuk,amputated arm,hiligaynon,active
nautod gid akon kamot,amputated hand,hiligaynon,active
nautod gid akon kuko,nail avulsion,hiligaynon,active
nautod gid akon paa,amputated foot,hiligaynon,active
nautod gid akon tiil,amputated foot,hiligaynon,active
nautod gid akon tudlo,amputated finger,hiligaynon,active
nautod gid buuk ko,amputated arm,hiligaynon,active
nautod gid buuk ku,amputated arm,hiligaynon,active
nautod gid kamot ko,amputated hand,hiligaynon,active
nautod gid kamot ku,amputated hand,hiligaynon,active
nautod gid kuko ko,nail avulsion,hiligaynon,active
nautod gid kuko ku,nail avulsion,hiligaynon,active
nautod gid paa ko,amputated foot,hiligaynon,active
nautod gid paa ku,amputated foot,hiligaynon,active
nautod gid tiil ko,amputated foot,hiligaynon,active
nautod gid tiil ku,amputated foot,hiligaynon,active
nautod gid tudlo ko,amputated finger,hiligaynon,active
nautod gid tudlo ku,amputated finger,hiligaynon,active
nautod itlog ko,testicle amputation,hiligaynon,active
nautod itlog ko ko,testicle amputation,hiligaynon,active
nautod itlug ko,testicle amputation,hiligaynon,active
nautod itlug ko ko,testicle amputation,hiligaynon,active
nautod kamot ko,amputated hand,hiligaynon,active
nautod kamot ku,amputated hand,hiligaynon,active
nautod ko ang acun buuk,amputated arm,hiligaynon,active
nautod ko ang acun kamot,amputated hand,hiligaynon,active
nautod ko ang acun kuko,nail avulsion,hiligaynon,active
nautod ko ang acun paa,amputated foot,hiligaynon,active
nautod ko ang acun tiil,amputated foot,hiligaynon,active
nautod ko ang acun tudlo,amputated finger,hiligaynon,active
nautod ko ang akon buuk,amputated arm,hiligaynon,active
nautod ko ang akon kamot,amputated hand,hiligaynon,active
nautod ko ang akon kuko,nail avulsion,hiligaynon,active
nautod ko ang akon paa,amputated foot,hiligaynon,active
nautod ko ang akon tiil,amputated foot,hiligaynon,active
nautod ko ang akon tudlo,amputated finger,hiligaynon,active
nautod ko ang buuk ko,amputated arm,hiligaynon,active
nautod ko ang kamot ko,amputated hand,hiligaynon,active
nautod ko ang kuko ko,nail avulsion,hiligaynon,active
nautod ko ang paa ko,amputated foot,hiligaynon,active
nautod ko ang tiil ko,amputated foot,hiligaynon,active
nautod ko ang tudlo ko,amputated finger,hiligaynon,active
nautod ku ang akon buuk,amputated arm,hiligaynon,active
nautod ku ang akon kamot,amputated hand,hiligaynon,active
nautod ku ang akon kuko,nail avulsion,hiligaynon,active
nautod ku ang akon paa,amputated foot,hiligaynon,active
nautod ku ang akon tiil,amputated foot,hiligaynon,active
nautod ku ang akon tudlo,amputated finger,hiligaynon,active
nautod ku ang buuk ko,amputated arm,hiligaynon,active
nautod ku ang kamot ko,amputated hand,hiligaynon,active
nautod ku ang kuko ko,nail avulsion,hiligaynon,active
nautod ku ang paa ko,amputated foot,hiligaynon,active
nautod ku ang tiil ko,amputated foot,hiligaynon,active
nautod ku ang tudlo ko,amputated finger,hiligaynon,active
nautod kuko ko,nail avulsion,hiligaynon,active
nautod kuko ku,nail avulsion,hiligaynon,active
nautod na akon buuk,amputated arm,hiligaynon,active
nautod na akon kamot,amputated hand,hiligaynon,active
nautod na akon kuko,nail avulsion,hiligaynon,active
nautod na akon paa,amputated foot,hiligaynon,active
nautod na akon tiil,amputated foot,hiligaynon,active
nautod na akon tudlo,amputated finger,hiligaynon,active
nautod na ang akon buuk,amputated arm,hiligaynon,active
nautod na ang akon kamot,amputated hand,hiligaynon,active
nautod na ang akon kuko,nail avulsion,hiligaynon,active
nautod na ang akon paa,amputated foot,hiligaynon,active
nautod na ang akon tiil,amputated foot,hiligaynon,active
nautod na ang akon tudlo,amputated finger,hiligaynon,active
nautod na ang buuk ko,amputated arm,hiligaynon,active
nautod na ang kamot ko,amputated hand,hiligaynon,active
nautod na ang kuko ko,nail avulsion,hiligaynon,active
nautod na ang paa ko,amputated foot,hiligaynon,active
nautod na ang tiil ko,amputated foot,hiligaynon,active
nautod na ang tudlo ko,amputated finger,hiligaynon,active
nautod na buuk ko,amputated arm,hiligaynon,active
nautod na gid akon buuk,amputated arm,hiligaynon,active
nautod na gid akon kamot,amputated hand,hiligaynon,active
nautod na gid akon kuko,nail avulsion,hiligaynon,active
nautod na gid akon paa,amputated foot,hiligaynon,active
nautod na gid akon tiil,amputated foot,hiligaynon,active
nautod na gid akon tudlo,amputated finger,hiligaynon,active
nautod na gid buuk ko,amputated arm,hiligaynon,active
nautod na gid kamot ko,amputated hand,hiligaynon,active
nautod na gid kuko ko,nail avulsion,hiligaynon,active
nautod na gid paa ko,amputated foot,hiligaynon,active
nautod na gid tiil ko,amputated foot,hiligaynon,active
nautod na gid tudlo ko,amputated finger,hiligaynon,active
nautod na kamot ko,amputated hand,hiligaynon,active
nautod na ko ang akon buuk,amputated arm,hiligaynon,active
nautod na ko ang akon kamot,amputated hand,hiligaynon,active
nautod na ko ang akon kuko,nail avulsion,hiligaynon,active
nautod na ko ang akon paa,amputated foot,hiligaynon,active
nautod na ko ang akon tiil,amputated foot,hiligaynon,active
nautod na ko ang akon tudlo,amputated finger,hiligaynon,active
nautod na ko ang buuk ko,amputated arm,hiligaynon,active
nautod na ko ang kamot ko,amputated hand,hiligaynon,active
nautod na ko ang kuko ko,nail avulsion,hiligaynon,active
nautod na ko ang paa ko,amputated foot,hiligaynon,active
nautod na ko ang tiil ko,amputated foot,hiligaynon,active
nautod na ko ang tudlo ko,amputated finger,hiligaynon,active
nautod na kuko ko,nail avulsion,hiligaynon,active
nautod na paa ko,amputated foot,hiligaynon,active
nautod na tiil ko,amputated foot,hiligaynon,active
nautod na tudlo ko,amputated finger,hiligaynon,active
nautod na tudlo ko sang makina,amputated finger,hiligaynon,active
nautod ngipon ko,avulsed tooth,hiligaynon,active
nautod paa ko,amputated foot,hiligaynon,active
nautod paa ku,amputated foot,hiligaynon,active
nautod tiil ko,amputated foot,hiligaynon,active
nautod tiil ku,amputated foot,hiligaynon,active
nautod tudlo ko,amputated finger,hiligaynon,active
nautod tudlo ko sang makina,amputated finger,hiligaynon,active
nautod tudlo ku,amputated finger,hiligaynon,active
nautod tudlo ku sang makina,amputated finger,hiligaynon,active
nawala ko panan-aw,vision loss,hiligaynon,active
nawala ku panan-aw,vision loss,hiligaynon,active
neomycin allergy,neomycin allergy,hiligaynon,active
ngipon,tooth,hiligaynon,active
nickel allergy,nickel allergy,hiligaynon,active
niyog allergy,coconut allergy,hiligaynon,active
nkda,no known drug allergy,hiligaynon,active
no allergy,no known allergies,hiligaynon,active
no known allergy,no known allergies,hiligaynon,active
none allergy,no known allergies,hiligaynon,active
nose bleed,epistaxis,hiligaynon,active
nut allergy,tree nut allergy,hiligaynon,active
oa,osteoarthritis,hiligaynon,active
obesity,obesity,hiligaynon,active
on dialysis,kidney failure,hiligaynon,active
oral allergy syndrome,oral allergy syndrome,hiligaynon,active
orange allergy,citrus allergy,hiligaynon,active
osa,sleep apnea,hiligaynon,active
osteoarthristis,osteoarthristis,hiligaynon,active
osteoporosis,osteoporosis,hiligaynon,active
overweight,obesity,hiligaynon,active
paa,foot,hiligaynon,active
pagkaon allergy,food allergy,hiligaynon,active
palpitations,arrhythmia,hiligaynon,active
pamamantal,rash,hiligaynon,active
panakit tiyan,stomach pain,hiligaynon,active
pancreas,pancreatitis,hiligaynon,active
pancreatitis,pancreatitis,hiligaynon,active
panghal,stroke,hiligaynon,active
pangingilo,tooth sensitivity,hiligaynon,active
panit nagakati,itching,hiligaynon,active
pantal,rash,hiligaynon,active
panu,tinea versicolor,hiligaynon,active
panuhot,passage of gases,hiligaynon,active
parkinson,parkinson disease,hiligaynon,active
patis allergy,fish allergy,hiligaynon,active
peach allergy,peach allergy,hiligaynon,active
peanut alergy,peanut allergy,hiligaynon,active
peanut allergy,peanut allergy,hiligaynon,active
penicilin allergy,penicillin allergy,hiligaynon,active
penicillin allergy,penicillin allergy,hiligaynon,active
peptic ulcer disease,peptic ulcer disease,hiligaynon,active
pepticulcerdisease,peptic ulcer disease,hiligaynon,active
perfume allergy,fragrance sensitivity,hiligaynon,active
perme budlay magginhawa ko,difficulty breathing,hiligaynon,active
perme gasakit dughan ko,chest pain,hiligaynon,active
perme ginkagat sang ido ko,dog bite,hiligaynon,active
perme may nana akon mata,eye infection,hiligaynon,active
perme nabali kamot ko,hand fracture,hiligaynon,active
perme nagdugo ulo ko,head bleeding,hiligaynon,active
perme nga budlay magginhawa ko,difficulty breathing,hiligaynon,active
perme nga gasakit dughan ko,chest pain,hiligaynon,active
perme nga ginkagat sang ido ko,dog bite,hiligaynon,active
perme nga may nana akon mata,eye infection,hiligaynon,active
perme nga nabali kamot ko,hand fracture,hiligaynon,active
perme nga nagdugo ulo ko,head bleeding,hiligaynon,active
pet allergy,pet dander allergy,hiligaynon,active
pigsa,boil,hiligaynon,active
pilas,wound,hiligaynon,active
pilas gid,wound,hiligaynon,active
pilas ko,wound,hiligaynon,active
pilay,paralysis,hiligaynon,active
pimples,acne,hiligaynon,active
pineapple allergy,pineapple allergy,hiligaynon,active
pink eye,conjunctivitis,hiligaynon,active
pisngi,cheek,hiligaynon,active
pistachio allergy,tree nut allergy,hiligaynon,active
pnemonia,pneumonia,hiligaynon,active
pneumonia,pneumonia,hiligaynon,active
pneumuna,pneumonia,hiligaynon,active
pollen allergy,pollen allergy,hiligaynon,active
pollen food syndrome,oral allergy syndrome,hiligaynon,active
pool chlorine,chemical sensitivity,hiligaynon,active
posible budlay magginhawa ko,difficulty breathing,hiligaynon,active
posible gasakit dughan ko,chest pain,hiligaynon,active
posible ginkagat sang ido ko,dog bite,hiligaynon,active
posible may nana akon mata,eye infection,hiligaynon,active
posible nabali kamot ko,hand fracture,hiligaynon,active
posible nagdugo ulo ko,head bleeding,hiligaynon,active
posible nga budlay magginhawa ko,difficulty breathing,hiligaynon,active
posible nga gasakit dughan ko,chest pain,hiligaynon,active
posible nga ginkagat sang ido ko,dog bite,hiligaynon,active
posible nga may nana akon mata,eye infection,hiligaynon,active
posible nga nabali kamot ko,hand fracture,hiligaynon,active
posible nga nagdugo ulo ko,head bleeding,hiligaynon,active
potato allergy,potato allergy,hiligaynon,active
ppd allergy,contact dermatitis,hiligaynon,active
preeclampsia,preeclampsia,hiligaynon,active
pregnancy,pregnancy,hiligaynon,active
preservative allergy,food allergy,hiligaynon,active
prostate,prostate disease,hiligaynon,active
prostate problem,prostate disease,hiligaynon,active
psoriasis,psoriasis,hiligaynon,active
ptb,tuberculosis,hiligaynon,active
ptb -,tuberculosis,hiligaynon,active
ptb+,tuberculosis,hiligaynon,active
pula mata,red eye,hiligaynon,active
pulikat,muscle cramp,hiligaynon,active
pulmonary disease,lung disease,hiligaynon,active
pulmonary tb,tuberculosis,hiligaynon,active
pulmonya,pneumonia,hiligaynon,active
pulmonya nga tb,tuberculosis,hiligaynon,active
punaw,shortness of breath,hiligaynon,active
puyat,sleep deprivation,hiligaynon,active
ra,rheumatoid arthritis,hiligaynon,active
ragweed allergy,ragweed allergy,hiligaynon,active
rash,rash,hiligaynon,active
rashes,rash,hiligaynon,active
rayuma,arthritis,hiligaynon,active
rayuma ng balikat,arthritis,hiligaynon,active
rayuma ng kamay,arthritis,hiligaynon,active
rayuma ng leeg,cervical spondylosis,hiligaynon,active
rayuma ng tuhod,osteoarthritis,hiligaynon,active
rayuma sa kamot,arthritis,hiligaynon,active
rayuma sa lawas,arthritis,hiligaynon,active
rayuma sa liog,cervical spondylosis,hiligaynon,active
rayuma sa tiil,arthritis,hiligaynon,active
rayuma sa tuhod,osteoarthritis,hiligaynon,active
red dye allergy,food coloring allergy,hiligaynon,active
red eye,conjunctivitis,hiligaynon,active
renal failure,kidney failure,hiligaynon,active
respiratory disease,lung disease,hiligaynon,active
retina problem,retinal disease,hiligaynon,active
rubella,rubella,hiligaynon,active
runny nose,runny nose,hiligaynon,active
sakit abaga ako,shoulder pain,hiligaynon,active
sakit abaga akon,shoulder pain,hiligaynon,active
sakit abaga akon gid,shoulder pain,hiligaynon,active
sakit abaga akon subong,shoulder pain,hiligaynon,active
sakit abaga gid ko,shoulder pain,hiligaynon,active
sakit abaga ko,shoulder pain,hiligaynon,active
sakit abaga ko gid,shoulder pain,hiligaynon,active
sakit abaga ko man,shoulder pain,hiligaynon,active
sakit abaga man,shoulder pain,hiligaynon,active
sakit abaga subong,shoulder pain,hiligaynon,active
sakit acun itlog,testicular pain,hiligaynon,active
sakit acun itlog ko,testicular pain,hiligaynon,active
sakit acun itlug,testicular pain,hiligaynon,active
sakit acun itlug ko,testicular pain,hiligaynon,active
sakit akon abaga,shoulder pain,hiligaynon,active
sakit akon ari,penile pain,hiligaynon,active
sakit akon ari ko,penile pain,hiligaynon,active
sakit akon ary,penile pain,hiligaynon,active
sakit akon ary ko,penile pain,hiligaynon,active
sakit akon atay,liver pain,hiligaynon,active
sakit akon awang,jaw pain,hiligaynon,active
sakit akon baba,mouth pain,hiligaynon,active
sakit akon balat,skin pain,hiligaynon,active
sakit akon batiis,leg pain,hiligaynon,active
sakit akon bato,kidney pain,hiligaynon,active
sakit akon bayag,scrotal pain,hiligaynon,active
sakit akon baywang,waist pain,hiligaynon,active
sakit akon bilad,vaginal pain,hiligaynon,active
sakit akon bilad ko,vaginal pain,hiligaynon,active
sakit akon bilat,vaginal pain,hiligaynon,active
sakit akon bilat ko,vaginal pain,hiligaynon,active
sakit akon buhok,hair pain,hiligaynon,active
sakit akon bukong,forehead pain,hiligaynon,active
sakit akon buuk,arm pain,hiligaynon,active
sakit akon dalunggan,ear pain,hiligaynon,active
sakit akon dila,tongue pain,hiligaynon,active
sakit akon dughan,chest pain,hiligaynon,active
sakit akon ilong,nose pain,hiligaynon,active
sakit akon itlog,testicular pain,hiligaynon,active
sakit akon itlog ko,testicular pain,hiligaynon,active
sakit akon itlog ku,testicular pain,hiligaynon,active
sakit akon itlug,testicular pain,hiligaynon,active
sakit akon itlug ko,testicular pain,hiligaynon,active
sakit akon itlug ku,testicular pain,hiligaynon,active
sakit akon kamot,hand pain,hiligaynon,active
sakit akon kipay,vulvar pain,hiligaynon,active
sakit akon kuko,nail pain,hiligaynon,active
sakit akon lawas,body pain,hiligaynon,active
sakit akon lawi,nape pain,hiligaynon,active
sakit akon likod,back pain,hiligaynon,active
sakit akon liog,neck pain,hiligaynon,active
sakit akon mata,eye pain,hiligaynon,active
sakit akon ngipon,tooth pain,hiligaynon,active
sakit akon paa,foot pain,hiligaynon,active
sakit akon pilas,wound pain,hiligaynon,active
sakit akon pisngi,cheek pain,hiligaynon,active
sakit akon siko,elbow pain,hiligaynon,active
sakit akon singit,groin pain,hiligaynon,active
sakit akon tadlong,forearm pain,hiligaynon,active
sakit akon tagipusuon,heart pain,hiligaynon,active
sakit akon tai,buttocks pain,hiligaynon,active
sakit akon tiil,foot pain,hiligaynon,active
sakit akon tikod,heel pain,hiligaynon,active
sakit akon titi,breast pain,hiligaynon,active
sakit akon tiyan,abdominal pain,hiligaynon,active
sakit akon tudlo,finger pain,hiligaynon,active
sakit akon tuhod,knee pain,hiligaynon,active
sakit akon tungod,throat pain,hiligaynon,active
sakit akon tungtong,ankle pain,hiligaynon,active
sakit akon ulo,head pain,hiligaynon,active
sakit akon utok,brain pain,hiligaynon,active
sakit ari,penile pain,hiligaynon,active
sakit ari ako,penile pain,hiligaynon,active
sakit ari akon,penile pain,hiligaynon,active
sakit ari akon gid,penile pain,hiligaynon,active
sakit ari akon subong,penile pain,hiligaynon,active
sakit ari gid ko,penile pain,hiligaynon,active
sakit ari ko,penile pain,hiligaynon,active
sakit ari ko ako,penile pain,hiligaynon,active
sakit ari ko akon,penile pain,hiligaynon,active
sakit ari ko akon gid,penile pain,hiligaynon,active
sakit ari ko akon subong,penile pain,hiligaynon,active
sakit ari ko gid,penile pain,hiligaynon,active
sakit ari ko gid ko,penile pain,hiligaynon,active
sakit ari ko ko,penile pain,hiligaynon,active
sakit ari ko ko gid,penile pain,hiligaynon,active
sakit ary ako,penile pain,hiligaynon,active
sakit ary akon,penile pain,hiligaynon,active
sakit ary akon gid,penile pain,hiligaynon,active
sakit ary akon subong,penile pain,hiligaynon,active
sakit ary gid ko,penile pain,hiligaynon,active
sakit ary ko,penile pain,hiligaynon,active
sakit ary ko ako,penile pain,hiligaynon,active
sakit ary ko akon,penile pain,hiligaynon,active
sakit ary ko akon gid,penile pain,hiligaynon,active
sakit ary ko akon subong,penile pain,hiligaynon,active
sakit ary ko gid,penile pain,hiligaynon,active
sakit ary ko gid ko,penile pain,hiligaynon,active
sakit ary ko ko,penile pain,hiligaynon,active
sakit ary ko ko gid,penile pain,hiligaynon,active
sakit atay akon,liver pain,hiligaynon,active
sakit atay gid ko,liver pain,hiligaynon,active
sakit atay ko,liver pain,hiligaynon,active
sakit atay man,liver pain,hiligaynon,active
sakit atay subong,liver pain,hiligaynon,active
sakit awang akon,jaw pain,hiligaynon,active
sakit awang gid ko,jaw pain,hiligaynon,active
sakit awang ko,jaw pain,hiligaynon,active
sakit awang man,jaw pain,hiligaynon,active
sakit awang subong,jaw pain,hiligaynon,active
sakit baba akon,mouth pain,hiligaynon,active
sakit baba gid ko,mouth pain,hiligaynon,active
sakit baba ko,mouth pain,hiligaynon,active
sakit baba man,mouth pain,hiligaynon,active
sakit baba subong,mouth pain,hiligaynon,active
sakit baga,lung disease,hiligaynon,active
sakit balat akon,skin pain,hiligaynon,active
sakit balat gid ko,skin pain,hiligaynon,active
sakit balat ko,skin pain,hiligaynon,active
sakit balat man,skin pain,hiligaynon,active
sakit balat subong,skin pain,hiligaynon,active
sakit batiis akon,leg pain,hiligaynon,active
sakit batiis gid ko,leg pain,hiligaynon,active
sakit batiis ko,leg pain,hiligaynon,active
sakit batiis man,leg pain,hiligaynon,active
sakit batiis subong,leg pain,hiligaynon,active
sakit bato akon,kidney pain,hiligaynon,active
sakit bato gid ko,kidney pain,hiligaynon,active
sakit bato ko,kidney pain,hiligaynon,active
sakit bato man,kidney pain,hiligaynon,active
sakit bato subong,kidney pain,hiligaynon,active
sakit bayag ako,scrotal pain,hiligaynon,active
sakit bayag akon,scrotal pain,hiligaynon,active
sakit bayag akon gid,scrotal pain,hiligaynon,active
sakit bayag akon subong,scrotal pain,hiligaynon,active
sakit bayag gid ko,scrotal pain,hiligaynon,active
sakit bayag ko,scrotal pain,hiligaynon,active
sakit bayag ko gid,scrotal pain,hiligaynon,active
sakit baywang ako,waist pain,hiligaynon,active
sakit baywang akon,waist pain,hiligaynon,active
sakit baywang akon gid,waist pain,hiligaynon,active
sakit baywang akon subong,waist pain,hiligaynon,active
sakit baywang gid ko,waist pain,hiligaynon,active
sakit baywang ko,waist pain,hiligaynon,active
sakit baywang ko gid,waist pain,hiligaynon,active
sakit baywang ko man,waist pain,hiligaynon,active
sakit baywang man,waist pain,hiligaynon,active
sakit baywang subong,waist pain,hiligaynon,active
sakit bilad ako,vaginal pain,hiligaynon,active
sakit bilad akon,vaginal pain,hiligaynon,active
sakit bilad akon gid,vaginal pain,hiligaynon,active
sakit bilad akon subong,vaginal pain,hiligaynon,active
sakit bilad gid ko,vaginal pain,hiligaynon,active
sakit bilad ko,vaginal pain,hiligaynon,active
sakit bilad ko ako,vaginal pain,hiligaynon,active
sakit bilad ko akon,vaginal pain,hiligaynon,active
sakit bilad ko akon gid,vaginal pain,hiligaynon,active
sakit bilad ko akon subong,vaginal pain,hiligaynon,active
sakit bilad ko gid,vaginal pain,hiligaynon,active
sakit bilad ko gid ko,vaginal pain,hiligaynon,active
sakit bilad ko ko,vaginal pain,hiligaynon,active
sakit bilad ko ko gid,vaginal pain,hiligaynon,active
sakit bilat,vaginal pain,hiligaynon,active
sakit bilat ako,vaginal pain,hiligaynon,active
sakit bilat akon,vaginal pain,hiligaynon,active
sakit bilat akon gid,vaginal pain,hiligaynon,active
sakit bilat akon subong,vaginal pain,hiligaynon,active
sakit bilat gid ko,vaginal pain,hiligaynon,active
sakit bilat ko,vaginal pain,hiligaynon,active
sakit bilat ko ako,vaginal pain,hiligaynon,active
sakit bilat ko akon,vaginal pain,hiligaynon,active
sakit bilat ko akon gid,vaginal pain,hiligaynon,active
sakit bilat ko akon subong,vaginal pain,hiligaynon,active
sakit bilat ko gid,vaginal pain,hiligaynon,active
sakit bilat ko gid ko,vaginal pain,hiligaynon,active
sakit bilat ko ko,vaginal pain,hiligaynon,active
sakit bilat ko ko gid,vaginal pain,hiligaynon,active
sakit buhok akon,hair pain,hiligaynon,active
sakit buhok gid ko,hair pain,hiligaynon,active
sakit buhok ko,hair pain,hiligaynon,active
sakit buhok man,hair pain,hiligaynon,active
sakit buhok subong,hair pain,hiligaynon,active
sakit buko-buko,back pain,hiligaynon,active
sakit bukong akon,forehead pain,hiligaynon,active
sakit bukong gid ko,forehead pain,hiligaynon,active
sakit bukong ko,forehead pain,hiligaynon,active
sakit bukong man,forehead pain,hiligaynon,active
sakit bukong subong,forehead pain,hiligaynon,active
sakit buuk akon,arm pain,hiligaynon,active
sakit buuk gid ko,arm pain,hiligaynon,active
sakit buuk ko,arm pain,hiligaynon,active
sakit buuk man,arm pain,hiligaynon,active
sakit buuk subong,arm pain,hiligaynon,active
sakit dalunggan akon,ear pain,hiligaynon,active
sakit dalunggan gid ko,ear pain,hiligaynon,active
sakit dalunggan ko,ear pain,hiligaynon,active
sakit dalunggan man,ear pain,hiligaynon,active
sakit dalunggan subong,ear pain,hiligaynon,active
sakit dila akon,tongue pain,hiligaynon,active
sakit dila gid ko,tongue pain,hiligaynon,active
sakit dila ko,tongue pain,hiligaynon,active
sakit dila man,tongue pain,hiligaynon,active
sakit dila subong,tongue pain,hiligaynon,active
sakit dughan,chest pain,hiligaynon,active
sakit dughan acun gid,chest pain,hiligaynon,active
sakit dughan acun subong,chest pain,hiligaynon,active
sakit dughan ako,chest pain,hiligaynon,active
sakit dughan akon,chest pain,hiligaynon,active
sakit dughan akon gid,chest pain,hiligaynon,active
sakit dughan akon subong,chest pain,hiligaynon,active
sakit dughan gid ko,chest pain,hiligaynon,active
sakit dughan ko,chest pain,hiligaynon,active
sakit dughan ko gid,chest pain,hiligaynon,active
sakit dughan ko kag dula ginhawa ko,chest pain with shortness of breath,hiligaynon,active
sakit dughan ko kag gahika ko,chest pain with cough,hiligaynon,active
sakit dughan ko man,chest pain,hiligaynon,active
sakit dughan ko upod sang dula ginhawa ko,chest pain with shortness of breath,hiligaynon,active
sakit dughan ko upod sang gahika ko,chest pain with cough,hiligaynon,active
sakit dughan ku gid,chest pain,hiligaynon,active
sakit dughan ku man,chest pain,hiligaynon,active
sakit dughan man,chest pain,hiligaynon,active
sakit dughan subong,chest pain,hiligaynon,active
sakit gid abaga ako,shoulder pain,hiligaynon,active
sakit gid abaga akon,shoulder pain,hiligaynon,active
sakit gid abaga akon gid,shoulder pain,hiligaynon,active
sakit gid abaga akon subong,shoulder pain,hiligaynon,active
sakit gid abaga gid ko,shoulder pain,hiligaynon,active
sakit gid abaga ko,shoulder pain,hiligaynon,active
sakit gid abaga ko gid,shoulder pain,hiligaynon,active
sakit gid abaga ko man,shoulder pain,hiligaynon,active
sakit gid abaga man,shoulder pain,hiligaynon,active
sakit gid abaga subong,shoulder pain,hiligaynon,active
sakit gid acun itlog,testicular pain,hiligaynon,active
sakit gid acun itlog ko,testicular pain,hiligaynon,active
sakit gid acun itlug,testicular pain,hiligaynon,active
sakit gid acun itlug ko,testicular pain,hiligaynon,active
sakit gid akon abaga,shoulder pain,hiligaynon,active
sakit gid akon ari,penile pain,hiligaynon,active
sakit gid akon ari ko,penile pain,hiligaynon,active
sakit gid akon ary,penile pain,hiligaynon,active
sakit gid akon ary ko,penile pain,hiligaynon,active
sakit gid akon atay,liver pain,hiligaynon,active
sakit gid akon awang,jaw pain,hiligaynon,active
sakit gid akon baba,mouth pain,hiligaynon,active
sakit gid akon balat,skin pain,hiligaynon,active
sakit gid akon batiis,leg pain,hiligaynon,active
sakit gid akon bato,kidney pain,hiligaynon,active
sakit gid akon bayag,scrotal pain,hiligaynon,active
sakit gid akon baywang,waist pain,hiligaynon,active
sakit gid akon bilad,vaginal pain,hiligaynon,active
sakit gid akon bilad ko,vaginal pain,hiligaynon,active
sakit gid akon bilat,vaginal pain,hiligaynon,active
sakit gid akon bilat ko,vaginal pain,hiligaynon,active
sakit gid akon buhok,hair pain,hiligaynon,active
sakit gid akon bukong,forehead pain,hiligaynon,active
sakit gid akon buuk,arm pain,hiligaynon,active
sakit gid akon dalunggan,ear pain,hiligaynon,active
sakit gid akon dila,tongue pain,hiligaynon,active
sakit gid akon dughan,chest pain,hiligaynon,active
sakit gid akon ilong,nose pain,hiligaynon,active
sakit gid akon itlog,testicular pain,hiligaynon,active
sakit gid akon itlog ko,testicular pain,hiligaynon,active
sakit gid akon itlog ku,testicular pain,hiligaynon,active
sakit gid akon itlug,testicular pain,hiligaynon,active
sakit gid akon itlug ko,testicular pain,hiligaynon,active
sakit gid akon itlug ku,testicular pain,hiligaynon,active
sakit gid akon kamot,hand pain,hiligaynon,active
sakit gid akon kipay,vulvar pain,hiligaynon,active
sakit gid akon kuko,nail pain,hiligaynon,active
sakit gid akon lawas,body pain,hiligaynon,active
sakit gid akon lawi,nape pain,hiligaynon,active
sakit gid akon likod,back pain,hiligaynon,active
sakit gid akon liog,neck pain,hiligaynon,active
sakit gid akon mata,eye pain,hiligaynon,active
sakit gid akon ngipon,tooth pain,hiligaynon,active
sakit gid akon paa,foot pain,hiligaynon,active
sakit gid akon pilas,wound pain,hiligaynon,active
sakit gid akon pisngi,cheek pain,hiligaynon,active
sakit gid akon siko,elbow pain,hiligaynon,active
sakit gid akon singit,groin pain,hiligaynon,active
sakit gid akon tadlong,forearm pain,hiligaynon,active
sakit gid akon tagipusuon,heart pain,hiligaynon,active
sakit gid akon tai,buttocks pain,hiligaynon,active
sakit gid akon tiil,foot pain,hiligaynon,active
sakit gid akon tikod,heel pain,hiligaynon,active
sakit gid akon titi,breast pain,hiligaynon,active
sakit gid akon tiyan,abdominal pain,hiligaynon,active
sakit gid akon tudlo,finger pain,hiligaynon,active
sakit gid akon tuhod,knee pain,hiligaynon,active
sakit gid akon tungod,throat pain,hiligaynon,active
sakit gid akon tungtong,ankle pain,hiligaynon,active
sakit gid akon ulo,head pain,hiligaynon,active
sakit gid akon utok,brain pain,hiligaynon,active
sakit gid ari ako,penile pain,hiligaynon,active
sakit gid ari akon,penile pain,hiligaynon,active
sakit gid ari akon gid,penile pain,hiligaynon,active
sakit gid ari akon subong,penile pain,hiligaynon,active
sakit gid ari gid ko,penile pain,hiligaynon,active
sakit gid ari ko,penile pain,hiligaynon,active
sakit gid ari ko ako,penile pain,hiligaynon,active
sakit gid ari ko akon,penile pain,hiligaynon,active
sakit gid ari ko akon gid,penile pain,hiligaynon,active
sakit gid ari ko akon subong,penile pain,hiligaynon,active
sakit gid ari ko gid,penile pain,hiligaynon,active
sakit gid ari ko gid ko,penile pain,hiligaynon,active
sakit gid ari ko ko,penile pain,hiligaynon,active
sakit gid ari ko ko gid,penile pain,hiligaynon,active
sakit gid ary ako,penile pain,hiligaynon,active
sakit gid ary akon,penile pain,hiligaynon,active
sakit gid ary akon gid,penile pain,hiligaynon,active
sakit gid ary akon subong,penile pain,hiligaynon,active
sakit gid ary gid ko,penile pain,hiligaynon,active
sakit gid ary ko,penile pain,hiligaynon,active
sakit gid ary ko ako,penile pain,hiligaynon,active
sakit gid ary ko akon,penile pain,hiligaynon,active
sakit gid ary ko akon gid,penile pain,hiligaynon,active
sakit gid ary ko akon subong,penile pain,hiligaynon,active
sakit gid ary ko gid,penile pain,hiligaynon,active
sakit gid ary ko gid ko,penile pain,hiligaynon,active
sakit gid ary ko ko,penile pain,hiligaynon,active
sakit gid ary ko ko gid,penile pain,hiligaynon,active
sakit gid atay akon,liver pain,hiligaynon,active
sakit gid atay gid ko,liver pain,hiligaynon,active
sakit gid atay ko,liver pain,hiligaynon,active
sakit gid atay man,liver pain,hiligaynon,active
sakit gid atay subong,liver pain,hiligaynon,active
sakit gid awang akon,jaw pain,hiligaynon,active
sakit gid awang gid ko,jaw pain,hiligaynon,active
sakit gid awang ko,jaw pain,hiligaynon,active
sakit gid awang man,jaw pain,hiligaynon,active
sakit gid awang subong,jaw pain,hiligaynon,active
sakit gid baba akon,mouth pain,hiligaynon,active
sakit gid baba gid ko,mouth pain,hiligaynon,active
sakit gid baba ko,mouth pain,hiligaynon,active
sakit gid baba man,mouth pain,hiligaynon,active
sakit gid baba subong,mouth pain,hiligaynon,active
sakit gid balat akon,skin pain,hiligaynon,active
sakit gid balat gid ko,skin pain,hiligaynon,active
sakit gid balat ko,skin pain,hiligaynon,active
sakit gid balat man,skin pain,hiligaynon,active
sakit gid balat subong,skin pain,hiligaynon,active
sakit gid batiis akon,leg pain,hiligaynon,active
sakit gid batiis gid ko,leg pain,hiligaynon,active
sakit gid batiis ko,leg pain,hiligaynon,active
sakit gid batiis man,leg pain,hiligaynon,active
sakit gid batiis subong,leg pain,hiligaynon,active
sakit gid bato akon,kidney pain,hiligaynon,active
sakit gid bato gid ko,kidney pain,hiligaynon,active
sakit gid bato ko,kidney pain,hiligaynon,active
sakit gid bato man,kidney pain,hiligaynon,active
sakit gid bato subong,kidney pain,hiligaynon,active
sakit gid bayag ako,scrotal pain,hiligaynon,active
sakit gid bayag akon,scrotal pain,hiligaynon,active
sakit gid bayag akon gid,scrotal pain,hiligaynon,active
sakit gid bayag akon subong,scrotal pain,hiligaynon,active
sakit gid bayag gid ko,scrotal pain,hiligaynon,active
sakit gid bayag ko,scrotal pain,hiligaynon,active
sakit gid bayag ko gid,scrotal pain,hiligaynon,active
sakit gid baywang ako,waist pain,hiligaynon,active
sakit gid baywang akon,waist pain,hiligaynon,active
sakit gid baywang akon gid,waist pain,hiligaynon,active
sakit gid baywang akon subong,waist pain,hiligaynon,active
sakit gid baywang gid ko,waist pain,hiligaynon,active
sakit gid baywang ko,waist pain,hiligaynon,active
sakit gid baywang ko gid,waist pain,hiligaynon,active
sakit gid baywang ko man,waist pain,hiligaynon,active
sakit gid baywang man,waist pain,hiligaynon,active
sakit gid baywang subong,waist pain,hiligaynon,active
sakit gid bilad ako,vaginal pain,hiligaynon,active
sakit gid bilad akon,vaginal pain,hiligaynon,active
sakit gid bilad akon gid,vaginal pain,hiligaynon,active
sakit gid bilad akon subong,vaginal pain,hiligaynon,active
sakit gid bilad gid ko,vaginal pain,hiligaynon,active
sakit gid bilad ko,vaginal pain,hiligaynon,active
sakit gid bilad ko ako,vaginal pain,hiligaynon,active
sakit gid bilad ko akon,vaginal pain,hiligaynon,active
sakit gid bilad ko akon gid,vaginal pain,hiligaynon,active
sakit gid bilad ko akon subong,vaginal pain,hiligaynon,active
sakit gid bilad ko gid,vaginal pain,hiligaynon,active
sakit gid bilad ko gid ko,vaginal pain,hiligaynon,active
sakit gid bilad ko ko,vaginal pain,hiligaynon,active
sakit gid bilad ko ko gid,vaginal pain,hiligaynon,active
sakit gid bilat ako,vaginal pain,hiligaynon,active
sakit gid bilat akon,vaginal pain,hiligaynon,active
sakit gid bilat akon gid,vaginal pain,hiligaynon,active
sakit gid bilat akon subong,vaginal pain,hiligaynon,active
sakit gid bilat gid ko,vaginal pain,hiligaynon,active
sakit gid bilat ko,vaginal pain,hiligaynon,active
sakit gid bilat ko ako,vaginal pain,hiligaynon,active
sakit gid bilat ko akon,vaginal pain,hiligaynon,active
sakit gid bilat ko akon gid,vaginal pain,hiligaynon,active
sakit gid bilat ko akon subong,vaginal pain,hiligaynon,active
sakit gid bilat ko gid,vaginal pain,hiligaynon,active
sakit gid bilat ko gid ko,vaginal pain,hiligaynon,active
sakit gid bilat ko ko,vaginal pain,hiligaynon,active
sakit gid bilat ko ko gid,vaginal pain,hiligaynon,active
sakit gid buhok akon,hair pain,hiligaynon,active
sakit gid buhok gid ko,hair pain,hiligaynon,active
sakit gid buhok ko,hair pain,hiligaynon,active
sakit gid buhok man,hair pain,hiligaynon,active
sakit gid buhok subong,hair pain,hiligaynon,active
sakit gid bukong akon,forehead pain,hiligaynon,active
sakit gid bukong gid ko,forehead pain,hiligaynon,active
sakit gid bukong ko,forehead pain,hiligaynon,active
sakit gid bukong man,forehead pain,hiligaynon,active
sakit gid bukong subong,forehead pain,hiligaynon,active
sakit gid buuk akon,arm pain,hiligaynon,active
sakit gid buuk gid ko,arm pain,hiligaynon,active
sakit gid buuk ko,arm pain,hiligaynon,active
sakit gid buuk man,arm pain,hiligaynon,active
sakit gid buuk subong,arm pain,hiligaynon,active
sakit gid dalunggan akon,ear pain,hiligaynon,active
sakit gid dalunggan gid ko,ear pain,hiligaynon,active
sakit gid dalunggan ko,ear pain,hiligaynon,active
sakit gid dalunggan man,ear pain,hiligaynon,active
sakit gid dalunggan subong,ear pain,hiligaynon,active
sakit gid dila akon,tongue pain,hiligaynon,active
sakit gid dila gid ko,tongue pain,hiligaynon,active
sakit gid dila ko,tongue pain,hiligaynon,active
sakit gid dila man,tongue pain,hiligaynon,active
sakit gid dila subong,tongue pain,hiligaynon,active
sakit gid dughan akon,chest pain,hiligaynon,active
sakit gid dughan gid ko,chest pain,hiligaynon,active
sakit gid dughan ko,chest pain,hiligaynon,active
sakit gid dughan man,chest pain,hiligaynon,active
sakit gid dughan subong,chest pain,hiligaynon,active
sakit gid ilong akon,nose pain,hiligaynon,active
sakit gid ilong gid ko,nose pain,hiligaynon,active
sakit gid ilong ko,nose pain,hiligaynon,active
sakit gid ilong man,nose pain,hiligaynon,active
sakit gid ilong subong,nose pain,hiligaynon,active
sakit gid itlog acun,testicular pain,hiligaynon,active
sakit gid itlog acun gid,testicular pain,hiligaynon,active
sakit gid itlog acun subong,testicular pain,hiligaynon,active
sakit gid itlog ako,testicular pain,hiligaynon,active
sakit gid itlog akon,testicular pain,hiligaynon,active
sakit gid itlog akon gid,testicular pain,hiligaynon,active
sakit gid itlog akon subong,testicular pain,hiligaynon,active
sakit gid itlog gid ko,testicular pain,hiligaynon,active
sakit gid itlog gid ku,testicular pain,hiligaynon,active
sakit gid itlog ko,testicular pain,hiligaynon,active
sakit gid itlog ko acun,testicular pain,hiligaynon,active
sakit gid itlog ko acun gid,testicular pain,hiligaynon,active
sakit gid itlog ko acun subong,testicular pain,hiligaynon,active
sakit gid itlog ko ako,testicular pain,hiligaynon,active
sakit gid itlog ko akon,testicular pain,hiligaynon,active
sakit gid itlog ko akon gid,testicular pain,hiligaynon,active
sakit gid itlog ko akon subong,testicular pain,hiligaynon,active
sakit gid itlog ko gid,testicular pain,hiligaynon,active
sakit gid itlog ko gid ko,testicular pain,hiligaynon,active
sakit gid itlog ko ko,testicular pain,hiligaynon,active
sakit gid itlog ko ko gid,testicular pain,hiligaynon,active
sakit gid itlog ku,testicular pain,hiligaynon,active
sakit gid itlog ku ako,testicular pain,hiligaynon,active
sakit gid itlog ku akon,testicular pain,hiligaynon,active
sakit gid itlog ku akon gid,testicular pain,hiligaynon,active
sakit gid itlog ku akon subong,testicular pain,hiligaynon,active
sakit gid itlog ku gid,testicular pain,hiligaynon,active
sakit gid itlog ku gid ko,testicular pain,hiligaynon,active
sakit gid itlog ku ko,testicular pain,hiligaynon,active
sakit gid itlog ku ko gid,testicular pain,hiligaynon,active
sakit gid itlug acun,testicular pain,hiligaynon,active
sakit gid itlug acun gid,testicular pain,hiligaynon,active
sakit gid itlug acun subong,testicular pain,hiligaynon,active
sakit gid itlug ako,testicular pain,hiligaynon,active
sakit gid itlug akon,testicular pain,hiligaynon,active
sakit gid itlug akon gid,testicular pain,hiligaynon,active
sakit gid itlug akon subong,testicular pain,hiligaynon,active
sakit gid itlug gid ko,testicular pain,hiligaynon,active
sakit gid itlug gid ku,testicular pain,hiligaynon,active
sakit gid itlug ko,testicular pain,hiligaynon,active
sakit gid itlug ko acun,testicular pain,hiligaynon,active
sakit gid itlug ko acun gid,testicular pain,hiligaynon,active
sakit gid itlug ko acun subong,testicular pain,hiligaynon,active
sakit gid itlug ko ako,testicular pain,hiligaynon,active
sakit gid itlug ko akon,testicular pain,hiligaynon,active
sakit gid itlug ko akon gid,testicular pain,hiligaynon,active
sakit gid itlug ko akon subong,testicular pain,hiligaynon,active
sakit gid itlug ko gid,testicular pain,hiligaynon,active
sakit gid itlug ko gid ko,testicular pain,hiligaynon,active
sakit gid itlug ko ko,testicular pain,hiligaynon,active
sakit gid itlug ko ko gid,testicular pain,hiligaynon,active
sakit gid itlug ku,testicular pain,hiligaynon,active
sakit gid itlug ku ako,testicular pain,hiligaynon,active
sakit gid itlug ku akon,testicular pain,hiligaynon,active
sakit gid itlug ku akon gid,testicular pain,hiligaynon,active
sakit gid itlug ku akon subong,testicular pain,hiligaynon,active
sakit gid itlug ku gid,testicular pain,hiligaynon,active
sakit gid itlug ku gid ko,testicular pain,hiligaynon,active
sakit gid itlug ku ko,testicular pain,hiligaynon,active
sakit gid itlug ku ko gid,testicular pain,hiligaynon,active
sakit gid kamot akon,hand pain,hiligaynon,active
sakit gid kamot gid ko,hand pain,hiligaynon,active
sakit gid kamot ko,hand pain,hiligaynon,active
sakit gid kamot man,hand pain,hiligaynon,active
sakit gid kamot subong,hand pain,hiligaynon,active
sakit gid kipay ako,vulvar pain,hiligaynon,active
sakit gid kipay akon,vulvar pain,hiligaynon,active
sakit gid kipay akon gid,vulvar pain,hiligaynon,active
sakit gid kipay akon subong,vulvar pain,hiligaynon,active
sakit gid kipay gid ko,vulvar pain,hiligaynon,active
sakit gid kipay ko,vulvar pain,hiligaynon,active
sakit gid kipay ko gid,vulvar pain,hiligaynon,active
sakit gid kuko akon,nail pain,hiligaynon,active
sakit gid kuko gid ko,nail pain,hiligaynon,active
sakit gid kuko ko,nail pain,hiligaynon,active
sakit gid kuko man,nail pain,hiligaynon,active
sakit gid kuko subong,nail pain,hiligaynon,active
sakit gid lawas akon,body pain,hiligaynon,active
sakit gid lawas gid ko,body pain,hiligaynon,active
sakit gid lawas ko,body pain,hiligaynon,active
sakit gid lawas man,body pain,hiligaynon,active
sakit gid lawas subong,body pain,hiligaynon,active
sakit gid lawi akon,nape pain,hiligaynon,active
sakit gid lawi gid ko,nape pain,hiligaynon,active
sakit gid lawi ko,nape pain,hiligaynon,active
sakit gid lawi man,nape pain,hiligaynon,active
sakit gid lawi subong,nape pain,hiligaynon,active
sakit gid likod ako,back pain,hiligaynon,active
sakit gid likod akon,back pain,hiligaynon,active
sakit gid likod akon gid,back pain,hiligaynon,active
sakit gid likod akon subong,back pain,hiligaynon,active
sakit gid likod gid ko,back pain,hiligaynon,active
sakit gid likod ko,back pain,hiligaynon,active
sakit gid likod ko gid,back pain,hiligaynon,active
sakit gid likod ko man,back pain,hiligaynon,active
sakit gid likod man,back pain,hiligaynon,active
sakit gid likod subong,back pain,hiligaynon,active
sakit gid liog ako,neck pain,hiligaynon,active
sakit gid liog akon,neck pain,hiligaynon,active
sakit gid liog akon gid,neck pain,hiligaynon,active
sakit gid liog akon subong,neck pain,hiligaynon,active
sakit gid liog gid ko,neck pain,hiligaynon,active
sakit gid liog ko,neck pain,hiligaynon,active
sakit gid liog ko gid,neck pain,hiligaynon,active
sakit gid liog ko man,neck pain,hiligaynon,active
sakit gid liog man,neck pain,hiligaynon,active
sakit gid liog subong,neck pain,hiligaynon,active
sakit gid mata akon,eye pain,hiligaynon,active
sakit gid mata gid ko,eye pain,hiligaynon,active
sakit gid mata ko,eye pain,hiligaynon,active
sakit gid mata man,eye pain,hiligaynon,active
sakit gid mata subong,eye pain,hiligaynon,active
sakit gid ngipon akon,tooth pain,hiligaynon,active
sakit gid ngipon gid ko,tooth pain,hiligaynon,active
sakit gid ngipon ko,tooth pain,hiligaynon,active
sakit gid ngipon man,tooth pain,hiligaynon,active
sakit gid ngipon subong,tooth pain,hiligaynon,active
sakit gid paa akon,foot pain,hiligaynon,active
sakit gid paa gid ko,foot pain,hiligaynon,active
sakit gid paa ko,foot pain,hiligaynon,active
sakit gid paa man,foot pain,hiligaynon,active
sakit gid paa subong,foot pain,hiligaynon,active
sakit gid pilas akon,wound pain,hiligaynon,active
sakit gid pilas gid ko,wound pain,hiligaynon,active
sakit gid pilas ko,wound pain,hiligaynon,active
sakit gid pilas man,wound pain,hiligaynon,active
sakit gid pilas subong,wound pain,hiligaynon,active
sakit gid pisngi akon,cheek pain,hiligaynon,active
sakit gid pisngi gid ko,cheek pain,hiligaynon,active
sakit gid pisngi ko,cheek pain,hiligaynon,active
sakit gid pisngi man,cheek pain,hiligaynon,active
sakit gid pisngi subong,cheek pain,hiligaynon,active
sakit gid siko ako,elbow pain,hiligaynon,active
sakit gid siko akon,elbow pain,hiligaynon,active
sakit gid siko akon gid,elbow pain,hiligaynon,active
sakit gid siko akon subong,elbow pain,hiligaynon,active
sakit gid siko gid ko,elbow pain,hiligaynon,active
sakit gid siko ko,elbow pain,hiligaynon,active
sakit gid siko ko gid,elbow pain,hiligaynon,active
sakit gid siko ko man,elbow pain,hiligaynon,active
sakit gid siko man,elbow pain,hiligaynon,active
sakit gid siko subong,elbow pain,hiligaynon,active
sakit gid singit ako,groin pain,hiligaynon,active
sakit gid singit akon,groin pain,hiligaynon,active
sakit gid singit akon gid,groin pain,hiligaynon,active
sakit gid singit akon subong,groin pain,hiligaynon,active
sakit gid singit gid ko,groin pain,hiligaynon,active
sakit gid singit ko,groin pain,hiligaynon,active
sakit gid singit ko gid,groin pain,hiligaynon,active
sakit gid tadlong akon,forearm pain,hiligaynon,active
sakit gid tadlong gid ko,forearm pain,hiligaynon,active
sakit gid tadlong ko,forearm pain,hiligaynon,active
sakit gid tadlong man,forearm pain,hiligaynon,active
sakit gid tadlong subong,forearm pain,hiligaynon,active
sakit gid tagipusuon akon,heart pain,hiligaynon,active
sakit gid tagipusuon gid ko,heart pain,hiligaynon,active
sakit gid tagipusuon ko,heart pain,hiligaynon,active
sakit gid tagipusuon man,heart pain,hiligaynon,active
sakit gid tagipusuon subong,heart pain,hiligaynon,active
sakit gid tai akon,buttocks pain,hiligaynon,active
sakit gid tai gid ko,buttocks pain,hiligaynon,active
sakit gid tai ko,buttocks pain,hiligaynon,active
sakit gid tai man,buttocks pain,hiligaynon,active
sakit gid tai subong,buttocks pain,hiligaynon,active
sakit gid tiil akon,foot pain,hiligaynon,active
sakit gid tiil gid ko,foot pain,hiligaynon,active
sakit gid tiil ko,foot pain,hiligaynon,active
sakit gid tiil man,foot pain,hiligaynon,active
sakit gid tiil subong,foot pain,hiligaynon,active
sakit gid tikod ako,heel pain,hiligaynon,active
sakit gid tikod akon,heel pain,hiligaynon,active
sakit gid tikod akon gid,heel pain,hiligaynon,active
sakit gid tikod akon subong,heel pain,hiligaynon,active
sakit gid tikod gid ko,heel pain,hiligaynon,active
sakit gid tikod ko,heel pain,hiligaynon,active
sakit gid tikod ko gid,heel pain,hiligaynon,active
sakit gid tikod ko man,heel pain,hiligaynon,active
sakit gid tikod man,heel pain,hiligaynon,active
sakit gid tikod subong,heel pain,hiligaynon,active
sakit gid titi akon,breast pain,hiligaynon,active
sakit gid titi gid ko,breast pain,hiligaynon,active
sakit gid titi ko,breast pain,hiligaynon,active
sakit gid titi man,breast pain,hiligaynon,active
sakit gid titi subong,breast pain,hiligaynon,active
sakit gid tiyan akon,abdominal pain,hiligaynon,active
sakit gid tiyan gid ko,abdominal pain,hiligaynon,active
sakit gid tiyan ko,abdominal pain,hiligaynon,active
sakit gid tiyan man,abdominal pain,hiligaynon,active
sakit gid tiyan subong,abdominal pain,hiligaynon,active
sakit gid tudlo akon,finger pain,hiligaynon,active
sakit gid tudlo gid ko,finger pain,hiligaynon,active
sakit gid tudlo ko,finger pain,hiligaynon,active
sakit gid tudlo man,finger pain,hiligaynon,active
sakit gid tudlo subong,finger pain,hiligaynon,active
sakit gid tuhod akon,knee pain,hiligaynon,active
sakit gid tuhod gid ko,knee pain,hiligaynon,active
sakit gid tuhod ko,knee pain,hiligaynon,active
sakit gid tuhod man,knee pain,hiligaynon,active
sakit gid tuhod subong,knee pain,hiligaynon,active
sakit gid tungod akon,throat pain,hiligaynon,active
sakit gid tungod gid ko,throat pain,hiligaynon,active
sakit gid tungod ko,throat pain,hiligaynon,active
sakit gid tungod man,throat pain,hiligaynon,active
sakit gid tungod subong,throat pain,hiligaynon,active
sakit gid tungtong ako,ankle pain,hiligaynon,active
sakit gid tungtong akon,ankle pain,hiligaynon,active
sakit gid tungtong akon gid,ankle pain,hiligaynon,active
sakit gid tungtong akon subong,ankle pain,hiligaynon,active
sakit gid tungtong gid ko,ankle pain,hiligaynon,active
sakit gid tungtong ko,ankle pain,hiligaynon,active
sakit gid tungtong ko gid,ankle pain,hiligaynon,active
sakit gid tungtong ko man,ankle pain,hiligaynon,active
sakit gid tungtong man,ankle pain,hiligaynon,active
sakit gid tungtong subong,ankle pain,hiligaynon,active
sakit gid ulo akon,head pain,hiligaynon,active
sakit gid ulo gid ko,head pain,hiligaynon,active
sakit gid ulo ko,head pain,hiligaynon,active
sakit gid ulo man,head pain,hiligaynon,active
sakit gid ulo subong,head pain,hiligaynon,active
sakit gid utok akon,brain pain,hiligaynon,active
sakit gid utok gid ko,brain pain,hiligaynon,active
sakit gid utok ko,brain pain,hiligaynon,active
sakit gid utok man,brain pain,hiligaynon,active
sakit gid utok subong,brain pain,hiligaynon,active
sakit ilong akon,nose pain,hiligaynon,active
sakit ilong gid ko,nose pain,hiligaynon,active
sakit ilong ko,nose pain,hiligaynon,active
sakit ilong man,nose pain,hiligaynon,active
sakit ilong subong,nose pain,hiligaynon,active
sakit itlog,testicular pain,hiligaynon,active
sakit itlog acun,testicular pain,hiligaynon,active
sakit itlog acun gid,testicular pain,hiligaynon,active
sakit itlog acun subong,testicular pain,hiligaynon,active
sakit itlog ako,testicular pain,hiligaynon,active
sakit itlog akon,testicular pain,hiligaynon,active
sakit itlog akon gid,testicular pain,hiligaynon,active
sakit itlog akon subong,testicular pain,hiligaynon,active
sakit itlog gid ko,testicular pain,hiligaynon,active
sakit itlog gid ku,testicular pain,hiligaynon,active
sakit itlog ko,testicular pain,hiligaynon,active
sakit itlog ko acun,testicular pain,hiligaynon,active
sakit itlog ko acun gid,testicular pain,hiligaynon,active
sakit itlog ko acun subong,testicular pain,hiligaynon,active
sakit itlog ko ako,testicular pain,hiligaynon,active
sakit itlog ko akon,testicular pain,hiligaynon,active
sakit itlog ko akon gid,testicular pain,hiligaynon,active
sakit itlog ko akon subong,testicular pain,hiligaynon,active
sakit itlog ko gid,testicular pain,hiligaynon,active
sakit itlog ko gid ko,testicular pain,hiligaynon,active
sakit itlog ko ko,testicular pain,hiligaynon,active
sakit itlog ko ko gid,testicular pain,hiligaynon,active
sakit itlog ku,testicular pain,hiligaynon,active
sakit itlog ku ako,testicular pain,hiligaynon,active
sakit itlog ku akon,testicular pain,hiligaynon,active
sakit itlog ku akon gid,testicular pain,hiligaynon,active
sakit itlog ku akon subong,testicular pain,hiligaynon,active
sakit itlog ku gid,testicular pain,hiligaynon,active
sakit itlog ku gid ko,testicular pain,hiligaynon,active
sakit itlog ku ko,testicular pain,hiligaynon,active
sakit itlog ku ko gid,testicular pain,hiligaynon,active
sakit itlug acun,testicular pain,hiligaynon,active
sakit itlug acun gid,testicular pain,hiligaynon,active
sakit itlug acun subong,testicular pain,hiligaynon,active
sakit itlug ako,testicular pain,hiligaynon,active
sakit itlug akon,testicular pain,hiligaynon,active
sakit itlug akon gid,testicular pain,hiligaynon,active
sakit itlug akon subong,testicular pain,hiligaynon,active
sakit itlug gid ko,testicular pain,hiligaynon,active
sakit itlug gid ku,testicular pain,hiligaynon,active
sakit itlug ko,testicular pain,hiligaynon,active
sakit itlug ko acun,testicular pain,hiligaynon,active
sakit itlug ko acun gid,testicular pain,hiligaynon,active
sakit itlug ko acun subong,testicular pain,hiligaynon,active
sakit itlug ko ako,testicular pain,hiligaynon,active
sakit itlug ko akon,testicular pain,hiligaynon,active
sakit itlug ko akon gid,testicular pain,hiligaynon,active
sakit itlug ko akon subong,testicular pain,hiligaynon,active
sakit itlug ko gid,testicular pain,hiligaynon,active
sakit itlug ko gid ko,testicular pain,hiligaynon,active
sakit itlug ko ko,testicular pain,hiligaynon,active
sakit itlug ko ko gid,testicular pain,hiligaynon,active
sakit itlug ku,testicular pain,hiligaynon,active
sakit itlug ku ako,testicular pain,hiligaynon,active
sakit itlug ku akon,testicular pain,hiligaynon,active
sakit itlug ku akon gid,testicular pain,hiligaynon,active
sakit itlug ku akon subong,testicular pain,hiligaynon,active
sakit itlug ku gid,testicular pain,hiligaynon,active
sakit itlug ku gid ko,testicular pain,hiligaynon,active
sakit itlug ku ko,testicular pain,hiligaynon,active
sakit itlug ku ko gid,testicular pain,hiligaynon,active
sakit kamot akon,hand pain,hiligaynon,active
sakit kamot gid ko,hand pain,hiligaynon,active
sakit kamot ko,hand pain,hiligaynon,active
sakit kamot man,hand pain,hiligaynon,active
sakit kamot subong,hand pain,hiligaynon,active
sakit kaunuran,muscle pain,hiligaynon,active
sakit kipay ako,vulvar pain,hiligaynon,active
sakit kipay akon,vulvar pain,hiligaynon,active
sakit kipay akon gid,vulvar pain,hiligaynon,active
sakit kipay akon subong,vulvar pain,hiligaynon,active
sakit kipay gid ko,vulvar pain,hiligaynon,active
sakit kipay ko,vulvar pain,hiligaynon,active
sakit kipay ko gid,vulvar pain,hiligaynon,active
sakit kuko akon,nail pain,hiligaynon,active
sakit kuko gid ko,nail pain,hiligaynon,active
sakit kuko ko,nail pain,hiligaynon,active
sakit kuko man,nail pain,hiligaynon,active
sakit kuko subong,nail pain,hiligaynon,active
sakit lawas,body pain,hiligaynon,active
sakit lawas akon,body pain,hiligaynon,active
sakit lawas gid ko,body pain,hiligaynon,active
sakit lawas ko,body pain,hiligaynon,active
sakit lawas man,body pain,hiligaynon,active
sakit lawas subong,body pain,hiligaynon,active
sakit lawi akon,nape pain,hiligaynon,active
sakit lawi gid ko,nape pain,hiligaynon,active
sakit lawi ko,nape pain,hiligaynon,active
sakit lawi man,nape pain,hiligaynon,active
sakit lawi subong,nape pain,hiligaynon,active
sakit likod,back pain,hiligaynon,active
sakit likod ako,back pain,hiligaynon,active
sakit likod akon,back pain,hiligaynon,active
sakit likod akon gid,back pain,hiligaynon,active
sakit likod akon subong,back pain,hiligaynon,active
sakit likod gid ko,back pain,hiligaynon,active
sakit likod ko,back pain,hiligaynon,active
sakit likod ko gid,back pain,hiligaynon,active
sakit likod ko kag galuya ko,back pain with weakness,hiligaynon,active
sakit likod ko man,back pain,hiligaynon,active
sakit likod ko upod sang galuya ko,back pain with weakness,hiligaynon,active
sakit likod man,back pain,hiligaynon,active
sakit likod subong,back pain,hiligaynon,active
sakit liog ako,neck pain,hiligaynon,active
sakit liog akon,neck pain,hiligaynon,active
sakit liog akon gid,neck pain,hiligaynon,active
sakit liog akon subong,neck pain,hiligaynon,active
sakit liog gid ko,neck pain,hiligaynon,active
sakit liog ko,neck pain,hiligaynon,active
sakit liog ko gid,neck pain,hiligaynon,active
sakit liog ko man,neck pain,hiligaynon,active
sakit liog man,neck pain,hiligaynon,active
sakit liog subong,neck pain,hiligaynon,active
sakit mata ako,eye pain,hiligaynon,active
sakit mata akon,eye pain,hiligaynon,active
sakit mata akon gid,eye pain,hiligaynon,active
sakit mata akon subong,eye pain,hiligaynon,active
sakit mata gid ko,eye pain,hiligaynon,active
sakit mata ko,eye pain,hiligaynon,active
sakit mata ko ako,eye pain,hiligaynon,active
sakit mata ko akon,eye pain,hiligaynon,active
sakit mata ko akon gid,eye pain,hiligaynon,active
sakit mata ko akon subong,eye pain,hiligaynon,active
sakit mata ko gid,eye pain,hiligaynon,active
sakit mata ko gid ako,eye pain,hiligaynon,active
sakit mata ko gid akon,eye pain,hiligaynon,active
sakit mata ko gid akon gid,eye pain,hiligaynon,active
sakit mata ko gid akon subong,eye pain,hiligaynon,active
sakit mata ko gid ko,eye pain,hiligaynon,active
sakit mata ko gid ko gid,eye pain,hiligaynon,active
sakit mata ko gid ko man,eye pain,hiligaynon,active
sakit mata ko ko,eye pain,hiligaynon,active
sakit mata ko ko gid,eye pain,hiligaynon,active
sakit mata ko ko man,eye pain,hiligaynon,active
sakit mata ko man,eye pain,hiligaynon,active
sakit mata man,eye pain,hiligaynon,active
sakit mata subong,eye pain,hiligaynon,active
sakit nga balat,skin disease,hiligaynon,active
sakit ngipon,dental pain,hiligaynon,active
sakit ngipon akon,tooth pain,hiligaynon,active
sakit ngipon gid ko,tooth pain,hiligaynon,active
sakit ngipon ko,tooth pain,hiligaynon,active
sakit ngipon man,tooth pain,hiligaynon,active
sakit ngipon subong,tooth pain,hiligaynon,active
sakit olok ako,head pain,hiligaynon,active
sakit olok akon,head pain,hiligaynon,active
sakit olok akon gid,head pain,hiligaynon,active
sakit olok akon subong,head pain,hiligaynon,active
sakit olok ko,head pain,hiligaynon,active
sakit olok ko gid,head pain,hiligaynon,active
sakit olok ko man,head pain,hiligaynon,active
sakit paa akon,foot pain,hiligaynon,active
sakit paa gid ko,foot pain,hiligaynon,active
sakit paa ko,foot pain,hiligaynon,active
sakit paa man,foot pain,hiligaynon,active
sakit paa subong,foot pain,hiligaynon,active
sakit pag-ihi,urinary tract infection,hiligaynon,active
sakit pilas akon,wound pain,hiligaynon,active
sakit pilas gid ko,wound pain,hiligaynon,active
sakit pilas ko,wound pain,hiligaynon,active
sakit pilas man,wound pain,hiligaynon,active
sakit pilas subong,wound pain,hiligaynon,active
sakit pisngi akon,cheek pain,hiligaynon,active
sakit pisngi gid ko,cheek pain,hiligaynon,active
sakit pisngi ko,cheek pain,hiligaynon,active
sakit pisngi man,cheek pain,hiligaynon,active
sakit pisngi subong,cheek pain,hiligaynon,active
sakit puso,heart disease,hiligaynon,active
sakit sa abaga ko,shoulder pain,hiligaynon,active
sakit sa atay,liver disease,hiligaynon,active
sakit sa atay ko,liver pain,hiligaynon,active
sakit sa awang ko,jaw pain,hiligaynon,active
sakit sa baba ko,mouth pain,hiligaynon,active
sakit sa baga,lung disease,hiligaynon,active
sakit sa balat ko,skin pain,hiligaynon,active
sakit sa batiis ko,leg pain,hiligaynon,active
sakit sa bato,kidney stones,hiligaynon,active
sakit sa bato ko,kidney pain,hiligaynon,active
sakit sa batok,kidney disease,hiligaynon,active
sakit sa baywang ko,waist pain,hiligaynon,active
sakit sa buhok ko,hair pain,hiligaynon,active
sakit sa buko,joint pain,hiligaynon,active
sakit sa buko-buko,back pain,hiligaynon,active
sakit sa bukong ko,forehead pain,hiligaynon,active
sakit sa buuk ko,arm pain,hiligaynon,active
sakit sa dalunggan ko,ear pain,hiligaynon,active
sakit sa dila ko,tongue pain,hiligaynon,active
sakit sa dughan ko,chest pain,hiligaynon,active
sakit sa dugo,hypertension,hiligaynon,active
sakit sa ilong ko,nose pain,hiligaynon,active
sakit sa kamot ko,hand pain,hiligaynon,active
sakit sa kidney,kidney disease,hiligaynon,active
sakit sa kidney ko,kidney disease,hiligaynon,active
sakit sa kuko ko,nail pain,hiligaynon,active
sakit sa lawas,general illness,hiligaynon,active
sakit sa lawas ko,body pain,hiligaynon,active
sakit sa lawi ko,nape pain,hiligaynon,active
sakit sa likod ko,back pain,hiligaynon,active
sakit sa liog ko,neck pain,hiligaynon,active
sakit sa liver ko,liver disease,hiligaynon,active
sakit sa mata ko,eye pain,hiligaynon,active
sakit sa ngipon ko,tooth pain,hiligaynon,active
sakit sa paa ko,foot pain,hiligaynon,active
sakit sa pantog,bladder disease,hiligaynon,active
sakit sa pilas ko,wound pain,hiligaynon,active
sakit sa pisngi ko,cheek pain,hiligaynon,active
sakit sa presyon,hypertension,hiligaynon,active
sakit sa puso,heart disease,hiligaynon,active
sakit sa puso ko,heart disease,hiligaynon,active
sakit sa siko ko,elbow pain,hiligaynon,active
sakit sa tadlong ko,forearm pain,hiligaynon,active
sakit sa tagipusuon ko,heart pain,hiligaynon,active
sakit sa tai ko,buttocks pain,hiligaynon,active
sakit sa tiil ko,foot pain,hiligaynon,active
sakit sa tikod ko,heel pain,hiligaynon,active
sakit sa titi ko,breast pain,hiligaynon,active
sakit sa tiyan ko,stomach pain,hiligaynon,active
sakit sa tiyan pagkaon,gastritis,hiligaynon,active
sakit sa tudlo ko,finger pain,hiligaynon,active
sakit sa tuhod,knee pain,hiligaynon,active
sakit sa tuhod ko,knee pain,hiligaynon,active
sakit sa tungod ko,throat pain,hiligaynon,active
sakit sa tungtong ko,ankle pain,hiligaynon,active
sakit sa ulo ko,headache,hiligaynon,active
sakit sa ulo sing malala,severe headache,hiligaynon,active
sakit sa utok ko,brain pain,hiligaynon,active
sakit sendi,joint pain,hiligaynon,active
sakit sikmura,abdominal pain,hiligaynon,active
sakit siko ako,elbow pain,hiligaynon,active
sakit siko akon,elbow pain,hiligaynon,active
sakit siko akon gid,elbow pain,hiligaynon,active
sakit siko akon subong,elbow pain,hiligaynon,active
sakit siko gid ko,elbow pain,hiligaynon,active
sakit siko ko,elbow pain,hiligaynon,active
sakit siko ko gid,elbow pain,hiligaynon,active
sakit siko ko man,elbow pain,hiligaynon,active
sakit siko man,elbow pain,hiligaynon,active
sakit siko subong,elbow pain,hiligaynon,active
sakit singit ako,groin pain,hiligaynon,active
sakit singit akon,groin pain,hiligaynon,active
sakit singit akon gid,groin pain,hiligaynon,active
sakit singit akon subong,groin pain,hiligaynon,active
sakit singit gid ko,groin pain,hiligaynon,active
sakit singit ko,groin pain,hiligaynon,active
sakit singit ko gid,groin pain,hiligaynon,active
sakit tadlong akon,forearm pain,hiligaynon,active
sakit tadlong gid ko,forearm pain,hiligaynon,active
sakit tadlong ko,forearm pain,hiligaynon,active
sakit tadlong man,forearm pain,hiligaynon,active
sakit tadlong subong,forearm pain,hiligaynon,active
sakit tagipusuon akon,heart pain,hiligaynon,active
sakit tagipusuon gid ko,heart pain,hiligaynon,active
sakit tagipusuon ko,heart pain,hiligaynon,active
sakit tagipusuon man,heart pain,hiligaynon,active
sakit tagipusuon subong,heart pain,hiligaynon,active
sakit tai akon,buttocks pain,hiligaynon,active
sakit tai gid ko,buttocks pain,hiligaynon,active
sakit tai ko,buttocks pain,hiligaynon,active
sakit tai man,buttocks pain,hiligaynon,active
sakit tai subong,buttocks pain,hiligaynon,active
sakit tiil akon,foot pain,hiligaynon,active
sakit tiil gid ko,foot pain,hiligaynon,active
sakit tiil ko,foot pain,hiligaynon,active
sakit tiil man,foot pain,hiligaynon,active
sakit tiil subong,foot pain,hiligaynon,active
sakit tikod ako,heel pain,hiligaynon,active
sakit tikod akon,heel pain,hiligaynon,active
sakit tikod akon gid,heel pain,hiligaynon,active
sakit tikod akon subong,heel pain,hiligaynon,active
sakit tikod gid ko,heel pain,hiligaynon,active
sakit tikod ko,heel pain,hiligaynon,active
sakit tikod ko gid,heel pain,hiligaynon,active
sakit tikod ko man,heel pain,hiligaynon,active
sakit tikod man,heel pain,hiligaynon,active
sakit tikod subong,heel pain,hiligaynon,active
sakit tina-i ako,abdominal pain,hiligaynon,active
sakit tina-i akon,abdominal pain,hiligaynon,active
sakit tina-i akon gid,abdominal pain,hiligaynon,active
sakit tina-i akon subong,abdominal pain,hiligaynon,active
sakit tina-i ko,abdominal pain,hiligaynon,active
sakit tina-i ko gid,abdominal pain,hiligaynon,active
sakit tina-i ko man,abdominal pain,hiligaynon,active
sakit titi akon,breast pain,hiligaynon,active
sakit titi gid ko,breast pain,hiligaynon,active
sakit titi ko,breast pain,hiligaynon,active
sakit titi man,breast pain,hiligaynon,active
sakit titi subong,breast pain,hiligaynon,active
sakit tiyan,stomach pain,hiligaynon,active
sakit tiyan ako,abdominal pain,hiligaynon,active
sakit tiyan akon,abdominal pain,hiligaynon,active
sakit tiyan akon gid,abdominal pain,hiligaynon,active
sakit tiyan akon subong,abdominal pain,hiligaynon,active
sakit tiyan gid ko,abdominal pain,hiligaynon,active
sakit tiyan ko,abdominal pain,hiligaynon,active
sakit tiyan ko ako,abdominal pain,hiligaynon,active
sakit tiyan ko akon,abdominal pain,hiligaynon,active
sakit tiyan ko akon gid,abdominal pain,hiligaynon,active
sakit tiyan ko akon subong,abdominal pain,hiligaynon,active
sakit tiyan ko gid,abdominal pain,hiligaynon,active
sakit tiyan ko kag ginasuka ko,abdominal pain with nausea,hiligaynon,active
sakit tiyan ko ko,abdominal pain,hiligaynon,active
sakit tiyan ko ko gid,abdominal pain,hiligaynon,active
sakit tiyan ko ko man,abdominal pain,hiligaynon,active
sakit tiyan ko man,abdominal pain,hiligaynon,active
sakit tiyan ko upod sang ginasuka ko,abdominal pain with nausea,hiligaynon,active
sakit tiyan man,abdominal pain,hiligaynon,active
sakit tiyan subong,abdominal pain,hiligaynon,active
sakit tudlo akon,finger pain,hiligaynon,active
sakit tudlo gid ko,finger pain,hiligaynon,active
sakit tudlo ko,finger pain,hiligaynon,active
sakit tudlo man,finger pain,hiligaynon,active
sakit tudlo subong,finger pain,hiligaynon,active
sakit tuhod,osteoarthritis,hiligaynon,active
sakit tuhod ako,knee pain,hiligaynon,active
sakit tuhod akon,knee pain,hiligaynon,active
sakit tuhod akon gid,knee pain,hiligaynon,active
sakit tuhod akon subong,knee pain,hiligaynon,active
sakit tuhod gid ko,knee pain,hiligaynon,active
sakit tuhod ko,knee pain,hiligaynon,active
sakit tuhod ko gid,knee pain,hiligaynon,active
sakit tuhod ko man,knee pain,hiligaynon,active
sakit tuhod man,knee pain,hiligaynon,active
sakit tuhod subong,knee pain,hiligaynon,active
sakit tungod akon,throat pain,hiligaynon,active
sakit tungod gid ko,throat pain,hiligaynon,active
sakit tungod ko,throat pain,hiligaynon,active
sakit tungod man,throat pain,hiligaynon,active
sakit tungod subong,throat pain,hiligaynon,active
sakit tungtong ako,ankle pain,hiligaynon,active
sakit tungtong akon,ankle pain,hiligaynon,active
sakit tungtong akon gid,ankle pain,hiligaynon,active
sakit tungtong akon subong,ankle pain,hiligaynon,active
sakit tungtong gid ko,ankle pain,hiligaynon,active
sakit tungtong ko,ankle pain,hiligaynon,active
sakit tungtong ko gid,ankle pain,hiligaynon,active
sakit tungtong ko man,ankle pain,hiligaynon,active
sakit tungtong man,ankle pain,hiligaynon,active
sakit tungtong subong,ankle pain,hiligaynon,active
sakit tutunlan,sore throat,hiligaynon,active
sakit ulo,headache,hiligaynon,active
sakit ulo ako,head pain,hiligaynon,active
sakit ulo akon,head pain,hiligaynon,active
sakit ulo akon gid,head pain,hiligaynon,active
sakit ulo akon subong,head pain,hiligaynon,active
sakit ulo gid ko,head pain,hiligaynon,active
sakit ulo ko,head pain,hiligaynon,active
sakit ulo ko ako,head pain,hiligaynon,active
sakit ulo ko akon,head pain,hiligaynon,active
sakit ulo ko akon gid,head pain,hiligaynon,active
sakit ulo ko akon subong,head pain,hiligaynon,active
sakit ulo ko gid,head pain,hiligaynon,active
sakit ulo ko kag ginahilanat ko,headache with fever,hiligaynon,active
sakit ulo ko ko,head pain,hiligaynon,active
sakit ulo ko ko gid,head pain,hiligaynon,active
sakit ulo ko ko man,head pain,hiligaynon,active
sakit ulo ko man,head pain,hiligaynon,active
sakit ulo ko upod sang ginahilanat ko,headache with fever,hiligaynon,active
sakit ulo man,head pain,hiligaynon,active
sakit ulo subong,head pain,hiligaynon,active
sakit utok akon,brain pain,hiligaynon,active
sakit utok gid ko,brain pain,hiligaynon,active
sakit utok ko,brain pain,hiligaynon,active
sakit utok man,brain pain,hiligaynon,active
sakit utok subong,brain pain,hiligaynon,active
sars cov2,covid-19,hiligaynon,active
scabies,scabies,hiligaynon,active
schizophrenia,schizophrenia,hiligaynon,active
seafood alergy,shellfish allergy,hiligaynon,active
seafood allergy,shellfish allergy,hiligaynon,active
seasonal allergy,seasonal allergic rhinitis,hiligaynon,active
seizure,seizure,hiligaynon,active
semana na gahika ko,cough,hiligaynon,active
semana na gahubag tiyan ko,abdominal swelling,hiligaynon,active
semana na galuya lawas ko,body weakness,hiligaynon,active
semana na gasakit ulo ko,head pain,hiligaynon,active
semana na ginadudul-om ko,diarrhea,hiligaynon,active
semana na ginahilanat ko,fever,hiligaynon,active
semana na may nana akon mata,eye infection,hiligaynon,active
semana na may pilas ko sa kamot,hand wound,hiligaynon,active
sepsis,sepsis,hiligaynon,active
sesame allergy,sesame allergy,hiligaynon,active
severe allergy,severe allergy,hiligaynon,active
shelfish allergy,shellfish allergy,hiligaynon,active
shellfish allergy,shellfish allergy,hiligaynon,active
shingles,herpes zoster,hiligaynon,active
shock allergy,anaphylaxis,hiligaynon,active
shortness of breath,shortness of breath,hiligaynon,active
shrim allergy,shrimp allergy,hiligaynon,active
shrimp allergy,shrimp allergy,hiligaynon,active
sickle cell,sickle cell disease,hiligaynon,active
siko,elbow,hiligaynon,active
singaw,mouth ulcer,hiligaynon,active
singaw sa bibig,mouth ulcer,hiligaynon,active
sinus headache,sinusitis,hiligaynon,active
sinusitis,sinusitis,hiligaynon,active
sip on,runny nose,hiligaynon,active
sip-on,runny nose,hiligaynon,active
sipon,runny nose,hiligaynon,active
sipon ug hilanat,common cold,hiligaynon,active
sipon ug sakit ulo,sinusitis,hiligaynon,active
sipon ug ubo,common cold,hiligaynon,active
skin allergy,contact dermatitis,hiligaynon,active
skin asthma,eczema,hiligaynon,active
skin prob,skin disease,hiligaynon,active
skin problem,skin disease,hiligaynon,active
sle,systemic lupus erythematosus,hiligaynon,active
smoke allergy,smoke sensitivity,hiligaynon,active
sob,shortness of breath,hiligaynon,active
sob ko,shortness of breath,hiligaynon,active
sob ku,shortness of breath,hiligaynon,active
sobra sa timbang,obesity,hiligaynon,active
sobrang taba,obesity,hiligaynon,active
sore eyes,conjunctivitis,hiligaynon,active
sore throat,sore throat,hiligaynon,active
soy allergy,soy allergy,hiligaynon,active
std,sexually transmitted infection,hiligaynon,active
sti,sexually transmitted infection,hiligaynon,active
stomach flu,gastroenteritis,hiligaynon,active
stomach pain,stomach pain,hiligaynon,active
stomachache,stomach pain,hiligaynon,active
stones,urolithiasis,hiligaynon,active
stress,anxiety disorder,hiligaynon,active
stroke,stroke,hiligaynon,active
subong budlay gid gid ko magginhawa subong gid,difficulty breathing,hiligaynon,active
subong budlay gid gid ko magginhawa subong gid ko,difficulty breathing,hiligaynon,active
subong budlay gid gid ko magginhawa subong ko gid,difficulty breathing,hiligaynon,active
subong budlay gid gid ko magginhawa subong man,difficulty breathing,hiligaynon,active
subong budlay gid gid ko magginhawa subong na gid,difficulty breathing,hiligaynon,active
subong budlay gid ko mag ginhawa subong gid,difficulty breathing,hiligaynon,active
subong budlay gid ko mag ginhawa subong gid ko,difficulty breathing,hiligaynon,active
subong budlay gid ko mag ginhawa subong ko gid,difficulty breathing,hiligaynon,active
subong budlay gid ko mag ginhawa subong man,difficulty breathing,hiligaynon,active
subong budlay gid ko mag ginhawa subong na gid,difficulty breathing,hiligaynon,active
subong budlay gid ko magginhawa subong gid,difficulty breathing,hiligaynon,active
subong budlay gid ko magginhawa subong gid ko,difficulty breathing,hiligaynon,active
subong budlay gid ko magginhawa subong ko gid,difficulty breathing,hiligaynon,active
subong budlay gid ko magginhawa subong man,difficulty breathing,hiligaynon,active
subong budlay gid ko magginhawa subong na gid,difficulty breathing,hiligaynon,active
subong budlay gid ku magginhawa subong gid,difficulty breathing,hiligaynon,active
subong budlay gid ku magginhawa subong gid ko,difficulty breathing,hiligaynon,active
subong budlay gid ku magginhawa subong ko gid,difficulty breathing,hiligaynon,active
subong budlay gid ku magginhawa subong man,difficulty breathing,hiligaynon,active
subong budlay gid ku magginhawa subong na gid,difficulty breathing,hiligaynon,active
subong gadugo bilat ko,vaginal bleeding,hiligaynon,active
subong gahabok dila ko gid gid,swollen tongue,hiligaynon,active
subong gahabok dila ko gid gid ko,swollen tongue,hiligaynon,active
subong gahabok dila ko gid ko gid,swollen tongue,hiligaynon,active
subong gahabok dila ko gid man,swollen tongue,hiligaynon,active
subong gahabok dila ko gid na gid,swollen tongue,hiligaynon,active
subong gahabok dila ku gid gid,swollen tongue,hiligaynon,active
subong gahabok dila ku gid gid ko,swollen tongue,hiligaynon,active
subong gahabok dila ku gid ko gid,swollen tongue,hiligaynon,active
subong gahabok dila ku gid man,swollen tongue,hiligaynon,active
subong gahabok dila ku gid na gid,swollen tongue,hiligaynon,active
subong gahubag dila ko gid gid,swollen tongue,hiligaynon,active
subong gahubag dila ko gid gid ko,swollen tongue,hiligaynon,active
subong gahubag dila ko gid ko gid,swollen tongue,hiligaynon,active
subong gahubag dila ko gid man,swollen tongue,hiligaynon,active
subong gahubag dila ko gid na gid,swollen tongue,hiligaynon,active
subong gahubag itlog ko,testicular swelling,hiligaynon,active
subong gahubag kamot ko kag nagdugo kamot ko,hand swelling with bleeding,hiligaynon,active
subong gahubag lawas ko kag gakatol lawas ko,body swelling with itching,hiligaynon,active
subong gahubag mata ko kag gahika ko,eye swelling with cough,hiligaynon,active
subong gahubag tungod ko kag ginahilanat ko,throat swelling with fever,hiligaynon,active
subong galuya ko kag ginahilanat ko,weakness with fever,hiligaynon,active
subong galuya lawas ko kag kapoy gid gid,body weakness with severe fatigue,hiligaynon,active
subong galuya lawas ko kag kapoy gid gid ko,body weakness with severe fatigue,hiligaynon,active
subong galuya lawas ko kag kapoy gid ko gid,body weakness with severe fatigue,hiligaynon,active
subong galuya lawas ko kag kapoy gid man,body weakness with severe fatigue,hiligaynon,active
subong galuya lawas ko kag kapoy gid na gid,body weakness with severe fatigue,hiligaynon,active
subong gapula mata ko kag gakatol gid,red itchy eyes,hiligaynon,active
subong gapula mata ko kag gakatol gid ko,red itchy eyes,hiligaynon,active
subong gapula mata ko kag gakatol ko gid,red itchy eyes,hiligaynon,active
subong gapula mata ko kag gakatol man,red itchy eyes,hiligaynon,active
subong gapula mata ko kag gakatol na gid,red itchy eyes,hiligaynon,active
subong gasakit ulo ko kag ginahilanat ko,head pain with fever,hiligaynon,active
subong gasakit ulo ko karon gid,head pain,hiligaynon,active
subong gasakit ulo ko karon gid ko,head pain,hiligaynon,active
subong gasakit ulo ko karon ko gid,head pain,hiligaynon,active
subong gasakit ulo ko karon man,head pain,hiligaynon,active
subong gasakit ulo ko karon na gid,head pain,hiligaynon,active
subong gin kagat sang ido ko kag nagdugo gid,dog bite with bleeding,hiligaynon,active
subong gin kagat sang ido ko kag nagdugo gid ko,dog bite with bleeding,hiligaynon,active
subong gin kagat sang ido ko kag nagdugo ko gid,dog bite with bleeding,hiligaynon,active
subong gin kagat sang ido ko kag nagdugo man,dog bite with bleeding,hiligaynon,active
subong gin kagat sang ido ko kag nagdugo na gid,dog bite with bleeding,hiligaynon,active
subong ginahilanat ko kag ginabaldom ko,fever with abdominal pain,hiligaynon,active
subong ginahilanat ko kag ubo ko,fever with cough,hiligaynon,active
subong ginasuka ko kag ginadudul-om ko,vomiting with diarrhea,hiligaynon,active
subong ginkagat sang ido ko kag nag dugo gid,dog bite with bleeding,hiligaynon,active
subong ginkagat sang ido ko kag nag dugo gid ko,dog bite with bleeding,hiligaynon,active
subong ginkagat sang ido ko kag nag dugo ko gid,dog bite with bleeding,hiligaynon,active
subong ginkagat sang ido ko kag nag dugo man,dog bite with bleeding,hiligaynon,active
subong ginkagat sang ido ko kag nag dugo na gid,dog bite with bleeding,hiligaynon,active
subong ginkagat sang ido ko kag nagdugo gid,dog bite with bleeding,hiligaynon,active
subong ginkagat sang ido ko kag nagdugo gid ko,dog bite with bleeding,hiligaynon,active
subong ginkagat sang ido ko kag nagdugo ko gid,dog bite with bleeding,hiligaynon,active
subong ginkagat sang ido ko kag nagdugo man,dog bite with bleeding,hiligaynon,active
subong ginkagat sang ido ko kag nagdugo na gid,dog bite with bleeding,hiligaynon,active
subong ginkagat sang ido ku kag nagdugo gid,dog bite with bleeding,hiligaynon,active
subong ginkagat sang ido ku kag nagdugo gid ko,dog bite with bleeding,hiligaynon,active
subong ginkagat sang ido ku kag nagdugo ko gid,dog bite with bleeding,hiligaynon,active
subong ginkagat sang ido ku kag nagdugo man,dog bite with bleeding,hiligaynon,active
subong ginkagat sang ido ku kag nagdugo na gid,dog bite with bleeding,hiligaynon,active
subong ginsumbag ko kag nabun-og ulo gid,physical assault with head bruise,hiligaynon,active
subong ginsumbag ko kag nabun-og ulo gid ko,physical assault with head bruise,hiligaynon,active
subong ginsumbag ko kag nabun-og ulo ko gid,physical assault with head bruise,hiligaynon,active
subong ginsumbag ko kag nabun-og ulo man,physical assault with head bruise,hiligaynon,active
subong ginsumbag ko kag nabun-og ulo na gid,physical assault with head bruise,hiligaynon,active
subong ginsumbag ku kag nabun-og ulo gid,physical assault with head bruise,hiligaynon,active
subong ginsumbag ku kag nabun-og ulo gid ko,physical assault with head bruise,hiligaynon,active
subong ginsumbag ku kag nabun-og ulo ko gid,physical assault with head bruise,hiligaynon,active
subong ginsumbag ku kag nabun-og ulo man,physical assault with head bruise,hiligaynon,active
subong ginsumbag ku kag nabun-og ulo na gid,physical assault with head bruise,hiligaynon,active
subong kakatol bilat ko,vaginal itching,hiligaynon,active
subong lang gahika ko,cough,hiligaynon,active
subong lang gahubag tiyan ko,abdominal swelling,hiligaynon,active
subong lang galuya lawas ko,body weakness,hiligaynon,active
subong lang gasakit ulo ko,head pain,hiligaynon,active
subong lang ginadudul-om ko,diarrhea,hiligaynon,active
subong lang ginahilanat ko,fever,hiligaynon,active
subong lang may nana akon mata,eye infection,hiligaynon,active
subong lang may pilas ko sa kamot,hand wound,hiligaynon,active
subong masakit ari ko,penile pain,hiligaynon,active
subong may nana akon mata subong gid,eye infection,hiligaynon,active
subong may nana akon mata subong gid ko,eye infection,hiligaynon,active
subong may nana akon mata subong ko gid,eye infection,hiligaynon,active
subong may nana akon mata subong man,eye infection,hiligaynon,active
subong may nana akon mata subong na gid,eye infection,hiligaynon,active
subong may nana mata ko kag gapula mata ko,eye infection with red eye,hiligaynon,active
subong may nana sa bilat ko,vaginal infection,hiligaynon,active
subong may pilas ko sa kamot kag nag dugo gid,bleeding hand wound,hiligaynon,active
subong may pilas ko sa kamot kag nag dugo gid ko,bleeding hand wound,hiligaynon,active
subong may pilas ko sa kamot kag nag dugo ko gid,bleeding hand wound,hiligaynon,active
subong may pilas ko sa kamot kag nag dugo man,bleeding hand wound,hiligaynon,active
subong may pilas ko sa kamot kag nag dugo na gid,bleeding hand wound,hiligaynon,active
subong may pilas ko sa kamot kag nagdugo gid,bleeding hand wound,hiligaynon,active
subong may pilas ko sa kamot kag nagdugo gid ko,bleeding hand wound,hiligaynon,active
subong may pilas ko sa kamot kag nagdugo ko gid,bleeding hand wound,hiligaynon,active
subong may pilas ko sa kamot kag nagdugo man,bleeding hand wound,hiligaynon,active
subong may pilas ko sa kamot kag nagdugo na gid,bleeding hand wound,hiligaynon,active
subong may pilas ku sa kamot kag nagdugo gid,bleeding hand wound,hiligaynon,active
subong may pilas ku sa kamot kag nagdugo gid ko,bleeding hand wound,hiligaynon,active
subong may pilas ku sa kamot kag nagdugo ko gid,bleeding hand wound,hiligaynon,active
subong may pilas ku sa kamot kag nagdugo man,bleeding hand wound,hiligaynon,active
subong may pilas ku sa kamot kag nagdugo na gid,bleeding hand wound,hiligaynon,active
subong nabali kamot ko sang natumba gid,hand fracture,hiligaynon,active
subong nabali kamot ko sang natumba gid ko,hand fracture,hiligaynon,active
subong nabali kamot ko sang natumba ko gid,hand fracture,hiligaynon,active
subong nabali kamot ko sang natumba man,hand fracture,hiligaynon,active
subong nabali kamot ko sang natumba na gid,hand fracture,hiligaynon,active
subong nabali kamot ku sang natumba gid,hand fracture,hiligaynon,active
subong nabali kamot ku sang natumba gid ko,hand fracture,hiligaynon,active
subong nabali kamot ku sang natumba ko gid,hand fracture,hiligaynon,active
subong nabali kamot ku sang natumba man,hand fracture,hiligaynon,active
subong nabali kamot ku sang natumba na gid,hand fracture,hiligaynon,active
subong nabali na kamot ko sang natumba gid,hand fracture,hiligaynon,active
subong nabali na kamot ko sang natumba gid ko,hand fracture,hiligaynon,active
subong nabali na kamot ko sang natumba ko gid,hand fracture,hiligaynon,active
subong nabali na kamot ko sang natumba man,hand fracture,hiligaynon,active
subong nabali na kamot ko sang natumba na gid,hand fracture,hiligaynon,active
subong nabunggo ko sa salakyan kag nag dugo ulo gid,vehicle collision with head bleeding,hiligaynon,active
subong nabunggo ko sa salakyan kag nag dugo ulo gid ko,vehicle collision with head bleeding,hiligaynon,active
subong nabunggo ko sa salakyan kag nag dugo ulo ko gid,vehicle collision with head bleeding,hiligaynon,active
subong nabunggo ko sa salakyan kag nag dugo ulo man,vehicle collision with head bleeding,hiligaynon,active
subong nabunggo ko sa salakyan kag nag dugo ulo na gid,vehicle collision with head bleeding,hiligaynon,active
subong nabunggo ko sa salakyan kag nagdugo ulo gid,vehicle collision with head bleeding,hiligaynon,active
subong nabunggo ko sa salakyan kag nagdugo ulo gid ko,vehicle collision with head bleeding,hiligaynon,active
subong nabunggo ko sa salakyan kag nagdugo ulo ko gid,vehicle collision with head bleeding,hiligaynon,active
subong nabunggo ko sa salakyan kag nagdugo ulo man,vehicle collision with head bleeding,hiligaynon,active
subong nabunggo ko sa salakyan kag nagdugo ulo na gid,vehicle collision with head bleeding,hiligaynon,active
subong nabunggo ku sa salakyan kag nagdugo ulo gid,vehicle collision with head bleeding,hiligaynon,active
subong nabunggo ku sa salakyan kag nagdugo ulo gid ko,vehicle collision with head bleeding,hiligaynon,active
subong nabunggo ku sa salakyan kag nagdugo ulo ko gid,vehicle collision with head bleeding,hiligaynon,active
subong nabunggo ku sa salakyan kag nagdugo ulo man,vehicle collision with head bleeding,hiligaynon,active
subong nabunggo ku sa salakyan kag nagdugo ulo na gid,vehicle collision with head bleeding,hiligaynon,active
subong nag dugo ulo ko pagkatapos natumba gid,head bleeding after fall,hiligaynon,active
subong nag dugo ulo ko pagkatapos natumba gid ko,head bleeding after fall,hiligaynon,active
subong nag dugo ulo ko pagkatapos natumba ko gid,head bleeding after fall,hiligaynon,active
subong nag dugo ulo ko pagkatapos natumba man,head bleeding after fall,hiligaynon,active
subong nag dugo ulo ko pagkatapos natumba na gid,head bleeding after fall,hiligaynon,active
subong nagdugo pilas ko kag ginahilanat ko,bleeding wound with fever,hiligaynon,active
subong nagdugo ulo ko kag nahilo ko,head bleeding with dizziness,hiligaynon,active
subong nagdugo ulo ko pagkatapos natumba gid,head bleeding after fall,hiligaynon,active
subong nagdugo ulo ko pagkatapos natumba gid ko,head bleeding after fall,hiligaynon,active
subong nagdugo ulo ko pagkatapos natumba ko gid,head bleeding after fall,hiligaynon,active
subong nagdugo ulo ko pagkatapos natumba man,head bleeding after fall,hiligaynon,active
subong nagdugo ulo ko pagkatapos natumba na gid,head bleeding after fall,hiligaynon,active
subong nagdugo ulo ku pagkatapos natumba gid,head bleeding after fall,hiligaynon,active
subong nagdugo ulo ku pagkatapos natumba gid ko,head bleeding after fall,hiligaynon,active
subong nagdugo ulo ku pagkatapos natumba ko gid,head bleeding after fall,hiligaynon,active
subong nagdugo ulo ku pagkatapos natumba man,head bleeding after fall,hiligaynon,active
subong nagdugo ulo ku pagkatapos natumba na gid,head bleeding after fall,hiligaynon,active
subong nahilo ko kag ginahilanat ko,dizziness with fever,hiligaynon,active
subong nakuryente ko sang kuryente gid,electrical injury,hiligaynon,active
subong nakuryente ko sang kuryente gid ko,electrical injury,hiligaynon,active
subong nakuryente ko sang kuryente ko gid,electrical injury,hiligaynon,active
subong nakuryente ko sang kuryente man,electrical injury,hiligaynon,active
subong nakuryente ko sang kuryente na gid,electrical injury,hiligaynon,active
subong nakuryente ku sang kuryente gid,electrical injury,hiligaynon,active
subong nakuryente ku sang kuryente gid ko,electrical injury,hiligaynon,active
subong nakuryente ku sang kuryente ko gid,electrical injury,hiligaynon,active
subong nakuryente ku sang kuryente man,electrical injury,hiligaynon,active
subong nakuryente ku sang kuryente na gid,electrical injury,hiligaynon,active
subong nautod na tudlo ko sang makina gid,amputated finger,hiligaynon,active
subong nautod na tudlo ko sang makina gid ko,amputated finger,hiligaynon,active
subong nautod na tudlo ko sang makina ko gid,amputated finger,hiligaynon,active
subong nautod na tudlo ko sang makina man,amputated finger,hiligaynon,active
subong nautod na tudlo ko sang makina na gid,amputated finger,hiligaynon,active
subong nautod tudlo ko sang makina gid,amputated finger,hiligaynon,active
subong nautod tudlo ko sang makina gid ko,amputated finger,hiligaynon,active
subong nautod tudlo ko sang makina ko gid,amputated finger,hiligaynon,active
subong nautod tudlo ko sang makina man,amputated finger,hiligaynon,active
subong nautod tudlo ko sang makina na gid,amputated finger,hiligaynon,active
subong nautod tudlo ku sang makina gid,amputated finger,hiligaynon,active
subong nautod tudlo ku sang makina gid ko,amputated finger,hiligaynon,active
subong nautod tudlo ku sang makina ko gid,amputated finger,hiligaynon,active
subong nautod tudlo ku sang makina man,amputated finger,hiligaynon,active
subong nautod tudlo ku sang makina na gid,amputated finger,hiligaynon,active
subong sakit dughan ko kag dula ginhawa ko,chest pain with shortness of breath,hiligaynon,active
subong sakit dughan ko kag gahika ko,chest pain with cough,hiligaynon,active
subong sakit likod ko kag galuya ko,back pain with weakness,hiligaynon,active
subong sakit tiyan ko kag ginasuka ko,abdominal pain with nausea,hiligaynon,active
subong sakit ulo ko kag ginahilanat ko,headache with fever,hiligaynon,active
subong ubo ko kag ginahilanat gid,fever with cough,hiligaynon,active
subong ubo ko kag ginahilanat gid ko,fever with cough,hiligaynon,active
subong ubo ko kag ginahilanat ko gid,fever with cough,hiligaynon,active
subong ubo ko kag ginahilanat man,fever with cough,hiligaynon,active
subong ubo ko kag ginahilanat na gid,fever with cough,hiligaynon,active
sugar,diabetes,hiligaynon,active
sugar diabetes,diabetes,hiligaynon,active
sugar ko mataas,diabetes,hiligaynon,active
sugar problem,diabetes,hiligaynon,active
sugat,wound,hiligaynon,active
sugat sa paa,leg wound,hiligaynon,active
sugur,diabetes,hiligaynon,active
suka,vomiting,hiligaynon,active
sulfa allergy,sulfa allergy,hiligaynon,active
sulfite allergy,sulfite sensitivity,hiligaynon,active
sumuka,vomiting,hiligaynon,active
sunburn,sunburn,hiligaynon,active
sunscreen allergy,contact dermatitis,hiligaynon,active
swelling,swelling,hiligaynon,active
t.b.,tuberculosis,hiligaynon,active
t.b.c,tuberculosis,hiligaynon,active
t2dm,type 2 diabetes,hiligaynon,active
tadlong,forearm,hiligaynon,active
taghiyawat,acne,hiligaynon,active
tagihawat,acne,hiligaynon,active
tagipusuon,heart,hiligaynon,active
tai,buttocks,hiligaynon,active
tamad lawas,fatigue,hiligaynon,active
tambal allergy,drug allergy,hiligaynon,active
tape allergy,contact dermatitis,hiligaynon,active
tatae ng madalas,diarrhea,hiligaynon,active
tb,tuberculosis,hiligaynon,active
tbc,tuberculosis,hiligaynon,active
tea allergy,food allergy,hiligaynon,active
tension headache,tension headache,hiligaynon,active
thalassemia,thalassemia,hiligaynon,active
thyroid,thyroid disorder,hiligaynon,active
thyroid cancer,thyroid cancer,hiligaynon,active
thyroid problem,thyroid disorder,hiligaynon,active
tigdas,measles,hiligaynon,active
tigyawat,acne,hiligaynon,active
tiiil,foot,hiligaynon,active
tiil,foot,hiligaynon,active
tiil ko,foot,hiligaynon,active
tikod,heel,hiligaynon,active
titi,breast,hiligaynon,active
tiyan,abdomen,hiligaynon,active
tomato allergy,tomato allergy,hiligaynon,active
tonsilitis,tonsillitis,hiligaynon,active
tonsillitis,tonsillitis,hiligaynon,active
tonsils,tonsillitis,hiligaynon,active
toothache,dental pain,hiligaynon,active
trangkaso,influenza,hiligaynon,active
tree nut allergy,tree nut allergy,hiligaynon,active
tuberclosis,tuberculosis,hiligaynon,active
tuberculoses,tuberculosis,hiligaynon,active
tuberculosis,tuberculosis,hiligaynon,active
tudlo,finger,hiligaynon,active
tuhod,knee,hiligaynon,active
tulo,diarrhea,hiligaynon,active
tulo-tulo,diarrhea,hiligaynon,active
tummy pain,abdominal pain,hiligaynon,active
tumor,cancer,hiligaynon,active
tumur,cancer,hiligaynon,active
tungod,throat,hiligaynon,active
tungtong,ankle,hiligaynon,active
type 1 diabetes,type 1 diabetes,hiligaynon,active
type 2 diabetes,type 2 diabetes,hiligaynon,active
typhoid,typhoid fever,hiligaynon,active
ubo,cough,hiligaynon,active
ubo ko,cough,hiligaynon,active
ubo ko kag ginahilanat,fever with cough,hiligaynon,active
ubo sing dugo,hemoptysis,hiligaynon,active
ubo sipon,cough and runny nose,hiligaynon,active
ubo+ hilanat,fever with cough,hiligaynon,active
ubo/hilanat,fever with cough,hiligaynon,active
ubuhan,cough,hiligaynon,active
ulcer,peptic ulcer,hiligaynon,active
ulcer sa tiyan,peptic ulcer,hiligaynon,active
ulo,head,hiligaynon,active
ulser,peptic ulcer,hiligaynon,active
uric acid,gout,hiligaynon,active
urinary infection,urinary tract infection,hiligaynon,active
urinary tract infection,urinary tract infection,hiligaynon,active
uti,urinary tract infection,hiligaynon,active
uti ko,urinary tract infection,hiligaynon,active
utok,brain,hiligaynon,active
uyab,hypertension,hiligaynon,active
valve problem,heart valve disease,hiligaynon,active
varicose,varicose veins,hiligaynon,active
varicose veins,varicose veins,hiligaynon,active
varicoseveins,varicose veins,hiligaynon,active
vertigo,vertigo,hiligaynon,active
vitamin d low,vitamin d deficiency,hiligaynon,active
vitamin deficiency,vitamin deficiency,hiligaynon,active
vomit,vomiting,hiligaynon,active
vomiting,vomiting,hiligaynon,active
wala allergy,no known allergies,hiligaynon,active
wala ko gusto mabuhi,depression,hiligaynon,active
wala ko gusto mag-obra,depression,hiligaynon,active
wala ko gusto magkaon,loss of appetite,hiligaynon,active
wala ko kasugtan budlay gid gid ko magginhawa subong gid,difficulty breathing,hiligaynon,active
wala ko kasugtan budlay gid gid ko magginhawa subong gid ko,difficulty breathing,hiligaynon,active
wala ko kasugtan budlay gid gid ko magginhawa subong ko gid,difficulty breathing,hiligaynon,active
wala ko kasugtan budlay gid gid ko magginhawa subong man,difficulty breathing,hiligaynon,active
wala ko kasugtan budlay gid gid ko magginhawa subong na gid,difficulty breathing,hiligaynon,active
wala ko kasugtan budlay gid ko mag ginhawa subong gid,difficulty breathing,hiligaynon,active
wala ko kasugtan budlay gid ko mag ginhawa subong gid ko,difficulty breathing,hiligaynon,active
wala ko kasugtan budlay gid ko mag ginhawa subong ko gid,difficulty breathing,hiligaynon,active
wala ko kasugtan budlay gid ko mag ginhawa subong man,difficulty breathing,hiligaynon,active
wala ko kasugtan budlay gid ko mag ginhawa subong na gid,difficulty breathing,hiligaynon,active
wala ko kasugtan budlay gid ko magginhawa subong gid,difficulty breathing,hiligaynon,active
wala ko kasugtan budlay gid ko magginhawa subong gid ko,difficulty breathing,hiligaynon,active
wala ko kasugtan budlay gid ko magginhawa subong ko gid,difficulty breathing,hiligaynon,active
wala ko kasugtan budlay gid ko magginhawa subong man,difficulty breathing,hiligaynon,active
wala ko kasugtan budlay gid ko magginhawa subong na gid,difficulty breathing,hiligaynon,active
wala ko kasugtan gahabok dila ko gid gid,swollen tongue,hiligaynon,active
wala ko kasugtan gahabok dila ko gid gid ko,swollen tongue,hiligaynon,active
wala ko kasugtan gahabok dila ko gid ko gid,swollen tongue,hiligaynon,active
wala ko kasugtan gahabok dila ko gid man,swollen tongue,hiligaynon,active
wala ko kasugtan gahabok dila ko gid na gid,swollen tongue,hiligaynon,active
wala ko kasugtan gahubag dila ko gid gid,swollen tongue,hiligaynon,active
wala ko kasugtan gahubag dila ko gid gid ko,swollen tongue,hiligaynon,active
wala ko kasugtan gahubag dila ko gid ko gid,swollen tongue,hiligaynon,active
wala ko kasugtan gahubag dila ko gid man,swollen tongue,hiligaynon,active
wala ko kasugtan gahubag dila ko gid na gid,swollen tongue,hiligaynon,active
wala ko kasugtan galuya lawas ko kag kapoy gid gid,body weakness with severe fatigue,hiligaynon,active
wala ko kasugtan galuya lawas ko kag kapoy gid gid ko,body weakness with severe fatigue,hiligaynon,active
wala ko kasugtan galuya lawas ko kag kapoy gid ko gid,body weakness with severe fatigue,hiligaynon,active
wala ko kasugtan galuya lawas ko kag kapoy gid man,body weakness with severe fatigue,hiligaynon,active
wala ko kasugtan galuya lawas ko kag kapoy gid na gid,body weakness with severe fatigue,hiligaynon,active
wala ko kasugtan gapula mata ko kag gakatol gid,red itchy eyes,hiligaynon,active
wala ko kasugtan gapula mata ko kag gakatol gid ko,red itchy eyes,hiligaynon,active
wala ko kasugtan gapula mata ko kag gakatol ko gid,red itchy eyes,hiligaynon,active
wala ko kasugtan gapula mata ko kag gakatol man,red itchy eyes,hiligaynon,active
wala ko kasugtan gapula mata ko kag gakatol na gid,red itchy eyes,hiligaynon,active
wala ko kasugtan gasakit ulo ko karon gid,head pain,hiligaynon,active
wala ko kasugtan gasakit ulo ko karon gid ko,head pain,hiligaynon,active
wala ko kasugtan gasakit ulo ko karon ko gid,head pain,hiligaynon,active
wala ko kasugtan gasakit ulo ko karon man,head pain,hiligaynon,active
wala ko kasugtan gasakit ulo ko karon na gid,head pain,hiligaynon,active
wala ko kasugtan gin kagat sang ido ko kag nagdugo gid,dog bite with bleeding,hiligaynon,active
wala ko kasugtan gin kagat sang ido ko kag nagdugo gid ko,dog bite with bleeding,hiligaynon,active
wala ko kasugtan gin kagat sang ido ko kag nagdugo ko gid,dog bite with bleeding,hiligaynon,active
wala ko kasugtan gin kagat sang ido ko kag nagdugo man,dog bite with bleeding,hiligaynon,active
wala ko kasugtan gin kagat sang ido ko kag nagdugo na gid,dog bite with bleeding,hiligaynon,active
wala ko kasugtan ginkagat sang ido ko kag nag dugo gid,dog bite with bleeding,hiligaynon,active
wala ko kasugtan ginkagat sang ido ko kag nag dugo gid ko,dog bite with bleeding,hiligaynon,active
wala ko kasugtan ginkagat sang ido ko kag nag dugo ko gid,dog bite with bleeding,hiligaynon,active
wala ko kasugtan ginkagat sang ido ko kag nag dugo man,dog bite with bleeding,hiligaynon,active
wala ko kasugtan ginkagat sang ido ko kag nag dugo na gid,dog bite with bleeding,hiligaynon,active
wala ko kasugtan ginkagat sang ido ko kag nagdugo gid,dog bite with bleeding,hiligaynon,active
wala ko kasugtan ginkagat sang ido ko kag nagdugo gid ko,dog bite with bleeding,hiligaynon,active
wala ko kasugtan ginkagat sang ido ko kag nagdugo ko gid,dog bite with bleeding,hiligaynon,active
wala ko kasugtan ginkagat sang ido ko kag nagdugo man,dog bite with bleeding,hiligaynon,active
wala ko kasugtan ginkagat sang ido ko kag nagdugo na gid,dog bite with bleeding,hiligaynon,active
wala ko kasugtan ginsumbag ko kag nabun-og ulo gid,physical assault with head bruise,hiligaynon,active
wala ko kasugtan ginsumbag ko kag nabun-og ulo gid ko,physical assault with head bruise,hiligaynon,active
wala ko kasugtan ginsumbag ko kag nabun-og ulo ko gid,physical assault with head bruise,hiligaynon,active
wala ko kasugtan ginsumbag ko kag nabun-og ulo man,physical assault with head bruise,hiligaynon,active
wala ko kasugtan ginsumbag ko kag nabun-og ulo na gid,physical assault with head bruise,hiligaynon,active
wala ko kasugtan may nana akon mata subong gid,eye infection,hiligaynon,active
wala ko kasugtan may nana akon mata subong gid ko,eye infection,hiligaynon,active
wala ko kasugtan may nana akon mata subong ko gid,eye infection,hiligaynon,active
wala ko kasugtan may nana akon mata subong man,eye infection,hiligaynon,active
wala ko kasugtan may nana akon mata subong na gid,eye infection,hiligaynon,active
wala ko kasugtan may pilas ko sa kamot kag nag dugo gid,bleeding hand wound,hiligaynon,active
wala ko kasugtan may pilas ko sa kamot kag nag dugo gid ko,bleeding hand wound,hiligaynon,active
wala ko kasugtan may pilas ko sa kamot kag nag dugo ko gid,bleeding hand wound,hiligaynon,active
wala ko kasugtan may pilas ko sa kamot kag nag dugo man,bleeding hand wound,hiligaynon,active
wala ko kasugtan may pilas ko sa kamot kag nag dugo na gid,bleeding hand wound,hiligaynon,active
wala ko kasugtan may pilas ko sa kamot kag nagdugo gid,bleeding hand wound,hiligaynon,active
wala ko kasugtan may pilas ko sa kamot kag nagdugo gid ko,bleeding hand wound,hiligaynon,active
wala ko kasugtan may pilas ko sa kamot kag nagdugo ko gid,bleeding hand wound,hiligaynon,active
wala ko kasugtan may pilas ko sa kamot kag nagdugo man,bleeding hand wound,hiligaynon,active
wala ko kasugtan may pilas ko sa kamot kag nagdugo na gid,bleeding hand wound,hiligaynon,active
wala ko kasugtan nabali kamot ko sang natumba gid,hand fracture,hiligaynon,active
wala ko kasugtan nabali kamot ko sang natumba gid ko,hand fracture,hiligaynon,active
wala ko kasugtan nabali kamot ko sang natumba ko gid,hand fracture,hiligaynon,active
wala ko kasugtan nabali kamot ko sang natumba man,hand fracture,hiligaynon,active
wala ko kasugtan nabali kamot ko sang natumba na gid,hand fracture,hiligaynon,active
wala ko kasugtan nabali na kamot ko sang natumba gid,hand fracture,hiligaynon,active
wala ko kasugtan nabali na kamot ko sang natumba gid ko,hand fracture,hiligaynon,active
wala ko kasugtan nabali na kamot ko sang natumba ko gid,hand fracture,hiligaynon,active
wala ko kasugtan nabali na kamot ko sang natumba man,hand fracture,hiligaynon,active
wala ko kasugtan nabali na kamot ko sang natumba na gid,hand fracture,hiligaynon,active
wala ko kasugtan nabunggo ko sa salakyan kag nag dugo ulo gid,vehicle collision with head bleeding,hiligaynon,active
wala ko kasugtan nabunggo ko sa salakyan kag nag dugo ulo gid ko,vehicle collision with head bleeding,hiligaynon,active
wala ko kasugtan nabunggo ko sa salakyan kag nag dugo ulo ko gid,vehicle collision with head bleeding,hiligaynon,active
wala ko kasugtan nabunggo ko sa salakyan kag nag dugo ulo man,vehicle collision with head bleeding,hiligaynon,active
wala ko kasugtan nabunggo ko sa salakyan kag nag dugo ulo na gid,vehicle collision with head bleeding,hiligaynon,active
wala ko kasugtan nabunggo ko sa salakyan kag nagdugo ulo gid,vehicle collision with head bleeding,hiligaynon,active
wala ko kasugtan nabunggo ko sa salakyan kag nagdugo ulo gid ko,vehicle collision with head bleeding,hiligaynon,active
wala ko kasugtan nabunggo ko sa salakyan kag nagdugo ulo ko gid,vehicle collision with head bleeding,hiligaynon,active
wala ko kasugtan nabunggo ko sa salakyan kag nagdugo ulo man,vehicle collision with head bleeding,hiligaynon,active
wala ko kasugtan nabunggo ko sa salakyan kag nagdugo ulo na gid,vehicle collision with head bleeding,hiligaynon,active
wala ko kasugtan nag dugo ulo ko pagkatapos natumba gid,head bleeding after fall,hiligaynon,active
wala ko kasugtan nag dugo ulo ko pagkatapos natumba gid ko,head bleeding after fall,hiligaynon,active
wala ko kasugtan nag dugo ulo ko pagkatapos natumba ko gid,head bleeding after fall,hiligaynon,active
wala ko kasugtan nag dugo ulo ko pagkatapos natumba man,head bleeding after fall,hiligaynon,active
wala ko kasugtan nag dugo ulo ko pagkatapos natumba na gid,head bleeding after fall,hiligaynon,active
wala ko kasugtan nagdugo ulo ko pagkatapos natumba gid,head bleeding after fall,hiligaynon,active
wala ko kasugtan nagdugo ulo ko pagkatapos natumba gid ko,head bleeding after fall,hiligaynon,active
wala ko kasugtan nagdugo ulo ko pagkatapos natumba ko gid,head bleeding after fall,hiligaynon,active
wala ko kasugtan nagdugo ulo ko pagkatapos natumba man,head bleeding after fall,hiligaynon,active
wala ko kasugtan nagdugo ulo ko pagkatapos natumba na gid,head bleeding after fall,hiligaynon,active
wala ko kasugtan nakuryente ko sang kuryente gid,electrical injury,hiligaynon,active
wala ko kasugtan nakuryente ko sang kuryente gid ko,electrical injury,hiligaynon,active
wala ko kasugtan nakuryente ko sang kuryente ko gid,electrical injury,hiligaynon,active
wala ko kasugtan nakuryente ko sang kuryente man,electrical injury,hiligaynon,active
wala ko kasugtan nakuryente ko sang kuryente na gid,electrical injury,hiligaynon,active
wala ko kasugtan nautod na tudlo ko sang makina gid,amputated finger,hiligaynon,active
wala ko kasugtan nautod na tudlo ko sang makina gid ko,amputated finger,hiligaynon,active
wala ko kasugtan nautod na tudlo ko sang makina ko gid,amputated finger,hiligaynon,active
wala ko kasugtan nautod na tudlo ko sang makina man,amputated finger,hiligaynon,active
wala ko kasugtan nautod na tudlo ko sang makina na gid,amputated finger,hiligaynon,active
wala ko kasugtan nautod tudlo ko sang makina gid,amputated finger,hiligaynon,active
wala ko kasugtan nautod tudlo ko sang makina gid ko,amputated finger,hiligaynon,active
wala ko kasugtan nautod tudlo ko sang makina ko gid,amputated finger,hiligaynon,active
wala ko kasugtan nautod tudlo ko sang makina man,amputated finger,hiligaynon,active
wala ko kasugtan nautod tudlo ko sang makina na gid,amputated finger,hiligaynon,active
wala ko kasugtan ubo ko kag ginahilanat gid,fever with cough,hiligaynon,active
wala ko kasugtan ubo ko kag ginahilanat gid ko,fever with cough,hiligaynon,active
wala ko kasugtan ubo ko kag ginahilanat ko gid,fever with cough,hiligaynon,active
wala ko kasugtan ubo ko kag ginahilanat man,fever with cough,hiligaynon,active
wala ko kasugtan ubo ko kag ginahilanat na gid,fever with cough,hiligaynon,active
wala ko kusog,fatigue,hiligaynon,active
wala ko mabatyag batiis ko,leg numbness,hiligaynon,active
wala ko mabatyag buuk ko,arm numbness,hiligaynon,active
wala ko mabatyag kamot ko,hand numbness,hiligaynon,active
wala ko mabatyag lawas ko,body numbness,hiligaynon,active
wala ko mabatyag tiil ko,foot numbness,hiligaynon,active
wala ko mabatyag tudlo ko,finger numbness,hiligaynon,active
wala ko maka-agi sang naguyam,post-seizure confusion,hiligaynon,active
wala ko maka-agom,missed period,hiligaynon,active
wala ko maka-amim,loss of smell,hiligaynon,active
wala ko maka-dungog,hearing loss,hiligaynon,active
wala ko maka-ginhawa tungod sa pagkaon,choking,hiligaynon,active
wala ko maka-hambal maayo,speech difficulty,hiligaynon,active
wala ko maka-ihi,urinary retention,hiligaynon,active
wala ko maka-inom tubig,dehydration,hiligaynon,active
wala ko maka-tulog,insomnia,hiligaynon,active
wala ku kasugtan budlay gid ko magginhawa subong gid,difficulty breathing,hiligaynon,active
wala ku kasugtan budlay gid ko magginhawa subong gid ko,difficulty breathing,hiligaynon,active
wala ku kasugtan budlay gid ko magginhawa subong ko gid,difficulty breathing,hiligaynon,active
wala ku kasugtan budlay gid ko magginhawa subong man,difficulty breathing,hiligaynon,active
wala ku kasugtan budlay gid ko magginhawa subong na gid,difficulty breathing,hiligaynon,active
wala ku kasugtan gahabok dila ko gid gid,swollen tongue,hiligaynon,active
wala ku kasugtan gahabok dila ko gid gid ko,swollen tongue,hiligaynon,active
wala ku kasugtan gahabok dila ko gid ko gid,swollen tongue,hiligaynon,active
wala ku kasugtan gahabok dila ko gid man,swollen tongue,hiligaynon,active
wala ku kasugtan gahabok dila ko gid na gid,swollen tongue,hiligaynon,active
wala ku kasugtan ginkagat sang ido ko kag nagdugo gid,dog bite with bleeding,hiligaynon,active
wala ku kasugtan ginkagat sang ido ko kag nagdugo gid ko,dog bite with bleeding,hiligaynon,active
wala ku kasugtan ginkagat sang ido ko kag nagdugo ko gid,dog bite with bleeding,hiligaynon,active
wala ku kasugtan ginkagat sang ido ko kag nagdugo man,dog bite with bleeding,hiligaynon,active
wala ku kasugtan ginkagat sang ido ko kag nagdugo na gid,dog bite with bleeding,hiligaynon,active
wala ku kasugtan ginsumbag ko kag nabun-og ulo gid,physical assault with head bruise,hiligaynon,active
wala ku kasugtan ginsumbag ko kag nabun-og ulo gid ko,physical assault with head bruise,hiligaynon,active
wala ku kasugtan ginsumbag ko kag nabun-og ulo ko gid,physical assault with head bruise,hiligaynon,active
wala ku kasugtan ginsumbag ko kag nabun-og ulo man,physical assault with head bruise,hiligaynon,active
wala ku kasugtan ginsumbag ko kag nabun-og ulo na gid,physical assault with head bruise,hiligaynon,active
wala ku kasugtan may pilas ko sa kamot kag nagdugo gid,bleeding hand wound,hiligaynon,active
wala ku kasugtan may pilas ko sa kamot kag nagdugo gid ko,bleeding hand wound,hiligaynon,active
wala ku kasugtan may pilas ko sa kamot kag nagdugo ko gid,bleeding hand wound,hiligaynon,active
wala ku kasugtan may pilas ko sa kamot kag nagdugo man,bleeding hand wound,hiligaynon,active
wala ku kasugtan may pilas ko sa kamot kag nagdugo na gid,bleeding hand wound,hiligaynon,active
wala ku kasugtan nabali kamot ko sang natumba gid,hand fracture,hiligaynon,active
wala ku kasugtan nabali kamot ko sang natumba gid ko,hand fracture,hiligaynon,active
wala ku kasugtan nabali kamot ko sang natumba ko gid,hand fracture,hiligaynon,active
wala ku kasugtan nabali kamot ko sang natumba man,hand fracture,hiligaynon,active
wala ku kasugtan nabali kamot ko sang natumba na gid,hand fracture,hiligaynon,active
wala ku kasugtan nabunggo ko sa salakyan kag nagdugo ulo gid,vehicle collision with head bleeding,hiligaynon,active
wala ku kasugtan nabunggo ko sa salakyan kag nagdugo ulo gid ko,vehicle collision with head bleeding,hiligaynon,active
wala ku kasugtan nabunggo ko sa salakyan kag nagdugo ulo ko gid,vehicle collision with head bleeding,hiligaynon,active
wala ku kasugtan nabunggo ko sa salakyan kag nagdugo ulo man,vehicle collision with head bleeding,hiligaynon,active
wala ku kasugtan nabunggo ko sa salakyan kag nagdugo ulo na gid,vehicle collision with head bleeding,hiligaynon,active
wala ku kasugtan nagdugo ulo ko pagkatapos natumba gid,head bleeding after fall,hiligaynon,active
wala ku kasugtan nagdugo ulo ko pagkatapos natumba gid ko,head bleeding after fall,hiligaynon,active
wala ku kasugtan nagdugo ulo ko pagkatapos natumba ko gid,head bleeding after fall,hiligaynon,active
wala ku kasugtan nagdugo ulo ko pagkatapos natumba man,head bleeding after fall,hiligaynon,active
wala ku kasugtan nagdugo ulo ko pagkatapos natumba na gid,head bleeding after fall,hiligaynon,active
wala ku kasugtan nakuryente ko sang kuryente gid,electrical injury,hiligaynon,active
wala ku kasugtan nakuryente ko sang kuryente gid ko,electrical injury,hiligaynon,active
wala ku kasugtan nakuryente ko sang kuryente ko gid,electrical injury,hiligaynon,active
wala ku kasugtan nakuryente ko sang kuryente man,electrical injury,hiligaynon,active
wala ku kasugtan nakuryente ko sang kuryente na gid,electrical injury,hiligaynon,active
wala ku kasugtan nautod tudlo ko sang makina gid,amputated finger,hiligaynon,active
wala ku kasugtan nautod tudlo ko sang makina gid ko,amputated finger,hiligaynon,active
wala ku kasugtan nautod tudlo ko sang makina ko gid,amputated finger,hiligaynon,active
wala ku kasugtan nautod tudlo ko sang makina man,amputated finger,hiligaynon,active
wala ku kasugtan nautod tudlo ko sang makina na gid,amputated finger,hiligaynon,active
wala na ko kusog,fatigue,hiligaynon,active
wala sakit,healthy,hiligaynon,active
walang allergy,no known allergies,hiligaynon,active
walang kilalang allergy,no known allergies,hiligaynon,active
walay allergy,no known allergies,hiligaynon,active
walay sakit,healthy,hiligaynon,active
walnut allergy,tree nut allergy,hiligaynon,active
warts,viral wart,hiligaynon,active
wasp allergy,wasp sting allergy,hiligaynon,active
weak,fatigue,hiligaynon,active
weak bones,osteoporosis,hiligaynon,active
weakness,fatigue,hiligaynon,active
wine allergy,sulfite sensitivity,hiligaynon,active
worms,parasitic infection,hiligaynon,active
wound infection,wound infection,hiligaynon,active
yeast allergy,yeast allergy,hiligaynon,active
yeast infection,candidiasis,hiligaynon,active
yellow dye allergy,food coloring allergy,hiligaynon,active
yellow fever skin,jaundice,hiligaynon,active
yellow jaundice,jaundice,hiligaynon,active
indi ko makahambal,speech difficulty,hiligaynon,active
dili ko makahambal,speech difficulty,hiligaynon,active
budlay magginhawa,difficulty breathing,hiligaynon,active
dula ginhawa,difficulty breathing,hiligaynon,active
indi ko makaginhawa,difficulty breathing,hiligaynon,active
ginakapos,difficulty breathing,hiligaynon,active
nagdugo,bleeding,hiligaynon,active
gadugo,bleeding,hiligaynon,active
nagadugo,bleeding,hiligaynon,active
grabe gid nagadugo,bleeding,hiligaynon,active
nagdugo gid,bleeding,hiligaynon,active
indi ko maka-ihi,urinary retention,hiligaynon,active
wala maka-ihi,urinary retention,hiligaynon,active
ginahilanat gid,fever,hiligaynon,active
gasakit dughan,chest pain,hiligaynon,active
nasunog,burn,hiligaynon,active
nasunog ko,burn,hiligaynon,active
nasunog sang,burn,hiligaynon,active
ginadudul-om,diarrhea,hiligaynon,active
ginadudulom,diarrhea,hiligaynon,active
dul-om,diarrhea,hiligaynon,active
dulom,dark urine,hiligaynon,active
gahabok,swelling,hiligaynon,active
gahubag,swelling,hiligaynon,active
habok,swelling,hiligaynon,active
namaga,swelling,hiligaynon,active
gahubag gid,swelling,hiligaynon,active
may nana sa,infection,hiligaynon,active
ginasuka,vomiting,hiligaynon,active
gasakit,pain,hiligaynon,active
sakit,pain,hiligaynon,active
ginabaldom,pain,hiligaynon,active
gakatol,itching,hiligaynon,active
ginakamang,itching,hiligaynon,active
nabali,fracture,hiligaynon,active
naukas,fracture,hiligaynon,active
nabali ko,fracture,hiligaynon,active
nabali ang,fracture,hiligaynon,active
galuya,weakness,hiligaynon,active
maluya,weakness,hiligaynon,active
may pilas,wound,hiligaynon,active
nautod,amputation,hiligaynon,active
na-utod,amputation,hiligaynon,active
nautod ko,amputation,hiligaynon,active
gapula,redness,hiligaynon,active
mapula,redness,hiligaynon,active
ginapula,redness,hiligaynon,active
gahika,cough,hiligaynon,active
talukap mata,eyelid,hiligaynon,active
talukap mata ko,eyelid,hiligaynon,active
bukongbukong,ankle,hiligaynon,active
bukongbukong ko,ankle,hiligaynon,active
kilid mata,eyelid,hiligaynon,active
kilid mata ko,eyelid,hiligaynon,active
ngabil,lip,hiligaynon,active
ngabil ko,lip,hiligaynon,active
dughan ko,chest,hiligaynon,active
pisngi ko,cheek,hiligaynon,active
tungod ko,throat,hiligaynon,active
singit,groin,hiligaynon,active
singit ko,groin,hiligaynon,active
ilong ko,nose,hiligaynon,active
abaga ko,shoulder,hiligaynon,active
tiyan ko,abdomen,hiligaynon,active
likod ko,back,hiligaynon,active
tudlo ko,finger,hiligaynon,active
tuhod ko,knee,hiligaynon,active
itlog,testicle,hiligaynon,active
itlog ko,testicle,hiligaynon,active
bilat,vagina,hiligaynon,active
bilat ko,vagina,hiligaynon,active
bilad,vagina,hiligaynon,active
bilad ko,vagina,hiligaynon,active
lawas ko,body,hiligaynon,active
bayag,scrotum,hiligaynon,active
bayag ko,scrotum,hiligaynon,active
kipay,vulva,hiligaynon,active
kipay ko,vulva,hiligaynon,active
baba ko,chin,hiligaynon,active
dila ko,tongue,hiligaynon,active
liog ko,neck,hiligaynon,active
siko ko,elbow,hiligaynon,active
lasi,wound site,hiligaynon,active
lasi ko,wound site,hiligaynon,active
kuko ko,nail,hiligaynon,active
hita,thigh,hiligaynon,active
hita ko,thigh,hiligaynon,active
titi ko,breast,hiligaynon,active
ari,penis,hiligaynon,active
ari ko,penis,hiligaynon,active
ulo ko,head,hiligaynon,active
daw indi ko makabaton sang kamot,arm weakness,hiligaynon,active
indi ko makabaton sang kamot ko,arm weakness,hiligaynon,active
lemah ang kamot ko,arm weakness,hiligaynon,active
gahubag lawas kag gakatol,allergic reaction,hiligaynon,active
gahubag kag gakatol lawas ko,allergic reaction,hiligaynon,active
hilanat gid,high fever,hiligaynon,active
ginahilanat ko 3 ka adlaw na,high fever,hiligaynon,active
nabunggo sa salakyan,vehicle collision injury,hiligaynon,active
naaksidente ko,vehicle collision injury,hiligaynon,active
gusto ko magpatay,suicidal ideation,hiligaynon,active
buot ko magpakamatay,suicidal ideation,hiligaynon,active
ginkagat sang ido,dog bite,hiligaynon,active
ginkagat ko sang ido,dog bite,hiligaynon,active
masakit gid tiyan ko,severe abdominal pain,hiligaynon,active
grabe sakit tiyan ko,severe abdominal pain,hiligaynon,active
masakit pag-ihi,painful urination,hiligaynon,active
masakit pagihi,painful urination,hiligaynon,active
sakit pag-ihi ko,painful urination,hiligaynon,active
galagas buhok,hair loss,hiligaynon,active
nagalagas buhok ko,hair loss,hiligaynon,active
gakitol mata,eye irritation,hiligaynon,active
mahamok mata ko,eye irritation,hiligaynon,active
may butlig sa mata,eye irritation,hiligaynon,active
nakuryente,electrical injury,hiligaynon,active
mataas presyon,hypertension,hiligaynon,active
taas presyon,hypertension,hiligaynon,active
nabun-og ulo,head injury,hiligaynon,active
nabunog ulo,head injury,hiligaynon,active
nasumbag ulo ko,head injury,hiligaynon,active
naguyam,seizure,hiligaynon,active
nag-uyam,seizure,hiligaynon,active
nag convulsion,seizure,hiligaynon,active
gasakit ulo,headache,hiligaynon,active
masakit ulo,headache,hiligaynon,active
sakit sa ulo,headache,hiligaynon,active
nahilo tiyan,nausea,hiligaynon,active
ginasuka-uka,nausea,hiligaynon,active
nabun-og,bruise,hiligaynon,active
nabunog,bruise,hiligaynon,active
may pasa,bruise,hiligaynon,active
gapula mata,red eyes,hiligaynon,active
gakatol bilat,vaginal itching,hiligaynon,active
kakatol bilat,vaginal itching,hiligaynon,active
gakatol ari,penile itching,hiligaynon,active
galuya lawas,body weakness,hiligaynon,active
ginabahing,shortness of breath,hiligaynon,active
ginakapos ginhawa,difficulty breathing,hiligaynon,active
ginahubak,wheezing,hiligaynon,active
aking ulo,headache,hiligaynon,active
ginakalipong,dizziness,hiligaynon,active
ginamanhid,numbness,hiligaynon,active
pamamanhid,numbness,hiligaynon,active
ginakurog,tremor,hiligaynon,active
nagakonvulsyon,seizure,hiligaynon,active
atake bakukang,seizure,hiligaynon,active
kusog tibok,palpitations,hiligaynon,active
ginakulba,anxiety,hiligaynon,active
barado ilong,runny nose,hiligaynon,active
ginakalibanga,diarrhea,hiligaynon,active
ginakasukaon,nausea,hiligaynon,active
wala gana kaon,loss of appetite,hiligaynon,active
ginabuot,constipation,hiligaynon,active
sige ihi,frequent urination,hiligaynon,active
may dugo sa ihi,blood in urine,hiligaynon,active
indi maka ihi,urinary retention,hiligaynon,active
mainit lawas,fever,hiligaynon,active
malabo panulok,blurred vision,hiligaynon,active
nagatingog dalunggan,tinnitus,hiligaynon,active
indi katulog,insomnia,hiligaynon,active
ginakasubo,sadness,hiligaynon,active
ginakabalaka,stress,hiligaynon,active
pus-on masakit,abdominal pain,hiligaynon,active
kilid masakit,flank pain,hiligaynon,active
singit masakit,groin pain,hiligaynon,active
itlog masakit,testicular pain,hiligaynon,active
gahabok itlog,testicular swelling,hiligaynon,active
gahubag itlog,testicular swelling,hiligaynon,active
may nana bilat,vaginal discharge,hiligaynon,active
may nana ari,penile discharge,hiligaynon,active
gadugo bilat,vaginal bleeding,hiligaynon,active
gadugo ari,penile bleeding,hiligaynon,active
namaga dila,tongue swelling,hiligaynon,active
gahubag ngabil,lip swelling,hiligaynon,active
nasunog sang mantika,burn,hiligaynon,active
daw indi makahambal,speech difficulty,hiligaynon,active
daw indi makabaton kamot,arm weakness,hiligaynon,active
nagdugo ulo,head bleeding,hiligaynon,active
gusto magpakamatay,suicidal ideation,hiligaynon,active
naka-inom lason,poisoning,hiligaynon,active
naipit bukog tutunlan,choking,hiligaynon,active
kalit nabulag,sudden vision loss,hiligaynon,active
grabe sakit tiyan kag gahubag,severe abdominal pain,hiligaynon,active
sobra nagsuka kag wala ihi,severe dehydration,hiligaynon,active
ginaubo dugo,coughing blood,hiligaynon,active
nagauba dugo,coughing blood,hiligaynon,active
kapoy ko,fatigue,hiligaynon,active
gakatol lawas ko,itching,hiligaynon,active
gapula lawas ko,rash,hiligaynon,active
butlig-butlig,rash,hiligaynon,active
pantal-pantal,hives,hiligaynon,active
sip-on ko,runny nose,hiligaynon,active
barado ako ilong,nasal congestion,hiligaynon,active
hapdi tutunlan ko,sore throat,hiligaynon,active
sige ako ihi,frequent urination,hiligaynon,active
kulba gid ko,anxiety,hiligaynon,active
kabalaka gid,stress,hiligaynon,active
indi ako katulog,insomnia,hiligaynon,active
malungkot gid ko,sadness,hiligaynon,active
luya tiil ko,leg weakness,hiligaynon,active
luya kamot ko,arm weakness,hiligaynon,active
manhid kamot ko,hand numbness,hiligaynon,active
manhid tiil ko,leg numbness,hiligaynon,active
kurog kamot ko,hand tremor,hiligaynon,active
tibok mabilis,palpitations,hiligaynon,active
asukal taas,high blood sugar,hiligaynon,active
hubak-hubak,wheezing,hiligaynon,active
hingal-hingal,shortness of breath,hiligaynon,active
daw may gahugot sa dughan,chest pain,hiligaynon,active
sakit dughan nagakalat sa abaga,chest pain,hiligaynon,active
sakit dughan kag nagasinghot,chest pain,hiligaynon,active
ginahingal bisan magpahuway,shortness of breath,hiligaynon,active
indi makatulog tungod budlay ginhawa,orthopnea,hiligaynon,active
nagagamit tiyan pagginhawa,difficulty breathing,hiligaynon,active
kalit indi makahambal maayo,speech difficulty,hiligaynon,active
nabulol ang panulti,slurred speech,hiligaynon,active
nagakagat dila,seizure,hiligaynon,active
naguyam liwat-liwag,seizure,hiligaynon,active
nagaibot dugo madamo,bloody stool,hiligaynon,active
itim ang tae,black stool,hiligaynon,active
tae daw alkitran,black stool,hiligaynon,active
nagsuka sang dugo,vomiting blood,hiligaynon,active
kalit gahubag ngabil,facial swelling,hiligaynon,active
nakakaon shrimps kag budlay magginhawa,allergic reaction,hiligaynon,active
ginkagat putakti,insect sting,hiligaynon,active
nainom bleach,poisoning,hiligaynon,active
nainom kerosene,poisoning,hiligaynon,active
buntis kag nagdugo madamo,pregnancy bleeding,hiligaynon,active
indi ko mabatyagan ang bata,reduced fetal movement,hiligaynon,active
bata gahingal kag asul,pediatric cyanosis,hiligaynon,active
asukal baba kag indi magmata,hypoglycemia,hiligaynon,active
diabetis kag nagsuka kag ginahingal,diabetic ketoacidosis,hiligaynon,active
sakit ihi kag ginahilanat,urinary tract infection,hiligaynon,active
suga sa liog magtig-a,neck stiffness,hiligaynon,active
kalit nabuta ang isa ka mata,sudden vision loss,hiligaynon,active
indi makaihi sang adlaw,urinary retention,hiligaynon,active
kalit sakit itlog,testicular pain,hiligaynon,active
nagatibok dughan madasig,palpitations,hiligaynon,active
ginaasikaso maghikog,suicidal ideation,hiligaynon,active
ginkagat aso,dog bite,hiligaynon,active
ginkagat sawa,snake bite,hiligaynon,active
nalumos sa dagat,near drowning,hiligaynon,active
ginainitan lawas,heat stroke,hiligaynon,active
hapdi mag-ihi,dysuria,hiligaynon,active
masami mag-ihi,frequent urination,hiligaynon,active
gamay lang ihi,low urine output,hiligaynon,active
nagalibot ulo,vertigo,hiligaynon,active
daw naga-ikot palibot,vertigo,hiligaynon,active
nagatingting dulunggan,tinnitus,hiligaynon,active
may tunog sa dalunggan,tinnitus,hiligaynon,active
nagaibus dugo sa ilong,nosebleed,hiligaynon,active
indi makatulog,insomnia,hiligaynon,active
wala gana magkaon,loss of appetite,hiligaynon,active
indi makaibot,constipation,hiligaynon,active
tig-a tae,constipation,hiligaynon,active
grabe dugo sa regla,heavy menstrual bleeding,hiligaynon,active
cramps sa regla,menstrual pain,hiligaynon,active
sakit sa regla,menstrual pain,hiligaynon,active
pig-ot dughan ko,chest tightness,hiligaynon,active
asul na ang ngabil ko,cyanosis,hiligaynon,active
asul na daliri ko,cyanosis,hiligaynon,active
nabalyo ang guya ko,facial droop,hiligaynon,active
indi ko maalsa ang isa ka kamot,arm weakness,hiligaynon,active
nagalumay ang panulti ko,slurred speech,hiligaynon,active
kalit nadula panulok,vision loss,hiligaynon,active
kalit sakit ulo nga grabe gid,severe headache,hiligaynon,active
nagaibus bula sa baba,foaming at mouth,hiligaynon,active
may plano ako magpakamatay,suicidal ideation,hiligaynon,active
mas maayo kung wala na ako,suicidal ideation,hiligaynon,active
ginahunahuna ko maghikog,suicidal ideation,hiligaynon,active
naipit pagkaon sa tutunlan,choking,hiligaynon,active
nainom sang rat poison,poisoning,hiligaynon,active
nainom sang insecticide,poisoning,hiligaynon,active
nasinghot sang smoke,smoke inhalation,hiligaynon,active
nagaawas tubig samtang buntis,water breaking,hiligaynon,active
ginahilanat ang bata kag naguyam,febrile seizure,hiligaynon,active
asukal sobra taas,hyperglycemia,hiligaynon,active
asukal sobra baba,hypoglycemia,hiligaynon,active
mapula nagahapdi ang pilas,cellulitis,hiligaynon,active
gina-kagat sang man-og,snake bite,hiligaynon,active
sobra kainit lawas,heat emergency,hiligaynon,active
sobra katugnaw lawas,hypothermia,hiligaynon,active
nagahimo kaugalingon nga kalainan,self harm,hiligaynon,active
masakit tiyan kag nagaibot itim,abdominal pain with melena,hiligaynon,active
kalit sakit tiyan sa tuo nga baba,right lower abdominal pain,hiligaynon,active
gahubag kag kalit hapdi itlog,testicular torsion,hiligaynon,active
alta 180,hypertensive crisis,hiligaynon,active
oxygen mubo,low oxygen,hiligaynon,active
nagdugo liwat sing grabe,severe bleeding,hiligaynon,active
sakit orbita,eye pain,hiligaynon,active
sakit apapangig,jaw pain,hiligaynon,active
sakit tonsila,throat pain,hiligaynon,active
sakit kilikili,axilla pain,hiligaynon,active
sakit lumbay,low back pain,hiligaynon,active
sakit ilig,perineal pain,hiligaynon,active
hapdi ari,penile pain,hiligaynon,active
sakit tendo tikod,heel pain,hiligaynon,active
hapdi plantar,foot pain,hiligaynon,active
hapdi likod baba,low back pain,hiligaynon,active
sakit tuo dughan,chest pain,hiligaynon,active
sakit wala dughan,chest pain,hiligaynon,active
hilantan,fever,hiligaynon,active
ginahilantan,fever,hiligaynon,active
gilantan,fever,hiligaynon,active
naghilanat,fever,hiligaynon,active
ga hilanat,fever,hiligaynon,active
ga-hilanat,fever,hiligaynon,active
high fever,fever,hiligaynon,active
taas hilanat,fever,hiligaynon,active
ginatugnaw ko,chills,hiligaynon,active
tugnaw,chills,hiligaynon,active
ginatugnaw lawas,chills,hiligaynon,active
ginakaligtan,chills,hiligaynon,active
nagaligtan,chills,hiligaynon,active
ginapaginatugnaw,chills,hiligaynon,active
malamig lawas,chills,hiligaynon,active
ginakurig,chills,hiligaynon,active
nagakurig tungod tugnaw,chills,hiligaynon,active
ginakurog kag ginatugnaw,fever with chills,hiligaynon,active
ginakurog kag ginatugnaw ko,fever with chills,hiligaynon,active
hilanat kag tugnaw,fever with chills,hiligaynon,active
ginahilanat kag ginatugnaw,fever with chills,hiligaynon,active
mainit lawas kag ginatugnaw,fever with chills,hiligaynon,active
fever with chills,fever with chills,hiligaynon,active
ginasip-on ko,rhinorrhea,hiligaynon,active
ginasipon,rhinorrhea,hiligaynon,active
nagasipon,rhinorrhea,hiligaynon,active
ginabarado ilong,rhinorrhea,hiligaynon,active
nagaawas sipon,rhinorrhea,hiligaynon,active
may sip-on,rhinorrhea,hiligaynon,active
colds,rhinorrhea,hiligaynon,active
ginaubo ko,cough,hiligaynon,active
nagauubo,cough,hiligaynon,active
nagaubo,cough,hiligaynon,active
ginakuhul,cough,hiligaynon,active
dry cough,cough,hiligaynon,active
uga ubo,cough,hiligaynon,active
basa ubo,cough,hiligaynon,active
ginaginhawa ko budlay,dyspnea,hiligaynon,active
indi makaginhawa maayo,dyspnea,hiligaynon,active
ginakulbaan ko magginhawa,dyspnea,hiligaynon,active
ginakulbaan magginhawa,dyspnea,hiligaynon,active
kulbaan magginhawa,dyspnea,hiligaynon,active
ginahingal,dyspnea,hiligaynon,active
bahing,dyspnea,hiligaynon,active
kapos ginhawa,dyspnea,hiligaynon,active
breathless,dyspnea,hiligaynon,active
ginasakit ulo,headache,hiligaynon,active
sakit sang ulo,headache,hiligaynon,active
ulo masakit,headache,hiligaynon,active
nagasakit ulo,headache,hiligaynon,active
migren,headache,hiligaynon,active
ginasakit tutunlan,pharyngitis,hiligaynon,active
ginasakit tutunlan ko,pharyngitis,hiligaynon,active
hapdi tutunlan,pharyngitis,hiligaynon,active
sakit sa tutunlan,pharyngitis,hiligaynon,active
ginasakit dughan,chest pain,hiligaynon,active
sakit dibdib,chest pain,hiligaynon,active
masakit dibdib,chest pain,hiligaynon,active
pig-ot dughan,chest pain,hiligaynon,active
ginasakit tiyan,abdominal pain,hiligaynon,active
masakit sikmura,abdominal pain,hiligaynon,active
baldom tiyan,abdominal pain,hiligaynon,active
sakit sa tiyan,abdominal pain,hiligaynon,active
ginakalipong ko,dizziness,hiligaynon,active
lipong,dizziness,hiligaynon,active
dizzy,dizziness,hiligaynon,active
ginahilo,dizziness,hiligaynon,active
ginagsuka,vomiting,hiligaynon,active
nagasuka,vomiting,hiligaynon,active
ginapalanuka,nausea,hiligaynon,active
ginapalanuka ko,nausea,hiligaynon,active
kasukaon,nausea,hiligaynon,active
nahihilo tiyan,nausea,hiligaynon,active
ginabalik tiyan,nausea,hiligaynon,active
daw magasuka,nausea,hiligaynon,active
palanuka,nausea,hiligaynon,active
gana magasuka,nausea,hiligaynon,active
ginakalibanga ko,diarrhea,hiligaynon,active
nagakalibanga,diarrhea,hiligaynon,active
constipated ko,constipation,hiligaynon,active
constipated,constipation,hiligaynon,active
budlay mag-ibot,constipation,hiligaynon,active
dili makalibang,constipation,hiligaynon,active
ginadula kalibanga,constipation,hiligaynon,active
gina-constipation,constipation,hiligaynon,active
ginakapoy gid,fatigue,hiligaynon,active
ginakapoy gid ko,fatigue,hiligaynon,active
mahina lawas,fatigue,hiligaynon,active
luya,fatigue,hiligaynon,active
pagod gid,fatigue,hiligaynon,active
wala ko gana magkaon,anorexia,hiligaynon,active
wala gana,anorexia,hiligaynon,active
dili gana kaon,anorexia,hiligaynon,active
ginawala gana,anorexia,hiligaynon,active
wala appetite,anorexia,hiligaynon,active
indi gusto magkaon,anorexia,hiligaynon,active
nawala gana,anorexia,hiligaynon,active
ginapalanhubag,edema,hiligaynon,active
ginapalanhubag ko,edema,hiligaynon,active
nagahubag,edema,hiligaynon,active
palanhubag,edema,hiligaynon,active
ginahubag ang tiil,pedal edema,hiligaynon,active
ginahubag ang tiil ko,pedal edema,hiligaynon,active
gahubag tiil,pedal edema,hiligaynon,active
hubag tiil,pedal edema,hiligaynon,active
namaga tiil,pedal edema,hiligaynon,active
swollen feet,pedal edema,hiligaynon,active
gahabok tiil,pedal edema,hiligaynon,active
ginahubag ang kamot,hand edema,hiligaynon,active
ginahubag ang kamot ko,hand edema,hiligaynon,active
gahubag kamot,hand edema,hiligaynon,active
hubag kamot,hand edema,hiligaynon,active
namaga kamot,hand edema,hiligaynon,active
swollen hands,hand edema,hiligaynon,active
gahabok kamot,hand edema,hiligaynon,active
ginapalanum,paresthesia,hiligaynon,active
ginapalanum ko,paresthesia,hiligaynon,active
ginapamamanhid,paresthesia,hiligaynon,active
manhid,paresthesia,hiligaynon,active
nagamanhid,paresthesia,hiligaynon,active
numbness,paresthesia,hiligaynon,active
palanum,paresthesia,hiligaynon,active
daw wala batyag,paresthesia,hiligaynon,active
ginakurog ko,tremor,hiligaynon,active
nagakurog,tremor,hiligaynon,active
kurog,tremor,hiligaynon,active
ginatay-og,tremor,hiligaynon,active
nagatay-og,tremor,hiligaynon,active
tremors,tremor,hiligaynon,active
shaking,tremor,hiligaynon,active
ginapanuhot ko,abdominal distension,hiligaynon,active
ginapanuhot tiyan,abdominal distension,hiligaynon,active
busog tiyan,abdominal distension,hiligaynon,active
ginabusog tiyan,abdominal distension,hiligaynon,active
bloating,abdominal distension,hiligaynon,active
gas tiyan,abdominal distension,hiligaynon,active
ginabudlayan ko lakat,gait difficulty,hiligaynon,active
ginabudlayan lakat,gait difficulty,hiligaynon,active
budlay maglakat,gait difficulty,hiligaynon,active
lisod maglakat,gait difficulty,hiligaynon,active
indi makalakat maayo,gait difficulty,hiligaynon,active
difficulty walking,gait difficulty,hiligaynon,active
ginapalangluya maglakat,gait difficulty,hiligaynon,active
ginahapdos ang mata,eye irritation,hiligaynon,active
ginahapdos ang mata ko,eye irritation,hiligaynon,active
hapdos mata,eye irritation,hiligaynon,active
ginasakit mata,eye irritation,hiligaynon,active
eye irritation,eye irritation,hiligaynon,active
makati mata,eye irritation,hiligaynon,active
ginakati mata,eye irritation,hiligaynon,active
ginapula mata,conjunctivitis,hiligaynon,active
ginapula mata ko,conjunctivitis,hiligaynon,active
naga pula mata,conjunctivitis,hiligaynon,active
nagapula mata,conjunctivitis,hiligaynon,active
pamula mata,conjunctivitis,hiligaynon,active
mapula mata,conjunctivitis,hiligaynon,active
red eyes,conjunctivitis,hiligaynon,active
ginakati ang panit,pruritus,hiligaynon,active
ginakati ang panit ko,pruritus,hiligaynon,active
makatol,pruritus,hiligaynon,active
itchy skin,pruritus,hiligaynon,active
ga katol panit,pruritus,hiligaynon,active
kumakati panit,pruritus,hiligaynon,active
may rashes,rash,hiligaynon,active
may rashes ko,rash,hiligaynon,active
bugas,rash,hiligaynon,active
gapula lawas,rash,hiligaynon,active
skin rash,rash,hiligaynon,active
may pantal,rash,hiligaynon,active
ginadugo ilong,epistaxis,hiligaynon,active
ginadugo ilong ko,epistaxis,hiligaynon,active
nagdugo ilong,epistaxis,hiligaynon,active
dugo sa ilong,epistaxis,hiligaynon,active
nosebleed,epistaxis,hiligaynon,active
epistaxis,epistaxis,hiligaynon,active
ginadugo,hemorrhage,hiligaynon,active
ginadugo ko,hemorrhage,hiligaynon,active
may dugo,hemorrhage,hiligaynon,active
bleeding,hemorrhage,hiligaynon,active
indi mapunggan dugo,hemorrhage,hiligaynon,active
ginapalangluya,asthenia,hiligaynon,active
ginapalangluya ko,asthenia,hiligaynon,active
ginakaluya,asthenia,hiligaynon,active
palangluya,asthenia,hiligaynon,active
ginamahina,asthenia,hiligaynon,active
ginakabudlayan ko tulog,insomnia,hiligaynon,active
ginakabudlayan tulog,insomnia,hiligaynon,active
budlay magtulog,insomnia,hiligaynon,active
wala tulog,insomnia,hiligaynon,active
difficulty sleeping,insomnia,hiligaynon,active
gina-insomnia,insomnia,hiligaynon,active
hubak,wheezing,hiligaynon,active
nagahubak,wheezing,hiligaynon,active
wheezing,wheezing,hiligaynon,active
hika sound,wheezing,hiligaynon,active
trangkaso ko,influenza,hiligaynon,active
may trangkaso,influenza,hiligaynon,active
hika ko,asthma,hiligaynon,active
may pneumonia,pneumonia,hiligaynon,active
tisis,tuberculosis,hiligaynon,active
db,dengue fever,hiligaynon,active
leptospirosis,leptospirosis,hiligaynon,active
lepto,leptospirosis,hiligaynon,active
may leptospirosis,leptospirosis,hiligaynon,active
covid 19,covid-19,hiligaynon,active
taas bp,hypertension,hiligaynon,active
taas blood pressure,hypertension,hiligaynon,active
hpn,hypertension,hiligaynon,active
lowblood,hypotension,hiligaynon,active
baba bp,hypotension,hiligaynon,active
hypotension,hypotension,hiligaynon,active
may diabetes,diabetes mellitus,hiligaynon,active
may uti,urinary tract infection,hiligaynon,active
impeksyon sa ihi,urinary tract infection,hiligaynon,active
hyperacidity,hyperacidity,hiligaynon,active
hyper acidity,hyperacidity,hiligaynon,active
asido,hyperacidity,hiligaynon,active
gastric,hyperacidity,hiligaynon,active
may ulcer,peptic ulcer,hiligaynon,active
sakit sa sikmura ulcer,peptic ulcer,hiligaynon,active
may migraine,migraine,hiligaynon,active
artraytis,arthritis,hiligaynon,active
rheumatism,arthritis,hiligaynon,active
sakit sa tagipusuon,heart disease,hiligaynon,active
cva,stroke,hiligaynon,active
sakit bato,kidney disease,hiligaynon,active
alergiya,allergy,hiligaynon,active
skin infection,skin infection,hiligaynon,active
impeksyon sa panit,skin infection,hiligaynon,active
chicken pox,chickenpox,hiligaynon,active
bulutong tubig,chickenpox,hiligaynon,active
varicella,chickenpox,hiligaynon,active
may tigdas,measles,hiligaynon,active
mumps,mumps,hiligaynon,active
beke,mumps,hiligaynon,active
may beke,mumps,hiligaynon,active
parotitis,mumps,hiligaynon,active
ginakatol,itching,hiligaynon,active
ginakatol ko,itching,hiligaynon,active
ginakatol lawas,itching,hiligaynon,active
dulom mata,yellowing of eyes,hiligaynon,active
dulom sang mata,yellowing of eyes,hiligaynon,active
dilaw mata,yellowing of eyes,hiligaynon,active
dilaw panit,yellowish skin,hiligaynon,active
dilaw nga panit,yellowish skin,hiligaynon,active
dilaw lawas,yellowish skin,hiligaynon,active
dilaw nga lawas,yellowish skin,hiligaynon,active
dulom mata kag dilaw panit,jaundice,hiligaynon,active
dilaw panit kag dulom mata,jaundice,hiligaynon,active
yellowish skin,yellowish skin,hiligaynon,active
yellowing of eyes,yellowing of eyes,hiligaynon,active
loss of appetite,loss of appetite,hiligaynon,active
ginabaldom,abdominal pain,hiligaynon,active
pamula dilaw panit,yellowish skin,hiligaynon,active
dulom ang mata ko,yellowing of eyes,hiligaynon,active
kabog,heartburn,hiligaynon,active
ginakabog,heartburn,hiligaynon,active
heartburn,heartburn,hiligaynon,active
singaw sa dila,mouth ulcer,hiligaynon,active
gas tiyan,passing gas,hiligaynon,active
ginahutok tiyan,passing gas,hiligaynon,active
itom ihi,dark urine,hiligaynon,active
itom ang ihi,dark urine,hiligaynon,active
dilaw ihi,yellow urine,hiligaynon,active
nagapanipis lawas,weight loss,hiligaynon,active
natulon mata,sunken eyes,hiligaynon,active
natulon ang mata,sunken eyes,hiligaynon,active
grabeng hilanat,high fever,hiligaynon,active
mataas nga hilanat,high fever,hiligaynon,active
sakit kalamnan,muscle pain,hiligaynon,active
sakit sa kalamnan,muscle pain,hiligaynon,active
ginauhaw,dehydration,hiligaynon,active
ginakati sulod,internal itching,hiligaynon,active
indi ma digest,indigestion,hiligaynon,active
pasuyi,please help,hiligaynon,active
pasuyi po,please help,hiligaynon,active
subong,now,hiligaynon,active
gid,really,hiligaynon,active
g gihapon,still,hiligaynon,active
gihapon,still,hiligaynon,active
kanina pa,since earlier,hiligaynon,active
basi maayo,maybe okay,hiligaynon,active
basi ma check,maybe can check,hiligaynon,active
wala ko kasiguruhan,not sure,hiligaynon,active
type ko lang,i will type,hiligaynon,active
ginatype ko,i typed,hiligaynon,active
concern ko,my concern,hiligaynon,active
telehealth,telehealth,hiligaynon,active
online consult,online consultation,hiligaynon,active
register ako,i register,hiligaynon,active
halong,hello,hiligaynon,active
pasuyi doc,please help doctor,hiligaynon,active
good morning doc,good morning doctor,hiligaynon,active
doc,doctor,hiligaynon,active
po doc,doctor,hiligaynon,active
pls,please,hiligaynon,active
pero,but,hiligaynon,active
lang,only,hiligaynon,active
sang isa ka semana,for one week,hiligaynon,active
3 days na,3 days already,hiligaynon,active
3 days,3 days,hiligaynon,active
since yesterday,since yesterday,hiligaynon,active
after lunch,after lunch,hiligaynon,active
worried about,worried about,hiligaynon,active
not sure,not sure,hiligaynon,active
help doc,help doctor,hiligaynon,active
sorry late,sorry late,hiligaynon,active
typing my concern,typing my concern,hiligaynon,active
consult lang,consult only,hiligaynon,active
for telehealth,for telehealth,hiligaynon,active
registration symptom field,registration symptom field,hiligaynon,active
my child has,my child has,hiligaynon,active
asawa ko may,my spouse has,hiligaynon,active
nag chat ko,i chatted,hiligaynon,active
wala iba nga sintomas,no other symptoms,hiligaynon,active
nag message ko,i messaged,hiligaynon,active
para sa form,for the form,hiligaynon,active
daw,seems,hiligaynon,active
permí,always,hiligaynon,active
permi,always,hiligaynon,active
chief complaint,chief complaint,hiligaynon,active
cc,chief complaint,hiligaynon,active
reklamo,complaint,hiligaynon,active
unang reklamo,chief complaint,hiligaynon,active
rason sang pag consult,reason for consultation,hiligaynon,active
presenting complaint,presenting complaint,hiligaynon,active
reason for visit,reason for visit,hiligaynon,active
reason for consult,reason for consultation,hiligaynon,active
main concern,main concern,hiligaynon,active
primary complaint,primary complaint,hiligaynon,active
health concern,health concern,hiligaynon,active
intake form,intake form,hiligaynon,active
e-consult,online consultation,hiligaynon,active
virtual consult,online consultation,hiligaynon,active
sakit sang tiyan,abdominal pain,hiligaynon,active
ginasakit ang tiyan,abdominal pain,hiligaynon,active
sakit tiyan,abdominal pain,hiligaynon,active
masakit ang tiyan ko,abdominal pain,hiligaynon,active
ginabaldom ang tiyan,abdominal pain,hiligaynon,active
sakit tiyan gid,abdominal pain,hiligaynon,active
may sakit sa busong,abdominal pain,hiligaynon,active
nagabalati sang sakit tiyan,abdominal pain,hiligaynon,active
indi normal ang pamulanon,abnormal menstruation,hiligaynon,active
indi regular ang binulan,abnormal menstruation,hiligaynon,active
may problema sa regla,abnormal menstruation,hiligaynon,active
indi regular ang pamulanon,abnormal menstruation,hiligaynon,active
nagabag-o ang regla,abnormal menstruation,hiligaynon,active
may problema sa binulan,abnormal menstruation,hiligaynon,active
late ang pamulanon,abnormal menstruation,hiligaynon,active
sobra kadugo ang regla,abnormal menstruation,hiligaynon,active
ginakabog ang tiyan,acidity,hiligaynon,active
may asido sa tiyan,acidity,hiligaynon,active
nagakabog ang dughan,acidity,hiligaynon,active
may asido ako,acidity,hiligaynon,active
nagakabog ang tiyan ko,acidity,hiligaynon,active
maaslom ang tiyan,acidity,hiligaynon,active
gasido ang dughan,acidity,hiligaynon,active
grabe nga problema sa atay,acute liver failure,hiligaynon,active
nag-untat na ang atay sa pag-obra,acute liver failure,hiligaynon,active
grabe na ang atay,acute liver failure,hiligaynon,active
indi na maayo ang atay,acute liver failure,hiligaynon,active
naguba ang atay,acute liver failure,hiligaynon,active
daw indi maathag ang panghuna-huna,altered sensorium,hiligaynon,active
daw wala sa sarili nga panghuna-huna,altered sensorium,hiligaynon,active
daw nalipong ang panumduman,altered sensorium,hiligaynon,active
indi klaro ang huna-huna,altered sensorium,hiligaynon,active
daw wala sa husto ang panumduman,altered sensorium,hiligaynon,active
confused ang pamatyagan,altered sensorium,hiligaynon,active
ginakulbaan ako,anxiety,hiligaynon,active
permi nagakulba ang buot,anxiety,hiligaynon,active
ginabalak-an gid,anxiety,hiligaynon,active
ginakulbaan gid ako,anxiety,hiligaynon,active
permi balisa,anxiety,hiligaynon,active
may anxiety ako,anxiety,hiligaynon,active
ginakabalaka ako,anxiety,hiligaynon,active
wala ako kahilwayan,anxiety,hiligaynon,active
sakit sang likod,back pain,hiligaynon,active
ginasakit ang likod,back pain,hiligaynon,active
masakit ang likod ko,back pain,hiligaynon,active
sakit likod gid,back pain,hiligaynon,active
ginasakit ang baywang,back pain,hiligaynon,active
may sakit sa likod,back pain,hiligaynon,active
sakit sa tiyan,belly pain,hiligaynon,active
ginasakit ang busong,belly pain,hiligaynon,active
sakit ang busong ko,belly pain,hiligaynon,active
may sakit sa tiyan,belly pain,hiligaynon,active
itom nga tuldok sa guya,blackheads,hiligaynon,active
may itom nga tuldok sa panit,blackheads,hiligaynon,active
may blackheads sa guya,blackheads,hiligaynon,active
itom nga tuldok sa nawong,blackheads,hiligaynon,active
may itom nga heads sa panit,blackheads,hiligaynon,active
indi komportable ang pantog,bladder discomfort,hiligaynon,active
may kabudlayan sa pantog,bladder discomfort,hiligaynon,active
sakit ang pantog,bladder discomfort,hiligaynon,active
indi komportable kon mag-ihi,bladder discomfort,hiligaynon,active
may discomfort sa pantog,bladder discomfort,hiligaynon,active
may paltos sa panit,blister,hiligaynon,active
nagapaltos ang panit,blister,hiligaynon,active
may lintog sa panit,blister,hiligaynon,active
may paltos ako,blister,hiligaynon,active
nagapaltos,blister,hiligaynon,active
may lintog,blister,hiligaynon,active
may blister sa panit,blister,hiligaynon,active
may dugo ang plema,blood in sputum,hiligaynon,active
nagadugo ang akon plema,blood in sputum,hiligaynon,active
may dugo sa plema,blood in sputum,hiligaynon,active
nagadugo kon magubo,blood in sputum,hiligaynon,active
pula ang plema,blood in sputum,hiligaynon,active
may dugo ang tai,bloody stool,hiligaynon,active
nagadugo kon magalibang,bloody stool,hiligaynon,active
may dugo sa tai,bloody stool,hiligaynon,active
nagadugo ang tai,bloody stool,hiligaynon,active
pula ang tai,bloody stool,hiligaynon,active
malubog ang panulok,blurred and distorted vision,hiligaynon,active
indi maathag ang pagtan-aw,blurred and distorted vision,hiligaynon,active
malubog ang mata,blurred and distorted vision,hiligaynon,active
indi maathag magtan-aw,blurred and distorted vision,hiligaynon,active
daw double vision,blurred and distorted vision,hiligaynon,active
blurred ang panulok,blurred and distorted vision,hiligaynon,active
budlay maginhawa,breathlessness,hiligaynon,active
ginabudlayan ako maginhawa,breathlessness,hiligaynon,active
kapos ang ginhawa,breathlessness,hiligaynon,active
kapos ginhawa,breathlessness,hiligaynon,active
budlay ginhawa,breathlessness,hiligaynon,active
ginahapo ako,breathlessness,hiligaynon,active
short of breath,breathlessness,hiligaynon,active
indi makaginhawa maayo,breathlessness,hiligaynon,active
mahapos mabali ang kuko,brittle nails,hiligaynon,active
manipis kag mabali ang kuko,brittle nails,hiligaynon,active
madali mabali ang kuko,brittle nails,hiligaynon,active
mahuyang ang kuko,brittle nails,hiligaynon,active
naga-break ang kuko,brittle nails,hiligaynon,active
may pasa sa lawas,bruising,hiligaynon,active
madali magpasa ang panit,bruising,hiligaynon,active
madali magpasa,bruising,hiligaynon,active
may pasa,bruising,hiligaynon,active
naga-bruise ang panit,bruising,hiligaynon,active
asul ang panit,bruising,hiligaynon,active
hapdi kon mag-ihi,burning micturition,hiligaynon,active
nagahapdi kon mag-ihi,burning micturition,hiligaynon,active
hapdi mag-ihi,burning micturition,hiligaynon,active
nagahapdi ang ihi,burning micturition,hiligaynon,active
sakit kon mag-ihi,burning micturition,hiligaynon,active
burning urination,burning micturition,hiligaynon,active
sakit sang dughan,chest pain,hiligaynon,active
hapdi ang dughan,chest pain,hiligaynon,active
ginasakit ang dughan,chest pain,hiligaynon,active
ginasakit ang dughan ko,chest pain,hiligaynon,active
may sakit sa dughan,chest pain,hiligaynon,active
ginapanas-an ako,chills,hiligaynon,active
nagapalamig ang lawas,chills,hiligaynon,active
ginapanas-an,chills,hiligaynon,active
nagapalamig,chills,hiligaynon,active
may chills,chills,hiligaynon,active
malamig ang kamot kag tiil,cold hands and feets,hiligaynon,active
ginalamigan ang kamot kag tiil,cold hands and feets,hiligaynon,active
malamig kamot kag tiil,cold hands and feets,hiligaynon,active
ginalamigan ang kamot,cold hands and feets,hiligaynon,active
malamig ang tiil,cold hands and feets,hiligaynon,active
cold hands and feet,cold hands and feets,hiligaynon,active
wala na sang kalibutan,coma,hiligaynon,active
nadulaan sang kalibutan,coma,hiligaynon,active
wala sang kalibutan,coma,hiligaynon,active
indi magmata,coma,hiligaynon,active
nadulaan kalibutan,coma,hiligaynon,active
unconscious,coma,hiligaynon,active
barado ang ilong,congestion,hiligaynon,active
napun-an ang ilong,congestion,hiligaynon,active
barado ilong,congestion,hiligaynon,active
napun-an ilong,congestion,hiligaynon,active
barado ang ilong ko,congestion,hiligaynon,active
nasal congestion,congestion,hiligaynon,active
indi makaginhawa sa ilong,congestion,hiligaynon,active
indi makalibang,constipation,hiligaynon,active
matig-a ang tai,constipation,hiligaynon,active
matig-a tai,constipation,hiligaynon,active
budlay maglibang,constipation,hiligaynon,active
daw permi gusto mag-ihi,continuous feel of urine,hiligaynon,active
wala untat ang gana mag-ihi,continuous feel of urine,hiligaynon,active
permi gusto mag-ihi,continuous feel of urine,hiligaynon,active
daw may ihi permi,continuous feel of urine,hiligaynon,active
frequent urge to urinate,continuous feel of urine,hiligaynon,active
permi nagabahin,continuous sneezing,hiligaynon,active
wala untat nga pagbahin,continuous sneezing,hiligaynon,active
wala untat bahin,continuous sneezing,hiligaynon,active
madamo nga bahin,continuous sneezing,hiligaynon,active
nagaubo ako,cough,hiligaynon,active
permi nagaubo,cough,hiligaynon,active
ubo ako,cough,hiligaynon,active
ginapulikat ako,cramps,hiligaynon,active
may pulikat sa lawas,cramps,hiligaynon,active
ginapulikat,cramps,hiligaynon,active
may pulikat,cramps,hiligaynon,active
naga-cramp,cramps,hiligaynon,active
pulikat sa tiyan,cramps,hiligaynon,active
madulom ang ihi,dark urine,hiligaynon,active
dulom ihi,dark urine,hiligaynon,active
kulang sa tubig ang lawas,dehydration,hiligaynon,active
permi ginauhaw,dehydration,hiligaynon,active
kulang tubig,dehydration,hiligaynon,active
dehydrated,dehydration,hiligaynon,active
uga ang baba,dehydration,hiligaynon,active
permi ginakasubo,depression,hiligaynon,active
wala na gana sa kabuhi,depression,hiligaynon,active
permi masubo,depression,hiligaynon,active
wala gana sa kabuhi,depression,hiligaynon,active
depressed,depression,hiligaynon,active
ginakasubo,depression,hiligaynon,active
nagakalibanga ako,diarrhoea,hiligaynon,active
permi nagalibang nga malapsi,diarrhoea,hiligaynon,active
nagakalibanga,diarrhoea,hiligaynon,active
kalibanga,diarrhoea,hiligaynon,active
malapsi ang tai,diarrhoea,hiligaynon,active
diarrhea,diarrhoea,hiligaynon,active
permi nagalibang,diarrhoea,hiligaynon,active
may lain nga kolor sa panit,dischromic patches,hiligaynon,active
may tapal nga nagbag-o ang kolor,dischromic patches,hiligaynon,active
may tapal sa panit,dischromic patches,hiligaynon,active
nagbag-o ang kolor sang panit,dischromic patches,hiligaynon,active
may puti ukon itom nga tapal,dischromic patches,hiligaynon,active
nagabusdik ang tiyan,distention of abdomen,hiligaynon,active
nagdako ang tiyan,distention of abdomen,hiligaynon,active
nagabusdik tiyan,distention of abdomen,hiligaynon,active
nagdako tiyan,distention of abdomen,hiligaynon,active
busdik ang tiyan,distention of abdomen,hiligaynon,active
bloated belly,distention of abdomen,hiligaynon,active
nagalipong ako,dizziness,hiligaynon,active
ginalipong ang ulo,dizziness,hiligaynon,active
ginalipong,dizziness,hiligaynon,active
lipong ulo,dizziness,hiligaynon,active
daw magkalipong,dizziness,hiligaynon,active
nagamala kag nagatingling ang bibig,drying and tingling lips,hiligaynon,active
mala kag tingling ang bibig,drying and tingling lips,hiligaynon,active
mala ang bibig,drying and tingling lips,hiligaynon,active
nagamala ang ngabil,drying and tingling lips,hiligaynon,active
tingling ang bibig,drying and tingling lips,hiligaynon,active
uga kag tingling ang lips,drying and tingling lips,hiligaynon,active
nagdako ang bosyo,enlarged thyroid,hiligaynon,active
may bosyo sa liog,enlarged thyroid,hiligaynon,active
may bosyo,enlarged thyroid,hiligaynon,active
hubag ang thyroid,enlarged thyroid,hiligaynon,active
goiter,enlarged thyroid,hiligaynon,active
permi ginagutom,excessive hunger,hiligaynon,active
sobra ang gutom bisan bag-o lang magkaon,excessive hunger,hiligaynon,active
sobra gutom,excessive hunger,hiligaynon,active
wala kabusog,excessive hunger,hiligaynon,active
may relasyon sa iban nga tawo,extra marital contacts,hiligaynon,active
indi lang isa ang kapareha,extra marital contacts,hiligaynon,active
may iban nga kapareha,extra marital contacts,hiligaynon,active
may relasyon sa gwa,extra marital contacts,hiligaynon,active
extra marital,extra marital contacts,hiligaynon,active
may kaso sa pamilya,family history,hiligaynon,active
namana sa pamilya,family history,hiligaynon,active
may ara sa parentes,family history,hiligaynon,active
kusog ang pitik sang tagipusuon,fast heart rate,hiligaynon,active
madasig ang pitik sang tagipusuon,fast heart rate,hiligaynon,active
kusog pitik sang tagipusuon,fast heart rate,hiligaynon,active
madasig ang heart beat,fast heart rate,hiligaynon,active
nagakubakuba ang puso,fast heart rate,hiligaynon,active
tachycardia,fast heart rate,hiligaynon,active
kapoy gid ang lawas,fatigue,hiligaynon,active
ginakapoy ako,fatigue,hiligaynon,active
kapoy lawas,fatigue,hiligaynon,active
pagod,fatigue,hiligaynon,active
sobra ang tubig sa lawas,fluid overload,hiligaynon,active
nagahubag tungod sa sobra nga tubig,fluid overload,hiligaynon,active
sobra tubig sa lawas,fluid overload,hiligaynon,active
nagahubag tungod tubig,fluid overload,hiligaynon,active
mabaho ang ihi,foul smell of urine,hiligaynon,active
may mabaho nga ihi,foul smell of urine,hiligaynon,active
mabaho ihi,foul smell of urine,hiligaynon,active
may baho ang ihi,foul smell of urine,hiligaynon,active
foul smelling urine,foul smell of urine,hiligaynon,active
ginasakit ang ulo,headache,hiligaynon,active
may sakit ulo,headache,hiligaynon,active
grabe nga hilanat,high fever,hiligaynon,active
mataas hilanat,high fever,hiligaynon,active
grabe hilanat,high fever,hiligaynon,active
taas nga hilanat,high fever,hiligaynon,active
mainit gid ang lawas,high fever,hiligaynon,active
sakit sa lutahan sang balikawang,hip joint pain,hiligaynon,active
ginasakit ang balikawang,hip joint pain,hiligaynon,active
sakit balikawang,hip joint pain,hiligaynon,active
sakit sa hip,hip joint pain,hiligaynon,active
ginasakit ang hip joint,hip joint pain,hiligaynon,active
nagainom sang alak,history of alcohol consumption,hiligaynon,active
hilig mag-inom sang alak,history of alcohol consumption,hiligaynon,active
nagainom alak,history of alcohol consumption,hiligaynon,active
hilig mag-inom,history of alcohol consumption,hiligaynon,active
drinker,history of alcohol consumption,hiligaynon,active
may history sa inom,history of alcohol consumption,hiligaynon,active
nagdugang ang gana magkaon,increased appetite,hiligaynon,active
mas madamo na ang ginakaon,increased appetite,hiligaynon,active
nagdugang gana magkaon,increased appetite,hiligaynon,active
mas gutom kaysa sang una,increased appetite,hiligaynon,active
indi matunaw ang ginkaon,indigestion,hiligaynon,active
nagabalda ang tiyan pagkatapos magkaon,indigestion,hiligaynon,active
indi matunaw,indigestion,hiligaynon,active
nagabalda tiyan,indigestion,hiligaynon,active
mabug-at ang tiyan,indigestion,hiligaynon,active
nagahubag ang palibot sang kuko,inflammatory nails,hiligaynon,active
hubag kag pula ang kuko,inflammatory nails,hiligaynon,active
hubag ang kuko,inflammatory nails,hiligaynon,active
pula ang palibot sang kuko,inflammatory nails,hiligaynon,active
infected nails,inflammatory nails,hiligaynon,active
ginakatol sa sulod,internal itching,hiligaynon,active
katol sa sulod sang tiyan,internal itching,hiligaynon,active
katol sa sulod,internal itching,hiligaynon,active
indi stable ang asukar sa dugo,irregular sugar level,hiligaynon,active
nagataas kag naganaba ang asukar,irregular sugar level,hiligaynon,active
indi stable ang asukar,irregular sugar level,hiligaynon,active
nagataas ang blood sugar,irregular sugar level,hiligaynon,active
irregular sugar,irregular sugar level,hiligaynon,active
high sugar,irregular sugar level,hiligaynon,active
madali ako maakig,irritability,hiligaynon,active
mainiton ang ulo,irritability,hiligaynon,active
madali maakig,irritability,hiligaynon,active
mainiton ulo,irritability,hiligaynon,active
irritable,irritability,hiligaynon,active
permi naakig,irritability,hiligaynon,active
ginakatol ang lubot,irritation in anus,hiligaynon,active
may irritation sa lubot,irritation in anus,hiligaynon,active
katol sa lubot,irritation in anus,hiligaynon,active
may irritation sa anus,irritation in anus,hiligaynon,active
ginakatol ang panit,itching,hiligaynon,active
makatol ang panit,itching,hiligaynon,active
makatol,itching,hiligaynon,active
katol panit,itching,hiligaynon,active
permi ginakatol,itching,hiligaynon,active
sakit sa lutahan,joint pain,hiligaynon,active
ginasakit ang lutahan,joint pain,hiligaynon,active
sakit lutahan,joint pain,hiligaynon,active
sakit sa joints,joint pain,hiligaynon,active
sakit sang tuhod,knee pain,hiligaynon,active
ginasakit ang tuhod,knee pain,hiligaynon,active
sakit tuhod,knee pain,hiligaynon,active
indi makapokus ang huna-huna,lack of concentration,hiligaynon,active
wala ako konsentrasyon,lack of concentration,hiligaynon,active
indi makapokus,lack of concentration,hiligaynon,active
wala konsentrasyon,lack of concentration,hiligaynon,active
cannot concentrate,lack of concentration,hiligaynon,active
daw nagalayag ang huna-huna,lack of concentration,hiligaynon,active
luya gid ang lawas,lethargy,hiligaynon,active
wala gana maghulag,lethargy,hiligaynon,active
luya lawas,lethargy,hiligaynon,active
mahuya maglihok,lethargy,hiligaynon,active
nadula ang gana magkaon,loss of appetite,hiligaynon,active
indi gusto magkaon,loss of appetite,hiligaynon,active
indi makabalanse,loss of balance,hiligaynon,active
wala balanse ang lawas,loss of balance,hiligaynon,active
wala balanse,loss of balance,hiligaynon,active
daw matumba,loss of balance,hiligaynon,active
indi makapanimaho,loss of smell,hiligaynon,active
wala na ako makapanimaho,loss of smell,hiligaynon,active
indi makasimhot,loss of smell,hiligaynon,active
indi maayo ang pamatyagan,malaise,hiligaynon,active
daw masakiton ang lawas,malaise,hiligaynon,active
indi maayo lawas,malaise,hiligaynon,active
hindi maayo lawas,malaise,hiligaynon,active
daw masakiton,malaise,hiligaynon,active
indi maayo pamatyagan,malaise,hiligaynon,active
gamay nga hilanat,mild fever,hiligaynon,active
diutay nga hilanat,mild fever,hiligaynon,active
gamay hilanat,mild fever,hiligaynon,active
diutay hilanat,mild fever,hiligaynon,active
may gamay nga init,mild fever,hiligaynon,active
nagabag-o ang buot,mood swings,hiligaynon,active
kis-a malipayon kis-a masubo,mood swings,hiligaynon,active
kis-a malipay kis-a masubo,mood swings,hiligaynon,active
matig-a ang paghulag,movement stiffness,hiligaynon,active
budlay maghulag ang lawas,movement stiffness,hiligaynon,active
matig-a maghulag,movement stiffness,hiligaynon,active
stiff movements,movement stiffness,hiligaynon,active
budlay maglihok,movement stiffness,hiligaynon,active
makapal nga plema,mucoid sputum,hiligaynon,active
malagkit nga plema,mucoid sputum,hiligaynon,active
makapal plema,mucoid sputum,hiligaynon,active
malagkit plema,mucoid sputum,hiligaynon,active
thick phlegm,mucoid sputum,hiligaynon,active
sakit sa kalanm,muscle pain,hiligaynon,active
sakit ang muscle,muscle pain,hiligaynon,active
naganiwang ang kalamnan,muscle wasting,hiligaynon,active
nagagamay ang mga muscle,muscle wasting,hiligaynon,active
naganiwang ang muscle,muscle wasting,hiligaynon,active
nagagamay ang kalamnan,muscle wasting,hiligaynon,active
maluya ang mga muscle,muscle weakness,hiligaynon,active
wala kusog ang mga muscle,muscle weakness,hiligaynon,active
maluya muscle,muscle weakness,hiligaynon,active
wala kusog ang muscle,muscle weakness,hiligaynon,active
mahuyang ang kalamnan,muscle weakness,hiligaynon,active
daw masuka ako,nausea,hiligaynon,active
ginasuka-suka ang pamatyagan,nausea,hiligaynon,active
daw masuka,nausea,hiligaynon,active
nahilo,nausea,hiligaynon,active
nauseous,nausea,hiligaynon,active
ginasuka-suka,nausea,hiligaynon,active
daw magkasuka,nausea,hiligaynon,active
sakit sang liog,neck pain,hiligaynon,active
ginasakit ang liog,neck pain,hiligaynon,active
sakit liog,neck pain,hiligaynon,active
sakti liog,neck pain,hiligaynon,active
may mga bukol nga nagagwa sa panit,nodal skin eruptions,hiligaynon,active
nagabuswang nga bukol sa panit,nodal skin eruptions,hiligaynon,active
may bukol sa panit,nodal skin eruptions,hiligaynon,active
nagabuswang nga bukol,nodal skin eruptions,hiligaynon,active
skin nodules,nodal skin eruptions,hiligaynon,active
sobra ang timbang,obesity,hiligaynon,active
matambok gid ang lawas,obesity,hiligaynon,active
sobra timbang,obesity,hiligaynon,active
matambok,obesity,hiligaynon,active
obese,obesity,hiligaynon,active
sobra ka tambok,obesity,hiligaynon,active
sakit sa likod sang mata,pain behind the eyes,hiligaynon,active
ginasakit sa likod sang mata,pain behind the eyes,hiligaynon,active
ginasakit ang likod mata,pain behind the eyes,hiligaynon,active
sakit kon magalibang,pain during bowel movements,hiligaynon,active
ginasakit kon magalibang,pain during bowel movements,hiligaynon,active
pain during bowel movement,pain during bowel movements,hiligaynon,active
hapdi maglibang,pain during bowel movements,hiligaynon,active
sakit sa lubot,pain in anal region,hiligaynon,active
ginasakit ang lubot,pain in anal region,hiligaynon,active
pain in anus,pain in anal region,hiligaynon,active
hapdi ang lubot,pain in anal region,hiligaynon,active
sakit kon magalakat,painful walking,hiligaynon,active
ginasakit kon magalakat,painful walking,hiligaynon,active
budlay maglakat tungod sakit,painful walking,hiligaynon,active
nagakubakuba ang dughan,palpitations,hiligaynon,active
daw nagalukso ang tagipusuon,palpitations,hiligaynon,active
nagakubakuba,palpitations,hiligaynon,active
daw nagalukso ang puso,palpitations,hiligaynon,active
kubakuba dughan,palpitations,hiligaynon,active
permi nagapanuhot,passage of gases,hiligaynon,active
nagapanuhot ako,passage of gases,hiligaynon,active
nagapanuhot,passage of gases,hiligaynon,active
permi panuhot,passage of gases,hiligaynon,active
gas,passage of gases,hiligaynon,active
ginapanuhot,passage of gases,hiligaynon,active
may puti nga patse sa tutunlan,patches in throat,hiligaynon,active
may puti nga tapal sa tutunlan,patches in throat,hiligaynon,active
may puti sa tutunlan,patches in throat,hiligaynon,active
may tapal sa throat,patches in throat,hiligaynon,active
may plema ako,phlegm,hiligaynon,active
madamo nga plema,phlegm,hiligaynon,active
may plema,phlegm,hiligaynon,active
madamo plema,phlegm,hiligaynon,active
may uhog,phlegm,hiligaynon,active
permi nagaihi,polyuria,hiligaynon,active
madamo ang ihi ko,polyuria,hiligaynon,active
madamo ihi,polyuria,hiligaynon,active
frequent urination,polyuria,hiligaynon,active
permi mag-ihi,polyuria,hiligaynon,active
nagabukol ang ugat sa batiis,prominent veins on calf,hiligaynon,active
makita gid ang ugat sa batiis,prominent veins on calf,hiligaynon,active
makita ang ugat sa batiis,prominent veins on calf,hiligaynon,active
nagabukol ugat sa paa,prominent veins on calf,hiligaynon,active
varicose sa batiis,prominent veins on calf,hiligaynon,active
nagahubag ang guya kag mata,puffy face and eyes,hiligaynon,active
hubag ang guya kag mata,puffy face and eyes,hiligaynon,active
hubag guya kag mata,puffy face and eyes,hiligaynon,active
puffy face,puffy face and eyes,hiligaynon,active
nagahubag ang nawong,puffy face and eyes,hiligaynon,active
tagulhod nga may nana,pus filled pimples,hiligaynon,active
may nana nga tagulhod,pus filled pimples,hiligaynon,active
tagulhod may nana,pus filled pimples,hiligaynon,active
pimples with pus,pus filled pimples,hiligaynon,active
may acne nga may nana,pus filled pimples,hiligaynon,active
nakabaton sang dugo,receiving blood transfusion,hiligaynon,active
gin-transfusion sang dugo,receiving blood transfusion,hiligaynon,active
nakabaton dugo,receiving blood transfusion,hiligaynon,active
blood transfusion,receiving blood transfusion,hiligaynon,active
gintapnaan sang dugo,receiving blood transfusion,hiligaynon,active
ginturukan sang indi limpyo nga syringe,receiving unsterile injections,hiligaynon,active
indi sterile nga iniksyon,receiving unsterile injections,hiligaynon,active
unsterile injection,receiving unsterile injections,hiligaynon,active
ginturukan sang indi limpyo,receiving unsterile injections,hiligaynon,active
pula nga sugat sa palibot sang ilong,red sore around nose,hiligaynon,active
pula kag sugat sa palibot sang ilong,red sore around nose,hiligaynon,active
pula sugat sa ilong,red sore around nose,hiligaynon,active
sore around nose,red sore around nose,hiligaynon,active
pula sa palibot ilong,red sore around nose,hiligaynon,active
pula nga tuldok sa bug-os nga lawas,red spots over body,hiligaynon,active
may pula nga tuldok sa lawas,red spots over body,hiligaynon,active
pula tuldok sa lawas,red spots over body,hiligaynon,active
red spots,red spots over body,hiligaynon,active
may pula nga spots,red spots over body,hiligaynon,active
pula nga tulod sa lawas,red spots over body,hiligaynon,active
pula ang mata,redness of eyes,hiligaynon,active
nagapula ang mata,redness of eyes,hiligaynon,active
pula mata,redness of eyes,hiligaynon,active
nagapula mata,redness of eyes,hiligaynon,active
red eyes,redness of eyes,hiligaynon,active
gapula mata,redness of eyes,hiligaynon,active
indi ako mapahamtang,restlessness,hiligaynon,active
balisa kag wala kapahuway,restlessness,hiligaynon,active
indi mapahamtang,restlessness,hiligaynon,active
restless,restlessness,hiligaynon,active
balisa,restlessness,hiligaynon,active
wala kapahuway,restlessness,hiligaynon,active
nagatulo ang sip-on,runny nose,hiligaynon,active
may sip-on ako,runny nose,hiligaynon,active
may sip-on,runny nose,hiligaynon,active
nagatulo sip-on,runny nose,hiligaynon,active
kolor kalawang ang plema,rusty sputum,hiligaynon,active
daw kalawang nga plema,rusty sputum,hiligaynon,active
kolor kalawang plema,rusty sputum,hiligaynon,active
daw kaal nga plema,rusty sputum,hiligaynon,active
brownish plema,rusty sputum,hiligaynon,active
may peklat nga tapal sa panit,scurring,hiligaynon,active
nagakalas nga peklat sa panit,scurring,hiligaynon,active
may peklat,scurring,hiligaynon,active
scarring,scurring,hiligaynon,active
nagakalas peklat,scurring,hiligaynon,active
nagakurog ako,shivering,hiligaynon,active
ginakurog ang lawas,shivering,hiligaynon,active
nagakurog,shivering,hiligaynon,active
ginakurog,shivering,hiligaynon,active
naga-tremble,shivering,hiligaynon,active
may pilak nga daw abo sa panit,silver like dusting,hiligaynon,active
puti nga daw pulbos sa panit,silver like dusting,hiligaynon,active
pilak nga abo sa panit,silver like dusting,hiligaynon,active
puti nga pulbos sa panit,silver like dusting,hiligaynon,active
bug-at ang pamatyagan sa guya kag ilong,sinus pressure,hiligaynon,active
may pressure sa sinus,sinus pressure,hiligaynon,active
pressure sa sinus,sinus pressure,hiligaynon,active
bug-at ang guya,sinus pressure,hiligaynon,active
sakit sa sinus,sinus pressure,hiligaynon,active
nagakalas ang panit,skin peeling,hiligaynon,active
nagapanit ang balat,skin peeling,hiligaynon,active
nagakalas panit,skin peeling,hiligaynon,active
nagapanit,skin peeling,hiligaynon,active
may rashes sa panit,skin rash,hiligaynon,active
nagagwa nga rashes sa panit,skin rash,hiligaynon,active
may rashes,skin rash,hiligaynon,active
nagagwa rashes,skin rash,hiligaynon,active
may allergy sa panit,skin rash,hiligaynon,active
indi klaro maghambal,slurred speech,hiligaynon,active
nagakulinggat ang dila kon maghambal,slurred speech,hiligaynon,active
nagakulinggat,slurred speech,hiligaynon,active
may gagmay nga lugum sa kuko,small dents in nails,hiligaynon,active
gagmay nga buho sa kuko,small dents in nails,hiligaynon,active
may lugum sa kuko,small dents in nails,hiligaynon,active
dents in nails,small dents in nails,hiligaynon,active
gagmay buho sa kuko,small dents in nails,hiligaynon,active
daw nagatuyok ang palibot,spinning movements,hiligaynon,active
nagatuyok ang kalibutan sa panulok,spinning movements,hiligaynon,active
daw nagatuyok,spinning movements,hiligaynon,active
spinning,spinning movements,hiligaynon,active
tuyok ang palibot,spinning movements,hiligaynon,active
vertigo,spinning movements,hiligaynon,active
may dugo sa ihi,spotting urination,hiligaynon,active
may tulo nga dugo kon mag-ihi,spotting urination,hiligaynon,active
spotting urine,spotting urination,hiligaynon,active
may tulo dugo kon mag-ihi,spotting urination,hiligaynon,active
matig-a ang liog,stiff neck,hiligaynon,active
sakit kag matig-a ang liog,stiff neck,hiligaynon,active
matig-a liog,stiff neck,hiligaynon,active
sakit kag matig-a liog,stiff neck,hiligaynon,active
nagadugo ang tiyan,stomach bleeding,hiligaynon,active
may pagdugo sa tiyan,stomach bleeding,hiligaynon,active
nagadugo tiyan,stomach bleeding,hiligaynon,active
nagdugo tiyan,stomach bleeding,hiligaynon,active
ginasakit gid ang tiyan,stomach pain,hiligaynon,active
masakit ang tiyan,stomach pain,hiligaynon,active
ginasakit tiyan,stomach pain,hiligaynon,active
nagtulon ang mata,sunken eyes,hiligaynon,active
nagalubog kag nagtulon ang mata,sunken eyes,hiligaynon,active
nagtulon mata,sunken eyes,hiligaynon,active
nagalubog ang mata,sunken eyes,hiligaynon,active
nagabalhas ako,sweating,hiligaynon,active
madamo ang balhas,sweating,hiligaynon,active
nagabalhas,sweating,hiligaynon,active
madamo balhas,sweating,hiligaynon,active
permi ginabalhas,sweating,hiligaynon,active
nagahubag ang kulani,swelled lymph nodes,hiligaynon,active
may bukol nga kulani sa liog,swelled lymph nodes,hiligaynon,active
hubag kulani,swelled lymph nodes,hiligaynon,active
may bukol sa liog,swelled lymph nodes,hiligaynon,active
nagahubag ang lutahan,swelling joints,hiligaynon,active
hubag ang mga lutahan,swelling joints,hiligaynon,active
hubag lutahan,swelling joints,hiligaynon,active
nagahubag ang joints,swelling joints,hiligaynon,active
nagahubag ang tiyan,swelling of stomach,hiligaynon,active
hubag kag nagdako ang tiyan,swelling of stomach,hiligaynon,active
hubag tiyan,swelling of stomach,hiligaynon,active
nagahubag ang mga ugat,swollen blood vessels,hiligaynon,active
hubag nga mga ugat,swollen blood vessels,hiligaynon,active
hubag ugat,swollen blood vessels,hiligaynon,active
swollen veins,swollen blood vessels,hiligaynon,active
nagahubag ang ugat,swollen blood vessels,hiligaynon,active
nagahubag ang kamot kag tiil,swollen extremeties,hiligaynon,active
hubag ang mga kamot kag tiil,swollen extremeties,hiligaynon,active
hubag kamot kag tiil,swollen extremeties,hiligaynon,active
swollen hands and feet,swollen extremeties,hiligaynon,active
nagahubag extremities,swollen extremeties,hiligaynon,active
nagahubag ang tiil,swollen legs,hiligaynon,active
hubag ang paa,swollen legs,hiligaynon,active
hubag tiil,swollen legs,hiligaynon,active
nagahubag ang paa,swollen legs,hiligaynon,active
ginakatol ang tutunlan,throat irritation,hiligaynon,active
sakit kag katol ang tutunlan,throat irritation,hiligaynon,active
katol tutunlan,throat irritation,hiligaynon,active
sakit tutunlan,throat irritation,hiligaynon,active
hapdi ang throat,throat irritation,hiligaynon,active
daw grabe ka masakiton ang hitsura,toxic look,hiligaynon,active
luya kag masakiton ang hitsura,toxic look,hiligaynon,active
masakiton ang hitsura,toxic look,hiligaynon,active
daw grabe ka luya hitsura,toxic look,hiligaynon,active
may singaw sa dila,ulcers on tongue,hiligaynon,active
may singaw sa bibig,ulcers on tongue,hiligaynon,active
may singaw,ulcers on tongue,hiligaynon,active
indi steady ang paglakat,unsteadiness,hiligaynon,active
nagakiday-kiday kon magalakat,unsteadiness,hiligaynon,active
indi steady maglakat,unsteadiness,hiligaynon,active
unsteady,unsteadiness,hiligaynon,active
nagakiday-kiday,unsteadiness,hiligaynon,active
may problema sa panulok,visual disturbances,hiligaynon,active
indi maayo ang pagtan-aw,visual disturbances,hiligaynon,active
problema sa panulok,visual disturbances,hiligaynon,active
visual disturbance,visual disturbances,hiligaynon,active
indi maayo magtan-aw,visual disturbances,hiligaynon,active
nagasuka ako,vomiting,hiligaynon,active
permi nagasuka,vomiting,hiligaynon,active
ginsuka,vomiting,hiligaynon,active
nagatubig ang mata,watering from eyes,hiligaynon,active
permi nagatubig ang mata,watering from eyes,hiligaynon,active
nagatubig mata,watering from eyes,hiligaynon,active
watery eyes,watering from eyes,hiligaynon,active
permi nagaluha,watering from eyes,hiligaynon,active
maluya ang bukton kag tiil,weakness in limbs,hiligaynon,active
wala kusog ang bukton kag tiil,weakness in limbs,hiligaynon,active
maluya bukton kag tiil,weakness in limbs,hiligaynon,active
wala kusog ang tiil,weakness in limbs,hiligaynon,active
maluya ang isa ka bahin sang lawas,weakness of one body side,hiligaynon,active
wala kusog ang isa ka bahin sang lawas,weakness of one body side,hiligaynon,active
maluya isa ka bahin,weakness of one body side,hiligaynon,active
weakness one side,weakness of one body side,hiligaynon,active
wala kusog ang isa ka side,weakness of one body side,hiligaynon,active
hemiparesis,weakness of one body side,hiligaynon,active
nagdugang ang timbang ko,weight gain,hiligaynon,active
nagtambok ako,weight gain,hiligaynon,active
nagdugang timbang,weight gain,hiligaynon,active
nagtambok,weight gain,hiligaynon,active
nagakunhod ang timbang ko,weight loss,hiligaynon,active
nagniwang ako,weight loss,hiligaynon,active
nagakunhod timbang,weight loss,hiligaynon,active
nagniwang,weight loss,hiligaynon,active
wie loss,weight loss,hiligaynon,active
may dilaw nga nana nga nagagwa,yellow crust ooze,hiligaynon,active
nagagwa ang dilaw nga likido sa sugat,yellow crust ooze,hiligaynon,active
dilaw nana,yellow crust ooze,hiligaynon,active
yellow crust,yellow crust ooze,hiligaynon,active
nagagwa dilaw likido,yellow crust ooze,hiligaynon,active
dilaw ang ihi,yellow urine,hiligaynon,active
nagadilaw ang ihi,yellow urine,hiligaynon,active
nagadilaw ihi,yellow urine,hiligaynon,active
nagadilaw ang mata,yellowing of eyes,hiligaynon,active
dilaw ang mata,yellowing of eyes,hiligaynon,active
gapula mata kag dilaw,yellowing of eyes,hiligaynon,active
nagadilaw ang panit,yellowish skin,hiligaynon,active
dilaw ang panit,yellowish skin,hiligaynon,active
nagadilaw panit,yellowish skin,hiligaynon,active
dial panit,yellowish skin,hiligaynon,active
lagnat,Fever,mixed,active
hilanat,Fever,mixed,active
ginakalagnat,Fever,mixed,active
ginalagnat,Fever,mixed,active
gahilanat,Fever,mixed,active
ginahilanat,Fever,mixed,active
may init lawas,Fever,mixed,active
init lawas,Fever,mixed,active
may lagnat,Fever,mixed,active
ginainitan,Fever,mixed,active
ubo,Cough,mixed,active
gaubo,Cough,mixed,active
ginaubo,Cough,mixed,active
nagauba,Cough,mixed,active
ginauubo,Cough,mixed,active
may ubo,Cough,mixed,active
ubo-ubo,Cough,mixed,active
sip-on,Runny Nose,mixed,active
sipon,Runny Nose,mixed,active
may sip-on,Runny Nose,mixed,active
ginapanuhot,Runny Nose,mixed,active
panuhot,Runny Nose,mixed,active
barado ilong,Runny Nose,mixed,active
budlay ginhawa,Difficulty Breathing,mixed,active
budlay magginhawa,Difficulty Breathing,mixed,active
budlay gid ginhawa,Difficulty Breathing,mixed,active
budlay gid ang ginhawa,Difficulty Breathing,mixed,active
indi ko kaginhawa,Difficulty Breathing,mixed,active
indi makaginhawa,Difficulty Breathing,mixed,active
dula ginhawa,Difficulty Breathing,mixed,active
ginakapos ginhawa,Difficulty Breathing,mixed,active
ginahapo,Difficulty Breathing,mixed,active
hapo,Difficulty Breathing,mixed,active
masakit dughan,Chest Pain,mixed,active
gasakit dughan,Chest Pain,mixed,active
sakit dughan,Chest Pain,mixed,active
hapdi dughan,Chest Pain,mixed,active
masakit dibdib,Chest Pain,mixed,active
masakit akon dughan,Chest Pain,mixed,active
masakit tiyan,Abdominal Pain,mixed,active
gasakit tiyan,Abdominal Pain,mixed,active
sakit tiyan,Abdominal Pain,mixed,active
masakit akon tiyan,Abdominal Pain,mixed,active
gapalanakit tiyan,Abdominal Pain,mixed,active
gasakit ulo,Headache,mixed,active
gapalanakit ulo,Headache,mixed,active
sakit ulo,Headache,mixed,active
masakit ulo,Headache,mixed,active
lipong ulo,Headache,mixed,active
gasuka,Vomiting,mixed,active
ginasuka,Vomiting,mixed,active
nagasuka,Vomiting,mixed,active
naga suka,Vomiting,mixed,active
gapalanuka,Vomiting,mixed,active
ginsuka,Vomiting,mixed,active
suka,Vomiting,mixed,active
ginakulba,Nausea,mixed,active
kulba,Nausea,mixed,active
ginakulba ko,Nausea,mixed,active
daw magasuka,Nausea,mixed,active
ginakalipong,Dizziness,mixed,active
lipong,Dizziness,mixed,active
nagakalipong,Dizziness,mixed,active
kalipong,Dizziness,mixed,active
naluya,Weakness,mixed,active
ginapangluya,Weakness,mixed,active
luya,Weakness,mixed,active
kapoy,Weakness,mixed,active
kapoy gid,Weakness,mixed,active
ginakapoy,Weakness,mixed,active
gahubag,Swelling,mixed,active
hubag,Swelling,mixed,active
ginahubag,Swelling,mixed,active
nagahubag,Swelling,mixed,active
ginakurog,Chills,mixed,active
nagakurog,Chills,mixed,active
kurog,Chills,mixed,active
ginakulba lawas,Chills,mixed,active
may dugo sa suka,Vomiting Blood,mixed,active
nagsuka dugo,Vomiting Blood,mixed,active
dugo sa suka,Vomiting Blood,mixed,active
may dugo sa ihi,Blood in Urine,mixed,active
dugo sa ihi,Blood in Urine,mixed,active
pula ihi,Blood in Urine,mixed,active
may dugo sa dumi,Blood in Stool,mixed,active
dugo sa tae,Blood in Stool,mixed,active
dugo sa dumi,Blood in Stool,mixed,active
budlay tulog,Insomnia,mixed,active
indi makatulog,Insomnia,mixed,active
wala tulog,Insomnia,mixed,active
nagabudlay lakat,Difficulty Walking,mixed,active
budlay maglakat,Difficulty Walking,mixed,active
indi makalakat,Difficulty Walking,mixed,active
naga tae,Diarrhea,mixed,active
tae-tae,Diarrhea,mixed,active
malusaw tae,Diarrhea,mixed,active
nagakalibang,Diarrhea,mixed,active
sakit tutunlan,Sore Throat,mixed,active
hapdi tutunlan,Sore Throat,mixed,active
masakit tutunlan,Sore Throat,mixed,active
sakit lawas,Body Pain,mixed,active
masakit lawas,Body Pain,mixed,active
gapalanakit lawas,Body Pain,mixed,active
paminsa,Body Pain,mixed,active
panganud,Rash,mixed,active
gahubag panit,Rash,mixed,active
kalapata,Rash,mixed,active
pantal,Rash,mixed,active
sakit dulunggan,Ear Pain,mixed,active
masakit dulunggan,Ear Pain,mixed,active
sakit mata,Eye Pain,mixed,active
masakit mata,Eye Pain,mixed,active
sakit likod,Back Pain,mixed,active
masakit likod,Back Pain,mixed,active
hapdi mag-ihi,Painful Urination,mixed,active
sakit mag-ihi,Painful Urination,mixed,active
masakit ihi,Painful Urination,mixed,active
naga pitik dughan,Palpitations,mixed,active
madasig pitik,Palpitations,mixed,active
naguyam,Seizure,mixed,active
ginsuyam,Seizure,mixed,active
nagauyam,Seizure,mixed,active
nadulaan malay,Loss of Consciousness,mixed,active
nagpunaw,Loss of Consciousness,mixed,active
wala malay,Loss of Consciousness,mixed,active
nagadugo,Bleeding,mixed,active
gadugo,Bleeding,mixed,active
grabe nagadugo,Bleeding,mixed,active
nilalagnat,Fever,mixed,active
mataas ang lagnat,Fever,mixed,active
mainit ang katawan,Fever,mixed,active
inuubo,Cough,mixed,active
umiubo,Cough,mixed,active
may sipon,Runny Nose,mixed,active
baradong ilong,Runny Nose,mixed,active
hirap huminga,Difficulty Breathing,mixed,active
nahihirapang huminga,Difficulty Breathing,mixed,active
kapos ang paghinga,Difficulty Breathing,mixed,active
hindi makahinga,Difficulty Breathing,mixed,active
sakit sa dibdib,Chest Pain,mixed,active
masakit ang dibdib,Chest Pain,mixed,active
pananakit ng dibdib,Chest Pain,mixed,active
sakit ng tiyan,Abdominal Pain,mixed,active
masakit ang tiyan,Abdominal Pain,mixed,active
sakit sa tiyan,Abdominal Pain,mixed,active
sakit ng ulo,Headache,mixed,active
masakit ang ulo,Headache,mixed,active
sumasakit ang ulo,Headache,mixed,active
nagsusuka,Vomiting,mixed,active
pagsusuka,Vomiting,mixed,active
sumuka,Vomiting,mixed,active
nasusuka,Nausea,mixed,active
nakakaramdam ng pagduduwal,Nausea,mixed,active
nahihilo,Dizziness,mixed,active
hilo,Dizziness,mixed,active
umaaligid ang paningin,Dizziness,mixed,active
nahihina,Weakness,mixed,active
panghihina,Weakness,mixed,active
pagod na pagod,Weakness,mixed,active
pagtatae,Diarrhea,mixed,active
nagtatae,Diarrhea,mixed,active
matubig na dumi,Diarrhea,mixed,active
masakit ang lalamunan,Sore Throat,mixed,active
sakit ng lalamunan,Sore Throat,mixed,active
sakit ng katawan,Body Pain,mixed,active
pananakit ng katawan,Body Pain,mixed,active
nagsusuka ng dugo,Vomiting Blood,mixed,active
umuubo ng dugo,Coughing Blood,mixed,active
may dugo sa plema,Coughing Blood,mixed,active
nahimatay,Fainting,mixed,active
nawalan ng malay,Fainting,mixed,active
dumudugo,Bleeding,mixed,active
matinding pagdurugo,Bleeding,mixed,active
buntis at dumudugo,Pregnancy Bleeding,mixed,active
may dugo habang buntis,Pregnancy Bleeding,mixed,active
